{"thread_id": "580321268957884416", "text_thread": [[580321268957884416, "EIL +++ Airbus von Germanwings auf der Strecke von Barcelona nach D\u00fcsseldorf abgest\u00fcrzt. Mehr als 140 Menschen an Bord. Mehr @welt + @N24"], [580376730080272384, "@jep_ @Fresse_Presse @welt @N24 vereiste Sonden wie schon \u00f6fter bei Airbus?"], [580322385158619136, "@jep_ @N24 @welt wann wird es von L\u00fcgenpresse dem Putin in die Schuld geschoben?"], [580323428688883712, "@jep_ @welt @N24 148 nicht 140"], [580370222479200257, "@jep_ @welt @N24 Pardon! Was ist genau passiert? Lieber guter Gott sei bei den  Angeh\u00f6rigen!"], [580368800576569344, "@jep_ @welt @N24 Ich bin schockiert! Was war die Uhrsache?"], [580326452731596800, "@jep_ @NickHeidfeld @welt @N24 http://t.co/tGECQrhXvs"]], "node_mapping": {"580321268957884416": 0, "580376730080272384": 1, "580322385158619136": 2, "580323428688883712": 3, "580370222479200257": 4, "580368800576569344": 5, "580326452731596800": 6}, "edges": [[0, 2], [0, 3], [0, 6], [0, 5], [0, 4], [0, 1]]}