{"thread_id": "580322732669288448", "text_thread": [[580322732669288448, "In diesen Minuten sollte Flug #4U9525 in D\u00fcsseldorf landen. Hier die ersten Infos zum Absturz: http://t.co/dxhq0UOiQg http://t.co/72dt0hc7IX"], [580337496627757056, "@BILD_News omggg mein Herzliches Beileid es ist soo schlimm"], [580325118704033792, "@BILD_News @BILD Jetzt geht los. Die Horror\u00fcbertreibungen der Bild Redaktion"], [580326180773105664, "@BILD_News zu verr\u00fcckt..."], [580329779221626880, "@BILD_News @BILD"]], "node_mapping": {"580322732669288448": 0, "580337496627757056": 1, "580325118704033792": 2, "580326180773105664": 3, "580329779221626880": 4}, "edges": [[0, 2], [0, 3], [0, 4], [0, 1]]}