{"thread_id": "580320329203093504", "text_thread": [[580320329203093504, "#A320 @Germanwings flight #4U9525 (registration D-AIPX) was lost from @Flightradar24 at 6800 feet at 09.39 UTC time. http://t.co/5Gv9lXJZW8"], [580321040108118016, "@YanniKouts @germanwings @flightradar24 A bit low for cruising altitude?"], [580321629621915648, "@YanniKouts\nA320 van #Germanwings neergestort in Franse Alpen Alpes des Hautes Provence."], [580320634586165248, "@YanniKouts @oemoral @germanwings @flightradar24 Plane crashed near Digne, South of France according to local police."]], "node_mapping": {"580320329203093504": 0, "580321040108118016": 1, "580321629621915648": 2, "580320634586165248": 3}, "edges": [[0, 3], [0, 1], [0, 2]]}