{"thread_id": "580320009316089856", "text_thread": [[580320009316089856, "Germanwings-Airbus in Frankreich abgest\u00fcrzt http://t.co/YYwWEuBO43 #Germanwings"], [580354727818485760, "@tagesschau Ewige Ruhe schenke ihnen, o Herr; und das ewige Licht leuchte ihnen; lasse sie ruhen in Frieden! \n#RIP #Germanwings"], [580324822066077696, "Fruktansv\u00e4rt! RT \u201c@tagesschau: Germanwings-Airbus in Frankreich abgest\u00fcrzt http://t.co/oCvM7HxsSS #Germanwings\u201d"], [580343120765816832, "\u201c@tagesschau: Germanwings-Airbus in Frankreich abgest\u00fcrzt http://t.co/HNSs6nEdbh #Germanwings\u201d Furchtbar traurig :("], [580324780064243712, "@tagesschau Oh nein!!! Ich hoffe es ist nur ein irrtum! Aber wie es aussieht ist es war..."], [580322279269203968, ":( \u201c@tagesschau: Germanwings-Airbus in Frankreich abgest\u00fcrzt http://t.co/8wbv5vpipX #Germanwings\u201d"], [580325227520983040, "@tagesschau Was ist denn da jetzt schief gelaufen?"], [580323964234391552, "#Schock... @tagesschau: Germanwings-Airbus in Frankreich abgest\u00fcrzt http://t.co/yO2L6UhDru #Germanwings"], [580325374065692672, "Fruktansv\u00e4rt! RT \u201c@tagesschau: Germanwings-Airbus in Frankreich abgest\u00fcrzt http://t.co/oCvM7HfRui #Germanwings\u201d"], [580321361140297730, "@tagesschau RIP."], [580344119236673536, "\u201c@tagesschau: Germanwings-Airbus in Frankreich abgest\u00fcrzt http://t.co/8Gxnoiq1PH #Germanwings\u201d \ud83d\ude31\ud83d\ude31\ud83d\ude30"]], "node_mapping": {"580320009316089856": 0, "580354727818485760": 1, "580324822066077696": 2, "580343120765816832": 3, "580324780064243712": 4, "580322279269203968": 5, "580325227520983040": 6, "580323964234391552": 7, "580325374065692672": 8, "580321361140297730": 9, "580344119236673536": 10}, "edges": [[0, 9], [0, 5], [0, 7], [0, 4], [0, 2], [0, 6], [0, 8], [0, 3], [0, 10], [0, 1]]}