{"thread_id": "580331000573476865", "text_thread": [[580331000573476865, "My heart goes out to the victims of GermanWings crashed near Marseille, France. 142 passengers, 6crew all feared dead http://t.co/8HbQacJ3id"], [580333314168397824, "@Baekyeoliee BREAKING - Germanwings plane crashes in France, up to 150 believed dead\nhttp://t.co/HWyOPGobie"], [580363231312506880, "@Baekyeoliee @precious_luhan when it happen?"]], "node_mapping": {"580331000573476865": 0, "580333314168397824": 1, "580363231312506880": 2}, "edges": [[0, 1], [0, 2]]}