{"thread_id": "580320890086383616", "text_thread": [[580320890086383616, "Reports of a plane crash near the French Alps, a GermanWings A320 http://t.co/WDso9Euyhp http://t.co/mpNENahmaW"], [580335905191366656, "@Steve_Gwen just home"], [580353916606496768, "@Steve_Gwen just tweeted that haha snap"], [580327524229599232, "@cruevertonian I'll be home soon I'll check sky news"], [580342295247060992, "@JulieB_LFC those poor people."], [580343434222936065, "@JulieB_LFC it all seems very odd, must of had a masive drop in pressure, they would have to get bellow 10000 ft to breathe."], [580323016162172928, "\u201c@planefinder: Reports of a plane crash near the French Alps,GermanWings A320 http://t.co/ck9vxtZznK http://t.co/0vd82EaZPJ\u201d @cruevertonian"], [580344221091147776, "@Steve_Gwen says there was a sudden loss of altitude and the plane might Id stalked even tho it's rare for that plane.. It's mad"], [580324186960347137, "@Steve_Gwen 180 on board just checking accounts now"], [580326213761282049, "@Steve_Gwen \ud83d\ude02\ud83d\ude02 look at my RTs"], [580340089223528448, "@tuggysts11 very.. No survivors"], [580325244185022464, "@Steve_Gwen im not at home so not sure be hone soon I'll check sky"], [580324033213890560, "@JulieB_LFC  Think it was near a french village"], [580325572607393793, "@JulieB_LFC French president recons they are all dead."], [580342629910626304, "@JulieB_LFC It went down fairly rapidly..."], [580346044174753793, "@JulieB_LFC yes it's been a bad year, they are safe planes too."], [580345407668109312, "@Steve_Gwen it's crazy.. Too many air crashes these days"], [580325983644983296, "@JulieB_LFC Well you best hurry, how am o supposed to discuss planes with you lol."], [580325037472890880, "@JulieB_LFC is it on the news?"], [580342747346964480, "@tuggysts11 yeah seen that.. Apparently there wasn't time for a sqwak to be sent it happened that fast"], [580342571093893120, "@Steve_Gwen apparently it happened that fast there wasn't time for a squawk to be sent .."], [580326584068018176, "@JulieB_LFC ok but shouldn't we go for dinner first lol"], [580328377246183424, "@JulieB_LFC Came down fast from 38000 ft my god wonder what caused it..."], [580353809819521024, "@JulieB_LFC it dropped 5000ft per minute airline press conference at two."], [580326090163523584, "@cruevertonian jesus..U see how fast it went down?"], [580345105707593728, "@JulieB_LFC yeah I know, they did manage a mayday, but they said it plummeted."], [580331482767589376, "@JulieB_LFC sky news are covering it."], [580327551991721984, "@Steve_Gwen \ud83d\ude02\ud83d\ude02"], [580343159781232640, "@JulieB_LFC They'll no doubt find the black box and hopefully find out the cause....."], [580339630563790848, "@JulieB_LFC Sad news...."]], "node_mapping": {"580320890086383616": 0, "580335905191366656": 1, "580353916606496768": 2, "580327524229599232": 3, "580342295247060992": 4, "580343434222936065": 5, "580323016162172928": 6, "580344221091147776": 7, "580324186960347137": 8, "580326213761282049": 9, "580340089223528448": 10, "580325244185022464": 11, "580324033213890560": 12, "580325572607393793": 13, "580342629910626304": 14, "580346044174753793": 15, "580345407668109312": 16, "580325983644983296": 17, "580325037472890880": 18, "580342747346964480": 19, "580342571093893120": 20, "580326584068018176": 21, "580328377246183424": 22, "580353809819521024": 23, "580326090163523584": 24, "580345105707593728": 25, "580331482767589376": 26, "580327551991721984": 27, "580343159781232640": 28, "580339630563790848": 29}, "edges": [[0, 6], [6, 12], [6, 29], [12, 8], [8, 18], [8, 13], [18, 11], [11, 17], [17, 9], [9, 21], [21, 27], [27, 22], [27, 26], [26, 1], [1, 4], [4, 20], [20, 5], [5, 7], [7, 25], [25, 16], [16, 15], [16, 23], [23, 2], [29, 10], [10, 14], [14, 19], [19, 28]]}