{"thread_id": "580322927679279105", "text_thread": [[580322927679279105, "BREAKING: German air traffic control confirms to NBC NEws that a Germanwings flight has crashed in France. http://t.co/QbF4sKLTCX"], [580790365663338496, "@CNBCnow @Siestoylista As someone that worked in communications in the AF I assure everyone 8 minutes is long enough to issue Mayday, so wth"], [580333472549617664, "France's Interior Ministry says debris located in Alpine jet crash at 2,000 meters altitude. http://t.co/QbF4sKLTCX"], [580336741158014977, "@CNBCnow @CNBC sad when debris field is found"], [580426664729034752, "@CNBCnow damn"], [580420693743009792, "@CNBCnow Possible explanation? #incapacitated #aerotoxic http://t.co/lc8B2vIsx0"], [580790566012616704, "@CNBCnow @Siestoylista MSM is portraying their lack of communications normal in emergency situation which is \"SO\" wrong...and curious"], [580484174857003008, "@CNBCnow So sad. Such a tragedy. 2 babies and 16 high school students....:( God help and strengthen all the families"], [580493675681173505, "@CNBCnow  Prayers for all...."], [580341898402877440, "@CNBCnow @CNBC \nWhy is Joe Keenan such an asshole.\nHis knowledge is dangerously biased. Get him off the air..."], [580337694531842049, "airport 2015///@CNBCnow @CNBC"], [580326215552253952, "BREAKING: French President Hollande says no survivors expected from plane crash. http://t.co/QbF4sKLTCX"], [580711206706634752, "@CNBCnow So sad for the 83 humans who dies there!!!\nBUT...who cares about that there are 67 UKRA-NAZI-SUPPORTING human-imitates left today??"], [580790762662715392, "@dreamcatcher5 @CNBCnow  the next 60 second it's just a test! Tune in"], [580436587017859072, "@CNBCnow terible http://t.co/DqKqs3e7OQ"], [580504915560275970, "@CNBCnow i think is all fan of Real Madrid  and Barcelona"], [580522272169070592, "@CNBCnow Here we go again I knew this happy was 2 good 2 be true."], [580471717413429248, "@CNBCnow tragic may they rest in peace and my condolences to there love ones.\ud83d\ude22@wrosarion"], [580391340976041985, "@cnbcnow ,it's very sad for acountry to experince such situation at this time,lets join hand together for prayers."], [580508379489128448, "@CNBCnow @HaroldWNelson has anyone else noticed that these crashes always coincide with news the rw wants to distract the media/public from"], [580329894418116608, "\ud83d\ude22 \u201c@CNBCnow: BREAKING: French President Hollande says no survivors expected from plane crash. http://t.co/jNpl7Uq1dT\u201d"]], "node_mapping": {"580322927679279105": 0, "580790365663338496": 1, "580333472549617664": 2, "580336741158014977": 3, "580426664729034752": 4, "580420693743009792": 5, "580790566012616704": 6, "580484174857003008": 7, "580493675681173505": 8, "580341898402877440": 9, "580337694531842049": 10, "580326215552253952": 11, "580711206706634752": 12, "580790762662715392": 13, "580436587017859072": 14, "580504915560275970": 15, "580522272169070592": 16, "580471717413429248": 17, "580391340976041985": 18, "580508379489128448": 19, "580329894418116608": 20}, "edges": [[0, 11], [0, 9], [0, 18], [0, 5], [0, 4], [0, 14], [0, 17], [0, 7], [0, 8], [0, 15], [0, 19], [0, 16], [0, 12], [0, 1], [0, 6], [11, 20], [11, 2], [11, 10], [2, 3], [1, 13]]}