{"thread_id": "580318938996740096", "text_thread": [[580318938996740096, "142 passengers on board GermanWings plane which has crashed in French Alps, according to AFP"], [580336266014666753, "@hamishNews BREAKING - Germanwings plane crashes in France, up to 150 believed dead\nhttp://t.co/HWyOPGobie"], [580320459801149440, "@hamishNews geezuz."], [580319320464596992, "Airbus A320. RT @hamishNews: 142 passengers on board GermanWings plane which has crashed in French Alps, according to AFP"], [580320765192482817, "@hamishNews Oh No not another plane down \ud83d\ude01\ud83d\ude33"]], "node_mapping": {"580318938996740096": 0, "580336266014666753": 1, "580320459801149440": 2, "580319320464596992": 3, "580320765192482817": 4}, "edges": [[0, 3], [0, 2], [0, 4], [0, 1]]}