{"thread_id": "580360165540642816", "text_thread": [[580360165540642816, "@FRANCE24 reporter James Andr\u00e9 at French Civil Aviation Authority HQ: \"#Germanwings plane did NOT report distress signal\", no mayday."], [580361957502517248, "@RichelleVHP Safety record is not perfect. http://t.co/928i3ln8bl @France24_en @FRANCE24"], [580361402663231488, ".@RichelleVHP @France24_en @FRANCE24 Please take Hashtag #4U9525 for #Germanwings Plane crash. Thank you"]], "node_mapping": {"580360165540642816": 0, "580361957502517248": 1, "580361402663231488": 2}, "edges": [[0, 2], [0, 1]]}