{"thread_id": "580352532167311362", "text_thread": [[580352532167311362, "148 people were on board the #Germanwings plane which crashed in the French Alps. Here's what we know so far http://t.co/5sZVPg9XFR"], [580354402990587904, "@LonWasBer @SkyNews It's not uncommon for planes to fly into their 20s."], [580410082019672066, "@SkyNews get your numbers right for goodness sake!"], [580365125653278720, "@SkyNews @RobPortley"], [580456545529528321, "@RobPortley @SkyNews fack bad buzz, will you DM the tunes soon pls?"], [580358923330416642, "@SkyNews R I P sad news"], [580355262894080001, "@SkyNews G-d speed. Very sad news"], [580352926645772288, "@SkyNews 144 + 6 = 150. Why just 148?"], [580357309785907200, "@SkyNews A Germanwings Airbus A320 plane carrying at least 148 people crashed in mountainous southeastern France...\nhttp://t.co/M63s9jKvOI"], [580356393892495360, "@SkyNews  reminds me of Lufhansa A321 2014     Auto pilot descends plane rapidly"]], "node_mapping": {"580352532167311362": 0, "580354402990587904": 1, "580410082019672066": 2, "580365125653278720": 3, "580456545529528321": 4, "580358923330416642": 5, "580355262894080001": 6, "580352926645772288": 7, "580357309785907200": 8, "580356393892495360": 9}, "edges": [[0, 7], [0, 6], [0, 9], [0, 8], [0, 5], [0, 3], [0, 2]]}