{"thread_id": "580330740086243328", "text_thread": [[580330740086243328, "The French president has said he believed none of the 148 people on board #Germanwings flight #4U9525 plane survived http://t.co/KC9NBcEzSV"], [580335149423955968, "@abcnews wow France is having a shocker of a year"], [580351795156774913, "@abcnews 20 000 people march all over Australia to stop closing aboriginal communities and where were all media and you ABC?? Sleeping......"], [580333363807956992, "@abcnews BREAKING - Germanwings plane crashes in France, up to 150 believed dead\nhttp://t.co/HWyOPGobie"], [580333611653591040, "@abcnews Sad news \ud83d\ude14 may they all rest in peace. Thoughts and prayers for the families of all the deceased. #Germanwings #4U925"], [580350402664615937, "@abcnews http://t.co/ezqDfe9ZOK"]], "node_mapping": {"580330740086243328": 0, "580335149423955968": 1, "580351795156774913": 2, "580333363807956992": 3, "580333611653591040": 4, "580350402664615937": 5}, "edges": [[0, 3], [0, 4], [0, 1], [0, 5], [0, 2]]}