{"thread_id": "580348878370828288", "text_thread": [[580348878370828288, "BREAKING Authorities confirm last words from #germanwings #4U9525 A320 distress call were \"emergency, emergency\" http://t.co/wFg8KTSve2"], [580349579721310208, "@airlivenet @JulieB_LFC really sad"], [580351226954555392, "@airlivenet @wmiddelkoop btw, anyone know last words #MH17 ? Oh wait\u2026 Kiev refuses to release ATC tapes. Which seems to be OK w/ everyone\u2026"], [580368792347279360, "@tomaatman liar. #MH17 CVR with Dutch Safety Board. Normal flight ops indicated on CVR.  @airlivenet @wmiddelkoop"], [580379506214588416, "@tomaatman @airlivenet @wmiddelkoop\n\nNot liar, uninformed\n\n#MH17 under Kiev ATC on entry (not released)\nThen under Ukr's Dnipro ATC b4 crash"], [580381154957725696, "@CT4444 @airlivenet @wmiddelkoop troll blocked long ago ;)"], [580496044947070979, "@airlivenet @nilsrompen"], [580350657917505536, "@iomguiM @airlivenet Very strange.."], [580349473747918848, "@airlivenet @AhronYoung I broke that news over 50 mins ago :p"], [580349946580328448, "Se confirma que desde el #Airbus320 se mandaron varios mensajes de socorro antes de anticipar un aterrizaje de emergencia (v\u00eda @airlivenet)"], [580349735556554752, "@airlivenet this is not a regular emergency message ... \"Mayday\" or \"pan pan\" but never \"emergency emergency\" ..."], [580349974497611776, "\u201c@airlivenet: BREAKING Authorities confirm last words from #germanwings #4U9525 A320 distress call were \"emergency, emergency\" @PIX11News"]], "node_mapping": {"580348878370828288": 0, "580349579721310208": 1, "580351226954555392": 2, "580368792347279360": 3, "580379506214588416": 4, "580381154957725696": 5, "580496044947070979": 6, "580350657917505536": 7, "580349473747918848": 8, "580349946580328448": 9, "580349735556554752": 10, "580349974497611776": 11}, "edges": [[0, 8], [0, 1], [0, 10], [0, 9], [0, 11], [0, 2], [0, 6], [10, 7], [2, 3], [2, 4], [4, 5]]}