{"thread_id": "580366761398239232", "text_thread": [[580366761398239232, "Germanwings Airbus A320 plane crash: Two babies and 16 children among 150 dead http://t.co/UGlaM0vpoK http://t.co/9yCcn7Hzz8"], [580491261435637760, "@DailyMirror #RIP \ud83d\ude14\ud83c\udf39"], [580378993779703808, "\ud83d\ude25\ud83d\ude25\ud83d\ude25 \u201c@DailyMirror: Germanwings Airbus A320 plane crash: Two babies and 16 children among 150 dead http://t.co/bQPToKxM94\u201d"], [580367666646511616, "@DailyMirror My heart goes out to all those who've lost loved ones."]], "node_mapping": {"580366761398239232": 0, "580491261435637760": 1, "580378993779703808": 2, "580367666646511616": 3}, "edges": [[0, 3], [0, 2], [0, 1]]}