{"thread_id": "580326653211074561", "text_thread": [[580326653211074561, "Traurige Nachricht. Ein #Germanwings-Airbus A320 ist in S\u00fcdfrankreich mit 142 Passagieren  abgest\u00fcrzt. http://t.co/qi55sR2zVA"], [580327769864818688, "@sixxTV  Das ist ganz furchtbar was passiert ist und auch f\u00fcr die Angeh\u00f6rigen . Dem spreche ich mein herzliches Beileid aus \ud83d\ude22\ud83d\ude22\ud83d\ude22"], [580402125978628096, "@sixxTV Ach du Scheisse \ud83d\ude22Mein Beileid an die Angeh\u00f6rigen"]], "node_mapping": {"580326653211074561": 0, "580327769864818688": 1, "580402125978628096": 2}, "edges": [[0, 1], [0, 2]]}