{"thread_id": "580347290633838592", "text_thread": [[580347290633838592, "UPDATE: Germanwings says 144 passengers and 6 crew members were aboard the jet that crashed in France. http://t.co/QbF4sKLTCX"], [580753145162137600, "@CNBCnow @erikdurmm @nicolesrichie @delenasanarchy"], [580350610609823744, "@CNBCnow @CNBC quite unfortunate ,we join with the  affected people and families and pray for them"]], "node_mapping": {"580347290633838592": 0, "580753145162137600": 1, "580350610609823744": 2}, "edges": [[0, 2], [0, 1]]}