{"thread_id": "580319005703069696", "text_thread": [[580319005703069696, "Several European news agencies reporting an accident involving a Germanwings Airbus A320 in southern France. Developing... #breaking"], [580320249972727808, "@NYCAviation more and more running with it \ud83d\ude1e @minefornothing: 142 PEOPLE ON BOARD GERMANWINGS AIRBUS A320 THAT CRASHED IN SOUTHERN FRANCE"], [580336215833980929, "@NYCAviation BREAKING - Germanwings plane crashes in France, up to 150 believed dead\nhttp://t.co/HWyOPGobie"]], "node_mapping": {"580319005703069696": 0, "580320249972727808": 1, "580336215833980929": 2}, "edges": [[0, 1], [0, 2]]}