{"thread_id": "580360761396035585", "text_thread": [[580360761396035585, "Unter Opfern wohl 16 Sch\u00fcler, 2 Lehrerinnen des Joseph-K\u00f6nig-Gymnasiums #Haltern. Sie kamen vom Sch\u00fcleraustausch. #4U9525 #germanwings"], [580376290953465856, "@MB4umi Ich meine Menschen, die in ganz Deutschland verstreut sind. Glaub mir einfach. Mein Beileid geht an alle Betroffenen."], [580368373479014400, "@TanteGrit sind schon alle informiert. Garantiere ich dir"], [580371302088904704, "@MB4umi Alle? Wohl kaum. Es gibt Menschen, die nicht direkt am Gate warten und noch gar nichts wissen."], [580372608262258689, "@TanteGrit Ich komme aus Haltern und war bis vor einer Stunde an der Schule. Glaub mir einfach."], [580362160292769793, "@BILD_Ruhrgebiet Ihr seid wirklich dumm wie Schifferscheisse!"], [580361336577769472, "@BILD_Ruhrgebiet Seid ihr eigentlich v\u00f6llig meschugge? Sollen Angeh\u00f6rige und Freunde so etwas \u00fcber Twitter erfahren?"]], "node_mapping": {"580360761396035585": 0, "580376290953465856": 1, "580368373479014400": 2, "580371302088904704": 3, "580372608262258689": 4, "580362160292769793": 5, "580361336577769472": 6}, "edges": [[0, 6], [0, 5], [6, 2], [2, 3], [3, 4], [4, 1]]}