{"thread_id": "580327923128877056", "text_thread": [[580327923128877056, "Laut Frankreichs Staatschef Hollande gibt es beim #Germanwings-Absturz wohl keine \u00dcberlebenden. Infos: http://t.co/cHEH3vaQP8"], [580702329567113216, "@HansTheGerman Wie gesagt, ich habe mich auch gewundert \u00fcber die Route.\n\nAber es scheint doch zu viel Verkehr zu sein am Himmel."], [580703161192734720, "@HansTheGerman Wei\u00df ja keiner, was nun passiert ist. Spekulationen, wieso 8 Minuten Sinkflug, ohne Notruf abzusetzen."], [580337853961494528, "@SPIEGELONLINE  Die Nachricht hat uns sehr traurig gemacht. Herzliches Beileid :("], [580701783896547328, "@HansTheGerman Mit dem Privatflugzeug?\nMit einem \u00e4hnlich gro\u00dfen oder einer kleinen Maschine? Da w\u00e4re die Flugh\u00f6he geringer."], [580690965565935617, "@HansTheGerman Das habe ich gestern auch schon gefragt.\nSelbst wenn Absturz passiert, kann in flachem Gel\u00e4nde besser gerettet werden."], [580690224700874752, "@SPIEGELONLINE Warum m\u00fcssen #Luftstrassen ausgerechnet \u00fcber die #Alpen gef\u00fchrt werden, wo es keine Notlandung geben kann!? #germanwings"], [580328503847067648, "@SPIEGELONLINE ich frage mich warum Hollande dazu schon was sagt wenn es noch nicht von @germanwings best\u00e4tigt wurde.."], [580702589324554240, "@HansTheGerman Wenn man den Absturz aber nicht vermeiden kann, ist dennoch im Flachland die Rettung einfacher."], [580691143383494657, "@HansTheGerman Ist wohl einfach viel zu viel Verkehr in der Luft."], [580331308955615232, "@SPIEGELONLINE Hollande hat sogar weil es auf Franz\u00f6sichen Territorium passiert ist , Staatstrauer angeordnet"], [580694269691891712, "@Ker8Mel Das kann nicht der Grund sein! W\u00fcrde ich mit Privatflugzeug doch auch nicht machen. Luftlinie Barcelona - D\u00fcsseldorf \u00fcber Flachland"], [580695526171140096, "@Ker8Mel @HansTheGerman Vor allem erst schon einmal gelandet. Vielleicht dadurch Absturz vermeiden!?"]], "node_mapping": {"580327923128877056": 0, "580702329567113216": 1, "580703161192734720": 2, "580337853961494528": 3, "580701783896547328": 4, "580690965565935617": 5, "580690224700874752": 6, "580328503847067648": 7, "580702589324554240": 8, "580691143383494657": 9, "580331308955615232": 10, "580694269691891712": 11, "580695526171140096": 12}, "edges": [[0, 7], [0, 10], [0, 3], [0, 6], [6, 5], [6, 9], [5, 12], [12, 8], [12, 2], [9, 11], [11, 4], [11, 1]]}