{"thread_id": "580697361799876608", "text_thread": [[580697361799876608, "BREAKING: Germanwings CEO: Plane victims included 72 German citizens, 35 Spaniards, 2 Americans."], [580697739777953792, "Updated numbers @AP: BREAKING: #Germanwings CEO: Plane victims included 72 German citizens, 35 Spaniards, 2 Americans."], [580699223055839232, "RT \"@AP BREAKING: Germanwings CEO: Plane victims included 72 German citizens, 35 Spaniards, 2 Americans.\""], [580697798976385024, "\u201c@AP: BREAKING: Germanwings CEO: Plane victims included 72 German citizens, 35 Spaniards, 2 Americans.\u201d"], [580697684295700480, "@AP gee. is it ok to profile in the deutschland?"], [580697644227518464, "\u201c@AP: BREAKING: Germanwings CEO: Plane victims included 72 German citizens, 35 Spaniards, 2 Americans.\u201d"], [580698223054032896, "@AP what about The three people from Mexico?"], [580699854478807040, "@AP Sending love and strength to all the shocked families left behind. \ud83d\ude4f\ud83d\ude14"], [580699224720875520, "@AP @FAANews @AirportKRAL Automated/GPS directed ground control would have aided in the Air China disaster"], [580699334074867713, "@AP May their souls rest in perfect peace"], [580698989974020096, "@AP @FAANews @AirportKRAL Command of the acft would go to ground control if no pilot inputs have been received for X amount of time"], [580698278175502336, "BREAKING: Germanwings CEO: Plane victims included 72 German citizens, 35 Spaniards, 2 Americans. | @AP"], [580698232503672832, "@AP @FAANews @AirportKRAL The Airbus needs to be grounded or made to fly under 15,000 until the oxygen system &amp; bleed air is investigated"], [580698071312400384, "\u201c@AP: BREAKING: Germanwings CEO: Plane victims included 72 German citizens, 35 Spaniards, 2 Americans.\u201d"], [580697657020149760, "\u201c@AP: BREAKING: Germanwings CEO: Plane victims included 72 German citizens, 35 Spaniards, 2 Americans.\u201d"], [580698174790176768, "RT \u201c@AP: BREAKING: Germanwings CEO: Plane victims included 72 German citizens, 35 Spaniards, 2 Americans.\u201d"], [580698056561192960, "Germanwings CEO says that plane victims included 72 German citizens, 35 Spaniards, 2 Americans -- via @AP."], [580698694099451904, "@AP @FAANews @AirportKRAL An automated sys should be installed that takes command of the acft if it goes off course for x amount of time"], [580698288845783041, "@AP Were no British nationalities on board as previously stated?"], [580701244957802496, "@AP plus 1 Turkish citizen.."]], "node_mapping": {"580697361799876608": 0, "580697739777953792": 1, "580699223055839232": 2, "580697798976385024": 3, "580697684295700480": 4, "580697644227518464": 5, "580698223054032896": 6, "580699854478807040": 7, "580699224720875520": 8, "580699334074867713": 9, "580698989974020096": 10, "580698278175502336": 11, "580698232503672832": 12, "580698071312400384": 13, "580697657020149760": 14, "580698174790176768": 15, "580698056561192960": 16, "580698694099451904": 17, "580698288845783041": 18, "580701244957802496": 19}, "edges": [[0, 5], [0, 14], [0, 4], [0, 1], [0, 3], [0, 16], [0, 13], [0, 15], [0, 6], [0, 12], [0, 11], [0, 18], [0, 17], [0, 10], [0, 2], [0, 9], [0, 7], [0, 19], [10, 8]]}