{"thread_id": "581264214809022464", "text_thread": [[581264214809022464, "Islam &amp; Muslims blamed even when neither have anything to do with mass killing.  #Germanwings #GermanWingsCrash http://t.co/DKmNEqzPc7"], [581270990547783684, "Pat Robertson's still ALIVE?\n@KhaledBeydoun"], [581288203312754688, "@absurdistwords @KhaledBeydoun Alive, yes, but do not mistake for an intelligent life form"], [581264655496015872, "@KhaledBeydoun there is no evidence he was MUSLIM"], [581265398508568576, "@KhaledBeydoun \n\nMaybe the pilot was so excited, he forgot to \nyell, \"ALLAHU AKBAR !\" http://t.co/77UZi2hUiq"], [581282640935829504, "@KhaledBeydoun disgraceful for a supposed journalist to try and veer the conversation on tragedy into something so insulting"], [581277212269232128, "How about \"clinging to a mortal coil out of coalesced spite?\" \n\n@ChurchHopJoshua"], [581284040658919424, "@KhaledBeydoun I can understand that feeling but honestly Pat Robertson is an idiotic old man! No one should care what he has to say."], [581289957492322305, "@KhaledBeydoun allah told him to do it."], [581276869623963648, "@KhaledBeydoun @StlGal_36 Robertson has been a caricature of himself for decades"], [581274066012749824, "@KhaledBeydoun lol he wasn't"], [581297122290466816, "@dhtorch smh... Typical though"], [581270990216368128, "@KhaledBeydoun lmao"], [581265773789843457, "@KhaledBeydoun @MEastQuagmire This man (Robertson) is a buffoon."], [581271388125822976, "@absurdistwords @KhaledBeydoun You can't expect nuance (or even curiosity) when there's something so EASY to fall back on, can you?"], [581269028569640961, "@KhaledBeydoun why does it matter if he was or wasn't he is a murder that's all it is has nothing to do with his faith"], [581291617715355648, "@KhaledBeydoun @yasminehajjaji first reaction \ud83d\ude02\ud83d\ude02\ud83d\ude02, but rip to the people #GermanWingsCrash"], [581272299309010944, "@KhaledBeydoun Pat Robertson is an old bat. No one listens to him"], [581276380140163074, "@absurdistwords @KhaledBeydoun well, I wouldn't call it \"living.\""], [581277287930204160, "@absurdistwords lol exactly."], [581269626241318912, "@KhaledBeydoun That picture speaks a 1000 words!  #craycray #ignorance #islamophobia"]], "node_mapping": {"581264214809022464": 0, "581270990547783684": 1, "581288203312754688": 2, "581264655496015872": 3, "581265398508568576": 4, "581282640935829504": 5, "581277212269232128": 6, "581284040658919424": 7, "581289957492322305": 8, "581276869623963648": 9, "581274066012749824": 10, "581297122290466816": 11, "581270990216368128": 12, "581265773789843457": 13, "581271388125822976": 14, "581269028569640961": 15, "581291617715355648": 16, "581272299309010944": 17, "581276380140163074": 18, "581277287930204160": 19, "581269626241318912": 20}, "edges": [[0, 3], [0, 4], [0, 13], [0, 15], [0, 20], [0, 12], [0, 1], [0, 17], [0, 10], [0, 9], [0, 5], [0, 7], [0, 8], [0, 16], [1, 14], [1, 18], [1, 2], [18, 6], [6, 19], [16, 11]]}