{"thread_id": "581293286268129280", "text_thread": [[581293286268129280, "GERMAN NEWS: Co-Pilot of Germanwings Airbus Was MUSLIM CONVERT. Can any muslim be trusted near an airplane now?"], [581298086246395904, "@ShamNaarai @AnewTrackrecord Yup. I'm not trying tobe Islamophobic, but would anyone put their kid on a plane with a muslim pilot?"], [581300431436959744, "@baj5252 @newsytweets @daxtonbrown  I'm retweeting I hope its the truth"], [581298293168295936, "Wow @daxtonbrown: GERMAN NEWS: Co-Pilot of Germanwings Airbus Was MUSLIM CONVERT. Can any muslim be trusted near an airplane now?\u201d"], [581407447031681024, "@fa07af174a71408 @newsytweets @daxtonbrown me too.  We'll see - the whole thing is really really weird."], [581338469496041472, "@daxtonbrown Dont u have anything better to do? What a laughing stock"], [581424557740916736, "@fa07af174a71408 @baj5252 @newsytweets @daxtonbrown it's not true sir but yet again it is very easy to blame us"], [581313996940296192, "@daxtonbrown GERMAN NEWS: Co-Pilot of Germanwings Airbus Was MUSLIM CONVERT \u2026\u2019Hero of Islamic State\u2019? http://t.co/tvzf1CgmWX"], [581440515834413056, "@daxtonbrown @ItsJustJill. It took long enough to admit this. Who was holding it back?"], [581420137724530688, "@raterosie @daxtonbrown @ShamNaarai @AnewTrackrecord that pilot attended mosques in Germany - religion of peace strikes again"], [581314247738687488, "@daxtonbrown \"recent Muslim convert\". Like ComDem \"true believer\". Headshake. God Help US all my friend."], [581299530517192705, "@daxtonbrown @AnewTrackrecord @ShamNaarai I wouldn't put anyone on a bus with a muslim driver much less a plane."], [581300449237667840, "@daxtonbrown @ShamNaarai @AnewTrackrecord a muslim convert? You start these lies.I hope he rots in his hell and you in a prison one if lying"], [581299394340880384, "@daxtonbrown @ShamNaarai @AnewTrackrecord no, nor a two men one."], [581438559401410560, ".@daxtonbrown @ItsJustJill Maybe it will be referred to as \"workplace violence\" since he was at work when he did it."], [581295807346900992, "@daxtonbrown @AnewTrackrecord If TRUE, then we are late in taking conscience of the magnitude of evil brooding upon the civilised world."], [581295555281747968, "@daxtonbrown @AnewTrackrecord NOOOO"], [581307953950527488, "@daxtonbrown The question should be,\" Should any country other than muslim countries hire muslim pilots?\"   @AnewTrackrecord @ShamNaarai"], [581333436473868288, "@daxtonbrown @Welsh58 @ShamNaarai @AnewTrackrecord \nHow would you know the pilot was Muslim?"], [581454776740773888, "@Robs_tweeting @daxtonbrown @ShamNaarai @AnewTrackrecord how do you know?"], [581294486472421376, "@daxtonbrown Can any Muslim be trusted.  The Obama administration is full of them."]], "node_mapping": {"581293286268129280": 0, "581298086246395904": 1, "581300431436959744": 2, "581298293168295936": 3, "581407447031681024": 4, "581338469496041472": 5, "581424557740916736": 6, "581313996940296192": 7, "581440515834413056": 8, "581420137724530688": 9, "581314247738687488": 10, "581299530517192705": 11, "581300449237667840": 12, "581299394340880384": 13, "581438559401410560": 14, "581295807346900992": 15, "581295555281747968": 16, "581307953950527488": 17, "581333436473868288": 18, "581454776740773888": 19, "581294486472421376": 20}, "edges": [[0, 20], [0, 16], [0, 15], [0, 3], [0, 7], [0, 10], [0, 5], [0, 14], [0, 8], [15, 1], [1, 13], [1, 11], [1, 12], [1, 17], [1, 18], [12, 9], [9, 19], [3, 2], [2, 4], [2, 6]]}