{"thread_id": "581386155083620352", "text_thread": [[581386155083620352, "Andreas Lubitiz was 'deemed unsuitable for flight duties' during  training #Germanwings http://t.co/nk5GGyuxaa http://t.co/HQpKZD4DSI"], [581403397183680512, "@Independent SHAME ON OUR SOCIETY ! This was a mental ill man and Lufhansa knew that ! They are the murderers who didn't protect him !!!"], [581391773349597184, "@Independent He was Directing his own18min horror movie with his\"audience\"behind and\"widescreen\"up front.He musthave weird DVD collectn !"], [581387629138169857, "@Independent he was a terrorist who killed innocents  but u won't call him that because he was white and not a Muslim ."], [581388020814897152, "@Independent BTW you messed the name up, which also goes to shows how unnecessary it is to print the real name."], [581397453095583744, "@Independent love stories,songs lyrics,heart touching status: Punjabian Da King  song Dil chandre http://t.co/ALjzBJzObT"], [581388540015149056, "@Independent http://t.co/aLgn6mKMil #Germanwings Why not have a pincode on each flight so that flight crew can access the cockpit?"], [581386711357325312, "@Independent By printing the full name you inflict serious harm on his family and his relatives. This is really disgusting!"], [581404643533709312, "@Independent force him back to work too early?Could stigmatise sufferers.Will some professions be deemed off limits for sufferers? #kneejerk"], [581404016472621056, "@Independent Feel so sorry for everyone concerned.So many issues arising from this.Seriously raises mental health to fore.Did airline 1 of 2"]], "node_mapping": {"581386155083620352": 0, "581403397183680512": 1, "581391773349597184": 2, "581387629138169857": 3, "581388020814897152": 4, "581397453095583744": 5, "581388540015149056": 6, "581386711357325312": 7, "581404643533709312": 8, "581404016472621056": 9}, "edges": [[0, 7], [0, 3], [0, 6], [0, 2], [0, 5], [0, 1], [0, 9], [0, 8], [7, 4]]}