{"thread_id": "581387966125248512", "text_thread": [[581387966125248512, "NEWS #Germanwings co-pilot Andreas Lubitz had serious depressive episode (Bild newspaper) #4U9525 http://t.co/BV21WXdxdb"], [581394943262003200, "@BlarryOfficial @airlivenet absolutely! Well said...."], [581478582955962368, "@airlivenet Never trust @BILD"], [581389841021181952, "@airlivenet Was he a gamer?"], [581388999920586752, "@airlivenet Bild newspaper is yellow press and not a source of reliable information."], [581388533472063488, "@airlivenet Correction: \"@BILD\" is not a newspaper, it's barely comfortable toilet paper at best."], [581389559709245440, "@airlivenet If you want to be reliable never requote \"Bild\". NEVER EVER!"]], "node_mapping": {"581387966125248512": 0, "581394943262003200": 1, "581478582955962368": 2, "581389841021181952": 3, "581388999920586752": 4, "581388533472063488": 5, "581389559709245440": 6}, "edges": [[0, 5], [0, 4], [0, 6], [0, 3], [0, 2], [5, 1]]}