{"thread_id": "581303832895885312", "text_thread": [[581303832895885312, "The #Germanwings co-pilot was not a Muslim, so he could not have been a terrorist. He was depressed. \ud83d\ude12 http://t.co/ySZzpYHuWB"], [581306428553437186, "@JeremyAEllis says who? Can anyone with authority verify that info?"], [581312327640752128, "@phyzal25 Unfortunately, today it is a common indicator. For me, if he had a Basque surname I'd also be suspicious."], [581305134283534337, "@phyzal25 might want to delete that tweet. He was a convert"], [581470074386558976, "\u201c@JeremyAEllis: @phyzal25 might want 2 delete that tweet.He was a convert\u201d no such evidence 2 support allegation.u might wanna delete this \ud83d\ude0c"]], "node_mapping": {"581303832895885312": 0, "581306428553437186": 1, "581312327640752128": 2, "581305134283534337": 3, "581470074386558976": 4}, "edges": [[0, 3], [0, 2], [3, 1], [3, 4]]}