{"thread_id": "581481326110445568", "text_thread": [[581481326110445568, "Waere der selbst-moerderische Co-Pilot Muslim gewesen, man wuerde unweigerlich von einem Attentat sprechen. #4U9525"], [581505845189599233, "@tilsteff Nachdem der Pilot ausgesperrt war, h\u00e4tte er ja machen k\u00f6nnen was er will."], [581490964470075392, "@Augstein Richtigerweise! F\u00fcr Allah t\u00f6ten ist schlie\u00dflich die Spezialit\u00e4t der Rechtgl\u00e4ubigen."], [581489448971567104, "@Augstein\u2194 Wenn die Katze ein Pferd w\u00e4re, k\u00f6nnten wir auf den Baum klettern!"], [581488390367002624, "@LarsOkker @Augstein Lars O.bist wohl selber scharf auf die LETZTEN 72 Jungfrauen, die es noch abschlie\u00dfend geben soll, sp\u00e4ter 36 nur noch?"], [581503047165186048, "@rgomueller Falsch. Er konnte erst handeln, als sein Kollege das Cockpit verlie\u00df. Zielplanung somit nicht m\u00f6glich. #lasttweet"], [581502221289934848, "@tilsteff Er wollte aber die Anzahl der Toten offenbar nicht maximieren, was leicht m\u00f6glich gewesen w\u00e4re. Es war ihm einfach scheissegal."], [581571647913766912, "@NoHerrman  h\u00e4tten die Alliierten ihre Arbeit richtig getan, w\u00e4ren Sie und ihres gleichen uns erspart geblieben"], [581495992807231488, "@Augstein ...Baum reiten!"], [581492204570562560, "Ein Attentat ist #4U9525 auch so, @Augstein, das zeigt das \u00f6ffentlichkeitswirksame Vorgehen des T\u00e4ters. Allein es fehlt bisher das Motiv."], [581486526896447488, "@Augstein @KaiDiekmann Da muss ich Ihnen leider Recht geben. Verr\u00fcckte Welt, gell? So war es\"nur\"ein leidenschaftlicher Pilot aus Montabaur."], [581489102916317184, "@Augstein Warum fragen Journalisten nicht, was eine Baumusterlizenz A320 kostet, wer das bezahlt und was mit dem Kredit bei Krankheit ist?"], [581484284311166976, "@Augstein @NoHerrman W\u00e4re der selbst-m\u00f6rd.Pilot depressiv gewesen, man w\u00fcrde unweigerlich von Selbstmord sprechen. Selbe dumme Schlussfolg."], [581483837168992257, "@Augstein W\u00e4re der Augstein Junior KONVERTIT, Er NIX dummes schwadronieren in DEU, sondern in Syrien ordentlich K\u00c4MPFEN f\u00fcr 72 Jungfrauen!"], [581493346172047360, "@Augstein das liegt daran, dass die grundlegende Definition von Terror schon immer rassistisch war ..."], [581483624043823104, "@Augstein Ihren Verdacht hatte ich in der Tat auch schon. Noch ist er nicht widerlegt."], [581484579804057600, "Stimmt! @Augstein: Waere der selbst-moerderische Co-Pilot Muslim gewesen, man wuerde unweigerlich von einem Attentat sprechen. #4U9525\u201d"], [581484913947467776, "@Jim_Beau_27 @Augstein Oder anders, bei steigender Dunkelheit ist mit Nacht zu rechen, wer viel mit dem Spaten gr\u00e4bt, kommt oft auch tiefer!"], [581492093316685824, "@Augstein weil es nicht Ali war wird verzweifelt nach Entlastung gesucht. Wo bleiben die Opfer, wo sind personalisierte Berichte?Doppelmoral"], [581492868356931584, "@tilsteff @Augstein Als Attent\u00e4ter w\u00e4re er in eine Stadt gerast. Er hat die 149 Toten billigend und gleichg\u00fcltig in Kauf genommen."], [581482021341519872, "@Augstein Nur wenn es religi\u00f6se Motive daf\u00fcr gegeben h\u00e4tte! Co-Pilot war nicht sonderlich religi\u00f6s! Gibt keinerlei Hinweise auf Attentat!"], [581483093267247104, "@augstein Und was wollen Sie damit sagen? W\u00e4re der Tod von 149 Menschen plus einem M\u00f6rder dann anders zu bewerten?"], [581501414075199488, "@rgomueller Es ist doch unerheblich, ob die Get\u00f6teten sich vor oder hinter dem T\u00e4ter befinden. Er war laut #Lufthansa fit, handelte bewusst."], [581502378156912640, "@tilsteff Das unterscheidet ihn meiner Ansicht nach von einem klassischen Attent\u00e4ter."], [581505752952676352, "@tilsteff Keine Ahnung wie das Wetter war, aber bei guter Sicht h\u00e4tte er auch ad hoc irgendein bewohntes Gebiet von Hand anfliegen k\u00f6nnen."], [581486766999367680, "@NoHerrman @Augstein Lass den Quatsch, dieses Thema hier ist zu ernst."], [581487772793454592, "Oder Selbstmordattent\u00e4ter @Augstein: W\u00e4re der selbst-m\u00f6rderische CoPilot Muslim gewesen,man w\u00fcrde unweigerlich von einem Attentat sprechen."]], "node_mapping": {"581481326110445568": 0, "581505845189599233": 1, "581490964470075392": 2, "581489448971567104": 3, "581488390367002624": 4, "581503047165186048": 5, "581502221289934848": 6, "581571647913766912": 7, "581495992807231488": 8, "581492204570562560": 9, "581486526896447488": 10, "581489102916317184": 11, "581484284311166976": 12, "581483837168992257": 13, "581493346172047360": 14, "581483624043823104": 15, "581484579804057600": 16, "581484913947467776": 17, "581492093316685824": 18, "581492868356931584": 19, "581482021341519872": 20, "581483093267247104": 21, "581501414075199488": 22, "581502378156912640": 23, "581505752952676352": 24, "581486766999367680": 25, "581487772793454592": 26}, "edges": [[0, 20], [0, 21], [0, 15], [0, 13], [0, 12], [0, 16], [0, 10], [0, 26], [0, 11], [0, 3], [0, 2], [0, 18], [0, 9], [0, 14], [13, 25], [13, 7], [25, 4], [12, 17], [3, 8], [9, 19], [19, 22], [22, 6], [6, 23], [6, 5], [5, 24], [5, 1]]}