{"thread_id": "524940659778920448", "gold_label": 2, "predicted_label": 0, "tweet_attributions": [{"index": 0, "attribution": 0.21793335676193237, "tweet_id": 524940659778920448, "text": "Attack on Parliament: Soldier shot; gunman on the loose. Follow our developing story: http://t.co/bo99C9HqJE http://t.co/2FXEYtTl8w", "type": "source"}, {"index": 4, "attribution": 0.021649906411767006, "tweet_id": 524943514686464000, "text": "\u201c@globeandmail: Attack on Parliament: Soldier shot; gunman on the loose: http://t.co/tIHEot5TXR http://t.co/HqN84tRbcT\u201d", "type": "direct_reply"}, {"index": 5, "attribution": 0.01905839703977108, "tweet_id": 524943452786929664, "text": "\u201c@globeandmail: Attack on Parliament: Soldier shot; gunman on the loose. http://t.co/h61LKMHmrK \" Not a good week to be a Can soldier :-(", "type": "direct_reply"}, {"index": 3, "attribution": 0.011986911296844482, "tweet_id": 524966301085995008, "text": "\u201c@globeandmail: Attack on Parliament: Soldier shot; gunman on the loose.\u201d Thinking of everyone back home.", "type": "direct_reply"}, {"index": 1, "attribution": 0.006841106340289116, "tweet_id": 524941666411872256, "text": "Soldier shot, shooter still at large MT @globeandmail: Attack on Parliament: Follow our developing story http://t.co/g1FW17t0yP", "type": "direct_reply"}, {"index": 6, "attribution": 0.002321041887626052, "tweet_id": 524971253388816385, "text": "@globeandmail R.I.P\ud83d\ude4f", "type": "direct_reply"}, {"index": 2, "attribution": -0.02300596423447132, "tweet_id": 525100398718484481, "text": "@globeandmail Please remove this picture of Cpl Nathan Cirillo. Let's show this hero some dignity and the respect he deserves!!", "type": "direct_reply"}]}