{"thread_id": "524935485370929152", "gold_label": 0, "predicted_label": 2, "tweet_attributions": [{"index": 9, "attribution": 2.940201997756958, "tweet_id": 524937325932212224, "text": "@Ahmed__Hussain_ @ummsalama15_ There is no media blackout against IS in the US. Please open a newspaper for a change.", "type": "lower_reply"}, {"index": 16, "attribution": 2.6276233196258545, "tweet_id": 524937651229822976, "text": "@rcallimachi @ummsalama15_ news reported by IS journalists dipstick", "type": "lower_reply"}, {"index": 8, "attribution": 2.0742642879486084, "tweet_id": 524937953148403713, "text": "@Ahmed__Hussain_ @ummsalama15_ To be a journalist, you have to have worked in the profession &amp; abide by its rules. Not just spew propaganda", "type": "lower_reply"}, {"index": 4, "attribution": 1.4102860689163208, "tweet_id": 524936619879849985, "text": "@rcallimachi @ummsalama15_ journalists are not innocent, hence the media blackout against IS by US. Journalism is a crime", "type": "lower_reply"}, {"index": 2, "attribution": 0.9514196515083313, "tweet_id": 524936152902811648, "text": "@rcallimachi @ummsalama15_ is that radical?", "type": "lower_reply"}, {"index": 17, "attribution": 0.5774751901626587, "tweet_id": 524935708814086144, "text": "@rcallimachi @ummsalama15_ what's a radical", "type": "direct_reply"}, {"index": 5, "attribution": 0.4565906524658203, "tweet_id": 524937423420411904, "text": "@rcallimachi @Ahmed__Hussain_ @ummsalama15_ true BUT what about the one who presses the missile button knowing innocents will be slaughters?", "type": "lower_reply"}, {"index": 12, "attribution": 0.38010409474372864, "tweet_id": 524938564866682880, "text": "@Ahmed__Hussain_ @ummsalama15_ Some media owned by Jews. Some by Christians. Many by Muslims. You just have 2 have actually worked", "type": "lower_reply"}, {"index": 15, "attribution": 0.3239514231681824, "tweet_id": 524938104327905280, "text": "@rcallimachi @ummsalama15_ sure, yiu just need to work for a jew", "type": "lower_reply"}, {"index": 1, "attribution": 0.2559199035167694, "tweet_id": 524938416086347776, "text": "@rcallimachi @ummsalama15_ Any intelligent individual can understand your bullshit and where you're loyalty lies. It ain't rocket science", "type": "lower_reply"}, {"index": 0, "attribution": 0.1593690812587738, "tweet_id": 524935485370929152, "text": "Shooting in Canadian parliament comes day after ISIS-inspired radical drove in2 Canadian soldier. Also reports of shooting at War memorial/1", "type": "source"}, {"index": 10, "attribution": 0.07853997498750687, "tweet_id": 524937553393512448, "text": "@Eren__Jeager @Ahmed__Hussain_ @ummsalama15_ Foley, Sotloff, Haines, Henning etc are not enemy combatants. Their only weapon was a pen.", "type": "lower_reply"}, {"index": 11, "attribution": 0.06736349314451218, "tweet_id": 524936372889853952, "text": "@rcallimachi @ummsalama15_ how about dropping bombs on Muslims all over the world.  Not radical.", "type": "lower_reply"}, {"index": 13, "attribution": -0.08004812896251678, "tweet_id": 524936215637000192, "text": "@rcallimachi Cue the \"we won't be cowed by such dastardly acts\" speechs. *yawn*", "type": "direct_reply"}, {"index": 18, "attribution": -0.1395123153924942, "tweet_id": 524938851622854657, "text": "@rcallimachi @ummsalama15_ work for a liberal secular or state news company. Great", "type": "lower_reply"}, {"index": 7, "attribution": -0.37281477451324463, "tweet_id": 524935836899766272, "text": "@rcallimachi @Sophia_MJones CBC is running a live blog and tweet thing here on the shootings: http://t.co/M4Ul1K8vzI", "type": "direct_reply"}, {"index": 19, "attribution": -0.39004233479499817, "tweet_id": 524937985192886273, "text": "@rcallimachi @Eren__Jeager @ummsalama15_ you agree then, journalism is a war crime.. Thanks for agreeing", "type": "lower_reply"}, {"index": 3, "attribution": -0.40713170170783997, "tweet_id": 524936266517733376, "text": "@rcallimachi @Sophia_MJones People R radicalising because their democracy is being radicalised by Elite.", "type": "direct_reply"}, {"index": 14, "attribution": -0.5415230393409729, "tweet_id": 524938166688841730, "text": "@Ahmed__Hussain_ @Eren__Jeager @ummsalama15_ Nope. Never agreed with you.", "type": "lower_reply"}, {"index": 6, "attribution": -0.6980105042457581, "tweet_id": 524935938284486656, "text": "@Ahmed__Hussain_ @ummsalama15_ One definition? A person that thinks its ok to decapitate innocent journalists / aid workers", "type": "lower_reply"}]}