{"thread_id": "524943490887991296", "gold_label": 0, "predicted_label": 0, "tweet_attributions": [{"index": 0, "attribution": 0.1454850733280182, "tweet_id": 524943490887991296, "text": "CONFIRMED | 1 shooter shot dead at Parliament Hill, but there is more than 1 suspect. #cbcOTT #OTTnews", "type": "source"}, {"index": 3, "attribution": 0.03956260532140732, "tweet_id": 524943652138016768, "text": "\u201c@CBCOttawa: CONFIRMED | 1 shooter shot dead at Parliament Hill, but there is more than 1 suspect. #cbcOTT #OTTnews\u201d \ud83d\ude2d\ud83d\ude2d", "type": "direct_reply"}, {"index": 2, "attribution": 0.009967004880309105, "tweet_id": 524944680971415552, "text": "\u201c@CBCOttawa: CONFIRMED | 1 shooter shot dead at Parliament Hill, but there is more than 1 suspect. #cbcOTT #OTTnews\u201d @JohnJeddore", "type": "direct_reply"}, {"index": 7, "attribution": 0.0018862389260903, "tweet_id": 524945168277852160, "text": "@ac360 @cnn\"@CBCOttawa: CONFIRMED | 1 shooter shot dead at Parliament Hill, but there is more than 1 suspect. #cbcOTT #OTTnews\u201d", "type": "direct_reply"}, {"index": 4, "attribution": 0.0002007448929361999, "tweet_id": 524943686032175104, "text": "\u201c@CBCOttawa: CONFIRMED | 1 shooter shot dead at Parliament Hill, but there is more than 1 suspect. #cbcOTT #OTTnews\u201d #staysafeottawa", "type": "direct_reply"}, {"index": 6, "attribution": -0.013399005867540836, "tweet_id": 524944020276256768, "text": "\u201c@CBCOttawa: CONFIRMED | 1 shooter shot dead at Parliament Hill, but there is more than 1 suspect. #cbcOTT #OTTnews\u201d", "type": "direct_reply"}, {"index": 1, "attribution": -0.020070325583219528, "tweet_id": 524943794702401536, "text": "@CBCOttawa @TheLeeWilliams :-((", "type": "direct_reply"}, {"index": 5, "attribution": -0.06357217580080032, "tweet_id": 524944687053152256, "text": "Dear Canada, what are you doing??? MT @CBCOttawa CONFIRMED | 1 shooter shot dead at Parliament Hill. #cbcOTT #OTTnews", "type": "direct_reply"}]}