{"thread_id": "524962142563610625", "gold_label": 0, "predicted_label": 0, "tweet_attributions": [{"index": 0, "attribution": 0.2795502543449402, "tweet_id": 524962142563610625, "text": "#BREAKING Rick Hughes at CBC Hamilton: \n\nThe soldier who was shot in Ottawa Wednesday morning is a reservist serving in Hamilton", "type": "source"}, {"index": 5, "attribution": 0.01742982678115368, "tweet_id": 524964642406535168, "text": "@cbcsaltzman @mog7546 Well, what can you say? Spare a though for ALL who serve as reservists-they defend everyone's right to debate FREELY!", "type": "direct_reply"}, {"index": 4, "attribution": 0.0019106714753434062, "tweet_id": 524968425685516288, "text": "\u201c@cbcsaltzman: #BREAKING \n\nThe soldier who was shot in Ottawa Wednesday morning is a reservist serving in Hamilton\u201d @tidridge", "type": "direct_reply"}, {"index": 3, "attribution": -0.0030186285730451345, "tweet_id": 524962753099075584, "text": "@cbcsaltzman @CBCNews is he alright?", "type": "direct_reply"}, {"index": 2, "attribution": -0.0711902305483818, "tweet_id": 524963251181076481, "text": "@cbcsaltzman @CBCNews  heartbreaking.", "type": "direct_reply"}, {"index": 1, "attribution": -0.0756983757019043, "tweet_id": 524975109023735808, "text": "@cbcsaltzman @CBCNews He's an argyll  is the name of the unit", "type": "direct_reply"}]}