{"thread_id": "524987990524047361", "gold_label": 0, "predicted_label": 0, "tweet_attributions": [{"index": 0, "attribution": 0.19060756266117096, "tweet_id": 524987990524047361, "text": "Ottawa police chief confirms that both gunman and soldier at war memorial are dead.", "type": "source"}, {"index": 3, "attribution": 0.01813488081097603, "tweet_id": 524996825527644160, "text": "\u201c@CTVNews: Ottawa police chief confirms that both gunman and soldier at war memorial are dead.\u201dnot necessarily the same person ws the gunman", "type": "direct_reply"}, {"index": 2, "attribution": -0.005736484657973051, "tweet_id": 524988074426499072, "text": "\u201c@CTVNews: Ottawa police chief confirms that both gunman and soldier at war memorial are dead.\u201d Sad news", "type": "direct_reply"}, {"index": 1, "attribution": -0.02264592982828617, "tweet_id": 525025692342583296, "text": "\u201c@CTVNews: Ottawa police chief confirms that both gunman and soldier at war memorial are dead.\u201d gunman? You mean terrorist...", "type": "direct_reply"}]}