{"thread_id": "524959332656349187", "gold_label": 1, "predicted_label": 2, "tweet_attributions": [{"index": 6, "attribution": 4.022979259490967, "tweet_id": 524969972196712449, "text": "@LukeRussert @ott_deb obama said just coincidence, and be quiet he's teeing off.", "type": "direct_reply"}, {"index": 4, "attribution": 1.6187330484390259, "tweet_id": 524998667485601792, "text": "@meileiend @LukeRussert @ott_deb Soldiers of your main ally due, and you use it as a moment to b this disrespectful abt us AND Potus? Wow.", "type": "lower_reply"}, {"index": 7, "attribution": 0.44618546962738037, "tweet_id": 524982441006891008, "text": "@LukeRussert when will @mitchellreports @chucktodd n @morning_joe blame this on Obama?", "type": "direct_reply"}, {"index": 5, "attribution": 0.03806012496352196, "tweet_id": 524974459740884992, "text": "@LukeRussert @ddiamond isis recruits?", "type": "direct_reply"}, {"index": 1, "attribution": -0.04007405415177345, "tweet_id": 524960606865358849, "text": "@LukeRussert a coordinated attack may not necessarily mean a terrorist attack in the context that people generally think of - NA. 2early2no", "type": "direct_reply"}, {"index": 2, "attribution": -0.17890755832195282, "tweet_id": 524959985483399169, "text": "@LukeRussert call it what it is... Terrorism", "type": "direct_reply"}, {"index": 3, "attribution": -0.31647393107414246, "tweet_id": 524998360739348480, "text": "@LukeRussert Well, Canadians have not been told this by our national media, specifically the CBC. ???? #Ottawa", "type": "direct_reply"}, {"index": 8, "attribution": -0.3463549315929413, "tweet_id": 525010966443225088, "text": "@vancouverboomer @LukeRussert @ott_deb duh huh?", "type": "lower_reply"}, {"index": 0, "attribution": -1.008001446723938, "tweet_id": 524959332656349187, "text": "Police in Canada have confirmed to NBC that multiple gunmen were involved in what appears to be coordinated series of shootings in #Ottawa", "type": "source"}]}