{"thread_id": "524946179390701568", "gold_label": 0, "predicted_label": 0, "tweet_attributions": [{"index": 0, "attribution": 0.26836270093917847, "tweet_id": 524946179390701568, "text": "LATEST UPDATE: Attacker shot dead in Parliament after soldier shot at National War Memorial http://t.co/pp6hcfWcRw http://t.co/HxODwIZfj6", "type": "source"}, {"index": 12, "attribution": 0.06414969265460968, "tweet_id": 524946561986736128, "text": "#CBCNN #tunein RT @CBCNews: UPDATE: Attacker shot dead in Parliament after soldier shot at National War Memorial http://t.co/oyBRIcFU7x", "type": "direct_reply"}, {"index": 1, "attribution": 0.05554855242371559, "tweet_id": 524948371933790208, "text": "@CBCNews perhaps reporters and witnesses should not reveal where MPs and the PM have taken cover. Too much info", "type": "direct_reply"}, {"index": 4, "attribution": 0.02643701247870922, "tweet_id": 524954772252917760, "text": "@CBCNews please spread the word to not display or tell police positions and police doings.  #KeepATightLidMedia thank you.", "type": "direct_reply"}, {"index": 11, "attribution": 0.016815153881907463, "tweet_id": 524946719562555392, "text": "Stay safe, Ottawa. RT @CBCNews - UPDATE: Attacker shot dead in Parliament after soldier shot at National War Memorial http://t.co/WWeG0eQIeJ", "type": "direct_reply"}, {"index": 2, "attribution": 0.00923751201480627, "tweet_id": 524947400000303104, "text": "@CBCNews with him dead how do u know how many mor there r &amp; what nex can we expect!!!!??????", "type": "direct_reply"}, {"index": 7, "attribution": -0.01625177450478077, "tweet_id": 524948057834545155, "text": "@CBCNews bet he's a Muslim convert", "type": "direct_reply"}, {"index": 9, "attribution": -0.016864685341715813, "tweet_id": 524952480367792128, "text": "@CBCNews #soldier thank God one shooter down. How many more?   Get them all!!! Why do u come to Canada??  Keep away from us!", "type": "direct_reply"}, {"index": 8, "attribution": -0.017044397071003914, "tweet_id": 524946394998915073, "text": "@CBCNews Good.", "type": "direct_reply"}, {"index": 10, "attribution": -0.0382990799844265, "tweet_id": 524949450557771776, "text": "@CBCNews Greenwald: Canada, At War For 13 Years, Shocked That \u2018A Terrorist\u2019 Attacked Its Soldiers http://t.co/tapy7HBoSW", "type": "direct_reply"}, {"index": 3, "attribution": -0.05364598333835602, "tweet_id": 524950429487345664, "text": "\u201c@CBCNews: LATEST UPDATE: Attacker shot dead in Parliament after soldier shot at National War Memorial http://t.co/3Y511XEQqm", "type": "direct_reply"}, {"index": 5, "attribution": -0.058573175221681595, "tweet_id": 524947370044588032, "text": "@CBCNews hopefully there were no other gunmen!", "type": "direct_reply"}, {"index": 6, "attribution": -0.058949459344148636, "tweet_id": 524948010653200384, "text": "@CBCNews @JSB_FOX still working on clearing building. Possible others.", "type": "direct_reply"}]}