{"thread_id": "524970851675176960", "gold_label": 2, "predicted_label": 2, "tweet_attributions": [{"index": 0, "attribution": 0.1669459491968155, "tweet_id": 524970851675176960, "text": "Canada's parliament building locked down after shooting; at least one guard injured: http://t.co/Nrsnlg2s04 Photo: AP http://t.co/qPXF4IF6aM", "type": "source"}, {"index": 7, "attribution": 0.07214509695768356, "tweet_id": 525119258024767488, "text": "@CallMeRage @WSJLive u mad bro? Thought u was hard core", "type": "lower_reply"}, {"index": 6, "attribution": 0.06538026034832001, "tweet_id": 525118355964166144, "text": "@CallMeRage @WSJLive I can't hear you over the sound of our schools and movie theaters not being shot the fuck up", "type": "lower_reply"}, {"index": 2, "attribution": 0.033186379820108414, "tweet_id": 524972452464824320, "text": "@WSJLive @WSJ Lies and propaganda are traditionally the tools of theocracy, fascism, and totalitarianism.", "type": "direct_reply"}, {"index": 5, "attribution": 0.029665088281035423, "tweet_id": 524973778439528450, "text": "@WSJLive @WSJ ...you mean @ least 1 guard died", "type": "direct_reply"}, {"index": 4, "attribution": 0.024996748194098473, "tweet_id": 524973750694182912, "text": "@WSJLive @WSJ wishing them our best.", "type": "direct_reply"}, {"index": 8, "attribution": 0.02371367998421192, "tweet_id": 524977026890211328, "text": "@WSJLive @Vaibhavgupta44 THIS IS A SMALL LESSON TO CANADA ON HUMAN RIGHTS ! WHAT IT WAS TRYING TO PREACH TO INDIA IN LAST 10 YRS!", "type": "direct_reply"}, {"index": 1, "attribution": 0.013579919002950191, "tweet_id": 525283443832541184, "text": "@CallMeRage @WSJLive pastel killer", "type": "lower_reply"}, {"index": 3, "attribution": 0.011628775857388973, "tweet_id": 524973084596375553, "text": "RT @WSJLive  Canada's Parliament locked down after shooting; one guard injured: http://t.co/bpiwLvgM1A  Photo: AP http://t.co/93hlyvw95G", "type": "direct_reply"}, {"index": 9, "attribution": 0.007479355204850435, "tweet_id": 525120903064338432, "text": "@CallMeRage @WSJLive 2/10 would not wear", "type": "lower_reply"}]}