{"thread_id": "524988712367955970", "gold_label": 0, "predicted_label": 2, "tweet_attributions": [{"index": 3, "attribution": 3.224224328994751, "tweet_id": 525002281247580160, "text": "@nachos710 @KatyKatopodis @AP oh please. Settlers have been tormenting Palestinian residents for weeks. Killing 3 kids in the last 2 weeks", "type": "lower_reply"}, {"index": 20, "attribution": 2.01373291015625, "tweet_id": 525000637491462145, "text": "@KatyKatopodis @AP maybe this story also deserves some focus heres the video you decide https://t.co/2Fe5wssR6P terror attack in Israel 2day", "type": "lower_reply"}, {"index": 21, "attribution": 1.2043684720993042, "tweet_id": 525004844755861504, "text": "@nachos710 @KatyKatopodis @AP cos I've been following actual reports of harassment, detention, murder for weeks. Nothing in media.", "type": "lower_reply"}, {"index": 1, "attribution": 0.5007591843605042, "tweet_id": 525003886210596864, "text": "@nachos710 @KatyKatopodis @AP  my issue is with the one sided reporting not with the death of a baby.", "type": "lower_reply"}, {"index": 11, "attribution": 0.3324942886829376, "tweet_id": 524997933297844225, "text": "@KCTVPhotogBrett @AP RCMP in charge, not Ottawa police: one soldier dead, shooter dead. All else is speculation - talking heads.", "type": "lower_reply"}, {"index": 19, "attribution": 0.30089613795280457, "tweet_id": 524999920462618624, "text": "@KatyKatopodis @AP eh", "type": "lower_reply"}, {"index": 23, "attribution": 0.26581570506095886, "tweet_id": 525002870652145667, "text": "@HussainD1 @KatyKatopodis @AP that settler to whom you refer turned HIMSELF into police @ first police station in a safe place,he didnt run", "type": "lower_reply"}, {"index": 9, "attribution": 0.24921132624149323, "tweet_id": 525002940315348993, "text": "@AP GOD Bless this soldier and all soldiers that stand bravely knowing many in the world want to kill them.", "type": "direct_reply"}, {"index": 4, "attribution": 0.2069057822227478, "tweet_id": 525005995089870850, "text": "@nachos710 @KatyKatopodis @AP lets not forget who the occupying power enforcing martial law here. Palestinian kids are killed weekly.", "type": "lower_reply"}, {"index": 25, "attribution": 0.1763027459383011, "tweet_id": 525006466970025986, "text": "@HussainD1 @KatyKatopodis @AP you can lie to yourself and tell yourself you do but an Israeli life or even jewish anywhere is not NB to u", "type": "lower_reply"}, {"index": 10, "attribution": 0.15519951283931732, "tweet_id": 524991521188491264, "text": "@AP CBC Ottawa @CBCOttawa 11m11 minutes ago\n\nThere was no mention of another gunman in Bordeleau's talk.", "type": "direct_reply"}, {"index": 15, "attribution": 0.13435150682926178, "tweet_id": 525003669096628225, "text": "@HussainD1 @KatyKatopodis @AP learn your facts my friend, even if you right your response to a baby been killed says it all#murderingisfine", "type": "lower_reply"}, {"index": 14, "attribution": 0.08225036412477493, "tweet_id": 525005358805561348, "text": "@HussainD1 @KatyKatopodis @AP and therefore you chose to mention how you dont care that a 3 month old was murdered as if who cares becoz 1/2", "type": "lower_reply"}, {"index": 26, "attribution": 0.07700049132108688, "tweet_id": 525005056199122944, "text": "@nachos710 @KatyKatopodis @AP so now we should all cry because its Israeli deaths. All deaths are wrong. Not just one side.", "type": "lower_reply"}, {"index": 0, "attribution": 0.07100946456193924, "tweet_id": 524988712367955970, "text": "MORE: Canadian soldier shot at war memorial has died; one of three suspected gunmen also dead, police say: http://t.co/uFsW7vHPRi", "type": "source"}, {"index": 2, "attribution": 0.04874153807759285, "tweet_id": 525004199298617344, "text": "@HussainD1 @KatyKatopodis @AP and yet you ONLY spoke of your disinterest in the death of the child and never mentioned the reporting at all", "type": "lower_reply"}, {"index": 17, "attribution": 0.0030479738488793373, "tweet_id": 525001875800993792, "text": "@KatyKatopodis #respect", "type": "lower_reply"}, {"index": 16, "attribution": -0.026655904948711395, "tweet_id": 525006347608522752, "text": "@HussainD1 @KatyKatopodis @AP occupying force- so now a child is killed and you worried about the land issue- you see you don't care", "type": "lower_reply"}, {"index": 27, "attribution": -0.032881852239370346, "tweet_id": 524988972787724289, "text": "\u201c@AP: MORE: Canadian soldier shot at war memorial has died; one of three suspected gunmen also dead, police say: http://t.co/HZKW1FN2tV\u201d RIP", "type": "direct_reply"}, {"index": 18, "attribution": -0.041558004915714264, "tweet_id": 524988898049806336, "text": "\u201c@AP: MORE: Canadian soldier shot at war memorial has died; one of three suspected gunmen also dead, police say: http://t.co/uJ7Nk4mTHN\u201d", "type": "direct_reply"}, {"index": 7, "attribution": -0.05384040251374245, "tweet_id": 525002081791651840, "text": ".@nachos710 @KatyKatopodis @AP why can't it be an official story?", "type": "lower_reply"}, {"index": 22, "attribution": -0.07386714965105057, "tweet_id": 524988952303112192, "text": "Rt&gt;@AP:MORE: Canadian soldier shot at war memorial has died; one of three suspected gunmen also dead, police say: http://t.co/AiBrOLb95k #p2", "type": "direct_reply"}, {"index": 8, "attribution": -0.0894293412566185, "tweet_id": 525006169308676096, "text": "@HussainD1 @KatyKatopodis funny how you never seemed to mention that first becoz I agree with that, but I dont believe thats what u feel", "type": "lower_reply"}, {"index": 13, "attribution": -0.12805664539337158, "tweet_id": 525005528435798017, "text": "@HussainD1 @KatyKatopodis @AP 2/2 other sad stories never made the news?? That's a little ridiculous on the face of it don't you think", "type": "lower_reply"}, {"index": 5, "attribution": -0.16520284116268158, "tweet_id": 524999580296183808, "text": "RT @AP: MORE: Canadian soldier shot at war memorial has died; one of three suspected gunmen also dead, police say: http://t.co/t7iwVftpYB", "type": "direct_reply"}, {"index": 6, "attribution": -0.2236144095659256, "tweet_id": 524989918880485377, "text": "@AP there's gonna be a meeting today about it, cool them jets boi", "type": "direct_reply"}, {"index": 12, "attribution": -0.2522116005420685, "tweet_id": 524995572852219904, "text": "@AP ,...--- ((( O people! Say \"No God But Allah\" To Obtain Salvation )))\n\nTHE MEANING OF LIFE \"SPOKEN WORD\"\n\nhttps://t.co/YBaU294GFx", "type": "direct_reply"}, {"index": 24, "attribution": -0.8284178376197815, "tweet_id": 524989307548078080, "text": "@AP Heard the suspect a Muslim", "type": "direct_reply"}]}