{"thread_id": "524975642379816960", "gold_label": 0, "predicted_label": 0, "tweet_attributions": [{"index": 2, "attribution": 0.09198543429374695, "tweet_id": 524976198418694144, "text": "@SportsCentre @SusanneFox As it should be, having a #hockey game on the same day as a #shooting is just asking for trouble.", "type": "direct_reply"}, {"index": 1, "attribution": 0.06365727633237839, "tweet_id": 524981356473110528, "text": "@SportsCentre @NHL @MapleLeafs well done #respect @Senators", "type": "direct_reply"}, {"index": 0, "attribution": 0.013955413363873959, "tweet_id": 524975642379816960, "text": "The NHL announces tonight's game between the #Leafs and #Sens in Ottawa has been postponed", "type": "source"}]}