{"thread_id": "524952883343925249", "gold_label": 0, "predicted_label": 2, "tweet_attributions": [{"index": 12, "attribution": 3.9494123458862305, "tweet_id": 524954074262011904, "text": "@BBCBreaking The Religion of Peace I am guessing.", "type": "direct_reply"}, {"index": 15, "attribution": 1.7892757654190063, "tweet_id": 525019382490361856, "text": "@Teknofish @BBCBreaking u dumb fuck before u open ur mouth u should get ur fact ta straight.. isn't it funny that it was white guy?", "type": "lower_reply"}, {"index": 4, "attribution": 0.5452922582626343, "tweet_id": 524959930928070656, "text": "\u201c@BBCBreaking:  gunfire inside Canada's parliament in Ottawa http://t.co/9XPzxYwFI2 http://t.co/5grXS1Fhd4\u201d @hughieb79 Tim Martin??", "type": "direct_reply"}, {"index": 17, "attribution": 0.42241719365119934, "tweet_id": 524954878138155008, "text": "@Teknofish @BBCBreaking shooting randomly at defenseless ppl ...I'm would bet on it ..", "type": "lower_reply"}, {"index": 21, "attribution": 0.40037301182746887, "tweet_id": 524956937667235840, "text": "@MrJackNyren @conormcdiarmid1 I saw a tweet that was \"Oscar Pistorius at it again\" hahaha but ya terrible story", "type": "lower_reply"}, {"index": 5, "attribution": 0.2007417529821396, "tweet_id": 524953204224962560, "text": "Super scary \u201c@BBCBreaking: Watch video showing gunfire inside Canada's parliament in Ottawa http://t.co/qL7qy8JTfz http://t.co/t4K5TtoIUC\u201d", "type": "direct_reply"}, {"index": 16, "attribution": 0.1959235817193985, "tweet_id": 524961842603388928, "text": "\ud83d\udea8\ud83d\udea8\ud83d\ude33 \u201c@BBCBreaking: Watch video showing gunfire inside Canada's parliament in Ottawa http://t.co/ZliVbLVzrp http://t.co/5bo39y5pHc\u201d", "type": "direct_reply"}, {"index": 8, "attribution": 0.15380945801734924, "tweet_id": 524960241340141568, "text": "@danlouth90 @BBCBreaking definitely tank top. Chuck key ......use it.", "type": "lower_reply"}, {"index": 11, "attribution": 0.1202542707324028, "tweet_id": 524959159377080320, "text": "@BBCBreaking @BBCWorld 2-3 means are controlling the whole police haha", "type": "direct_reply"}, {"index": 2, "attribution": 0.10486900061368942, "tweet_id": 524961388532228098, "text": "@BBCBreaking @TheMattB81 this is crazy...", "type": "direct_reply"}, {"index": 14, "attribution": 0.08967078477144241, "tweet_id": 525034103985684480, "text": "@FlemosKing @BBCBreaking HAHAHA hes a muslim.   Fucktard", "type": "lower_reply"}, {"index": 18, "attribution": 0.08661726862192154, "tweet_id": 525030741252767744, "text": "@FlemosKing @BBCBreaking Hey ill give you one.   Ill take the other dozen.", "type": "lower_reply"}, {"index": 13, "attribution": 0.006092339288443327, "tweet_id": 524954461349752832, "text": "@BBCBreaking Why are the enforcement folks not wearing bullet proof helmets, while they wear bullet proof vests?", "type": "direct_reply"}, {"index": 1, "attribution": -0.014488041400909424, "tweet_id": 525031846355435520, "text": "@FlemosKing @BBCBreaking \nWHOOPS - Angry man looka silly on the internet.\n\n\"Ottawa suspect was 'Canadian convert to Islam'\"", "type": "lower_reply"}, {"index": 9, "attribution": -0.0260518416762352, "tweet_id": 524956203294941184, "text": "\u201c@BBCBreaking: Watch video showing gunfire inside Canada's parliament in Ottawa http://t.co/GPF3jvzlFG http://t.co/9c6QBSwr6m\u201d WTF \ud83d\ude33", "type": "direct_reply"}, {"index": 3, "attribution": -0.10123907774686813, "tweet_id": 524954368324288512, "text": "Now what! \u201c@BBCBreaking: Watch video showing gunfire inside Canada's parliament in Ottawa http://t.co/AMraVs0bEg http://t.co/mu6FDnsUSd\u201d", "type": "direct_reply"}, {"index": 10, "attribution": -0.2025192379951477, "tweet_id": 524956639883837441, "text": "@conormcdiarmid1 @kILLBenGregory Is that Stephan harper running by with a handgun around 18 seconds in? Kidding though, a horrible sight", "type": "lower_reply"}, {"index": 7, "attribution": -0.24268434941768646, "tweet_id": 524954362448449537, "text": "@BBCBreaking @BBCWorld @cnnbrk @cnn @CNN @CBCNews It was eminent for Canada being safe haven &amp; a sanctuary for these jihadis &amp; terrorists", "type": "direct_reply"}, {"index": 19, "attribution": -0.3305862843990326, "tweet_id": 524954684994629633, "text": "@BBCBreaking cr@p, now for even more security.. what moron decided was a good thing to do? No, don't give him the publicity by telling us!!", "type": "direct_reply"}, {"index": 6, "attribution": -0.3508542776107788, "tweet_id": 524954979736379392, "text": "\u201c@BBCBreaking: Watch video showing gunfire inside Canada's parliament in Ottawa http://t.co/xX5qB7L8KJ http://t.co/cAI5O1gOeA\u201d", "type": "direct_reply"}, {"index": 20, "attribution": -0.4041529893875122, "tweet_id": 524954311395405824, "text": "\u201c@BBCBreaking: Watch video showing gunfire inside Canada's parliament in Ottawa http://t.co/O47xVihF1V http://t.co/M7R71czM6G\u201d\n\nOmg!", "type": "direct_reply"}, {"index": 0, "attribution": -0.8348645567893982, "tweet_id": 524952883343925249, "text": "Watch video showing gunfire inside Canada's parliament in Ottawa http://t.co/CJpXNAk8nS http://t.co/hxwr2NEr2K", "type": "source"}]}