{"thread_id": "524936365427806208", "gold_label": 2, "predicted_label": 2, "tweet_attributions": [{"index": 15, "attribution": 2.4765610694885254, "tweet_id": 524955793855377408, "text": "@tomzedd @NBCNews yeah, use your kind words to stop terrorists! better yet, put up another \"Gun Free Zone\" sign!", "type": "lower_reply"}, {"index": 13, "attribution": 1.6190171241760254, "tweet_id": 524943088360644608, "text": "@NBCNews ISIS + gun laws = lots of dead people", "type": "direct_reply"}, {"index": 11, "attribution": 1.1822491884231567, "tweet_id": 524954049238810626, "text": "@61Webhead @NBCNews only 1 so far and that's the shooter...", "type": "lower_reply"}, {"index": 7, "attribution": 0.8520386219024658, "tweet_id": 524957147596324864, "text": "@tomzedd @NBCNews This was the 2nd terrorist attack in 3 days with 3 dead now. Gun laws kept citizens from shooting back at the terrorist", "type": "lower_reply"}, {"index": 5, "attribution": 0.7772408127784729, "tweet_id": 524956225579282432, "text": "@61Webhead @NBCNews what...", "type": "lower_reply"}, {"index": 10, "attribution": 0.4990573823451996, "tweet_id": 524937681944334336, "text": "@NBCNews they already shot him", "type": "direct_reply"}, {"index": 19, "attribution": 0.2505750358104706, "tweet_id": 524944576767737856, "text": "@NBCNews @MarkMullenNBC \n\nDoes anyone know where Ted Cruz is?", "type": "direct_reply"}, {"index": 6, "attribution": 0.24601489305496216, "tweet_id": 524957677773148161, "text": "@61Webhead @NBCNews  that is the dumbest conclusion you could have made. Give your head a shake.", "type": "lower_reply"}, {"index": 16, "attribution": 0.2175142914056778, "tweet_id": 524955415910834176, "text": "@PartPhil @NBCNews how many citizens were firing back? A: 0. Took cops a good while to get to shooter. Go ahead and be a helpless victim", "type": "lower_reply"}, {"index": 3, "attribution": 0.1564975529909134, "tweet_id": 524941786813173760, "text": "@NBCNews I THOUGHT WE WERE SAFE IN CANADA...ALAS EVIL EXEMPTS NONE..", "type": "direct_reply"}, {"index": 2, "attribution": 0.11896906048059464, "tweet_id": 524936684756946944, "text": "@NBCNews How glamorous they look?", "type": "direct_reply"}, {"index": 4, "attribution": 0.10559651255607605, "tweet_id": 524936487553728512, "text": "RT @NBCNews: DEVELOPING: Shooting suspect at large inside Canadian Parliament: reports\nhttp://t.co/yKkdH4M2Wh http://t.co/LtdGgv0Stw", "type": "direct_reply"}, {"index": 12, "attribution": 0.046728119254112244, "tweet_id": 524957728440352768, "text": "\u201c@NBCNews: DEVELOPING: Shooting suspect at large inside Canadian Parliament: reports\nhttp://t.co/vUi8ccO227 http://t.co/Dk2uo41chN\u201d", "type": "direct_reply"}, {"index": 1, "attribution": -0.047631338238716125, "tweet_id": 524956706783395841, "text": "@PartPhil @NBCNews there have been many. Many more prevented by taking out the shooter before they can kill more.", "type": "lower_reply"}, {"index": 0, "attribution": -0.07370086014270782, "tweet_id": 524936365427806208, "text": "DEVELOPING: Shooting suspect at large inside Canadian Parliament: reports\nhttp://t.co/hU0OfoOGEC http://t.co/5fkHcPaK97", "type": "source"}, {"index": 17, "attribution": -0.08185040205717087, "tweet_id": 524957683590631425, "text": "@PartPhil @NBCNews go back to riding your unicorn in Utopia. May your kind words stop the mean terrorists.", "type": "lower_reply"}, {"index": 8, "attribution": -0.14380612969398499, "tweet_id": 524936779661840385, "text": "@NBCNews illuminati", "type": "direct_reply"}, {"index": 9, "attribution": -0.17406709492206573, "tweet_id": 524958336262094849, "text": "@PartPhil @NBCNews go cower behind your \"Gun Free Zone\" sign while calling 9-1-1, hippie.", "type": "lower_reply"}, {"index": 18, "attribution": -0.19447986781597137, "tweet_id": 524958109312491520, "text": "@61Webhead @NBCNews go back to being scared and quivering beside your guns. May your fear and composite metals keep you warm at night", "type": "lower_reply"}, {"index": 14, "attribution": -0.3880513608455658, "tweet_id": 524937135934427136, "text": "@NBCNews @KING5Seattle put a bullet in his head!", "type": "direct_reply"}]}