{"thread_id": "524938857180303360", "gold_label": 0, "predicted_label": 2, "tweet_attributions": [{"index": 0, "attribution": 0.5111637711524963, "tweet_id": 524938857180303360, "text": "UPDATE | Shots were fired inside Parliament Hill and gun fire was exchanged with hill security. #cbcOTT #OTTnews", "type": "source"}, {"index": 4, "attribution": 0.17148955166339874, "tweet_id": 524940417394282496, "text": "@CBCOttawa I just heard that the soldier has died.", "type": "direct_reply"}, {"index": 2, "attribution": 0.04687118902802467, "tweet_id": 524940097914167296, "text": "@CBCOttawa I believe the soldier had died", "type": "direct_reply"}, {"index": 3, "attribution": 0.015050441958010197, "tweet_id": 524943363683123200, "text": "\u201c@CBCOttawa: UPDATE | Shots were fired inside Parliament Hill and gun fire was exchanged with hill security. #cbcOTT #OTTnews\u201d OMG!", "type": "direct_reply"}, {"index": 1, "attribution": -0.001932188868522644, "tweet_id": 524939037480853504, "text": "\u201c@CBCOttawa: UPDATE | Shots were fired inside Parliament Hill and gun fire was exchanged with hill security. #cbcOTT #OTTnews\u201d", "type": "direct_reply"}]}