{"thread_id": "524976526891417600", "gold_label": 0, "predicted_label": 2, "tweet_attributions": [{"index": 19, "attribution": 0.6719077229499817, "tweet_id": 524977490846965760, "text": "@cnnbrk Yet no one treat GUNS as epidemic. Why?? What kind of power does these devils hold on you?", "type": "direct_reply"}, {"index": 8, "attribution": 0.16351915895938873, "tweet_id": 524976972557189120, "text": "@cnnbrk praying that no more innocent people will die out of this. Thanks for the update", "type": "direct_reply"}, {"index": 13, "attribution": 0.1540379375219345, "tweet_id": 524977263998431232, "text": "@cnnbrk \u0627\u0642\u0648\u0644\u0643 \u062e\u0644\u064a \u0639\u0646\u0643 \u0628\u0633 \u0648\u0634\u0648\u0641 \u0648\u0644\u064a\u062f \u0627\u0644\u0641\u0631\u0627\u062c \u0648\u0634 \u0645\u0633\u0648\u064a @Question_arab", "type": "direct_reply"}, {"index": 3, "attribution": 0.12794376909732819, "tweet_id": 524977369866829824, "text": "@cnnbrk @kinsellawarren heard it from the military? has his parents? #StayClassy", "type": "direct_reply"}, {"index": 15, "attribution": 0.11684703081846237, "tweet_id": 524977281786454016, "text": "@cnnbrk \u0647\u0647\u0647\u0647\u0647\u0647\u0647\u0647 \u0644\u064a\u0634 \u0627\u0644\u0648\u0644\u064a\u062f \u0628\u0646 \u0637\u0644\u0627\u0644 \u0645\u062a\u0627\u0628\u0639 \u0630\u0627 \u0627\u0644\u062d\u0633\u0627\u0628 \u061f @Question_arab", "type": "direct_reply"}, {"index": 17, "attribution": 0.10669517517089844, "tweet_id": 524977412724240384, "text": "@cnnbrk Members of Parliament should not be making death announcements. NOT THEIR PLACE.", "type": "direct_reply"}, {"index": 12, "attribution": 0.06729323416948318, "tweet_id": 524976898846502912, "text": "@cnnbrk So sad,#Myprayers", "type": "direct_reply"}, {"index": 16, "attribution": 0.02647440880537033, "tweet_id": 524979401403162625, "text": "@Ashlybsmith @cnnbrk Guns? Its the people who use them thats the epidemic. Yes guns are bad but people can be worse guns dont shoot selves.", "type": "lower_reply"}, {"index": 7, "attribution": 0.024314699694514275, "tweet_id": 524977582006370304, "text": "@cnnbrk Disgusting attack that confirm the West is under attack from vile terrorists", "type": "direct_reply"}, {"index": 14, "attribution": 0.008730038069188595, "tweet_id": 524977138915889153, "text": "@cnnbrk RIP.", "type": "direct_reply"}, {"index": 6, "attribution": -0.007514909375458956, "tweet_id": 524977264719826944, "text": "@cnnbrk May His Soul Rest In Peace", "type": "direct_reply"}, {"index": 4, "attribution": -0.01087221410125494, "tweet_id": 524977270910623744, "text": "@cnnbrk \u0644\u064a\u0634 \u0641\u0627\u064a\u0632 \u0627\u0644\u0645\u0627\u0644\u0643\u064a \u0645\u062a\u0627\u0628\u0639 \u0630\u0627 \u0627\u0644\u062d\u0633\u0627\u0628 \u061f @Question_arab", "type": "direct_reply"}, {"index": 11, "attribution": -0.02971804328262806, "tweet_id": 524977173338529793, "text": "@cnnbrk so 2 members of parliament saying so makes it so?  Can't wait for official word from hospital/military/government?", "type": "direct_reply"}, {"index": 5, "attribution": -0.036511894315481186, "tweet_id": 524977307543289856, "text": "@cnnbrk :( R.I.P.", "type": "direct_reply"}, {"index": 9, "attribution": -0.04334091767668724, "tweet_id": 524977618341597184, "text": "@cnnbrk my hometown RIP", "type": "direct_reply"}, {"index": 1, "attribution": -0.04672907292842865, "tweet_id": 524977273150394368, "text": "@cnnbrk \u062d\u0633\u0627\u0628 \u0641\u0627\u064a\u0632 \u0627\u0644\u0645\u0627\u0644\u0643\u064a \u0627\u0644\u062b\u0627\u0646\u064a \u0627\u0644\u062d\u0642\u0648\u0648\u0648 - @Question_arab", "type": "direct_reply"}, {"index": 2, "attribution": -0.05310076102614403, "tweet_id": 524977667574353921, "text": "@corkskid my thought exactly", "type": "lower_reply"}, {"index": 10, "attribution": -0.0852879211306572, "tweet_id": 524977602801328130, "text": "@cnnbrk How would they know if they are on lock down? I would stick  to hearing what either the police or military say", "type": "direct_reply"}, {"index": 20, "attribution": -0.10969248414039612, "tweet_id": 524977283938127872, "text": "@cnnbrk \u0645\u0648\u0633\u0648\u0639\u0647 \u0627\u0633\u0626\u0644\u0629 \u0639\u062c\u064a\u0628\u0629 \u0647\u0646\u0627 - @Question_arab", "type": "direct_reply"}, {"index": 18, "attribution": -0.15383337438106537, "tweet_id": 524977277516652544, "text": "@cnnbrk \u0647\u0647\u0647\u0647\u0647\u0647 \u0648\u0631\u0628\u064a \u062d\u0633\u0627\u0628 \u0639\u062c\u064a\u0628 \u0634\u0648\u0641\u0648\u0622 \u0628\u0627\u0644\u0644\u0647 - @Question_arab", "type": "direct_reply"}, {"index": 0, "attribution": -0.4531879723072052, "tweet_id": 524976526891417600, "text": "The Canadian soldier shot at the War Memorial in Ottawa has died, according to two members of Parliament. Live blog: http://t.co/q98AMohu7T", "type": "source"}]}