{"thread_id": "524947196131966976", "gold_label": 1, "predicted_label": 2, "tweet_attributions": [{"index": 7, "attribution": 2.3837852478027344, "tweet_id": 524953349662068736, "text": "@AnneCatharine and @SunNewsNetwork is irresponsibly fuelling paranoia for mouse clicks", "type": "lower_reply"}, {"index": 5, "attribution": 1.9249495267868042, "tweet_id": 524952807766777856, "text": "@BadNewsCentral @SunNewsNetwork It's called breaking news dumbass.", "type": "lower_reply"}, {"index": 17, "attribution": 0.3409935534000397, "tweet_id": 524950182241533952, "text": "MT @SunNewsNetwork: Credible sources tell @SunNewsNetwork there may be as many as five active shooters in #Ottawa", "type": "direct_reply"}, {"index": 14, "attribution": 0.28692880272865295, "tweet_id": 524957106621779968, "text": "\u201c@SunNewsNetwork: Gunna\u00ed sa rialtas i gCeanada C\u00e9ard at\u00e1 ag tarl\u00fa? @SunNewsNetwork #Ottawa http://t.co/zuGpkk2pmT http://t.co/rQ4PTKt0KH\u201d", "type": "direct_reply"}, {"index": 13, "attribution": 0.2565965950489044, "tweet_id": 525027407280209920, "text": "Credible sources tell @SunNewsNetwork they are neither a source nor credible.", "type": "direct_reply"}, {"index": 1, "attribution": 0.22624538838863373, "tweet_id": 525034818044960768, "text": "\u201c@CriticalHerald: Credible sources tell @SunNewsNetwork they are neither a source nor credible.\u201d #cdnpoli #TOpoli", "type": "lower_reply"}, {"index": 3, "attribution": 0.1499565690755844, "tweet_id": 524984980620181504, "text": "@BadNewsCentral @SunNewsNetwork Confirmation is given slowly, events change quickly. C'mon u know the drill.", "type": "lower_reply"}, {"index": 18, "attribution": 0.1426490843296051, "tweet_id": 524948234868105217, "text": "@SunNewsNetwork @inky_mark Sorry but  the words 'credible' and 'Sun News' don't belong in the same sentence.", "type": "direct_reply"}, {"index": 6, "attribution": 0.1283818483352661, "tweet_id": 524949528060133377, "text": "@SunNewsNetwork @andrewnepean..See..keep our kids SAFE!!", "type": "direct_reply"}, {"index": 12, "attribution": 0.09855114668607712, "tweet_id": 524950237337878528, "text": "@SunNewsNetwork @Martinbosma_pvv Lang  leve multikult", "type": "direct_reply"}, {"index": 16, "attribution": 0.09575378149747849, "tweet_id": 525004491603460097, "text": "@SunNewsNetwork further proof this a tabloid network &amp; completely unreliable for legitimate news.", "type": "direct_reply"}, {"index": 0, "attribution": 0.03260590881109238, "tweet_id": 524947196131966976, "text": "Credible sources tell @SunNewsNetwork there may be as many as five active shooters in #Ottawa http://t.co/riheafK9WV http://t.co/stc2O4WlcS", "type": "source"}, {"index": 15, "attribution": -0.026669474318623543, "tweet_id": 524970066149130241, "text": "@SunNewsNetwork What's a centre block?", "type": "direct_reply"}, {"index": 8, "attribution": -0.11294863373041153, "tweet_id": 525141172877262848, "text": "@SunNewsNetwork how credible?", "type": "direct_reply"}, {"index": 9, "attribution": -0.1316230446100235, "tweet_id": 524976603248357376, "text": "@SunNewsNetwork @schtev69 armed citizens would have stopped or slowed the bastards down, argument against gun control", "type": "direct_reply"}, {"index": 10, "attribution": -0.1336831897497177, "tweet_id": 524951662155161601, "text": "\"There is no confirmation of the whereabouts of other suspects, or how many there may be.\" @SunNewsNetwork contradicts it's own headline", "type": "direct_reply"}, {"index": 4, "attribution": -0.14885590970516205, "tweet_id": 524985375857856513, "text": "OMG fear-mongering much? \u201c@SunNewsNetwork: Credible sources say there may be as many as 5 active shooters in #Ottawa http://t.co/09X7C6gCGt\u201d", "type": "direct_reply"}, {"index": 2, "attribution": -0.3261771500110626, "tweet_id": 524984723928776706, "text": "@BadNewsCentral @SunNewsNetwork Then I guess the past 4 hours hve been 'irresponsible' bc everytime the situation changes, so do the reports", "type": "lower_reply"}, {"index": 11, "attribution": -0.33719542622566223, "tweet_id": 524956188782632960, "text": "@SunNewsNetwork @alimhaider cc: @theblaze POSSIBLY FIVE #Canada", "type": "direct_reply"}]}