{"thread_id": "524923293711998976", "gold_label": 0, "predicted_label": 2, "tweet_attributions": [{"index": 21, "attribution": 3.0949857234954834, "tweet_id": 524923725976965120, "text": "@evansolomoncbc Hopefully the soldier is okay.  Wondering how long before this is also labeled terrorism.  #cdnpoli", "type": "direct_reply"}, {"index": 14, "attribution": 1.8496779203414917, "tweet_id": 524926994497024000, "text": "@llootsteen39 this is a form of terrorism-our soldiers should be the safest on our own soil", "type": "lower_reply"}, {"index": 16, "attribution": 0.7701632976531982, "tweet_id": 524923813931540480, "text": "@evansolomoncbc very  frightening! I hope the soldier is ok and they catch the lunatic who did this", "type": "direct_reply"}, {"index": 9, "attribution": 0.6578951478004456, "tweet_id": 524934695520600066, "text": "@WoollardRob @evansolomoncbc @chextv Why is he a hero? His life is worth nothing more than the life of a civilian would be...", "type": "lower_reply"}, {"index": 15, "attribution": 0.5593420267105103, "tweet_id": 524926749508132864, "text": "2nd in 48h :( #terrorism RT @evansolomoncbc: At the war memorial in Ottawa. A soldier has been shot. #breaking http://t.co/uPbZej7rET", "type": "direct_reply"}, {"index": 11, "attribution": 0.47060105204582214, "tweet_id": 524925943597789184, "text": "\u201c@evansolomoncbc: At war memorial in. Ottawa. A soldier has been shot. They are giving him treatment now. #breaking http://t.co/xK1ZI2YvhH\u201d", "type": "direct_reply"}, {"index": 12, "attribution": 0.3553147614002228, "tweet_id": 524933988050534400, "text": "@rcs11411 @evansolomoncbc Careful with words you use. Calling him lunatic shields him from legal punishment. He shouldn't get off that easy!", "type": "lower_reply"}, {"index": 2, "attribution": 0.26958468556404114, "tweet_id": 524945970065584128, "text": "@Gomba13 @evansolomoncbc @chextv Because soldiers and police are always running towards what we are running away from! That's a hero!", "type": "lower_reply"}, {"index": 19, "attribution": 0.22938396036624908, "tweet_id": 524925268553904128, "text": "@evansolomoncbc @CBCNews Please contact CJAD Amanda Kline (514) 207-2173", "type": "direct_reply"}, {"index": 4, "attribution": 0.17442600429058075, "tweet_id": 524925998538981376, "text": ".@evansolomoncbc I hope a PC back bencher doesn't mention terrorism. Because that would irresponsible and wrong, right?", "type": "direct_reply"}, {"index": 3, "attribution": 0.1574113517999649, "tweet_id": 524925725317795840, "text": "@evansolomoncbc @chextv This makes me so angry!! Hope he is ok. Who would do this to one of our heroes? #HeroesInRealLife", "type": "direct_reply"}, {"index": 23, "attribution": 0.0808243677020073, "tweet_id": 524923941589364736, "text": "\u201c@evansolomoncbc: At the war memorial in Ottawa. A soldier has been shot. They are giving him treatment #breaking\u201d wow.", "type": "direct_reply"}, {"index": 18, "attribution": 0.07345148175954819, "tweet_id": 524926214281383936, "text": "@evansolomoncbc @CBCNews Is this the same gunman being chased through parliament at this hour?", "type": "direct_reply"}, {"index": 20, "attribution": 0.06162643805146217, "tweet_id": 524935076413734913, "text": "@gioman62 @evansolomoncbc @AmandaWills Yes, in Saint-Jean-sur-Richelieu. One RCMP died. Careful, might have nothing to do with terrorism!", "type": "lower_reply"}, {"index": 6, "attribution": -0.1084294393658638, "tweet_id": 524925584191664128, "text": "@evansolomoncbc call everyone or we are all dead http://t.co/bj9ONV2BJY", "type": "direct_reply"}, {"index": 17, "attribution": -0.13341926038265228, "tweet_id": 524924798993199105, "text": "@evansolomoncbc @nspector4 Are we \"at war\" yet?", "type": "direct_reply"}, {"index": 13, "attribution": -0.18674881756305695, "tweet_id": 524926238243049473, "text": "@evansolomoncbc @CBCNews Unbelievable.", "type": "direct_reply"}, {"index": 1, "attribution": -0.2318079024553299, "tweet_id": 524924577424879616, "text": "@evansolomoncbc cowardly as as most terrorist acts are", "type": "direct_reply"}, {"index": 10, "attribution": -0.2575235664844513, "tweet_id": 524926167569022977, "text": "@evansolomoncbc @AmandaWills wasn't there an attack in Quebec earlier this week?", "type": "direct_reply"}, {"index": 8, "attribution": -0.44241097569465637, "tweet_id": 524925084163514369, "text": "@llootsteen39 @Beari8it @evansolomoncbc HEY LARRY don't worry about him worry about your KIDS WIFE http://t.co/bj9ONV2BJY", "type": "lower_reply"}, {"index": 7, "attribution": -0.4433956444263458, "tweet_id": 524935580996894720, "text": "@Kigo_1 @llootsteen39 Um, no. Our soldiers' job is to keep US safe. I respect them, but let's not forget they are the means, not the end.", "type": "lower_reply"}, {"index": 22, "attribution": -0.5100060105323792, "tweet_id": 524923810303057920, "text": "What. The.... \u201c@evansolomoncbc: At the war memorial in. Ottawa. A soldier has been shot. http://t.co/XrdXULsAbc\u201d", "type": "direct_reply"}, {"index": 5, "attribution": -0.5237544775009155, "tweet_id": 524923864007331840, "text": "@evansolomoncbc @HuffPostCanada Has the uniform become a bulls-eye?", "type": "direct_reply"}, {"index": 0, "attribution": -0.9050500988960266, "tweet_id": 524923293711998976, "text": "At the war memorial in. Ottawa. A soldier has been shot. They are giving him treatment now. #breaking http://t.co/cTmlb1LvgG", "type": "source"}]}