{"thread_id": "524942946765131776", "gold_label": 0, "predicted_label": 0, "tweet_attributions": [{"index": 2, "attribution": 0.11257530003786087, "tweet_id": 524943141225660418, "text": "@cbcsteve @HuffPostCanada is it confirmed?", "type": "direct_reply"}, {"index": 1, "attribution": 0.06265688687562943, "tweet_id": 524943843326967809, "text": "@cbcsteve My niece works there. Hope she's oke. @jrdevrije", "type": "direct_reply"}, {"index": 3, "attribution": 0.04502231255173683, "tweet_id": 524943524287242240, "text": "@LaComtess @HuffPostCanada yes", "type": "lower_reply"}, {"index": 4, "attribution": 0.04189478978514671, "tweet_id": 524943262449426432, "text": "@cbcsteve @HuffPostCanada Good.", "type": "direct_reply"}, {"index": 0, "attribution": -0.03243199735879898, "tweet_id": 524942946765131776, "text": "BREAKING: Peter Mansbridge now reporting one suspect shot dead inside Parliament Hill", "type": "source"}]}