{"thread_id": "524957517294886912", "gold_label": 2, "predicted_label": 2, "tweet_attributions": [{"index": 0, "attribution": 0.3787398636341095, "tweet_id": 524957517294886912, "text": "Gunman on the loose in downtown Ottawa. Canadian citizens disarmed by their government. Target rich environment. #OttawaShooting", "type": "source"}, {"index": 11, "attribution": 0.05132913589477539, "tweet_id": 524966726791098368, "text": "@PrisonPlanet @mettawordlife83 You are an idiot! You REALLY want Canada to become psycho gun nut 30K a year killed America? You're deluded.", "type": "direct_reply"}, {"index": 1, "attribution": 0.02790689654648304, "tweet_id": 524958678198530049, "text": "@PrisonPlanet  You are an idiot.", "type": "direct_reply"}, {"index": 10, "attribution": 0.008422681130468845, "tweet_id": 524967334432501762, "text": "This moron is an alex jones slim ball---&gt; @PrisonPlanet @mettawordlife83", "type": "direct_reply"}, {"index": 7, "attribution": 0.006016130093485117, "tweet_id": 524959094067957760, "text": "@PrisonPlanet @billybatts6670 9.9 million squared miles of GUN SAFE ZONE.", "type": "direct_reply"}, {"index": 12, "attribution": 0.002689927816390991, "tweet_id": 524967026914516992, "text": "@PatrickHenry999 @PrisonPlanet You are an idiot! You REALLY want Canada to become psycho gun nut 30K a year killed America? You're deluded.", "type": "lower_reply"}, {"index": 6, "attribution": 0.0022984070237725973, "tweet_id": 524960715191644160, "text": "@PrisonPlanet @Mangan150 Oops, time to crack down on deer hunters. lol", "type": "direct_reply"}, {"index": 14, "attribution": 0.0012473512906581163, "tweet_id": 524957960393338880, "text": "@PrisonPlanet So not the time, IMHO.", "type": "direct_reply"}, {"index": 3, "attribution": -0.0036259100306779146, "tweet_id": 524960583125590019, "text": "@PrisonPlanet fuck you.", "type": "direct_reply"}, {"index": 8, "attribution": -0.012212276458740234, "tweet_id": 524965447154675712, "text": "@PrisonPlanet @isapatriot \n#GunFreeCountry \n\u266a  Whatcha gonna do when they come for you?  \u266b", "type": "direct_reply"}, {"index": 17, "attribution": -0.01418038085103035, "tweet_id": 524963793458434048, "text": "@PrisonPlanet Barely an hour for you lot to politicize this shit, eh? Anything for money, I suppose.", "type": "direct_reply"}, {"index": 13, "attribution": -0.0401967391371727, "tweet_id": 524959306467524608, "text": "@PrisonPlanet We have more guns per capita than our neighbours down south #Canada #FromMyColdDeadHands", "type": "direct_reply"}, {"index": 5, "attribution": -0.04333905503153801, "tweet_id": 524967098687430656, "text": "@PrisonPlanet @Atheist_Eh @DuncanWeston @AtheistEngineer this is why I will never relinquish my rights to bear arms", "type": "direct_reply"}, {"index": 2, "attribution": -0.04777097329497337, "tweet_id": 524960344620269568, "text": "@PrisonPlanet \"Target rich environment\". Sounds like you're planning something.", "type": "direct_reply"}, {"index": 18, "attribution": -0.051492515951395035, "tweet_id": 524958844133199872, "text": "\u201c@PrisonPlanet: Gunman on loose in downtown Ottawa. Canadian citizens disarmed by their government. Target rich environment #OttawaShooting\u201d", "type": "direct_reply"}, {"index": 16, "attribution": -0.057230401784181595, "tweet_id": 524966737432039424, "text": "@PrisonPlanet Hundreds of armed cops on the scene dozens of armed rcmp on hill. Not having guns was not the prob today.", "type": "direct_reply"}, {"index": 9, "attribution": -0.06500638276338577, "tweet_id": 524966911277551616, "text": "@PrisonPlanet If you pulled out your gun on Sparks Street today you would have been dead.", "type": "direct_reply"}, {"index": 15, "attribution": -0.07497406005859375, "tweet_id": 524959752225587202, "text": "@PrisonPlanet don't talk shite you bloody idiot.", "type": "direct_reply"}, {"index": 4, "attribution": -0.08166743069887161, "tweet_id": 524959187512860672, "text": "@PrisonPlanet Stay classy.", "type": "direct_reply"}]}