{"thread_id": "524971492820647936", "gold_label": 0, "predicted_label": 2, "tweet_attributions": [{"index": 13, "attribution": 2.5621683597564697, "tweet_id": 524977251482624003, "text": "@liam23OFFICAL The parliamentary official who dispatched the shooter is this elderly gentlemen w the golden mace: http://t.co/3VygF6MnsO", "type": "lower_reply"}, {"index": 17, "attribution": 1.6790661811828613, "tweet_id": 524976436504199168, "text": "@liam23OFFICAL It appears the soldier is alive, so don't give up hope yet.  Conservative MP Jason Kenney put that incorrect info out there.", "type": "lower_reply"}, {"index": 3, "attribution": 1.2422083616256714, "tweet_id": 524975975466295297, "text": "@pothen the link doesn't work he deserves it my thoughts are with the poor family that had to be told that sad news", "type": "lower_reply"}, {"index": 7, "attribution": 1.0923701524734497, "tweet_id": 524978219146280960, "text": "@pothen av just looked at his twitter he shouldn't have a job if he's saying stuff like al keep my fingers crossed for the soldier \ud83d\ude10", "type": "lower_reply"}, {"index": 20, "attribution": 0.9629555344581604, "tweet_id": 524981818182098944, "text": "@liam23OFFICAL Sigh.  He just passed.", "type": "lower_reply"}, {"index": 1, "attribution": 0.8029240965843201, "tweet_id": 524972351155617792, "text": "@CNN shoot the person  that shot the soldier right in the head poor family my thoughts are with them all away from the UK", "type": "direct_reply"}, {"index": 8, "attribution": 0.5139626860618591, "tweet_id": 524974390065504256, "text": "@CNN seems as though our country is under attack, not just another random shooting #cdnpoli", "type": "direct_reply"}, {"index": 18, "attribution": 0.492217093706131, "tweet_id": 524971971780837376, "text": "@CNN be strong Ottawa medics and police. Tough day at work.\nBe safe!\n#ivegotyourback911", "type": "direct_reply"}, {"index": 24, "attribution": 0.3602531850337982, "tweet_id": 524973409844080640, "text": "@CNN It is new turn muslim, is it? Why the hell do it? What kind of brain washing it is?", "type": "direct_reply"}, {"index": 21, "attribution": 0.2786407768726349, "tweet_id": 524972719205801984, "text": "@CNN aha and this soldier is dead.", "type": "direct_reply"}, {"index": 23, "attribution": 0.18065764009952545, "tweet_id": 524976921776783360, "text": "@pothen I see well it all over the news in UK that he's has died \ud83d\ude15", "type": "lower_reply"}, {"index": 4, "attribution": -0.020613621920347214, "tweet_id": 524974412702167040, "text": "@CNN maybe the Terrorist are practicing?  A real terror attack would be much bigger than a couple of guards, , 7 shots to our WH,", "type": "direct_reply"}, {"index": 15, "attribution": -0.021219750866293907, "tweet_id": 524972020074037249, "text": "@CNN Oh boy, such an ordinary episode in Brasil. :(", "type": "direct_reply"}, {"index": 2, "attribution": -0.03711378201842308, "tweet_id": 524974499486531584, "text": "@CNN Terrible", "type": "direct_reply"}, {"index": 16, "attribution": -0.08328510075807571, "tweet_id": 524972604353163265, "text": "@CNN Lies and propaganda are traditionally the tools of theocracy, fascism, and totalitarianism.", "type": "direct_reply"}, {"index": 12, "attribution": -0.14987970888614655, "tweet_id": 524975607197622272, "text": "\u201c@CNN: \"I saw one of the soldiers laying on the ground.\" Witnesses depict chaos in #OttawaShooting http://t.co/1XdSeOzzdx\u201d", "type": "direct_reply"}, {"index": 11, "attribution": -0.16358104348182678, "tweet_id": 524974935379542016, "text": "@CNN This is a red flag for all government agencies, ISIS growth must be taken seriously around the world!", "type": "direct_reply"}, {"index": 6, "attribution": -0.17638619244098663, "tweet_id": 524976377112846337, "text": "@CNN Today is a sad day for Canada, but it should be a wake up call to expand national security efforts to avoid any other cold blooded act.", "type": "direct_reply"}, {"index": 19, "attribution": -0.19655416905879974, "tweet_id": 524974444989513731, "text": "@CNN has there been any reports about if the shooter or shooters being  shot or captured?", "type": "direct_reply"}, {"index": 0, "attribution": -0.3286137282848358, "tweet_id": 524971492820647936, "text": "\"I saw one of the soldiers laying on the ground.\" Witnesses depict chaos in #OttawaShooting http://t.co/VeZxrHnPCd http://t.co/1hhIi1ykh2", "type": "source"}, {"index": 9, "attribution": -0.32899683713912964, "tweet_id": 524972797647671296, "text": "@liam23OFFICAL It appears that *this* gentleman DID kill the shooter. http://t.co/nffJIY1jGx #cdnpoli", "type": "lower_reply"}, {"index": 10, "attribution": -0.3347463309764862, "tweet_id": 524971567831187456, "text": "@CNN The results are in!! Our viewers voted on the top online store! Check them out   --&gt; http://t.co/AMv5X4cQKn", "type": "direct_reply"}, {"index": 22, "attribution": -0.34563860297203064, "tweet_id": 524972042186399744, "text": "@CNN can we get some physical descriptions ?  or is that too politically incorrect ?  we wouldn't want to hurt libs in the midterms....smh", "type": "direct_reply"}, {"index": 14, "attribution": -0.468936949968338, "tweet_id": 524971767094599680, "text": "@CNN #Canada nut opens fire...who shoots people there? #Canadians don't hurt anyone! That's like shooting a kitten. #PrayForOttawa @cnnbrk", "type": "direct_reply"}, {"index": 5, "attribution": -0.5520172715187073, "tweet_id": 524982272681070592, "text": "@pothen aww am sorry to hear that \ud83d\ude2e what is this world comeing to \ud83d\ude23", "type": "lower_reply"}]}