{"thread_id": "524966770428243968", "gold_label": 0, "predicted_label": 0, "tweet_attributions": [{"index": 0, "attribution": 0.2702119052410126, "tweet_id": 524966770428243968, "text": "#BREAKING: @kenneyjason confirms the soldier shot this morning has died, a Parliamentary Guard has also been wounded. #OttawaShooting", "type": "source"}, {"index": 3, "attribution": 0.027123363688588142, "tweet_id": 524967490821308416, "text": "@newstalk1010 @kenneyjason this is NOT correct.", "type": "direct_reply"}, {"index": 2, "attribution": -0.0063345362432301044, "tweet_id": 524967834120912896, "text": "@newstalk1010 @LeafsKarl @kenneyjason  Omg...horrible!!!!", "type": "direct_reply"}, {"index": 1, "attribution": -0.03617573156952858, "tweet_id": 524968571508895745, "text": "@newstalk1010 @kenneyjason Terrible, our thoughts with soldiers family", "type": "direct_reply"}, {"index": 4, "attribution": -0.06807852536439896, "tweet_id": 524967138985910272, "text": "@newstalk1010 @kenneyjason I've seen that announcement has been retracted", "type": "direct_reply"}]}