{"thread_id": "524957566502445056", "gold_label": 1, "predicted_label": 0, "tweet_attributions": [{"index": 0, "attribution": 0.2333114594221115, "tweet_id": 524957566502445056, "text": "Reports of a shooting at Rideau Centre have misstated the shooting location.", "type": "source"}, {"index": 8, "attribution": 0.04583905264735222, "tweet_id": 524960299942965248, "text": "\u201c@RideauCentre: Reports of a shooting at Rideau Centre have misstated the shooting location.\u201d", "type": "direct_reply"}, {"index": 5, "attribution": 0.023863792419433594, "tweet_id": 524962937782669312, "text": "\u201c@RideauCentre: Reports of a shooting at Rideau Centre have misstated the shooting location.\u201d Scary stuff", "type": "direct_reply"}, {"index": 3, "attribution": 0.010070210322737694, "tweet_id": 524958734083457024, "text": "\u201c@RideauCentre: Reports of a shooting at Rideau Centre have misstated the shooting location.\u201d", "type": "direct_reply"}, {"index": 7, "attribution": -0.006636368110775948, "tweet_id": 524962669183664129, "text": "@RideauCentre @CBCTheNational guys i know this is a tragedy but please keep shopping at our mall please", "type": "direct_reply"}, {"index": 4, "attribution": -0.022344203665852547, "tweet_id": 524957936645582848, "text": "@RideauCentre they are saying it was outside the mall? Is this not accurate?", "type": "direct_reply"}, {"index": 2, "attribution": -0.023215653374791145, "tweet_id": 524959270891421697, "text": "@RideauCentre so....", "type": "direct_reply"}, {"index": 6, "attribution": -0.028200214728713036, "tweet_id": 524958103176232961, "text": "@RideauCentre You should let @OttawaPolice make the statements. #crisiscomms", "type": "direct_reply"}, {"index": 1, "attribution": -0.03611624613404274, "tweet_id": 524957813416947713, "text": "NO shooting @RideauCentre. #ottawa", "type": "direct_reply"}]}