{"thread_id": "524932935137628160", "gold_label": 0, "predicted_label": 2, "tweet_attributions": [{"index": 15, "attribution": 2.9377896785736084, "tweet_id": 524957372369108993, "text": "@subloke @HDMcC I had confirmed the first gunman was dead when I tweeted.", "type": "lower_reply"}, {"index": 34, "attribution": 2.1014597415924072, "tweet_id": 524958563312357376, "text": "@kellyoxford @subloke you managed to confirm before any other news outlet in Canada. Bravo.", "type": "lower_reply"}, {"index": 1, "attribution": 1.5246275663375854, "tweet_id": 524944658992865280, "text": "@HDMcC @kellyoxford @obiterdictayo CBC news is reporting the gunman has been shot. Are you bitching at them also?", "type": "lower_reply"}, {"index": 30, "attribution": 1.293829083442688, "tweet_id": 524933104742723584, "text": "@kellyoxford Oh Canada\u2026.", "type": "direct_reply"}, {"index": 9, "attribution": 0.8356931209564209, "tweet_id": 524939588406878208, "text": "@alcanlin @kellyoxford great response bro.", "type": "lower_reply"}, {"index": 27, "attribution": 0.8021647930145264, "tweet_id": 524959735091847168, "text": "@HDMcC @subloke I can get confirmation and video from witnesses and pass info along without a news producer. Simple stuff.", "type": "lower_reply"}, {"index": 25, "attribution": 0.5401477217674255, "tweet_id": 524970141189431296, "text": "@HDMcC @kellyoxford @subloke Perhaps all of Twitter should follow HDM so we can learn the proper ways of Tweeting responsibly.", "type": "lower_reply"}, {"index": 3, "attribution": 0.45943358540534973, "tweet_id": 524946657755299840, "text": "@HDMcC maybe people shouldn't look to the tweets of comedy writers for their news facts?", "type": "lower_reply"}, {"index": 31, "attribution": 0.4339127838611603, "tweet_id": 524990987308134400, "text": "@daxshepard1 @HDMcC @kellyoxford No, you're right. We should follow comedic writers and trust their sources. That's my first instinct.", "type": "lower_reply"}, {"index": 6, "attribution": 0.4312114417552948, "tweet_id": 524962247563431936, "text": "@HDMcC @kellyoxford exactly, because they are \"journalists\" and \"dems the rules\" Kelly is a \"comedic writer\" no rules. Go police journalists", "type": "lower_reply"}, {"index": 4, "attribution": 0.38670775294303894, "tweet_id": 524933431793553408, "text": "@kellyoxford the gunman is still on the loose.", "type": "direct_reply"}, {"index": 23, "attribution": 0.23490948975086212, "tweet_id": 524959184928768002, "text": "@HDMcC @kellyoxford where's the \"(sigh) I give up\" emoticon? Do you not understand twitter?", "type": "lower_reply"}, {"index": 8, "attribution": 0.18450118601322174, "tweet_id": 524940223160287232, "text": "@HDMcC @kellyoxford @obiterdictayo why shouldn't a private citizen make a comment on a news event?", "type": "lower_reply"}, {"index": 24, "attribution": 0.11901185661554337, "tweet_id": 524996012847665152, "text": "@jeremysale @daxshepard1 @HDMcC hey kid, go enjoy this weird sense of power I've afforded you this morning. Spend it wisely!!", "type": "lower_reply"}, {"index": 35, "attribution": 0.11802984029054642, "tweet_id": 524996728811175936, "text": "@kellyoxford @daxshepard1 @HDMcC Thanks, that was considerate of you! All the best.", "type": "lower_reply"}, {"index": 19, "attribution": 0.09659095853567123, "tweet_id": 524933385010290688, "text": "@kellyoxford Was it your Canada when that guy beheaded that other guy on the bus? Shit happens, but we're mostly still fine up here", "type": "direct_reply"}, {"index": 18, "attribution": 0.07926766574382782, "tweet_id": 524933274444238848, "text": "@kellyoxford what's your source? That's not confirmed!", "type": "direct_reply"}, {"index": 2, "attribution": 0.06103897467255592, "tweet_id": 524946023165460480, "text": "@subloke @HDMcC @kellyoxford @obiterdictayo they confirm facts before 'reporting'.", "type": "lower_reply"}, {"index": 33, "attribution": 0.05949456989765167, "tweet_id": 524936650087231488, "text": "@kellyoxford @obiterdictayo there has been zero confirmation that gunman is down. Maybe let news outlets on scene handle the reporting.", "type": "lower_reply"}, {"index": 5, "attribution": 0.034615159034729004, "tweet_id": 524941900223381504, "text": "@subloke @kellyoxford @obiterdictayo Not a comment. Stated  gunman had been neutralized.Simply not true. Over 500k followers.Irresponsible.", "type": "lower_reply"}, {"index": 12, "attribution": 0.0328398123383522, "tweet_id": 524943005313409025, "text": "@HDMcC @kellyoxford @obiterdictayo the news report I'm watching currently reported the same thing before Kelly tweeted it.", "type": "lower_reply"}, {"index": 26, "attribution": 0.02993067353963852, "tweet_id": 525522784748060672, "text": "@kellyoxford @daxshepard1 yes from her newly decorated LA living room. Just like Egypt.", "type": "lower_reply"}, {"index": 20, "attribution": 0.01943548396229744, "tweet_id": 524934003892432896, "text": "@kellyoxford might want to actually confirm shit like that before tweeting.", "type": "direct_reply"}, {"index": 32, "attribution": -0.006229201797395945, "tweet_id": 524934776940412929, "text": "@obiterdictayo I know what I'm doing here, thanks.", "type": "lower_reply"}, {"index": 22, "attribution": -0.013050421141088009, "tweet_id": 524945080613093376, "text": "@subloke @kellyoxford @obiterdictayo Stated as fact before news outlets even suggested.Still uncertain.Leave news to news pros.Done here.", "type": "lower_reply"}, {"index": 29, "attribution": -0.05210159718990326, "tweet_id": 524994047451332608, "text": "@kellyoxford @daxshepard1 @HDMcC Kudos to your relaying of second-hand information! Do you have an app?", "type": "lower_reply"}, {"index": 7, "attribution": -0.07532095164060593, "tweet_id": 524962953695858689, "text": "@daxshepard1 @HDMcC THANK YOU.", "type": "lower_reply"}, {"index": 16, "attribution": -0.09317091852426529, "tweet_id": 524935670260047872, "text": "@kellyoxford It's Harper's Canada though", "type": "direct_reply"}, {"index": 11, "attribution": -0.1191248968243599, "tweet_id": 524933486407602176, "text": "@kellyoxford please wait on this. Also sounds like multiple suspects. People need to stay vigilant.", "type": "direct_reply"}, {"index": 13, "attribution": -0.15347304940223694, "tweet_id": 524958146343624704, "text": "@kellyoxford @HDMcC I had heard the same before I saw you &amp; many others tweet.", "type": "lower_reply"}, {"index": 17, "attribution": -0.20817500352859497, "tweet_id": 524940370321629184, "text": "@TwitchieRich @kellyoxford I try\u2026. Unfortunately I don\u2019t think it\u2019d protect me against bullets", "type": "lower_reply"}, {"index": 21, "attribution": -0.25502637028694153, "tweet_id": 524960764503674880, "text": "@kellyoxford @HDMcC maybe you should have a news crew on retainer just in case. Rapid deploy anywhere breaking news happens.", "type": "lower_reply"}, {"index": 10, "attribution": -0.30298134684562683, "tweet_id": 524993526564929536, "text": "@jeremysale @daxshepard1 @HDMcC seeing as though I was 100% correct, yes.", "type": "lower_reply"}, {"index": 14, "attribution": -0.41116535663604736, "tweet_id": 524939106367721472, "text": "@kellyoxford my thoughts also", "type": "direct_reply"}, {"index": 28, "attribution": -0.5101571083068848, "tweet_id": 524933148380237825, "text": "@kellyoxford agreed", "type": "direct_reply"}, {"index": 0, "attribution": -0.8221323490142822, "tweet_id": 524932935137628160, "text": "The gunman in Ottawa has been shot and killed. I'm at a loss for words this morning. That isn't my Canada.", "type": "source"}]}