{"thread_id": "524980504324358144", "gold_label": 0, "predicted_label": 2, "tweet_attributions": [{"index": 5, "attribution": 2.437910556793213, "tweet_id": 524989649266413568, "text": "@chianneed @michaeldickson time for tears will come later, now is the time to stand up and hunt this scum down #CDAshouldertoshoulderUS", "type": "lower_reply"}, {"index": 7, "attribution": 1.6187208890914917, "tweet_id": 524989947686957057, "text": "@jmschrch @michaeldickson I stand by ur side with no hesitations", "type": "lower_reply"}, {"index": 15, "attribution": 1.3451730012893677, "tweet_id": 524987031794221056, "text": ".@Jewpac_Shalom @michaeldickson Yeah. Whatever that is supposed to be. lol", "type": "lower_reply"}, {"index": 13, "attribution": 0.9073943495750427, "tweet_id": 524986855046250497, "text": "@LaDonnaRae1961 @michaeldickson moderate terror.", "type": "lower_reply"}, {"index": 17, "attribution": 0.8622321486473083, "tweet_id": 524981019137822720, "text": "@michaeldickson we in Canada just got a small taste of the terrorist scum that Israel has endured for decades, #CanadastandswithIsrael", "type": "direct_reply"}, {"index": 9, "attribution": 0.7970793843269348, "tweet_id": 524990190017085440, "text": "@chianneed @michaeldickson right back at ya friend", "type": "lower_reply"}, {"index": 10, "attribution": 0.7556731104850769, "tweet_id": 524985603902169089, "text": ".@michaeldickson \"Extremist terror\"? Is there a less-extreme terror? Never mind. Just one of those days.", "type": "direct_reply"}, {"index": 12, "attribution": 0.6677716374397278, "tweet_id": 524987265823801344, "text": "@LaDonnaRae1961 @michaeldickson one up from mild terror.", "type": "lower_reply"}, {"index": 16, "attribution": 0.5571823716163635, "tweet_id": 524988853414019072, "text": "@jmschrch @michaeldickson from Texas and am sorry that they have found you all up there. Am praying for all of you. I am crying for all", "type": "lower_reply"}, {"index": 6, "attribution": 0.24744224548339844, "tweet_id": 524983491231240193, "text": "@jmschrch @michaeldickson Sadly Islamism is a bad name for Muslims. An 'ebola' that must be destroyed before it takes over the West.", "type": "lower_reply"}, {"index": 1, "attribution": 0.16009236872196198, "tweet_id": 524983060027027456, "text": "@jmschrch @michaeldickson  Your words say it all!", "type": "lower_reply"}, {"index": 3, "attribution": 0.08971639722585678, "tweet_id": 524984418167844864, "text": "@michaeldickson agreed it's horrible!", "type": "direct_reply"}, {"index": 4, "attribution": 0.015598165802657604, "tweet_id": 525000596848254976, "text": "@michaeldickson @pmatons GOD TAKE IN HIS ARMS THE OTTAWA SOLDIER AND THE JERUSALEM BABY. MA THEY BOTH RIP", "type": "direct_reply"}, {"index": 11, "attribution": -0.08551084250211716, "tweet_id": 524990630607716352, "text": "@jmschrch @michaeldickson thanks. Together there is nothing we can't do", "type": "lower_reply"}, {"index": 8, "attribution": -0.0866829976439476, "tweet_id": 524987446984204288, "text": ".@Jewpac_Shalom @michaeldickson Stop it. You're going to make me laugh, and I am too angry! I don't want to laugh! ;-)", "type": "lower_reply"}, {"index": 14, "attribution": -0.16379930078983307, "tweet_id": 525000051005722625, "text": "@michaeldickson @pmatons IT SEEMS SOMETIMES TERROR STRIKES LIKE THE SHOOTING STARS, NOW HERE NOW THERE,V KNOW NOT WHERE: OTTAWA OR JERUSALEM", "type": "direct_reply"}, {"index": 0, "attribution": -0.19524209201335907, "tweet_id": 524980504324358144, "text": "Terror in #Canada &amp; #Israel today. A soldier murdered in Ottawa, a baby murdered in Jerusalem. Extremist terror is scourge of modern world", "type": "source"}, {"index": 2, "attribution": -0.43509814143180847, "tweet_id": 525007230417252352, "text": "@michaeldickson with one big  difference the killer of Israeli baby is the Hamas and Obama and Europeans leaders support him", "type": "direct_reply"}]}