{"thread_id": "524973811092193280", "gold_label": 0, "predicted_label": 0, "tweet_attributions": [{"index": 0, "attribution": 0.06240057572722435, "tweet_id": 524973811092193280, "text": "#OttawaShooting @RCMP_Nat_Div press conference will be held at 2 pm today", "type": "source"}, {"index": 4, "attribution": 0.058025311678647995, "tweet_id": 524975319925915648, "text": "@ErinAnderssen @globeandmail Hope to say CDA recalling CF18s and ending foreign entanglements. #cdnpoli  http://t.co/tapy7HBoSW", "type": "direct_reply"}, {"index": 2, "attribution": 0.0518483929336071, "tweet_id": 524974459359617024, "text": "@ErinAnderssen @globeandmail @RCMP_Nat_Div 5PM PST?", "type": "direct_reply"}, {"index": 1, "attribution": 0.04534924402832985, "tweet_id": 524974669863350273, "text": "RT @ErinAnderssen:  #OttawaShooting @RCMP_Nat_Div press conference will be held at 2 pm today.", "type": "direct_reply"}, {"index": 3, "attribution": 0.018259970471262932, "tweet_id": 524975142305542144, "text": "@ErinAnderssen So is it over? What about the one's still at large?", "type": "direct_reply"}]}