{"thread_id": "524940716733370374", "gold_label": 2, "predicted_label": 2, "tweet_attributions": [{"index": 18, "attribution": 0.44990453124046326, "tweet_id": 524942298850004993, "text": "@SkyNews Good luck guy and gals, don't take chances take them out!", "type": "direct_reply"}, {"index": 19, "attribution": 0.3779577910900116, "tweet_id": 524942219216969728, "text": "@SkyNews More shootings! @bpmacd", "type": "direct_reply"}, {"index": 1, "attribution": 0.26370474696159363, "tweet_id": 524942058675793920, "text": "@SkyNews whooo", "type": "direct_reply"}, {"index": 8, "attribution": 0.2291383296251297, "tweet_id": 524943111068602368, "text": "@SkyNews Whoever invented the gun needs shooting.", "type": "direct_reply"}, {"index": 13, "attribution": 0.22659093141555786, "tweet_id": 524967025350041600, "text": "@SkyNews @willy_cole15  Watching it out my window at work #alittletooclose", "type": "direct_reply"}, {"index": 7, "attribution": 0.1449037492275238, "tweet_id": 524941053020078080, "text": "@SkyNews wait,things like that don't happen in #Canada \ud83d\ude31\ud83d\ude33", "type": "direct_reply"}, {"index": 6, "attribution": 0.1097416952252388, "tweet_id": 524946812512534529, "text": "@SkyNews @heatherfoxnews that's what there going to do in the WH, because nobody cares, oh it's not gonna happen here WAKE UP!", "type": "direct_reply"}, {"index": 16, "attribution": 0.10415495187044144, "tweet_id": 524943240446095360, "text": "@c_fluffinfluff @SkyNews Yup. Must be the end of the world.", "type": "lower_reply"}, {"index": 9, "attribution": 0.05362338200211525, "tweet_id": 524942977027022848, "text": "@SkyNews @Lily_jordanx", "type": "direct_reply"}, {"index": 11, "attribution": 0.03624469414353371, "tweet_id": 524951309955256320, "text": "@SkyNews: Shots fired inside Ottawa's Parliament building. Canadian police say shooting suspect is still at large. https://t.co/xHzfDR6C3v", "type": "direct_reply"}, {"index": 5, "attribution": 0.017664549872279167, "tweet_id": 524987171376492546, "text": "@SkyNews scary!!!", "type": "direct_reply"}, {"index": 10, "attribution": 0.016136933118104935, "tweet_id": 524940948577738753, "text": "@SkyNews shooting suspect at large, not a medium or small then?", "type": "direct_reply"}, {"index": 17, "attribution": 0.004723499994724989, "tweet_id": 524941819964956674, "text": "Shots are fired inside Ottawa's Parliament building. Canadian police say shooting suspect is still  large https://t.co/1iv0CDY5xb  @SkyNews", "type": "direct_reply"}, {"index": 12, "attribution": -0.0040232096798717976, "tweet_id": 524945019837636608, "text": "@SkyNews the solider was receiving emergency CPR any news on his condition now.", "type": "direct_reply"}, {"index": 15, "attribution": -0.026164939627051353, "tweet_id": 524943875908321281, "text": "@SkyNews @heatherfoxnews God help them find this perpetrator.", "type": "direct_reply"}, {"index": 2, "attribution": -0.04390859231352806, "tweet_id": 524945739957669888, "text": "@SkyNews this makes me so fucking mad! There are no words !", "type": "direct_reply"}, {"index": 3, "attribution": -0.08369763940572739, "tweet_id": 524945812447830017, "text": "@SkyNews @EricAmey2 that's some stellar security goin' on in the Canadian Parliament I see, much like the WH Secret disService is here!", "type": "direct_reply"}, {"index": 14, "attribution": -0.09098421782255173, "tweet_id": 524945326307045376, "text": "@SkyNews Somebody at Our Congress and you Parliament should reinforce security now! This might be the start of it!", "type": "lower_reply"}, {"index": 4, "attribution": -0.21090596914291382, "tweet_id": 524943217478078464, "text": "@ShaneStephens @SkyNews I'm listening to it on the radio it's scary stuff. I was only up there at the start of September", "type": "lower_reply"}, {"index": 0, "attribution": -0.8962381482124329, "tweet_id": 524940716733370374, "text": "WATCH: Shots are fired inside Ottawa's Parliament building. Canadian police say shooting suspect is still at large. https://t.co/mzxG4e8m84", "type": "source"}]}