{"thread_id": "524927695633666049", "gold_label": 0, "predicted_label": 2, "tweet_attributions": [{"index": 1, "attribution": 0.174077108502388, "tweet_id": 524935570381086720, "text": "@satyaolivier \u201c@CdnPress: UPDATE: Shots fired on Parliament Hill, soldier injured at National War Memorial in Ottawa http://t.co/UORoNt573g\u201d", "type": "direct_reply"}, {"index": 3, "attribution": 0.0755007341504097, "tweet_id": 524928272887742464, "text": "\u201c@CdnPress: UPDATE: Shots fired on Parliament Hill, soldier injured at National War Memorial in Ottawa http://t.co/eUj4IRQeWx\u201d #WorldNews", "type": "direct_reply"}, {"index": 7, "attribution": 0.06568086892366409, "tweet_id": 524950615722819584, "text": "@CdnPress @TSNBobMcKenzie What???", "type": "direct_reply"}, {"index": 6, "attribution": 0.03333771601319313, "tweet_id": 524947099532918785, "text": "@CdnPress: Listening to @1310news via @tunein. Praying for every1 in #Ottawa &amp; #Canada. #PrayersForOttawa", "type": "direct_reply"}, {"index": 8, "attribution": 0.014769804663956165, "tweet_id": 524928175311446017, "text": "@CdnPress", "type": "direct_reply"}, {"index": 5, "attribution": -0.01664370484650135, "tweet_id": 524928573954863104, "text": "RT @CdnPress: UPDATE: Shots fired on Parliament Hill, soldier injured at National War Memorial in Ottawa http://t.co/2ylneIBVU2", "type": "direct_reply"}, {"index": 9, "attribution": -0.01804077811539173, "tweet_id": 524941574170742784, "text": "\u201c@CdnPress: UPDATE: Shots fired on Parliament Hill, soldier injured at National War Memorial in Ottawa http://t.co/gjWxCou4Qp\u201d", "type": "direct_reply"}, {"index": 4, "attribution": -0.019479958340525627, "tweet_id": 524936501080391680, "text": "@WahtswithAndy O.o", "type": "lower_reply"}, {"index": 10, "attribution": -0.02276117540895939, "tweet_id": 524928091479867392, "text": "\u201c@CdnPress: UPDATE: Shots fired on Parliament Hill, soldier injured at National War Memorial in Ottawa http://t.co/LHpMaHZBtX\u201d.  WTF", "type": "direct_reply"}, {"index": 2, "attribution": -0.02947709523141384, "tweet_id": 524933202801336320, "text": "@CdnPress @TSNBobMcKenzie", "type": "direct_reply"}, {"index": 0, "attribution": -0.08549953252077103, "tweet_id": 524927695633666049, "text": "UPDATE: Shots fired on Parliament Hill, soldier injured at National War Memorial in Ottawa http://t.co/6IRrutW1PI", "type": "source"}]}