{"thread_id": "524979668282519552", "gold_label": 2, "predicted_label": 0, "tweet_attributions": [{"index": 0, "attribution": 0.6071456670761108, "tweet_id": 524979668282519552, "text": "Ottawa hospital confirms it's treating 3 #OttawaShooting victims - 2 in stable condition\nhttp://t.co/IbLAWEjEeD http://t.co/zSoC0VxOKN", "type": "source"}, {"index": 12, "attribution": 0.07066886126995087, "tweet_id": 524980352247672833, "text": "@BBCBreaking the wars borders have been extended to Canada now", "type": "direct_reply"}, {"index": 13, "attribution": 0.037950512021780014, "tweet_id": 524979772225748993, "text": "@BBCBreaking @piersmorgan", "type": "direct_reply"}, {"index": 3, "attribution": 0.03370320424437523, "tweet_id": 524982075670417408, "text": "@BBCBreaking", "type": "direct_reply"}, {"index": 8, "attribution": 0.003232430899515748, "tweet_id": 524984760230498304, "text": "@BBCBreaking @BBCWorld BBC calls it a shooting until they know it was brown people, then it will be a terrorist attack", "type": "direct_reply"}, {"index": 2, "attribution": -0.0022556704934686422, "tweet_id": 525018048940744704, "text": "@BBCBreaking", "type": "direct_reply"}, {"index": 6, "attribution": -0.00499939126893878, "tweet_id": 524986962361712640, "text": "@BBCBreaking @holly1950 So what has Canada done to provoke attacks? Tired of the BS excuses for terror. Man up, LET'S ROLL!", "type": "direct_reply"}, {"index": 11, "attribution": -0.01747662015259266, "tweet_id": 524990920740319232, "text": "@BBCBreaking", "type": "direct_reply"}, {"index": 5, "attribution": -0.026149241253733635, "tweet_id": 524980367854682113, "text": "@BBCBreaking Giralo a politici e sindacalisti: https://t.co/7A7Y8Q3HH3", "type": "direct_reply"}, {"index": 1, "attribution": -0.03173547610640526, "tweet_id": 524984686305878018, "text": "@BBCBreaking They kill in an open liberal society. A society which is too liberal and too open for its own good.", "type": "direct_reply"}, {"index": 15, "attribution": -0.040144022554159164, "tweet_id": 524979890836484099, "text": "@BBCBreaking more senseless violence #OttawaShooting #Ottawa", "type": "direct_reply"}, {"index": 10, "attribution": -0.04355047270655632, "tweet_id": 524981387258912768, "text": "@BBCBreaking http://t.co/yN7dL9dFzU", "type": "direct_reply"}, {"index": 7, "attribution": -0.07860613614320755, "tweet_id": 524979996189020160, "text": "@BBCBreaking How about you stop showing pictures of the bald guy running around like hes fucking John McClane", "type": "direct_reply"}, {"index": 4, "attribution": -0.1203465685248375, "tweet_id": 524990469441617921, "text": "@BBCBreaking 2 delle tre vittime in condizioni stabil\u00ec?", "type": "direct_reply"}, {"index": 9, "attribution": -0.12655971944332123, "tweet_id": 524994967992012800, "text": "@reuvenir @BBCBreaking @pinksliptv BBC see clearly not without taking off it blinkers", "type": "lower_reply"}, {"index": 14, "attribution": -0.43049290776252747, "tweet_id": 524992458954788864, "text": "@BBCBreaking @pinksliptv SAY IT CLEARLY - TERROR ATTACK!!!", "type": "direct_reply"}]}