{"thread_id": "524962199543230464", "gold_label": 1, "predicted_label": 2, "tweet_attributions": [{"index": 10, "attribution": 3.9727373123168945, "tweet_id": 524967291893460992, "text": "@Karentalk no confirmation it is sanctioned, funded, or inspired by ISIS (now IS) yet. could be anything or anyone, with any motivation.", "type": "lower_reply"}, {"index": 4, "attribution": 2.579559326171875, "tweet_id": 524963264069775360, "text": "@cnni OTTAWA CANADA UNDER ATTACK..MULTIPLE SHOOTERS..PLEASE MR. PRESIDENT CHANGE YOUR POLICY..UNLEASH HELL ON ISIS NOW..STOP THEM PLEASE.", "type": "direct_reply"}, {"index": 15, "attribution": 0.8627856373786926, "tweet_id": 524962612996751360, "text": "@cnni Do we now fear Guns or perceive African Ebola.", "type": "direct_reply"}, {"index": 16, "attribution": 0.8143166899681091, "tweet_id": 524967426257993729, "text": "@bunyatta the ebola scare is definitely overblown.", "type": "lower_reply"}, {"index": 2, "attribution": 0.48956772685050964, "tweet_id": 524966927567839232, "text": "@cnni Your anchor called an image of the Valiants Memorial (also in confederation square) the Nat'l War Memorial. http://t.co/RnBiz8foqG", "type": "direct_reply"}, {"index": 13, "attribution": 0.45001277327537537, "tweet_id": 524968424821096449, "text": "@cpcolinchau keep watching the news..this is ISIS..and they are here..targeted soldier guarding war memorial..other soldiers..", "type": "lower_reply"}, {"index": 19, "attribution": 0.4491848051548004, "tweet_id": 524968745832153088, "text": "@cpcolinchau PLEASE PRAY FOR OTTAWA CANADA..AND ALL THOSE WHO ARE BEING ATTACKED BY ISIS..THE WORLD NEEDS TO STOP ISIS NOW", "type": "lower_reply"}, {"index": 12, "attribution": 0.325717955827713, "tweet_id": 524964009401790464, "text": "@cnni @CNN There were reports on one being injured, I acquire.", "type": "direct_reply"}, {"index": 9, "attribution": 0.28016549348831177, "tweet_id": 524968048185204738, "text": "@cpcolinchau witness statements...highly descriptive..driving a car..no plates..multiple shooters..on the roofs..entered parliment..lockdown", "type": "lower_reply"}, {"index": 17, "attribution": 0.21856029331684113, "tweet_id": 524969404115611648, "text": "@Karentalk Yes, high likelihood. but just wait like a few hours for the confirmation. no need to emotional about it.", "type": "lower_reply"}, {"index": 0, "attribution": 0.15567876398563385, "tweet_id": 524962199543230464, "text": "No one hurt in shooting at Ottawa's Rideau Centre -- scene of 1 of 3 attacks, Canadian police say. http://t.co/qsAnGNqBEw #ottawashooting", "type": "source"}, {"index": 3, "attribution": 0.10467883944511414, "tweet_id": 524970070477656064, "text": "@cnni R.I.P to those killed except the shooter, burn in hell", "type": "direct_reply"}, {"index": 11, "attribution": 0.0449574775993824, "tweet_id": 524969033783726080, "text": "@Karentalk no need to spec. x likely env. activists, or animal rights actvs. won't be long before details r out. wait http://t.co/7N3PubQdDN", "type": "lower_reply"}, {"index": 7, "attribution": 0.02759641222655773, "tweet_id": 524964484616847360, "text": "@cnni ISIS, baby. ISIS, baby.", "type": "direct_reply"}, {"index": 14, "attribution": 0.007423975970596075, "tweet_id": 524969694487248896, "text": "@Karentalk y did u wait for today to say this? and it's IS now, not ISIS. there are many oth things we need to stop too. we're working on it", "type": "lower_reply"}, {"index": 18, "attribution": -0.033872123807668686, "tweet_id": 524964390114566146, "text": "@cnni the work of muslim fundos", "type": "direct_reply"}, {"index": 8, "attribution": -0.07602059096097946, "tweet_id": 524970636146266112, "text": "@Karentalk 4 many of us it is our job to deal w/ this stuff daily.there's a bigger picture w/ many mving parts.let'em work w/out the noise.", "type": "lower_reply"}, {"index": 6, "attribution": -0.11504767090082169, "tweet_id": 524965016890781698, "text": "@cnni @CNN sad for Canada, we are used to this like Americans are with guns etc", "type": "direct_reply"}, {"index": 1, "attribution": -0.2442149966955185, "tweet_id": 524976464136257536, "text": "@cnni 1 dead 2 injured", "type": "direct_reply"}, {"index": 5, "attribution": -0.3956608474254608, "tweet_id": 524968046788870146, "text": "@cpcolinchau Thanks brother for your good judgement.", "type": "lower_reply"}]}