{"thread_id": "524979133366165504", "gold_label": 0, "predicted_label": 2, "tweet_attributions": [{"index": 8, "attribution": 2.020923376083374, "tweet_id": 524979389856223232, "text": "@SportsCenter @marcHall_", "type": "direct_reply"}, {"index": 7, "attribution": 1.5729635953903198, "tweet_id": 524981168517943296, "text": "@jGrinz @SportsCenter wow now I'm fucking pissed off", "type": "lower_reply"}, {"index": 1, "attribution": 0.5259276032447815, "tweet_id": 524981249668943872, "text": "@marcHall_ @SportsCenter figured I'd tag ya", "type": "lower_reply"}, {"index": 2, "attribution": 0.2705250084400177, "tweet_id": 524987417326260226, "text": "@Haydar_runs @SportsCenter every place on the earth is violent", "type": "lower_reply"}, {"index": 3, "attribution": 0.11798692494630814, "tweet_id": 524982333058088960, "text": "\u201c@SportsCenter: Tonight's game between Maple Leafs &amp; Senators has been postponed after shootings in Ottawa. \u00bb http://t.co/Cl5uKUKdlo\u201d", "type": "direct_reply"}, {"index": 9, "attribution": 0.08256136626005173, "tweet_id": 524979400388149248, "text": "@SportsCenter people actually shoot eachother in Canada? #GodDammitDrake", "type": "direct_reply"}, {"index": 10, "attribution": 0.032357390969991684, "tweet_id": 524979246633336832, "text": "@SportsCenter Bruh\ud83d\ude33", "type": "direct_reply"}, {"index": 5, "attribution": 0.007297047879546881, "tweet_id": 524980806071386112, "text": "@SportsCenter Shootings so rare... Hockey Postponed in CANADA?! The states would just detour the traffic! #bemorelikecanada\n@ThatKevinSmith", "type": "direct_reply"}, {"index": 4, "attribution": -0.21179991960525513, "tweet_id": 524981379272957953, "text": "@SportsCenter canada is getting violent \ud83d\ude33", "type": "direct_reply"}, {"index": 6, "attribution": -0.2922458350658417, "tweet_id": 524980225256325120, "text": "@SportsCenter Swift justice for all of the bastards that had anything to do with this senseless killing in Ottawa.  No OJ or Oscar justice!", "type": "direct_reply"}, {"index": 0, "attribution": -0.7035805583000183, "tweet_id": 524979133366165504, "text": "Tonight's game between Maple Leafs &amp; Senators has been postponed after shootings in Ottawa this morning. \u00bb http://t.co/OXpRxAjwCE", "type": "source"}]}