{"thread_id": "524974885362479104", "gold_label": 0, "predicted_label": 0, "tweet_attributions": [{"index": 0, "attribution": 0.2428741604089737, "tweet_id": 524974885362479104, "text": "BREAKING: CTV News reports that a solider wounded in a shooting at the National War Memorial has died.", "type": "source"}, {"index": 4, "attribution": 0.056385282427072525, "tweet_id": 524975215282237440, "text": "@CP24 On whose official confirmation?", "type": "direct_reply"}, {"index": 9, "attribution": 0.04719541594386101, "tweet_id": 524975042250432512, "text": "@CP24 so damn sad", "type": "direct_reply"}, {"index": 8, "attribution": 0.028846686705946922, "tweet_id": 524975611312607233, "text": "\u201c@CP24: BREAKING: CTV News reports that a solider wounded in a shooting at the National War Memorial has died.\u201d \ud83d\ude2a", "type": "direct_reply"}, {"index": 3, "attribution": 0.0183881688863039, "tweet_id": 524975846579515392, "text": "@CP24 so sad. Thoughts go out to the family.", "type": "direct_reply"}, {"index": 16, "attribution": 0.017295511439442635, "tweet_id": 524975040908251137, "text": "\u201c@CP24: BREAKING: CTV News reports that a solider wounded in a shooting at the National War Memorial has died.\u201d Praying for his family.", "type": "direct_reply"}, {"index": 7, "attribution": 0.007992877624928951, "tweet_id": 524975057526079488, "text": "\u201c@CP24: BREAKING: CTV News reports that a solider wounded in a shooting at the National War Memorial has died.\u201d \ud83d\ude14\ud83d\ude14", "type": "direct_reply"}, {"index": 13, "attribution": 0.00748554477468133, "tweet_id": 524975393749876737, "text": "\u201c@CP24: BREAKING: CTV News reports that a solider wounded in a shooting at the National War Memorial has died.\u201d Rest in peace.", "type": "direct_reply"}, {"index": 10, "attribution": 0.0012655575992539525, "tweet_id": 524975977349525505, "text": "\u201c@CP24: BREAKING: CTV News reports that a solider wounded in a shooting at the National War Memorial has died.\u201d  :( so sad", "type": "direct_reply"}, {"index": 1, "attribution": -0.007884754799306393, "tweet_id": 524975377878618112, "text": "\u201c@CP24: BREAKING: CTV News reports that a solider wounded in a shooting at the National War Memorial has died.\u201d R.I.P", "type": "direct_reply"}, {"index": 14, "attribution": -0.00915329810231924, "tweet_id": 524998734636400641, "text": "@coriferguson @CP24 chief of police", "type": "lower_reply"}, {"index": 15, "attribution": -0.015707967802882195, "tweet_id": 524975681604976640, "text": "\u201c@CP24: BREAKING: CTV News reports that a solider wounded in a shooting at the National War Memorial has died.\u201d :'( this is heartbreaking.", "type": "direct_reply"}, {"index": 12, "attribution": -0.0226591844111681, "tweet_id": 524975261276971010, "text": "@CP24 2 soldiers in 3 days.... might wanna raise that threat level to high", "type": "direct_reply"}, {"index": 11, "attribution": -0.027367623522877693, "tweet_id": 524979893168513026, "text": "@coriferguson @CP24 Probably that arsehole @kenneyjason being a 'twat' on Twitter!!!", "type": "lower_reply"}, {"index": 17, "attribution": -0.032162271440029144, "tweet_id": 524975736541560833, "text": "@CP24 @andrewbostom so sad.  thoughts and prayers to his family.", "type": "direct_reply"}, {"index": 6, "attribution": -0.03315914049744606, "tweet_id": 524975375668224000, "text": "@CP24 and cp24 with the late news", "type": "direct_reply"}, {"index": 2, "attribution": -0.04094840958714485, "tweet_id": 524975800148561921, "text": "@CP24 breaks our hearts #GodBless and our condolences to his family #truenorthstrongandfree", "type": "direct_reply"}, {"index": 5, "attribution": -0.05950881168246269, "tweet_id": 524975588218789889, "text": "\u201c@CP24: BREAKING: CTV News reports that a solider wounded in a shooting at the National War Memorial has died.\u201d let's hope this ends soon", "type": "direct_reply"}]}