{"thread_id": "524965165759221760", "gold_label": 0, "predicted_label": 2, "tweet_attributions": [{"index": 5, "attribution": 1.4934271574020386, "tweet_id": 524966820496039936, "text": "@TorontoStar @LittleCityCharm We heard he is listed in critical condition...", "type": "direct_reply"}, {"index": 4, "attribution": 0.4335780441761017, "tweet_id": 524966948598054912, "text": "@AndreaLakey @TorontoStar I'm not sure- it's been confirmed and then not. ?", "type": "lower_reply"}, {"index": 7, "attribution": 0.3110833168029785, "tweet_id": 524966818184560641, "text": "@TorontoStar @TrevorBoller Damn it.", "type": "direct_reply"}, {"index": 14, "attribution": 0.18494154512882233, "tweet_id": 524967667342385152, "text": "Dammit. \u201c@TorontoStar: #BREAKING Minister of Employment Jason Kenney confirms the soldier shot in Ottawa is dead #RIP", "type": "direct_reply"}, {"index": 10, "attribution": 0.14549574255943298, "tweet_id": 524967135232421888, "text": "@TorontoStar How does he know? Maybe he's wrong? I wouldn't call it confirmation.", "type": "direct_reply"}, {"index": 13, "attribution": 0.1286173015832901, "tweet_id": 524968489413791744, "text": ":( :( :( @TorontoStar: #BREAKING Minister of Employment Jason Kenney confirms the soldier shot in Ottawa is dead http://t.co/udI7f2CZFO", "type": "direct_reply"}, {"index": 16, "attribution": 0.09520391374826431, "tweet_id": 524969822996922369, "text": "@LittleCityCharm @TorontoStar i think they just confirmed it ; ( sad day sad day...", "type": "lower_reply"}, {"index": 15, "attribution": 0.07846642285585403, "tweet_id": 524968576571408384, "text": "@SkipStartsHere @TorontoStar Global reporting that the first part of tweet was in regards to previous solider incident in Quebec.", "type": "lower_reply"}, {"index": 19, "attribution": 0.06294555962085724, "tweet_id": 524967382469869568, "text": "@TorontoStar: Minister of Employment Jason Kenney confirms the soldier shot in Ottawa is dead http://t.co/X37eJrH39q #RIP", "type": "direct_reply"}, {"index": 2, "attribution": 0.061138201504945755, "tweet_id": 524967728281825281, "text": "@InsideOilers @TorontoStar he did tweet it though.", "type": "lower_reply"}, {"index": 3, "attribution": 0.03633437305688858, "tweet_id": 524966339702980608, "text": "This is heartbreaking \u201c@TorontoStar: #BREAKING Soldier shot in Ottawa is dead http://t.co/UKG0pcDCQO http://t.co/vM8j7ldCOC\u201d", "type": "direct_reply"}, {"index": 8, "attribution": 0.033008068799972534, "tweet_id": 524965541149433858, "text": "@TorontoStar @ryanpaulgibson how heartbreaking", "type": "direct_reply"}, {"index": 1, "attribution": 0.027166128158569336, "tweet_id": 524969439385878528, "text": "@SkipStartsHere @TorontoStar Global discussed that tweet. I'm just going off what I'm hearing by them.", "type": "lower_reply"}, {"index": 6, "attribution": -0.013867918401956558, "tweet_id": 524966557605462020, "text": "\u201c@TorontoStar: #BREAKING Minister of Employment Jason Kenney confirms the soldier shot in Ottawa is dead http://t.co/ZXCgIOV9Ur &gt; My God.", "type": "direct_reply"}, {"index": 12, "attribution": -0.048915620893239975, "tweet_id": 524968405137637376, "text": "@TorontoStar My heart goes out to &amp; my thoughts are with fallen Soldier's family &amp; loved ones.", "type": "direct_reply"}, {"index": 9, "attribution": -0.08519753813743591, "tweet_id": 524966078649081857, "text": "\u201c@TorontoStar: #BREAKING Minister of Employment Jason Kenney confirms the soldier shot in Ottawa is dead http://t.co/dhR0dohtnh\u201d \ud83d\ude14\ud83d\ude14", "type": "direct_reply"}, {"index": 20, "attribution": -0.10685206204652786, "tweet_id": 524965707722002433, "text": "@TorontoStar OMG", "type": "direct_reply"}, {"index": 11, "attribution": -0.11941494792699814, "tweet_id": 524965732585463809, "text": "@TorontoStar heartbreaking. Thoughts are with the family.", "type": "direct_reply"}, {"index": 17, "attribution": -0.16747353971004486, "tweet_id": 524967414304612352, "text": ".@TorontoStar Retract your statement. This has NOT been confirmed. Erroneous report. Get it together, Canadian media.", "type": "direct_reply"}, {"index": 18, "attribution": -0.19637249410152435, "tweet_id": 524965542994931712, "text": "@TorontoStar crap. Very sad news", "type": "direct_reply"}, {"index": 0, "attribution": -0.5236721634864807, "tweet_id": 524965165759221760, "text": "#BREAKING Minister of Employment Jason Kenney confirms the soldier shot in Ottawa is dead http://t.co/lKTCYy4qry http://t.co/COnhvF3DyU", "type": "source"}]}