{"thread_id": "524951711941922818", "gold_label": 1, "predicted_label": 2, "tweet_attributions": [{"index": 14, "attribution": 3.7444353103637695, "tweet_id": 524958480869101568, "text": "@GuyNamedTim @mummamandy @CP24 this is a large scale organized, targeted shooting so yah it's a little different than street gun violence..", "type": "lower_reply"}, {"index": 6, "attribution": 2.006774663925171, "tweet_id": 524958890585493505, "text": "@lindsapedia @mummamandy @CP24 since when is 3 shootings 'a large scale'?", "type": "lower_reply"}, {"index": 7, "attribution": 1.7945884466171265, "tweet_id": 524957931356577792, "text": "@mummamandy @CP24 yea, because a shooting in Toronto is totally random.", "type": "lower_reply"}, {"index": 4, "attribution": 1.3107548952102661, "tweet_id": 524956941555351552, "text": "@CP24 A shooting in #Toronto and no one bats an eye. A shooting in #Ottawa and everyone loses their minds.", "type": "direct_reply"}, {"index": 10, "attribution": 0.5824502110481262, "tweet_id": 524961047321382912, "text": "@GuyNamedTim @lindsapedia @CP24 it's not just 3 shootings... Are you paying attention to what is going on? Get informed", "type": "lower_reply"}, {"index": 9, "attribution": 0.4005228281021118, "tweet_id": 524951973536489472, "text": "@CP24 LAWWWWWDDD", "type": "direct_reply"}, {"index": 13, "attribution": 0.22407037019729614, "tweet_id": 524954288846802944, "text": "\u201c@jankelekvan: @CP24  Video of Parliament Hill shooting via Glob reporter http://t.co/8fE7NrMSZn\u201d holy shit", "type": "lower_reply"}, {"index": 12, "attribution": 0.15994049608707428, "tweet_id": 524953922419851264, "text": "@CP24 disgusting", "type": "direct_reply"}, {"index": 16, "attribution": 0.09899409860372543, "tweet_id": 524953126689050624, "text": "@CP24 What happened?", "type": "direct_reply"}, {"index": 3, "attribution": -0.030262289568781853, "tweet_id": 524952348943482881, "text": "@CP24  Video of Parliament Hill shooting via Glob reporter http://t.co/fYxWmVXciP", "type": "direct_reply"}, {"index": 1, "attribution": -0.06761454790830612, "tweet_id": 524952398654373888, "text": "@CP24 @justcallmeLanez", "type": "direct_reply"}, {"index": 2, "attribution": -0.10948013514280319, "tweet_id": 524956281950724097, "text": "@CP24 this shouldn't happen in Canada \ud83d\ude48", "type": "direct_reply"}, {"index": 0, "attribution": -0.2842889130115509, "tweet_id": 524951711941922818, "text": "BREAKING: CTV Ottawa confirms there were 3 separate shootings. One on Parliament Hill, one at National War Memorial, one near Rideau Centre", "type": "source"}, {"index": 5, "attribution": -0.4201231300830841, "tweet_id": 524958148423991298, "text": "\u201c@CP24: CTV Ottawa confirms there were 3 separate shootings. One on Parliament Hill, one at National War Memorial, one near Rideau Centre\u201d", "type": "direct_reply"}, {"index": 15, "attribution": -0.42665812373161316, "tweet_id": 524957591814680576, "text": "@GuyNamedTim @CP24 are you fucking stupid. This is a little different than a random shooting. How about pull your head out of your ass thanx", "type": "lower_reply"}, {"index": 11, "attribution": -0.4340623617172241, "tweet_id": 524954187017506816, "text": "@CP24 wow", "type": "direct_reply"}, {"index": 8, "attribution": -0.6020966172218323, "tweet_id": 524953071739473920, "text": "\u201c@CP24 CTV Ottawa confirms there were 3 separate shootings. One on Parliament Hill, one at National War Memorial, one near Rideau Centre\u201d\ud83d\ude14", "type": "direct_reply"}]}