{"thread_id": "524948703850029056", "gold_label": 1, "predicted_label": 0, "tweet_attributions": [{"index": 0, "attribution": 0.346919983625412, "tweet_id": 524948703850029056, "text": "BREAKING NEWS: Ottawa police confirm at least 3 separate shooting sites and multiple suspects -  http://t.co/lXFiYaVImZ", "type": "source"}, {"index": 1, "attribution": 0.06996770203113556, "tweet_id": 524949100379508736, "text": "BREAKING: Ottawa police confirm at least 3 separate shooting sites and multiple suspects -  http://t.co/H2H6Lg13mh\n\nvia @PzFeed", "type": "direct_reply"}, {"index": 3, "attribution": 0.030295168980956078, "tweet_id": 524949022243815425, "text": "\u201c@PzFeed: BREAKING NEWS: Ottawa police confirm at least 3 separate shooting sites and multiple suspects -  http://t.co/m0ecoYzyn5\u201d FFS", "type": "direct_reply"}, {"index": 2, "attribution": -0.037730392068624496, "tweet_id": 524950746060431360, "text": "Oh Canada, that lone gunman is making the rounds. #punintended @PzFeed @LouisBrown16", "type": "direct_reply"}]}