{"thread_id": "524948264886759424", "gold_label": 0, "predicted_label": 0, "tweet_attributions": [{"index": 0, "attribution": 0.509853720664978, "tweet_id": 524948264886759424, "text": "Dramatic video of gunfire from inside Parliament Hill: http://t.co/8xCefbbnZa http://t.co/SYydkfOxAI", "type": "source"}, {"index": 5, "attribution": 0.09620773047208786, "tweet_id": 524949252842463233, "text": "@CTVVancouver did they at least hit @pmharper ?", "type": "direct_reply"}, {"index": 7, "attribution": 0.07749629765748978, "tweet_id": 524979138353188864, "text": "\u201c@CTVVancouver: Dramatic video of gunfire from inside Parliament Hill: http://t.co/9AmXaeGahs http://t.co/nVnzwSgMUk\u201d this is terrifying", "type": "direct_reply"}, {"index": 2, "attribution": 0.049163345247507095, "tweet_id": 524949167593234432, "text": "@CTVVancouver insane!!", "type": "direct_reply"}, {"index": 6, "attribution": 0.020004581660032272, "tweet_id": 524967285208129536, "text": "\u201c@CTVVancouver: Dramatic video of gunfire from inside Parliament Hill: http://t.co/4c6Ycg3kvs http://t.co/cNIygBlT7C\u201d wtf", "type": "direct_reply"}, {"index": 8, "attribution": 0.007518128026276827, "tweet_id": 524949691952558080, "text": "@Goobleheimen @CTVVancouver", "type": "lower_reply"}, {"index": 1, "attribution": -0.06487160921096802, "tweet_id": 524957269185032192, "text": "@CTVVancouver @EmaanKazemi @bfinskars @_btomas shots fired for reals", "type": "direct_reply"}, {"index": 4, "attribution": -0.09977781027555466, "tweet_id": 524948619699302400, "text": "@CTVVancouver @ctvedmonton brave RCMP.", "type": "direct_reply"}, {"index": 3, "attribution": -0.5905123353004456, "tweet_id": 524949110731079680, "text": "\u201c@CTVVancouver: Dramatic video of gunfire from inside Parliament Hill: http://t.co/tsWgup6CGN http://t.co/QGFTMMaeSQ\u201d this is scary stuff", "type": "direct_reply"}]}