{"thread_id": "524965723672961024", "gold_label": 0, "predicted_label": 2, "tweet_attributions": [{"index": 12, "attribution": 3.44338321685791, "tweet_id": 524968675624112128, "text": "@Mrs__Met @GayPatriot @AFP The Soldier was shot in the chest. It was civilians who have rec'd non-life-threatening injuries.", "type": "lower_reply"}, {"index": 16, "attribution": 3.1795461177825928, "tweet_id": 524967867285250048, "text": "@theloon @GayPatriot @AFP I just heard on live Canada non life threatening injuries.", "type": "lower_reply"}, {"index": 6, "attribution": 0.7254111170768738, "tweet_id": 524966342319800322, "text": "\u201c@AFP: #BREAKING Canada soldier shot near parliament has died, an official says\u201d", "type": "direct_reply"}, {"index": 18, "attribution": 0.6590880751609802, "tweet_id": 524970412816732162, "text": "@theloon @GayPatriot @AFP \n&gt;&gt;The soldier's condition is not known as this time.", "type": "lower_reply"}, {"index": 9, "attribution": 0.5169872045516968, "tweet_id": 524967140458115072, "text": "@AFP So sad, take a moment", "type": "direct_reply"}, {"index": 11, "attribution": 0.4711609184741974, "tweet_id": 524966057673756672, "text": "\u201c@AFP: #BREAKING Canada soldier shot near parliament has died, an official says\u201d", "type": "direct_reply"}, {"index": 19, "attribution": 0.3746381103992462, "tweet_id": 524967489445564416, "text": "@AFP @GayPatriot - This has NOT been confirmed by RCMP, Ottawa Police, Canadian Army, or Canadian news agencies.", "type": "direct_reply"}, {"index": 3, "attribution": 0.3418210446834564, "tweet_id": 524966878406389760, "text": "\u201c@AFP: #BREAKING Canada soldier shot near parliament has died, an official says\u201d my heart is breaking.", "type": "direct_reply"}, {"index": 5, "attribution": 0.2123410850763321, "tweet_id": 524966958291496962, "text": "@AFP @EWErickson All this man was doing was honoring the war dead. And he is shot and killed by a cowardly punk.  Terrorist have no honor", "type": "direct_reply"}, {"index": 0, "attribution": 0.18218772113323212, "tweet_id": 524965723672961024, "text": "#BREAKING Canada soldier shot near parliament has died, an official says", "type": "source"}, {"index": 13, "attribution": 0.1757199913263321, "tweet_id": 524982071992008704, "text": "@theloon @GayPatriot @AFP he died.\n:-(", "type": "lower_reply"}, {"index": 2, "attribution": -0.054149407893419266, "tweet_id": 524967652511744000, "text": "\u201c@AFP: #BREAKING Canada soldier shot near parliament has died, an official says\u201d Heartbreaking :'(", "type": "direct_reply"}, {"index": 15, "attribution": -0.14557434618473053, "tweet_id": 524967494725824512, "text": "\u201c@AFP: #BREAKING Canada soldier shot near parliament has died, an official says\u201d. Heartbreaking. What is wrong with people???", "type": "direct_reply"}, {"index": 8, "attribution": -0.17324990034103394, "tweet_id": 524966084097884160, "text": "=( RT @AFP: #BREAKING Canada soldier shot near parliament has died, an official says", "type": "direct_reply"}, {"index": 4, "attribution": -0.3607306182384491, "tweet_id": 524967403718209536, "text": "#BREAKING Canadian soldier shot near parliament has died, an official says v @AFP #Ottawa", "type": "direct_reply"}, {"index": 1, "attribution": -0.37225106358528137, "tweet_id": 524966043547336706, "text": "@AFP -- definitely the slowest #Breaking news agency.", "type": "direct_reply"}, {"index": 14, "attribution": -0.39139828085899353, "tweet_id": 524967331256995840, "text": "\u201c@AFP: #BREAKING Canada soldier shot near parliament has died, an official says\u201d", "type": "direct_reply"}, {"index": 10, "attribution": -0.43978896737098694, "tweet_id": 524966042125090816, "text": "\u201c@AFP: #BREAKING Canada soldier shot near parliament has died, an official says\u201d -- Peaceful Canada no more? :(", "type": "direct_reply"}, {"index": 17, "attribution": -0.5584450364112854, "tweet_id": 524966910128324609, "text": "@AFP how very sad. RIP hero.", "type": "direct_reply"}, {"index": 7, "attribution": -0.7134039998054504, "tweet_id": 524967358407114753, "text": "@AFP @LauraBabcock fuck.", "type": "direct_reply"}]}