{"thread_id": "524949828711620608", "gold_label": 2, "predicted_label": 0, "tweet_attributions": [{"index": 8, "attribution": 0.0734323188662529, "tweet_id": 524951563329347585, "text": "@FoxNews 25 US Citizens are killed by Obama's illegal aliens EVERY DAY, but Fox is glued to anything smelling like Domestic Terrorism....", "type": "direct_reply"}, {"index": 0, "attribution": 0.06567735970020294, "tweet_id": 524949828711620608, "text": "UPDATE: One shooter possibly on the loose in #Ottawa amid reports of shootings in the city: http://t.co/tjycT5YQcv", "type": "source"}, {"index": 5, "attribution": 0.04935475066304207, "tweet_id": 524953311729176576, "text": "@FoxNews Prayers for safety.", "type": "direct_reply"}, {"index": 6, "attribution": 0.039356883615255356, "tweet_id": 524952758974418947, "text": "\u201c@FoxNews:..One shooter possibly on loose in #Ottawa amid reports of shootings..\u201d #FilthyCanadaUnderSiege  #HarborGodEnemies #HidingWontHelp", "type": "direct_reply"}, {"index": 7, "attribution": 0.028318284079432487, "tweet_id": 524950885433356289, "text": "@FoxNews See they made Public to target American Military and then thy Hit the Canadian Military! Code Talking Maybe!", "type": "direct_reply"}, {"index": 1, "attribution": 0.026781626045703888, "tweet_id": 524954903861792768, "text": "@FoxNews suggest all countries put government buildings on special alert. even countries not friendly to US should do so also", "type": "direct_reply"}, {"index": 9, "attribution": 0.02099563740193844, "tweet_id": 524950638254649345, "text": "\u201c@FoxNews: UPDATE: One shooter possibly on the loose in #Ottawa amid reports of shootings in the city: http://t.co/yjPVHMNor1\u201d yikes! \ud83d\ude2c", "type": "direct_reply"}, {"index": 2, "attribution": 0.007331004831939936, "tweet_id": 524954342236094464, "text": "@FoxNews The PIGS called me a shooter when I was taking drugs.", "type": "direct_reply"}, {"index": 10, "attribution": 0.003016374772414565, "tweet_id": 524950087680532480, "text": "@FoxNews shooter in teh building has been shot,,,", "type": "direct_reply"}, {"index": 11, "attribution": -0.00046356490929611027, "tweet_id": 524959427875844097, "text": "RT @FoxNews: UPDATE: One shooter possibly on the loose in #Ottawa amid reports of shootings in the city: http://t.co/reyfVo9qJ7", "type": "direct_reply"}, {"index": 4, "attribution": -0.0006474005640484393, "tweet_id": 524957366207254528, "text": "\u201c@FoxNews: UPDATE: One shooter possibly on the loose in #Ottawa amid reports of shootings in the city: http://t.co/bSk1ndGWZm\u201d", "type": "direct_reply"}, {"index": 3, "attribution": -0.007848046720027924, "tweet_id": 524949933439209473, "text": "@FoxNews The best rated  online store of the season has been chosen!!! Check them out here ---&gt; http://t.co/AMv5X4cQKn", "type": "direct_reply"}, {"index": 12, "attribution": -0.025176377967000008, "tweet_id": 524950839073705984, "text": "\u201c@FoxNews: UPDATE: One shooter possibly on the loose in #Ottawa amid reports of shootings in the city: http://t.co/C8HeEWRyCf\u201d", "type": "direct_reply"}]}