{"thread_id": "524969501704855552", "gold_label": 0, "predicted_label": 2, "tweet_attributions": [{"index": 19, "attribution": 1.1414014101028442, "tweet_id": 524984672783450112, "text": "@lajeer Reading breaking news too quickly. I thought it was the name of the deceased CBC didn't have the identity of. \nTerrible tragedy...", "type": "lower_reply"}, {"index": 3, "attribution": 0.3543650209903717, "tweet_id": 524970150144262145, "text": "Oh no. MT @CBCAlerts Jason Kenney says Cdn soldier shot at War Memorial today has died. Emp. Minister also says Parliamentary guard wounded.", "type": "direct_reply"}, {"index": 10, "attribution": 0.3149711489677429, "tweet_id": 524984994067148802, "text": "@BPLeaf Thx. Unfortunate day.", "type": "lower_reply"}, {"index": 18, "attribution": 0.1470821052789688, "tweet_id": 524969813769482241, "text": "@CBCAlerts Jason Kenney needs to learn his role....", "type": "direct_reply"}, {"index": 21, "attribution": 0.12123528122901917, "tweet_id": 524969912440483841, "text": "@CBCAlerts @jpbevi CTV news just said that was false. and they have no official word on the condition of the solider.", "type": "direct_reply"}, {"index": 9, "attribution": 0.1197597086429596, "tweet_id": 524972179780558849, "text": "@tailormann @CBCAlerts Has anyone else confirmed this? No word from DND or Ottawa emerg services yet as far as I know...", "type": "lower_reply"}, {"index": 22, "attribution": 0.047171588987112045, "tweet_id": 524973803391447040, "text": "@CBCAlerts \nThe despicable act in Ottawa proves that we are the most Naive Country in the West with respect to safety from Terror\nTighten up", "type": "direct_reply"}, {"index": 13, "attribution": 0.039167050272226334, "tweet_id": 524970040450633728, "text": "RT @CBCAlerts: Jason Kenney says CDN soldier shot at War Memorial today has died. Employment Minister also says Parliamentary guard wounded.", "type": "direct_reply"}, {"index": 6, "attribution": 0.03547722473740578, "tweet_id": 524970283333988352, "text": "@KrissyT_13 Thinking of you!", "type": "lower_reply"}, {"index": 12, "attribution": 0.03111499361693859, "tweet_id": 524970455271473153, "text": "@markdjarvis @CBCAlerts I trust the family was informed first! If not this a a breech of protocol!", "type": "lower_reply"}, {"index": 20, "attribution": 0.02510097436606884, "tweet_id": 524972885518331904, "text": "@SAndrewSmith @KMKeshavjee @CBCAlerts  either way, if it's in question I'm taking it down. Thanks for the heads up.", "type": "lower_reply"}, {"index": 17, "attribution": 0.015254498459398746, "tweet_id": 524973436717002752, "text": "@tailormann @sandrewsmith @kmkeshavjee @cbcalerts At least we know that after school activities are cancelled. Thanks CBC!", "type": "lower_reply"}, {"index": 11, "attribution": 0.014665710739791393, "tweet_id": 524973606841774081, "text": "@CBCAlerts has there been any reports about if the shooter or shooters being  shot or captured?", "type": "direct_reply"}, {"index": 4, "attribution": -0.017921285703778267, "tweet_id": 524970069223559168, "text": "\u201c@CBCAlerts: Jason Kenney says Canadians soldier shot at War Memorial today has died. #cdnpoli\u201d", "type": "direct_reply"}, {"index": 7, "attribution": -0.027232231572270393, "tweet_id": 524979698011750400, "text": "@SAndrewSmith @KMKeshavjee @CBCAlerts FYI Kenney confirmed the original report via Twitter. The soldier passed away :/", "type": "lower_reply"}, {"index": 1, "attribution": -0.027984140440821648, "tweet_id": 524969686467751936, "text": "@CBCAlerts Lieutenant Colonel Lawrence Hatfield....", "type": "direct_reply"}, {"index": 5, "attribution": -0.03289538994431496, "tweet_id": 524970125670486017, "text": "@Trilliumgyal @CBCAlerts Tragic news for sure.", "type": "lower_reply"}, {"index": 14, "attribution": -0.03816670551896095, "tweet_id": 524972142317023232, "text": "@CBCAlerts @bruce_arthur No one else is saying the solder died, this is all coming from Jason Kenney. #unconfirmed", "type": "direct_reply"}, {"index": 16, "attribution": -0.060204457491636276, "tweet_id": 524981159256948736, "text": "@tailormann @KMKeshavjee @CBCAlerts Globe has the story now too. May he rest in peace. \nhttp://t.co/SSFu6k6RDq", "type": "lower_reply"}, {"index": 23, "attribution": -0.06752197444438934, "tweet_id": 524971381780643840, "text": "\u201c@CBCAlerts: Jason Kenney says Canadians soldier shot at War Memorial today has died. #cdnpoli\u201d. Heartbreaking :(", "type": "direct_reply"}, {"index": 0, "attribution": -0.07516808807849884, "tweet_id": 524969501704855552, "text": "Jason Kenney says Canadians soldier shot at War Memorial today has died. Employment Minister also says Parliamentary guard wounded. #cdnpoli", "type": "source"}, {"index": 8, "attribution": -0.08154575526714325, "tweet_id": 524969977267650562, "text": "@CBCAlerts @Luccidor very sad.", "type": "direct_reply"}, {"index": 2, "attribution": -0.09641221165657043, "tweet_id": 524975801624977410, "text": "@BPLeaf Why the reference to the commander?", "type": "lower_reply"}, {"index": 15, "attribution": -0.16157475113868713, "tweet_id": 524972410953793536, "text": "@KMKeshavjee @tailormann @CBCAlerts I've heard it's incorrect and has been rescinded. Clearly nobody knows what's happening.", "type": "lower_reply"}]}