{"thread_id": "524958227768020992", "gold_label": 2, "predicted_label": 0, "tweet_attributions": [{"index": 0, "attribution": 0.2705077826976776, "tweet_id": 524958227768020992, "text": "BREAKING: Two new patients coming to Ottawa hospital civic campus. One with gunshot wounds. Just confirmed #ottnews", "type": "source"}, {"index": 4, "attribution": 0.05796634033322334, "tweet_id": 524960447574081536, "text": "RT\u201c@stefankeyesCTV: BREAKING: Two new patients coming to Ottawa hospital civic campus. One with gunshot wounds. Just confirmed #ottnews\u201d", "type": "direct_reply"}, {"index": 6, "attribution": 0.023649903014302254, "tweet_id": 524958690424930304, "text": "@stefankeyesCTV Stay safe Stefan", "type": "direct_reply"}, {"index": 5, "attribution": 0.00782355759292841, "tweet_id": 524962858522931201, "text": "RT @stefankeyesCTV Two new patients coming to Ottawa hospital civic campus. One with gunshot wounds. Just confirmed #ottawashootings", "type": "direct_reply"}, {"index": 2, "attribution": -0.01273841131478548, "tweet_id": 524961802279731200, "text": "\u201c@stefankeyesCTV: BREAKING: Two new patients coming to Ottawa hospital civic campus. One with gunshot wounds. Just confirmed #ottnews\u201d", "type": "direct_reply"}, {"index": 3, "attribution": -0.013939975760877132, "tweet_id": 524995126993887232, "text": "@stefankeyesCTV @Donna_West Prayers for Canada.", "type": "direct_reply"}, {"index": 1, "attribution": -0.03343356028199196, "tweet_id": 524958453295353856, "text": "@stefankeyesCTV stay safe Stefan..", "type": "direct_reply"}]}