{"thread_id": "524931110279852032", "gold_label": 0, "predicted_label": 0, "tweet_attributions": [{"index": 0, "attribution": 0.32379788160324097, "tweet_id": 524931110279852032, "text": "Soldier shot, Parliament locked down after gunfire erupts at war memorial. Developing story: http://t.co/ULAKX3dYO1 http://t.co/o5P3RDYb8C", "type": "source"}, {"index": 3, "attribution": 0.014642792753875256, "tweet_id": 524933298314039296, "text": "#AttackInOttawa\n@globeandmail: Soldier shot; Parliament locked down; gunfire erupts\nhttp://t.co/snL5JwIKrg http://t.co/4GoYDx8dQ3", "type": "direct_reply"}, {"index": 1, "attribution": 0.006703203544020653, "tweet_id": 524946627455631360, "text": "@globeandmail props to your journalists for gaining amazing access to the scene in #ParliamentHill. Great work.", "type": "direct_reply"}, {"index": 2, "attribution": -0.020854830741882324, "tweet_id": 524932041457291264, "text": "\u201c@globeandmail: Soldier shot, Parliament locked down after gunfire erupts at war memorial. http://t.co/js9CLv0D4y http://t.co/oXYpP3T16m\u201d", "type": "direct_reply"}, {"index": 4, "attribution": -0.027110876515507698, "tweet_id": 524932001720459264, "text": "\u201c@globeandmail: Developing story: http://t.co/AMKw4uKBum http://t.co/pMTen98sBN\u201d. Soldiers shouldn't have this concern at home!!", "type": "direct_reply"}]}