{"thread_id": "524925730053181440", "gold_label": 2, "predicted_label": 2, "tweet_attributions": [{"index": 3, "attribution": 3.1711652278900146, "tweet_id": 524926744714047488, "text": "@CBCAlerts @CBCNews , well blame Steven Harper , he's all for guns , wants this country to become like the US of A", "type": "direct_reply"}, {"index": 7, "attribution": 2.497671604156494, "tweet_id": 524930715021213696, "text": "@ChristoferU @CBCAlerts @CBCNews Seriously? Likelihood that it's an ISIS attack and THIS is your response???", "type": "lower_reply"}, {"index": 16, "attribution": 1.4120160341262817, "tweet_id": 525044903865511937, "text": "@tsklierenko @ChristoferU things aren't as black and white as you may think. Picking a fight on Twitter isn't cool, bro.", "type": "lower_reply"}, {"index": 13, "attribution": 1.020981788635254, "tweet_id": 525004768415322112, "text": "@lifebythecreek , you pick a fight with people you better expect something in return , we use to be peacekeepers ,so be careful what you get", "type": "lower_reply"}, {"index": 9, "attribution": 0.7490198612213135, "tweet_id": 524928009493827585, "text": "@CBCAlerts reporting soldier shot in Ottawa. Very sad news.", "type": "direct_reply"}, {"index": 15, "attribution": 0.4345201253890991, "tweet_id": 525013445184602112, "text": "@ChristoferU Have u read this paper from Muslm Brthrhood? From 1991. We did NOT \"pick a fight\". They brought it HERE. http://t.co/lnffeP6qHf", "type": "lower_reply"}, {"index": 10, "attribution": 0.4157610237598419, "tweet_id": 525046502474137600, "text": "@cristinaresteve @tsklierenko , everyone is entitled to a opinion , no fight here , you don't know me , I don't know you", "type": "lower_reply"}, {"index": 5, "attribution": 0.37377533316612244, "tweet_id": 524926297567293440, "text": "RT @CBCAlerts: Shooter still on loose after uniformed soldier shot at #Ottawa's War Memorial, across road from Parliament.", "type": "direct_reply"}, {"index": 18, "attribution": 0.2510046660900116, "tweet_id": 524926108257775617, "text": "@CBCAlerts  this is just horrible :(", "type": "direct_reply"}, {"index": 14, "attribution": 0.21289323270320892, "tweet_id": 524926749638131712, "text": "@CBCAlerts @amberstefani", "type": "direct_reply"}, {"index": 2, "attribution": 0.17947910726070404, "tweet_id": 524926598576099328, "text": "\u201c@CBCAlerts: Shooter still on loose after uniformed soldier shot at War Memorial, across road from Parliament.  :( sad...", "type": "direct_reply"}, {"index": 12, "attribution": 0.12087263911962509, "tweet_id": 524932703682969601, "text": "@CBCAlerts OMG.", "type": "direct_reply"}, {"index": 17, "attribution": 0.10185349732637405, "tweet_id": 524993716336197632, "text": "@tsklierenko  , I guess your a fan of the fascist Stevie and his band of crap , so that tells me what you are !", "type": "lower_reply"}, {"index": 6, "attribution": 0.09484434872865677, "tweet_id": 525047771221737472, "text": "@cristinaresteve @tsklierenko , sorry about the soldier who died , terrible , no disrespect meant , don't believe gov't course is correct", "type": "lower_reply"}, {"index": 11, "attribution": 0.09476424008607864, "tweet_id": 524930977211355136, "text": "@ChristoferU @CBCAlerts @CBCNews You're an idiot.", "type": "lower_reply"}, {"index": 1, "attribution": -0.2040863186120987, "tweet_id": 524928439678427136, "text": "@CBCAlerts Chris. Not about guns. about Canada and Isis.Muslim extremist ran over two soldiers in Quebec. Blame Harper for allowing cars", "type": "direct_reply"}, {"index": 8, "attribution": -0.26554349064826965, "tweet_id": 525049327459504128, "text": "@ChristoferU I definitely hear that and agree \ud83d\udc4d", "type": "lower_reply"}, {"index": 0, "attribution": -0.4964485466480255, "tweet_id": 524925730053181440, "text": "Shooter still on loose after uniformed soldier shot at #Ottawa's War Memorial, across road from Parliament. MP's being taken out of offices.", "type": "source"}, {"index": 4, "attribution": -0.8465624451637268, "tweet_id": 524926131032850432, "text": "@CBCAlerts I hope they are being taken out of their offices and thrown out on to the street.", "type": "direct_reply"}]}