{"thread_id": "524943812339437569", "gold_label": 1, "predicted_label": 0, "tweet_attributions": [{"index": 0, "attribution": 0.35424044728279114, "tweet_id": 524943812339437569, "text": "Global News camera man reporting shots fired by Chateau Laurier hotel #ottawa", "type": "source"}, {"index": 3, "attribution": 0.04638155177235603, "tweet_id": 524944505364283392, "text": "@l_stone @GlobalNational @CTVNews Global News camera man reporting shots fired by Chateau Laurier hotel #ottawa", "type": "direct_reply"}, {"index": 5, "attribution": 0.03165822848677635, "tweet_id": 524951018774085632, "text": "@l_stone @joe_nuzz multiple shooting in Ottawa parliament", "type": "direct_reply"}, {"index": 2, "attribution": -0.003854178125038743, "tweet_id": 524945198837940224, "text": "RT \"@l_stone: Global News camera man reporting shots fired by Chateau Laurier hotel #ottawa\u201d", "type": "direct_reply"}, {"index": 4, "attribution": -0.07263434678316116, "tweet_id": 524947786195030016, "text": "@l_stone @keithbaldrey #ottawaterror Omigish My Capitol city will never be the same!", "type": "direct_reply"}, {"index": 1, "attribution": -0.09871366620063782, "tweet_id": 524948937355296768, "text": "@l_stone warning shots as reported on CNN to get people to stay away to sort people out", "type": "direct_reply"}]}