{"thread_id": "524944399890124801", "gold_label": 0, "predicted_label": 2, "tweet_attributions": [{"index": 8, "attribution": 2.434314489364624, "tweet_id": 524970090912313345, "text": "@cdnmickeyfan @CBCAlerts I think that what you are saying is very dangerous, and exactly what is wrong with the world we are living in.", "type": "lower_reply"}, {"index": 1, "attribution": 1.4182127714157104, "tweet_id": 524967855105007616, "text": "@cdnmickeyfan @CBCAlerts all I am trying to point out is that #sensationalism has never been very useful to anyone. #Canada #terror", "type": "lower_reply"}, {"index": 12, "attribution": 1.1735084056854248, "tweet_id": 524969433308340224, "text": "@PrideSky @CBCAlerts I think that what they are doing around the world is \"sensational\". It's about time we matched it.", "type": "lower_reply"}, {"index": 6, "attribution": 1.1657665967941284, "tweet_id": 524971261005660160, "text": "@PrideSky @CBCAlerts You should see how many have retweeted and favourited my tweet. I think I am expressing what a lot want to. Wake up!!", "type": "lower_reply"}, {"index": 21, "attribution": 1.0937196016311646, "tweet_id": 524946532416884736, "text": "@CBCAlerts Hunt them down like the animals that they are!!", "type": "direct_reply"}, {"index": 2, "attribution": 0.9148624539375305, "tweet_id": 524952198170836992, "text": "@CBCAlerts @Finlaure13 Oh no! :(", "type": "direct_reply"}, {"index": 10, "attribution": 0.7977602481842041, "tweet_id": 524949253312217088, "text": "@cdnmickeyfan @CBCAlerts there is far more tragedy than raw, unclothed, animality here.", "type": "lower_reply"}, {"index": 7, "attribution": 0.6612511277198792, "tweet_id": 524953373200891904, "text": "@Finlaure13 Scary stuff...", "type": "lower_reply"}, {"index": 5, "attribution": 0.5345801711082458, "tweet_id": 524952535548063745, "text": "@CynleeF @CBCAlerts This is the second soldier killed this week by possible \"terrorists\" now under investigation.", "type": "lower_reply"}, {"index": 14, "attribution": 0.3059863746166229, "tweet_id": 524971624093982721, "text": "@PrideSky @CBCAlerts So what they are doing is right??? You're wacked!!! You should be on a list!!!", "type": "lower_reply"}, {"index": 22, "attribution": 0.2760748863220215, "tweet_id": 524971862682767360, "text": "@cdnmickeyfan @CBCAlerts Fear has always been easier to manipulate than courage.", "type": "lower_reply"}, {"index": 13, "attribution": 0.23376180231571198, "tweet_id": 524970408479850496, "text": "@cdnmickeyfan @CBCAlerts more than anything we need sobriety, not sensationalism. #terror #Canada #cbc #parliament #harper #war #peace", "type": "lower_reply"}, {"index": 11, "attribution": 0.2226133793592453, "tweet_id": 524945130113863680, "text": "\u201c@CBCAlerts: Recap: Gunman shot dead inside Parliament buildings; police believe there may be others on loose...\u201d #Ottawa", "type": "direct_reply"}, {"index": 0, "attribution": 0.1468379646539688, "tweet_id": 524944399890124801, "text": "Recap: Gunman shot dead inside Parliament buildings; police believe there may be others on loose. Cdn soldier shot earlier at War Memorial.", "type": "source"}, {"index": 4, "attribution": 0.14203192293643951, "tweet_id": 524945376911314945, "text": "@CBCAlerts @CBCNews", "type": "direct_reply"}, {"index": 16, "attribution": 0.10850013047456741, "tweet_id": 524946868887756801, "text": "#Ottawa MT @CBCAlerts: Gunman shot dead inside Parliament; police believe there may be others on loose. Soldier shot earlier at War Memorial", "type": "direct_reply"}, {"index": 18, "attribution": 0.0990741178393364, "tweet_id": 524972557116915712, "text": "@PrideSky @CBCAlerts Blah blah....bleeding heart!!!!", "type": "lower_reply"}, {"index": 9, "attribution": 0.044330183416604996, "tweet_id": 524945108291297280, "text": "@CBCAlerts Honte a nous, les americains doivent rire de nous, notre parlement est facile dacces en plus des armes", "type": "direct_reply"}, {"index": 17, "attribution": -0.00590922636911273, "tweet_id": 524948340057047040, "text": "@CBCAlerts \nOk so he is dead, understanding he was a huge threat....BUT now WE will NOT know~who or why? #CANADIANSneedTOknow", "type": "direct_reply"}, {"index": 20, "attribution": -0.048505883663892746, "tweet_id": 524948893633871872, "text": "@CBCAlerts @jbenton a safe bet?", "type": "direct_reply"}, {"index": 3, "attribution": -0.16079829633235931, "tweet_id": 524946767209459712, "text": "RT \"@CBCAlerts: Gunman shot dead inside Parliament; police believe there may be others on loose. Cdn soldier shot earlier at War Memorial.\u201d", "type": "direct_reply"}, {"index": 15, "attribution": -0.35829976201057434, "tweet_id": 524953954111995904, "text": "@CynleeF Agreed.", "type": "lower_reply"}, {"index": 19, "attribution": -0.4001196622848511, "tweet_id": 524951483872444416, "text": "@PrideSky @CBCAlerts The tragedy is that we are allowing these people in to our country. Don't know what the hell you're talking about!!", "type": "lower_reply"}]}