{"thread_id": "524961362448240642", "gold_label": 1, "predicted_label": 0, "tweet_attributions": [{"index": 0, "attribution": 0.4802685081958771, "tweet_id": 524961362448240642, "text": "Breaking: Shots were fired at three separate locations in Ottawa, say Ottawa police  http://t.co/64ryfqadX1", "type": "source"}, {"index": 2, "attribution": 0.0042897118255496025, "tweet_id": 524973024207179776, "text": "@WSJ #Absent2032 is a story about a global pandemic, mandatory vaccines,1st Grade at Freedom Elementary http://t.co/2Nrl9PouCo", "type": "direct_reply"}, {"index": 3, "attribution": -0.025092901661992073, "tweet_id": 524966271528357888, "text": "@WSJ question Drake !?!", "type": "direct_reply"}, {"index": 1, "attribution": -0.07471521198749542, "tweet_id": 524961822995013632, "text": "@WSJ I THINK POWER STRUGGLE,BETWEEN GENERALS/ARMY SOLDIERS,GET ANGRY QUICK", "type": "direct_reply"}]}