{"thread_id": "524994747883323392", "gold_label": 0, "predicted_label": 0, "tweet_attributions": [{"index": 0, "attribution": 0.3308928608894348, "tweet_id": 524994747883323392, "text": "I am so saddened by the death of a young man serving us and our great nation. God bless him #Ottawa #OttawaShooting", "type": "source"}, {"index": 2, "attribution": 0.02367710880935192, "tweet_id": 525000029103472641, "text": "@GeneralHillier  General, we're with you on that sir!", "type": "direct_reply"}, {"index": 1, "attribution": -0.0038082378450781107, "tweet_id": 525020661379780608, "text": "@GeneralHillier @markcritch A cowardly act on one of our own. Sad day for Canada!", "type": "direct_reply"}, {"index": 3, "attribution": -0.03429890051484108, "tweet_id": 525025101310226433, "text": "@GeneralHillier @markcritch just devastating.  God bless.", "type": "direct_reply"}]}