{"thread_id": "524967620588896256", "gold_label": 2, "predicted_label": 2, "tweet_attributions": [{"index": 12, "attribution": 3.3317835330963135, "tweet_id": 524968489787088896, "text": "@CBCOttawa @craignorriscbc grain of salt as always though as we have heard nothing from DND", "type": "lower_reply"}, {"index": 15, "attribution": 2.599651575088501, "tweet_id": 524968362531880960, "text": "@CBCOttawa @craignorriscbc Jason Kenney stating that the soldier has passed away", "type": "direct_reply"}, {"index": 5, "attribution": 0.6332482695579529, "tweet_id": 524968331590520833, "text": "@CBCOttawa @CBCNews reports now soldier has died from injuries", "type": "direct_reply"}, {"index": 2, "attribution": 0.4555569589138031, "tweet_id": 524968713863577600, "text": "@CBCOttawa @CBCNews  Reports are stating that the solider passed away  :(", "type": "direct_reply"}, {"index": 14, "attribution": 0.39659199118614197, "tweet_id": 524969003031486465, "text": "@irrellenphant Well, now we are.", "type": "lower_reply"}, {"index": 13, "attribution": 0.27318671345710754, "tweet_id": 524970017721290752, "text": "@CBCOttawa @CBCNews Sky News is reporting soldier has died. http://t.co/YFwlxgPR0N . Such a sad day for everyone.", "type": "direct_reply"}, {"index": 6, "attribution": 0.2570517659187317, "tweet_id": 524968684394405888, "text": "@irrellenphant Indeed. Which is why we're not reporting it.", "type": "lower_reply"}, {"index": 16, "attribution": 0.23543693125247955, "tweet_id": 524974360827015168, "text": "@CBCOttawa @saveusrepublic2 my thoughts and prayers to the people of Ottawa so sorry u have to go through this", "type": "direct_reply"}, {"index": 17, "attribution": 0.1650571972131729, "tweet_id": 524970145052389376, "text": "@CBCOttawa @CBCNews", "type": "direct_reply"}, {"index": 9, "attribution": 0.05787241831421852, "tweet_id": 524969550195216384, "text": "@CBCOttawa @CBCNews thoughts and wishes go out to Ottawa this morning. *shocking*", "type": "direct_reply"}, {"index": 4, "attribution": 0.023262016475200653, "tweet_id": 524969566426763265, "text": "@CBCOttawa @CBCNews Just confirmed that the soldier has died in hospital. Very sad news.", "type": "direct_reply"}, {"index": 3, "attribution": 0.009890133515000343, "tweet_id": 524969010526715904, "text": "@christinasauve @CBCOttawa Yeah saw that.  Kenney stated it, not hospital.", "type": "lower_reply"}, {"index": 18, "attribution": -0.1199120581150055, "tweet_id": 524969600505884672, "text": "@QueenofSheba1 @CBCOttawa @CBCNews for real? That's so sad. I was hoping he would make it #PrayForOttawa", "type": "lower_reply"}, {"index": 1, "attribution": -0.18474720418453217, "tweet_id": 524971242944987136, "text": "@CBCOttawa @CBCNews very sad is that the soldier died, hope they will find the culprits", "type": "direct_reply"}, {"index": 0, "attribution": -0.2227959781885147, "tweet_id": 524967620588896256, "text": "Ottawa Hospital has received 3 patients, 2 of whom are in stable condition. Won't give update on soldier, deferring to DND. #cbcOTT #OTTnews", "type": "source"}, {"index": 8, "attribution": -0.2551440894603729, "tweet_id": 524969289926053890, "text": "@craignorriscbc I was just going to say. \nVery tense downtown here. uOttawa is having all flaws in lockdown procedure revealed. Not good.", "type": "lower_reply"}, {"index": 11, "attribution": -0.2609160542488098, "tweet_id": 524969286834880513, "text": "@mtnbvan @CBCOttawa Good point :)", "type": "lower_reply"}, {"index": 7, "attribution": -0.38181987404823303, "tweet_id": 524968469461487616, "text": "@christinasauve @CBCOttawa DND may want to notify family before official announcement. :(((", "type": "lower_reply"}, {"index": 10, "attribution": -0.4564094841480255, "tweet_id": 524970217769021440, "text": "@CBCOttawa : prayers to the v\u0131ct\u0131ms and the\u0131r fam\u0131l\u0131es. Well w\u0131shes for the\u0131r qu\u0131ck recovery. Pray\u0131ng for dt sold\u0131er and sold\u0131er's fam\u0131ly.", "type": "direct_reply"}]}