{"thread_id": "524931324763992064", "gold_label": 0, "predicted_label": 2, "tweet_attributions": [{"index": 1, "attribution": 1.4800759553909302, "tweet_id": 524932714940862464, "text": "@KrisReyes I'm not. I just received an email from someone in Centre Block.", "type": "lower_reply"}, {"index": 6, "attribution": 0.1723913997411728, "tweet_id": 524932994553769984, "text": "@_MarkSutcliffe thanks Mark, Are you in Ottawa? Stay safe", "type": "lower_reply"}, {"index": 5, "attribution": 0.1318788379430771, "tweet_id": 524933622441476096, "text": "@_MarkSutcliffe @nspector4 God I hope this is true.", "type": "direct_reply"}, {"index": 0, "attribution": 0.11867403239011765, "tweet_id": 524931324763992064, "text": "Very reliable source on Parliament Hill tells me the assailant has been killed. #cdnpoli #ottnews", "type": "source"}, {"index": 7, "attribution": 0.10132933408021927, "tweet_id": 524931653781958656, "text": "\u201c@_MarkSutcliffe: Very reliable source on Parliament Hill tells me the assailant has been killed. #cdnpoli #ottnews\u201d", "type": "direct_reply"}, {"index": 4, "attribution": -0.03451761230826378, "tweet_id": 524936002297933824, "text": "\u201c@_MarkSutcliffe: Very reliable source on Parliament Hill tells me the assailant has been killed. #cdnpoli #ottnews\u201d", "type": "direct_reply"}, {"index": 2, "attribution": -0.07426568120718002, "tweet_id": 524932468437053440, "text": "@_MarkSutcliffe are you inside PH? can we talk to you on Global News?", "type": "direct_reply"}, {"index": 3, "attribution": -0.12590338289737701, "tweet_id": 524934352845938689, "text": "@_MarkSutcliffe @SensChirp Your source is half right, there are 2 of em.", "type": "direct_reply"}]}