{"thread_id": "524924346411020288", "gold_label": 0, "predicted_label": 0, "tweet_attributions": [{"index": 0, "attribution": 0.3860517740249634, "tweet_id": 524924346411020288, "text": "RCMP yelling everyone to back away from Parliament Hill. Weapons out. Word of shooting inside. #cdnpoli http://t.co/aiXtvjlLP6", "type": "source"}, {"index": 5, "attribution": 0.075654037296772, "tweet_id": 524927188957945856, "text": "RT @RichardMadan: RCMP yelling everyone to back away from Parliament Hill. Weapons out. #breaking #cdnpoli http://t.co/50y1PbKZRQ", "type": "direct_reply"}, {"index": 4, "attribution": 0.0386931337416172, "tweet_id": 524926563364904961, "text": "MT\"@RichardMadan: RCMP yelling everyone to back away from Parliament Hill. Weapons out. Word of shooting inside. http://t.co/hMJMaMLpNl\u201d", "type": "direct_reply"}, {"index": 3, "attribution": -0.021434077993035316, "tweet_id": 524925763100094464, "text": "@RichardMadan @CTVWindsor ........texting and shooting ?....", "type": "direct_reply"}, {"index": 1, "attribution": -0.02843552827835083, "tweet_id": 524926884938002432, "text": "@RichardMadan @CJBK how did he get on property in the first place with rifle.", "type": "direct_reply"}, {"index": 2, "attribution": -0.04347723349928856, "tweet_id": 524927753909698561, "text": "RT @RichardMadan RCMP yelling everyone to back away from Parliament Hill. Weapons out. Word of shooting inside. http://t.co/BOhR4i2Nbx", "type": "direct_reply"}]}