{"thread_id": "524956129017995264", "gold_label": 1, "predicted_label": 2, "tweet_attributions": [{"index": 11, "attribution": 1.1847355365753174, "tweet_id": 524965991072423936, "text": "@MystiRoz they may not be radicalised. This is only what you are fed by media which governments control you need to open your mind to truth", "type": "lower_reply"}, {"index": 17, "attribution": 1.1438482999801636, "tweet_id": 524965013291679744, "text": "@Gormanghast i knw u wld say tat...!! just becoz sum radicalised idiots are dng this doesnt mean tat we can blame d entire religion fr it..", "type": "lower_reply"}, {"index": 9, "attribution": 1.1025944948196411, "tweet_id": 524962037617938432, "text": "@MystiRoz @BBCBreaking it's not a siege it's WAR This is the problem you and other are denying the fact we are at war WHY", "type": "lower_reply"}, {"index": 1, "attribution": 0.9141739010810852, "tweet_id": 524966291413561344, "text": "@Gormanghast then educate me..???", "type": "lower_reply"}, {"index": 28, "attribution": 0.8642016053199768, "tweet_id": 524960305466466304, "text": "@raymondillo @BBCBreaking One shooter is dead. Shot by the Sargent at Arms.", "type": "lower_reply"}, {"index": 3, "attribution": 0.7736797332763672, "tweet_id": 524956724311388161, "text": "@BBCBreaking {Heaven and Hell is right here on earth... \ud83d\ude4f'ing}", "type": "direct_reply"}, {"index": 14, "attribution": 0.7611989378929138, "tweet_id": 524961283523612673, "text": "@Gormanghast @BBCBreaking true..!!! bt its nt nice to say \"i told u so\"..wen ur country is at siege...!! we can say it later..!!", "type": "lower_reply"}, {"index": 29, "attribution": 0.7437995076179504, "tweet_id": 524960113732632576, "text": "@Darke_Conteur We always feel the same over here when similar happens.  Hope its all over.soon. @BBCBreaking", "type": "lower_reply"}, {"index": 23, "attribution": 0.7143717408180237, "tweet_id": 524960426132791296, "text": "@MystiRoz @BBCBreaking what's stupid is we are at war but moan when it's on our own soil now they are using chemicals so it's WHEN, BEWARE", "type": "lower_reply"}, {"index": 16, "attribution": 0.630377471446991, "tweet_id": 524963581599547392, "text": "@Gormanghast if we are WAR..!!! who are we against...? whom do u blame..?", "type": "lower_reply"}, {"index": 32, "attribution": 0.6102657914161682, "tweet_id": 524967358528757761, "text": "@MystiRoz easily. Don't go to war in other country's and think it won't come home to you. Police shot person in America with hands up.", "type": "lower_reply"}, {"index": 13, "attribution": 0.46710360050201416, "tweet_id": 524964253418401792, "text": "@MystiRoz slag the Islamic people then sit back and watch what happens. Bomb Islamic people and watch what happens,", "type": "lower_reply"}, {"index": 27, "attribution": 0.4472713768482208, "tweet_id": 524959078229880832, "text": "@Gormanghast @BBCBreaking there are times we shld put our stupidness aside nd be feel bad fr wats happening at the moment...!!!!", "type": "lower_reply"}, {"index": 2, "attribution": 0.3985801041126251, "tweet_id": 524958112629809152, "text": "@BBCBreaking @BBCWorld police is quite lazy.", "type": "direct_reply"}, {"index": 18, "attribution": 0.3362875282764435, "tweet_id": 524965291000750080, "text": "@Gormanghast lets nt tag one religion like tat..as if other religions are holy..!!!", "type": "lower_reply"}, {"index": 33, "attribution": 0.1834631711244583, "tweet_id": 524957146656821249, "text": "@BBCBreaking a bullet is just as evel as a bomb we bomb them they shot us but we make a big deal of both", "type": "direct_reply"}, {"index": 19, "attribution": 0.17908598482608795, "tweet_id": 524957535925993472, "text": "MT @BBCBreaking shots fired at 3 #Ottawa sites National War Memorial, Parliament Hill, and now Rideau shopping centre http://t.co/1MdVX1IHbw", "type": "direct_reply"}, {"index": 12, "attribution": 0.17854993045330048, "tweet_id": 524956728027512832, "text": "@BBCBreaking Disgusting desert pigs. Why the peaceful, polite Canadians? #WearewithCanada", "type": "direct_reply"}, {"index": 25, "attribution": 0.1686985343694687, "tweet_id": 524961799641526273, "text": "@Darke_Conteur BBC saying indications of more than one gunman. :( @BBCBreaking", "type": "lower_reply"}, {"index": 20, "attribution": 0.15167738497257233, "tweet_id": 524976163391696896, "text": "@Gormanghast i wnt blame u fr saying this..bt u forgot hw many ppl's lives are being saved by these men...!!!", "type": "lower_reply"}, {"index": 5, "attribution": 0.13034901022911072, "tweet_id": 524957420003803136, "text": "@BBCBreaking And at a hotel too.", "type": "direct_reply"}, {"index": 7, "attribution": 0.10178268700838089, "tweet_id": 524957131930624000, "text": "@BBCBreaking oh god.", "type": "direct_reply"}, {"index": 30, "attribution": 0.069147989153862, "tweet_id": 524960172914266112, "text": "@BBCBreaking #Ottawa", "type": "direct_reply"}, {"index": 26, "attribution": 0.022977640852332115, "tweet_id": 524960171345592321, "text": "@BBCBreaking sad world we live in most of the time.", "type": "direct_reply"}, {"index": 4, "attribution": 0.012946589849889278, "tweet_id": 524956946605309952, "text": "@BBCBreaking Kindly verify your report of shooting at Rideau Centre Ottawa, Canada. Local reports state otherwise.", "type": "direct_reply"}, {"index": 8, "attribution": -0.03345397859811783, "tweet_id": 524959489225940993, "text": "@BBCBreaking what's happening in this world and why this so much haterage everywhere. So sickening\ud83d\ude24\ud83d\ude24\ud83d\ude24", "type": "direct_reply"}, {"index": 6, "attribution": -0.04793568328022957, "tweet_id": 524962985995821057, "text": "@raymondillo @BBCBreaking Yes, :( Still looking for the others.", "type": "lower_reply"}, {"index": 22, "attribution": -0.050231341272592545, "tweet_id": 524957484336041984, "text": "RT @BBCBreaking #Shots at 3 #Ottawa sites -National War Memorial, Parliament Hill, and Rideau shopping centre http://t.co/GF5Gt9D5uB #FB", "type": "direct_reply"}, {"index": 21, "attribution": -0.09116613119840622, "tweet_id": 524957310024945665, "text": "@bbcbreaking muslim terrorists", "type": "direct_reply"}, {"index": 24, "attribution": -0.21914266049861908, "tweet_id": 524979653027856385, "text": "@MystiRoz America BRITTIAN had supplied these men in Syria with the weapons to start with and now they are bombing them. Hmmmm hypocrisy", "type": "lower_reply"}, {"index": 15, "attribution": -0.22141607105731964, "tweet_id": 524957744319975425, "text": "@BBCBreaking @raymondillo Yes, I can't believe this is happening...", "type": "direct_reply"}, {"index": 31, "attribution": -0.24934817850589752, "tweet_id": 524956679025487872, "text": "@BBCBreaking @BBCWorld Shit...", "type": "direct_reply"}, {"index": 0, "attribution": -0.3096676170825958, "tweet_id": 524956129017995264, "text": "Police say shots fired at 3 #Ottawa sites -  National War Memorial, Parliament Hill, and now Rideau shopping centre http://t.co/rOnqpUbuqc", "type": "source"}, {"index": 10, "attribution": -0.33312731981277466, "tweet_id": 524956507230593026, "text": "@BBCBreaking Scary stuff in Ottawa", "type": "direct_reply"}]}