{"thread_id": "524971124845985792", "gold_label": 0, "predicted_label": 0, "tweet_attributions": [{"index": 0, "attribution": 0.5477952361106873, "tweet_id": 524971124845985792, "text": "My heart aches for the family of the Canadian Soldier murdered this morning in Ottawa. RIP \u2764\ufe0f", "type": "source"}, {"index": 9, "attribution": 0.04305177554488182, "tweet_id": 524974399422623744, "text": "@dallassmith News just confirmed it....the soldier has indeed passed away. RIP", "type": "lower_reply"}, {"index": 2, "attribution": 0.011068363673985004, "tweet_id": 525068100363091969, "text": "@dallassmith @COUNTRYMUSICRD So sad. May he rest in peace.", "type": "direct_reply"}, {"index": 3, "attribution": 0.008853623643517494, "tweet_id": 524972972734291968, "text": "@dallassmith yes it is. They just confirmed it.", "type": "direct_reply"}, {"index": 5, "attribution": -0.006988702807575464, "tweet_id": 524976280999976960, "text": "@dallassmith CNN and CBC confirmed death.", "type": "direct_reply"}, {"index": 1, "attribution": -0.030784761533141136, "tweet_id": 524971399690342400, "text": "@dallassmith The death is not officially confirmed yet.", "type": "direct_reply"}, {"index": 8, "attribution": -0.03221651166677475, "tweet_id": 524983667803033602, "text": "@dallassmith Ottawa Police confirm the Canadian soldier is dead.  Conflicting news reports...this being the latest update.", "type": "lower_reply"}, {"index": 6, "attribution": -0.04634427651762962, "tweet_id": 524974447288385536, "text": "@dallassmith I'm just glad dallas your safe and not touring near the area\ud83d\ude22 #CanadaStrong", "type": "direct_reply"}, {"index": 10, "attribution": -0.08953944593667984, "tweet_id": 525027267165323264, "text": "@paigeecrossman You young lady need to grow up. #SMRT", "type": "lower_reply"}, {"index": 4, "attribution": -0.09090424329042435, "tweet_id": 524975503544176640, "text": "@dallassmith No he is alive.  Wrong info given out!!!", "type": "direct_reply"}, {"index": 7, "attribution": -0.29864785075187683, "tweet_id": 524973304537288704, "text": "@dallassmith Reports are varying.....believe the solder is still alive.", "type": "direct_reply"}]}