{"thread_id": "524996383120818176", "gold_label": 0, "predicted_label": 0, "tweet_attributions": [{"index": 0, "attribution": 0.36853840947151184, "tweet_id": 524996383120818176, "text": "Ottawa shooting: Kevin Vickers labelled 'hero' after taking down gunman in Canadian Parliament http://t.co/z3r8w1DIr1 http://t.co/68ckieXIsf", "type": "source"}, {"index": 3, "attribution": 0.006987377535551786, "tweet_id": 525005430825951232, "text": "@Independent Well done Mr Vickers as if he hadn't it could have been much worse", "type": "direct_reply"}, {"index": 5, "attribution": 0.006847328972071409, "tweet_id": 524996954884161536, "text": "RT @Independent Ottawa shooting: Kevin Vickers labelled 'hero' after taking down gunman in Canadian Parliament http://t.co/Q6T4Vu9fnZ", "type": "direct_reply"}, {"index": 1, "attribution": 0.00025578378699719906, "tweet_id": 525000437087625217, "text": "@Independent Harrison Ford in the movie", "type": "direct_reply"}, {"index": 4, "attribution": -0.005519367288798094, "tweet_id": 525009609514184704, "text": "@Independent @jashsf Don't mess w/old guy wearing medals&amp;funny hats. There's a reason why he's secure in his manhood wearing that ensemble.", "type": "direct_reply"}, {"index": 7, "attribution": -0.011648843996226788, "tweet_id": 524996946801745921, "text": "@Independent very brave gunman. He probably shot the idiots while they were discussing nothing. LoooooL", "type": "direct_reply"}, {"index": 2, "attribution": -0.01220016274601221, "tweet_id": 524996712390467584, "text": "@Independent old boy done it.", "type": "direct_reply"}, {"index": 6, "attribution": -0.06624602526426315, "tweet_id": 525402386769387520, "text": "@Independent @HarrietBaldwin Clapping for a good guy with a gun. Cheers to him. Well deserved, bummer this is not the normal response  #2A", "type": "direct_reply"}]}