{"thread_id": "524947149134774272", "gold_label": 0, "predicted_label": 2, "tweet_attributions": [{"index": 0, "attribution": 0.2218754142522812, "tweet_id": 524947149134774272, "text": "UPDATED | Attacker shot dead in Parliament after soldier shot at National War Memorial: http://t.co/4kP3Lib1dS #cbcOTT #OTTnews", "type": "source"}, {"index": 1, "attribution": 0.0006538890884257853, "tweet_id": 524948435649462272, "text": "#Ottawa Attacker shot dead in Parliament after soldier shot at National War Memorial: http://t.co/Dlqhm2K9zS  #cbcOTT #OTTnews v. @CBCOttawa", "type": "direct_reply"}, {"index": 2, "attribution": -0.060312435030937195, "tweet_id": 524968863067566080, "text": "@CBCOttawa @JohnnyJesus gunman walked right passed the Conservative and NDP caucus meeting rooms , didn't make it to the FIBERALS,AT THE END", "type": "direct_reply"}]}