{"thread_id": "524959809402331137", "gold_label": 0, "predicted_label": 0, "tweet_attributions": [{"index": 11, "attribution": 0.06509207934141159, "tweet_id": 524960034305114113, "text": "@cnnbrk PLEASE help us spread the word for our fundraiser to kickstart our company https://t.co/liBfXjcv6y #ROC #SmallBusiness #the585", "type": "direct_reply"}, {"index": 14, "attribution": 0.06169335916638374, "tweet_id": 524960144632070145, "text": "@cnnbrk I hate to say that but maybe we should let Assad finish the job over there", "type": "direct_reply"}, {"index": 18, "attribution": 0.05446213111281395, "tweet_id": 524961093496885248, "text": "@cnnbrk The world has gone #MAD. http://t.co/78Q5v78rlO", "type": "direct_reply"}, {"index": 17, "attribution": 0.050656720995903015, "tweet_id": 524960409602650113, "text": "@cnnbrk those gun crazy canadians need to be stopped, destroy all donuts", "type": "direct_reply"}, {"index": 0, "attribution": 0.042208295315504074, "tweet_id": 524959809402331137, "text": "Senior U.S. official: Canadian government has informed U.S. that one shooter is dead in Ottawa. Live blog: http://t.co/q98AMohu7T", "type": "source"}, {"index": 10, "attribution": 0.037363942712545395, "tweet_id": 524961297721749505, "text": "@cnnbrk There is no proof yet that the shooter(s) has anything to do with ISIL but A BANFIELD &amp; CNN are already dropping that scare message", "type": "direct_reply"}, {"index": 8, "attribution": 0.030998850241303444, "tweet_id": 524960862248132608, "text": "@cnnbrk Police searching and firing on Parliament Hill https://t.co/fjS8NPayIr", "type": "direct_reply"}, {"index": 6, "attribution": 0.030817007645964622, "tweet_id": 524959988956291074, "text": "@cnnbrk War Memorial Soldier pronounced dead just now.", "type": "direct_reply"}, {"index": 1, "attribution": 0.028818393126130104, "tweet_id": 524960156669726720, "text": "@cnnbrk \u0627\u0646\u062a \u0645\u062b\u0642\u0641 \u061f \u062d\u0627\u0635\u0644 \u0639\u0644\u0649 \u062f\u0643\u062a\u0648\u0631\u0627\u0647 \u061f \u062a\u0639\u0627\u0644 \u0647\u0646\u0627 \u0637\u064a\u0628 - @Question_arab", "type": "direct_reply"}, {"index": 16, "attribution": 0.021920062601566315, "tweet_id": 524960933211168770, "text": "@cnnbrk Replies 2 this English post really need to be in English. Especially when  the world is assuming  this is yet another act of terror.", "type": "direct_reply"}, {"index": 9, "attribution": 0.012147818692028522, "tweet_id": 524960151871447040, "text": "@cnnbrk \u0645\u0646 \u062c\u062f \u0648\u0631\u0628\u064a \u0647\u0627\u0644\u062d\u0633\u0627\u0628 \u0645\u062f\u0631\u064a \u0643\u064a\u0641 \u0627\u0644\u0646\u0627\u0633 \u062a\u062c\u0627\u0648\u0628 \u0639\u0644\u064a\u0647 @Question_arab", "type": "direct_reply"}, {"index": 2, "attribution": 0.008619925007224083, "tweet_id": 524960359388823552, "text": "\u201c@cnnbrk: Senior U.S. official: Canadian government has informed U.S. that one shooter is dead in Ottawa. Live blog: http://t.co/bjWnX0FzOC", "type": "direct_reply"}, {"index": 19, "attribution": 0.005762820597738028, "tweet_id": 524960097563590656, "text": "@cnnbrk So sad. This is not right.\n\n#PrayForOttawa \n#Ottawa \n#ottawashooting \n#CanadaShooting", "type": "direct_reply"}, {"index": 7, "attribution": 0.005353488493710756, "tweet_id": 524960274156371968, "text": "Scary situation. RT @cnnbrk U.S. official: Canadian government has informed U.S. that one shooter is dead in Ottawa. http://t.co/6rcpmWTjRX", "type": "direct_reply"}, {"index": 13, "attribution": 0.005139268469065428, "tweet_id": 524961861406838784, "text": "@cnnbrk we need d I.D of the shooter", "type": "direct_reply"}, {"index": 4, "attribution": 0.004155685193836689, "tweet_id": 524961643688890368, "text": "@cnnbrk US official - whatever. Take your source from the Canadian government what has your channel become", "type": "direct_reply"}, {"index": 5, "attribution": -0.0019608824513852596, "tweet_id": 524960004529737728, "text": "@cnnbrk @TheCurrentCBC: Police - more than 1 suspect, downtown remains in lockdown. LA http://t.co/TLbGZbQCj3 http://t.co/BkUpSsslXy", "type": "direct_reply"}, {"index": 3, "attribution": -0.009629303589463234, "tweet_id": 524985774224048129, "text": "@NYWEC you're a scumbag for trying to profit off a tragedy.", "type": "lower_reply"}, {"index": 12, "attribution": -0.011360601522028446, "tweet_id": 524960144858554368, "text": "@cnnbrk \u0647\u0647\u0647\u0647\u0647 \u0634\u0648\u0641\u0648\u0622 \u0639\u0644\u0627 \u0627\u0644\u0641\u0627\u0631\u0633 \u0645\u064a\u0646 \u0645\u062a\u0627\u0628\u0639\u0647 \u061f @Question_arab", "type": "direct_reply"}, {"index": 15, "attribution": -0.021924851462244987, "tweet_id": 524960960227078144, "text": "@cnnbrk looks like Canada caught a case of the United States , \ud83d\udd2b", "type": "direct_reply"}]}