{"thread_id": "524981689781870593", "gold_label": 0, "predicted_label": 2, "tweet_attributions": [{"index": 0, "attribution": 0.8445799350738525, "tweet_id": 524981689781870593, "text": "One shooting victim succumbed to injuries. He was a member of the Canadian Forces. Our thoughts and prayers are with him and his loved ones.", "type": "source"}, {"index": 15, "attribution": 0.10649443417787552, "tweet_id": 524983062204276736, "text": "@OttawaPolice Just heartbreaking to read this. My deepest condolences to all &amp; prayers for your safety as suspects are pursued.", "type": "direct_reply"}, {"index": 3, "attribution": 0.08867891877889633, "tweet_id": 524985923147034624, "text": "@OttawaPolice Congrats on your 250\u2605 tweet! http://t.co/O9vSt0wbgx", "type": "direct_reply"}, {"index": 9, "attribution": 0.05277363955974579, "tweet_id": 524983070076567552, "text": "MT @OttawaPolice: 1 shooting victim succumbed to injuries. He was a member of the C.F. Our thoughts and prayers are w him &amp; his loved ones.", "type": "direct_reply"}, {"index": 14, "attribution": 0.036173682659864426, "tweet_id": 524982034675273728, "text": "BREAKING: @OttawaPolice have now confirmed death of soldier shot at war memorial #Ottawashooting", "type": "direct_reply"}, {"index": 10, "attribution": 0.013925176113843918, "tweet_id": 524982721563885568, "text": "BREAKING @OttawaPolice confirm one shooting victim succumbed to injuries. He was a member of the Canadian Forces #OttawaShooting #cdnpoli", "type": "direct_reply"}, {"index": 13, "attribution": -0.006241587921977043, "tweet_id": 524982151847358464, "text": "@OttawaPolice @BuzzFeedNews Amen.", "type": "direct_reply"}, {"index": 8, "attribution": -0.009225965477526188, "tweet_id": 525481919366959105, "text": "@OttawaPolice Congrats on your 500\u2605 tweet! http://t.co/KIrYbynKWm", "type": "direct_reply"}, {"index": 1, "attribution": -0.016914216801524162, "tweet_id": 524982151906066432, "text": "Just awful. \u201c@OttawaPolice: One shooting victim succumbed to injuries. He was a member of the Canadian Forces.\"", "type": "direct_reply"}, {"index": 7, "attribution": -0.027366124093532562, "tweet_id": 524984181659418624, "text": "@OttawaPolice @nytimesworld My condolences", "type": "direct_reply"}, {"index": 4, "attribution": -0.028223102912306786, "tweet_id": 524982936710283264, "text": "Sad. Very very sad MT \u201c@OttawaPolice: One shooting victim succumbed to injuries. He was a member of the Canadian Forces.\u201d", "type": "direct_reply"}, {"index": 11, "attribution": -0.040283896028995514, "tweet_id": 524982927864901632, "text": "\u201c@OttawaPolice: One shooting victim succumbed to injuries. He was a member of the Canadian Forces.\" \ud83d\ude14", "type": "direct_reply"}, {"index": 6, "attribution": -0.06219315901398659, "tweet_id": 524982628240588800, "text": "@OttawaPolice confirm one suspect and a victim - a CF member are dead #cdnpoli #ottnews", "type": "direct_reply"}, {"index": 2, "attribution": -0.06341774761676788, "tweet_id": 524982595147558913, "text": ". @OttawaPolice just confirmed that a member of the Canadian Forces has \"succumbed to injuries\" #OttawaShooting", "type": "direct_reply"}, {"index": 5, "attribution": -0.06534837931394577, "tweet_id": 524982931820134400, "text": "@englishoak @OttawaPolice hear hear", "type": "lower_reply"}, {"index": 12, "attribution": -1.0594127178192139, "tweet_id": 524982851398553600, "text": "@OttawaPolice @tomchapman16  Sympathies to family from this family in England xx", "type": "direct_reply"}]}