{"thread_id": "524930575472136192", "gold_label": 2, "predicted_label": 2, "tweet_attributions": [{"index": 0, "attribution": 0.24496202170848846, "tweet_id": 524930575472136192, "text": "#ottnews #ctvottawa  Reports man has been apprehended on Parliament Hill.  As many as 30 shots fired  - soldier shot at War Memorial.", "type": "source"}, {"index": 3, "attribution": 0.0254670400172472, "tweet_id": 524936133638373376, "text": "@CarolAnneCTV @TSNBobMcKenzie Still one on the loose", "type": "direct_reply"}, {"index": 4, "attribution": 0.023744216188788414, "tweet_id": 524931964978331648, "text": "#AttackInOttawa\n@CarolAnneCTV: Report: man apprehended on Parliament Hill.  As many as 30 shots fired  - soldier shot at War Memorial", "type": "direct_reply"}, {"index": 5, "attribution": 0.006547539960592985, "tweet_id": 524936075534663682, "text": "@CarolAnneCTV @TSNBobMcKenzie what about low income housing news did you hear any things", "type": "direct_reply"}, {"index": 7, "attribution": -0.009023814462125301, "tweet_id": 524930817177690113, "text": "@CarolAnneCTV hope these reports are true. Quick response from all personnel thank you!", "type": "direct_reply"}, {"index": 2, "attribution": -0.04891151562333107, "tweet_id": 524938578972123136, "text": "@CarolAnneCTV slight exageration maybe?", "type": "direct_reply"}, {"index": 1, "attribution": -0.05994820594787598, "tweet_id": 524945298087739392, "text": "@CarolAnneCTV @TSNBobMcKenzie \nWTF. This is unthinkable. What's in store for our future?", "type": "direct_reply"}, {"index": 6, "attribution": -0.06449449807405472, "tweet_id": 524936114860478464, "text": "@CarolAnneCTV @TSNBobMcKenzie Lots of other reports say there's still a shooter loose.", "type": "direct_reply"}]}