{"thread_id": "524981557770350592", "gold_label": 1, "predicted_label": 2, "tweet_attributions": [{"index": 12, "attribution": 0.6385860443115234, "tweet_id": 524982884869095426, "text": "@AP @BillGRinehart @onthemedia\nSee #4: http://t.co/gjAXerDsjs", "type": "direct_reply"}, {"index": 1, "attribution": 0.166050985455513, "tweet_id": 524984250547060736, "text": "@ap muslim terrorists at it again", "type": "direct_reply"}, {"index": 2, "attribution": 0.13489064574241638, "tweet_id": 524984654001344512, "text": "@AP Kenya should issue travel advisories against this gun totting country", "type": "direct_reply"}, {"index": 14, "attribution": 0.1330861896276474, "tweet_id": 524981925853675520, "text": "@AP I wonder if it was those 3 afghan soldiers that crossed into their borders after leaving the USA.. Hmmmm", "type": "direct_reply"}, {"index": 8, "attribution": 0.1242004856467247, "tweet_id": 524983189815971840, "text": "@AP @harryfear yes, 3", "type": "direct_reply"}, {"index": 19, "attribution": 0.09932184964418411, "tweet_id": 524990343037857792, "text": "@AP I hope they don't issue a \"Lock Down\" if this happens is U.S. cities. Hope they issue a \"Lock &amp; Load\". Stay home, protect my family.", "type": "direct_reply"}, {"index": 16, "attribution": 0.028886618092656136, "tweet_id": 524998384747573248, "text": "\u201c@AP: BREAKING: Ottawa police say they believe there is more than one shooter.\u201d Pretty sure this HASN'T been confirmed, Wait for better info", "type": "direct_reply"}, {"index": 7, "attribution": 0.022484146058559418, "tweet_id": 524982112735084544, "text": "@AP My map app shows tweets from #Ottawa shooting site http://t.co/VlcPC99uBJ \u2026 \u2026", "type": "direct_reply"}, {"index": 5, "attribution": 0.016900749877095222, "tweet_id": 524982225247678468, "text": "\u201c@AP: BREAKING: Ottawa police say they believe there is more than one shooter.\u201d", "type": "direct_reply"}, {"index": 6, "attribution": 0.016465691849589348, "tweet_id": 524981724573609984, "text": "\u201c@AP: BREAKING: Ottawa police say they believe there is more than one shooter.\u201d", "type": "direct_reply"}, {"index": 13, "attribution": 0.0002939021505881101, "tweet_id": 525006429162569728, "text": "\u201c@AP: BREAKING: Ottawa police say they believe there is more than one shooter.\u201d #Ottawa #CanadaShooting", "type": "direct_reply"}, {"index": 4, "attribution": -0.025985360145568848, "tweet_id": 524982043521064960, "text": "RT @AP BREAKING: Ottawa police say they believe there is more than one shooter.", "type": "direct_reply"}, {"index": 18, "attribution": -0.041189368814229965, "tweet_id": 525002400864546816, "text": "\u201c@AP: BREAKING: Ottawa police say they believe there is more than one shooter.\u201d #uaj307", "type": "direct_reply"}, {"index": 17, "attribution": -0.04995233193039894, "tweet_id": 524982605406818304, "text": "\u201c@AP: BREAKING: Ottawa police say they believe there is more than one shooter.\u201d\n\nwhat", "type": "direct_reply"}, {"index": 11, "attribution": -0.056035395711660385, "tweet_id": 524981847781289985, "text": "#CanadaShooting RT \u201c@AP: BREAKING: Ottawa police say they believe there is more than one shooter.\u201d", "type": "direct_reply"}, {"index": 3, "attribution": -0.12391852587461472, "tweet_id": 524983222988709890, "text": "Those conspiracy theorists... @AP @harryfear", "type": "direct_reply"}, {"index": 10, "attribution": -0.12837626039981842, "tweet_id": 524982006124642305, "text": "@AP Media giants are slow. You could infer this from the streams when the cops were still searching despite apprehending one. #Slowpoke", "type": "direct_reply"}, {"index": 9, "attribution": -0.13627885282039642, "tweet_id": 524981807973150720, "text": "BREAKING: Ottawa police say they believe there is more than one shooter. (@AP)", "type": "direct_reply"}, {"index": 15, "attribution": -0.23978137969970703, "tweet_id": 524983409286733824, "text": "@taestell That's why I thought that headline was interesting.", "type": "lower_reply"}, {"index": 0, "attribution": -0.3401203453540802, "tweet_id": 524981557770350592, "text": "BREAKING: Ottawa police say they believe there is more than one shooter.", "type": "source"}]}