{"thread_id": "524949339131904000", "gold_label": 0, "predicted_label": 2, "tweet_attributions": [{"index": 46, "attribution": 1.6306172609329224, "tweet_id": 525054656997629953, "text": "@MajuIndonesia11 @daz_haywood No Christan Fanatics don't behead,they do bomb women's health clinics and spread racism in the name of Christ", "type": "lower_reply"}, {"index": 70, "attribution": 0.9930903911590576, "tweet_id": 524956263869079552, "text": "@ImmaNavyspouse @BBCBreaking These 'fanatics! are doing what the quran tells them to do to the non believer. We need to wake up quickly.", "type": "lower_reply"}, {"index": 71, "attribution": 0.7313773036003113, "tweet_id": 524963753998438400, "text": "@ImmaNavyspouse @BBCBreaking Sounds like they have a fab mum.", "type": "lower_reply"}, {"index": 14, "attribution": 0.6536474823951721, "tweet_id": 525049393657815041, "text": "@ImmaNavyspouse @daz_haywood, Christian fanatics did not beheading child. No order in Bible to fight infidel and force other to submit.", "type": "lower_reply"}, {"index": 4, "attribution": 0.6035372018814087, "tweet_id": 525443501362659328, "text": "@ImmaNavyspouse, when he bombing it, its not led by Jesus'teaching for sure, but ISIS is led by literal teaching of Qur'an.", "type": "lower_reply"}, {"index": 9, "attribution": 0.5922342538833618, "tweet_id": 524958340980686848, "text": "@daz_haywood @BBCBreaking Nor are all Christians the Westbro Baptists either.People choose to interpret religious teachings in their own way", "type": "lower_reply"}, {"index": 37, "attribution": 0.5915940999984741, "tweet_id": 524962622069014528, "text": "@daz_haywood @BBCBreaking Which is why open dialog is important. That is what I have with my children.", "type": "lower_reply"}, {"index": 52, "attribution": 0.5489245057106018, "tweet_id": 524953364518699008, "text": "@ImmaNavyspouse @BBCBreaking am i right in thinking canada has 'imported' more followers of islam than any other major country ? Shame.", "type": "lower_reply"}, {"index": 28, "attribution": 0.5379495024681091, "tweet_id": 525429518316892160, "text": "@MajuIndonesia11  Bombing an Abortion clinic in the Jesus and the Almighty God isn't the same?Both have a book of teachings.", "type": "lower_reply"}, {"index": 34, "attribution": 0.45611289143562317, "tweet_id": 524963989546360833, "text": "@daz_haywood @BBCBreaking  Hahaha.. I try!", "type": "lower_reply"}, {"index": 23, "attribution": 0.4544738829135895, "tweet_id": 524955236423962624, "text": "@daz_haywood @BBCBreaking We don't see a lot of fanatics trying to shoot up our Parliament Buildings as they do here in DC.", "type": "lower_reply"}, {"index": 47, "attribution": 0.43075692653656006, "tweet_id": 524960527421038592, "text": "@daz_haywood @BBCBreaking Not all religion is bad. Belief is a personal thing. However you see it Its the fanatics that make it look bad.", "type": "lower_reply"}, {"index": 25, "attribution": 0.4147339165210724, "tweet_id": 525060125866737664, "text": "@ImmaNavyspouse, The reason they kill because other has diff religion. Christian fanatic may blow cause of revenge and hatred, not of relig", "type": "lower_reply"}, {"index": 61, "attribution": 0.35736003518104553, "tweet_id": 524960761677103104, "text": "@Nduna_lux @BBCBreaking @BBCWorld go there or any other country and you'll find peaceful moderate Muslims as well! Way more of them!", "type": "lower_reply"}, {"index": 49, "attribution": 0.31852003931999207, "tweet_id": 524952230324371456, "text": "@Nduna_lux @BBCBreaking @BBCWorld It's not Muslims that are doing this but terrorists. Please remember this. More hate more recruits.", "type": "lower_reply"}, {"index": 44, "attribution": 0.2731036841869354, "tweet_id": 524971785239134208, "text": "@Nduna_lux @BBCBreaking @BBCWorld how am I happy, are you even listening to what I'm saying!! I am completely against Islamism", "type": "lower_reply"}, {"index": 63, "attribution": 0.26858046650886536, "tweet_id": 524965157647429632, "text": "@Nduna_lux @BBCBreaking @BBCWorld I'm not having none of it! Islam is a religion just like any other and there will always be people who", "type": "lower_reply"}, {"index": 5, "attribution": 0.26553913950920105, "tweet_id": 524956928787902464, "text": "@daz_haywood @BBCBreaking I don't disagree. But its the same down here in the US, with the Christian Fanatics and the nonexistant gun laws", "type": "lower_reply"}, {"index": 62, "attribution": 0.24254339933395386, "tweet_id": 525060664696401920, "text": "@ImmaNavyspouse, yes,it against bible&amp; it does not make they kill and behead people, right?", "type": "lower_reply"}, {"index": 38, "attribution": 0.23295550048351288, "tweet_id": 525046498107486208, "text": "@sophie__malik I was going to let her know the shooter was a Canadian drug addict but it looks like she deleted her account..", "type": "lower_reply"}, {"index": 65, "attribution": 0.2138526290655136, "tweet_id": 524950375452131329, "text": "@BBCBreaking This is so heartbreaking, as a Canadian to watch. As Canada prides itself as a nation that has strict gun laws.", "type": "direct_reply"}, {"index": 55, "attribution": 0.19831116497516632, "tweet_id": 524975923586924544, "text": "@Nduna_lux @BBCBreaking @BBCWorld @daz_haywood Point is these guys are radicalised. different from the law abiding Muslims.", "type": "lower_reply"}, {"index": 27, "attribution": 0.18259674310684204, "tweet_id": 524954840326483968, "text": "@daz_haywood @BBCBreaking It is true that Canada is more tolerant to other cultures, however, stuff like this is a rarity compared to the US", "type": "lower_reply"}, {"index": 66, "attribution": 0.1707097738981247, "tweet_id": 524965366897070080, "text": "@Nduna_lux @BBCBreaking @BBCWorld don't understand what it is really about and they'll  abuse it and that's it! Stop spreading islamophobia", "type": "lower_reply"}, {"index": 11, "attribution": 0.16687725484371185, "tweet_id": 524976393499992064, "text": "@Nduna_lux @sophie__malik It's official, you're an idiot. Education is a wonderful thing.", "type": "lower_reply"}, {"index": 29, "attribution": 0.15858730673789978, "tweet_id": 524954105023041536, "text": "@Dowlerjnr @Nduna_lux @BBCBreaking @BBCWorld what complete rubbish. This is the 'religion of peace' at work yet again.", "type": "lower_reply"}, {"index": 3, "attribution": 0.15641476213932037, "tweet_id": 524976033716797440, "text": "@Nduna_lux @BBCBreaking @BBCWorld @daz_haywood I just think it's important to differentiate.", "type": "lower_reply"}, {"index": 39, "attribution": 0.15321047604084015, "tweet_id": 524966811734147073, "text": "@Nduna_lux @BBCBreaking @BBCWorld Russia Ukraine? Any Muslim motivation you can see there? No, point invalid. Good bye", "type": "lower_reply"}, {"index": 21, "attribution": 0.1443939357995987, "tweet_id": 525060754647445504, "text": "@MajuIndonesia11 Because you think someone goes against the bible? Muslim Fanatics just have a different way of getting their point across.", "type": "lower_reply"}, {"index": 35, "attribution": 0.1443435102701187, "tweet_id": 524985179689844738, "text": "@Nduna_lux @sophie__malik Your tweets are offensive to those who are true to their faith, &amp; true to the peacefulness of society, as all are", "type": "lower_reply"}, {"index": 32, "attribution": 0.14359529316425323, "tweet_id": 525447738075652096, "text": "@MajuIndonesia11 My point is all organized religions have their own brand of Fanatics. Murder in the name of religion is never good.", "type": "lower_reply"}, {"index": 54, "attribution": 0.14025983214378357, "tweet_id": 525061258869891073, "text": "@MajuIndonesia11 Fanatical Christians justify killing someone the same way a Fanatical Muslim does. It goes against their religion.", "type": "lower_reply"}, {"index": 64, "attribution": 0.1303851455450058, "tweet_id": 525404310138806273, "text": "@ImmaNavyspouse, not true, no teaching to kill infidel in Christian.The act of ISIS told by their quran. http://t.co/aRXIDQTIfx", "type": "lower_reply"}, {"index": 50, "attribution": 0.11438419669866562, "tweet_id": 524954176619831297, "text": "@Nduna_lux @BBCBreaking @BBCWorld learn how to spell immigrants before making stupid comments like that!!", "type": "lower_reply"}, {"index": 45, "attribution": 0.10720180720090866, "tweet_id": 524974461104443392, "text": "@Nduna_lux @BBCBreaking @BBCWorld @daz_haywood What they are doing is completely against the Koran in any case. not the made up one.", "type": "lower_reply"}, {"index": 74, "attribution": 0.1020650565624237, "tweet_id": 524957207692324864, "text": "@daz_haywood @BBCBreaking There are always going to be fanatics and the lunatics that carry out the worst possible scenarios.", "type": "lower_reply"}, {"index": 48, "attribution": 0.0882820263504982, "tweet_id": 525059983763722240, "text": "@MajuIndonesia11 Interesting. But no. Most of the Christian Fanatics use Christ as their excuse to spread Racism and Hate.", "type": "lower_reply"}, {"index": 72, "attribution": 0.08693631738424301, "tweet_id": 524994146143330305, "text": "@Nduna_lux @sophie__malik Hey George, George Bush, is that you?", "type": "lower_reply"}, {"index": 58, "attribution": 0.0852276161313057, "tweet_id": 524959213903417344, "text": "@ImmaNavyspouse @BBCBreaking I don't believe a word of it. Religion is legalised brainwashing. Islam is just incompatable in the west", "type": "lower_reply"}, {"index": 60, "attribution": 0.08146409690380096, "tweet_id": 525446904872972288, "text": "@MajuIndonesia11 I get what your are saying, however, both cases religion is the root of the issue, the issue being murder.", "type": "lower_reply"}, {"index": 20, "attribution": 0.07342405617237091, "tweet_id": 524984845055700992, "text": "@Nduna_lux @sophie__malik There are lunatics in every culture, every ethnicity. There are also innocent people in every culture as well.", "type": "lower_reply"}, {"index": 7, "attribution": 0.0690414160490036, "tweet_id": 525447437591146496, "text": "@ImmaNavyspouse, You take higher level view, which not objectively explained the real root cause.Actually that's total diff case.", "type": "lower_reply"}, {"index": 51, "attribution": 0.05630922317504883, "tweet_id": 525164713291038720, "text": "@dwh17 oh well some people don't deserve to know the truth", "type": "lower_reply"}, {"index": 16, "attribution": 0.05629139021039009, "tweet_id": 525060527249039360, "text": "@MajuIndonesia11 Do you live here in the US? To see the lvl of hatred spewed all in the name of religion?Murders or bombing of clinics?", "type": "lower_reply"}, {"index": 73, "attribution": 0.04881398379802704, "tweet_id": 524963463689666560, "text": "@Nduna_lux @BBCBreaking @BBCWorld look I'm not saying Islamism or any radical ideology of any religion is right but saying every Muslim is", "type": "lower_reply"}, {"index": 59, "attribution": 0.03583625704050064, "tweet_id": 524970192263450624, "text": "@Nduna_lux @daz_haywood @BBCBreaking @BBCWorld Again terrorists. Not Muslims. Muslims don't shoot at people, terrorists do.", "type": "lower_reply"}, {"index": 30, "attribution": 0.03091496042907238, "tweet_id": 524961978146906113, "text": "@ImmaNavyspouse @BBCBreaking We need to stop brainwashing children and let them come to their own conclusion on the matter of religion", "type": "lower_reply"}, {"index": 33, "attribution": 0.02200234867632389, "tweet_id": 524972237955543040, "text": "@sophie__malik @Nduna_lux Nduna_lux, you sound like Hitler.", "type": "lower_reply"}, {"index": 43, "attribution": 0.020812956616282463, "tweet_id": 525060912932073474, "text": "@MajuIndonesia11 It makes them kill. Murder is murder. Whether or not you take a person's head off in the process.", "type": "lower_reply"}, {"index": 2, "attribution": 0.010478753596544266, "tweet_id": 524972794267066369, "text": "@Nduna_lux @BBCBreaking @BBCWorld could have been anyone really", "type": "lower_reply"}, {"index": 15, "attribution": 0.00633879704400897, "tweet_id": 525060227666690048, "text": "@MajuIndonesia11 Gay Marriage?Goes against the bible. Abortion? Goes against the Bible.", "type": "lower_reply"}, {"index": 42, "attribution": -0.027399888262152672, "tweet_id": 524975453720031234, "text": "@Nduna_lux @BBCBreaking @BBCWorld @daz_haywood Again there are different versions. You should see the iranian one.", "type": "lower_reply"}, {"index": 12, "attribution": -0.03366893157362938, "tweet_id": 525059535392624640, "text": "@ImmaNavyspouse, And you know that's not Christian teaching, that's politic issue. Islam terrorist issue is about pure teaching of Islam.", "type": "lower_reply"}, {"index": 24, "attribution": -0.04126719385385513, "tweet_id": 524971900330868736, "text": "@Nduna_lux @BBCBreaking @BBCWorld and I'm against any form of terrorism as well as it's not confirmed that this was an Islamist attack", "type": "lower_reply"}, {"index": 22, "attribution": -0.041449107229709625, "tweet_id": 524984811312939008, "text": "@Nduna_lux @BBCBreaking @BBCWorld read exodus 22:20. Then shut up", "type": "lower_reply"}, {"index": 18, "attribution": -0.0496717244386673, "tweet_id": 524988076293361664, "text": "@Nduna_lux @BBCBreaking @BBCWorld how am I an extremist please? I'm not even a religious person?", "type": "lower_reply"}, {"index": 1, "attribution": -0.05552743375301361, "tweet_id": 524973987622051840, "text": "@Nduna_lux @BBCBreaking @BBCWorld @daz_haywood I just think there are millions of Muslims. You can't label them all. But that's my opinion.", "type": "lower_reply"}, {"index": 67, "attribution": -0.07911979407072067, "tweet_id": 524965555837894656, "text": "@Nduna_lux @BBCBreaking @BBCWorld are you fucking kidding me", "type": "lower_reply"}, {"index": 53, "attribution": -0.07950885593891144, "tweet_id": 524952202331578368, "text": "\u201c@BBCBreaking: A gunman is killed after shooting at war memorial and Canadian parliament in Ottawa  http://t.co/Vsv760TVYi\u201d @nastyotoe", "type": "direct_reply"}, {"index": 40, "attribution": -0.0803002193570137, "tweet_id": 524971518762434561, "text": "@Dowlerjnr @Nduna_lux @BBCBreaking @BBCWorld Have a flick through some of the more aggresive bits of the quran Niall. Their incompatable", "type": "lower_reply"}, {"index": 56, "attribution": -0.08565806597471237, "tweet_id": 524955300311609344, "text": "@ImmaNavyspouse @BBCBreaking A sad day for your gorgeous country but it needs to wake up to the major problems we're gonna get from islam", "type": "lower_reply"}, {"index": 0, "attribution": -0.09502188116312027, "tweet_id": 524949339131904000, "text": "A gunman is killed after shooting at war memorial and Canadian parliament in Ottawa, media reports say http://t.co/sj9jOKOw2X", "type": "source"}, {"index": 13, "attribution": -0.09868987649679184, "tweet_id": 525006755680382977, "text": "@Nduna_lux @sophie__malik You already don't.", "type": "lower_reply"}, {"index": 68, "attribution": -0.11324214190244675, "tweet_id": 524985513573240832, "text": "@Nduna_lux @sophie__malik These people are insane. U buy the fact that they are religion based, they are not. No religous person murders.", "type": "lower_reply"}, {"index": 36, "attribution": -0.13301587104797363, "tweet_id": 524956770268372992, "text": "@Nduna_lux @BBCBreaking @BBCWorld @Dowlerjnr better get used to this because it'll be happening worldwide", "type": "lower_reply"}, {"index": 17, "attribution": -0.15935350954532623, "tweet_id": 524958222097317888, "text": "@ImmaNavyspouse @BBCBreaking Religion as a whole has a lot to answer for if you ask me. I'm so glad i wasn't brainwashed as a child", "type": "lower_reply"}, {"index": 31, "attribution": -0.1603400856256485, "tweet_id": 524953206225666048, "text": "\u201c@BBCBreaking:A gunman is killed after shooting at war memorial and Canadian parliament in Ottawa, media reports say http://t.co/TrqAW77fgv\u201d", "type": "direct_reply"}, {"index": 6, "attribution": -0.1645738184452057, "tweet_id": 524984622921183233, "text": "@Nduna_lux @sophie__malik In humanity. No religion preaches hate, and you ought to know that but you prefer to be ignorant.", "type": "lower_reply"}, {"index": 10, "attribution": -0.1699609011411667, "tweet_id": 524964526681497601, "text": "@ImmaNavyspouse @BBCBreaking Keep em safe sweety. From what i here DC is quite a dangerous city in places as are many US cities.", "type": "lower_reply"}, {"index": 26, "attribution": -0.17141152918338776, "tweet_id": 524957991339307008, "text": "@daz_haywood @BBCBreaking We can't blame an entire religion for a group of people that are insane.Not all Muslims are evil.", "type": "lower_reply"}, {"index": 69, "attribution": -0.1794435828924179, "tweet_id": 524963639355535360, "text": "@Nduna_lux @BBCBreaking @BBCWorld bad ain't either. Islamophobia is just as bad as radical Islamism and doesn't help in solving this", "type": "lower_reply"}, {"index": 41, "attribution": -0.1895904541015625, "tweet_id": 524965360316219392, "text": "@daz_haywood Many Thanks!", "type": "lower_reply"}, {"index": 8, "attribution": -0.213181272149086, "tweet_id": 524985966998458369, "text": "@Nduna_lux @sophie__malik Ppl  that believe like u are the reason I will hide with my innocent wife in our apartment in fear of retaliation", "type": "lower_reply"}, {"index": 57, "attribution": -0.4647603929042816, "tweet_id": 524951927071969280, "text": "\ud83d\ude4f @BBCBreaking\nA gunman is killed after shooting at war memorial and Canadian parliament in Ottawa, media reports say http://t.co/BJQ2wlv2NQ", "type": "direct_reply"}, {"index": 19, "attribution": -0.4699706733226776, "tweet_id": 524964966215217152, "text": "@Nduna_lux @BBCBreaking @BBCWorld no it's not!! It's pointless having this discussion really, what you're doing is being a fascist dick and", "type": "lower_reply"}]}