{"thread_id": "524949306101743616", "gold_label": 1, "predicted_label": 2, "tweet_attributions": [{"index": 3, "attribution": 1.1340301036834717, "tweet_id": 524954177232179200, "text": "@siomo @acoyne every Cnd needs to be armed with knowledge of 20th cent. fascist ideology Islamism (not Islam). Must all work to stop in Cnd", "type": "direct_reply"}, {"index": 5, "attribution": 0.4335159957408905, "tweet_id": 524955333090107392, "text": "@siomo @acoyne  as we did with Nazism. Can't fight if we minimize what it truly is. Calling it 'terrorism' or 'extremism' minimizes it", "type": "lower_reply"}, {"index": 7, "attribution": 0.11177179962396622, "tweet_id": 524950923215654912, "text": "\u201c@siomo: NEW: Ottawa police reporting 3rd shooting scene, at Rideau Centre Mall, close to Parliament Hill\u201d", "type": "direct_reply"}, {"index": 2, "attribution": 0.07844532281160355, "tweet_id": 524951123023892480, "text": "@siomo Their tweet says \"near Rideau Centre,\" meaning it could be Chateau Laurier or other locations.", "type": "direct_reply"}, {"index": 1, "attribution": 0.05235511437058449, "tweet_id": 524950796698673152, "text": "\u201c@siomo: NEW: Ottawa police reporting 3rd shooting scene, at Rideau Centre Mall, close to Parliament Hill\u201d \ud83d\ude4a\ud83d\ude40\ud83d\ude16", "type": "direct_reply"}, {"index": 4, "attribution": -0.03677767142653465, "tweet_id": 524955679669649408, "text": "@siomo @geraldericsson If they're radical Muslims, deport them, along with neighbors, friends, employers and Imams. Time to clean house.", "type": "direct_reply"}, {"index": 6, "attribution": -0.0967857763171196, "tweet_id": 524951523932258304, "text": "\u201c@siomo: NEW: Ottawa police reporting 3rd shooting scene, at Rideau Centre Mall, close to Parliament Hill\u201d", "type": "direct_reply"}, {"index": 0, "attribution": -0.7283677458763123, "tweet_id": 524949306101743616, "text": "NEW: Ottawa police reporting 3rd shooting scene, at Rideau Centre Mall, close to Parliament Hill", "type": "source"}]}