{"thread_id": "524968337747767298", "gold_label": 2, "predicted_label": 0, "tweet_attributions": [{"index": 0, "attribution": 0.5894880890846252, "tweet_id": 524968337747767298, "text": "BREAKING: A spokesperson for The Ottawa Hospital confirms that it has received three patients, two of which are in stable condition.", "type": "source"}, {"index": 1, "attribution": 0.15433453023433685, "tweet_id": 524968923222257664, "text": "@CP24 somebody tell us something. please", "type": "lower_reply"}, {"index": 3, "attribution": -0.039676032960414886, "tweet_id": 524970226262487040, "text": "@CP24 if any of those are the shooters, pls do not even think about saving their lives.", "type": "direct_reply"}, {"index": 6, "attribution": -0.04836572706699371, "tweet_id": 524968651573960704, "text": "RT @CP24: BREAKING A spokesperson for The Ottawa Hospital confirms that it has received three patients, two of which are in stable condition", "type": "direct_reply"}, {"index": 4, "attribution": -0.06858385354280472, "tweet_id": 524969801622777856, "text": "@CP24 CBC is saying that the soldier has died", "type": "direct_reply"}, {"index": 2, "attribution": -0.14622284471988678, "tweet_id": 524969066302566400, "text": "@CP24 I really hope no news is good news", "type": "lower_reply"}, {"index": 5, "attribution": -0.3409639894962311, "tweet_id": 524968742246420480, "text": "The spokesperson adds that all inquires about the status of a wounded soldier should be directed to the Department of National Defence.", "type": "direct_reply"}]}