{"thread_id": "524947867975561216", "gold_label": 1, "predicted_label": 2, "tweet_attributions": [{"index": 14, "attribution": 4.2611846923828125, "tweet_id": 524975028124016640, "text": "@JF_LaRue I read about that. Maybe this is also an islamic attack. \n@cnnbrk", "type": "lower_reply"}, {"index": 6, "attribution": 3.1586034297943115, "tweet_id": 524974129930592256, "text": "@Flogistonmannen @cnnbrk hard to say yet but note that similar incident also happened this week where some islam convert attacked military", "type": "lower_reply"}, {"index": 16, "attribution": 1.0293254852294922, "tweet_id": 524976013047263232, "text": "@Flogistonmannen @cnnbrk The issue is whether an independent cell (isolated wakos) or else part of a larger plot First attack suggest latter", "type": "lower_reply"}, {"index": 1, "attribution": 0.5414866805076599, "tweet_id": 524949153424879617, "text": "\u201c@cnnbrk: Ottawa Police..: \"numerous gunmen\" at the Canada War Memorial shooting...\" #GodIsUrTerrorist #CanadaNeedsWBC #LiftTheBan #Repent", "type": "direct_reply"}, {"index": 2, "attribution": 0.5142392516136169, "tweet_id": 524951486338715648, "text": "@povprod @cnnbrk @DamoSpin They have - however - confirmed 3 separate shootings. So there's that.", "type": "lower_reply"}, {"index": 9, "attribution": 0.30373379588127136, "tweet_id": 524974577081126912, "text": "@Flogistonmannen @cnnbrk But clearly they aim for a military representative at a well known military statue downtown Ottawa.  Still lockdown", "type": "lower_reply"}, {"index": 17, "attribution": 0.2734735608100891, "tweet_id": 524974903683203072, "text": "@Flogistonmannen @cnnbrk most likely terrorism pure and simple and certainly confirming american warnings that potential threats now inside.", "type": "lower_reply"}, {"index": 3, "attribution": 0.25144341588020325, "tweet_id": 524949161830260736, "text": "@cnnbrk Numerous? More than three?", "type": "direct_reply"}, {"index": 5, "attribution": 0.24457931518554688, "tweet_id": 524948444302286849, "text": "@cnnbrk 2nd suspect parrantly shot behind parliament. Lockdown almost everywhere... third suspect on the loose.  That s heavy.", "type": "direct_reply"}, {"index": 8, "attribution": 0.22213338315486908, "tweet_id": 524948946360483840, "text": "@cnnbrk Ottawa was always such a safe city. This is madness.", "type": "direct_reply"}, {"index": 0, "attribution": 0.18447430431842804, "tweet_id": 524947867975561216, "text": "Ottawa Police Service: There were \"numerous gunmen\" at the Canada War Memorial shooting. One person was shot. http://t.co/zNhxK6wBoy", "type": "source"}, {"index": 13, "attribution": 0.08486608415842056, "tweet_id": 524949399286579201, "text": "@cnnbrk @DamoSpin Ottawa police have NOT confirmed multiple shooters based on Canadian reporters on scene but they are still looking in case", "type": "direct_reply"}, {"index": 7, "attribution": -0.1302335411310196, "tweet_id": 524973362607845376, "text": "@JF_LaRue What's the reason behind the attack? @cnnbrk", "type": "lower_reply"}, {"index": 10, "attribution": -0.2011258453130722, "tweet_id": 524961635136704512, "text": "@zachjgodin @cnnbrk @DamoSpin they hadn't at the time I posted. Ever changing news for sure. Scary times", "type": "lower_reply"}, {"index": 15, "attribution": -0.3322186768054962, "tweet_id": 524978305272135681, "text": "@JF_LaRue Yes thats interesting. Scary attack though, I'm glad that we only have non-identified submarines here in Sweden. @cnnbrk", "type": "lower_reply"}, {"index": 11, "attribution": -0.3805351257324219, "tweet_id": 524962293499822080, "text": "@povprod @cnnbrk @DamoSpin Scary times indeed.", "type": "lower_reply"}, {"index": 4, "attribution": -0.3855007588863373, "tweet_id": 524954646394445824, "text": "@cnnbrk @CNN Good thing all those police with guns were there!", "type": "direct_reply"}, {"index": 12, "attribution": -0.4646463692188263, "tweet_id": 524949316134535169, "text": "@cnnbrk @CNN @BasedChasen", "type": "direct_reply"}]}