{"thread_id": "524949073154301952", "gold_label": 1, "predicted_label": 0, "tweet_attributions": [{"index": 4, "attribution": 0.07998847216367722, "tweet_id": 524954934270492672, "text": "@grahamctv @TheLeeWilliams @OttawaPolice @ctvottawa Please let the innocent ones be safe, and our wounded soldier. This is so sickening.", "type": "direct_reply"}, {"index": 1, "attribution": 0.07659018784761429, "tweet_id": 524951682711830528, "text": "@grahamctv @OttawaPolice @ctvottawa wonder if this is at all connected to Canada sending planes for airstrikes in Iraq/Syria?", "type": "direct_reply"}, {"index": 9, "attribution": 0.06553494185209274, "tweet_id": 524949611664789504, "text": "@grahamctv @ctvottawa @OttawaPolice am watching CBC news on tv and they are slow with news. Ty for update!", "type": "direct_reply"}, {"index": 5, "attribution": 0.05058621987700462, "tweet_id": 524949588332269568, "text": "From @grahamctv: @ottawapolice confirm one death on Parliament Hill. 3 separate shootings: War Memorial, Hill and \"near Rideau Centre\"", "type": "direct_reply"}, {"index": 7, "attribution": 0.02988555282354355, "tweet_id": 524949595538063360, "text": "@grahamctv @cfhorgan @OttawaPolice @ctvottawa @melissagrelo Did you see this report?", "type": "direct_reply"}, {"index": 0, "attribution": 0.01544016320258379, "tweet_id": 524949073154301952, "text": "BREAKING: @ottawapolice confirm one death on Parliament Hill. 3 separate shootings: War Memorial, Hill and \"near Rideau Centre\" @ctvottawa", "type": "source"}, {"index": 3, "attribution": 0.011559798382222652, "tweet_id": 524951172550250496, "text": "@grahamctv @OttawaPolice @ctvottawa ctv national say 1 shooter shot", "type": "direct_reply"}, {"index": 8, "attribution": 0.010679333470761776, "tweet_id": 524952223189860352, "text": "@@Ihave6kids @grahamctv @ctvottawa @OttawaPolice", "type": "direct_reply"}, {"index": 2, "attribution": 0.002514858031645417, "tweet_id": 524952686828191745, "text": ".@grahamctv @ottawapolice @ctvottawa Has \"near\" been clarified? @RideauCentre gm told @CFRAOttawa no shooting there.", "type": "direct_reply"}, {"index": 10, "attribution": -0.0060462127439677715, "tweet_id": 524956281296388096, "text": "MT @grahamctv: BREAKING @ottawapolice confirm one death on Parliament Hill. 3 separate shootings: War Memorial, Hill and \"near Rideau Centre", "type": "direct_reply"}, {"index": 6, "attribution": -0.024698225781321526, "tweet_id": 524952562341273600, "text": "@grahamctv @ctvottawa @OttawaPolice @LeifLeclair", "type": "direct_reply"}]}