{"thread_id": "524935345998422016", "gold_label": 2, "predicted_label": 2, "tweet_attributions": [{"index": 4, "attribution": 0.0739160031080246, "tweet_id": 524936012141981697, "text": "New Canadian reality. \u201c@PzFeed: Snipers now on top of Ottawa's National Art Gallery after gunfire at parliament http://t.co/cI2fY8qQar\u201d", "type": "direct_reply"}, {"index": 9, "attribution": 0.06137089803814888, "tweet_id": 524936336307138560, "text": "@PzFeed @dmatthewmillar DO NOT tweet locations of police officers! Your compromising security!", "type": "direct_reply"}, {"index": 5, "attribution": 0.04267662391066551, "tweet_id": 524947378764521472, "text": "@PzFeed @postedeveille @dmatthewmillar D\u00c9PORT\u00c9 LES TOUS!", "type": "lower_reply"}, {"index": 10, "attribution": 0.03867441043257713, "tweet_id": 524935561950560256, "text": "Wait, wat? Canada?  Must be an American tourist! @PzFeed @dmatthewmillar", "type": "direct_reply"}, {"index": 6, "attribution": 0.034047212451696396, "tweet_id": 524944515355115520, "text": "@PzFeed @xinfamousjoe", "type": "direct_reply"}, {"index": 2, "attribution": 0.03107891045510769, "tweet_id": 524946058196303872, "text": "@PzFeed @AaronWorthing @dmatthewmillar isn't a glass roof a really dumb place to hang out if you're worried about gunfire?", "type": "direct_reply"}, {"index": 1, "attribution": 0.017022132873535156, "tweet_id": 524936453105922049, "text": "Dope \u201c@PzFeed: Snipers now on top of Ottawa's National Art Gallery after gunfire at parliament http://t.co/Up8woGPh5A (@dmatthewmillar pic)\u201d", "type": "direct_reply"}, {"index": 8, "attribution": 0.014416742138564587, "tweet_id": 524936867956142080, "text": "@MapleLeafsHH @PzFeed Harper's justification for increasing military spending :(", "type": "lower_reply"}, {"index": 7, "attribution": 0.009355350397527218, "tweet_id": 524937807702528001, "text": "@PzFeed @dmatthewmillar stop tweeting positions, how ab a little thing called opsec to help members end this", "type": "direct_reply"}, {"index": 11, "attribution": 0.0010498279007151723, "tweet_id": 524935649124966400, "text": "@PzFeed @dmatthewmillar Please don't tweet police positions at this time.", "type": "direct_reply"}, {"index": 3, "attribution": -0.019713271409273148, "tweet_id": 524937327047901184, "text": "\u201c@PzFeed: Snipers now on top of Ottawa's National Art Gallery after gunfire at parliament http://t.co/lTBXjXX92q (@dmatthewmillar pic)\"", "type": "direct_reply"}, {"index": 0, "attribution": -0.02427968569099903, "tweet_id": 524935345998422016, "text": "Snipers now on top of Ottawa's National Art Gallery after gunfire at parliament http://t.co/bEFu7HisyW (@dmatthewmillar pic)", "type": "source"}]}