{"thread_id": "524945665827545089", "gold_label": 0, "predicted_label": 0, "tweet_attributions": [{"index": 0, "attribution": 0.31292882561683655, "tweet_id": 524945665827545089, "text": "#BREAKING Soldier shot in the Canadian capital of Ottawa and a gunman is believed to have entered Parliament.\nhttp://t.co/3DWYnF22aI", "type": "source"}, {"index": 6, "attribution": 0.031087195500731468, "tweet_id": 524967139372191744, "text": "TY. You're doing an Excellent Job, @shomaristone \nHeartily #appreciationtweet from #GloriaLawSunShines :)))", "type": "direct_reply"}, {"index": 7, "attribution": 0.013679654337465763, "tweet_id": 524981278077382656, "text": "\u201c@shomaristone: #BREAKING Soldier shot in the Canadian capital of Ottawa and a gunman is believed to have entered Parliament.\nExtremely sad!", "type": "direct_reply"}, {"index": 1, "attribution": -0.0010652996134012938, "tweet_id": 525126534311739392, "text": "@shomaristone World News \"world of news\" \nhttp://t.co/K8S3mlJQIR", "type": "direct_reply"}, {"index": 4, "attribution": -0.004492312669754028, "tweet_id": 524952967779467264, "text": "@shomaristone 3 CONFIRMED SHOOTING SITES. UP TO 5 SHOOTERS.", "type": "direct_reply"}, {"index": 2, "attribution": -0.02230062335729599, "tweet_id": 524960611935850496, "text": "@shomaristone Sunny leone in kbc\n\n http://t.co/YvxeXS3oy5", "type": "direct_reply"}, {"index": 3, "attribution": -0.04866510257124901, "tweet_id": 524974153548709889, "text": "@shomaristone I thought guns were illegal in Canada? #FlipTheSenate", "type": "direct_reply"}, {"index": 5, "attribution": -0.07611454278230667, "tweet_id": 524967885182365696, "text": "@shomaristone Who the hell is this brave enough to do this! In Parliament! Wow what is wrong with this world! http://t.co/SqHO5TEAmb", "type": "direct_reply"}]}