{"thread_id": "524941124893700096", "gold_label": 0, "predicted_label": 0, "tweet_attributions": [{"index": 0, "attribution": 0.22452907264232635, "tweet_id": 524941124893700096, "text": "Prayers for the shot soldier in #Ottawa. God bless the Canadian army. #Canada", "type": "source"}, {"index": 3, "attribution": 0.0540652833878994, "tweet_id": 524944687770386432, "text": "@ChakerKhazaal #PrayForOttawa #GodBlessCanada", "type": "direct_reply"}, {"index": 4, "attribution": 0.0010617758380249143, "tweet_id": 524941792064864256, "text": "@ChakerKhazaal #PrayForOttawa \u2764\ufe0f", "type": "direct_reply"}, {"index": 2, "attribution": 0.0007470955024473369, "tweet_id": 524979636053508096, "text": "@ChakerKhazaal He has died :(", "type": "direct_reply"}, {"index": 1, "attribution": -0.0019523799419403076, "tweet_id": 524941896456880129, "text": "@ChakerKhazaal #PrayForOttawa", "type": "direct_reply"}]}