{"thread_id": "524928878075457536", "gold_label": 0, "predicted_label": 2, "tweet_attributions": [{"index": 9, "attribution": 2.059530258178711, "tweet_id": 524930617117777921, "text": "@Iran_Photos @CBCNews this crazy ex  Iranian criminal thinks he can can get free ride in canada", "type": "lower_reply"}, {"index": 20, "attribution": 1.9437698125839233, "tweet_id": 524931905490530304, "text": "@BriRawk @CBCNews I am journalist", "type": "lower_reply"}, {"index": 23, "attribution": 1.876052737236023, "tweet_id": 524929254031888385, "text": "@CBCNews last night sleeping in car 80 days Vancouver  I told god please give Canadian hard times because they are not good people", "type": "direct_reply"}, {"index": 18, "attribution": 1.3539010286331177, "tweet_id": 524935809599033346, "text": "@Buzzy14 Iranian are mostly lazy fucking people and why government of Iran punishing this people you right", "type": "lower_reply"}, {"index": 16, "attribution": 1.1217862367630005, "tweet_id": 524934105629483009, "text": "@iran_photos Come to South Africa where many Iranians are ripping off the locals in spaza shops!!!!!", "type": "lower_reply"}, {"index": 5, "attribution": 1.091945767402649, "tweet_id": 524959960338558976, "text": "@Iran_Photos @Buzzy14 If you are a journalist then you are not much of one. You are closed minded and rude.", "type": "lower_reply"}, {"index": 10, "attribution": 0.5022668242454529, "tweet_id": 525126378245849088, "text": "@Bioware_Gaming  I did,nt think so its a mental case &amp; best to block!", "type": "lower_reply"}, {"index": 14, "attribution": 0.3824000060558319, "tweet_id": 525141133631172608, "text": "@Buzzy14 I agree. You can't negotiate or come to terms with ppl like that.", "type": "lower_reply"}, {"index": 6, "attribution": 0.16520199179649353, "tweet_id": 524934190941626368, "text": "@CBCNews ok Canada shut the border and arrest the suspected 99 home bread suspected ISIS. Act now ask questions later.", "type": "direct_reply"}, {"index": 12, "attribution": 0.11847162991762161, "tweet_id": 524961950548385793, "text": "@Bioware_Gaming @Buzzy14 http://t.co/9EUFeyNkb2", "type": "lower_reply"}, {"index": 8, "attribution": 0.10058163851499557, "tweet_id": 524929340900118528, "text": "@CBCNews why is this not on channel 9 right now??? Breaking news", "type": "direct_reply"}, {"index": 24, "attribution": 0.08371520787477493, "tweet_id": 524934283962875904, "text": "\u201c@CBCNews: Soldier shot at National War Memorial in Ottawa http://t.co/1Uan4TiyYx http://t.co/MzlUN8ba1F\u201d for anyone in Ottawa :/", "type": "direct_reply"}, {"index": 17, "attribution": 0.06515967100858688, "tweet_id": 524934551035187200, "text": "@Iran_Photos @BriRawk @CBCNews You am illiterate.", "type": "lower_reply"}, {"index": 22, "attribution": 0.02857794612646103, "tweet_id": 524930222115004416, "text": "@Iran_Photos @CBCNews Pardon my language but please kindly go fuck yourself, Iran_Photos. How can you be so heartless!", "type": "lower_reply"}, {"index": 7, "attribution": -0.004647374153137207, "tweet_id": 525122203906752513, "text": "@Buzzy14 I don't think he is", "type": "lower_reply"}, {"index": 4, "attribution": -0.028193237259984016, "tweet_id": 524930974111760384, "text": "It's happening. RT @CBCNews: Soldier shot at National War Memorial in Ottawa http://t.co/3CqXFICtm8", "type": "direct_reply"}, {"index": 11, "attribution": -0.054073210805654526, "tweet_id": 524931001924202496, "text": "\u201c@CBCNews: Soldier shot at National War Memorial in Ottawa http://t.co/0XNNY6XtGD http://t.co/PsfQRpffT6\u201dare the pandas out too?", "type": "direct_reply"}, {"index": 3, "attribution": -0.06436340510845184, "tweet_id": 524930680925736961, "text": "Stay safe, Ottawa friends. \u201c@CBCNews: Soldier shot at National War Memorial in Ottawa http://t.co/nVq1n1qcLw http://t.co/bIUXe5Efq2\u201d", "type": "direct_reply"}, {"index": 19, "attribution": -0.08730984479188919, "tweet_id": 524951550485987328, "text": "@Iran_Photos @CBCNews y don't u go back to the sand where u came from then. Bitch ass pussy", "type": "lower_reply"}, {"index": 13, "attribution": -0.148801788687706, "tweet_id": 524930995683065857, "text": "\u201c@CBCNews: Soldier shot at National War Memorial in Ottawa http://t.co/Vj7rZf3oE0 http://t.co/NDABrInGaC\u201d", "type": "direct_reply"}, {"index": 21, "attribution": -0.17932693660259247, "tweet_id": 524930918134611968, "text": "@CBCNews @CBCTheNational Are the pandas out of the building too?", "type": "direct_reply"}, {"index": 1, "attribution": -0.18712711334228516, "tweet_id": 525120517096108033, "text": "@Bioware_Gaming How did he get into Canada?", "type": "lower_reply"}, {"index": 0, "attribution": -0.1911470741033554, "tweet_id": 524928878075457536, "text": "Soldier shot at National War Memorial in Ottawa http://t.co/WABNVkk7wA http://t.co/SRMYiIoOY9", "type": "source"}, {"index": 2, "attribution": -0.2139279693365097, "tweet_id": 525120302754586624, "text": "@Iran_Photos Sweet dreams for you &amp; remember to turn off car engine!!! Newspaper on windows keeps warmth inside!!!", "type": "lower_reply"}, {"index": 15, "attribution": -0.2745845913887024, "tweet_id": 524929426606555136, "text": "@CBCNews Stay Safe all CF members", "type": "direct_reply"}]}