{"thread_id": "524951314556796929", "gold_label": 1, "predicted_label": 2, "tweet_attributions": [{"index": 17, "attribution": 0.7138556838035583, "tweet_id": 524951737543966720, "text": "@cnnbrk @OttawaPolice three shooting sites: Rideau Center Mall, Canadian War Museum and Parliment. USA EMBASSY in Lockdown too in Ottawa.", "type": "direct_reply"}, {"index": 7, "attribution": 0.3529720604419708, "tweet_id": 524951639799918593, "text": "@cnnbrk @OttawaPolice Wonder if the Islamist attack from yesterday is connected to this?", "type": "direct_reply"}, {"index": 3, "attribution": 0.10726117342710495, "tweet_id": 524959428819550209, "text": "@Neiler_1 The Incident occurred at National War Memorial, not at the War Museum. @cnnbrk @OttawaPolice are correct", "type": "lower_reply"}, {"index": 12, "attribution": 0.0875013992190361, "tweet_id": 524952847168049152, "text": "@cnnbrk @OttawaPolice @BBCWorld @nbc @NBCNews @msnbc It was eminent for Canada being safe haven &amp; a sanctuary for these jihadis &amp; terrorists", "type": "direct_reply"}, {"index": 6, "attribution": 0.08616713434457779, "tweet_id": 524952945419640833, "text": "@cnnbrk @OttawaPolice As per your TV coverage there were 2 individuals taken out of the bldg by protective cover", "type": "direct_reply"}, {"index": 5, "attribution": 0.04983361065387726, "tweet_id": 524951778300026880, "text": "@cnnbrk  Dramatic video of gunfire inside hallways of Parliament Hill. (The Globe and Mail) http://t.co/KypG0AbZ8U http://t.co/KVfY7cUuKd", "type": "direct_reply"}, {"index": 16, "attribution": 0.041633423417806625, "tweet_id": 524953657641816064, "text": "@cnnbrk @OttawaPolice So Canadian soldiers get run down by radicalized person yesterday, and now this ...", "type": "direct_reply"}, {"index": 4, "attribution": 0.03032195381820202, "tweet_id": 524951371905527808, "text": "@cnnbrk \u0642\u0644\u064a\u0644 \u0645\u0646 \u064a\u0633\u062a\u062d\u0642 \u0627\u0644\u0645\u062a\u0627\u0628\u0639\u0647 \u0645\u062b\u0644 \u0647\u0627\u0644\u062d\u0633\u0627\u0628 - @Question_arab", "type": "direct_reply"}, {"index": 14, "attribution": 0.026271136477589607, "tweet_id": 524951735476158464, "text": "@cnnbrk @OttawaPolice More and more this sounds like a planned terror attack. I don't like this. \ud83d\ude10", "type": "direct_reply"}, {"index": 9, "attribution": 0.020589273422956467, "tweet_id": 524951715989446656, "text": "@cnnbrk @OttawaPolice oh no, my favorite city! #sosad", "type": "direct_reply"}, {"index": 11, "attribution": 0.008704557083547115, "tweet_id": 524951369611239424, "text": "@cnnbrk \u064a\u0627\u0628\u0646\u0627\u062a \u0646\u0628\u064a \u0641\u0632\u0639\u062a\u0643\u0645 - \u0647\u0646\u0627  @Question_arab", "type": "direct_reply"}, {"index": 15, "attribution": 0.006954713258892298, "tweet_id": 524952509366800385, "text": "@cnnbrk Site is hard to reach right now.", "type": "direct_reply"}, {"index": 2, "attribution": 0.005355380941182375, "tweet_id": 524951385297911808, "text": "@cnnbrk \u0646\u0641\u0633\u064a \u0627\u0639\u0631\u0641 \u0644\u064a\u0634 \u0627\u0644\u0648\u0644\u064a\u062f \u0628\u0646 \u0637\u0644\u0627\u0644 \u0645\u062a\u0627\u0628\u0639 \u0630\u0627 \u0627\u0644\u062d\u0633\u0627\u0628 \u061f - @Question_arab", "type": "direct_reply"}, {"index": 1, "attribution": -0.0015514380065724254, "tweet_id": 524951840266649600, "text": "@Nikos817 @cnnbrk @OttawaPolice I'm wondering too.", "type": "lower_reply"}, {"index": 13, "attribution": -0.02488054893910885, "tweet_id": 524953261191999488, "text": "@cnnbrk @OttawaPolice our police are doing an axing job protecting us still might be a shooter at large", "type": "direct_reply"}, {"index": 10, "attribution": -0.02670714445412159, "tweet_id": 524951489929031680, "text": "@cnnbrk @OttawaPolice Footage from shooting https://t.co/JtjRfr8HUD", "type": "direct_reply"}, {"index": 18, "attribution": -0.02714768797159195, "tweet_id": 524951365119131648, "text": "@cnnbrk \u0627\u0646\u062a \u0645\u062b\u0642\u0641 \u061f \u062a\u062d\u0633 \u0646\u0641\u0633\u0643 \u0645\u062b\u0642\u0641 \u061f \u062a\u0639\u0627\u0644 \u0647\u0627\u0644\u062d\u0633\u0627\u0628 - @Question_arab", "type": "direct_reply"}, {"index": 8, "attribution": -0.04415231570601463, "tweet_id": 524951376443740160, "text": "@cnnbrk \u062d\u0633\u0627\u0628 \u0627\u0633\u0626\u0644\u0629 \u0627\u062a\u0645\u0646\u0649 \u0645\u0646 \u0627\u0644\u0646\u0627\u0633 \u062a\u062f\u0639\u0645\u0647 - @Question_arab", "type": "direct_reply"}, {"index": 19, "attribution": -0.06783855706453323, "tweet_id": 524951367396630528, "text": "@cnnbrk \u0627\u0646\u062a \u062c\u0627\u0647\u0644 \u061f \u062a\u0628\u064a \u062a\u0635\u064a\u0631 \u0645\u062b\u0642\u0641 \u061f \u062a\u0639\u0627\u0644 \u0647\u0646\u0627 @Question_arab", "type": "direct_reply"}, {"index": 0, "attribution": -0.43476250767707825, "tweet_id": 524951314556796929, "text": ".@OttawaPolice: \"Incidents occurred at National War Memorial, near the Rideau Centre and Parliament Hill.\" Live blog: http://t.co/q98AMohu7T", "type": "source"}]}