{"thread_id": "524982531075371008", "gold_label": 0, "predicted_label": 0, "tweet_attributions": [{"index": 0, "attribution": 0.4510120451450348, "tweet_id": 524982531075371008, "text": "BREAKING NEWS: Ottawa police now confirm one suspect has been killed. 2 suspects remain at large.", "type": "source"}, {"index": 2, "attribution": -0.043769460171461105, "tweet_id": 524983228516814848, "text": "@PzFeed kill them all plz.", "type": "direct_reply"}, {"index": 1, "attribution": -0.09373987466096878, "tweet_id": 524986663722692608, "text": "@PzFeed @5_ahmeti wud gladly exchange soldiers life 4 corrupt politicians life. always the good &amp; young who pass, not the old &amp; corrupt. smh", "type": "direct_reply"}]}