{"thread_id": "524922729485848576", "gold_label": 0, "predicted_label": 2, "tweet_attributions": [{"index": 12, "attribution": 1.6364916563034058, "tweet_id": 524996775049191424, "text": "@tdgecas @Henderburn \"professional, adjective: engaged in a specified activity as one's main paid occupation rather than as a pastime\"", "type": "lower_reply"}, {"index": 19, "attribution": 1.2569693326950073, "tweet_id": 524996902832852992, "text": "@tdgecas @Henderburn so yeah, expecting to get paid for doing his job seems pretty professional to me", "type": "lower_reply"}, {"index": 5, "attribution": 1.169031023979187, "tweet_id": 525000276894572546, "text": "@BigDilbertFan Call 911? Signal for help? Keep an eye out for the rescuers? Simply ask the people if there's anything he can do?", "type": "lower_reply"}, {"index": 29, "attribution": 1.150550127029419, "tweet_id": 525014151161081856, "text": "@tdgecas @Henderburn I agree Tyler, have some respect.That man shot is servicing your country and all you want to do is snap a pic.Pity you!", "type": "lower_reply"}, {"index": 18, "attribution": 1.1081039905548096, "tweet_id": 524935834941001728, "text": "@Henderburn so.. Instead of helping you took a picture for profit?", "type": "direct_reply"}, {"index": 14, "attribution": 0.6454525589942932, "tweet_id": 524943557657133056, "text": "@skobos Yeah, sure. Please credit me though.", "type": "lower_reply"}, {"index": 35, "attribution": 0.5965785384178162, "tweet_id": 524938764616204290, "text": "@Henderburn don't have to give cpr. Other ways to help. But yeah keep looking for profit. Great professionalism.", "type": "lower_reply"}, {"index": 30, "attribution": 0.5759681463241577, "tweet_id": 524998898117779456, "text": "@tdgecas @henderburn I didn't realize you were on the scene and could verify that he could have saved the life of the guy shot four times.", "type": "lower_reply"}, {"index": 16, "attribution": 0.5648549795150757, "tweet_id": 525003648104161281, "text": "@tdgecas You don't have any evidence that he didn't do any of these things in addition to taking a picture, but you accuse away.", "type": "lower_reply"}, {"index": 9, "attribution": 0.4830571115016937, "tweet_id": 525023805572648960, "text": "@Henderburn my main issue was the picture. Heard your reporting on cnn thought you did a good job. Continue to be safe.", "type": "lower_reply"}, {"index": 21, "attribution": 0.44464150071144104, "tweet_id": 525016388457738241, "text": "@DriesBrent do you think I shouldn't have used social media to warn people? What should I have done?", "type": "lower_reply"}, {"index": 15, "attribution": 0.3521890342235565, "tweet_id": 524940813089144833, "text": "@Henderburn @nomedeplume84 ...seriously?! You're trying to profit from this? Think about it...", "type": "lower_reply"}, {"index": 24, "attribution": 0.2541125416755676, "tweet_id": 524927409100193792, "text": "@Henderburn @alimhaider wow. Prayers for the soldier.", "type": "direct_reply"}, {"index": 13, "attribution": 0.24821089208126068, "tweet_id": 525018964364382209, "text": "@DriesBrent the photo does not show the soldier. It shows the response. Brave bystanders trying to save him", "type": "lower_reply"}, {"index": 8, "attribution": 0.24700899422168732, "tweet_id": 524938903762268160, "text": "@Henderburn stay safe. Hope you're never in the same situation.", "type": "lower_reply"}, {"index": 10, "attribution": 0.23565083742141724, "tweet_id": 525000734992248832, "text": "@BigDilbertFan we won't agree on this and that's okay. If you're in Ottawa stay safe.", "type": "lower_reply"}, {"index": 17, "attribution": 0.1411324441432953, "tweet_id": 524929863333842944, "text": "@Henderburn Hi Peter, this is Marta, reporter from Demotix. Did you take the photo? Would be ok for us to use? Can you send it? thanks", "type": "direct_reply"}, {"index": 32, "attribution": 0.139031320810318, "tweet_id": 524923106289516546, "text": "Reports of gunshots unconfirmed RT @Henderburn: Only photo I will tweet. CPR being performed on the soldier #ottawa http://t.co/zO6CGFl7QR", "type": "direct_reply"}, {"index": 27, "attribution": 0.06650836765766144, "tweet_id": 524998240262180865, "text": "@BigDilbertFan photography is his job? My whole issue was a man needed help. There are ways to help if you don't know cpr", "type": "lower_reply"}, {"index": 28, "attribution": 0.06588400155305862, "tweet_id": 524938343180931073, "text": "@tdgecas yeah posting information about an evolving shooter situation is less worthwhile than an untrained journalist performing CPR", "type": "lower_reply"}, {"index": 23, "attribution": 0.059791091829538345, "tweet_id": 524935320786456578, "text": "@nomedeplume84 I would like to be paid for it, on account of being a journalist.", "type": "lower_reply"}, {"index": 34, "attribution": 0.0506276935338974, "tweet_id": 525003675685888000, "text": "@tdgecas Way to care for people.", "type": "lower_reply"}, {"index": 7, "attribution": 0.037130001932382584, "tweet_id": 524938364743876608, "text": "@tdgecas Fuck you idiot", "type": "lower_reply"}, {"index": 6, "attribution": 0.001764230546541512, "tweet_id": 525017113618956290, "text": "@Henderburn I have no issue with warning people whatsoever. But to take a photo, please!", "type": "lower_reply"}, {"index": 0, "attribution": -0.03235314041376114, "tweet_id": 524922729485848576, "text": "Only photo I will tweet. CPR being performed on the soldier now. I heard four shots. #ottawa http://t.co/cqdw1yx8AI", "type": "source"}, {"index": 4, "attribution": -0.06735976040363312, "tweet_id": 524935505755254786, "text": "@Henderburn why are there no police ??", "type": "direct_reply"}, {"index": 36, "attribution": -0.06979835778474808, "tweet_id": 524949065469923328, "text": "@Henderburn could you email me please to subeditors@demotix.com and I'll explain better, thx", "type": "lower_reply"}, {"index": 20, "attribution": -0.08802425116300583, "tweet_id": 524941702046707712, "text": "@Henderburn I'm a Photo Editor @ ABC- Would you be willing to share this with all ABC News platforms and with partners if we credit?", "type": "direct_reply"}, {"index": 31, "attribution": -0.12482713907957077, "tweet_id": 524999052367527937, "text": "@tdgecas @Henderburn Getting the word out about an active shooter situation seems pretty helpful, but please, tell us what you'd have done.", "type": "lower_reply"}, {"index": 25, "attribution": -0.1530674546957016, "tweet_id": 524943846711754752, "text": "@skobos Will both fit on the lower thirds? I would appreciate name, then handle.", "type": "lower_reply"}, {"index": 33, "attribution": -0.16982324421405792, "tweet_id": 524943685264629760, "text": "@Henderburn Will do! Would you Prefer your name or your handle?", "type": "lower_reply"}, {"index": 1, "attribution": -0.2519863247871399, "tweet_id": 524923432933552128, "text": "@Henderburn thank you for posting. It may just be hard to tell in the picture but bystanders look quite calm considering gunfire in area.", "type": "direct_reply"}, {"index": 2, "attribution": -0.2525777518749237, "tweet_id": 525020495759282176, "text": "@DriesBrent @tdgecas @Henderburn You have a phone! Did you call for help? Nope. I took pics to sell and tweeted that I'm on CNN and ABC.", "type": "lower_reply"}, {"index": 26, "attribution": -0.25555628538131714, "tweet_id": 524943951472906240, "text": "@Henderburn Yep, I can add both for sure. Thank you!", "type": "lower_reply"}, {"index": 22, "attribution": -0.25605490803718567, "tweet_id": 524964692423630849, "text": "@tdgecas @Henderburn well said @tdgecas", "type": "lower_reply"}, {"index": 11, "attribution": -0.34177014231681824, "tweet_id": 524924489058889728, "text": "@Henderburn @sherrilynne Who the hell would shoot a protector of our freedoms, not a Canadian I hope !", "type": "direct_reply"}, {"index": 3, "attribution": -0.3428066670894623, "tweet_id": 524935781643980800, "text": "@cholmes96 I was there before the police were", "type": "lower_reply"}]}