{"thread_id": "524964564018790400", "gold_label": 1, "predicted_label": 2, "tweet_attributions": [{"index": 15, "attribution": 1.0070589780807495, "tweet_id": 524969643984039936, "text": "\u201c@Reuters: Ottawa police..looking for more than 1 suspect in Parliament Hill shooting..\" Look up! #GodIsUrTerrorist #FilthyCanadaUnderSiege", "type": "direct_reply"}, {"index": 16, "attribution": 0.39247143268585205, "tweet_id": 524970040852885505, "text": ".@WBCRejoice @Reuters You're a fucking idiot.", "type": "lower_reply"}, {"index": 14, "attribution": 0.30640318989753723, "tweet_id": 524965578847432704, "text": "@KevinZegers @Reuters What is going on? That sounds crazy.", "type": "lower_reply"}, {"index": 12, "attribution": 0.16858021914958954, "tweet_id": 524995965095522304, "text": "@KevinZegers Exactly!  \ud83d\ude1e", "type": "lower_reply"}, {"index": 8, "attribution": 0.15218853950500488, "tweet_id": 524965808699895808, "text": "@KevinZegers @Reuters hi", "type": "lower_reply"}, {"index": 10, "attribution": 0.09488579630851746, "tweet_id": 524967964991553537, "text": "@KevinZegers @Reuters they've shot and killed two gunmen, the third one is still at large", "type": "lower_reply"}, {"index": 3, "attribution": 0.05521039664745331, "tweet_id": 524979257550700544, "text": "@KevinZegers @Reuters So very sad.", "type": "lower_reply"}, {"index": 13, "attribution": -0.003554369555786252, "tweet_id": 524965171127926784, "text": "\u201c@Reuters: Ottawa police confirm they are looking for more than one suspect in Parliament Hill shooting. http://t.co/6O3sFFS6R7\u201d fuck", "type": "direct_reply"}, {"index": 11, "attribution": -0.011736874468624592, "tweet_id": 524965525005537281, "text": "@Reuters \u062d\u0633\u0627\u0628 \u0641\u0627\u064a\u0632 \u0627\u0644\u0645\u0627\u0644\u0643\u064a \u0627\u0644\u062b\u0627\u0646\u064a \u0627\u0644\u062d\u0642\u0648\u0648\u0648 - @Question_arab", "type": "direct_reply"}, {"index": 4, "attribution": -0.03750598058104515, "tweet_id": 524967414367125504, "text": "RT: @Reuters: Ottawa police confirm they are looking for more than one suspect in Parliament Hill shooting. http://t.co/Ea19g5Vmot", "type": "direct_reply"}, {"index": 17, "attribution": -0.050014838576316833, "tweet_id": 524965418252136448, "text": "@KevinZegers wtf?", "type": "lower_reply"}, {"index": 9, "attribution": -0.06349658966064453, "tweet_id": 524966424864096256, "text": "@KevinZegers now i understand your last tweet... wow...", "type": "lower_reply"}, {"index": 7, "attribution": -0.10257837176322937, "tweet_id": 524967466338775041, "text": "@KevinZegers @Reuters watching the news here in Australia,  unreal.", "type": "lower_reply"}, {"index": 1, "attribution": -0.10804880410432816, "tweet_id": 524970333464297472, "text": "@KevinZegers @Reuters #PrayForOttawa", "type": "lower_reply"}, {"index": 2, "attribution": -0.10953319817781448, "tweet_id": 524965016618143744, "text": "RT\u201c@Reuters: #Ottawa police confirm they are looking for more than one suspect in Parliament Hill shooting. http://t.co/bII6CCNdDj\u201d #smem", "type": "direct_reply"}, {"index": 5, "attribution": -0.14668932557106018, "tweet_id": 524965327080144896, "text": "@KevinZegers i love youuuuuuuuuuu", "type": "lower_reply"}, {"index": 6, "attribution": -0.21246196329593658, "tweet_id": 524964733318070273, "text": "@Reuters \u0641\u0627\u064a\u0632 \u0627\u0644\u0645\u0627\u0644\u0643\u064a \u064a\u062d\u0628 \u0647\u0630\u0627 \u0627\u0644\u062d\u0633\u0627\u0628 \u0644\u064a\u0634 \u061f @Question_arab", "type": "direct_reply"}, {"index": 0, "attribution": -0.6469793915748596, "tweet_id": 524964564018790400, "text": "Ottawa police confirm they are looking for more than one suspect in Parliament Hill shooting. http://t.co/1cKIHwuCzl", "type": "source"}]}