{"thread_id": "524987432656453632", "gold_label": 0, "predicted_label": 2, "tweet_attributions": [{"index": 19, "attribution": 2.675215482711792, "tweet_id": 524987846135128066, "text": "@CujoTheG @cnnbrk fuck yourself.", "type": "lower_reply"}, {"index": 4, "attribution": 1.9753128290176392, "tweet_id": 524987483961176064, "text": "@cnnbrk FUCK CANADA", "type": "direct_reply"}, {"index": 25, "attribution": 0.9360893368721008, "tweet_id": 524988286981656576, "text": "@BlakeChilders @CujoTheG @cnnbrk kid. I could beat your ass down with a toothpick.", "type": "lower_reply"}, {"index": 8, "attribution": 0.7029336094856262, "tweet_id": 525014619505831936, "text": "@CujoTheG @cnnbrk All that you say. Why's that? Ignorant fat fuck", "type": "lower_reply"}, {"index": 13, "attribution": 0.6322689652442932, "tweet_id": 524988020655915009, "text": "@cnnbrk meanwhile hundreds are shot and killed throughout cities on a daily basis!  But it's all about picking n choosing evens for ratings", "type": "direct_reply"}, {"index": 11, "attribution": 0.4333232641220093, "tweet_id": 524988573289054208, "text": "@TeamAnnihilatio @CujoTheG @cnnbrk I'm 24,  And no you couldn't.", "type": "lower_reply"}, {"index": 28, "attribution": 0.4323068857192993, "tweet_id": 525015043994550272, "text": "@Troygilroy @cnnbrk says the guy that's following me, fall back nerd", "type": "lower_reply"}, {"index": 20, "attribution": 0.3939836919307709, "tweet_id": 524994683794370560, "text": "@xeniaqla @cnnbrk you don't need to have \"troll\" for a name to be a troll. You just proved that!", "type": "lower_reply"}, {"index": 6, "attribution": 0.3855576813220978, "tweet_id": 525012388228382720, "text": "@CujoTheG @cnnbrk Fuck you", "type": "lower_reply"}, {"index": 1, "attribution": 0.3094210922718048, "tweet_id": 525012750142291968, "text": "@Troygilroy @cnnbrk fck u", "type": "lower_reply"}, {"index": 22, "attribution": 0.2666478455066681, "tweet_id": 524994319087071232, "text": "@imtrollingyou @cnnbrk Ok bud, like your name says, you're a troll. You clearly know nothing. No one has time for ignorant mutts like you.", "type": "lower_reply"}, {"index": 15, "attribution": 0.26067355275154114, "tweet_id": 524995571879530496, "text": "@imtrollingyou @cnnbrk I am being affected by this as I'm in Ottawa, so please tell me how am I being the 'troll'? You're beyond stupid.", "type": "lower_reply"}, {"index": 17, "attribution": 0.23507757484912872, "tweet_id": 524988020626571264, "text": "@BlakeChilders @cnnbrk FUCK YOU", "type": "lower_reply"}, {"index": 2, "attribution": 0.20693498849868774, "tweet_id": 524987877994668032, "text": "@cnnbrk that's good. Don't have pride in serving your country. Let this jihadists create more terror.  What a dumb request.", "type": "direct_reply"}, {"index": 23, "attribution": 0.20494693517684937, "tweet_id": 524987641536589824, "text": "@cnnbrk fuck off", "type": "direct_reply"}, {"index": 21, "attribution": 0.16716186702251434, "tweet_id": 524993582340792320, "text": "@xeniaqla @cnnbrk are you retarded? Are you saying his life is more important than an innocent civilian?", "type": "lower_reply"}, {"index": 26, "attribution": 0.15531586110591888, "tweet_id": 524992424511549440, "text": "@imtrollingyou @cnnbrk Moron, not everyday you get such a huge threat to members of Parliament. Apparently, the PM was a target.", "type": "lower_reply"}, {"index": 18, "attribution": 0.07078539580106735, "tweet_id": 524987820348567552, "text": "@cnnbrk \u062d\u0633\u0627\u0628 \u0645\u064f\u062a\u0627\u0628\u0639 \u0645\u0646 \u0627\u0644\u0648\u0644\u064a\u062f \u0628\u0646 \u0637\u0644\u0627\u0644 - @Question_arab", "type": "direct_reply"}, {"index": 27, "attribution": 0.0683443620800972, "tweet_id": 524987818075246592, "text": "@cnnbrk \u0627\u062a\u062d\u062f\u0627\u0643\u0645 \u062a\u062c\u0627\u0648\u0628\u0648\u0646 \u0639\u0644\u0649 \u0627\u0633\u0626\u0644\u0629 \u0647\u0627\u0644\u062d\u0633\u0627\u0628 - @Question_arab", "type": "direct_reply"}, {"index": 12, "attribution": 0.01601058430969715, "tweet_id": 524987571785707520, "text": "@cnnbrk \u0627\u0646\u062a \u0645\u062b\u0642\u0641 \u061f \u062d\u0627\u0635\u0644 \u0639\u0644\u0649 \u062f\u0643\u062a\u0648\u0631\u0627\u0647 \u061f \u062a\u0639\u0627\u0644 \u0647\u0646\u0627 \u0637\u064a\u0628 - @Question_arab", "type": "direct_reply"}, {"index": 14, "attribution": 0.0025649070739746094, "tweet_id": 524987562851827713, "text": "@cnnbrk \n#DIY\n#Fans\n#Bands\n#FanBase\n#Music101\n#ArtistHelp\n#Networking\n#Crowdfunding\n#exposure + #hit = #millions\n\nhttp://t.co/Rh69mRtZMJ", "type": "direct_reply"}, {"index": 24, "attribution": -0.004298982210457325, "tweet_id": 524987578655981568, "text": "@cnnbrk \u0647\u0647\u0647\u0647\u0647\u0647 \u064a\u0627\u0631\u062c\u0627\u0644 \u062e\u0644\u064a \u0639\u0646\u0643 \u0648\u062a\u0639\u0627\u0644 \u0634\u0648\u0641 \u0647\u0627\u0644\u062d\u0633\u0627\u0628 - @Question_arab", "type": "direct_reply"}, {"index": 0, "attribution": -0.04020236060023308, "tweet_id": 524987432656453632, "text": "Police are holding a news conference to provide the latest on today's incidents in Ottawa. Watch live now on CNNgo. http://t.co/AsypHTR7eA", "type": "source"}, {"index": 16, "attribution": -0.04620913788676262, "tweet_id": 524988338810683393, "text": "@CujoTheG @cnnbrk Fuck you", "type": "lower_reply"}, {"index": 3, "attribution": -0.06364726275205612, "tweet_id": 524988441277521921, "text": "@Anthony8531 @cnnbrk fuck u", "type": "lower_reply"}, {"index": 10, "attribution": -0.181804820895195, "tweet_id": 525018032125792256, "text": "@CujoTheG @cnnbrk Says ur friend, Cod fuck hahaha Im such a nerd like ur a G. Get off", "type": "lower_reply"}, {"index": 5, "attribution": -0.21673940122127533, "tweet_id": 524987566970658817, "text": "@cnnbrk \u0647\u0647\u0647\u0647\u0647 \u0634\u0648\u0641\u0648\u0622 \u0639\u0644\u0627 \u0627\u0644\u0641\u0627\u0631\u0633 \u0645\u064a\u0646 \u0645\u062a\u0627\u0628\u0639\u0647 \u061f @Question_arab", "type": "direct_reply"}, {"index": 7, "attribution": -0.24708987772464752, "tweet_id": 524987939730620417, "text": "@cnnbrk Republic of Korea, Seoul citizens 122 minutes massacred. Please help. http://t.co/wpZZQetYi3", "type": "direct_reply"}, {"index": 9, "attribution": -0.32924124598503113, "tweet_id": 524988182996480000, "text": "@CujoTheG @cnnbrk FUCK YOUR PEACHES", "type": "lower_reply"}]}