{"thread_id": "524954833648771072", "gold_label": 2, "predicted_label": 2, "tweet_attributions": [{"index": 4, "attribution": 1.1709481477737427, "tweet_id": 524958828367183872, "text": "\u201c@Reuters: At least 30 more shots were fired inside Parliament in Ottawa. http://t.co/H33dmwgHGg\u201d unprecedented event in peace loving Canada", "type": "direct_reply"}, {"index": 5, "attribution": 0.11079546809196472, "tweet_id": 524960567526952961, "text": "@Lisaraniray @Reuters They're probably American.", "type": "lower_reply"}, {"index": 12, "attribution": 0.09791850298643112, "tweet_id": 524957603881693184, "text": "\u30ab\u30ca\u30c0\u3001\u30aa\u30bf\u30ef\u306e\u8b70\u4f1a\u5468\u8fba\u9283\u6483\u4e8b\u4ef6\u300130\u767a\u4ee5\u4e0a\u306e\u9283\u5f3e\u304c\u767a\u5c04\u3055\u308c\u305f\u6a21\u69d8\u3002\u72af\u4eba\u9003\u8d70\u3001\u635c\u7d22\u7d99\u7d9a\u3002@Reuters At least 30 more shots were fired inside Parliament in Ottawa.", "type": "direct_reply"}, {"index": 10, "attribution": 0.08469072729349136, "tweet_id": 524979670824275968, "text": "@Reuters in a country with strict gun control", "type": "direct_reply"}, {"index": 7, "attribution": 0.052327971905469894, "tweet_id": 524960487319273472, "text": "@Lisaraniray @Reuters  thanks to God that we are living in places \"safe\" !Troubled minds provoke hatred and destroy the peace we all deserve", "type": "lower_reply"}, {"index": 3, "attribution": 0.04962354525923729, "tweet_id": 524954992269336576, "text": "\u201c@Reuters: At least 30 more shots were fired inside Parliament in Ottawa. http://t.co/nsKBoxzRCc\u201d WHUHHHH??!!", "type": "direct_reply"}, {"index": 2, "attribution": 0.023929188027977943, "tweet_id": 524983670377955328, "text": "\u201c@Reuters: At least 30 more shots were fired inside Parliament in Ottawa. http://t.co/8a4u9PFKzI\u201d Now, Canada !", "type": "direct_reply"}, {"index": 9, "attribution": 0.013747405260801315, "tweet_id": 524966546985472000, "text": "@lisaraniray hey , won't you say big hi to Turkish fans?x", "type": "lower_reply"}, {"index": 6, "attribution": 0.007560551632195711, "tweet_id": 524955744496779264, "text": "\u201c@Reuters: At least 30 more shots were fired inside Parliament in Ottawa. http://t.co/N3jzyBGjQV\u201d", "type": "direct_reply"}, {"index": 8, "attribution": 0.001616312307305634, "tweet_id": 524954907099815936, "text": "@Reuters \u0627\u062f\u0639\u0645\u0648\u0648\u0648\u0646\u0627 @Question_arab", "type": "direct_reply"}, {"index": 11, "attribution": -0.03935810178518295, "tweet_id": 524955605824700416, "text": "\u201c@Reuters: At least 30 more shots were fired inside Parliament..\" #HidingUnderDesks #PassAnotherBrutishLaw #GodIsUrTerrorist #CanadaNeedsWBC", "type": "direct_reply"}, {"index": 1, "attribution": -0.054812487214803696, "tweet_id": 524965089963966464, "text": "KEEP CANADA IN YOUR PRAYERS \u201c@Reuters: At least 30 more shots were fired inside Parliament in Ottawa. http://t.co/jrNkLarZw5\u201d", "type": "direct_reply"}, {"index": 0, "attribution": -0.7160628437995911, "tweet_id": 524954833648771072, "text": "At least 30 more shots were fired inside Parliament in Ottawa. http://t.co/1cKIHwuCzl", "type": "source"}]}