{"thread_id": "524953918166794240", "gold_label": 1, "predicted_label": 2, "tweet_attributions": [{"index": 0, "attribution": 0.5517183542251587, "tweet_id": 524953918166794240, "text": "Confirmed reports that there were three shootings in Ottawa: at a War memorial, at the Parliament and at a shopping mall.", "type": "source"}, {"index": 1, "attribution": 0.1555642932653427, "tweet_id": 524956660842762240, "text": "@samueloakford \nTeach more appeasement", "type": "direct_reply"}, {"index": 6, "attribution": 0.028358615934848785, "tweet_id": 524962124083499008, "text": "Aching\u00e1: \u201c@samueloakford: Confirmed reports that there were 3 shootings in Ottawa: at a War memorial, at the Parliament and at a mall.\u201d", "type": "direct_reply"}, {"index": 5, "attribution": 0.0003681993403006345, "tweet_id": 524954846634332162, "text": "@samueloakford @zachandcoke", "type": "direct_reply"}, {"index": 3, "attribution": -0.04973238334059715, "tweet_id": 524977585197830144, "text": "RT@samueloakford: Confirmed reports that there were three shootings in Ottawa: at a War memorial, at the Parliament and at a shopping mall.", "type": "direct_reply"}, {"index": 7, "attribution": -0.10862136632204056, "tweet_id": 524954872127717376, "text": "@samueloakford @vicenews 3 consecutive shootings? Planned attacks by a particular group?", "type": "direct_reply"}, {"index": 2, "attribution": -0.14787045121192932, "tweet_id": 524954744943816704, "text": "@righteousaxe dont follow them then dickhead", "type": "lower_reply"}, {"index": 4, "attribution": -1.175573468208313, "tweet_id": 524954415615049728, "text": "@samueloakford @vicenews &lt;----- nothing but jihad supporting cunts", "type": "direct_reply"}]}