{"thread_id": "524975142641086465", "gold_label": 0, "predicted_label": 2, "tweet_attributions": [{"index": 13, "attribution": 3.4224398136138916, "tweet_id": 524977080006893569, "text": "@CP24 @HouseCracka Hotel is on LOCKED Down, as shots were fired inside Hotel where MapleLeafs are staying, they are inside their Rooms,..", "type": "direct_reply"}, {"index": 11, "attribution": 0.4443187415599823, "tweet_id": 524990335949504513, "text": "\u201c@CP24: The game between the Toronto Maple Leafs and Ottawa Senators scheduled for tonight in Ottawa has been postponed, the NHL says.\u201d", "type": "direct_reply"}, {"index": 8, "attribution": 0.1978924423456192, "tweet_id": 524976061973811200, "text": "\u201c@CP24: The game between the Toronto Maple Leafs and Ottawa Senators scheduled for tonight has been postponed\" that's probably a good idea.", "type": "direct_reply"}, {"index": 7, "attribution": 0.16563726961612701, "tweet_id": 524975906649948160, "text": "@CP24 good idea", "type": "direct_reply"}, {"index": 6, "attribution": 0.14493466913700104, "tweet_id": 524977437156069376, "text": "@CP24 @TheCamMurphy", "type": "direct_reply"}, {"index": 12, "attribution": 0.12100648134946823, "tweet_id": 524975351286738945, "text": "@CP24 good idea better safe then sorry!", "type": "direct_reply"}, {"index": 1, "attribution": 0.09686697274446487, "tweet_id": 524979249107992576, "text": "\u201c@CP24: The game between the Toronto Maple Leafs and Ottawa Senators scheduled for tonight in Ottawa has been postponed, the NHL says.\u201d", "type": "direct_reply"}, {"index": 10, "attribution": 0.05969298258423805, "tweet_id": 524994950929600512, "text": "\u201c@CP24: The game between the Toronto Maple Leafs and Ottawa Senators scheduled for tonight in Ottawa has been postponed, the NHL says.\u201d", "type": "direct_reply"}, {"index": 3, "attribution": -0.032573260366916656, "tweet_id": 524975373805953024, "text": "@CP24 What took them so long. #StaySafeOttawa", "type": "direct_reply"}, {"index": 4, "attribution": -0.1081404760479927, "tweet_id": 524975706141622272, "text": "RT @CP24: The game between the Toronto Maple Leafs and Ottawa Senators scheduled for tonight in Ottawa has been postponed, the NHL says.", "type": "direct_reply"}, {"index": 2, "attribution": -0.15080365538597107, "tweet_id": 524976237320876032, "text": "\u201c@CP24: The game between the Toronto Maple Leafs and Ottawa Senators scheduled for tonight in Ottawa has been postponed, the NHL says.\u201dWowww", "type": "direct_reply"}, {"index": 9, "attribution": -0.284871369600296, "tweet_id": 524978176305676288, "text": "@Newsgirly On Local Reporters in OTTAWA LIVE News.Hotel is on Lock down with Maple Leafs being told to stay in their ROOMS.", "type": "lower_reply"}, {"index": 0, "attribution": -0.5508046746253967, "tweet_id": 524975142641086465, "text": "The game between the Toronto Maple Leafs and Ottawa Senators scheduled for tonight in Ottawa has been postponed, the NHL says.", "type": "source"}, {"index": 5, "attribution": -0.7038851380348206, "tweet_id": 524977689480802304, "text": "@sueinwny Wow! How did you get that info?", "type": "lower_reply"}]}