{"thread_id": "524956372199555072", "gold_label": 1, "predicted_label": 2, "tweet_attributions": [{"index": 6, "attribution": 3.3073337078094482, "tweet_id": 524958800085024769, "text": "@MezlO Holllyyyyy shit. I liked to pretend that things like this didn't happen in Canada. Wow.", "type": "lower_reply"}, {"index": 8, "attribution": 1.2168018817901611, "tweet_id": 524962773533728768, "text": "@MezlO I'm actually such a petty person, the second thing I did was check NHL website. Crazy.", "type": "lower_reply"}, {"index": 2, "attribution": 1.191264033317566, "tweet_id": 524959373945479168, "text": "@AllysonGrono supposed to be a Sens/Leafs game tonight here too. Should be cancelled.", "type": "lower_reply"}, {"index": 4, "attribution": 0.4311981499195099, "tweet_id": 524957894765453313, "text": "@AllysonGrono \u201c@cnnbrk: Map of areas where shootings reported: War Memorial, near Rideau Centre and Parliament Hill. http://t.co/V76QLuD5vQ\u201d", "type": "direct_reply"}, {"index": 5, "attribution": 0.3315499424934387, "tweet_id": 524957360776028160, "text": "@cnnbrk  NORAD has increased it's alert level! Canada's security guards are unarmed .!!!!' Still active", "type": "direct_reply"}, {"index": 3, "attribution": 0.042299747467041016, "tweet_id": 524959188959895552, "text": "@AllysonGrono we like to pretend that too. Police seem to be doing a good job though.", "type": "lower_reply"}, {"index": 0, "attribution": 0.02535276859998703, "tweet_id": 524956372199555072, "text": "Map of areas where Ottawa shootings were reported: National War Memorial, near the Rideau Centre and Parliament Hill. http://t.co/NcfNCR5VCV", "type": "source"}, {"index": 7, "attribution": -0.048335928469896317, "tweet_id": 524963111263297536, "text": "@AllysonGrono they're making an announcement this afternoon about whether the game is on.", "type": "lower_reply"}, {"index": 1, "attribution": -0.5795713663101196, "tweet_id": 524979272633831424, "text": "@cnnbrk @CFLancop God have mercy on the victims. But, will this terrorism be termed, Workplace Violence?", "type": "direct_reply"}]}