{"thread_id": "524935758143324160", "gold_label": 2, "predicted_label": 0, "tweet_attributions": [{"index": 0, "attribution": 0.3582133948802948, "tweet_id": 524935758143324160, "text": "Update: Reuters reports a witness who says police chased a suspect into Candian parliament in #Ottawa &amp; then heard 30 shots fired inside", "type": "source"}, {"index": 2, "attribution": 0.02403513342142105, "tweet_id": 524938653173547008, "text": "@SkyNewsBreak  \nbetter updates here http://t.co/s7O7kPgd5i", "type": "direct_reply"}, {"index": 1, "attribution": 0.007531716022640467, "tweet_id": 524935960065495040, "text": "@SkyNewsBreak only 30....", "type": "direct_reply"}, {"index": 4, "attribution": -0.027610627934336662, "tweet_id": 524937541435551745, "text": "@SkyNewsBreak shouts of \"I'm not your buddy,guy !\" Were heard", "type": "direct_reply"}, {"index": 3, "attribution": -0.046988312155008316, "tweet_id": 524941024796631040, "text": "@SkyNewsBreak bit weird  a witness counting the shots and being specific with that number. Most people would be hiding for cover? Hmmmm?", "type": "direct_reply"}]}