{"thread_id": "524923341359300608", "gold_label": 0, "predicted_label": 2, "tweet_attributions": [{"index": 17, "attribution": 4.193213939666748, "tweet_id": 524925268465831936, "text": "@AeroConnor101 This is what happens when Harper pokes his nose where it doesn't belong! Heave Steve!", "type": "lower_reply"}, {"index": 3, "attribution": 2.162921667098999, "tweet_id": 524936095826731008, "text": "@MarkMAWalchuk @AeroConnor101 you are a total ass. You don't shoot a fellow Cdn cause politics.", "type": "lower_reply"}, {"index": 13, "attribution": 2.0121347904205322, "tweet_id": 524924220296679425, "text": "\u201c@CBCAlerts: Uniformed Canadian soldier shot at War Memorial in #Ottawa.\u201d What the fuck is going on", "type": "direct_reply"}, {"index": 2, "attribution": 0.6600271463394165, "tweet_id": 524926110123839489, "text": "@CBCAlerts @CBCMontreal ...what is wrong with the people in the world these days?? #Ottawa soldier shot", "type": "direct_reply"}, {"index": 16, "attribution": 0.4401388466358185, "tweet_id": 524924309135818752, "text": "\u201c@CBCAlerts: Uniformed Canadian soldier shot at War Memorial in #Ottawa.\u201d Absolutely disgusting ... #CantBelieveIt", "type": "direct_reply"}, {"index": 7, "attribution": 0.38336947560310364, "tweet_id": 524925090488938496, "text": "@CBCAlerts @CBCNews this is insane!! Wtf", "type": "direct_reply"}, {"index": 4, "attribution": 0.3575991094112396, "tweet_id": 524929528029011969, "text": "\u201c@CBCAlerts: Uniformed Canadian soldier shot at War Memorial in #Ottawa.\u201d @gillsimons", "type": "direct_reply"}, {"index": 21, "attribution": 0.3314065933227539, "tweet_id": 524923775553634304, "text": "\"@CBCAlerts  Uniformed Canadian soldier shot at War Memorial in #Ottawa.\" First the Montreal murder of a soldier, now Ottawa.", "type": "direct_reply"}, {"index": 8, "attribution": 0.12017036229372025, "tweet_id": 524934785031221248, "text": "@Stuthefarmer @CBCAlerts \nThat is horrendous! Gave me creeps even when read in another continent... \n\nNOW World has really gone crazy.", "type": "lower_reply"}, {"index": 15, "attribution": 0.11731037497520447, "tweet_id": 524924901090938880, "text": "\u201c@CBCAlerts: Uniformed Canadian soldier shot at War Memorial in #Ottawa.\u201d So insane.", "type": "direct_reply"}, {"index": 20, "attribution": 0.11724377423524857, "tweet_id": 525016832101875712, "text": "@lbcalgary_leah @MarkMAWalchuk There's no excuse to why an innocent person who devotes their life to keeping Canadians safe has to die. Ever", "type": "lower_reply"}, {"index": 22, "attribution": 0.04366326704621315, "tweet_id": 524923587434926080, "text": "RT @CBCAlerts: Uniformed Canadian soldier shot at War Memorial in #Ottawa.", "type": "direct_reply"}, {"index": 11, "attribution": -0.0148753197863698, "tweet_id": 524927351818559488, "text": "\u201c@CBCAlerts: Uniformed Canadian soldier shot at War Memorial in #Ottawa.\u201d Sickening \ud83d\ude14", "type": "direct_reply"}, {"index": 6, "attribution": -0.016986461356282234, "tweet_id": 524924651081060352, "text": "@CBCAlerts what...? Are they targetting men in uniform? Getting scary now....", "type": "direct_reply"}, {"index": 12, "attribution": -0.029067836701869965, "tweet_id": 524924081242914817, "text": "\u201c@CBCAlerts: Uniformed Canadian soldier shot at War Memorial in #Ottawa.\u201d I get a sense that Canada is about to be on a very High alert", "type": "direct_reply"}, {"index": 5, "attribution": -0.053598109632730484, "tweet_id": 524925136743702528, "text": "@CBCAlerts @CBCNews Please contact CJAD Amanda Kline (514) 207-2173", "type": "direct_reply"}, {"index": 19, "attribution": -0.09563847631216049, "tweet_id": 524925753302208513, "text": "\u201c@CBCAlerts: Uniformed Canadian soldier shot at War Memorial in #Ottawa.\u201d!?!?!?!?!?!???!?", "type": "direct_reply"}, {"index": 18, "attribution": -0.10161315649747849, "tweet_id": 524924408323125248, "text": "@CBCAlerts What is going on in our country!?", "type": "direct_reply"}, {"index": 1, "attribution": -0.175816610455513, "tweet_id": 524929829620432896, "text": "\u201c@CBCAlerts: Uniformed Canadian soldier shot at War Memorial in #Ottawa.\u201d @megzmcmillz", "type": "direct_reply"}, {"index": 10, "attribution": -0.3288860321044922, "tweet_id": 524925025741455360, "text": "@CBCAlerts", "type": "direct_reply"}, {"index": 9, "attribution": -0.44652941823005676, "tweet_id": 524929050276814848, "text": "@CBCAlerts @CBCNews brutal! How could Canadians do this?", "type": "direct_reply"}, {"index": 14, "attribution": -0.5267342925071716, "tweet_id": 524925385575006208, "text": "\u201c@CBCAlerts: Uniformed Canadian soldier shot at War Memorial in #Ottawa.\u201d Terrible!", "type": "direct_reply"}, {"index": 0, "attribution": -0.6385723948478699, "tweet_id": 524923341359300608, "text": "Uniformed Canadian soldier shot at War Memorial in #Ottawa.", "type": "source"}]}