{"thread_id": "524942548066791424", "gold_label": 0, "predicted_label": 0, "tweet_attributions": [{"index": 0, "attribution": 0.29442498087882996, "tweet_id": 524942548066791424, "text": "IN PICTURES: Shots fired on Parliament Hill, soldier shot at National War Memorial   http://t.co/wdKEiy9P8e http://t.co/uQ4yY2Nw9c", "type": "source"}, {"index": 3, "attribution": 0.015325871296226978, "tweet_id": 524969335434260480, "text": "\u201c@ctvottawa: Shots fired on Parliament Hill, soldier shot at National War Memorial   http://t.co/tvJe5PQyHZ http://t.co/DX8jlCGnWC\u201d", "type": "direct_reply"}, {"index": 2, "attribution": -0.011337046511471272, "tweet_id": 524954873658626048, "text": "@ctvottawa please spread the word to not display or tell police positions and police doings.  #KeepATightLidMedia thank you.", "type": "direct_reply"}, {"index": 4, "attribution": -0.03331964835524559, "tweet_id": 524944432408567809, "text": "@ctvottawa Praying for victim(s) in #Ottawa Parliament Hill shootings in Canada.", "type": "direct_reply"}, {"index": 1, "attribution": -0.07372952252626419, "tweet_id": 524944717998342145, "text": "@ctvottawa My app is mapping tweets from Ottawa shotting area http://t.co/VlcPC99uBJ", "type": "direct_reply"}]}