{"thread_id": "524965786059026432", "gold_label": 0, "predicted_label": 0, "tweet_attributions": [{"index": 0, "attribution": 0.3156244158744812, "tweet_id": 524965786059026432, "text": "BREAKING NEWS: ONE SOLDIER HAS DIED AFTER OTTAWA SHOOTING, SUSPECT(S) STILL AT LARGE - http://t.co/lXFiYaVImZ", "type": "source"}, {"index": 1, "attribution": 0.03411313518881798, "tweet_id": 524968491456421889, "text": "@PzFeed @HuffPostCrime  2 of 3 patients in stable condition. Must wait for state of health from Dept National Defense.", "type": "direct_reply"}, {"index": 2, "attribution": 0.00705744931474328, "tweet_id": 524966848954400769, "text": "RIP - \ud83d\udc9c\ud83d\udc99 \u201c@PzFeed: BREAKING NEWS: ONE SOLDIER HAS DIED AFTER OTTAWA SHOOTING, SUSPECT(S) STILL AT LARGE - http://t.co/nx2x8qk223\u201d", "type": "direct_reply"}, {"index": 6, "attribution": 0.0007297455449588597, "tweet_id": 524966199474786304, "text": "@PzFeed Thanks to Harper warmongering... innocent people die not only in Iraq and Syria but in Canada now too...", "type": "direct_reply"}, {"index": 4, "attribution": -0.021996280178427696, "tweet_id": 524966397223653376, "text": "@PzFeed Soldier NOT dead... Shot and wounded, currently at hospital.", "type": "direct_reply"}, {"index": 5, "attribution": -0.025964073836803436, "tweet_id": 524969011365548034, "text": "\u201c@PzFeed: BREAKING NEWS: ONE SOLDIER HAS DIED AFTER OTTAWA SHOOTING, SUSPECT(S) STILL AT LARGE - http://t.co/BmW3O4IpGd\u201d &lt; Just crazy!!", "type": "direct_reply"}, {"index": 3, "attribution": -0.05933880805969238, "tweet_id": 524965837795782656, "text": "@PzFeed get the army in", "type": "direct_reply"}]}