{"thread_id": "524978172110987264", "gold_label": 0, "predicted_label": 2, "tweet_attributions": [{"index": 3, "attribution": 0.12518897652626038, "tweet_id": 524982615473143808, "text": "@HuffPostCanada @HuffingtonPost So sad. This world is crazy.", "type": "direct_reply"}, {"index": 0, "attribution": 0.07067478448152542, "tweet_id": 524978172110987264, "text": "OTTAWA SHOOTING\n- Soldier shot at memorial has died: Globe, CTV\n- Harper to speak later today\nhttp://t.co/DkNJOduorR", "type": "source"}, {"index": 2, "attribution": 0.0408749021589756, "tweet_id": 524982242108768256, "text": "MT \"@HuffPostCanada: OTTAWA SHOOTING\n- Soldier shot at memorial has died: Globe, CTV\". So sad and unnecessary-condolences to his family", "type": "direct_reply"}, {"index": 1, "attribution": -0.008018805645406246, "tweet_id": 524979820422131712, "text": "@HuffPostCanada Rest now brother for you are with our kin in Valhalla. #VeteranToVeteran #RIP", "type": "direct_reply"}]}