{"thread_id": "524970731202166784", "gold_label": 0, "predicted_label": 0, "tweet_attributions": [{"index": 0, "attribution": 0.2410591095685959, "tweet_id": 524970731202166784, "text": "#BREAKING Canadian officials: Soldier shot in Ottawa has died http://t.co/ddbmihjxGB", "type": "source"}, {"index": 5, "attribution": 0.047691527754068375, "tweet_id": 524974987237933056, "text": "Incredible. Just heartbreaking. RT@USATODAY: #BREAKING Canadian officials: Soldier shot in Ottawa has died http://t.co/WxE0lsIaBb", "type": "direct_reply"}, {"index": 3, "attribution": 0.03646477311849594, "tweet_id": 524973807677632512, "text": "@USATODAY has there been any reports about if the shooter or shooters being  shot or captured?", "type": "direct_reply"}, {"index": 4, "attribution": 0.017172086983919144, "tweet_id": 524976625142624257, "text": "@USATODAY oh no", "type": "direct_reply"}, {"index": 7, "attribution": 0.0030164008494466543, "tweet_id": 524971300767662081, "text": "@USATODAY he should have! They fired a million shots at the suspect. Missing him would have been a disgrace for those cops", "type": "direct_reply"}, {"index": 2, "attribution": -0.006666362751275301, "tweet_id": 524973155182325760, "text": "#SoSad #thoughtsandprayers for #Ottawa | RT @USATODAY #BREAKING Canadian officials: Soldier shot in Ottawa has died http://t.co/US1jtVn26v", "type": "direct_reply"}, {"index": 1, "attribution": -0.05524938926100731, "tweet_id": 524973125407367168, "text": "@USATODAY Please God, let him now rest in peace.", "type": "direct_reply"}, {"index": 8, "attribution": -0.055666759610176086, "tweet_id": 524972553337864192, "text": "@USATODAY @Marykayb63  R.I.P. @msnbc", "type": "direct_reply"}, {"index": 6, "attribution": -0.08042705804109573, "tweet_id": 524970866208415744, "text": "@USATODAY oh, so sorry...", "type": "direct_reply"}]}