{"thread_id": "524964948683005952", "gold_label": 1, "predicted_label": 2, "tweet_attributions": [{"index": 5, "attribution": 1.5978635549545288, "tweet_id": 524971955381092353, "text": "@mythos_man @CBCAlerts @CBCNews @JustinTrudeau you guys don't realize that harder is a snake and your lives are at stake because of him", "type": "lower_reply"}, {"index": 21, "attribution": 1.4675389528274536, "tweet_id": 524971397488336897, "text": "@DaryusAzad @CBCAlerts @CBCNews @JustinTrudeau convo over. Trudeau is a windbag, name one good idea that he has tabled?", "type": "lower_reply"}, {"index": 1, "attribution": 1.1453152894973755, "tweet_id": 524969503499616256, "text": "@DaryusAzad @CBCAlerts @CBCNews @JustinTrudeau are you for real?", "type": "lower_reply"}, {"index": 43, "attribution": 0.6414394974708557, "tweet_id": 524977699584897024, "text": "@DaryusAzad perhaps, Trudeau is not that change. He's out of touch with most Canadians, he's not ready to run this country.", "type": "lower_reply"}, {"index": 33, "attribution": 0.5962581038475037, "tweet_id": 524972948508409856, "text": "@DaryusAzad yes, but the liberals put us into direct combat by sending is to Kandahar. So why blame the CPC for this attack.", "type": "lower_reply"}, {"index": 38, "attribution": 0.5875435471534729, "tweet_id": 524976953707999232, "text": "@Cdn_Bowhunter @JustinTrudeau I just think we need a change", "type": "lower_reply"}, {"index": 37, "attribution": 0.573686957359314, "tweet_id": 524972276345622528, "text": "@DaryusAzad @CBCAlerts @CBCNews @JustinTrudeau Justins' new book spoiler alert. \"My dad was famous...the end\"", "type": "lower_reply"}, {"index": 15, "attribution": 0.5708860158920288, "tweet_id": 524969798170869761, "text": "@DaryusAzad @CBCAlerts @CBCNews @JustinTrudeau no, radical Muslim extremists are making us victims.", "type": "lower_reply"}, {"index": 41, "attribution": 0.5701860189437866, "tweet_id": 524973312901132288, "text": "@Cdn_Bowhunter Kanadar needs Canadian help, afghans welcome foreign help. Today Afghanistan is much better place thanks to Canada", "type": "lower_reply"}, {"index": 39, "attribution": 0.5477482080459595, "tweet_id": 524968014484365313, "text": "@CBCAlerts @CBCNews #harperAdminstration foreign policy is making Canadians a victim #voteLiberal @JustinTrudeau", "type": "direct_reply"}, {"index": 12, "attribution": 0.5381783843040466, "tweet_id": 524972964052103169, "text": "@DaryusAzad @CBCAlerts @CBCNews @JustinTrudeau these extremist infidels are the problem not our Govt", "type": "lower_reply"}, {"index": 31, "attribution": 0.4250040352344513, "tweet_id": 524971804096737280, "text": "@Cdn_Bowhunter @CBCAlerts @CBCNews @JustinTrudeau #Afghanistan is the only country needed help", "type": "lower_reply"}, {"index": 25, "attribution": 0.3736710250377655, "tweet_id": 524974795503726593, "text": "@mythos_man @CBCAlerts @CBCNews @JustinTrudeau I am a proud Canadian afghan &amp; I support Canada's presence in Afghanistan", "type": "lower_reply"}, {"index": 44, "attribution": 0.3127417266368866, "tweet_id": 524973370677690368, "text": "@DaryusAzad @CBCAlerts @CBCNews @JustinTrudeau No ones even confirmed this was an Islamic attack yet.", "type": "lower_reply"}, {"index": 23, "attribution": 0.28312018513679504, "tweet_id": 524971249152577536, "text": "@DaryusAzad @CBCAlerts @CBCNews @JustinTrudeau Liberals sent me and many more Canadian Soldiers to Afghanistan in the first place...", "type": "lower_reply"}, {"index": 42, "attribution": 0.2234632521867752, "tweet_id": 524977054178353154, "text": "@Cdn_Bowhunter I believe #cpc pushed it too far", "type": "lower_reply"}, {"index": 29, "attribution": 0.21544335782527924, "tweet_id": 524974938256457729, "text": "@DaryusAzad @CBCAlerts @CBCNews @JustinTrudeau you did, you blamed our foreign policy to start with...", "type": "lower_reply"}, {"index": 2, "attribution": 0.20749928057193756, "tweet_id": 524973750710591490, "text": "@DaryusAzad @CBCAlerts @CBCNews @JustinTrudeau this has to be crushed to the point it won't rise again", "type": "lower_reply"}, {"index": 14, "attribution": 0.18720413744449615, "tweet_id": 524972859714981889, "text": "@mythos_man @CBCAlerts @CBCNews @JustinTrudeau wow you are dumber that I thought. Haven't you asked why Canada want in danger before?", "type": "lower_reply"}, {"index": 17, "attribution": 0.179197296500206, "tweet_id": 525011846164938752, "text": "@Cdn_Bowhunter if you remember #americans Said the same about @BarackObama but he turned out to be a good leader despite all his critics", "type": "lower_reply"}, {"index": 36, "attribution": 0.1785416454076767, "tweet_id": 524972433984323584, "text": "@DaryusAzad @CBCAlerts @CBCNews @JustinTrudeau lives are at stake because of Isis and extremist snakes and cowards, not Harper", "type": "lower_reply"}, {"index": 19, "attribution": 0.17764855921268463, "tweet_id": 524971348469510145, "text": "@rikermacdaniels @CBCAlerts @CBCNews @JustinTrudeau they don't give a shit about Islam they care about regional tensions", "type": "lower_reply"}, {"index": 22, "attribution": 0.158634752035141, "tweet_id": 524974420428075009, "text": "@mythos_man @CBCAlerts @CBCNews @JustinTrudeau you are such an ignorant wow keep running your mouth cause you are an idiot", "type": "lower_reply"}, {"index": 9, "attribution": 0.15733171999454498, "tweet_id": 524974054957002752, "text": "@DaryusAzad @CBCAlerts @CBCNews @JustinTrudeau you force that woman in your pic to dress that way?", "type": "lower_reply"}, {"index": 6, "attribution": 0.1049809530377388, "tweet_id": 524971210275565568, "text": "@rikermacdaniels @CBCAlerts @CBCNews @JustinTrudeau your radical Muslims are being funded by American Senate, Israel and Saudia Arabia", "type": "lower_reply"}, {"index": 35, "attribution": 0.08591624349355698, "tweet_id": 524974290115244032, "text": "@mythos_man @CBCAlerts @CBCNews @JustinTrudeau you are an imbecile and because of imbeciles like you, our lives are in danger", "type": "lower_reply"}, {"index": 11, "attribution": 0.05718314275145531, "tweet_id": 524972933652185089, "text": "@mythos_man @CBCAlerts @CBCNews @JustinTrudeau that's cause Canada only focused on humanitarian aid and not military", "type": "lower_reply"}, {"index": 40, "attribution": 0.04752872884273529, "tweet_id": 524973817219653633, "text": "@DaryusAzad @CBCAlerts @CBCNews @JustinTrudeau are you middle eastern, by chance?", "type": "lower_reply"}, {"index": 45, "attribution": 0.04472345486283302, "tweet_id": 524965868305141760, "text": "RT @CBCAlerts: #Ottawa police confirm they are still seeking 1 or more suspects \" la polizia in caccia di 1 o pi\u00f9 attentatori .", "type": "direct_reply"}, {"index": 7, "attribution": 0.037344854325056076, "tweet_id": 524974118614347776, "text": "@Cdn_Bowhunter @CBCAlerts @CBCNews @JustinTrudeau exactly so why did you or your friend already pointed the fingers at Muslims #ignorantmuch", "type": "lower_reply"}, {"index": 30, "attribution": 0.03280794993042946, "tweet_id": 524971522126270464, "text": "@rikermacdaniels @CBCAlerts @CBCNews @JustinTrudeau canada has never been this dangerous before until #harperadminstration changed their #FP", "type": "lower_reply"}, {"index": 18, "attribution": 0.02226264216005802, "tweet_id": 524976005564215296, "text": "@DaryusAzad @JustinTrudeau I never blamed Muslims for this, I don't think you should be pushing vote liberal bullshit at a time like this.", "type": "lower_reply"}, {"index": 34, "attribution": -0.018057186156511307, "tweet_id": 524965523470434305, "text": "@CBCAlerts That's two terrorist attacks under Harper and counting!", "type": "direct_reply"}, {"index": 32, "attribution": -0.02586260251700878, "tweet_id": 524973597467901952, "text": "@DaryusAzad Yes it is, my point is though the liberals started us into this chain of events within foreign policy, CPC just continued it.", "type": "lower_reply"}, {"index": 4, "attribution": -0.030444467440247536, "tweet_id": 524970201503526912, "text": "@mythos_man @CBCAlerts @CBCNews yes why not?? stop criticizing @JustinTrudeau and you need to realize that #harper put our lives at risk", "type": "lower_reply"}, {"index": 27, "attribution": -0.03432997316122055, "tweet_id": 524973940343840768, "text": "@mythos_man @CBCAlerts @CBCNews @JustinTrudeau when our sole purpose was to help civilians with humanitarian aid in the past under liberals", "type": "lower_reply"}, {"index": 20, "attribution": -0.055928636342287064, "tweet_id": 524972665564835841, "text": "@mythos_man @CBCAlerts @CBCNews @JustinTrudeau I can't believe people focus on stupidity instead of real problems.", "type": "lower_reply"}, {"index": 26, "attribution": -0.05765111371874809, "tweet_id": 524970031856488448, "text": "@DaryusAzad @CBCAlerts @CBCNews @JustinTrudeau your defense and justification of Islamic terrorism is disgusting", "type": "lower_reply"}, {"index": 13, "attribution": -0.07136500626802444, "tweet_id": 525029545540612096, "text": "@DaryusAzad I don't think he's a good leader at all, he's to involved in racial movements. Trudeau is better than Obama.", "type": "lower_reply"}, {"index": 16, "attribution": -0.14730025827884674, "tweet_id": 524967686284255232, "text": "@SmotheringTwat @CBCAlerts the way #harperadminstration is leading this government, there will be many more attacks on our #nation", "type": "lower_reply"}, {"index": 10, "attribution": -0.16985423862934113, "tweet_id": 524973904969093120, "text": "@mythos_man @CBCAlerts @CBCNews @JustinTrudeau your #Harper govt has changed Canada to a military nation...", "type": "lower_reply"}, {"index": 8, "attribution": -0.17200349271297455, "tweet_id": 524970424246226945, "text": "@rikermacdaniels @CBCAlerts @CBCNews @JustinTrudeau you are too ignorant to understand that extremism has always been there. Blame Harper", "type": "lower_reply"}, {"index": 3, "attribution": -0.1900462508201599, "tweet_id": 524973155014946816, "text": "@DaryusAzad @CBCAlerts @CBCNews @JustinTrudeau Rather then point fingers, why don't you stand united with the rest of Canadians.", "type": "lower_reply"}, {"index": 24, "attribution": -0.20675228536128998, "tweet_id": 524973072504606720, "text": "@mythos_man @CBCAlerts @CBCNews @JustinTrudeau that's the Canada we want, not a Canada that wants to send its military all over ME", "type": "lower_reply"}, {"index": 28, "attribution": -0.2331690937280655, "tweet_id": 524973649527193601, "text": "@DaryusAzad @CBCAlerts @CBCNews @JustinTrudeau we follow our Allies, we need them and they need us.", "type": "lower_reply"}, {"index": 0, "attribution": -0.29392293095588684, "tweet_id": 524964948683005952, "text": "#Ottawa police confirm to #CBCNews they are still seeking 1 or more suspects after shootings on Parliament Hill, War Memorial, nearby mall.", "type": "source"}]}