{"thread_id": "524929796862918656", "gold_label": 0, "predicted_label": 2, "tweet_attributions": [{"index": 0, "attribution": 0.2670976519584656, "tweet_id": 524929796862918656, "text": "Soldier shot at National War Memorial in Ottawa http://t.co/9jLwNdsKp2 http://t.co/0a3tmPyUw9", "type": "source"}, {"index": 1, "attribution": 0.0713430717587471, "tweet_id": 524932112387174400, "text": "\u201c@CP24: Soldier shot at National War Memorial in Ottawa http://t.co/abpWnLiU8V http://t.co/jgSO8cxNB2\u201d be safe Ottawa!!!", "type": "direct_reply"}, {"index": 13, "attribution": 0.045867566019296646, "tweet_id": 524930340507615232, "text": "@CP24 our prayers go out to the family of the soldier. These people are so pathetic to want to hurt anyone in our beautiful Canada .", "type": "direct_reply"}, {"index": 5, "attribution": 0.03993532806634903, "tweet_id": 524942114283851776, "text": "@CP24  Pray that everyone will be safe.", "type": "direct_reply"}, {"index": 12, "attribution": 0.028663838282227516, "tweet_id": 524933924653629441, "text": "I'm at a total loss for words. :( @CP24 : Soldier shot at National War Memorial in Ottawa http://t.co/XYRxJCEFEC http://t.co/9ochukDUrf", "type": "direct_reply"}, {"index": 14, "attribution": 0.02217218093574047, "tweet_id": 524930603851190272, "text": "Scary scene unfolding in Ottawa \u201c@CP24: Soldier shot at National War Memorial in Ottawa http://t.co/jip22VuGbA http://t.co/WrxI0DV8ym\u201d", "type": "direct_reply"}, {"index": 7, "attribution": 0.016936002299189568, "tweet_id": 524929870682681344, "text": "\u201c@CP24: Soldier shot at National War Memorial in Ottawa http://t.co/z1SbvGuKOp http://t.co/mXOZ90CR1Q\u201d wtf stop this nonsense :(", "type": "direct_reply"}, {"index": 9, "attribution": 0.009701719507575035, "tweet_id": 524931687579652096, "text": "\u201c@CP24: Soldier shot at National War Memorial in Ottawa http://t.co/VF3UlRVHV5 http://t.co/wt0ixrrTvK\u201d special place in hell for this prick", "type": "direct_reply"}, {"index": 17, "attribution": -0.007719917688518763, "tweet_id": 524931845335826433, "text": "@CP24 ARE THE FORDS OKAY", "type": "direct_reply"}, {"index": 3, "attribution": -0.00947708822786808, "tweet_id": 524930159397580800, "text": "\u201c@CP24: Soldier shot at National War Memorial in Ottawa http://t.co/3mCW43eaDd http://t.co/bYd1g4bEpE\u201d", "type": "direct_reply"}, {"index": 11, "attribution": -0.010657752864062786, "tweet_id": 524933855095320576, "text": "\u201c@CP24: Soldier shot at National War Memorial in Ottawa http://t.co/WkR3ApVyEV http://t.co/TDUAiq0enm\u201d I hate people", "type": "direct_reply"}, {"index": 15, "attribution": -0.015892354771494865, "tweet_id": 524931259391545344, "text": "@CP24 speechless, this is the second attack to our armed forces in one week. Smh", "type": "direct_reply"}, {"index": 4, "attribution": -0.01619453728199005, "tweet_id": 524947887567171584, "text": "Fuckinggg ridiculous \u201c@CP24: Soldier shot at National War Memorial in Ottawa http://t.co/OELksFUPBU http://t.co/mYZ5guZqp8\u201d", "type": "direct_reply"}, {"index": 6, "attribution": -0.019565027207136154, "tweet_id": 524930635375603712, "text": "@CP24 I hope everyone is alright and they find whoever did this.", "type": "direct_reply"}, {"index": 2, "attribution": -0.021246125921607018, "tweet_id": 524931721708716032, "text": "\u201c@CP24: Soldier shot at National War Memorial in Ottawa http://t.co/PybLQoluYf http://t.co/iufQCGqFGV\u201d #cdnpoli", "type": "direct_reply"}, {"index": 8, "attribution": -0.04477215185761452, "tweet_id": 524930754397351938, "text": "@CP24 Please tell me the Police took care of him/her with an empty magazine in return fire!!!", "type": "direct_reply"}, {"index": 16, "attribution": -0.054635342210531235, "tweet_id": 524930057606029312, "text": "@CP24 wtf", "type": "direct_reply"}, {"index": 18, "attribution": -0.07699508965015411, "tweet_id": 524931844383735808, "text": "\u201c@CP24: Soldier shot at National War Memorial in Ottawa http://t.co/helCn5c68a http://t.co/1cPM1hPoOV\u201d OH CANADA! Get your guard up!", "type": "direct_reply"}, {"index": 10, "attribution": -0.10385403037071228, "tweet_id": 524935619869687808, "text": "\u201c@CP24: Soldier shot at National War Memorial in Ottawa http://t.co/Jh9ftFX0Ns http://t.co/9JV3aUuYqC\u201d\n\nEverything's fucked up lately", "type": "direct_reply"}]}