{"thread_id": "524975705206304769", "gold_label": 0, "predicted_label": 2, "tweet_attributions": [{"index": 2, "attribution": 2.4752554893493652, "tweet_id": 524977413038817280, "text": "@thejpiga You need to flake off ass....", "type": "lower_reply"}, {"index": 3, "attribution": 1.6189652681350708, "tweet_id": 524975860185825281, "text": "@CBCAlerts FACK!!!!", "type": "direct_reply"}, {"index": 9, "attribution": 1.2824656963348389, "tweet_id": 524977621281824770, "text": "@TweetFreak73 stay classy.... I'm sorry that a tragedy ruined your ability to watch a sporting event.", "type": "lower_reply"}, {"index": 7, "attribution": 1.1955071687698364, "tweet_id": 524976999929237505, "text": "@thejpiga @CBCAlerts Ya it does bother me.  Was looking forward to tonight's game.", "type": "lower_reply"}, {"index": 10, "attribution": 1.1194895505905151, "tweet_id": 524976050481422336, "text": "@TweetFreak73 @CBCAlerts that disappoints you.... today? Wow...", "type": "lower_reply"}, {"index": 6, "attribution": 1.0557862520217896, "tweet_id": 524977226820104192, "text": "@TweetFreak73 @CBCAlerts you need to re-evaluate....", "type": "lower_reply"}, {"index": 12, "attribution": 0.9629212021827698, "tweet_id": 524977773958684673, "text": "@thejpiga Didn't I say \"FLAKE OFF\"", "type": "lower_reply"}, {"index": 20, "attribution": 0.5646323561668396, "tweet_id": 524975857778298880, "text": "\u201c@CBCAlerts: #NHL cancels tonight's game between #Ottawa and #Toronto due to today's shootings. Senators were to host Maple Leafs.\u201d #WERE", "type": "direct_reply"}, {"index": 13, "attribution": 0.49617573618888855, "tweet_id": 524976688275673088, "text": "@CBCAlerts I had a feeling that was going to happen,  would of been a big risk for all fans.  Safety first!", "type": "direct_reply"}, {"index": 18, "attribution": 0.3338700830936432, "tweet_id": 524978635498082305, "text": "@CBCAlerts You can add A Chanel News &amp; Chek News to that group also. \nLetting people be subject to toxic poison is such a Victoria thing.", "type": "lower_reply"}, {"index": 21, "attribution": 0.33257561922073364, "tweet_id": 524977952640221184, "text": "@TweetFreak73 at least your polite self absorbed person.", "type": "lower_reply"}, {"index": 19, "attribution": 0.24928075075149536, "tweet_id": 524978385660153856, "text": "@thejpiga So now you judge me for 1 fucking RT with comment, one.  Why don't you look at yourself in the mirror and judge that instead", "type": "lower_reply"}, {"index": 0, "attribution": 0.15393947064876556, "tweet_id": 524975705206304769, "text": "#NHL cancels tonight's game between #Ottawa and #Toronto due to today's shootings. Senators were to host Maple Leafs.", "type": "source"}, {"index": 8, "attribution": 0.05032438412308693, "tweet_id": 524976772535037952, "text": "@CBCAlerts Elderly people are subjected to toxic poison 10.2 times legal limits but that does not seem important to CBC, CBS, or TC.", "type": "direct_reply"}, {"index": 15, "attribution": -0.00534809147939086, "tweet_id": 524976564405276672, "text": "@CBCAlerts this was the right thing to do", "type": "direct_reply"}, {"index": 4, "attribution": -0.026028038933873177, "tweet_id": 524976279150657536, "text": "@CBCAlerts How unfortunate, but understandable.", "type": "direct_reply"}, {"index": 1, "attribution": -0.07219742983579636, "tweet_id": 524975967073488896, "text": "\u201c@CBCAlerts: #NHL cancels tonight's game between #Ottawa and #Toronto due to today's shootings. Senators were to host Maple Leafs.\u201d", "type": "direct_reply"}, {"index": 16, "attribution": -0.13178513944149017, "tweet_id": 524976422377775104, "text": "@CBCAlerts as they should!!!!", "type": "direct_reply"}, {"index": 22, "attribution": -0.16533033549785614, "tweet_id": 524977527362953218, "text": "@CBCAlerts Now i's confirmed as a  National Emergency.  #HockeyNightInCanada", "type": "direct_reply"}, {"index": 17, "attribution": -0.18137113749980927, "tweet_id": 524975791688654850, "text": "\u201c@CBCAlerts: #NHL cancels tonight's game between #Ottawa and #Toronto due to today's shootings. Senators were to host Maple Leafs.\u201d", "type": "direct_reply"}, {"index": 23, "attribution": -0.19099527597427368, "tweet_id": 524976240051367937, "text": "@CBCAlerts As it should be, having a #hockey game on the same day as a #shooting is just asking for trouble.", "type": "direct_reply"}, {"index": 11, "attribution": -0.20199917256832123, "tweet_id": 524976661058826240, "text": "You know it's serious when they cancel hockey \"@CBCAlerts: #NHL cancels tonight's game between Ottawa and Toronto due to today's shootings.\"", "type": "direct_reply"}, {"index": 5, "attribution": -0.2050936073064804, "tweet_id": 524976291905552385, "text": "@CBCAlerts #NHL #Ottawa #Toronto that makes no sense", "type": "direct_reply"}, {"index": 14, "attribution": -0.2710690200328827, "tweet_id": 524975908432928768, "text": "@CBCAlerts game postponed, not cancelled.", "type": "direct_reply"}]}