{"thread_id": "524966582544781313", "gold_label": 0, "predicted_label": 0, "tweet_attributions": [{"index": 0, "attribution": 0.22105883061885834, "tweet_id": 524966582544781313, "text": "AFP: an official says a Canadian soldier has died after being shot in #OttawaShooting", "type": "source"}, {"index": 4, "attribution": 0.03156751021742821, "tweet_id": 524982917781782528, "text": "\u201c@SkyNewsBreak: AFP: an official says a Canadian soldier has died after being shot in #OttawaShooting\u201d very sad condolences 2the family RIP", "type": "direct_reply"}, {"index": 5, "attribution": 0.02885865606367588, "tweet_id": 524967527773130752, "text": "\u201c@SkyNewsBreak: AFP: an official (Min Kenney) says a Canadian soldier has died after being shot in #OttawaShooting\u201d @MAJIC100Ottawa", "type": "direct_reply"}, {"index": 7, "attribution": 0.02385176159441471, "tweet_id": 524968385344716800, "text": "@SkyNewsBreak #RIP Canadian soldier. \ud83d\ude22", "type": "direct_reply"}, {"index": 2, "attribution": 0.02278638631105423, "tweet_id": 524967592101163008, "text": "@SkyNewsBreak very sad :(", "type": "direct_reply"}, {"index": 8, "attribution": 0.022535957396030426, "tweet_id": 524967046652911616, "text": "@SkyNewsBreak RIP", "type": "direct_reply"}, {"index": 15, "attribution": 0.013863087631762028, "tweet_id": 524968664651812864, "text": "\u201c@SkyNewsBreak: AFP: an official says a Canadian soldier has died after being shot in #OttawaShooting\u201d RIP x", "type": "direct_reply"}, {"index": 12, "attribution": 0.011470641009509563, "tweet_id": 524966732763770880, "text": "\u201c@SkyNewsBreak: AFP: an official says a Canadian soldier has died after being shot in #OttawaShooting\u201d", "type": "direct_reply"}, {"index": 1, "attribution": 0.0042516146786510944, "tweet_id": 524966697095417857, "text": "\u201c@SkyNewsBreak: AFP: an official says a Canadian soldier has died after being shot in #OttawaShooting\u201d #RIP \ud83d\ude2a", "type": "direct_reply"}, {"index": 11, "attribution": -0.0008422841201536357, "tweet_id": 524967527219478528, "text": "@SkyNewsBreak thinking of his family at this time. Another victim of brainwashed psychopaths. #Islamic #pureevil", "type": "direct_reply"}, {"index": 6, "attribution": -0.011448071338236332, "tweet_id": 524968875625295872, "text": "RIP to the brave soldier. \u201c@SkyNewsBreak: AFP: an official says a Canadian soldier has died after being shot in #OttawaShooting\u201d", "type": "direct_reply"}, {"index": 14, "attribution": -0.01169967744499445, "tweet_id": 524967361448013824, "text": "\u201c@SkyNewsBreak: AFP: an official says a Canadian soldier has died after being shot in #OttawaShooting\u201d. RIP this is greeting serious", "type": "direct_reply"}, {"index": 3, "attribution": -0.012340010143816471, "tweet_id": 524967027723993089, "text": "@SkyNewsBreak no suprise there....  after 30 or more bullets were shot.", "type": "direct_reply"}, {"index": 9, "attribution": -0.03078877367079258, "tweet_id": 524974486379311104, "text": "@SkyNewsBreak Islam, the so called religion of peace, as if!!!", "type": "direct_reply"}, {"index": 16, "attribution": -0.03971433639526367, "tweet_id": 524967200978137088, "text": "@SkyNewsBreak &gt; Very sad. R.I.P brave soldier. Tragic.", "type": "direct_reply"}, {"index": 13, "attribution": -0.046265486627817154, "tweet_id": 524968907405545472, "text": "@SkyNewsBreak Peace be upon him.", "type": "direct_reply"}, {"index": 10, "attribution": -0.05438856780529022, "tweet_id": 524967230044258305, "text": "An official?  What organization and do you have two independent sources? @SkyNewsBreak @AFP", "type": "direct_reply"}]}