{"thread_id": "524945197705461763", "gold_label": 0, "predicted_label": 2, "tweet_attributions": [{"index": 1, "attribution": 0.896974503993988, "tweet_id": 524976907855872000, "text": "@globalnews @l_stone Still silent, are you? Spineless.", "type": "lower_reply"}, {"index": 13, "attribution": 0.18306738138198853, "tweet_id": 524946153998004224, "text": "@l_stone Hi, I'm writing from euronews tv. Is this your material? Can we air it and credit you?", "type": "direct_reply"}, {"index": 9, "attribution": 0.16625167429447174, "tweet_id": 524953880803958784, "text": "@l_stone @joe_nuzz Hope this poor soldier pulls through", "type": "direct_reply"}, {"index": 19, "attribution": 0.12075352668762207, "tweet_id": 525103172361392128, "text": "@globalnews Nothing to say in support of your employee? Not encouraging a retraction? Is this the standard we should expect?", "type": "lower_reply"}, {"index": 2, "attribution": 0.11551127582788467, "tweet_id": 524950935647559681, "text": "@l_stone Are you serious.    Why would you post that.  Think of that poor soldiers family.", "type": "direct_reply"}, {"index": 7, "attribution": 0.09907945245504379, "tweet_id": 524947903165370369, "text": "@l_stone I don't think it was necessary to film and share this, or be that close to the paramedics with a camera. Let him have his dignity", "type": "direct_reply"}, {"index": 14, "attribution": 0.0432901568710804, "tweet_id": 524946471255560192, "text": "@l_stone @NatashaPace Unbelievable.  I can't believe this was posted or retweeted.  Completely inappropriate.", "type": "direct_reply"}, {"index": 0, "attribution": 0.02699887566268444, "tweet_id": 524945197705461763, "text": "Soldier gets CPR after being shot at War Memorial in #Ottawa https://t.co/gifVPfCcBv", "type": "source"}, {"index": 15, "attribution": 0.011250088922679424, "tweet_id": 524947725201453056, "text": "@l_stone @MaxLandryTVA pas certain qu'un membre de sa famille voudrait voir \u00e7a! Mauvais go\u00fbt!", "type": "direct_reply"}, {"index": 11, "attribution": 0.004771385807543993, "tweet_id": 524948657125470208, "text": "@l_stone @BKennedyStar Wow, thanks for posting this. I've always wanted to watch someone dying. I'm sure this isn't at all inappropriate.", "type": "direct_reply"}, {"index": 3, "attribution": -0.0060521457344293594, "tweet_id": 524946261237981185, "text": "\u201c@l_stone: Soldier gets CPR after being shot at War Memorial in #Ottawa https://t.co/ciUnKx0anc\u201d @hockeygrl87", "type": "direct_reply"}, {"index": 17, "attribution": -0.01195047702640295, "tweet_id": 524950650937831424, "text": "@l_stone @NancyHixt show a little respect to this soldier and his family. No one needs to see this. Disgusting", "type": "direct_reply"}, {"index": 6, "attribution": -0.034388937056064606, "tweet_id": 524949930864279553, "text": "@l_stone @Zeisberger this is disgusting and should not be aired. Think of the family!!!!!", "type": "direct_reply"}, {"index": 10, "attribution": -0.04068225994706154, "tweet_id": 524946308734656512, "text": "@l_stone @globalhalifax Really? This just had to be tweeted?  Think of the guy's family instead of trying to get the scoop.", "type": "direct_reply"}, {"index": 18, "attribution": -0.04440637305378914, "tweet_id": 524946402279817216, "text": "@l_stone Yeah\u2026I don't think this adds to the conversation. What's the goal of sharing this outside of shock value? Let's move along here.", "type": "direct_reply"}, {"index": 16, "attribution": -0.051956657320261, "tweet_id": 524946200525434881, "text": "@l_stone @kimfox Just disgusting to be TAKING A VIDEO of this! And sharing it! Have some decency and respect.", "type": "direct_reply"}, {"index": 5, "attribution": -0.05567598715424538, "tweet_id": 524946155495763968, "text": "@l_stone @globalhalifax this should not be posted!", "type": "direct_reply"}, {"index": 8, "attribution": -0.0572662390768528, "tweet_id": 524960806375792641, "text": "@l_stone @70torinoman why are soldiers there in the first place??? fishy?", "type": "direct_reply"}, {"index": 12, "attribution": -0.09901842474937439, "tweet_id": 524948050708815873, "text": "\u201c@l_stone: Soldier gets CPR after being shot in #Ottawa https://t.co/zf4VryueEr\u201d fuck, never good sign getting cpr going in ambulance.", "type": "direct_reply"}, {"index": 4, "attribution": -0.44393789768218994, "tweet_id": 524948258934620160, "text": "@globalnews @l_stone Do you approve of this garbage being tweeted by an employee of yours? Unquestionably disrespectful. Un-Canadian.", "type": "direct_reply"}]}