{"thread_id": "524998906799988736", "gold_label": 0, "predicted_label": 0, "tweet_attributions": [{"index": 0, "attribution": 0.48357638716697693, "tweet_id": 524998906799988736, "text": "Full White House statement on Obama's call to #Ottawa http://t.co/7UAGgehJms", "type": "source"}, {"index": 3, "attribution": 0.009022667072713375, "tweet_id": 525004127848656896, "text": "@MPwrites @TorontoStar Did they talk at all about how they can prevent this from occurring again? Hope they do! #PublicSafety", "type": "direct_reply"}, {"index": 2, "attribution": -0.1640123426914215, "tweet_id": 525007095843004416, "text": "@TigerStripe72 @MPwrites Thanks Obama but we got this. Now pass the beer n ammo eh?", "type": "lower_reply"}, {"index": 1, "attribution": -0.36481907963752747, "tweet_id": 525005934255673346, "text": "#Respect #Obama \"@MPwrites: Full White House statement on Obama's call to #Ottawa http://t.co/yAwVhjbt0F\u201d", "type": "direct_reply"}]}