{"thread_id": "524944544681705472", "gold_label": 2, "predicted_label": 2, "tweet_attributions": [{"index": 3, "attribution": 3.0305097103118896, "tweet_id": 524985394979684353, "text": "@Reuters @TheMuslimIssue i think we very often hear the word CANADA", "type": "direct_reply"}, {"index": 1, "attribution": 1.5898679494857788, "tweet_id": 524989382340931584, "text": "@brahimelmaghrib @Reuters One day you'll be hearing the word \"you're the last Muslim left on earth\". #comingsoon", "type": "lower_reply"}, {"index": 6, "attribution": 1.0322351455688477, "tweet_id": 524945106357719040, "text": "@Reuters Possibly more that one shooter? What are the odds this is terrorism?", "type": "direct_reply"}, {"index": 9, "attribution": 0.6928405165672302, "tweet_id": 524989920679829504, "text": "@TheMuslimIssue @Reuters go fock yourself son of a biaaatch", "type": "lower_reply"}, {"index": 2, "attribution": 0.3428443372249603, "tweet_id": 524944856951836672, "text": "Big Trouble in Canuckistan, how's that #diversity #immigration working out for you up there in #Canada? @Reuters", "type": "direct_reply"}, {"index": 4, "attribution": -0.1807292252779007, "tweet_id": 524945757682401280, "text": "\u201c@Reuters: Ottawa police: Actively looking for one or more suspects in Canadian parliament shooting. http://t.co/ggMq8yCvyV\u201d\u2022\u2022@DeramosJen\ud83d\ude33", "type": "direct_reply"}, {"index": 7, "attribution": -0.20509769022464752, "tweet_id": 524945195826044929, "text": "@Reuters narcissistic stalker, what does it mean, who r the examples n does it mean that they believe victims r following the stalker!!?!??!", "type": "direct_reply"}, {"index": 8, "attribution": -0.25165459513664246, "tweet_id": 524950593878888448, "text": "\u201c@Reuters:..Actively looking for 1 or more suspects in Canadian parliament shooting..\u201d #CanadaNeedsWBC #LiftTheBan #GodIsUrTerrorist #Repent", "type": "direct_reply"}, {"index": 5, "attribution": -0.2822270691394806, "tweet_id": 524945003228188673, "text": "#AttackInOttawa\n@Reuters: #Ottawa police: Actively looking for one or more suspects in Canadian parliament shooting\nhttp://t.co/HJ2M2oEBrj", "type": "direct_reply"}, {"index": 0, "attribution": -0.3790473937988281, "tweet_id": 524944544681705472, "text": "Ottawa police: Actively looking for one or more suspects in Canadian parliament shooting. http://t.co/UQ4xo5jvhF", "type": "source"}]}