{"thread_id": "524976773671292928", "gold_label": 0, "predicted_label": 0, "tweet_attributions": [{"index": 0, "attribution": 0.5803766846656799, "tweet_id": 524976773671292928, "text": "NHL postpones Maple Leafs-Senators game after tragic shootings in Ottawa. http://t.co/ANVfFm4Jca http://t.co/g60sdEUw6R", "type": "source"}, {"index": 1, "attribution": 0.03846442326903343, "tweet_id": 524977162714370049, "text": "@RoniDubrovich @theScore woohoo !", "type": "lower_reply"}, {"index": 2, "attribution": -0.04014647379517555, "tweet_id": 524991837279625216, "text": "\u201c@theScore: NHL postpones Maple Leafs-Senators game after tragic shootings in Ottawa. http://t.co/6Ueku1gcee http://t.co/vTPB3TecxY\u201d", "type": "direct_reply"}, {"index": 3, "attribution": -0.8025864958763123, "tweet_id": 524977013153857537, "text": "@theScore @astruG93 enjoy work :)", "type": "direct_reply"}]}