{"thread_id": "524945879455653889", "gold_label": 0, "predicted_label": 2, "tweet_attributions": [{"index": 14, "attribution": 3.1089718341827393, "tweet_id": 524946717058150400, "text": "@FoxNews Those people look like they're ready to take on a army. Are police useless now or what?", "type": "direct_reply"}, {"index": 12, "attribution": 1.9428824186325073, "tweet_id": 524948005276090368, "text": "@GRAMZ_21 @FoxNews that is the police.", "type": "lower_reply"}, {"index": 13, "attribution": 1.0605734586715698, "tweet_id": 524948679997022208, "text": "@FoxNews @Terral03 &lt;------ Lib in denial, even as it's happening, lol", "type": "direct_reply"}, {"index": 17, "attribution": 0.5231999754905701, "tweet_id": 524945963253657600, "text": "@FoxNews The viewers have picked the top  accessories you can get!!! Check it out here --&gt; http://t.co/AMv5X4cQKn", "type": "direct_reply"}, {"index": 2, "attribution": 0.4852584898471832, "tweet_id": 524948437150625792, "text": "@CaptainStewbing @FoxNews Wow! They are seriously well armed. Good for them, it's a better guarantee that they'll return home safely.", "type": "lower_reply"}, {"index": 4, "attribution": 0.4701799154281616, "tweet_id": 524951446291480576, "text": "@FoxNews Were the 2 Afghan soldiers trying to flee US via NY early this year trying to join terrorists in Canada?Just a thought. #Ottawa", "type": "direct_reply"}, {"index": 5, "attribution": 0.15826104581356049, "tweet_id": 524948958615855106, "text": "@FoxNews @Chris_1791 THIS SHOOTING MAY INVOLVE \"JIHADIST\" POLITICALLY INCORRECT PRESS WILL NOT USE WORDS, BUT POLICE SOURCES SAYS JIHADIST", "type": "direct_reply"}, {"index": 9, "attribution": 0.1330488920211792, "tweet_id": 524947187940478976, "text": "@FoxNews wow!!!", "type": "direct_reply"}, {"index": 3, "attribution": 0.02227809838950634, "tweet_id": 524948270985281536, "text": "@FoxNews y does it seem all news reports of the shooters iv seen avoid skin color n the description? That might b important to know", "type": "direct_reply"}, {"index": 1, "attribution": -0.021307120099663734, "tweet_id": 524947732927352832, "text": "@FoxNews The perfect story allowing Fox to continue running the 'opinion molding' Fear/Warmongering Domestic Terrorist Propaganda Campaign", "type": "direct_reply"}, {"index": 7, "attribution": -0.0894680842757225, "tweet_id": 524948077069611009, "text": "@FoxNews @Chris_1791 Armed citizens, not hired goons keeps people safe.", "type": "direct_reply"}, {"index": 6, "attribution": -0.09478949755430222, "tweet_id": 524984151129477120, "text": "@beezee49 @FoxNews BS. Everyone at Fox is far far and away left of this Religious/Traditional/Survivalist Conservative from Military Family", "type": "lower_reply"}, {"index": 10, "attribution": -0.11260437220335007, "tweet_id": 524964402144239618, "text": "@FoxNews Yeah! Right on!", "type": "direct_reply"}, {"index": 16, "attribution": -0.20322586596012115, "tweet_id": 524967907298910209, "text": "@FoxNews", "type": "direct_reply"}, {"index": 8, "attribution": -0.2982592284679413, "tweet_id": 524950187027218432, "text": "\u201c@FoxNews:..one gunman is dead in #Ottawa Parliament shooting..\" #FilthyCanadaUnderSiege #GodIsUrTerrorist #HarborGodEnemies #CanadaNeedsWBC", "type": "direct_reply"}, {"index": 15, "attribution": -0.35058924555778503, "tweet_id": 524953451013210113, "text": "@FoxNews Bad news, but l like the outfit.", "type": "direct_reply"}, {"index": 11, "attribution": -0.5395804047584534, "tweet_id": 524945998653972480, "text": "@FoxNews portatelo in Italia .....ci serve! :-)", "type": "direct_reply"}, {"index": 0, "attribution": -0.8223659992218018, "tweet_id": 524945879455653889, "text": "According to reports, one gunman is dead in #Ottawa Parliament shooting. LIVE coverage: http://t.co/NZrpLq5Coo http://t.co/f6PV2xgRBh", "type": "source"}]}