{"thread_id": "524923678472286209", "gold_label": 0, "predicted_label": 2, "tweet_attributions": [{"index": 4, "attribution": 3.291071891784668, "tweet_id": 524924656214888449, "text": "@globeandmail omg I hope everyone's ok", "type": "direct_reply"}, {"index": 2, "attribution": 2.296222448348999, "tweet_id": 524928871033241601, "text": "@linmcgowan @globeandmail  6 medics are performing CPR on a fallen Canadian soldier.", "type": "lower_reply"}, {"index": 7, "attribution": 0.6534083485603333, "tweet_id": 524929904006406144, "text": "@shelliecorreia @globeandmail I can't even click on my news alert app news its so busy", "type": "lower_reply"}, {"index": 6, "attribution": 0.594210684299469, "tweet_id": 524923917635690496, "text": "\u201c@globeandmail: #BREAKING news: Shots fired at Parliament Hill. Follow developing story: http://t.co/uYIjkQkuui http://t.co/3wIR2KFBhO\u201d", "type": "direct_reply"}, {"index": 1, "attribution": -0.021643104031682014, "tweet_id": 524924108446785536, "text": "\u201c@globeandmail: #BREAKING news: Shots fired at Parliament Hill. Follow developing story: http://t.co/zs9vK6EcR1 http://t.co/5Rsagw4MY1\u201d", "type": "direct_reply"}, {"index": 8, "attribution": -0.37470391392707825, "tweet_id": 524924848041369601, "text": "\u201c@globeandmail: news: Shots fired at Parliament Hill. Follow developing story: http://t.co/MQ0F9Ycojd http://t.co/wjypk7jprx\u201d @rhs_trending", "type": "direct_reply"}, {"index": 5, "attribution": -0.40474143624305725, "tweet_id": 524923965224263680, "text": "@globeandmail @michale_carter", "type": "direct_reply"}, {"index": 3, "attribution": -0.458522766828537, "tweet_id": 524923945204465664, "text": "\u201c@globeandmail: #BREAKING news: Shots fired at Parliament Hill. Follow developing story: http://t.co/b7FnZGuYeZ http://t.co/HfzK1SbrFH\u201d", "type": "direct_reply"}, {"index": 0, "attribution": -0.7383177876472473, "tweet_id": 524923678472286209, "text": "#BREAKING news: Shots fired at Parliament Hill. Follow developing story: http://t.co/B8LinPFjvj http://t.co/olsk7N4X5T", "type": "source"}]}