{"thread_id": "524958128392376320", "gold_label": 1, "predicted_label": 2, "tweet_attributions": [{"index": 8, "attribution": 3.674677848815918, "tweet_id": 524959070407503873, "text": "@WSJ @macdonaldajm terrorists in ottawa", "type": "direct_reply"}, {"index": 6, "attribution": 0.7287635207176208, "tweet_id": 524972546689892352, "text": "@45_nabeel @WSJ @macdonaldajm Correction:  Armed Muslim Terrorists on the loose!", "type": "lower_reply"}, {"index": 5, "attribution": 0.6813182234764099, "tweet_id": 524961934064754688, "text": "@WSJ @HeyTammyBruce I hope this isn't just a prelude to a bigger attack.", "type": "direct_reply"}, {"index": 2, "attribution": 0.6757439970970154, "tweet_id": 524959339745140736, "text": "@45_nabeel hahaha, you said far more than you think", "type": "lower_reply"}, {"index": 9, "attribution": 0.5940437912940979, "tweet_id": 525016147448836096, "text": "@WSJ when Canadians of all people start shooting, well, \"c'est la fin du monde, non?\"", "type": "direct_reply"}, {"index": 12, "attribution": 0.22809459269046783, "tweet_id": 524959896765079553, "text": "@TechHelp maybe", "type": "lower_reply"}, {"index": 11, "attribution": 0.15304993093013763, "tweet_id": 524958600964239360, "text": "@WSJ \u30aa\u30bf\u30ef\u8b66\u5bdf\u306f3\u4eba\u306e\u5bb9\u7591\u8005\u3092\u304a\u305d\u3089\u304f\u3067\u3059\u304c\u78ba\u8a8d\u3057\u3066\u3044\u308b\u306e\u3067\u3057\u3087\u3046\u304b\uff1f\u9283\u6483\u5f8c\u306e\u69d8\u5b50\u3092\u5199\u3057\u305f\u5199\u771f\u3067\u3059\u306d", "type": "direct_reply"}, {"index": 7, "attribution": 0.11339650303125381, "tweet_id": 524972702931906560, "text": "@FreedomBruce @WSJ @HeyTammyBruce I wouldn't put anything past a Muslim!", "type": "lower_reply"}, {"index": 13, "attribution": 0.028391623869538307, "tweet_id": 524959028061798401, "text": "@WSJ Killers go berserk when cornered.  Henceforth, no lapses in security should be there.", "type": "direct_reply"}, {"index": 4, "attribution": 0.007098728325217962, "tweet_id": 524972221484523520, "text": "@WSJ Militant Muslims on the Rampage!!!", "type": "direct_reply"}, {"index": 3, "attribution": -0.02011975832283497, "tweet_id": 524964808899428353, "text": "@WSJ Happy the soldier is not injured seriously. Hope he recovers quickly. You're brave Canada. You can pull through #ottawashooting .", "type": "direct_reply"}, {"index": 1, "attribution": -0.07586575299501419, "tweet_id": 524981958753787904, "text": "@Nan_Imburgia @WSJ @macdonaldajm terrorists all over the world no need for correction", "type": "lower_reply"}, {"index": 10, "attribution": -0.16637657582759857, "tweet_id": 524972391139930112, "text": "@studentworks211 @WSJ That's Right!", "type": "lower_reply"}, {"index": 0, "attribution": -1.0637290477752686, "tweet_id": 524958128392376320, "text": "Ottawa police confirm that there were multiple suspects in the shooting, saying there were \"possibly 3\" shooters. http://t.co/In9OgOxYXM", "type": "source"}]}