{"thread_id": "524976980799000578", "gold_label": 1, "predicted_label": 2, "tweet_attributions": [{"index": 9, "attribution": 3.2773427963256836, "tweet_id": 524977521889411072, "text": "@PzFeed @CDNGunner00 I love that word when dealing with Terrorist- \" Dealt With\" Not arrested, not on trial BUT DEAD FUCKING DEADIE DEAD", "type": "direct_reply"}, {"index": 10, "attribution": 0.9151199460029602, "tweet_id": 524977643499044865, "text": "@Fractrdinsanity amen to that brother", "type": "lower_reply"}, {"index": 2, "attribution": 0.6043805480003357, "tweet_id": 524995105820659712, "text": "@PzFeed @chFthemango DrPres, Starfall and Daniel Cardlucci on the run, chF tango'd.", "type": "direct_reply"}, {"index": 4, "attribution": 0.26882126927375793, "tweet_id": 524979364463915008, "text": "@CDNGunner00 Here we should be able to execute them send them on to their 72 Virginians if we can PROVE Bypassing death ROW,", "type": "lower_reply"}, {"index": 7, "attribution": 0.20468682050704956, "tweet_id": 524977328074809345, "text": "@PzFeed dead faggot", "type": "direct_reply"}, {"index": 0, "attribution": 0.13542041182518005, "tweet_id": 524976980799000578, "text": "BREAKING NEWS: OTTAWA POLICE CONFIRM TO ABC NEWS THEY ARE LOOKING FOR 3 SUSPECTS, ONE HAS BEEN 'DEALT WITH' - http://t.co/lXFiYaVImZ", "type": "source"}, {"index": 8, "attribution": 0.09809695929288864, "tweet_id": 524978194102108160, "text": "RT \u201c@PzFeed: BREAKING NEWS: OTTAWA POLICE CONFIRM TO ABC NEWS THEY ARE LOOKING FOR 3 SUSPECTS, ONE HAS BEEN 'DEALT WITH' \u201d", "type": "direct_reply"}, {"index": 5, "attribution": -0.05807829275727272, "tweet_id": 524996089360183296, "text": "@PzFeed allah hu akbar", "type": "direct_reply"}, {"index": 1, "attribution": -0.06208212301135063, "tweet_id": 524986041120620544, "text": "@PzFeed totally just followed you", "type": "direct_reply"}, {"index": 6, "attribution": -0.23380042612552643, "tweet_id": 524978345885577216, "text": "@PzFeed I hope they turn those jihadist cowards into swish cheese.", "type": "direct_reply"}, {"index": 3, "attribution": -0.27770107984542847, "tweet_id": 524977148625289216, "text": "@PzFeed that'd make two then", "type": "direct_reply"}, {"index": 11, "attribution": -0.41628551483154297, "tweet_id": 524978021447778304, "text": "@PzFeed kill them all", "type": "direct_reply"}]}