{"thread_id": "524948941956448257", "gold_label": 0, "predicted_label": 2, "tweet_attributions": [{"index": 8, "attribution": 3.9268600940704346, "tweet_id": 524951232176480256, "text": "@alfonsotellezr so defending sinjar and kobane are unjustified?", "type": "lower_reply"}, {"index": 2, "attribution": 2.7448222637176514, "tweet_id": 524950681397239808, "text": "@CBCNews  Mr Harper is responsible for this shooting after involving Canada in bombings to Siria and Iraq. @pmharper", "type": "direct_reply"}, {"index": 6, "attribution": 1.5695780515670776, "tweet_id": 524951544744378369, "text": "@basznocz it's not our war.", "type": "lower_reply"}, {"index": 4, "attribution": 0.5214719176292419, "tweet_id": 524985902708584448, "text": "@alfonsotellezr thanks for not answering my question", "type": "lower_reply"}, {"index": 3, "attribution": 0.49846944212913513, "tweet_id": 524950706646966273, "text": "Shocking @CBCNews Parliament Hill shooting. Video from inside Parliament Hill after shots were fired. #breaking http://t.co/lNBc1IFiuz", "type": "direct_reply"}, {"index": 0, "attribution": 0.42687907814979553, "tweet_id": 524948941956448257, "text": "RAW VIDEO : Parliament Hill shooting.\nVideo from inside Parliament Hill after shots were fired. #breaking http://t.co/sIwoId5RoH #CBCNews", "type": "source"}, {"index": 1, "attribution": -0.3885575532913208, "tweet_id": 524951159640162305, "text": "@CBCNews Globe and Mail posted this one a little more dramatic. http://t.co/CoLvBrpqu7", "type": "direct_reply"}, {"index": 5, "attribution": -0.5624116659164429, "tweet_id": 524950618352267266, "text": "@CBCNews Looks like  a movie scene on set!\n#toManyDonuts", "type": "direct_reply"}, {"index": 7, "attribution": -0.6601343750953674, "tweet_id": 524950423862779904, "text": "@CBCNews what is the door at the end of the hall during the shooting?  Is that the parliamentary library?", "type": "direct_reply"}]}