{"thread_id": "524927356830760961", "gold_label": 0, "predicted_label": 0, "tweet_attributions": [{"index": 0, "attribution": 0.23747235536575317, "tweet_id": 524927356830760961, "text": "#BREAKING news: Shots fired at Parliament Hill. Follow developing story: http://t.co/3k0YV9dfLq http://t.co/atLjT75nz0", "type": "source"}, {"index": 2, "attribution": 0.008846462704241276, "tweet_id": 524931167045578754, "text": "\u201c@globeandmail: #BREAKING news: Shots fired at Parliament Hill. Follow developing story: http://t.co/K9dVVTcBDb http://t.co/3o0RqSwfWO\u201d", "type": "direct_reply"}, {"index": 1, "attribution": -0.01696762442588806, "tweet_id": 524931435786813441, "text": "\u201c@globeandmail: #BREAKING news: Shots fired at Parliament Hill.\u201d Stay away from #ParliamentHill &amp; stay safe #Ottawa", "type": "direct_reply"}, {"index": 3, "attribution": -0.08464670926332474, "tweet_id": 524952665437249536, "text": "@globeandmail can you spread the word to the rest of your competitors to not give up any info on he positions and on police doings. Plz!!!", "type": "direct_reply"}]}