{"thread_id": "524951419175309312", "gold_label": 1, "predicted_label": 0, "tweet_attributions": [{"index": 0, "attribution": 0.4001588523387909, "tweet_id": 524951419175309312, "text": "#BREAKING : 3rd shooting incident reported in #ottawa at Rideau Centre Mall", "type": "source"}, {"index": 2, "attribution": 0.03682064637541771, "tweet_id": 524953225016123393, "text": "\u201c@cbcsaltzman: #BREAKING : 3rd shooting incident reported in #ottawa at Rideau Centre Mall\u201d Stay safe everyone involved!", "type": "direct_reply"}, {"index": 7, "attribution": 0.01885869912803173, "tweet_id": 524951575958413313, "text": "@cbcsaltzman Do you think this could be #IS / #ISIS related?", "type": "direct_reply"}, {"index": 1, "attribution": -0.02918136678636074, "tweet_id": 524952877760917504, "text": ".@cbcsaltzman and now reported as false.  No shooting at mall", "type": "direct_reply"}, {"index": 4, "attribution": -0.03376892954111099, "tweet_id": 524952484574674945, "text": "@cbcsaltzman @CBCNews INSIDE the rideau centre or outside BY the mall????", "type": "direct_reply"}, {"index": 6, "attribution": -0.03757888451218605, "tweet_id": 524953968871743489, "text": "@cbcsaltzman @kellyoxford This was refuted by the mall it self.", "type": "direct_reply"}, {"index": 5, "attribution": -0.04660690203309059, "tweet_id": 524956171309166592, "text": "@cbcsaltzman @CBCNews There is an entrance to DND through the Rideau Centre.", "type": "direct_reply"}, {"index": 3, "attribution": -0.052112337201833725, "tweet_id": 524954023947149312, "text": "@cbcsaltzman Now they say not inside the Rideau Centre.", "type": "direct_reply"}]}