{"thread_id": "524983050187579393", "gold_label": 1, "predicted_label": 0, "tweet_attributions": [{"index": 0, "attribution": 0.4776693284511566, "tweet_id": 524983050187579393, "text": "Ottawa police correct their info. No shooting at the Rideau shopping centre. Everything now points to one gunman in two locations.", "type": "source"}, {"index": 11, "attribution": 0.05771629884839058, "tweet_id": 524983519412367360, "text": "\u201c@DonMartinCTV: Ottawa police correct their info. No shooting at Rideau shopping centre. Everything now points to 1 gunman in 2 locations.\u201d", "type": "direct_reply"}, {"index": 8, "attribution": 0.05387892201542854, "tweet_id": 524983524961824768, "text": "@DonMartinCTV Early this am had indicated BLACK vehicle w man with gun leaving downtown area. This doesn't jibe with Beige/Coffee Toyota???", "type": "direct_reply"}, {"index": 4, "attribution": 0.006086952518671751, "tweet_id": 524983424365654016, "text": "@DonMartinCTV who was down in parliament then?", "type": "direct_reply"}, {"index": 5, "attribution": -0.012607946060597897, "tweet_id": 524984321992826880, "text": "@DonMartinCTV @CTVAtlantic Um, two people left the car.. Still looking for one", "type": "direct_reply"}, {"index": 10, "attribution": -0.01805778220295906, "tweet_id": 525002514018865152, "text": "@DonMartinCTV @trishyorke Trish, our love and prayers are with you and all Canadians.\ud83d\ude4f", "type": "direct_reply"}, {"index": 9, "attribution": -0.023181699216365814, "tweet_id": 524984092480503808, "text": "@DonMartinCTV @DerekMacEwen that is good news, well less horrible news", "type": "direct_reply"}, {"index": 2, "attribution": -0.025025807321071625, "tweet_id": 524995872413986818, "text": "@DonMartinCTV @NadineBoudreau The reporters upset with lack of answers watch too much US news; this is Canada. We have different rules here.", "type": "direct_reply"}, {"index": 1, "attribution": -0.03845685347914696, "tweet_id": 524985614828339200, "text": "@DonMartinCTV The media is doing the outrageous speculating not the police. Don't point a finger at them for your sensationalism pls.", "type": "direct_reply"}, {"index": 3, "attribution": -0.05504686012864113, "tweet_id": 524983314269347840, "text": "@DonMartinCTV \"everything now points\" is an interesting phrase under extant circumstances @jenditchburn @kady @CBCTerry", "type": "direct_reply"}, {"index": 7, "attribution": -0.09715615957975388, "tweet_id": 525005214508908544, "text": "@RayHeard @DonMartinCTV @JulietONeill wanting to keep 'vigilance' w/o saying some crazed terrorist got away, maybe on a motorbike..", "type": "lower_reply"}, {"index": 6, "attribution": -0.28026583790779114, "tweet_id": 525004343087755265, "text": "@DonMartinCTV @JulietONeill  But several witnesses saw two men emerge from parked car without plates", "type": "direct_reply"}]}