{"thread_id": "524941504796962816", "gold_label": 0, "predicted_label": 2, "tweet_attributions": [{"index": 30, "attribution": 2.431377649307251, "tweet_id": 524947382338076672, "text": "@spaveycracker I hope you're indoors now. Supposedly message went out to stay away from windows, stay inside, etc.", "type": "lower_reply"}, {"index": 6, "attribution": 1.718176007270813, "tweet_id": 524942205530935298, "text": "@catekustanczy you should've seen it. Dozens of emerg vehicles. I was 3 blocks away, knew something bad was happening.", "type": "lower_reply"}, {"index": 7, "attribution": 1.3916071653366089, "tweet_id": 524949280889794562, "text": "@catekustanczy we got the hell out of there when we saw the massive swat team trucks. Knew it was not good.", "type": "lower_reply"}, {"index": 25, "attribution": 0.6954031586647034, "tweet_id": 524959177454915584, "text": "@spaveycracker @TheGreatKnuckle yes. And yes. Glad you and yours are okay.", "type": "lower_reply"}, {"index": 12, "attribution": 0.6884860396385193, "tweet_id": 524949469830578176, "text": "@spaveycracker good. Glad you're safe. x", "type": "lower_reply"}, {"index": 3, "attribution": 0.5716028809547424, "tweet_id": 524942052933783552, "text": "@CBCNews #Islamic_State\nMessage from Mujahid\nhttp://t.co/dSOluMUy6d\n#ISIS", "type": "direct_reply"}, {"index": 29, "attribution": 0.44195035099983215, "tweet_id": 524943690251636736, "text": "@CBCNews I refuse to allow radical elements to negatively influence what makes us Canadian even with the rage I am feeling at this moment.", "type": "direct_reply"}, {"index": 20, "attribution": 0.4394341707229614, "tweet_id": 524943353323220992, "text": "@CBCNews Canada is known around the world as one of the most tolerant nations in the world towards all races and religions.", "type": "direct_reply"}, {"index": 5, "attribution": 0.3510044515132904, "tweet_id": 524955504758779905, "text": "@TheGreatKnuckle @catekustanczy frightening scene this morning.", "type": "lower_reply"}, {"index": 26, "attribution": 0.3123936951160431, "tweet_id": 524981109172740096, "text": "@katmchin @LIVE_COVERAGE @CBCNews Agreed. All the more reason why we can never relent in our resolve to maintain principles that define us.", "type": "lower_reply"}, {"index": 21, "attribution": 0.2999430000782013, "tweet_id": 524942382077599744, "text": "@CBCNews I don't care if he's a terrorist or a nut job.. If he killed a soldier put a bullet in his head.", "type": "direct_reply"}, {"index": 14, "attribution": 0.2877683937549591, "tweet_id": 524944322354216960, "text": "@joebentstone @CBCNews yeah why blame the shooter, when you can cast a nation as a boogie man.", "type": "lower_reply"}, {"index": 23, "attribution": 0.2606174349784851, "tweet_id": 524964313417928706, "text": "@RJennromao @CBCNews @OROSAMARIA #Islamic_State\nMessage from Mujahid\nhttp://t.co/fq0T6xffRr", "type": "lower_reply"}, {"index": 13, "attribution": 0.254579097032547, "tweet_id": 524967764445122561, "text": "\u201c@GHOST22223:@RJennromao @CBCNews  #Islamic_State\nMujahid http://t.co/rWJEjEIwri\u201d @cbcsaltzman @omarcbc @josh_wingrove who are these clowns?", "type": "lower_reply"}, {"index": 18, "attribution": 0.1922130584716797, "tweet_id": 524943653224337409, "text": "@CBCNews was the soldier who was shot just injured or killed?  what's the update on the victim?", "type": "direct_reply"}, {"index": 10, "attribution": 0.19168950617313385, "tweet_id": 524967835353632769, "text": "@phouse123 @LIVE_COVERAGE @CBCNews that is true, but I know there will be rethinking about how open Canada will be", "type": "lower_reply"}, {"index": 28, "attribution": 0.15935181081295013, "tweet_id": 524942663624433664, "text": "\u201c@CBCNews: BREAKING NEWS PHOTO GALLERY: Parliament Hill attacked, soldier shot at National War Memorial:\"Pray for this soldier\"", "type": "direct_reply"}, {"index": 22, "attribution": 0.10781324654817581, "tweet_id": 524947317674487808, "text": "@CBCNews Thanks to @pmharper for making #Canada a target for #isis Our warmongering PM couldn't wait to Bomb #Iraq &amp; #Syria Stop the bombing", "type": "direct_reply"}, {"index": 2, "attribution": 0.08638183027505875, "tweet_id": 524941906808438784, "text": "RT @CBCNews BREAKING NEWS PHOTO GALLERY: Parliament Hill attacked, soldier shot at National War Memorial http://t.co/g3koP16XDi", "type": "direct_reply"}, {"index": 17, "attribution": 0.0754474475979805, "tweet_id": 524949967707045888, "text": "@spaveycracker hate to say it, but... Canada is not immune. Canadians like to think we are so above violence, but... not in this world, no.", "type": "lower_reply"}, {"index": 11, "attribution": -0.03685617819428444, "tweet_id": 524943023441203200, "text": "@CBCNews cue the lefty \"the worst part about terrorism is the risk of islamophobia\"", "type": "direct_reply"}, {"index": 4, "attribution": -0.07434575259685516, "tweet_id": 524947241010995201, "text": "@CBCNews", "type": "direct_reply"}, {"index": 0, "attribution": -0.11013638228178024, "tweet_id": 524941504796962816, "text": "BREAKING NEWS PHOTO GALLERY: Parliament Hill attacked, soldier shot at National War Memorial http://t.co/DWoevi7AZa http://t.co/0cSntg24dj", "type": "source"}, {"index": 9, "attribution": -0.11761069297790527, "tweet_id": 524948096065609730, "text": "@CBCNews nice to know same paramilitary response common in great white north", "type": "direct_reply"}, {"index": 8, "attribution": -0.12190379947423935, "tweet_id": 524950853330165761, "text": "@catekustanczy I caught myself after pressing the button. I can certainly believe it. You're right.", "type": "lower_reply"}, {"index": 24, "attribution": -0.1644054353237152, "tweet_id": 524950064582893569, "text": "@spaveycracker (&amp; yes it's horrible &amp; depressing.)", "type": "lower_reply"}, {"index": 1, "attribution": -0.1743592470884323, "tweet_id": 524942648969555968, "text": "In Canada-how very sad! MT \u201c@CBCNews: BREAKING Parliament Hill attacked, soldier shot http://t.co/i1xPCR8sDq http://t.co/VRRaTnLAgb\u201d", "type": "direct_reply"}, {"index": 16, "attribution": -0.24734659492969513, "tweet_id": 524943376630956032, "text": "@CBCNews @OttawaMorning. God bless our soldiers &amp; keep them safe", "type": "direct_reply"}, {"index": 15, "attribution": -0.2527168393135071, "tweet_id": 524944128648695809, "text": "\u201c@GHOST22223: @CBCNews #Islamic_State\nMessage from Mujahid\nhttp://t.co/Rdvj1f2rkG\n#ISIS\u201d what is this? @OROSAMARIA I can't read it ???", "type": "lower_reply"}, {"index": 19, "attribution": -0.3796299397945404, "tweet_id": 524949681093484544, "text": "@catekustanczy it's just awful. I can't believe it.", "type": "lower_reply"}, {"index": 27, "attribution": -0.4301714599132538, "tweet_id": 524968320584654848, "text": "@zimsmz @LIVE_COVERAGE @CBCNews @pmharper that's just assisnine!", "type": "lower_reply"}]}