{"thread_id": "524949526487265280", "gold_label": 1, "predicted_label": 2, "tweet_attributions": [{"index": 12, "attribution": 2.628441095352173, "tweet_id": 524952389003280384, "text": "@CTVNews @rokchikk wth is going on!? At work. Hope all is well w you.", "type": "direct_reply"}, {"index": 13, "attribution": 0.7678931355476379, "tweet_id": 524951432605470720, "text": "\u201c@CTVNews: #BREAKING: Ottawa police confirm there were at least three separate shootings\u201d Absolutely terrifying", "type": "direct_reply"}, {"index": 11, "attribution": 0.48035135865211487, "tweet_id": 524952895863918592, "text": "@CTVNews Any slightest involvement in terrorism or aggression must be punished by stripping them from citizenship and sent home.", "type": "direct_reply"}, {"index": 3, "attribution": 0.3286101222038269, "tweet_id": 524951308298489856, "text": "\u201c@CTVNews: #BREAKING: Ottawa police confirm there were at least three separate shootings\u201d In total shock, stay safe! #ParliamentHill #Ottawa", "type": "direct_reply"}, {"index": 4, "attribution": 0.3016185760498047, "tweet_id": 524953108934590464, "text": "@aymac103 @CTVNews insanity is what is going on... #notmycanada", "type": "lower_reply"}, {"index": 14, "attribution": 0.26701849699020386, "tweet_id": 524950277569650688, "text": "\u201c@CTVNews: #BREAKING: Ottawa police confirm there were at least three separate shootings\u201d disgusting, he needs to be caught.", "type": "direct_reply"}, {"index": 6, "attribution": 0.15934394299983978, "tweet_id": 524954084781330432, "text": "@alixwala Shootings at War Memorial, Parliament &amp; Rideau Centre", "type": "lower_reply"}, {"index": 16, "attribution": 0.15775521099567413, "tweet_id": 524953385041403904, "text": "@rokchikk @CTVNews for real. The world is going to shit. \u2764\ufe0f you! take care!", "type": "lower_reply"}, {"index": 9, "attribution": 0.14277003705501556, "tweet_id": 524950226818580480, "text": "@CTVNews Apparently, 2 dead, 3rd one caught, possibly 5 shooters in total.", "type": "direct_reply"}, {"index": 1, "attribution": 0.10461974889039993, "tweet_id": 524951665775214592, "text": "\u201c@CTVNews: #BREAKING: Ottawa police confirm there were at least three separate shootings\u201d #PrayForOttawa", "type": "direct_reply"}, {"index": 8, "attribution": -0.025677083060145378, "tweet_id": 524952745967902720, "text": "#PrayForOttawa #OttawaShooting \u201c@CTVNews: #BREAKING: Ottawa police confirm there were at least three separate shootings\u201d", "type": "direct_reply"}, {"index": 5, "attribution": -0.02817004732787609, "tweet_id": 524950636602081280, "text": "this is a coordinated attack :-( RT @CTVNews: #BREAKING: Ottawa police confirm there were at least three separate shootings", "type": "direct_reply"}, {"index": 19, "attribution": -0.05177466571331024, "tweet_id": 524951759257894912, "text": "\u201c@CTVNews: #BREAKING: Ottawa police confirm there were at least three separate shootings\u201d@alixwala", "type": "direct_reply"}, {"index": 7, "attribution": -0.07092820852994919, "tweet_id": 524950531174072320, "text": "@CTVNews dyk  more than 1 shooter??", "type": "direct_reply"}, {"index": 15, "attribution": -0.09457910805940628, "tweet_id": 524950519862013953, "text": "Jesus. RT @CTVNews: #BREAKING: Ottawa police confirm there were at least three separate shootings", "type": "direct_reply"}, {"index": 10, "attribution": -0.18018387258052826, "tweet_id": 524949919887794179, "text": "@CTVNews thoughts and prayers in Ottawa.", "type": "direct_reply"}, {"index": 2, "attribution": -0.24206560850143433, "tweet_id": 524953439823224832, "text": "@CTVNews Malala is suppose to meet PM today in parliament", "type": "direct_reply"}, {"index": 18, "attribution": -0.26053765416145325, "tweet_id": 524951346634829824, "text": "@CTVNews apparently one at the rideau centre shopping mall near the hill", "type": "direct_reply"}, {"index": 17, "attribution": -0.6417503356933594, "tweet_id": 524951033945276417, "text": "Thoughts &amp; prayers @CTVNews: #BREAKING: Ottawa police confirm there were at least three separate shootings\u201d", "type": "direct_reply"}, {"index": 0, "attribution": -0.6541051268577576, "tweet_id": 524949526487265280, "text": "#BREAKING: Ottawa police confirm there were at least three separate shootings", "type": "source"}]}