{"thread_id": "524943132409212928", "gold_label": 0, "predicted_label": 2, "tweet_attributions": [{"index": 6, "attribution": 1.7076550722122192, "tweet_id": 524945681765912576, "text": "@ViktaPaulo @CTVNews @JohnnyBerhane @calebagada33 all mans are bless bro Thank God!!", "type": "lower_reply"}, {"index": 2, "attribution": 0.6163024306297302, "tweet_id": 524945526492762112, "text": "\u201c@CTVNews: University of Ottawa is in lockdown, classes are cancelled\u201d\n\n@JohnnyBerhane @calebagada33 @MoeIsmail31 are mans safe tho? Link me", "type": "direct_reply"}, {"index": 13, "attribution": 0.29469534754753113, "tweet_id": 524946438795837440, "text": "\u201c@MoeIsmail31: @ViktaPaulo @CTVNews @JohnnyBerhane @calebagada33 all mans are bless bro Thank God!!\u201d\n\nAll thanks to God S/O my Gee Gees", "type": "lower_reply"}, {"index": 8, "attribution": 0.26806992292404175, "tweet_id": 524945455101530112, "text": "\u201c@CTVNews: University of Ottawa is in lockdown, classes are cancelled\u201d lol I was actually going to go today", "type": "direct_reply"}, {"index": 14, "attribution": 0.13299760222434998, "tweet_id": 524943701249114112, "text": "@CTVNews @leilamqbali", "type": "direct_reply"}, {"index": 3, "attribution": 0.08103291690349579, "tweet_id": 524945997760589824, "text": "@gardiner91 @CTVNews ya right", "type": "lower_reply"}, {"index": 1, "attribution": 0.07964218407869339, "tweet_id": 524967518751174656, "text": "@gardiner91 @CTVNews let's not get ahead of ourselves", "type": "lower_reply"}, {"index": 17, "attribution": 0.06875097006559372, "tweet_id": 524943239682744320, "text": "\u201c@CTVNews: University of Ottawa is in lockdown, classes are cancelled\u201d", "type": "direct_reply"}, {"index": 9, "attribution": 0.0593259297311306, "tweet_id": 524977858452926464, "text": "@Sablecorby @CTVNews Carleton is fine, since it's not downtown", "type": "lower_reply"}, {"index": 15, "attribution": 0.0064834062941372395, "tweet_id": 524943920082731008, "text": "\u201c@CTVNews: University of Ottawa is in lockdown, classes are cancelled\u201d #shooting #cdnpoli #parliament", "type": "direct_reply"}, {"index": 16, "attribution": 0.0018618520116433501, "tweet_id": 524943966135795712, "text": "\u201c@CTVNews: University of Ottawa is in lockdown, classes are cancelled\u201d@tannanirali", "type": "direct_reply"}, {"index": 4, "attribution": -0.002283073728904128, "tweet_id": 524945346628427776, "text": "@CTVNews", "type": "direct_reply"}, {"index": 7, "attribution": -0.007431426551192999, "tweet_id": 524953418503565312, "text": "\u201c@CTVNews: University of Ottawa is in lockdown, classes are cancelled\u201d", "type": "direct_reply"}, {"index": 12, "attribution": -0.01320770476013422, "tweet_id": 524945583833112576, "text": "\u201c@CTVNews: University of Ottawa is in lockdown, classes are cancelled\u201d stay safe everyone", "type": "direct_reply"}, {"index": 10, "attribution": -0.08400508016347885, "tweet_id": 524943753963126785, "text": "@CTVNews  RT \"We are all infidels\" #outlawIslam", "type": "direct_reply"}, {"index": 5, "attribution": -0.0922231674194336, "tweet_id": 524943521393180672, "text": "\u201c@CTVNews: University of Ottawa is in lockdown, classes are cancelled\u201d", "type": "direct_reply"}, {"index": 11, "attribution": -0.12503431737422943, "tweet_id": 524944958336552960, "text": "@CTVNews @pmharper Get the military!  Don't turn a blind eye. Don't allow us to turn into England.  Will give up liberties to protect others", "type": "direct_reply"}, {"index": 18, "attribution": -0.15693925321102142, "tweet_id": 524943872246697984, "text": "@CTVNews", "type": "direct_reply"}, {"index": 0, "attribution": -0.7097426056861877, "tweet_id": 524943132409212928, "text": "University of Ottawa is in lockdown, classes are cancelled", "type": "source"}]}