{"thread_id": "524975847846203393", "gold_label": 0, "predicted_label": 0, "tweet_attributions": [{"index": 0, "attribution": 0.3921186029911041, "tweet_id": 524975847846203393, "text": "NHL says date of rescheduled game TBD. NHL  ``wishes to express its sympathy and prayers to all affected by the tragic events in Ottawa''", "type": "source"}, {"index": 4, "attribution": 0.030156848952174187, "tweet_id": 524976165178470401, "text": "@Real_ESPNLeBrun My thoughts and prayers to Ottawa including the soldier who survived. Our lord and savior was there for him #PrayForOttawa", "type": "direct_reply"}, {"index": 2, "attribution": -0.00768031133338809, "tweet_id": 524976082576228352, "text": "@Real_ESPNLeBrun a little surprised they just didnt move it to tomorrow, but it shouldnt be too hard for these 2 teams to find a mutual date", "type": "direct_reply"}, {"index": 1, "attribution": -0.023916712030768394, "tweet_id": 524977137670164482, "text": "@Real_ESPNLeBrun thank you NHL.", "type": "direct_reply"}, {"index": 3, "attribution": -0.031745437532663345, "tweet_id": 524976420574216192, "text": "@Real_ESPNLeBrun dois \u00eatre vraiment stressant pour les joueurs \u00e0 l'h\u00f4tel et leur famille", "type": "direct_reply"}, {"index": 5, "attribution": -0.04389647766947746, "tweet_id": 524976034383290368, "text": "@Real_ESPNLeBrun Definitely the right call.", "type": "direct_reply"}]}