{"thread_id": "524990163446140928", "gold_label": 1, "predicted_label": 0, "tweet_attributions": [{"index": 2, "attribution": 0.024897905066609383, "tweet_id": 524990563217838081, "text": "@CTVNews you guys \"confirmed\" there were 3 shootings not long ago. How about you wait for official reports before saying things.", "type": "direct_reply"}, {"index": 4, "attribution": -0.004575259517878294, "tweet_id": 524992704673890304, "text": "RT @CTVNews Police have clarified that there were two shootings in Ottawa today, not three: at the War Memorial and Parliament Hill. #Canada", "type": "direct_reply"}, {"index": 3, "attribution": -0.017239628359675407, "tweet_id": 525003827494531073, "text": "@CTVNews @ctvsaskatoon so what happened at Rideau? Nothing?", "type": "direct_reply"}, {"index": 1, "attribution": -0.018453242257237434, "tweet_id": 524990764049522688, "text": "@CTVNews get it right. http://t.co/GHYxMuzPG9", "type": "direct_reply"}, {"index": 5, "attribution": -0.019294826313853264, "tweet_id": 524992603000143872, "text": "\u201c@CTVNews: Police have clarified that there were two shootings in Ottawa today, not three: at the War Memorial and Parliament Hill.\u201d wow", "type": "direct_reply"}, {"index": 0, "attribution": -0.048448141664266586, "tweet_id": 524990163446140928, "text": "Police have clarified that there were two shootings in Ottawa today, not three: at the War Memorial and Parliament Hill.", "type": "source"}]}