{"thread_id": "524930671220105216", "gold_label": 0, "predicted_label": 2, "tweet_attributions": [{"index": 4, "attribution": 3.484398126602173, "tweet_id": 524933030004400129, "text": "@CBCTheNational @NatopowerGaming Seems to be the same link. Doesn't work on mobile either.", "type": "lower_reply"}, {"index": 6, "attribution": 2.769775152206421, "tweet_id": 524932180158713856, "text": "@NatopowerGaming Try this: http://t.co/9a8UAo1XQo", "type": "lower_reply"}, {"index": 5, "attribution": 1.318282961845398, "tweet_id": 524932085963063296, "text": "@CBCTheNational @CBCNews Gunman at Parliament's Centre Block has been shot and killed RT @btrottier", "type": "direct_reply"}, {"index": 8, "attribution": 1.0068104267120361, "tweet_id": 525459831977963522, "text": "@CBCTheNational you talked tonight about voyeurism given our soldiers last moments. Reflect on your own images broadcast yesterday.", "type": "lower_reply"}, {"index": 0, "attribution": 0.8577880859375, "tweet_id": 524930671220105216, "text": "DEVELOPING NEWS: Soldier shot at War Memorial. Watch CBC NN for coverage. Or follow online: http://t.co/QSm0x0bM2K\nhttp://t.co/QcwgN8OgHB", "type": "source"}, {"index": 3, "attribution": 0.7905301451683044, "tweet_id": 524933348129779713, "text": "@djvarley @NatopowerGaming Sorry! Try this: http://t.co/5hP6wYTykV", "type": "lower_reply"}, {"index": 12, "attribution": 0.5588213205337524, "tweet_id": 524940588656128001, "text": "@CBCTheNational @CBCVancouver we need more gun free zones so the whackos can shoot without worry. Thank god no citizens were armed.", "type": "direct_reply"}, {"index": 14, "attribution": 0.4376354515552521, "tweet_id": 524942351169372161, "text": "@CBCTheNational @CBCVancouver We get the gist already.  Give us a break and talk about something else.", "type": "direct_reply"}, {"index": 19, "attribution": 0.3793424069881439, "tweet_id": 524936828168986624, "text": "@CBCTheNational @djvarley thanks.", "type": "lower_reply"}, {"index": 11, "attribution": 0.3013162910938263, "tweet_id": 524934475323801600, "text": "@CBCTheNational @CBCNews running the footage of shot soldier's resuscitation is not cool. Her\\his family might be watching. Stop it.", "type": "direct_reply"}, {"index": 9, "attribution": 0.27242058515548706, "tweet_id": 524931926868897792, "text": "@CBCTheNational can't watch on mobile?", "type": "direct_reply"}, {"index": 15, "attribution": -0.10744329541921616, "tweet_id": 524931073042833408, "text": "@CBCTheNational @CBCRadioCanada 30 shots reported on Parliament Hill.", "type": "direct_reply"}, {"index": 10, "attribution": -0.11164474487304688, "tweet_id": 524931499809058816, "text": "@CBCTheNational @CBCNews Rideau Centre nearby has been evacuated", "type": "direct_reply"}, {"index": 16, "attribution": -0.19935347139835358, "tweet_id": 524931345685180416, "text": "@CBCTheNational @CBCNews stop showing the soldier being given CPR", "type": "direct_reply"}, {"index": 7, "attribution": -0.3492339551448822, "tweet_id": 524941177230200832, "text": "@CBCTheNational @CBCNews m'y god", "type": "direct_reply"}, {"index": 17, "attribution": -0.43485310673713684, "tweet_id": 524931840893652992, "text": "@CBCTheNational @CBCNews @CJAY92 @Q107Calgary @JustinTrudeau \n\nHope Harper is happy, you have finally managed to bring this crap home", "type": "direct_reply"}, {"index": 13, "attribution": -0.439148873090744, "tweet_id": 524932511001227264, "text": "@CBCTheNational @CBCNews  CBC.ca Online CBCNewsNetwork Channel 502\nWatching LIVE! Coverage \nCBC NEWS CHIEF CORRESPONDENT Peter MANSBRIDGE", "type": "direct_reply"}, {"index": 1, "attribution": -0.4879213273525238, "tweet_id": 524944870654242816, "text": "TRAGIC\u201c@CBCTheNational: DEVELOPING NEWS: Soldier shot at War Memorial. Watch CBC NN for coverage. Or follow online: http://t.co/isw9it45HK\u201d", "type": "direct_reply"}, {"index": 2, "attribution": -0.49426785111427307, "tweet_id": 524934797991641088, "text": "@SJCurrie23 @CBCTheNational @CBCNews I agree!  Horrible scene for family friends and colleagues to see!", "type": "lower_reply"}, {"index": 18, "attribution": -0.6343761682510376, "tweet_id": 524931763421065216, "text": "@CBCTheNational @CBCNews STOP showing the life saving efforts of the fallen soldier on TV. Show more respect to him and his family.", "type": "direct_reply"}]}