{"thread_id": "524940030109036544", "gold_label": 0, "predicted_label": 0, "tweet_attributions": [{"index": 12, "attribution": 0.8866739869117737, "tweet_id": 524940980475412480, "text": "@ElizabethMay stay safe!!", "type": "direct_reply"}, {"index": 3, "attribution": 0.13385771214962006, "tweet_id": 524980024659968001, "text": "@ElizabethMay This will surely result in an fully armed Hill will it not?", "type": "direct_reply"}, {"index": 4, "attribution": 0.12120435386896133, "tweet_id": 524957102234939392, "text": "@ElizabethMay My thoughts exactly. Thinking of each of you directly experiencing this right now.", "type": "direct_reply"}, {"index": 5, "attribution": 0.11173495650291443, "tweet_id": 524940234732351489, "text": "@ElizabethMay stay safe!", "type": "direct_reply"}, {"index": 8, "attribution": 0.08365129679441452, "tweet_id": 524942552634753024, "text": "@ElizabethMay Heartbreaking that such senseless violence has reached \"our home and native land.\"", "type": "direct_reply"}, {"index": 1, "attribution": 0.07747863978147507, "tweet_id": 524940939111186432, "text": "@ElizabethMay How is everyone doing right now in the House?", "type": "direct_reply"}, {"index": 9, "attribution": 0.04645466431975365, "tweet_id": 524941124667191296, "text": "@Raffi_RC @ElizabethMay Very relieved to know that you are ok.", "type": "lower_reply"}, {"index": 6, "attribution": 0.0042767901904881, "tweet_id": 524940917590200320, "text": "@ElizabethMay thank you, no one else seems to be talking about the soldier, prayers that  he will be ok.", "type": "direct_reply"}, {"index": 11, "attribution": -0.01299891248345375, "tweet_id": 524978991925833729, "text": "@ElizabethMay I hope you are safe in all this may- ham?", "type": "direct_reply"}, {"index": 7, "attribution": -0.05286647379398346, "tweet_id": 524942366579650560, "text": "@ElizabethMay Will Canadians realize that bombing ISIS fighters is what brings fanatics here? Will we now care for youth before they turn?", "type": "direct_reply"}, {"index": 10, "attribution": -0.08386782556772232, "tweet_id": 524945234539864064, "text": "@ElizabethMay very many prayers for you all there and for the heroic solider! May god help you all there!#parlement ottawa shooting", "type": "direct_reply"}, {"index": 2, "attribution": -0.14247538149356842, "tweet_id": 524952105640292352, "text": "@ElizabethMay So the soldier has been injured only?I mean that's awful, but I read reports of him bein dead..does anyone know his condition?", "type": "direct_reply"}, {"index": 0, "attribution": -0.7044073939323425, "tweet_id": 524940030109036544, "text": "My thoughts and prayers are with injured soldier. And such deep thanks to the security and RCMP on the Hill. #shooting #parliament", "type": "source"}]}