{"thread_id": "524966392702189569", "gold_label": 2, "predicted_label": 0, "tweet_attributions": [{"index": 0, "attribution": 0.482789009809494, "tweet_id": 524966392702189569, "text": "NORAD has gone on a high alert posture as a result of the shootings in Ottawa, U.S. military officials say - @JimMiklaszewski", "type": "source"}, {"index": 1, "attribution": 0.06059574708342552, "tweet_id": 524969312080371713, "text": "@nbcnightlynews @jimmiklaszewski @todayshow", "type": "direct_reply"}, {"index": 5, "attribution": -0.01656089350581169, "tweet_id": 524967431182090242, "text": "@NBCNightlyNews @JimMiklaszewski Cheyenne Mtn Calling Scramble 2-The 147th Fighter Wing faithfully did for 60 years while Houstonians slept!", "type": "direct_reply"}, {"index": 2, "attribution": -0.03374902158975601, "tweet_id": 524973167765643264, "text": "@NBCNightlyNews @TODAYshow @JimMiklaszewski WTF?", "type": "direct_reply"}, {"index": 4, "attribution": -0.053655270487070084, "tweet_id": 524968871166742528, "text": "@NBCNightlyNews @TODAYshow @JimMiklaszewski I can see why the cowards at NORAD are afraid.", "type": "direct_reply"}, {"index": 3, "attribution": -0.055573951452970505, "tweet_id": 524968052014981120, "text": "@NBCNightlyNews That's really not unusual. Crisis Action Teams at that lvl are activated all the time. #Scaretactics #Mediahype - MSgt....", "type": "direct_reply"}]}