{"thread_id": "524969137660231680", "gold_label": 0, "predicted_label": 0, "tweet_attributions": [{"index": 2, "attribution": 0.10304819792509079, "tweet_id": 524978445873598464, "text": "@washingtonpost In Ottawa the situation sounds political and related to ISIS just by the nature of events", "type": "direct_reply"}, {"index": 1, "attribution": 0.05682595074176788, "tweet_id": 524969775068635136, "text": "@washingtonpost You ARE SO LATE, Why not wait and just print it Tomorrow????", "type": "direct_reply"}, {"index": 3, "attribution": 0.016660671681165695, "tweet_id": 524975805580210176, "text": "@washingtonpost 13 favorites?! Really? Not sure you understand twitter people.", "type": "direct_reply"}, {"index": 0, "attribution": 0.004728223197162151, "tweet_id": 524969137660231680, "text": "Chaos broke out in Ottawa after a shooting at the war memorial and reports of gunfire in Parliament http://t.co/pVOh34l2ea", "type": "source"}, {"index": 4, "attribution": -0.010482952930033207, "tweet_id": 525002109171671041, "text": "@washingtonpost CANADIAN COPS INSIST THEY DID NOT DO IT!  BLAME IT ON AMERICAN TERRORISTS COPS.", "type": "direct_reply"}]}