{"thread_id": "524977321430630400", "gold_label": 1, "predicted_label": 2, "tweet_attributions": [{"index": 2, "attribution": 1.1843578815460205, "tweet_id": 524978578119610368, "text": "@ABC @FaithBased92 @WorldNews Muslims I bet you", "type": "direct_reply"}, {"index": 6, "attribution": -0.011835788376629353, "tweet_id": 524977588914384897, "text": "RT @ABC Ottawa Police spokesman tells @ABC News that 3 suspects are being sought following shootings in Canadian capital.", "type": "direct_reply"}, {"index": 5, "attribution": -0.039613183587789536, "tweet_id": 524979528972906496, "text": "@cindogg88 @ABC @WorldNews After the hit and run attack on a soldier yesterday? I believe it.", "type": "lower_reply"}, {"index": 4, "attribution": -0.04766009747982025, "tweet_id": 524996727456403457, "text": "@ABC  Why does ABC insist on preemptive disruption of scheduled shows to rehash old news &amp; footage. Take a lead from CBS, NBC, &amp; FOX ...", "type": "direct_reply"}, {"index": 1, "attribution": -0.06079823896288872, "tweet_id": 524980704870797312, "text": "\u201c@ABC: Ottawa Police spokesman tells @ABC News that 3 suspects are being sought following shootings in Canadian capital - @WorldNews\u201d #MM330", "type": "direct_reply"}, {"index": 3, "attribution": -0.09736097604036331, "tweet_id": 524977800537587713, "text": "MT @ABC #Ottawa Police spokesman tells @ABC News that 3 suspects are being sought following shootings in Canadian capital", "type": "direct_reply"}, {"index": 0, "attribution": -0.5475636124610901, "tweet_id": 524977321430630400, "text": "Ottawa Police spokesman tells @ABC News that 3 suspects are being sought following shootings in Canadian capital - @WorldNews", "type": "source"}]}