{"thread_id": "524929893759737856", "gold_label": 0, "predicted_label": 2, "tweet_attributions": [{"index": 34, "attribution": 1.786573886871338, "tweet_id": 524958523260948480, "text": "@BlackFlagRising @FoxNews America would still be the first country Canada ask help for.", "type": "lower_reply"}, {"index": 27, "attribution": 1.4331837892532349, "tweet_id": 524971631320764417, "text": "@SnakeReaper115 @FoxNews I can see how well that american education is working for you lol", "type": "lower_reply"}, {"index": 38, "attribution": 1.3111687898635864, "tweet_id": 524972685479391232, "text": "@BlackFlagRising @FoxNews The U.S is the only thing standing in the way of Russia invading Canada. That is when you will ask for our help.", "type": "lower_reply"}, {"index": 20, "attribution": 1.1154792308807373, "tweet_id": 524971012371533824, "text": "@SnakeReaper115 @FoxNews When have we ever asked you for military help? Canada trains your spies you retard lmfao!!", "type": "lower_reply"}, {"index": 12, "attribution": 0.8576535582542419, "tweet_id": 524938333261422592, "text": "@KraftyWurker @FoxNews Pretty good actually. More problematic is when we get involved in your \"liberating\".", "type": "lower_reply"}, {"index": 25, "attribution": 0.7554171085357666, "tweet_id": 524948090051395584, "text": "@BlackFlagRising @FoxNews problems first.", "type": "lower_reply"}, {"index": 10, "attribution": 0.6135390400886536, "tweet_id": 524984285863100416, "text": "@SnakeReaper115 @FoxNews Umm Google fracking then tell me agen why Russia is a threat to Canada", "type": "lower_reply"}, {"index": 33, "attribution": 0.6002760529518127, "tweet_id": 524946410220027904, "text": "@SnakeReaper115 @FoxNews yup. The Usa always comes crying for canadian forces to help them lol #pathetic", "type": "lower_reply"}, {"index": 44, "attribution": 0.5845651030540466, "tweet_id": 524952295826784256, "text": "@SnakeReaper115 @FoxNews I know it's hard being an American these days knowing 99% of the world wants to see you all dead. But c'mon now...", "type": "lower_reply"}, {"index": 9, "attribution": 0.43307578563690186, "tweet_id": 524983604888498176, "text": "@BlackFlagRising @FoxNews They've been doing that since 60's. Canada has enought oil reserves to solve even the U.S economic problem.", "type": "lower_reply"}, {"index": 14, "attribution": 0.41434189677238464, "tweet_id": 524932641624055808, "text": "@FoxNews Is it terrorist or workplace violence?", "type": "direct_reply"}, {"index": 18, "attribution": 0.36368846893310547, "tweet_id": 524986240861765632, "text": "@SnakeReaper115 @FoxNews http://t.co/wUPwtgjcAI", "type": "lower_reply"}, {"index": 39, "attribution": 0.27466294169425964, "tweet_id": 524979133869490176, "text": "@BlackFlagRising @FoxNews Besides China would never go to war with Russia. They're to close.", "type": "lower_reply"}, {"index": 37, "attribution": 0.24788521230220795, "tweet_id": 524938797411475456, "text": "@lenmac1 I seriously doubt the #diversity attacking your parliment is wearing kilts. @FoxNews", "type": "lower_reply"}, {"index": 31, "attribution": 0.2285788506269455, "tweet_id": 524983909910872064, "text": "@SnakeReaper115 @FoxNews just remember who it was that burnt your white house down. So so powerful lol", "type": "lower_reply"}, {"index": 24, "attribution": 0.21385973691940308, "tweet_id": 524985287777464320, "text": "@BlackFlagRising @FoxNews Is that how you spell?  Yet, you were making fun of our country's education system.", "type": "lower_reply"}, {"index": 15, "attribution": 0.19127251207828522, "tweet_id": 524997253669601281, "text": "@SnakeReaper115 @FoxNews look Canada gets attacked by an American made enemy! Why? For helping America! I don't get why we help you assholes", "type": "lower_reply"}, {"index": 30, "attribution": 0.12795279920101166, "tweet_id": 524934085442277376, "text": "So scary. \u201c@FoxNews: #BREAKING: Soldier shot at war memorial near Canadian parliament: http://t.co/8ug1Vj0YcE\u201d", "type": "direct_reply"}, {"index": 41, "attribution": 0.12629961967468262, "tweet_id": 524930034319233024, "text": "@FoxNews \n\nAnd this:  https://t.co/HSrkQbMfbn", "type": "direct_reply"}, {"index": 29, "attribution": 0.11882569640874863, "tweet_id": 525099574290305024, "text": "@Mich_Robertson I know an American who will protect \ud83d\udc4a", "type": "lower_reply"}, {"index": 1, "attribution": 0.11832761019468307, "tweet_id": 524986162101125120, "text": "@SnakeReaper115 @FoxNews again* sorry for the typo?Happy to see you're proof reading it for me teach....", "type": "lower_reply"}, {"index": 13, "attribution": 0.10389634966850281, "tweet_id": 524939272168931328, "text": "@KraftyWurker @FoxNews Ah a Fox News watcher.", "type": "lower_reply"}, {"index": 0, "attribution": 0.08459814637899399, "tweet_id": 524929893759737856, "text": "#BREAKING: Soldier shot at war memorial near Canadian parliament: http://t.co/vAAbHQcZif", "type": "source"}, {"index": 43, "attribution": 0.08279681205749512, "tweet_id": 524931419798532096, "text": "@FoxNews Canada has soldiers?", "type": "direct_reply"}, {"index": 6, "attribution": 0.0795830562710762, "tweet_id": 524978030423576577, "text": "@SnakeReaper115 @FoxNews We sell our oilsand to china. So china might have a problem with that...Jeez no wonder the usa is losing allies...", "type": "lower_reply"}, {"index": 26, "attribution": 0.0792815238237381, "tweet_id": 524937935695929344, "text": "@SnakeReaper115 @FoxNews Yep. Lost 155 of them in Afghanistan. Many others injured.", "type": "lower_reply"}, {"index": 32, "attribution": 0.07017862051725388, "tweet_id": 524947466802987009, "text": "@SnakeReaper115 @FoxNews umm the usa did that in ww2 you idiot lol usa was the last to join the war.  Dumb american lol", "type": "lower_reply"}, {"index": 28, "attribution": 0.04081248864531517, "tweet_id": 525098439789780993, "text": "@Dirtbags_Pride sad day for Canada", "type": "lower_reply"}, {"index": 7, "attribution": -0.012404326349496841, "tweet_id": 524930928704229376, "text": "@FoxNews WOW those jihadi bastards are going hard in Oh, Canada...", "type": "direct_reply"}, {"index": 36, "attribution": -0.033149901777505875, "tweet_id": 524948043578503168, "text": "@BlackFlagRising @FoxNews Yeah I admit we should have came in earlier. I think i found out the reason why we interfere with everyone's", "type": "lower_reply"}, {"index": 42, "attribution": -0.05803656205534935, "tweet_id": 524931460550373377, "text": "@FoxNews Problems in Canuckistan, how's that diversity working out for you?", "type": "direct_reply"}, {"index": 16, "attribution": -0.059587668627500534, "tweet_id": 524974483107766272, "text": "@SnakeReaper115 @FoxNews ummm russia has beef with you not us. We train with the russians and serve over in bosnia? How dumb are you?", "type": "lower_reply"}, {"index": 19, "attribution": -0.06929027289152145, "tweet_id": 524982939575406592, "text": "@SnakeReaper115 @FoxNews Russia threatened the US with nuclear war this year and yet you think it's Canada that they want to go to war with?", "type": "lower_reply"}, {"index": 11, "attribution": -0.07055576145648956, "tweet_id": 524946823765843968, "text": "@BlackFlagRising @FoxNews Is this the same country who we patrol their own air border for them?", "type": "lower_reply"}, {"index": 3, "attribution": -0.10639549046754837, "tweet_id": 524985061620580353, "text": "@BlackFlagRising @FoxNews and yet farmers with pitch forks beat you a second time.", "type": "lower_reply"}, {"index": 40, "attribution": -0.10968753695487976, "tweet_id": 524930310375743488, "text": "#ISIS RT @FoxNews #BREAKING: Soldier shot at war memorial near Canadian parliament: http://t.co/2xhbVbKyB9", "type": "direct_reply"}, {"index": 8, "attribution": -0.12831784784793854, "tweet_id": 524932064551133184, "text": "@FoxNews @Mich_Robertson What this never happens in Canada...", "type": "direct_reply"}, {"index": 21, "attribution": -0.17472197115421295, "tweet_id": 524931731485622272, "text": "@FoxNews Serious stuff here Now pay attention!!", "type": "direct_reply"}, {"index": 4, "attribution": -0.193925678730011, "tweet_id": 524930381980917760, "text": "@FoxNews The man is now inside the Parliament library with a hunting rifle.", "type": "direct_reply"}, {"index": 35, "attribution": -0.2555074393749237, "tweet_id": 524946925288968193, "text": "@BlackFlagRising @FoxNews Yeah we love it when Canada comes in at the last second and says the helped.", "type": "lower_reply"}, {"index": 5, "attribution": -0.26715609431266785, "tweet_id": 524939096477941760, "text": "@FoxNews garuantee it's a Muslim!!! A Muslim ran over two soldiers yesterday in an act of terrorism! The shooter is a Koran follower!", "type": "direct_reply"}, {"index": 22, "attribution": -0.2984273135662079, "tweet_id": 524978343738101760, "text": "@BlackFlagRising @FoxNews Why buy it off you then make a deal with a country to take a cut?", "type": "lower_reply"}, {"index": 23, "attribution": -0.34822002053260803, "tweet_id": 524975568237125632, "text": "@BlackFlagRising @FoxNews Do you really think Russia gives a damn about you? Russia wants your oil you dumb-ass.", "type": "lower_reply"}, {"index": 17, "attribution": -0.3872458040714264, "tweet_id": 524930396975550464, "text": "\u201c@FoxNews: #BREAKING: Soldier shot at war memorial near Canadian parliament: http://t.co/Jmnhb3JW2N\u201d @LeeannWright4", "type": "direct_reply"}, {"index": 2, "attribution": -0.4126492738723755, "tweet_id": 524932513631051776, "text": "@FoxNews @AmericaNewsroom you never hear of anything bad coming out of Canada. This is troubling.", "type": "direct_reply"}]}