{"thread_id": "524948268355051520", "gold_label": 0, "predicted_label": 0, "tweet_attributions": [{"index": 0, "attribution": 0.44310280680656433, "tweet_id": 524948268355051520, "text": "BREAKING: @ctvottawa CONFIRMS: One shooter dead.  Police working under assumption more than one shooter.  3 shooting incidents #ottnews", "type": "source"}, {"index": 3, "attribution": -0.03585401922464371, "tweet_id": 524948391503998977, "text": "@CatherineCTV @DenVan @ctvottawa  Hump Day Halfway There, Rock it!", "type": "direct_reply"}, {"index": 2, "attribution": -0.05328337848186493, "tweet_id": 524951818632437760, "text": "@CatherineCTV @bruce_arthur @ctvottawa Still can't believe it.", "type": "direct_reply"}, {"index": 1, "attribution": -0.06884492188692093, "tweet_id": 524950509908922370, "text": "@CatherineCTV @JSB_FOX @ctvottawa be safe Canada.", "type": "direct_reply"}]}