{"thread_id": "524947424482435073", "gold_label": 0, "predicted_label": 2, "tweet_attributions": [{"index": 6, "attribution": 0.8356473445892334, "tweet_id": 524962899526430720, "text": "@HibaqJaamac there's more than one", "type": "lower_reply"}, {"index": 14, "attribution": 0.43809497356414795, "tweet_id": 524962667321384960, "text": "\u201c@CTVNews: #BREAKING: Shooter is dead, according to sources on Parliament Hill\u201d Can we leave now?", "type": "direct_reply"}, {"index": 10, "attribution": 0.13503409922122955, "tweet_id": 524947600920043520, "text": "@CTVNews @CTVKitchener multiple shooters....", "type": "direct_reply"}, {"index": 1, "attribution": 0.11968304961919785, "tweet_id": 524963030199988225, "text": "@nochillmariam fuck. I told my teacher that and he almost let us out. He's a dumbass", "type": "lower_reply"}, {"index": 13, "attribution": 0.06613565236330032, "tweet_id": 524963853315358720, "text": "@nochillmariam @HibaqJaamac there's 3 different shooters, but 1 is dead", "type": "lower_reply"}, {"index": 2, "attribution": 0.06141476705670357, "tweet_id": 524949698667626496, "text": "@TarrahHarvey @CTVNews there is more than one", "type": "lower_reply"}, {"index": 18, "attribution": 0.045709554105997086, "tweet_id": 524948022497538048, "text": "@CTVNews @CTVCalgary - Multiple gunmen - no??? So \"Shooter is dead\" is misleading to say the least...", "type": "direct_reply"}, {"index": 16, "attribution": 0.03929263725876808, "tweet_id": 524951060964999168, "text": "@CTVNews  but they are saying there are 2 more", "type": "direct_reply"}, {"index": 3, "attribution": 0.027617303654551506, "tweet_id": 524949072520957952, "text": "@CTVNews good! Don't let these bastards live long enough to wate taxpayer money in courts and jails.", "type": "direct_reply"}, {"index": 8, "attribution": 0.025523485615849495, "tweet_id": 524975332701794304, "text": "Jimmy Pardo nooooooooooo\n\n\u201c@CTVNews: #BREAKING: Shooter is dead, according to sources on Parliament Hill\u201d", "type": "direct_reply"}, {"index": 4, "attribution": 0.02313956432044506, "tweet_id": 524951540378116097, "text": "@CTVNews @alixwala There is more than one shooter, not over yet.", "type": "direct_reply"}, {"index": 17, "attribution": 0.020349521189928055, "tweet_id": 524961301580496896, "text": "@CTVNews @adamadonaldson good.", "type": "direct_reply"}, {"index": 12, "attribution": 0.019677598029375076, "tweet_id": 524947897373048834, "text": "\u201c@CTVNews: #BREAKING: Shooter is dead, according to sources on Parliament Hill\u201d is it confirmed?", "type": "direct_reply"}, {"index": 11, "attribution": -0.0026131507474929094, "tweet_id": 524947530274992128, "text": "\u201c@CTVNews: #BREAKING: Shooter is dead, according to sources on Parliament Hill\u201d UNCONFIRMED by police.", "type": "direct_reply"}, {"index": 7, "attribution": -0.025995997712016106, "tweet_id": 524975523760713729, "text": "RT\u201c@CTVNews: #BREAKING: Shooter is dead, according to sources on Parliament Hill\u201d #PrayForOttawa #ppsmnight", "type": "direct_reply"}, {"index": 15, "attribution": -0.03702584654092789, "tweet_id": 524949397344645120, "text": "@CTVNews one is. Other still on the loose", "type": "direct_reply"}, {"index": 5, "attribution": -0.04736494645476341, "tweet_id": 524947933515743232, "text": "@CTVNews which one?", "type": "direct_reply"}, {"index": 9, "attribution": -0.059764619916677475, "tweet_id": 524951118770491392, "text": "\u201c@CTVNews: #BREAKING: Shooter is dead, according to sources on Parliament Hill\u201d one of two?", "type": "direct_reply"}, {"index": 0, "attribution": -0.1288742870092392, "tweet_id": 524947424482435073, "text": "#BREAKING: Shooter is dead, according to sources on Parliament Hill", "type": "source"}]}