{"thread_id": "524952995034042368", "gold_label": 1, "predicted_label": 2, "tweet_attributions": [{"index": 7, "attribution": 0.9202548861503601, "tweet_id": 524956295003385856, "text": "@kristabaumgart I hope you're not still near there!!!!!", "type": "lower_reply"}, {"index": 5, "attribution": 0.13910947740077972, "tweet_id": 524964623884513280, "text": "@CBCOttawa @mouthnoize there is crime in canada?", "type": "direct_reply"}, {"index": 1, "attribution": 0.12479161471128464, "tweet_id": 524958507519729664, "text": "@saraAxxoo I'm on the Ottawa u campus in lockdown!", "type": "lower_reply"}, {"index": 9, "attribution": 0.11697687953710556, "tweet_id": 524953099564486657, "text": "@CBCOttawa @BeccaBabe_", "type": "direct_reply"}, {"index": 8, "attribution": 0.049394186586141586, "tweet_id": 524955474148737025, "text": "@CBCOttawa can u please take the film of our soldier being given first aid off the air.  Ur disgusting. The family may not even been told", "type": "direct_reply"}, {"index": 4, "attribution": 0.04617549479007721, "tweet_id": 524953614423695360, "text": "@CBCOttawa @CBCNews Naive Canadians are what is really scary.", "type": "direct_reply"}, {"index": 6, "attribution": -0.007819444872438908, "tweet_id": 524955727992213507, "text": "\u201c@CBCOttawa: CLARIFICATION | The shooting was near the Rideau Centre, police say. Not inside it. #cbcOTT #OTTnews\u201d", "type": "direct_reply"}, {"index": 2, "attribution": -0.01175824273377657, "tweet_id": 524955065883557889, "text": "[correction] RT @CBCOttawa: CLARIFICATION | The shooting was near the Rideau Centre, police say. Not inside it. #cbcOTT #OTTnews", "type": "direct_reply"}, {"index": 12, "attribution": -0.012431596405804157, "tweet_id": 524953208712867840, "text": "@CameronRooney1 @CBCOttawa was anyone hurt?", "type": "lower_reply"}, {"index": 10, "attribution": -0.017632009461522102, "tweet_id": 524954851663675392, "text": "@CBCOttawa @CBCNews tell your radio reporters to correct their report because they're reporting the shooting was inside", "type": "direct_reply"}, {"index": 3, "attribution": -0.029631471261382103, "tweet_id": 524954623850053632, "text": "@CBCOttawa @curryb  https://t.co/DrmhQ5Nf6i", "type": "direct_reply"}, {"index": 0, "attribution": -0.07493757456541061, "tweet_id": 524952995034042368, "text": "CLARIFICATION | The shooting was near the Rideau Centre, police say. Not inside it. #cbcOTT #OTTnews", "type": "source"}, {"index": 11, "attribution": -0.2847452461719513, "tweet_id": 524954182856753152, "text": "\u201c@CBCOttawa: CLARIFICATION | The shooting was near the Rideau Centre, police say. Not inside it. #cbcOTT #OTTnews\u201d. THEY SENT US OUTSIDE", "type": "direct_reply"}]}