{"thread_id": "524931752725585921", "gold_label": 0, "predicted_label": 0, "tweet_attributions": [{"index": 0, "attribution": 0.34599098563194275, "tweet_id": 524931752725585921, "text": "Source says ONE suspect shot and killed inside PARLIAMENT HILL - security sweep still underway. #ottnews #BREAKING", "type": "source"}, {"index": 1, "attribution": 0.009872039780020714, "tweet_id": 524933462508437506, "text": "@CFRAOttawa @StuntmanStu @cnnbrk", "type": "direct_reply"}, {"index": 2, "attribution": -0.11291966587305069, "tweet_id": 524934159949889536, "text": "@CFRAOttawa\n\nHas the suspect been caught", "type": "direct_reply"}]}