{"thread_id": "524938433262006272", "gold_label": 0, "predicted_label": 2, "tweet_attributions": [{"index": 0, "attribution": 0.40604594349861145, "tweet_id": 524938433262006272, "text": "#Ottawa: MP Gerry Byrne inside building on lockdown. Says this is tactical team. Live coverage http://t.co/HrGKEeJZL4 http://t.co/b7WVOT640l", "type": "source"}, {"index": 4, "attribution": 0.06824863702058792, "tweet_id": 524939583788965891, "text": "@BBCNewsUS @BBCWorld should he be giving out tactical information to would-be attackers?", "type": "direct_reply"}, {"index": 6, "attribution": -0.001812195754610002, "tweet_id": 524951779155664896, "text": "@BBCNewsUS @BBCWorld Police are asking NOT to tweet pics of their locations!! Don't be an @$$#@T take pic down.", "type": "direct_reply"}, {"index": 1, "attribution": -0.05230313912034035, "tweet_id": 524941116895141889, "text": "@BBCNewsUS @BBCWorld #Islamic_State\nMessage from Mujahid\nhttp://t.co/dSOluMUy6d", "type": "direct_reply"}, {"index": 3, "attribution": -0.053858403116464615, "tweet_id": 524948536648294400, "text": "@BBCNewsUS @BBCWorld A video seized from the Ukrainian troops is showing Nazi battalion Donbass executing Donbass.. http://t.co/HfS3Fubj0k", "type": "direct_reply"}, {"index": 5, "attribution": -0.08052611351013184, "tweet_id": 524950697897230336, "text": "@Gabriellelala @BBCNewsUS @bbcworldservice Obama Planners, my opinion.Seeking to take over US, world thru ISIS! http://t.co/hQk26P5072", "type": "lower_reply"}, {"index": 2, "attribution": -0.12926767766475677, "tweet_id": 524959970929160192, "text": "@BBCNewsUS Prime Minister Harper is safe. #maybenexttime", "type": "direct_reply"}, {"index": 7, "attribution": -0.6360625624656677, "tweet_id": 524940783074705409, "text": "@BBCNewsUS @bbcworldservice omg... What's going on with the world today!! Xx", "type": "direct_reply"}]}