{"thread_id": "524960247518330881", "gold_label": 0, "predicted_label": 2, "tweet_attributions": [{"index": 3, "attribution": 2.3249399662017822, "tweet_id": 524961786542309376, "text": "@nathancullen Pretty poorly planned attacks if you asked me.   Don't let the Gov't use this to railroad through their draconian legislation.", "type": "direct_reply"}, {"index": 2, "attribution": 0.21840256452560425, "tweet_id": 524964352395603969, "text": "@nathancullen @WoodfordCKNW98", "type": "direct_reply"}, {"index": 4, "attribution": 0.21274350583553314, "tweet_id": 524960458810605569, "text": "@nathancullen My stomach just turned reading that.", "type": "direct_reply"}, {"index": 7, "attribution": 0.1767861694097519, "tweet_id": 524972559725756416, "text": "@Drew675r there's a dead Canadian soldier. Today. Shot for no reason. I refuse to be cool today. I refuse to listen to apologists.", "type": "lower_reply"}, {"index": 11, "attribution": 0.17579413950443268, "tweet_id": 524961492022861826, "text": "@nathancullen stay safe, Nathan!", "type": "direct_reply"}, {"index": 5, "attribution": 0.14874854683876038, "tweet_id": 524966765286424576, "text": "@Drew675r  Disgraceful. This just happened, to a Canadian, in Canada. Save your Harper hate for another day please. http://t.co/ZsL5iVMgDy", "type": "lower_reply"}, {"index": 10, "attribution": 0.12307080626487732, "tweet_id": 524960491882700800, "text": "@nathancullen Well that's good to know for the next attack", "type": "direct_reply"}, {"index": 1, "attribution": 0.032775286585092545, "tweet_id": 524972230615498752, "text": "@Drew675r cooler heads being? What exactly does that mean in light of what has/is happening?", "type": "lower_reply"}, {"index": 12, "attribution": -0.028266429901123047, "tweet_id": 524961908194299904, "text": "@nathancullen @christofow that's a sobering thought. Wow.", "type": "direct_reply"}, {"index": 6, "attribution": -0.05808239057660103, "tweet_id": 524970780782632961, "text": "@RickFuerst I beg to differ.   This is exactly the time for cooler heads to prevail.", "type": "lower_reply"}, {"index": 9, "attribution": -0.06520302593708038, "tweet_id": 524964832005865472, "text": "@nathancullen Why not just hand the attacker(s) your personal itinerary? I'm sorry, but this isn't a smart tweet to make &amp; should be removed", "type": "direct_reply"}, {"index": 0, "attribution": -0.11855270713567734, "tweet_id": 524960247518330881, "text": "Timing of Parliament shootings - an hour later and 200+ MPs and dozens of reporters would have been in hall where shooting took place", "type": "source"}, {"index": 14, "attribution": -0.13113796710968018, "tweet_id": 524963662721581057, "text": "@nathancullen @CKNW dumbass", "type": "direct_reply"}, {"index": 13, "attribution": -0.1467282921075821, "tweet_id": 525063545893830657, "text": "@nathancullen so if shooter came an hour later he might have killed multiple MP's &amp; reporters. Which Minister will resign? #ottawashooting", "type": "direct_reply"}, {"index": 15, "attribution": -0.18204815685749054, "tweet_id": 524962893725696000, "text": "@nathancullen @althiaraj Perhaps that's the type of non-news info shouldn't be tweeted, for security reasons?", "type": "direct_reply"}, {"index": 8, "attribution": -0.2079777866601944, "tweet_id": 524964442195623936, "text": "@nathancullen @WoodfordCKNW980 not exactly classified information", "type": "direct_reply"}]}