{"thread_id": "524923676484177920", "gold_label": 0, "predicted_label": 0, "tweet_attributions": [{"index": 1, "attribution": 0.09499358385801315, "tweet_id": 524925154800181248, "text": "@RichardMadan @ladykitchenless lock it down! find the criminals.. wait, the buildings full of criminals! #cdnpoli", "type": "direct_reply"}, {"index": 9, "attribution": 0.060831259936094284, "tweet_id": 524924074087436289, "text": "@RichardMadan @CTVMelissaLamb AND war memorial, or is this same?", "type": "direct_reply"}, {"index": 6, "attribution": 0.051623519510030746, "tweet_id": 524924651080650752, "text": "@RichardMadan @rebeccamakonnen Targeting the soldiers is a stupid act. They have not decided to go in #Irak...", "type": "direct_reply"}, {"index": 5, "attribution": 0.02877066098153591, "tweet_id": 524925449068355584, "text": "\u201c@RichardMadan: BREAKING - Shooting on Parliament Hill. RCMP have weapons drawn #cdnpoli http://t.co/41zh7DWtfS\u201d holy shit", "type": "direct_reply"}, {"index": 3, "attribution": 0.02077302150428295, "tweet_id": 524924021608284160, "text": "@RichardMadan any updates?", "type": "direct_reply"}, {"index": 10, "attribution": 0.011701147072017193, "tweet_id": 524925539996667904, "text": "\u201c@RichardMadan: BREAKING - Shooting on Parliament Hill. RCMP have weapons drawn #cdnpoli http://t.co/GRnmSXzgTr\u201d Oh Canada!", "type": "direct_reply"}, {"index": 8, "attribution": 0.005419602617621422, "tweet_id": 524925391266664448, "text": "\u201c@RichardMadan: BREAKING - Shooting on Parliament Hill. RCMP have weapons drawn #cdnpoli http://t.co/RzWnoOV4Sr\u201d sirens galore down here", "type": "direct_reply"}, {"index": 4, "attribution": 0.0013292214134708047, "tweet_id": 524932346961985536, "text": "\u201c@RichardMadan: BREAKING - Shooting on Parliament Hill. RCMP have weapons drawn #cdnpoli http://t.co/gYkprr50hG\u201d #shocking", "type": "direct_reply"}, {"index": 0, "attribution": 0.00015434740635100752, "tweet_id": 524923676484177920, "text": "BREAKING - Shooting on Parliament Hill. RCMP have weapons drawn #cdnpoli http://t.co/38qOgXcuet", "type": "source"}, {"index": 7, "attribution": -0.013076301664113998, "tweet_id": 524941166505373697, "text": "@RichardMadan uOttawa is lockdown http://t.co/x9XwjRHa10", "type": "direct_reply"}, {"index": 2, "attribution": -0.020057739689946175, "tweet_id": 524926568171577345, "text": "\u201c@RichardMadan: BREAKING - Shooting on Parliament Hill. RCMP have weapons drawn #cdnpoli http://t.co/VSOYzKOTaV\u201d", "type": "direct_reply"}]}