{"thread_id": "524957752138149888", "gold_label": 2, "predicted_label": 2, "tweet_attributions": [{"index": 13, "attribution": 1.139549970626831, "tweet_id": 524966675054358529, "text": "@matt_nett But Russia never thout about invading Canada or the US", "type": "lower_reply"}, {"index": 23, "attribution": 1.0127087831497192, "tweet_id": 524967531237617664, "text": "@journeyheart True. The would nuke us first. And I am 99% sure they have.", "type": "lower_reply"}, {"index": 18, "attribution": 0.8773718476295471, "tweet_id": 524967957521518592, "text": "@matt_nett Anecdoticaley the US HAVE dropped a nuke once in the St-Lawrence river accidentaly", "type": "lower_reply"}, {"index": 34, "attribution": 0.8054619431495667, "tweet_id": 524965229621678080, "text": "@journeyheart than Homeland security.", "type": "lower_reply"}, {"index": 5, "attribution": 0.7337415218353271, "tweet_id": 524962486576218113, "text": "@journeyheart better than nothing.", "type": "lower_reply"}, {"index": 11, "attribution": 0.6578932404518127, "tweet_id": 524966547094503425, "text": "@matt_nett Cdn pilots have been taking pictures of Russian pilots &amp; vice versa up north smiling at each others ever since the 60s", "type": "lower_reply"}, {"index": 29, "attribution": 0.6343135237693787, "tweet_id": 524968642694615040, "text": "@matt_nett Only at reentry could the ICBM or SLBM possibly be taken down &amp; that would happen overland !!!", "type": "lower_reply"}, {"index": 6, "attribution": 0.5462580323219299, "tweet_id": 524965924554964992, "text": "@matt_nett lol we're talkin about 2 jihadists here as for ur assesment of an invasion by China &amp; Russia ur dreaming or having nightmares", "type": "lower_reply"}, {"index": 31, "attribution": 0.539547860622406, "tweet_id": 524968950300688385, "text": "@matt_nett Just a n automaticly triggered under security agreements of mutual protection at given level of alert", "type": "lower_reply"}, {"index": 16, "attribution": 0.4748726785182953, "tweet_id": 524967203570204674, "text": "@matt_nett No Russia not a threat of invasion Russia DOD is $88 Billions US DOD is $600 Billions Total security in US is over $900 Billions", "type": "lower_reply"}, {"index": 28, "attribution": 0.43703320622444153, "tweet_id": 524966771284262912, "text": "@journeyheart it's a threat honestly. But china wouldn't do it. Too much of economic relations with us. And Russia would first.", "type": "lower_reply"}, {"index": 10, "attribution": 0.402225524187088, "tweet_id": 524968357637160961, "text": "@journeyheart and I don't mean to argue. I am just wondering why NORAD would be on very high alert.", "type": "lower_reply"}, {"index": 1, "attribution": 0.3943767249584198, "tweet_id": 524964325606572032, "text": "@matt_nett 2 shooters &amp; no SU 24 can can fly the distance from Syria (IS says they have 3 of them but no pilots yet ) NORAD useless for this", "type": "lower_reply"}, {"index": 2, "attribution": 0.35370349884033203, "tweet_id": 524965195144519680, "text": "@journeyheart kidding me?  If it wasn't for NORAD, us and Canada could have been invaded by Russia or even China. NORAD is more important..", "type": "lower_reply"}, {"index": 33, "attribution": 0.33047768473625183, "tweet_id": 524967865808879616, "text": "@journeyheart Our satellites would see them coming first. And we have state of art military the to see them first.", "type": "lower_reply"}, {"index": 8, "attribution": 0.29206088185310364, "tweet_id": 524961678094770177, "text": "@cnni @joshrogin NORAD higher alert is a bit excessive", "type": "direct_reply"}, {"index": 12, "attribution": 0.22450189292430878, "tweet_id": 524968090615152640, "text": "@journeyheart yeah. I know.", "type": "lower_reply"}, {"index": 30, "attribution": 0.21209408342838287, "tweet_id": 524959246048571392, "text": "@cnni @CNNAshleigh There are many \"types\" of extremists. Violence is what makes them \"extreme.\"", "type": "lower_reply"}, {"index": 9, "attribution": 0.19873641431331635, "tweet_id": 524969249442643968, "text": "@journeyheart Russians have outdated shit. They could launch 20 ICBMs at us and we can shoot em down.", "type": "lower_reply"}, {"index": 27, "attribution": 0.15402819216251373, "tweet_id": 524969396880826369, "text": "@journeyheart oh. I thought they found out aircraft was being used.", "type": "lower_reply"}, {"index": 37, "attribution": 0.11618805676698685, "tweet_id": 524960363125551104, "text": "@cnni  least I was able  to text my hubby   \"Be Safe\"  &amp; theres been a possible Terrorist attack @ Canadas Parliament  Prayer to All", "type": "direct_reply"}, {"index": 7, "attribution": 0.09877394884824753, "tweet_id": 524959374494543872, "text": "\u30aa\u30bf\u30ef\u9283\u6483\u4e8b\u4ef6\u3092\u53d7\u3051\u3001NORAD\u304c\u822a\u7a7a\u6a5f\u306e\u8b66\u6212\u30ec\u30d9\u30eb\u30a2\u30c3\u30d7\u3092\u6e96\u5099\u3002@cnni NORAD increases number of planes on higher alert status ready to respond if necessary,", "type": "direct_reply"}, {"index": 21, "attribution": 0.08895564824342728, "tweet_id": 524967092509241344, "text": "@journeyheart I know. But Russia is the main threat of aviation attack. And they would attack Alaska first. But Canada's jets would kill em", "type": "lower_reply"}, {"index": 25, "attribution": 0.07642830163240433, "tweet_id": 524958236798365697, "text": "@cnni A person who commits a violent extremist act has no ties in violent extremism? See the problem there. @CNNAshleigh", "type": "direct_reply"}, {"index": 35, "attribution": 0.045149508863687515, "tweet_id": 524958174387118080, "text": "@cnni http://t.co/jxb1ebO7a2", "type": "direct_reply"}, {"index": 4, "attribution": 0.03800332173705101, "tweet_id": 524967558886477824, "text": "@matt_nett In a hypothetical attack planes would'nt come our way ICBM with MERV would fly over aiming at Tactical military &amp; political targe", "type": "lower_reply"}, {"index": 3, "attribution": 0.03577393665909767, "tweet_id": 524968001867894784, "text": "@journeyheart though about invading America and probably Canada.", "type": "lower_reply"}, {"index": 32, "attribution": 0.021912654861807823, "tweet_id": 524968370350096384, "text": "@matt_nett Humm From the Oural to Washington ICBM would take approximately 40 minutes &amp; time to take it down would last maybe 7-8 minutes", "type": "lower_reply"}, {"index": 15, "attribution": 0.017946092411875725, "tweet_id": 524963166821048320, "text": "@cnni", "type": "direct_reply"}, {"index": 24, "attribution": -0.0032323074992746115, "tweet_id": 524957994237591552, "text": "@cnni Ukraine is Europe http://t.co/62lkdQKyxf", "type": "direct_reply"}, {"index": 17, "attribution": -0.009248843416571617, "tweet_id": 524969684089991168, "text": "@matt_nett No nothing like that", "type": "lower_reply"}, {"index": 0, "attribution": -0.012362061999738216, "tweet_id": 524957752138149888, "text": "NORAD increases number of planes on higher alert status ready to respond if necessary, official says. http://t.co/qsAnGNqBEw #OttawaShooting", "type": "source"}, {"index": 26, "attribution": -0.030084049329161644, "tweet_id": 524959307851661312, "text": "@cnni @CNN what's going on? Is it all planes in US AND CANADA?", "type": "direct_reply"}, {"index": 14, "attribution": -0.04045317322015762, "tweet_id": 524969025596837889, "text": "@journeyheart yeah true. But Russia could have a sub with WMDs on it not far off east coast.", "type": "lower_reply"}, {"index": 22, "attribution": -0.07599436491727829, "tweet_id": 524966233977159681, "text": "@matt_nett Been following information for 40 yrs &amp; believe me there was never any intent by China ever to invade Canada", "type": "lower_reply"}, {"index": 20, "attribution": -0.10643088072538376, "tweet_id": 524967715967352832, "text": "@matt_nett 99% surte they have WHAT??", "type": "lower_reply"}, {"index": 19, "attribution": -0.20554663240909576, "tweet_id": 524970076970426368, "text": "@matt_nett Nuclear programs both in US &amp; Russia are planned to be modernised US will spend $355 Billion next decade $1Trillion over 30 yrs", "type": "lower_reply"}, {"index": 36, "attribution": -0.23777200281620026, "tweet_id": 524969491491721216, "text": "@matt_nett s'what i meant by SLBM &amp; that would be much faster But no one wants to trigger an Holocaust of world proportion in US or Russia", "type": "lower_reply"}]}