{"thread_id": "524946609453678593", "gold_label": 0, "predicted_label": 2, "tweet_attributions": [{"index": 8, "attribution": 3.1798059940338135, "tweet_id": 524948221354053632, "text": "@CBW059 @BBCBreaking don't assume that it was Islamists!!", "type": "lower_reply"}, {"index": 16, "attribution": 2.7057950496673584, "tweet_id": 524965180372176896, "text": "@sophie__malik put money on it! If not I will find this tweet and eat crow!", "type": "lower_reply"}, {"index": 5, "attribution": 1.4098669290542603, "tweet_id": 524947863592509440, "text": "@BBCBreaking it appears the Islamic jhadist are in Canada and not Mexico. Time to secure our northern boarders! Oh snap they white folks!", "type": "direct_reply"}, {"index": 11, "attribution": 0.7004826068878174, "tweet_id": 524955932912922624, "text": "@BBCBreaking this racism in this thread. and islamaphobia. more ppl have been killed by white people than any other ethnicity. rme.", "type": "direct_reply"}, {"index": 7, "attribution": 0.6482039093971252, "tweet_id": 524949646704386048, "text": "@BBCBreaking @BBCWorld @uOttawaDirect. Shoot the scum.", "type": "direct_reply"}, {"index": 15, "attribution": 0.5184174180030823, "tweet_id": 524947243238191105, "text": "\u201c@BBCBreaking: University of Ottawa now in lockdown after earlier shooting at Canada's Parliament buildings, @uOttawaDirect", "type": "direct_reply"}, {"index": 3, "attribution": 0.3407387435436249, "tweet_id": 524968508695015424, "text": "@sophie__malik sister,don't know why u getting bent out of shape. A moron with a gun shots up the place. ... http://t.co/KLelwVNLAu", "type": "lower_reply"}, {"index": 1, "attribution": 0.33226296305656433, "tweet_id": 524946688570830848, "text": "@BBCBreaking @uOttawaDirect wtf Canada", "type": "direct_reply"}, {"index": 6, "attribution": 0.31045040488243103, "tweet_id": 524965739342876674, "text": "@CBW059 whatever", "type": "lower_reply"}, {"index": 4, "attribution": 0.23868638277053833, "tweet_id": 524947135222251520, "text": "RT @BBCBreaking: University of Ottawa now in lockdown after earlier shooting at Canada\u2019s Parliament buildings, @uOttawaDirect", "type": "direct_reply"}, {"index": 14, "attribution": 0.20076113939285278, "tweet_id": 524947175596621824, "text": "@BBCBreaking @defjux69 @uOttawaDirect @A_Addams_ @Maxou_Ranch", "type": "direct_reply"}, {"index": 18, "attribution": 0.13470062613487244, "tweet_id": 524951300887543808, "text": "@PaulRed82sed @BBCBreaking @BBCWorld @uOttawaDirect Military &amp; evry cop in Ottawa on it. One down, more to go..", "type": "lower_reply"}, {"index": 12, "attribution": 0.06169843301177025, "tweet_id": 524950741870718977, "text": "@BBCBreaking @uOttawaDirect After Quebec it brings to mind closing doors and bolting horses!", "type": "direct_reply"}, {"index": 2, "attribution": 0.04226887598633766, "tweet_id": 524946916246052864, "text": "@BBCBreaking @uOttawaDirect Canada loosing its grasp upon multicultural inclusion?", "type": "direct_reply"}, {"index": 0, "attribution": -0.004808388184756041, "tweet_id": 524946609453678593, "text": "University of Ottawa now in lockdown after earlier shooting at Canada's Parliament buildings, @uOttawaDirect says http://t.co/65JM05b8Ts", "type": "source"}, {"index": 19, "attribution": -0.07179462164640427, "tweet_id": 524947362339627009, "text": "@BBCBreaking @uOttawaDirect what is going on there?what happend basically?", "type": "direct_reply"}, {"index": 20, "attribution": -0.12886835634708405, "tweet_id": 524951053260038144, "text": "@khalidgil322 @BBCBreaking @uOttawaDirect Terrorist attack on our Capital, still in progress.", "type": "lower_reply"}, {"index": 17, "attribution": -0.23391838371753693, "tweet_id": 524947632746405888, "text": "@BBCBreaking @uOttawaDirect very sad", "type": "direct_reply"}, {"index": 13, "attribution": -0.24918872117996216, "tweet_id": 524947620855554048, "text": "@FABOURGOGNE @BBCBreaking @defjux69 @uOttawaDirect @A_Addams_ ces salet\u00e9  l emporterons pas au paradis qu ils brulent", "type": "lower_reply"}, {"index": 10, "attribution": -0.25646376609802246, "tweet_id": 524947673410199553, "text": "@BBCBreaking @uOttawaDirect  Shooting is still active", "type": "direct_reply"}, {"index": 9, "attribution": -0.3307953178882599, "tweet_id": 524947064887582721, "text": "@BBCBreaking @uOttawaDirect I wish peace to the great Canadian Nation.Canada is the beautiful part on this planet due to the nice ppl there", "type": "direct_reply"}]}