{"thread_id": "524950264303075328", "gold_label": 1, "predicted_label": 0, "tweet_attributions": [{"index": 0, "attribution": 0.08532322198152542, "tweet_id": 524950264303075328, "text": "CANADA PARLIAMENT SHOOTING:\n- Still active shooter\n- 3 separate shooting sites\n- Multiple gunmen\n- 1 gunmen dead\nhttp://t.co/lXFiYaVImZ", "type": "source"}, {"index": 4, "attribution": 0.0010530425934121013, "tweet_id": 524951014802067456, "text": "@PzFeed @allahpundit Time to break out the German RAF manual from the 70's/80's.", "type": "direct_reply"}, {"index": 3, "attribution": -0.010314716957509518, "tweet_id": 524951701376483328, "text": "@PzFeed @LouisCavaliere", "type": "direct_reply"}, {"index": 1, "attribution": -0.026161255314946175, "tweet_id": 524951156729339905, "text": "@PzFeed fuck ISIS it's on now you fucking pieces of shit", "type": "direct_reply"}, {"index": 2, "attribution": -0.10219656676054001, "tweet_id": 524958647416528896, "text": "@coleenjud @PzFeed hey Col thanks. We are safe in our hotel. Not too far from the Parliament Buildings. All Gov. Buildings are locked down.", "type": "lower_reply"}]}