{"thread_id": "524924225463668738", "gold_label": 0, "predicted_label": 2, "tweet_attributions": [{"index": 7, "attribution": 1.0828514099121094, "tweet_id": 524924531807625216, "text": "\u201c@CP24: BREAKING: CTV News confirms that shots have been fired on Parliament Hill.\u201d", "type": "direct_reply"}, {"index": 5, "attribution": 0.8668515682220459, "tweet_id": 524924734971342851, "text": "@CSB1998 @CP24 cameron youre a bad person", "type": "lower_reply"}, {"index": 2, "attribution": 0.6147241592407227, "tweet_id": 524926237832400897, "text": "black Twitter or white Twitter shots fired .. RT \u201c@CP24: BREAKING: CTV News confirms that shots have been fired on Parliament Hill.\u201d", "type": "direct_reply"}, {"index": 6, "attribution": 0.37774577736854553, "tweet_id": 524926233965236224, "text": "\u201c@CP24: BREAKING: CTV News confirms that shots have been fired on Parliament Hill.\u201d  Wow...", "type": "direct_reply"}, {"index": 4, "attribution": 0.3046009838581085, "tweet_id": 524924637248233472, "text": "SMH... RT \"@CP24: BREAKING: CTV News confirms that shots have been fired on Parliament Hill.\"", "type": "direct_reply"}, {"index": 1, "attribution": 0.17882420122623444, "tweet_id": 524926943297142786, "text": "@2Shae89 @CP24 seems to be still on the loose in parliament..", "type": "lower_reply"}, {"index": 13, "attribution": 0.13091157376766205, "tweet_id": 524925064547172352, "text": "\u201c@CP24: BREAKING: CTV News confirms that shots have been fired on Parliament Hill.\u201d vat?", "type": "direct_reply"}, {"index": 12, "attribution": 0.10672057420015335, "tweet_id": 524925530156838912, "text": "\u201c@CP24: BREAKING: CTV News confirms that shots have been fired on Parliament Hill.\u201d @amandaherdman", "type": "direct_reply"}, {"index": 18, "attribution": 0.09598556905984879, "tweet_id": 524930051381665792, "text": "@F_ckYourWords @CP24 \ud83d\ude02\ud83d\ude02", "type": "lower_reply"}, {"index": 3, "attribution": 0.07369410246610641, "tweet_id": 524924993025884161, "text": "@morganparishh @CP24 for quoting a tweet?", "type": "lower_reply"}, {"index": 11, "attribution": -0.010341380722820759, "tweet_id": 524925839792943104, "text": "@CP24 OMG", "type": "direct_reply"}, {"index": 16, "attribution": -0.03572667017579079, "tweet_id": 524924308209270785, "text": "\u201c@CP24: BREAKING: CTV News confirms that shots have been fired on Parliament Hill.\u201d", "type": "direct_reply"}, {"index": 8, "attribution": -0.05432218685746193, "tweet_id": 524926220216320001, "text": "@CP24 Isis", "type": "direct_reply"}, {"index": 14, "attribution": -0.07393025606870651, "tweet_id": 524925417044860928, "text": "\u201c@CP24: BREAKING: CTV News confirms that shots have been fired on Parliament Hill.\u201d WOWZERS!", "type": "direct_reply"}, {"index": 9, "attribution": -0.0742957592010498, "tweet_id": 524926084056637441, "text": "@cp24 Yup thats great. IM LITERALLY 10 MINUTES AWAY", "type": "direct_reply"}, {"index": 17, "attribution": -0.0992092713713646, "tweet_id": 524924397682180096, "text": "\u201c@CP24: BREAKING: CTV News confirms that shots have been fired on Parliament Hill.\u201d Wtf....", "type": "direct_reply"}, {"index": 10, "attribution": -0.12742891907691956, "tweet_id": 524925434979696640, "text": "RT @CP24: BREAKING: CTV News confirms that shots have been fired on Parliament Hill.\u201d", "type": "direct_reply"}, {"index": 15, "attribution": -0.13660535216331482, "tweet_id": 524924506427904000, "text": "guess I left at the right time \u201c@CP24: BREAKING: CTV News confirms that shots have been fired on Parliament Hill.\u201d", "type": "direct_reply"}, {"index": 0, "attribution": -0.6852245926856995, "tweet_id": 524924225463668738, "text": "BREAKING: CTV News confirms that shots have been fired on Parliament Hill.", "type": "source"}]}