{"thread_id": "524940077978640384", "gold_label": 1, "predicted_label": 2, "tweet_attributions": [{"index": 8, "attribution": 3.6659011840820312, "tweet_id": 524941405702356993, "text": "@cbcjlong @eyamie and now if he\u2019s checking twitter he knows they know\u2026", "type": "direct_reply"}, {"index": 18, "attribution": 1.9794007539749146, "tweet_id": 524941975397879808, "text": "@cenquist @cbcjlong Do a lot of rooftop gunmen spend their time checking twitter feeds? Also, I'm more concerned about my friends in Ottawa", "type": "lower_reply"}, {"index": 0, "attribution": 1.4846776723861694, "tweet_id": 524940077978640384, "text": "Police say the shooter is on roof of building at Metcalfe and Sparks 1 block from Parliament Hill #ottnews #cbcott http://t.co/ZZiMUgj69H", "type": "source"}, {"index": 14, "attribution": 0.6991519331932068, "tweet_id": 524941166102716416, "text": "@cbcjlong @ryanpaulgibson Careful with that. https://t.co/kMBbTwi5oe", "type": "direct_reply"}, {"index": 6, "attribution": 0.598208487033844, "tweet_id": 524942757140639744, "text": "@cenquist Fair enough. I see @cbcjlong is stepping back from that tweet a bit.", "type": "lower_reply"}, {"index": 13, "attribution": 0.49084150791168213, "tweet_id": 524940807522889728, "text": "@cbcjlong This is literally minutes from my home, unbelievable this is #NotOurOttawa", "type": "direct_reply"}, {"index": 9, "attribution": 0.4661182165145874, "tweet_id": 524944000240087040, "text": "@cbcjlong stop giving out possible police locations!!!!", "type": "direct_reply"}, {"index": 10, "attribution": 0.3439769446849823, "tweet_id": 524941509427474433, "text": "@cbcjlong @uglykev Get a Copter up there &amp; take him OUT! We don't coddle Terrorists in Canada @HonJohnBaird", "type": "direct_reply"}, {"index": 4, "attribution": 0.17146675288677216, "tweet_id": 524951927722106881, "text": "@cbcjlong @DamoSpin Isn't that the British High Commission?", "type": "direct_reply"}, {"index": 19, "attribution": 0.12775000929832458, "tweet_id": 524940413073756160, "text": "@cbcjlong That's the UK High Commission building.", "type": "direct_reply"}, {"index": 12, "attribution": 0.05952150747179985, "tweet_id": 524940913668538369, "text": "@cbcjlong @Patrick_leger that's the British high commission that building is in lock down for sure.", "type": "direct_reply"}, {"index": 7, "attribution": -0.0002517020620871335, "tweet_id": 524942310707306496, "text": "@eyamie @cbcjlong I get the thought. But giving away police position and knowledge can worsen the situation.", "type": "lower_reply"}, {"index": 1, "attribution": -0.031885623931884766, "tweet_id": 524941700129898496, "text": "@cbcjlong @sportsbuzzTO That's the British High Commission.", "type": "direct_reply"}, {"index": 5, "attribution": -0.047210436314344406, "tweet_id": 524941512962871297, "text": "@NFB84 @cbcjlong more than one", "type": "lower_reply"}, {"index": 16, "attribution": -0.0790843516588211, "tweet_id": 524941331924525056, "text": "@cbcjlong @James_J_Gordon if the same one from the block - how does he make it there?", "type": "direct_reply"}, {"index": 3, "attribution": -0.2216665893793106, "tweet_id": 524944658552475648, "text": "@cbcjlong My app is mapping tweets from Ottawa shotting area http://t.co/VlcPC99uBJ", "type": "direct_reply"}, {"index": 11, "attribution": -0.32276424765586853, "tweet_id": 524951370345242624, "text": "@cbcjlong @andreabellemare @lmcdougall3", "type": "direct_reply"}, {"index": 17, "attribution": -0.38797077536582947, "tweet_id": 524940564329136129, "text": "@Painchaud03 live", "type": "lower_reply"}, {"index": 15, "attribution": -0.6821078658103943, "tweet_id": 524942796017659904, "text": "@cbcjlong this is the british consulate and it is not located at that intersection. @BambiBlue", "type": "direct_reply"}, {"index": 2, "attribution": -0.7534897923469543, "tweet_id": 524941868526997504, "text": "@cbcjlong @Incidentpost on roof of British High Commission? Really? Careful what you tweet, folks.", "type": "direct_reply"}]}