{"thread_id": "524959836778536961", "gold_label": 1, "predicted_label": 0, "tweet_attributions": [{"index": 0, "attribution": 0.3459140360355377, "tweet_id": 524959836778536961, "text": "UPDATE: Ottawa police confirm gunman in Canada shooting shot and killed. Search on for possible additional gunmen. http://t.co/sV7ZH50tlf", "type": "source"}, {"index": 1, "attribution": -0.008417243137955666, "tweet_id": 524960162327834625, "text": "@CBSNews where are the police helicopters", "type": "direct_reply"}, {"index": 2, "attribution": -0.018184533342719078, "tweet_id": 524960075136663552, "text": "@CBSNews @JoeyBats19", "type": "direct_reply"}, {"index": 4, "attribution": -0.01974010281264782, "tweet_id": 524973284547653633, "text": "@CBSNews wake up call for canada", "type": "direct_reply"}, {"index": 3, "attribution": -0.022720148786902428, "tweet_id": 524967668684951552, "text": "@CBSNews GOOD! STOPPLAYING AROUND  WIH THES SCUMBAGS KILL THEM.NO JAIL NO COURTS, SHOT TO KILL!! GOD BLESS THE HEROS!!!", "type": "direct_reply"}]}