{"thread_id": "524928119955013632", "gold_label": 0, "predicted_label": 0, "tweet_attributions": [{"index": 0, "attribution": 0.34152600169181824, "tweet_id": 524928119955013632, "text": "Police say they have located car belonging to suspect in #Ottawa shooting. Uniformed soldier shot at War Memorial, condition unknown.", "type": "source"}, {"index": 3, "attribution": 0.03648010641336441, "tweet_id": 524929564708184064, "text": "@CBCAlerts @CBCNews stay away from the car. #ottawa", "type": "direct_reply"}, {"index": 9, "attribution": 0.028222860768437386, "tweet_id": 524928518480986113, "text": "@CBCAlerts @CBCNews That car may not be safe.", "type": "direct_reply"}, {"index": 7, "attribution": 0.02132829837501049, "tweet_id": 524928958748708864, "text": "@CBCAlerts", "type": "direct_reply"}, {"index": 5, "attribution": 0.004774858243763447, "tweet_id": 524930197389582339, "text": "@CBCAlerts @KVasilas @Chloekinng", "type": "direct_reply"}, {"index": 2, "attribution": 0.003921143244951963, "tweet_id": 524928886782832640, "text": "@CBCAlerts", "type": "direct_reply"}, {"index": 10, "attribution": -0.001504893065430224, "tweet_id": 524928994391908352, "text": "@CBCAlerts @CBCNews why is this not breaking news on CBC right now on TV....really???", "type": "direct_reply"}, {"index": 4, "attribution": -0.02979382313787937, "tweet_id": 524938436323848192, "text": "@CBCAlerts time to lock down suspected radical element in Canada and throw away the key", "type": "direct_reply"}, {"index": 6, "attribution": -0.048979099839925766, "tweet_id": 524928710693388289, "text": "@CBCAlerts Was the Prime Minister on the hill this morning?", "type": "direct_reply"}, {"index": 8, "attribution": -0.04950757697224617, "tweet_id": 524930277060403200, "text": "#cdnpoli\n@CBCAlerts \n#LordHaveMercy", "type": "direct_reply"}, {"index": 1, "attribution": -0.05102212727069855, "tweet_id": 524932290347290624, "text": "@CBCAlerts @CBCVancouver horrendous", "type": "direct_reply"}]}