{"thread_id": "524945676443340800", "gold_label": 1, "predicted_label": 0, "tweet_attributions": [{"index": 0, "attribution": 0.3631787598133087, "tweet_id": 524945676443340800, "text": "Police confirm multiple suspects involved in shooting incident at Ottawa War Memorial - @VassyKapelos, @amyminsky http://t.co/aF9HyT9BgX", "type": "source"}, {"index": 3, "attribution": 0.047990601509809494, "tweet_id": 524947280185790465, "text": "@BreakingNews @VassyKapelos @amyminsky http://t.co/TLWek8ao8V", "type": "direct_reply"}, {"index": 4, "attribution": 0.023340431973338127, "tweet_id": 524945997315989504, "text": "@BreakingNews @VassyKapelos @amyminsky @SeanSchoferTVN", "type": "direct_reply"}, {"index": 2, "attribution": 0.012357305735349655, "tweet_id": 524946396441374720, "text": "@BreakingNews @VassyKapelos @amyminsky Probably Buddhists or Hassidic Jews.", "type": "direct_reply"}, {"index": 5, "attribution": -0.006487928796559572, "tweet_id": 524987052287619073, "text": "@BreakingNews @VassyKapelos @amyminsky", "type": "direct_reply"}, {"index": 6, "attribution": -0.04059980437159538, "tweet_id": 524993450702561282, "text": "@BreakingNews @amyminsky @VassyKapelos \u201cPolice are unwilling to confirm multiple suspects\u201d.", "type": "direct_reply"}, {"index": 1, "attribution": -0.0934293195605278, "tweet_id": 525080292038410240, "text": "@BreakingNews @VassyKapelos @amyminsky @rcallimachi  go after the suspect til the end", "type": "direct_reply"}]}