{"thread_id": "524936793633083394", "gold_label": 0, "predicted_label": 2, "tweet_attributions": [{"index": 16, "attribution": 1.0176894664764404, "tweet_id": 524946091444146177, "text": "@markstrahl @IsraelSpeaker Welcome to the new world order of Arab terror.", "type": "direct_reply"}, {"index": 4, "attribution": 0.6724284291267395, "tweet_id": 524938264575508482, "text": "Stay Safe Mark @markstrahl @Wetaskijen Live coverage here: http://t.co/XYz8dPaiTY", "type": "direct_reply"}, {"index": 11, "attribution": 0.2334423065185547, "tweet_id": 524967738926981121, "text": "@markstrahl Glad you are o.k! Must be nerve racking...Wow. . .", "type": "direct_reply"}, {"index": 12, "attribution": 0.1543857902288437, "tweet_id": 524937839960928256, "text": "MP \u201c@markstrahl: Multiple gun shots fired outside of our caucus room.  I am safe and in lockdown. Unbelievable.\u201d #ottawa #fb", "type": "direct_reply"}, {"index": 9, "attribution": 0.1416025012731552, "tweet_id": 524939768828686337, "text": "@BlueGood2 @markstrahl Watching on CBC", "type": "lower_reply"}, {"index": 19, "attribution": 0.10490325093269348, "tweet_id": 524944059844931585, "text": "@markstrahl @mattdpearce y dont u protect ur own self instead of gettin young good men shot for you, pussy! lawyer scum!", "type": "direct_reply"}, {"index": 13, "attribution": 0.09738420695066452, "tweet_id": 524940028108353536, "text": "@markstrahl. Stay safe sir!", "type": "direct_reply"}, {"index": 18, "attribution": 0.051570478826761246, "tweet_id": 524960126084866048, "text": "@markstrahl Hi Mark - could you follow me so I can message you? Glad you're ok. Many thanks", "type": "direct_reply"}, {"index": 17, "attribution": 0.039802633225917816, "tweet_id": 524937930184597504, "text": "@markstrahl great to hear Mark - stay safe and prayers for everyone's safety ! Wow, this changes our country :(", "type": "direct_reply"}, {"index": 1, "attribution": 0.01754881627857685, "tweet_id": 525360304646266881, "text": "@YehonasanEaston So this is why \"The Secret\" and \"The Law of Attraction\" never worked for me! Check this out... http://t.co/frHVjK0OhO", "type": "lower_reply"}, {"index": 7, "attribution": -0.0004819846071768552, "tweet_id": 524939219865972736, "text": "@markstrahl I hope you are safe - stay strong. Thoughts are with you and everyone at Parliament.", "type": "direct_reply"}, {"index": 15, "attribution": -0.001038517919369042, "tweet_id": 524944007848550400, "text": "@markstrahl @mattdpearce i know you were busy studying the #tarsands pollution report that your colleagues are trying to ignore", "type": "direct_reply"}, {"index": 2, "attribution": -0.014041033573448658, "tweet_id": 524962958754205698, "text": "@markstrahl @GreatDismal Security note: your doors should have bars that drop down, so you don't need to pile furniture to block them.", "type": "direct_reply"}, {"index": 14, "attribution": -0.04955480620265007, "tweet_id": 524944354465841152, "text": "@markstrahl @MasonAdamsVA blessings &amp; well-wishes to all affected", "type": "direct_reply"}, {"index": 6, "attribution": -0.0815374106168747, "tweet_id": 524938640435068930, "text": "@markstrahl glad to hear you are safe - are thoughts are with u all #ableg", "type": "direct_reply"}, {"index": 10, "attribution": -0.10893011838197708, "tweet_id": 524938161072242688, "text": "@markstrahl Thank you. R all CPC Caucus Members safe? My MP is silent.", "type": "direct_reply"}, {"index": 3, "attribution": -0.12511980533599854, "tweet_id": 524948091561324545, "text": "@markstrahl thank God! Cc @intelwire", "type": "direct_reply"}, {"index": 8, "attribution": -0.14413200318813324, "tweet_id": 524942228074926080, "text": "@markstrahl what is recent? any breaking news? is the gunman dead?", "type": "direct_reply"}, {"index": 5, "attribution": -0.188324436545372, "tweet_id": 524937115503566848, "text": "@markstrahl this is crazy.  Hope you all stay safe.", "type": "direct_reply"}, {"index": 0, "attribution": -1.1235865354537964, "tweet_id": 524936793633083394, "text": "Very tense situation in Ottawa this morning.  Multiple gun shots fired outside of our caucus room.  I am safe and in lockdown. Unbelievable.", "type": "source"}]}