{"thread_id": "524974106308251648", "gold_label": 0, "predicted_label": 0, "tweet_attributions": [{"index": 18, "attribution": 0.24285678565502167, "tweet_id": 524975091549888512, "text": "\u201c@CTVNews: #BREAKING: Soldier shot at the National War Memorial has died, CTV has confirmed\u201d.  How awful.", "type": "direct_reply"}, {"index": 8, "attribution": 0.22373150289058685, "tweet_id": 524974952655912960, "text": "Utterly heartbroken: RT @CTVNews: #BREAKING: Soldier shot at the National War Memorial has died, CTV has confirmed", "type": "direct_reply"}, {"index": 15, "attribution": 0.13709332048892975, "tweet_id": 524975333393448960, "text": "@CTVNews Source?", "type": "direct_reply"}, {"index": 2, "attribution": 0.12763702869415283, "tweet_id": 524974497527758848, "text": "Sadly, there it is RT  \"@CTVNews #BREAKING: Soldier shot at the National War Memorial has died, CTV has confirmed\"", "type": "direct_reply"}, {"index": 6, "attribution": 0.09712290018796921, "tweet_id": 524976507257499650, "text": "@Keri_Adams So sad.  Veterans Day will take on such an important meaning.", "type": "lower_reply"}, {"index": 7, "attribution": 0.07571451365947723, "tweet_id": 524974595292823552, "text": "\u201c@CTVNews: #BREAKING: Soldier shot at the National War Memorial has died, CTV has confirmed\u201d", "type": "direct_reply"}, {"index": 11, "attribution": 0.06577254086732864, "tweet_id": 524979746481115136, "text": "This is awful RT\u201c@CTVNews: #BREAKING: Soldier shot at the National War Memorial has died, CTV has confirmed\u201d", "type": "direct_reply"}, {"index": 5, "attribution": 0.05491262301802635, "tweet_id": 524975326284492801, "text": "@JennAnnis @CTVNews my heart goes out to the Canadian Military, the solider's family, and all of my fellow Canadians. #OttawaShooting", "type": "lower_reply"}, {"index": 14, "attribution": 0.05415928363800049, "tweet_id": 524975767500111873, "text": "@Keri_Adams @CTVNews Terrible! Strength &amp; sincere condolences to his family.", "type": "lower_reply"}, {"index": 9, "attribution": 0.05119825899600983, "tweet_id": 524974420751048705, "text": "@CTVNews confirmed how?  Seemed to be uncertainty", "type": "direct_reply"}, {"index": 19, "attribution": 0.02693987637758255, "tweet_id": 524974502627663872, "text": "#OttawaShooting RT @CTVNews Soldier shot at the National War Memorial has died, CTV has confirmed", "type": "direct_reply"}, {"index": 1, "attribution": 0.01556000392884016, "tweet_id": 524974216853356544, "text": "RT @CTVNews #BREAKING: Soldier shot at the National War Memorial has died, CTV has confirmed", "type": "direct_reply"}, {"index": 10, "attribution": 0.015243779867887497, "tweet_id": 524975259393724416, "text": "@CTVNews prayers to the family", "type": "direct_reply"}, {"index": 12, "attribution": 0.006991892587393522, "tweet_id": 524975043710038016, "text": "\u201c@SimonOstler: \u201c@CTVNews: #BREAKING: Soldier shot at the National War Memorial has died, CTV has confirmed\u201d @NormanJamesCTV", "type": "lower_reply"}, {"index": 4, "attribution": -0.01115818414837122, "tweet_id": 524974305848098816, "text": "@CTVNews payers to the family \ud83d\ude4f", "type": "direct_reply"}, {"index": 16, "attribution": -0.011643697507679462, "tweet_id": 524975520942145536, "text": "@CTVNews Confirmed with WHO???", "type": "direct_reply"}, {"index": 13, "attribution": -0.04638344421982765, "tweet_id": 524975220609011713, "text": "@CTVNews confirmed by ? and was it on an official statement?  @althiaraj #BREAKING", "type": "direct_reply"}, {"index": 3, "attribution": -0.056438084691762924, "tweet_id": 524976124120813568, "text": "\u201c@CTVNews: #BREAKING: Soldier shot at the National War Memorial has died, CTV has confirmed\u201d such a tragedy!", "type": "direct_reply"}, {"index": 17, "attribution": -0.08442357927560806, "tweet_id": 524977265025634304, "text": "@CTVNews heartbreaking news...we are all feeling it today :(", "type": "direct_reply"}, {"index": 0, "attribution": -0.5063504576683044, "tweet_id": 524974106308251648, "text": "#BREAKING: Soldier shot at the National War Memorial has died, CTV has confirmed", "type": "source"}]}