{"thread_id": "524926279309860864", "gold_label": 0, "predicted_label": 2, "tweet_attributions": [{"index": 3, "attribution": 2.638256311416626, "tweet_id": 524927667297320960, "text": "@BBCBreaking stop killing baby seals please Canada they belong to the world!", "type": "direct_reply"}, {"index": 2, "attribution": 1.3684730529785156, "tweet_id": 524929484022378496, "text": "@BBCBreaking I'm guessing they ran out of beer \"A\"", "type": "direct_reply"}, {"index": 22, "attribution": 1.3475450277328491, "tweet_id": 524942176888057856, "text": "@jamesalvahaye @BBCBreaking Stop your Gun-Man and I will stop Canada  from clubbing the babies seals. Deal?", "type": "lower_reply"}, {"index": 19, "attribution": 0.4202998876571655, "tweet_id": 524926458515697664, "text": "@BBCBreaking what's going on with Canada lately, it's usually so quiet over there", "type": "direct_reply"}, {"index": 1, "attribution": 0.27503013610839844, "tweet_id": 524927396290756609, "text": "#AttackInOttawa\n@BBCBreaking: Shots  outside Cndn parliament in #Ottawa and a soldier is wounded, local media report\nhttp://t.co/iyGmtDPqYI", "type": "direct_reply"}, {"index": 20, "attribution": 0.265506774187088, "tweet_id": 524942959167291392, "text": "@Derrah @jamesalvahaye @BBCBreaking Hey man, you gotta be consistent with your message, even if it seems asinine #saveonlythecutethings", "type": "lower_reply"}, {"index": 9, "attribution": 0.23059318959712982, "tweet_id": 524929527873802240, "text": "@sophie__malik @BBCBreaking I agree!", "type": "lower_reply"}, {"index": 4, "attribution": 0.1678328663110733, "tweet_id": 524926673188581376, "text": "@BBCBreaking whats it all aboot", "type": "direct_reply"}, {"index": 14, "attribution": 0.14517131447792053, "tweet_id": 524927198461820928, "text": "@BBCBreaking \nNo #Muslims plz", "type": "direct_reply"}, {"index": 13, "attribution": 0.13662122189998627, "tweet_id": 525070230931140608, "text": "@Thiraya_photo @BBCBreaking and morn you should! My comment was not meant to disrespect a fallen solider.", "type": "lower_reply"}, {"index": 21, "attribution": 0.08770214766263962, "tweet_id": 524926771842793472, "text": "@BBCBreaking when did canada turn so violent", "type": "direct_reply"}, {"index": 7, "attribution": 0.07922880351543427, "tweet_id": 525049411672735745, "text": "@LeoHainey @BBCBreaking it's \"eh\"... some of us are sober in #canada. A 24-year-old father &amp; soldier died today. Our nation will morn him.", "type": "lower_reply"}, {"index": 23, "attribution": 0.02595437504351139, "tweet_id": 524928419159883776, "text": "@BBCBreaking I used to feel so safe when I lived in Ottawa! It seems no where is safe these days from terrorism. It's a sad time we live in", "type": "direct_reply"}, {"index": 17, "attribution": -0.035251595079898834, "tweet_id": 524926671485272064, "text": "@BBCBreaking that's a worry shots on outside , are not the communists in side shooting there best call", "type": "direct_reply"}, {"index": 5, "attribution": -0.09375237673521042, "tweet_id": 524930368710144000, "text": "@CrystalMacIntos @BBCBreaking you got a point", "type": "lower_reply"}, {"index": 15, "attribution": -0.12274918705224991, "tweet_id": 524929369756942336, "text": "@BBCBreaking Canada is supposed to be a happy place -__-", "type": "direct_reply"}, {"index": 6, "attribution": -0.15331943333148956, "tweet_id": 524926518787858432, "text": "\u201c@BBCBreaking: Shots are fired outside Canadian parliament in Ottawa and a soldier is wounded, local media report http://t.co/S26D8pOyjn\u201d", "type": "direct_reply"}, {"index": 12, "attribution": -0.16178251802921295, "tweet_id": 524928720042483714, "text": "@BBCBreaking \u00bfin Canada? That's amazing !!", "type": "direct_reply"}, {"index": 8, "attribution": -0.21888230741024017, "tweet_id": 524926899890704384, "text": "@BBCBreaking Reports are that Sidney Crosby is being blamed", "type": "direct_reply"}, {"index": 18, "attribution": -0.2459762543439865, "tweet_id": 525513576510156800, "text": "This was @BBCBreaking's first tweet when the story broke; tragically, Cpl #NathanCirillo died of his injuries. @robynlogan94 @sophie__malik", "type": "lower_reply"}, {"index": 10, "attribution": -0.3122381865978241, "tweet_id": 524926553395040256, "text": "\u201c@BBCBreaking: Shots fired outside Canadian parliament in Ottawa, soldier is wounded, local media report http://t.co/kdJX343RYs\u201d WTF CANADA", "type": "direct_reply"}, {"index": 11, "attribution": -0.32237499952316284, "tweet_id": 524926694646222848, "text": "@BBCBreaking jkow-jk, jng me naikkan harga BBM,,konsekwen,,masyarakat tdk  memerlukan ideku,,,, Jangan me naikkan BBM http://t.co/lQIcekm0Jz", "type": "direct_reply"}, {"index": 16, "attribution": -0.43841156363487244, "tweet_id": 524927286504849409, "text": "@BBCBreaking shots fired INSIDE the Centre Block of Parliament. Staff and MPs are in lockdown.", "type": "direct_reply"}, {"index": 0, "attribution": -0.5151147246360779, "tweet_id": 524926279309860864, "text": "Shots are fired outside Canadian parliament in Ottawa and a soldier is wounded, local media report http://t.co/Ygpjna1CRG", "type": "source"}]}