{"thread_id": "524961908903149568", "gold_label": 2, "predicted_label": 2, "tweet_attributions": [{"index": 4, "attribution": 0.16476990282535553, "tweet_id": 525007944526491648, "text": "@Cosmi that's why there's so many mass shootings in countries with strict gun laws right?", "type": "lower_reply"}, {"index": 0, "attribution": 0.11816725879907608, "tweet_id": 524961908903149568, "text": "2 new victims en route to Ottawa hospital; 1 shot, both non-life-threatening, hospital says - @MICHAELCTV, @CBCNews https://t.co/wCqPcyqMxK", "type": "source"}, {"index": 5, "attribution": 0.0733870342373848, "tweet_id": 524963053205749761, "text": "@BreakingNews @MICHAELCTV @CBCNews God keep you all safe.Pray this deranged psychos are caught soonest.", "type": "direct_reply"}, {"index": 2, "attribution": 0.047808513045310974, "tweet_id": 524963284043456512, "text": "@BreakingNews @MICHAELCTV @CBCNews omg \ud83d\ude1e", "type": "direct_reply"}, {"index": 1, "attribution": 0.043749112635850906, "tweet_id": 524962300310986752, "text": "@BreakingNews @MICHAELCTV @CBCNews has terrorism came to Canada", "type": "direct_reply"}, {"index": 3, "attribution": 0.009023101069033146, "tweet_id": 524962501126291456, "text": "@Cosmi @BreakingNews @MICHAELCTV @CBCNews you can own guns in Canada.", "type": "lower_reply"}]}