{"thread_id": "524967376719466496", "gold_label": 0, "predicted_label": 0, "tweet_attributions": [{"index": 14, "attribution": 0.07521236687898636, "tweet_id": 524967933072928768, "text": "@BreakingNews @TorontoStar this has been retracted by many news outlets. Please confirm and correct.", "type": "direct_reply"}, {"index": 9, "attribution": 0.07431741058826447, "tweet_id": 524967820715892737, "text": "@BreakingNews @TorontoStar He died in his country if not for his country.", "type": "direct_reply"}, {"index": 7, "attribution": 0.06102287396788597, "tweet_id": 524967580067721216, "text": "@BreakingNews @TorontoStar Can someone please confirm and not go by Kenney who may or may not no.", "type": "direct_reply"}, {"index": 10, "attribution": 0.05836939811706543, "tweet_id": 524968270516854784, "text": "@BreakingNews @TorontoStar prayers!", "type": "direct_reply"}, {"index": 15, "attribution": 0.056633468717336655, "tweet_id": 524967609062948865, "text": "\u201c@BreakingNews: Canada's Minister of Employment Jason Kenney says the soldier shot in Ottawa has died - @TorontoStar http://t.co/MkglOvK14D\u201d", "type": "direct_reply"}, {"index": 1, "attribution": 0.04895037040114403, "tweet_id": 524967588452126720, "text": "@BreakingNews @TorontoStar confirm it first", "type": "direct_reply"}, {"index": 2, "attribution": 0.039202433079481125, "tweet_id": 524968016690569216, "text": "@BreakingNews @TorontoStar he was talking about the soldier that passed on Monday in Quebec", "type": "direct_reply"}, {"index": 17, "attribution": 0.03887961059808731, "tweet_id": 524968061179539457, "text": "@BreakingNews rest in peace", "type": "direct_reply"}, {"index": 5, "attribution": 0.030486049130558968, "tweet_id": 524967642592215040, "text": "@BreakingNews @TorontoStar no", "type": "direct_reply"}, {"index": 8, "attribution": 0.017255784943699837, "tweet_id": 524967977188614144, "text": "@BreakingNews @TorontoStar heard he is fine. Soooo which one is it?", "type": "direct_reply"}, {"index": 0, "attribution": 0.013635189272463322, "tweet_id": 524967376719466496, "text": "Canada's Minister of Employment Jason Kenney says the soldier shot in Ottawa has died - @TorontoStar http://t.co/YXHpFMqGic", "type": "source"}, {"index": 12, "attribution": 0.011656372807919979, "tweet_id": 524968402272940032, "text": "@BreakingNews  @CBCAlerts", "type": "direct_reply"}, {"index": 13, "attribution": 0.0028077883180230856, "tweet_id": 524967666562633728, "text": "\u201c@BreakingNews: Canada's Minister of Employment Jason Kenney says the soldier shot in Ottawa has died - @TorontoStar http://t.co/Cr9zFPAB8i\u201d", "type": "direct_reply"}, {"index": 3, "attribution": -0.01291352417320013, "tweet_id": 524968548847063040, "text": "Damn RT @BreakingNews: Canada's Minister of Employment Jason Kenney says the soldier shot in Ottawa has died - @TorontoStar", "type": "direct_reply"}, {"index": 18, "attribution": -0.015741856768727303, "tweet_id": 524967641325502464, "text": "\u201c@BreakingNews: Canada's Minister of Employment Jason Kenney says the soldier shot in Ottawa has died - @TorontoStar http://t.co/a1LexzUbnV\u201d", "type": "direct_reply"}, {"index": 16, "attribution": -0.017875822260975838, "tweet_id": 524968059229188096, "text": "@BreakingNews @TorontoStar The minister of employment? So... Bullish? Seriously why is it this guy who says this...", "type": "direct_reply"}, {"index": 11, "attribution": -0.021222462877631187, "tweet_id": 524967708694028288, "text": "@BreakingNews. Oh nooooo oh my God", "type": "direct_reply"}, {"index": 4, "attribution": -0.022187640890479088, "tweet_id": 524967463709319170, "text": "@BreakingNews @TorontoStar oh no....", "type": "direct_reply"}, {"index": 6, "attribution": -0.037243545055389404, "tweet_id": 524967745549398016, "text": "@BreakingNews @TorontoStar", "type": "direct_reply"}]}