{"thread_id": "524970966842376192", "gold_label": 0, "predicted_label": 2, "tweet_attributions": [{"index": 3, "attribution": 3.8514556884765625, "tweet_id": 524972182884323328, "text": "@CBCAlerts Cdn PM Harper has blood on his OWN hands 4 provoking terrorist attacks on Canadians by joining US war to fix Iraq mess US created", "type": "direct_reply"}, {"index": 13, "attribution": 0.23627664148807526, "tweet_id": 524971564094468097, "text": "@CBCAlerts no, kenney said condolences to the soldier who died from car incident, thoughts go out to today's soldier. misinterpreted tweet", "type": "direct_reply"}, {"index": 18, "attribution": 0.2069985270500183, "tweet_id": 524972586544164865, "text": "@CBCAlerts glued to the television so sad RIP young man Canada is proud of you", "type": "direct_reply"}, {"index": 1, "attribution": 0.18985240161418915, "tweet_id": 524972714155868160, "text": "@CBCAlerts RIP to the honoured dead.", "type": "direct_reply"}, {"index": 12, "attribution": 0.13700030744075775, "tweet_id": 524972252203200512, "text": "@CBCAlerts @DamoSpin R.I.P", "type": "direct_reply"}, {"index": 7, "attribution": 0.12012205272912979, "tweet_id": 525043740943978497, "text": "@Bobb999 @CBCAlerts You are a disgusting individual. Turning a senseless tragedy into a political statement.", "type": "lower_reply"}, {"index": 4, "attribution": 0.09681523591279984, "tweet_id": 524971132404109312, "text": "@CBCAlerts so sad. #rip #OttawaShooting", "type": "direct_reply"}, {"index": 5, "attribution": 0.07916580885648727, "tweet_id": 524971703718641664, "text": "@CBCAlerts @DamoSpin RIP-the ultimate sacrifice. #OttawaShooting #Ottawa #CanadaUnderAttack #parliamentsquare #parlimentshooting #parliament", "type": "direct_reply"}, {"index": 9, "attribution": 0.046818118542432785, "tweet_id": 524972435100426240, "text": "@CBCAlerts Thoughts and prayers go out to the fallen soldiers family. Sad this has to happen.", "type": "direct_reply"}, {"index": 15, "attribution": 0.0021705550607293844, "tweet_id": 524972895936987136, "text": "@CBCAlerts : May the sold\u0131er rest \u0131n perfect peace. D\u0131dn't deserve th\u0131s cruel end.", "type": "direct_reply"}, {"index": 10, "attribution": -0.011428202502429485, "tweet_id": 524972606131568640, "text": "@CBCAlerts @DamoSpin I blame Ottawa for this attack because it seems they don't take this stuff serious and look whats happened", "type": "direct_reply"}, {"index": 2, "attribution": -0.047326985746622086, "tweet_id": 524972373519654912, "text": "@CBCAlerts @CBCTheNational :( so sorry.#sadinns", "type": "direct_reply"}, {"index": 6, "attribution": -0.04877632483839989, "tweet_id": 524972438367776769, "text": "\u201c@CBCAlerts: Conservative caucus told Canadian soldier shot at War Memorial has died. My thoughts are with all our armed forces &amp; families", "type": "direct_reply"}, {"index": 14, "attribution": -0.08452630788087845, "tweet_id": 525100406779969536, "text": "@imanz90 @CBCAlerts Is it mere\"politics\"to be concerned Cdn citizens are now less safe in their own country due to the PM's recklessness?No.", "type": "lower_reply"}, {"index": 17, "attribution": -0.119729183614254, "tweet_id": 524971490446684162, "text": "\u201c@CBCAlerts: Conservative caucus told Canadian soldier shot at War Memorial has died\". This just turned a new shade of ugly!", "type": "direct_reply"}, {"index": 11, "attribution": -0.1335446983575821, "tweet_id": 524971330870202368, "text": "@CBCAlerts @PerthCoEMS", "type": "direct_reply"}, {"index": 16, "attribution": -0.3985050618648529, "tweet_id": 524971897302548481, "text": "@CBCAlerts so sad about this.", "type": "direct_reply"}, {"index": 8, "attribution": -0.5076122283935547, "tweet_id": 524972502574178305, "text": "@CBCAlerts the death of the soldier has not been confirmed.  You're info is from an mp who has no intel on the matter #professionals?", "type": "direct_reply"}, {"index": 0, "attribution": -0.9748324751853943, "tweet_id": 524970966842376192, "text": "Conservative caucus told Canadian soldier shot at War Memorial has died, Soldier has not been named, but was a reservist based in #Hamilton.", "type": "source"}]}