{"thread_id": "524969679790817280", "gold_label": 2, "predicted_label": 0, "tweet_attributions": [{"index": 1, "attribution": 0.10230126976966858, "tweet_id": 524973890208944128, "text": "@kevin_mcgran Seriously? A soldier may have died; who cares what the Leafs heard. Get some perspective. #OttawaShooting", "type": "direct_reply"}, {"index": 8, "attribution": 0.05287768319249153, "tweet_id": 524996174000816128, "text": "\u201c@kevin_mcgran: #leafs could hear shots from their rooms, I am told. #OttawaShooting\u201d\n\nThat's fuckin scary", "type": "direct_reply"}, {"index": 2, "attribution": 0.052328988909721375, "tweet_id": 524984758657613825, "text": "@kevin_mcgran @JeffMarek who cares? is that supposed to make the situation worse than it already is?", "type": "direct_reply"}, {"index": 6, "attribution": 0.03618323430418968, "tweet_id": 524970098788798467, "text": "@kevin_mcgran @JeffMarek how to make your self relevant.", "type": "direct_reply"}, {"index": 7, "attribution": 0.03390609845519066, "tweet_id": 524973075461578752, "text": "\u201c@kevin_mcgran: #leafs could hear shots from their rooms, I am told. #OttawaShooting\u201d that's scary #PrayForOttawa", "type": "direct_reply"}, {"index": 0, "attribution": 0.014221210032701492, "tweet_id": 524969679790817280, "text": "#leafs could hear shots from their rooms, I am told. #OttawaShooting", "type": "source"}, {"index": 3, "attribution": -0.014567253179848194, "tweet_id": 524972313234923520, "text": "@kevin_mcgran @JeffMarek because that's what everyone wanted to know. #idiot", "type": "direct_reply"}, {"index": 5, "attribution": -0.020625125616788864, "tweet_id": 524970859178786816, "text": "\u201c@kevin_mcgran: #leafs could hear shots from their rooms, I am told. #OttawaShooting\u201d oh my god", "type": "direct_reply"}, {"index": 4, "attribution": -0.02582254819571972, "tweet_id": 524970085237395457, "text": "FYI @kevin_mcgran: #leafs could hear shots from their rooms, I am told. #OttawaShooting\u201d", "type": "direct_reply"}, {"index": 9, "attribution": -0.03860664367675781, "tweet_id": 524970762672029696, "text": "Omg RT @kevin_mcgran: #leafs could hear shots from their rooms, I am told. #OttawaShooting", "type": "direct_reply"}]}