{"thread_id": "524967298604359684", "gold_label": 0, "predicted_label": 0, "tweet_attributions": [{"index": 0, "attribution": 0.3115215599536896, "tweet_id": 524967298604359684, "text": "WATCH: Sounds of apparent gunfire inside halls of Canada's Parliament Hill: http://t.co/KzOOm96NEL http://t.co/WOzpsb6dXi", "type": "source"}, {"index": 7, "attribution": 0.07429702579975128, "tweet_id": 524971884379521025, "text": "@ABC why does it say apparent gunfire? Interesting", "type": "direct_reply"}, {"index": 8, "attribution": 0.038265351206064224, "tweet_id": 524996502205128704, "text": "Scary news from Parliament Hill in Ottawa.  I was an intern once there - thinking of everyone today @abc @reuters @cnn", "type": "direct_reply"}, {"index": 3, "attribution": -0.0033254961017519236, "tweet_id": 524968526961192960, "text": "@ABC WOW", "type": "direct_reply"}, {"index": 4, "attribution": -0.004691794980317354, "tweet_id": 524968894784864256, "text": "@ABC  rcmp should have put em down by now.", "type": "direct_reply"}, {"index": 5, "attribution": -0.015156549401581287, "tweet_id": 524982176312332288, "text": "\u201c@ABC: WATCH: Sounds of apparent gunfire inside halls of Canada's Parliament Hill: http://t.co/aMaLmACFy5 http://t.co/OnkriQEfK9\u201d", "type": "direct_reply"}, {"index": 1, "attribution": -0.01729917712509632, "tweet_id": 524967423536287745, "text": "@ABC sounds like terrorists. maybe ISIS", "type": "direct_reply"}, {"index": 6, "attribution": -0.035772982984781265, "tweet_id": 524969440647979009, "text": "Wowww crazy \u201c@ABC: WATCH: Sounds of apparent gunfire inside halls of Canada's Parliament Hill http://t.co/k7AYE6Fnx0 http://t.co/1f63T9kQ96\u201d", "type": "direct_reply"}, {"index": 2, "attribution": -0.056601714342832565, "tweet_id": 525061923264425984, "text": "@ABC  SOLUTION?  2 A-Bombs. Let Our God and Their \"God\" sort it out.", "type": "direct_reply"}, {"index": 9, "attribution": -0.0687713548541069, "tweet_id": 524970610112593921, "text": "@ABC Our thoughts are with you Ottawa http://t.co/3GTYfDczty", "type": "direct_reply"}]}