{"thread_id": "524930293921107969", "gold_label": 0, "predicted_label": 2, "tweet_attributions": [{"index": 9, "attribution": 1.1927298307418823, "tweet_id": 524930447063912449, "text": "@CBCOttawa Arrest or neutralize these Islamist rapists, these chanting bastard slavers, BEFORE they murder more citizens!", "type": "direct_reply"}, {"index": 8, "attribution": 0.29244521260261536, "tweet_id": 524932271728783360, "text": "@ivoirien_com @CBCOttawa The OPS needs more funds for stormtrooper gear and mp5s to catch these scurytrrrsts!", "type": "lower_reply"}, {"index": 5, "attribution": 0.14481592178344727, "tweet_id": 524930569797632000, "text": "@CBCOttawa They are walking all over Canada's laws and loop-holes!  It's time to cut them out of society completely!", "type": "direct_reply"}, {"index": 2, "attribution": 0.08982514590024948, "tweet_id": 524931365134159872, "text": "\u201c@CBCOttawa: Soldier shot at National War Memorial in Ottawa http://t.co/zv39XfiWA3\u201d Can't believe it.", "type": "direct_reply"}, {"index": 6, "attribution": 0.04792368784546852, "tweet_id": 524932276174729216, "text": "Juz got evacuated at Rideau Centre \u201c@CBCOttawa: Soldier shot at National War Memorial in Ottawa http://t.co/rwEsixDqsr\u201d", "type": "direct_reply"}, {"index": 1, "attribution": 0.04462872073054314, "tweet_id": 524932605083668480, "text": "\u201c@CBCOttawa: Soldier shot at National War Memorial in Ottawa http://t.co/TPKrwPf562\u201d", "type": "direct_reply"}, {"index": 3, "attribution": -0.02747451514005661, "tweet_id": 524930630438883328, "text": "@CBCOttawa The Islamists among us, shouldn't be among us!", "type": "direct_reply"}, {"index": 4, "attribution": -0.04524123668670654, "tweet_id": 524931692709281792, "text": "Stay safe, Ottawa! RT @CBCOttawa: Soldier shot at National War Memorial in Ottawa http://t.co/HZah2xkjdV", "type": "direct_reply"}, {"index": 7, "attribution": -0.13618753850460052, "tweet_id": 524933486311112704, "text": "\u201c@CBCOttawa:#Soldier#shot at WarMemorial#Ottawa http://t.co/qn9pgu9P2Q\u201d @VeteransFR_CA @ShyMoonEyes  3 #soldiers attacked in 2 days #cdnpoli", "type": "direct_reply"}, {"index": 0, "attribution": -0.7011916637420654, "tweet_id": 524930293921107969, "text": "Soldier shot at National War Memorial in Ottawa http://t.co/atjCEAGiHB", "type": "source"}]}