{"thread_id": "524982699220803586", "gold_label": 0, "predicted_label": 2, "tweet_attributions": [{"index": 7, "attribution": 0.07118622958660126, "tweet_id": 524990635413995520, "text": ".@CBCAlerts @GCGATOR24 Terrorism?", "type": "direct_reply"}, {"index": 11, "attribution": 0.07020341604948044, "tweet_id": 524984860478562305, "text": "@CBCAlerts The cowardly bastards.If you believe in honour in the fight, then fight on the battlefield, dont do it in a place of rememberance", "type": "direct_reply"}, {"index": 8, "attribution": 0.04496914520859718, "tweet_id": 524991122029178880, "text": "@RichardLloydUSA It was declared a Terrorist attack by Canadien officials", "type": "lower_reply"}, {"index": 10, "attribution": 0.041027508676052094, "tweet_id": 524997508792332289, "text": "@CBCAlerts @GCGATOR24 Attack in Ottawa didn't happen in U.S., Canadians called it what it was, a terrorist act, NOT \"workplace violence\"", "type": "direct_reply"}, {"index": 4, "attribution": 0.028999485075473785, "tweet_id": 524984682627477504, "text": "@CBCAlerts terrible news", "type": "direct_reply"}, {"index": 6, "attribution": 0.028680449351668358, "tweet_id": 524986262705672192, "text": "@CBCAlerts - Our deepest sympathies and condolences go out to the family of the slain Soldier.", "type": "direct_reply"}, {"index": 1, "attribution": 0.027452049776911736, "tweet_id": 524986274483281921, "text": "@CBCAlerts @CBCVancouver My thoughts are with the soldier's family &amp; friends. :(", "type": "direct_reply"}, {"index": 5, "attribution": 0.023567430675029755, "tweet_id": 524983872849580032, "text": "@CBCAlerts My prayers and sympathy for his family, friends and fellow servicemen. His service to his country is honorable and respected.", "type": "direct_reply"}, {"index": 3, "attribution": 0.017635870724916458, "tweet_id": 524983593266065408, "text": "@CBCAlerts please consider stopping showing video of victim over and over again, his face is recgonizable. #respectforfamily", "type": "direct_reply"}, {"index": 9, "attribution": 0.001652689534239471, "tweet_id": 524986886863851521, "text": "@CBCAlerts My thoughts are with family, friends and fellow servicemen &amp; women of the soldier killed. A true Canadian hero.", "type": "direct_reply"}, {"index": 2, "attribution": -0.0140192536637187, "tweet_id": 524982979802988544, "text": "@CBCAlerts @CBCNews He was From Hamilton,Ont.", "type": "direct_reply"}, {"index": 0, "attribution": -0.05457364022731781, "tweet_id": 524982699220803586, "text": "#Ottawa police confirm fatal shooting of Canadian soldier at War Memorial, and shooting death of gunman in Parliament. No one in custody.", "type": "source"}]}