{"thread_id": "524945684966166528", "gold_label": 1, "predicted_label": 0, "tweet_attributions": [{"index": 0, "attribution": 0.34174779057502747, "tweet_id": 524945684966166528, "text": "BREAKING: Two or three gunmen were involved in shooting at Canada war memorial, Ottawa police say. http://t.co/qsAnGNqBEw", "type": "source"}, {"index": 2, "attribution": 0.10201668739318848, "tweet_id": 524948134062219264, "text": "Logo no Canad\u00e1! @cnni: BREAKING: Two or three gunmen were involved in shooting at Canada war memorial, Ottawa police say.", "type": "direct_reply"}, {"index": 3, "attribution": 0.030836762860417366, "tweet_id": 524947473941282816, "text": "@cnni: BREAKING: Two or three gunmen were involved in shooting at Canada war memorial, Ottawa police say. http://t.co/bV6YfbbV5A @tjbaker98", "type": "direct_reply"}, {"index": 4, "attribution": 0.023945478722453117, "tweet_id": 524947725784473600, "text": "@cnni @BungeeWedgie A video seized from the Ukrainian troops is showing Nazi battalion Donbass executing Donbass... http://t.co/HfS3Fubj0k", "type": "direct_reply"}, {"index": 8, "attribution": 0.01634475402534008, "tweet_id": 524949785787133953, "text": "@cnni @CNN india can boast that the Hymenoptera could not enter the Parliament and 6 of our martyrs laid their life to stop it.", "type": "direct_reply"}, {"index": 6, "attribution": -0.03806460276246071, "tweet_id": 524957134463979520, "text": "@cnni Not first time when highest body of democracy is attacked by militants. First in India and now in Canada both being easy targets.", "type": "direct_reply"}, {"index": 5, "attribution": -0.038674887269735336, "tweet_id": 524946544596754432, "text": "\u30ab\u30ca\u30c0\u306e\u30aa\u30bf\u30ef\u3001\u8b70\u4f1a\u5468\u8fba\u65bd\u8a2d\u9283\u6483\u4e8b\u4ef6\u3001\u72af\u884c\u30b0\u30eb\u30fc\u30d7\u306f2\uff5e3\u4eba\u3001\u30aa\u30bf\u30ef\u8b66\u5bdf\u767a\u8868\u3002@cnni Two or three gunmen were involved in shooting at Canada war memorial, Ottawa police say.", "type": "direct_reply"}, {"index": 9, "attribution": -0.04962814226746559, "tweet_id": 525433346651095041, "text": "@cnni @vermontgmg @CNN rumour as news. You suck.", "type": "direct_reply"}, {"index": 10, "attribution": -0.0502326637506485, "tweet_id": 524946612041580544, "text": "\u201c@cnni: BREAKING: Two or three gunmen were involved in shooting at Canada war memorial, Ottawa police say. http://t.co/Ixhikcsq4Y", "type": "direct_reply"}, {"index": 7, "attribution": -0.059842828661203384, "tweet_id": 524946072284979200, "text": "@cnni Solider was shot. One shooter was shot dead. There are still more shooters at large.", "type": "direct_reply"}, {"index": 1, "attribution": -0.06826060265302658, "tweet_id": 524946491870564352, "text": "@cnni If it were one, I would say the person was crazy. Two or three? I call terrorism unless proven otherwise.", "type": "direct_reply"}]}