{"thread_id": "524922507380670464", "gold_label": 0, "predicted_label": 0, "tweet_attributions": [{"index": 0, "attribution": 0.6086845993995667, "tweet_id": 524922507380670464, "text": "#Ottawa police confirm shooting at War Memorial. Reports say victim may be a soldier.", "type": "source"}, {"index": 1, "attribution": 0.17852942645549774, "tweet_id": 524923112065081344, "text": "@KathleenCanada @CBCAlerts Who did the shooting?", "type": "lower_reply"}, {"index": 2, "attribution": 0.04752938076853752, "tweet_id": 524923072852529152, "text": "\u201c@CBCAlerts: #Ottawa police confirm shooting at War Memorial. Reports say victim may be a soldier.\u201d", "type": "direct_reply"}, {"index": 6, "attribution": -0.007095382083207369, "tweet_id": 524924695356125184, "text": "RT\u201c@CBCAlerts: #Ottawa police confirm shooting at War Memorial. Reports say victim may be a soldier.\u201d", "type": "direct_reply"}, {"index": 3, "attribution": -0.0226896982640028, "tweet_id": 524928726497525761, "text": "@CBCAlerts", "type": "direct_reply"}, {"index": 5, "attribution": -0.03144294396042824, "tweet_id": 524925473986736128, "text": "\"@CBCAlerts: #Ottawa police confirm shooting at War Memorial. Reports say victim may be a soldier.\" GODDAMNIT NOT IN MY FUCKING BACKYARD &gt;:(", "type": "direct_reply"}, {"index": 4, "attribution": -0.8519592881202698, "tweet_id": 524922753066221568, "text": "Ugh...please be safe RT@CBCAlerts: #Ottawa police confirm shooting at War Memorial. Reports say victim may be a soldier.\u201d", "type": "direct_reply"}]}