{"thread_id": "524959630158725120", "gold_label": 1, "predicted_label": 2, "tweet_attributions": [{"index": 16, "attribution": 3.1039211750030518, "tweet_id": 525338877780045824, "text": "@ladnertim @CNN People die everywhere everyday this is the malta newspaper black sheep count millions never reported &amp; never got a headstone", "type": "lower_reply"}, {"index": 20, "attribution": 2.353956699371338, "tweet_id": 525339944705724416, "text": "@Inspectorcritic @CNN so when 9/11 occurred in the USA you fekt the same way?", "type": "lower_reply"}, {"index": 14, "attribution": 1.1385725736618042, "tweet_id": 525343211276214272, "text": "@ladnertim @CNN LDS zoo prudes invaded towers slaughter tenets looted pirated Towers 911 copcorrupt help them use place of worship nonehuman", "type": "lower_reply"}, {"index": 7, "attribution": 1.0826351642608643, "tweet_id": 524964992043335681, "text": "@CNN \n\nOh yaw there was so much shooting going on we zought it was zee old war.", "type": "direct_reply"}, {"index": 12, "attribution": 0.9350776672363281, "tweet_id": 524960258167275520, "text": "@CNN SUCH A SECURE AREA,USUALY,FIGHTS,BETWEEN ARMY GENERALS,POWER GAINS", "type": "direct_reply"}, {"index": 22, "attribution": 0.8443315029144287, "tweet_id": 525050076251439105, "text": "@Inspectorcritic @CNN what the hell? People died here today you knob!", "type": "lower_reply"}, {"index": 9, "attribution": 0.8131176829338074, "tweet_id": 524960138604859393, "text": "@CNN the shooting was near the Rideau Centre not inside it the police say.", "type": "direct_reply"}, {"index": 1, "attribution": 0.5241447687149048, "tweet_id": 524964793065951232, "text": "@CNN hmm. Shocking. Who would do such a thing?", "type": "direct_reply"}, {"index": 6, "attribution": 0.5179434418678284, "tweet_id": 524961998736351232, "text": "@CNN @RealAlexJones @infowarsstories @AnonyPress Canada is under attack now by ISIS. Yesterday in #Calgary a Canadian troop was killed also.", "type": "direct_reply"}, {"index": 11, "attribution": 0.40543949604034424, "tweet_id": 524959708785180672, "text": "\u201c@CNN: These are the areas where the #OttawaShootings have been reported.  http://t.co/vqDZwAq5Z6 http://t.co/zzgFsTp8Kh\u201d", "type": "direct_reply"}, {"index": 3, "attribution": 0.25810545682907104, "tweet_id": 524966465061937152, "text": "@cheesecake1589 yes!", "type": "lower_reply"}, {"index": 24, "attribution": 0.08030080050230026, "tweet_id": 524960092740145154, "text": "@CNN wow", "type": "direct_reply"}, {"index": 0, "attribution": 0.07188279926776886, "tweet_id": 524959630158725120, "text": "These are the areas where the #OttawaShootings have been reported.  http://t.co/KkgffESRD5 http://t.co/Vvyip1FQjm", "type": "source"}, {"index": 15, "attribution": 0.05071037635207176, "tweet_id": 524961366529306624, "text": "very very different nice in side you have that's murder @cnn", "type": "direct_reply"}, {"index": 19, "attribution": -0.02288530208170414, "tweet_id": 524963960064602112, "text": "\u201c@CNN: These are the areas where the #OttawaShootings have been reported.  http://t.co/yWSrvPqrVv http://t.co/lOB7yDz14h\u201d allegedly", "type": "direct_reply"}, {"index": 17, "attribution": -0.02689475007355213, "tweet_id": 524960663479664641, "text": "@CNN This is unacceptable. Why can't they let us live peacefully. What are these people", "type": "direct_reply"}, {"index": 4, "attribution": -0.07371927052736282, "tweet_id": 524960745725763585, "text": "\u201c@CNN: These are the areas where the #OttawaShootings have been reported.  http://t.co/elWl5dIYoH http://t.co/MWzeIjQxFj\u201d a triangle...fishy", "type": "direct_reply"}, {"index": 2, "attribution": -0.09770083427429199, "tweet_id": 524960019377577984, "text": "@CNN NEAR Rideau Centre, not in. Please look at local Ottawa news b4 u report things", "type": "direct_reply"}, {"index": 13, "attribution": -0.3273630440235138, "tweet_id": 524965785341788160, "text": "@CNN @actual_teeth is this the thing ur talking about", "type": "direct_reply"}, {"index": 23, "attribution": -0.35275474190711975, "tweet_id": 524963107181846528, "text": "@CNN", "type": "direct_reply"}, {"index": 18, "attribution": -0.39618679881095886, "tweet_id": 524959654686629888, "text": "@CNN The results are in!!! Our viewers voted on the best online store!! Check them out   --&gt; http://t.co/AMv5X4cQKn", "type": "direct_reply"}, {"index": 10, "attribution": -0.4123746156692505, "tweet_id": 524967193948082176, "text": "@CNN errrg I don't want this sort of thing happening especially not in Canada!! ;(", "type": "direct_reply"}, {"index": 5, "attribution": -0.4136691391468048, "tweet_id": 525343837095354368, "text": "@Inspectorcritic @CNN i guess you've not taken your meds in a few days....or years.", "type": "lower_reply"}, {"index": 21, "attribution": -0.459075003862381, "tweet_id": 524960149988204544, "text": "@CNN News is talking about terrorism...so this is a big deal. Possible terror attack", "type": "direct_reply"}, {"index": 8, "attribution": -0.4743541479110718, "tweet_id": 524960190534533120, "text": "\u201c@CNN: These are the areas where the #OttawaShootings have been reported.  http://t.co/TjEYJo7DoB http://t.co/ezYpUV9KJh\u201d #JTFAM please pray", "type": "direct_reply"}]}