{"thread_id": "524990180034609152", "gold_label": 0, "predicted_label": 2, "tweet_attributions": [{"index": 5, "attribution": 3.2076311111450195, "tweet_id": 524991744124157953, "text": "@skynews Britain has to be on alert. Too many muslims in the country", "type": "direct_reply"}, {"index": 3, "attribution": 2.288419485092163, "tweet_id": 524994916355940352, "text": "@nduna_lux @skynews I found your tweet subtly imprudent and irritating,must you mention muslim which should uncalled for.", "type": "lower_reply"}, {"index": 14, "attribution": 1.8223034143447876, "tweet_id": 525012136016506880, "text": "@Adesh_ka @Nduna_lux @SkyNews @SkyNews Guess who could it be . The religion of peace , seculars will now shout", "type": "lower_reply"}, {"index": 11, "attribution": 0.6198319792747498, "tweet_id": 524994883384532992, "text": "@ceddkay @SkyNews lol. Under stress and hit your target and not innocents? Damn tough.", "type": "lower_reply"}, {"index": 15, "attribution": 0.2618328928947449, "tweet_id": 525141503543218176, "text": "@nikkyboy22 @nduna_lux @skynews Sercastically xtian promote peace,who is kiling ppl in Iraq,Syria by bomb MUSLIM?End of the Discusion.", "type": "lower_reply"}, {"index": 2, "attribution": 0.2538474202156067, "tweet_id": 524990968660238336, "text": "@SkyNews #Heroes Come in every shape size true character of humanity at it's very finest when others need them most Thank God for courage&gt;&gt;&gt;", "type": "direct_reply"}, {"index": 6, "attribution": 0.15121866762638092, "tweet_id": 524997038665396224, "text": "@SkyNews What a hero!!! Salute! Sir", "type": "direct_reply"}, {"index": 18, "attribution": 0.07937847822904587, "tweet_id": 524994239495553024, "text": "@SkyNews You guys are not ready for what's happening in the world. How do you let a gunman reach your Parliament?", "type": "direct_reply"}, {"index": 7, "attribution": 0.04352038726210594, "tweet_id": 524993990865993728, "text": "@SkyNews why dont you call that 'called' to an 'is'", "type": "direct_reply"}, {"index": 17, "attribution": -0.01584598235785961, "tweet_id": 525002470431670273, "text": "@adesh_ka @skynews what's prudent? Abductions, terror tunnels and beheadings?", "type": "lower_reply"}, {"index": 1, "attribution": -0.032128091901540756, "tweet_id": 524991830199644160, "text": "@ceddkay @SkyNews  Idiot. Very hard to do knowing you could take someone's life. All credit to him.", "type": "lower_reply"}, {"index": 8, "attribution": -0.09307988733053207, "tweet_id": 524991300962357248, "text": "@ceddkay stupid comment", "type": "lower_reply"}, {"index": 13, "attribution": -0.13033939898014069, "tweet_id": 524995566720548864, "text": "@SkyNews @sixthunderbirds Here he is Canada's Hero.", "type": "direct_reply"}, {"index": 9, "attribution": -0.18312948942184448, "tweet_id": 524995452518010882, "text": "@SkyNews well done.  Good thing he had a gun &amp; knew how to use it properly.", "type": "direct_reply"}, {"index": 16, "attribution": -0.1917257159948349, "tweet_id": 524997466249519105, "text": "@SkyNews top bloke!", "type": "direct_reply"}, {"index": 4, "attribution": -0.23044376075267792, "tweet_id": 524990480032227328, "text": "@SkyNews That's for sure! He should be given a raise in his pension for this one.", "type": "direct_reply"}, {"index": 12, "attribution": -0.26912209391593933, "tweet_id": 524991024922628096, "text": "@SkyNews a true hero", "type": "direct_reply"}, {"index": 10, "attribution": -0.3057255446910858, "tweet_id": 525002419974201344, "text": "@SkyNews Just like that.", "type": "direct_reply"}, {"index": 0, "attribution": -0.3217542767524719, "tweet_id": 524990180034609152, "text": "Sergeant-at-Arms of Canada's parliament called a hero for shooting gunman who entered building http://t.co/n7Uyuj8zgu http://t.co/kfV2La0M7m", "type": "source"}]}