{"thread_id": "524964929083023360", "gold_label": 0, "predicted_label": 2, "tweet_attributions": [{"index": 2, "attribution": 0.7065522074699402, "tweet_id": 524977919156703232, "text": "@dexterdyne #MyCanada #UpYoursTerrorist #StandUpForCanada", "type": "direct_reply"}, {"index": 10, "attribution": 0.19516713917255402, "tweet_id": 524983060962758657, "text": "@dexterdyne Heroes among us.  Prayers for her and this young man's family.  May he rest in peace.  So tragic &amp; horrible. Can't imagine.", "type": "direct_reply"}, {"index": 17, "attribution": 0.10606157034635544, "tweet_id": 524983125710213120, "text": "\u201c@dexterdyne: Passing woman valiantly tries to save #Hamilton Reservist shot in #Ottawa .. #OttawaShooting http://t.co/CjSf5RHLlb\u201d POP \u270a", "type": "direct_reply"}, {"index": 3, "attribution": 0.1002107784152031, "tweet_id": 524979967487410176, "text": "@dexterdyne @CaptBeezer OMG.   Bless her &amp; him.", "type": "direct_reply"}, {"index": 5, "attribution": 0.09102323651313782, "tweet_id": 524981128240066562, "text": "@dexterdyne @StuMillsCBC This is horrible. Cut down while standing guard for the memory of those who faught &amp; fell to keep us safe &amp; free.", "type": "direct_reply"}, {"index": 16, "attribution": 0.05305522307753563, "tweet_id": 524980749028823041, "text": "@dexterdyne @SeanParnellUSA prayers for these people", "type": "direct_reply"}, {"index": 4, "attribution": 0.0321551188826561, "tweet_id": 524983291645272065, "text": "@dexterdyne awful news RIP #OttawaShooting", "type": "direct_reply"}, {"index": 18, "attribution": 0.03161328658461571, "tweet_id": 524979183257411584, "text": "@dexterdyne @LCplSwofford RIP young man #sadtimes", "type": "direct_reply"}, {"index": 14, "attribution": 0.028982674703001976, "tweet_id": 524984307543461888, "text": "@dexterdyne @JeffersonObama This strange Woman heroic act to save Honor Guard Truly Heroic Her action of Good Slaps Evil in Face #BRAVO", "type": "direct_reply"}, {"index": 15, "attribution": 0.028099261224269867, "tweet_id": 524983889929187330, "text": "@dexterdyne @helynbolanis", "type": "direct_reply"}, {"index": 11, "attribution": 0.008040105924010277, "tweet_id": 524980204733992960, "text": "\u201c@dexterdyne: This is #MyCanada .. Passing woman valiantly tries to save #Hamilton Reservist shot in #OttawaShooting http://t.co/zcvsF9Agie\u201d", "type": "direct_reply"}, {"index": 12, "attribution": 0.005105600226670504, "tweet_id": 524984162282119169, "text": "@dexterdyne These animals do not need to be in the west, they are as satanic as their demon god.", "type": "direct_reply"}, {"index": 13, "attribution": -0.050442829728126526, "tweet_id": 524971901702377473, "text": "This is #MyCanada .. https://t.co/7BOSBbxy0m via @dexterdyne cc: @YourAnonCentral @YourAnonLive @AnonMedics @YourAnonNews", "type": "direct_reply"}, {"index": 7, "attribution": -0.05804718658328056, "tweet_id": 524978943984562176, "text": "@dexterdyne Fucking terrorists. Kill em all", "type": "direct_reply"}, {"index": 8, "attribution": -0.08644445985555649, "tweet_id": 524992396875276288, "text": "@thepoliticalcat @dexterdyne Ottawa Ontario Quebec Canada US Britain all allied NATO countries don't give in 2terrorists #UpYoursTerrorist", "type": "lower_reply"}, {"index": 6, "attribution": -0.08952280133962631, "tweet_id": 524977860361338880, "text": "@dexterdyne Powerful stuff.", "type": "direct_reply"}, {"index": 1, "attribution": -0.09871626645326614, "tweet_id": 524978156139454464, "text": "@dexterdyne #MyCanada Thanking that woman for trying to save this young man. So sad he has passed photo represents our true heart - helping.", "type": "direct_reply"}, {"index": 9, "attribution": -0.10942378640174866, "tweet_id": 524984478578393090, "text": "THIS is #myCanada @dexterdyne", "type": "direct_reply"}, {"index": 0, "attribution": -0.47399523854255676, "tweet_id": 524964929083023360, "text": "This is #MyCanada .. Passing woman valiantly tries to save #Hamilton Reservist shot in #Ottawa .. #OttawaShooting http://t.co/0uHEdCAylc", "type": "source"}]}