{"thread_id": "524951893467234304", "gold_label": 0, "predicted_label": 0, "tweet_attributions": [{"index": 0, "attribution": 0.06930001080036163, "tweet_id": 524951893467234304, "text": "CXN: 1 gunman shot dead in Parliament Hill attack, soldier shot in Ottawa http://t.co/pp6hcfWcRw No report soldier dead. #OttawaShooting", "type": "source"}, {"index": 1, "attribution": 0.06510549783706665, "tweet_id": 524953301880938498, "text": "\u201c@CBCNews: 1 gunman shot dead in Parliament Hill attack, soldier shot in Ottawa http://t.co/48k8mtpWRB No report soldier dead. @nytimes", "type": "direct_reply"}, {"index": 3, "attribution": 0.04229946434497833, "tweet_id": 524957801727008768, "text": "@CBCNews European news reporting soldiers gun was not loaded?", "type": "direct_reply"}, {"index": 5, "attribution": 0.03796899691224098, "tweet_id": 524953064214913024, "text": "@CBCNews horrible... all the best to the injured soldier!", "type": "direct_reply"}, {"index": 4, "attribution": 0.03360231965780258, "tweet_id": 524952124082229248, "text": "@CBCNews ctv reporting he's alive", "type": "direct_reply"}, {"index": 6, "attribution": 0.03344815596938133, "tweet_id": 524952694427881472, "text": "@CBCNews stop showing clip of the CPR for the solider at the War Memorial on the online feed. Not necessary, old, move on.", "type": "direct_reply"}, {"index": 2, "attribution": 0.007237120997160673, "tweet_id": 524956831102537729, "text": "OMG! @CBCNews @tbeaudrymellor CXN: 1 gunman shot dead in Parliament Hill attack, soldier shot Ottawa  http://t.co/rkzy5NRHq5 #OttawaShooting", "type": "direct_reply"}]}