{"thread_id": "524924619812511746", "gold_label": 2, "predicted_label": 2, "tweet_attributions": [{"index": 3, "attribution": 2.2663190364837646, "tweet_id": 524925154611441664, "text": "@CBCAlerts Change the laws, change the reckless immigration policies!  Sensitize people to be on the look-out!  Get real, folks!", "type": "direct_reply"}, {"index": 1, "attribution": 1.0416795015335083, "tweet_id": 524925023552020480, "text": "@CBCAlerts We are not obligated to sit passively, just waiting for these rapists to tear up our society!  Arrest them NOW!!!", "type": "direct_reply"}, {"index": 5, "attribution": 0.13021573424339294, "tweet_id": 524927041599447040, "text": "@ashleyjmorton @CBCAlerts Give it one hour and my points will be confirmed.", "type": "lower_reply"}, {"index": 7, "attribution": 0.10867142677307129, "tweet_id": 525256528337854465, "text": "@ivoirien_com @CBCAlerts could nt agree more we need to speak up when we see something", "type": "lower_reply"}, {"index": 4, "attribution": 0.08895758539438248, "tweet_id": 524926393394933760, "text": "@ivoirien_com @CBCAlerts I know I can't be insightful yet - that's the bloody point, neither can you, and by trying to, you lose ground.", "type": "lower_reply"}, {"index": 6, "attribution": 0.057621363550424576, "tweet_id": 524924867825913856, "text": "@CBCAlerts Canada needs to get real and recognize that this war is REAL; it's no joke.  Arrest these monsters BEFORE they murder more of us!", "type": "direct_reply"}, {"index": 8, "attribution": 0.052608564496040344, "tweet_id": 524926050351185920, "text": "@ashleyjmorton @CBCAlerts Right, there is no obvious context.  How insightful of you!", "type": "lower_reply"}, {"index": 2, "attribution": -0.2039950042963028, "tweet_id": 524925487941160960, "text": "@ivoirien_com @CBCAlerts Can you lay off the politics right now? We know *nothing* about who did this, what's going on.", "type": "lower_reply"}, {"index": 9, "attribution": -0.20738793909549713, "tweet_id": 524925152430403584, "text": "\u201c@CBCAlerts: Witness tells #CBCNews suspected shooter of uniformed soldier at #Ottawa's War Memorial was carrying rifle.'", "type": "direct_reply"}, {"index": 0, "attribution": -0.7329759001731873, "tweet_id": 524924619812511746, "text": "Witness tells #CBCNews suspected shooter of uniformed soldier at #Ottawa's War Memorial was carrying rifle.", "type": "source"}]}