{"thread_id": "524991576163250176", "gold_label": 1, "predicted_label": 0, "tweet_attributions": [{"index": 0, "attribution": 0.545677125453949, "tweet_id": 524991576163250176, "text": "MORE: Police believe three gunmen were involved in shootings in Ottawa this morning and are looking for two shooters. http://t.co/IHV4galEtC", "type": "source"}, {"index": 3, "attribution": 0.07577034085988998, "tweet_id": 524992668301262848, "text": "@CBSNews Your info is out of date. Rideau shooting didn't happen. Police press conference says nothing about number of shooters.", "type": "direct_reply"}, {"index": 4, "attribution": 0.02174166776239872, "tweet_id": 524993314207305729, "text": "@CBSNews And when will you be announcing they are Muslims? http://t.co/lZwUzG0nAI", "type": "direct_reply"}, {"index": 1, "attribution": 0.010662524960935116, "tweet_id": 524992137260453888, "text": "RT @CBSNews: Police believe 3 gunmen were involved in shootings in Ottawa and are looking for two shooters. http://t.co/ezPjE4zAcW", "type": "direct_reply"}, {"index": 9, "attribution": -0.00902013573795557, "tweet_id": 524991949917663232, "text": "@CBSNews That's not what they just said at the Press Conference!", "type": "direct_reply"}, {"index": 5, "attribution": -0.0223087165504694, "tweet_id": 524993414056927232, "text": "@CBSNews Probably a drill.", "type": "direct_reply"}, {"index": 6, "attribution": -0.02977829985320568, "tweet_id": 524993079603130368, "text": "@CBSNews Check @CBCNews for updates from police that are current.", "type": "lower_reply"}, {"index": 7, "attribution": -0.04118794575333595, "tweet_id": 524991797630865408, "text": "@CBSNews The police chief just totally dodged that question and wouldn't say there was more than 1..jUst FYI", "type": "direct_reply"}, {"index": 8, "attribution": -0.06857843697071075, "tweet_id": 524991671218745344, "text": "@CBSNews Lies and propaganda are traditionally the tools of theocracy, fascism, and totalitarianism. Stop build terrorism &amp; #Isis's fame!", "type": "direct_reply"}, {"index": 2, "attribution": -0.08671367913484573, "tweet_id": 524993836050042880, "text": "@CBSNews  It appears now it was only 1 shooter and the shots were heard at nearby hotel/shopping cntr causing reports of more shootings", "type": "direct_reply"}]}