{"thread_id": "524969963850051584", "gold_label": 0, "predicted_label": 0, "tweet_attributions": [{"index": 13, "attribution": 0.06947160512208939, "tweet_id": 525162895047684097, "text": "@Montel_Williams So horrible. Terror has spread all over the globe.", "type": "direct_reply"}, {"index": 0, "attribution": 0.06914127618074417, "tweet_id": 524969963850051584, "text": "#PrayForOttawa As an American Veteran, my prayers are w/ the Canadian soldier who died in today's shooting standing duty at a war memorial \ud83d\ude4f", "type": "source"}, {"index": 6, "attribution": 0.0665133073925972, "tweet_id": 524970462124593152, "text": "@Montel_Williams Ty Montel *Crying* \nCanada Needs the People's Prayers.\nO'Canada what has happen to my beautiful Country!! \ud83c\udf41", "type": "direct_reply"}, {"index": 3, "attribution": 0.055215660482645035, "tweet_id": 524971822904004608, "text": "#FF @Montel_Williams @FightExtremism Would be interested in your views on countering #ISIS recruitment on #socialmedia &amp; youth alienation", "type": "direct_reply"}, {"index": 2, "attribution": 0.053602103143930435, "tweet_id": 524994713049661440, "text": "@Montel_Williams is this a terrorist thing,or a crazy person deal? Havent seen any news yet.", "type": "direct_reply"}, {"index": 7, "attribution": 0.052786413580179214, "tweet_id": 524972205659414529, "text": "@Montel_Williams #PrayForOttawa and his family and friends! Thank You To The Sgt At Arms Who had a Gun and Shot one of these Terrorists!", "type": "direct_reply"}, {"index": 10, "attribution": 0.0451216883957386, "tweet_id": 524997826019749888, "text": "@Montel_Williams Just a tragedy.", "type": "direct_reply"}, {"index": 4, "attribution": 0.02566215582191944, "tweet_id": 524971913689325569, "text": "@Montel_Williams Me too Montel and the killer is a low life scumbag. Acts like this only unify us more, and we have to fight back.", "type": "direct_reply"}, {"index": 5, "attribution": 0.01390572264790535, "tweet_id": 524972055817887744, "text": "@Montel_Williams Respect.", "type": "direct_reply"}, {"index": 1, "attribution": 0.010524599812924862, "tweet_id": 524970620229283840, "text": "@Montel_Williams It is very hard for me as a Canadian who lives here in the US to hear about this. Thank you for your very kind words.", "type": "direct_reply"}, {"index": 9, "attribution": 0.009845585562288761, "tweet_id": 525010980636745728, "text": "@Montel_Williams @DHoltSzcinski condolences to the family &amp; hope that they get the support they deserve to find closure...", "type": "direct_reply"}, {"index": 12, "attribution": -0.0004615098296198994, "tweet_id": 524970128761708544, "text": "@Montel_Williams RIP", "type": "direct_reply"}, {"index": 8, "attribution": -0.0199046041816473, "tweet_id": 524970446974746624, "text": "@Montel_Williams AMEN! May God protect all Military personnel in Canada and America!", "type": "direct_reply"}, {"index": 11, "attribution": -0.027469424530863762, "tweet_id": 524970383049756672, "text": "@Montel_Williams prayers for our fallen Brother in Arms,  and his family.", "type": "direct_reply"}]}