{"thread_id": "524955062486196224", "gold_label": 1, "predicted_label": 0, "tweet_attributions": [{"index": 0, "attribution": 0.33823922276496887, "tweet_id": 524955062486196224, "text": "Rideau Centre general manager tell @globeandmail there was no shooting inside the mall. But people can't leave or enter. #OttawaShooting", "type": "source"}, {"index": 2, "attribution": 0.03118598647415638, "tweet_id": 524957217225588737, "text": "@ErinAnderssen @ShreeyaSinha @globeandmail shooter is dead!!!!", "type": "direct_reply"}, {"index": 1, "attribution": 0.027228860184550285, "tweet_id": 524958277420204032, "text": "@Alice_Chiche @ErinAnderssen @globeandmail hi", "type": "direct_reply"}, {"index": 3, "attribution": -0.031872037798166275, "tweet_id": 524957579722498049, "text": "@ErinAnderssen @ShreeyaSinha @globeandmail http://t.co/PKKNLhhJ1R", "type": "direct_reply"}, {"index": 4, "attribution": -0.07583606988191605, "tweet_id": 525013727968366592, "text": "@ErinAnderssen @KayBurley @globeandmail \u060chi", "type": "direct_reply"}]}