{"thread_id": "524935816603107328", "gold_label": 0, "predicted_label": 0, "tweet_attributions": [{"index": 0, "attribution": 0.25137782096862793, "tweet_id": 524935816603107328, "text": "BREAKING UPDATE: Soldier shot at National War Memorial in Ottawa, Canada, police tell @ABC News - http://t.co/wg7WHTjJGI", "type": "source"}, {"index": 5, "attribution": 0.04357325658202171, "tweet_id": 524937050747723777, "text": "RT @ABC: BREAKING UPDATE: Soldier shot at National War Memorial in Ottawa, Canada, police tell @ABC News - http://t.co/sV8ItmP2fu", "type": "direct_reply"}, {"index": 1, "attribution": 0.027606584131717682, "tweet_id": 524935929421516800, "text": "@ABC multiple shots fired in parliament hill", "type": "direct_reply"}, {"index": 2, "attribution": 0.005582841578871012, "tweet_id": 524936138159427585, "text": "@ABC Is there truth on the US Embassy getting hit in Baghdad?", "type": "direct_reply"}, {"index": 4, "attribution": 0.003566682105883956, "tweet_id": 524936319764819968, "text": "#BREAKING UPDATE: #Soldier shot at National War Memorial in Ottawa, #Canada, police tell @ABC News - http://t.co/NpQryYZJCS", "type": "direct_reply"}, {"index": 3, "attribution": -0.03333837166428566, "tweet_id": 524936235304120320, "text": "@ABC thats so so sad people are dumb if they do that! (shoot pople is dumb)", "type": "direct_reply"}]}