{"thread_id": "524961408740380672", "gold_label": 0, "predicted_label": 0, "tweet_attributions": [{"index": 0, "attribution": 0.3069865107536316, "tweet_id": 524961408740380672, "text": "OTTAWA SHOOTING\n- Soldier shot at memorial\n- Gunfire in Parliament\n- PM safe, will speak later today http://t.co/DkNJOduorR", "type": "source"}, {"index": 3, "attribution": 0.002008622046560049, "tweet_id": 524990341867638786, "text": "praying for Canada \u201c@HuffPostCanada: OTTAWA SHOOTING\n- Soldier shot at memorial\n- Gunfire in Parliament\n- PM safe, will speak later today\u201d", "type": "direct_reply"}, {"index": 1, "attribution": -0.059485193341970444, "tweet_id": 524965763493277696, "text": "@HuffingtonPost @HuffPostCanada @RanaAyyub  who do you think might be behind these shootings ??Sikulars like yourself ??", "type": "direct_reply"}, {"index": 2, "attribution": -0.1371459811925888, "tweet_id": 524962563835310080, "text": "@HuffPostCanada @HuffingtonPost  a bit late #HuffPost sadly I might add. #cbc #ctv beat you out", "type": "direct_reply"}]}