{"thread_id": "524923480173981696", "gold_label": 0, "predicted_label": 0, "tweet_attributions": [{"index": 0, "attribution": 0.13239575922489166, "tweet_id": 524923480173981696, "text": "#BREAKING: Reports of shots fired on Parliament Hill", "type": "source"}, {"index": 2, "attribution": 0.07183361798524857, "tweet_id": 524932821379723264, "text": "@rudysplace strong criticism from someone who thinks we're at war with frozen water.", "type": "lower_reply"}, {"index": 4, "attribution": 0.04933280125260353, "tweet_id": 524929472295079936, "text": "@CTVNews cops better round up these nutjobs or they risk it being taken care of by the mob.  That would be ugly and swift.", "type": "direct_reply"}, {"index": 8, "attribution": 0.04120099917054176, "tweet_id": 524939452775673856, "text": "@rudysplace I don't get offended by illiterates", "type": "lower_reply"}, {"index": 3, "attribution": 0.02231491543352604, "tweet_id": 524947209989922816, "text": "@CTVNews @JakeKock", "type": "direct_reply"}, {"index": 6, "attribution": 0.02006429247558117, "tweet_id": 524925053847494656, "text": "\u201c@CTVNews: #BREAKING: Reports of shots fired on Parliament Hill\u201d oh no", "type": "direct_reply"}, {"index": 5, "attribution": 0.016715290024876595, "tweet_id": 524923647849684992, "text": "dunyanin en guvenli noktalarindan birinde neler oluyor?? \u201c@CTVNews: #BREAKING: Reports of shots fired on Parliament Hill\u201d", "type": "direct_reply"}, {"index": 9, "attribution": 0.014013080857694149, "tweet_id": 524923935696375809, "text": "@CTVNews @TSNSteveLloyd", "type": "direct_reply"}, {"index": 7, "attribution": 0.006394415628165007, "tweet_id": 524923966608400384, "text": "I hope everyone is ok. This is awful. \u201c@CTVNews: #BREAKING: Reports of shots fired on Parliament Hill\u201d", "type": "direct_reply"}, {"index": 1, "attribution": 0.003887991653755307, "tweet_id": 524924943457198081, "text": "RT @CTVNews: #BREAKING: Reports of shots fired on Parliament Hill", "type": "direct_reply"}]}