{"thread_id": "524949628689461249", "gold_label": 2, "predicted_label": 2, "tweet_attributions": [{"index": 1, "attribution": 0.8319826722145081, "tweet_id": 524952748232826881, "text": "@ABCNewsLive @ABC2020 @SpaceNigs hey remember that question you got on Ask.fm about nothing going on in Canada?  here's something", "type": "direct_reply"}, {"index": 2, "attribution": 0.5126632452011108, "tweet_id": 524950400416620544, "text": "@ABCNewsLive @ABC These Jihad Jack Asses are everywhere, thanks to Our Wide open Borders, and just taking temperatures. POTUS don't Care.", "type": "direct_reply"}, {"index": 9, "attribution": 0.13673149049282074, "tweet_id": 524952532523970560, "text": "\u201c@ABCNewsLive: LIVE:Coverage of \"several shooting incidents\" at and near Canadian Parliament: http://t.co/XrPQOdNtQa http://t.co/riKYuvxM0W\u201d", "type": "direct_reply"}, {"index": 3, "attribution": 0.13531924784183502, "tweet_id": 524965981534576640, "text": "@sirbrickrock @ABCNewsLive @ABC2020 I live 8 hours away from there. I think I'm good.", "type": "lower_reply"}, {"index": 4, "attribution": 0.11694946140050888, "tweet_id": 524959959935877120, "text": "@Patriot715 @ABCNewsLive @ABC \nNo rush to judgement.  There is crazy everywhere and don't carry titles.  Let's pray  in this trying times.", "type": "lower_reply"}, {"index": 7, "attribution": 0.002837332896888256, "tweet_id": 524952289807990784, "text": "\u201c@ABCNewsLive: LIVE:Coverage of \"several shooting incidents\" at and near Canadian Parliament: http://t.co/peKaBIlMLE http://t.co/EwpfJMyHGz\u201d", "type": "direct_reply"}, {"index": 8, "attribution": -0.007604510989040136, "tweet_id": 525003380322603008, "text": "@ABCNewsLive Holy ALMIGHTY GOD please forgive &amp; pardon us who are ignorant to your Holy words and forgive every soul you've created", "type": "direct_reply"}, {"index": 5, "attribution": -0.014559030532836914, "tweet_id": 524968807643639808, "text": "@ABCNewsLive wakeup world we are all going to hell .", "type": "direct_reply"}, {"index": 6, "attribution": -0.04125596955418587, "tweet_id": 524950463364726784, "text": "@ABCNewsLive is someone trying to over throw the government or other crazy thing?", "type": "direct_reply"}, {"index": 0, "attribution": -0.8582419753074646, "tweet_id": 524949628689461249, "text": "LIVE:Coverage of \"several shooting incidents\" at and near Canadian Parliament: http://t.co/0nuzHcvr2J http://t.co/ZJO2hQqtLF", "type": "source"}]}