{"thread_id": "524944006577668096", "gold_label": 0, "predicted_label": 2, "tweet_attributions": [{"index": 0, "attribution": 0.771943986415863, "tweet_id": 524944006577668096, "text": "RT @CBCOttawa: CONFIRMED | 1 shooter shot dead at Parliament Hill, but there is more than 1 suspect. #cbcOTT #OTTnews", "type": "source"}, {"index": 1, "attribution": 0.06344644725322723, "tweet_id": 524945612643794944, "text": "@CBCOttawa All Government Buildings on lockdown as precaution. Employees told to stay way from windows. #parliament", "type": "direct_reply"}, {"index": 2, "attribution": 0.04333186522126198, "tweet_id": 524944149427281920, "text": "@CBCOttawa", "type": "direct_reply"}, {"index": 3, "attribution": 0.04283475503325462, "tweet_id": 524944488469655552, "text": "@CBCOttawa #staysafe #Ottawa #prayers", "type": "direct_reply"}]}