{"thread_id": "524983581983375360", "gold_label": 1, "predicted_label": 2, "tweet_attributions": [{"index": 14, "attribution": 3.0118608474731445, "tweet_id": 524983715832029184, "text": "@cnnbrk hope they die fuck canada", "type": "direct_reply"}, {"index": 8, "attribution": 1.7203618288040161, "tweet_id": 524988101966303233, "text": "@CujoTheG @cnnbrk and I hope you are arrested for saying shit like that", "type": "lower_reply"}, {"index": 5, "attribution": 0.7861115336418152, "tweet_id": 524983791031693312, "text": "@cnnbrk \u0647\u0647\u0647\u0647\u0647\u0647\u0647 \u062d\u0633\u0627\u0628 \u0643\u0644\u0647 \u0633\u062d\u0631 \u0641\u064a \u0633\u062d\u0631 \u0648\u0631\u0628\u064a - @Question_arab", "type": "direct_reply"}, {"index": 4, "attribution": 0.754005491733551, "tweet_id": 524984000134520834, "text": "@cnnbrk let's wish the best for #Canada and this time of tragedy", "type": "direct_reply"}, {"index": 10, "attribution": 0.668298065662384, "tweet_id": 524983802633125888, "text": "@cnnbrk \u0647\u0647\u0647\u0647\u0647\u0647 \u062e\u0644\u064a \u0639\u0646\u0643 \u0634\u0648\u0641 \u0647\u0627\u0644\u062d\u0633\u0627\u0628 \u0628\u0633 @Question_arab", "type": "direct_reply"}, {"index": 3, "attribution": 0.598239004611969, "tweet_id": 524985119036411904, "text": "@cnnbrk how was Ebola at both places simultaneously??", "type": "direct_reply"}, {"index": 9, "attribution": 0.22908000648021698, "tweet_id": 524985542384320514, "text": "@cnnbrk Weren't you reporting THREE incidents earlier?", "type": "direct_reply"}, {"index": 13, "attribution": 0.18046735227108002, "tweet_id": 524985802502447105, "text": "@ViewFromAskew @cnnbrk breaking news is fraught with mistakes.  Calm down.", "type": "lower_reply"}, {"index": 12, "attribution": 0.13725219666957855, "tweet_id": 524984794480775168, "text": "\u201c@cnnbrk: Police now say there were 2 shooting incidents in Ottawa:  at the war memorial, &amp; on Parliament Hill. http://t.co/tmZD7LLvCo\u201d", "type": "direct_reply"}, {"index": 2, "attribution": 0.11968078464269638, "tweet_id": 525056723497660416, "text": "@palescalesDRUNK @cnnbrk - You mean like someone who harps on someone else asking for clarification?  Sounds like *you* need to calm down.", "type": "lower_reply"}, {"index": 15, "attribution": 0.04110727459192276, "tweet_id": 524983795553165312, "text": "@cnnbrk \u0639\u0646\u0635\u0631\u064a\u0647 \u0648\u0644\u064a\u062f \u0627\u0644\u0641\u0631\u0627\u062c \u064a\u062a\u0627\u0628\u0639 \u0630\u0627 \u0627\u0644\u062d\u0633\u0627\u0628 \u061f @Question_arab", "type": "direct_reply"}, {"index": 7, "attribution": -0.08722034841775894, "tweet_id": 524983809834754048, "text": "@cnnbrk \u0628\u0646\u0627\u062a \u062d\u0648\u0627\u0621 \u062a\u0639\u0627\u0644\u0648\u0622 \u0647\u0646\u0627\u0627\u0627\u0627\u0627\u0627\u0627\u0627 - @Question_arab", "type": "direct_reply"}, {"index": 17, "attribution": -0.1725292056798935, "tweet_id": 524984804161642497, "text": "@cnnbrk Three", "type": "direct_reply"}, {"index": 16, "attribution": -0.22614546120166779, "tweet_id": 524984454365077505, "text": "@cnnbrk http://t.co/hlvnBBaGmk http://t.co/Jwts6ifKqN", "type": "direct_reply"}, {"index": 6, "attribution": -0.340690016746521, "tweet_id": 524988215376510976, "text": "@real_dashermace @cnnbrk FUCK U", "type": "lower_reply"}, {"index": 1, "attribution": -0.3470315933227539, "tweet_id": 524984051019808768, "text": "@cnnbrk \u062d\u0633\u0627\u0628 \u0627\u0633\u0626\u0644\u0629 \u0627\u062a\u062d\u062f\u0627\u0643 \u062a\u062c\u0627\u0648\u0628 \u0639\u0644\u064a\u0647\u0627 - @Question_arab", "type": "direct_reply"}, {"index": 18, "attribution": -0.39159759879112244, "tweet_id": 524985076250341376, "text": "\u201c@cnnbrk: Now two shooting incidents in Ottawa: one at the war memorial, the other on Parliament Hill. http://t.co/JnICuXj3qO\u201d \ud83d\ude4f #scary", "type": "direct_reply"}, {"index": 11, "attribution": -0.6287403702735901, "tweet_id": 524983797952282624, "text": "@cnnbrk \u0647\u0647\u0647\u0647\u0647 \u0634\u0648\u0641 \u0627\u0644\u0648\u0644\u064a\u062f \u0628\u0646 \u0637\u0644\u0627\u0644 \u0645\u064a\u0646 \u0645\u062a\u0627\u0628\u0639 \u061f @Question_arab", "type": "direct_reply"}, {"index": 0, "attribution": -0.8212339878082275, "tweet_id": 524983581983375360, "text": "Police now say there were two shooting incidents in Ottawa: one at the war memorial, the other on Parliament Hill. http://t.co/q98AMohu7T", "type": "source"}]}