{"thread_id": "524942353355005952", "gold_label": 0, "predicted_label": 0, "tweet_attributions": [{"index": 0, "attribution": 0.553123414516449, "tweet_id": 524942353355005952, "text": "#canada unreal. --&gt; Footage from Globe reporter captures exchange of gun fire in Parliament Hill building http://t.co/IBB9WTc3Nh", "type": "source"}, {"index": 6, "attribution": 0.08150701224803925, "tweet_id": 524944243564240896, "text": "Ay.. RT @HaraldDoornbos: Footage from Globe reporter captures gun fire in Parliament Hill building http://t.co/iuOTqeiTFL #Canada #Ottawa", "type": "direct_reply"}, {"index": 2, "attribution": 0.04431529715657234, "tweet_id": 524943058551713792, "text": "@HaraldDoornbos Bloody hell that's not good. I thought they'd raised terror threat?!  BBC reporting upto 30 shots heard inside parliament.", "type": "direct_reply"}, {"index": 7, "attribution": 0.02579369954764843, "tweet_id": 524943645456494593, "text": "Wow. #Ottawa RT @HaraldDoornbos Footage from Globe reporter captures exchange of gun fire in Parliament Hill building http://t.co/TVN0t5ksaY", "type": "direct_reply"}, {"index": 3, "attribution": -0.0074843461625278, "tweet_id": 524971236040790018, "text": "@haralddoornbos Horrible and scary. A brutal and saddening reminder of the threat of terrorism, domestic or abroad. #Ottawa #Canada", "type": "direct_reply"}, {"index": 5, "attribution": -0.10902567952871323, "tweet_id": 524945665533546496, "text": "@HaraldDoornbos #isis as a scary boogeyman.Cant do any worse than couple of teenagers in USA on rampage.#ISIS all big talkers but die easily", "type": "direct_reply"}, {"index": 4, "attribution": -0.2142474502325058, "tweet_id": 524946057512230912, "text": "@redpenguin01 @HaraldDoornbos Jihadists are stupid loosers.Lock all jihadists in prison cell made of Bacon&amp;pork chops", "type": "lower_reply"}, {"index": 1, "attribution": -0.544247031211853, "tweet_id": 524944017654824961, "text": "@haralddoornbos Initial gunshot sounds like a hunting rifle or shotgun. Wonder what the suspect was carrying.", "type": "direct_reply"}]}