{"thread_id": "524938107142283264", "gold_label": 0, "predicted_label": 0, "tweet_attributions": [{"index": 0, "attribution": 0.30381008982658386, "tweet_id": 524938107142283264, "text": "Canada's parliament building in Ottawa is on lockdown after reports of an active shooter http://t.co/oKneosRl04 http://t.co/JIW3PIeeMj", "type": "source"}, {"index": 1, "attribution": 0.09905291348695755, "tweet_id": 524947194554880001, "text": "@mashable   1400's 1500's 1600's castle", "type": "direct_reply"}, {"index": 7, "attribution": 0.04229922965168953, "tweet_id": 524938730176790528, "text": "@mashable more than one SHOOTER", "type": "direct_reply"}, {"index": 2, "attribution": 0.0209109578281641, "tweet_id": 524938912331214849, "text": "@mashable My first thought is: That's a beautiful building!", "type": "direct_reply"}, {"index": 4, "attribution": -0.0009888624772429466, "tweet_id": 524947388205924354, "text": "@mashable  10 minute showers in denver aurora and i revelings to peoples so maybe its viao vaio able", "type": "direct_reply"}, {"index": 6, "attribution": -0.02026255801320076, "tweet_id": 524947605768638464, "text": "@mashable Muggles are storming Hogwarts.\n#Canada #Ottawa", "type": "direct_reply"}, {"index": 10, "attribution": -0.021101007238030434, "tweet_id": 524947136707067907, "text": "@mashable  castle  transport that to colorado aill put in on kingston and  bridge to it and a tunnel to it for me and woman Dog too", "type": "direct_reply"}, {"index": 5, "attribution": -0.03314276784658432, "tweet_id": 524941160000024576, "text": "@mashable Tragedy aside,  must say its a beautiful building. #Ottawa", "type": "direct_reply"}, {"index": 3, "attribution": -0.05338697135448456, "tweet_id": 524940279913000960, "text": "@mashable http://t.co/UBaqBgScut", "type": "direct_reply"}, {"index": 9, "attribution": -0.06337551772594452, "tweet_id": 524944337176895488, "text": "@mashable @massmedic1980 well so much for saying that this only happens in the US or that extreme gun control works", "type": "direct_reply"}, {"index": 8, "attribution": -0.06382709741592407, "tweet_id": 524938601315201025, "text": "@mashable Hope everyones ok", "type": "direct_reply"}]}