{"thread_id": "524943721302089728", "gold_label": 0, "predicted_label": 2, "tweet_attributions": [{"index": 14, "attribution": 1.838314414024353, "tweet_id": 524944944344338433, "text": "@FaithBased92 @ReutersLive @Reuters Possibility of a third one too", "type": "lower_reply"}, {"index": 1, "attribution": 1.7883261442184448, "tweet_id": 524945412252499968, "text": "@FaithBased92 @ReutersLive @Reuters Monday a radicalized canadian killed one Canadian soldier and now that .... I am pretty sure its one.", "type": "lower_reply"}, {"index": 8, "attribution": 1.580917239189148, "tweet_id": 524944209980448768, "text": "@ReutersLive @Reuters Shooter inside the parliament has been killed, second one dtill on the loose", "type": "direct_reply"}, {"index": 17, "attribution": 0.5889533758163452, "tweet_id": 524947995683725312, "text": "@ReutersLive A video seized from the Ukrainian troops is showing Nazi battalion Donbass executing Donbass... http://t.co/HfS3Fubj0k", "type": "direct_reply"}, {"index": 6, "attribution": 0.46603623032569885, "tweet_id": 524944791252238336, "text": "@ReutersLive It looks like the ISIS disease is spreading...", "type": "direct_reply"}, {"index": 16, "attribution": 0.39834487438201904, "tweet_id": 524946189134102528, "text": "@FaithBased92 @ReutersLive @Reuters Can happen everywhere, stay safe.", "type": "lower_reply"}, {"index": 18, "attribution": 0.2695741355419159, "tweet_id": 524944836378775552, "text": "@JWadeMoses @ReutersLive @Reuters There's two?", "type": "lower_reply"}, {"index": 19, "attribution": 0.12293148785829544, "tweet_id": 524946124315324416, "text": "@JWadeMoses @ReutersLive @Reuters the USA.", "type": "lower_reply"}, {"index": 3, "attribution": 0.11791959404945374, "tweet_id": 524953293483556865, "text": "@ReutersLive @Reuters Those IS pigs plan multiple attacks in one day. That:s their modus operandi.", "type": "direct_reply"}, {"index": 10, "attribution": 0.06845010071992874, "tweet_id": 524944115738632194, "text": "\u201c@ReutersLive: Stay with us for LIVE coverage on the active shooting at Canadian parliament: http://t.co/UbU1uAXLUm http://t.co/nBlBhrNdZu\u201d", "type": "direct_reply"}, {"index": 13, "attribution": 0.06315911561250687, "tweet_id": 524957887123054593, "text": "@ReutersLive @ReutersIndia World should punish the offenders.I know the feelings of inside people.I was inside indian parliamen duringattack", "type": "direct_reply"}, {"index": 11, "attribution": 0.0016231536865234375, "tweet_id": 524946687157370880, "text": "@JWadeMoses @ReutersLive @Reuters I live in a podunk little town that hasn't been targeted since WWII.", "type": "lower_reply"}, {"index": 2, "attribution": -0.00012879374844487756, "tweet_id": 525041607310311425, "text": "@ReutersLive #weneedironmanandorsentinels", "type": "lower_reply"}, {"index": 4, "attribution": -0.03900303691625595, "tweet_id": 524945256446693377, "text": "@JWadeMoses @ReutersLive @Reuters What are the odds this is terrorism?", "type": "lower_reply"}, {"index": 9, "attribution": -0.040142182260751724, "tweet_id": 524953059684651008, "text": "@ReutersLive @Reuters This could very well be a \"decoy\", the first of many more terrorist plots in other Canadian provinces. This is jihad", "type": "direct_reply"}, {"index": 15, "attribution": -0.09508930891752243, "tweet_id": 524946097161392128, "text": "@JWadeMoses @ReutersLive @Reuters I know about monday. I agree. This is too well done. And if it happened in Canada...it can happen here in", "type": "lower_reply"}, {"index": 12, "attribution": -0.10125327855348587, "tweet_id": 524945118579916801, "text": "@ReutersLive We need some chemo or radiation or something to kill the tumours.", "type": "direct_reply"}, {"index": 5, "attribution": -0.12700045108795166, "tweet_id": 524947069908549632, "text": "@JWadeMoses @ReutersLive @Reuters However there is a power plant a couple miles away, and I live in the hot zone if it blew.", "type": "lower_reply"}, {"index": 0, "attribution": -0.48482033610343933, "tweet_id": 524943721302089728, "text": "Stay with us for LIVE coverage on the active shooting at Canadian parliament: http://t.co/vglAGcuBQZ http://t.co/cI7IXtJc82", "type": "source"}, {"index": 7, "attribution": -0.4902295768260956, "tweet_id": 524947193913147392, "text": "@JWadeMoses @ReutersLive @Reuters Would need potassium iodide pills and would have to go west to get away.", "type": "lower_reply"}]}