{"thread_id": "524977651476623360", "gold_label": 0, "predicted_label": 0, "tweet_attributions": [{"index": 0, "attribution": 0.22785024344921112, "tweet_id": 524977651476623360, "text": "Soldier shot at War Memorial in Ottawa has died. Live coverage: http://t.co/pQpji0hgFI", "type": "source"}, {"index": 9, "attribution": 0.034135278314352036, "tweet_id": 524978566090743808, "text": "In thoughts with his family \u201c@globeandmail: Soldier shot at War Memorial in Ottawa has died. Live coverage: http://t.co/RriQpuu0Ry\u201d", "type": "direct_reply"}, {"index": 6, "attribution": 0.022178897634148598, "tweet_id": 524978894555062273, "text": "Very sad news \u201c@globeandmail: Soldier shot at War Memorial in Ottawa has died. Live coverage: http://t.co/PIRb5EQGvj\u201d", "type": "direct_reply"}, {"index": 3, "attribution": 0.018964143469929695, "tweet_id": 524981730600439810, "text": "@globeandmail Very very sad news  it should not be repeated.", "type": "direct_reply"}, {"index": 10, "attribution": 0.010277702473104, "tweet_id": 524981213279182852, "text": "@globeandmail Our Condolences to our neighbors and ally to the North.", "type": "direct_reply"}, {"index": 7, "attribution": 0.0006501470343209803, "tweet_id": 525003885224534017, "text": "@globeandmail", "type": "direct_reply"}, {"index": 13, "attribution": 0.0005813682219013572, "tweet_id": 524979068148920321, "text": "@globeandmail Do you not have the respect to say \"rest in peace\" before you use the term LIVE COVERAGE? Not very professional", "type": "direct_reply"}, {"index": 8, "attribution": -0.005585744511336088, "tweet_id": 524979214534336513, "text": "This is so terribly upsetting. @globeandmail: Soldier shot at War Memorial in Ottawa has died.", "type": "direct_reply"}, {"index": 4, "attribution": -0.010174712166190147, "tweet_id": 524978572415729664, "text": "\u201c@globeandmail: Soldier shot at War Memorial in Ottawa has died. Live coverage: http://t.co/WrG9pXyNZE\u201d may he RIP :( So sad and tragic!", "type": "direct_reply"}, {"index": 5, "attribution": -0.010899131186306477, "tweet_id": 524980660134772736, "text": "\u201c@globeandmail: Soldier shot at War Memorial in Ottawa has died. Live coverage: http://t.co/UyIdLIVbpD\u201d sad, RIP", "type": "direct_reply"}, {"index": 15, "attribution": -0.01195711363106966, "tweet_id": 524978125449744385, "text": "\u201c@globeandmail: Soldier shot at War Memorial in Ottawa has died. Live coverage: http://t.co/cEfczxspVr\u201d my my condolences to his family", "type": "direct_reply"}, {"index": 11, "attribution": -0.013407810591161251, "tweet_id": 524978715512823810, "text": "\u201c@globeandmail: Soldier shot at War Memorial in Ottawa has died. Live coverage: http://t.co/p3ZbKh6XkQ\u201d oh man the worst outcome", "type": "direct_reply"}, {"index": 14, "attribution": -0.01815045066177845, "tweet_id": 524978115081433088, "text": "Sad News from #parlimenthill our thoughts r w you, stay strong #Ottawa @globeandmail", "type": "direct_reply"}, {"index": 2, "attribution": -0.04158598557114601, "tweet_id": 524977902564429824, "text": "\u201c@globeandmail: Soldier shot at War Memorial in Ottawa has died. Live coverage: http://t.co/foJ2IQwYtq\u201d RIP to this soldier \ud83d\ude1e #PrayForOttawa", "type": "direct_reply"}, {"index": 1, "attribution": -0.04565000534057617, "tweet_id": 524978929497800704, "text": "So sad... Prayers go to family \u201c@globeandmail: Soldier shot at War Memorial in Ottawa has died. Live coverage: http://t.co/V7Mm2M1hVS\u201d", "type": "direct_reply"}, {"index": 12, "attribution": -0.046945925801992416, "tweet_id": 524978497077661697, "text": "@globeandmail wow sad to hear that.is this terrorism?", "type": "direct_reply"}]}