{"thread_id": "524981223291383809", "gold_label": 2, "predicted_label": 0, "tweet_attributions": [{"index": 0, "attribution": 0.2782731354236603, "tweet_id": 524981223291383809, "text": "Ottawa Hospital confirms it has received 3 patients. 2 are in stable condition. Live blog: http://t.co/q98AMohu7T", "type": "source"}, {"index": 5, "attribution": 0.024879125878214836, "tweet_id": 524982106611785728, "text": "\u201c@cnnbrk: Ottawa Hospital confirms it has received 3 patients. 2 are in stable condition. Live blog: http://t.co/cNKUaxeF9c\u201d @Eyezzonme", "type": "direct_reply"}, {"index": 3, "attribution": 0.019934942945837975, "tweet_id": 524981803078389760, "text": "@cnnbrk \u062d\u0633\u0627\u0628 \u0639\u062c\u064a\u0628 \u0648\u0631\u0628\u064a \u0627\u0646\u0635\u062d\u0643\u0645 \u062a\u062a\u0627\u0628\u0639\u0648\u0648\u0648\u0647 @Question_arab", "type": "direct_reply"}, {"index": 1, "attribution": 0.01764860562980175, "tweet_id": 524982259523526656, "text": "RT @cnnbrk Ottawa Hospital confirms it has received 3 patients. 2 are in stable condition. Live blog: http://t.co/3zTYZzTJvJ", "type": "direct_reply"}, {"index": 2, "attribution": 0.01759413070976734, "tweet_id": 524981276412219392, "text": "@cnnbrk \u062a\u0628\u064a \u064a\u0646\u0644\u062d\u0633 \u0645\u062e\u0643 \u061f \u062a\u0628\u064a \u064a\u0646\u0644\u062d\u0633 \u062e\u0634\u0645\u0643 \u061f \u062a\u0639\u0627\u0644 \u0630\u0627 \u0627\u0644\u062d\u0633\u0627\u0628 - @Question_arab", "type": "direct_reply"}, {"index": 4, "attribution": 0.006464951205998659, "tweet_id": 524981311837315073, "text": "\u201c@cnnbrk: Ottawa Hospital confirms it has received 3 patients. 2 are in stable condition. Live blog: http://t.co/mJH5yVwbj4\u201d", "type": "direct_reply"}, {"index": 8, "attribution": -0.0018051789375022054, "tweet_id": 524981796883423232, "text": "@cnnbrk \u0645\u0648\u0633\u0648\u0639\u0647 \u0627\u0633\u0626\u0644\u0629 \u0644\u0639\u0627\u0644\u0645 \u062d\u0648\u0627\u0621 @Question_arab", "type": "direct_reply"}, {"index": 7, "attribution": -0.0018857269315049052, "tweet_id": 524981294862979072, "text": "@cnnbrk \u0627\u062f\u0639\u0645\u0648\u0648\u0648\u0646\u0627 @Question_arab", "type": "direct_reply"}, {"index": 6, "attribution": -0.0180132407695055, "tweet_id": 524981279251771392, "text": "@cnnbrk \u064a\u0627\u0639\u064a\u0627\u0644 \u062a\u0639\u0627\u0644\u0648\u0622 \u0634\u0648\u0641\u0648\u0622 \u0648\u0634 \u0641\u064a\u0647 \u0630\u0627 \u0627\u0644\u062d\u0633\u0627\u0628 \u061f @Question_arab", "type": "direct_reply"}, {"index": 9, "attribution": -0.027315916493535042, "tweet_id": 524988247756513280, "text": "\u201c@cnnbrk: Ottawa Hospital confirms it has received 3 patients. 2 are in stable condition. Live blog: http://t.co/kseuAHYa4R\u201d #PrayForOttawa", "type": "direct_reply"}]}