{"thread_id": "524947971679744000", "gold_label": 1, "predicted_label": 2, "tweet_attributions": [{"index": 6, "attribution": 2.309051752090454, "tweet_id": 524953789108080640, "text": "@Breaking911 @pjamesjp1\nA car hits people waiting at the Ammunition Hill station\nof Jerusalem's light rail\ndriver shot trying to flee...", "type": "direct_reply"}, {"index": 5, "attribution": 1.6986445188522339, "tweet_id": 524954489363914752, "text": "@chasmarang @Breaking911 TY!", "type": "lower_reply"}, {"index": 2, "attribution": 0.29195162653923035, "tweet_id": 524948471846305793, "text": "\u201c@Breaking911: BREAKING: Police source has told The Globe that a second shooter has been shot. #OttawaShooting\u201d\nGOOD.", "type": "direct_reply"}, {"index": 1, "attribution": 0.2187081128358841, "tweet_id": 524983554326151169, "text": "@Breaking911 @ChantalHbert Thank you Mr. Harper for getting us involved in this American ISIS folly.", "type": "direct_reply"}, {"index": 4, "attribution": 0.016802024096250534, "tweet_id": 524948789178544128, "text": "@Breaking911 My map app shows tweets from #Ottawa shooting site http://t.co/VlcPC99uBJ \u2026 #ParliamentHill", "type": "direct_reply"}, {"index": 7, "attribution": -0.13770602643489838, "tweet_id": 524955105783996417, "text": "@Breaking911\nYou're welcome --&gt; @pjamesjp1", "type": "lower_reply"}, {"index": 3, "attribution": -0.19117958843708038, "tweet_id": 524953182930501632, "text": "\u201c@Breaking911: : Police source has told The Globe that a second shooter has been shot. #OttawaShooting\u201dBless the Canadian police force", "type": "direct_reply"}, {"index": 8, "attribution": -0.3222508728504181, "tweet_id": 524952653730963456, "text": "\u201c@Breaking911: BREAKING: Police source has told The Globe that a second shooter has been shot. #OttawaShooting\u201d", "type": "direct_reply"}, {"index": 0, "attribution": -0.45684874057769775, "tweet_id": 524947971679744000, "text": "BREAKING: Police source has told The Globe that a second shooter has been shot. #OttawaShooting", "type": "source"}]}