{"thread_id": "524924034124107776", "gold_label": 0, "predicted_label": 2, "tweet_attributions": [{"index": 5, "attribution": 1.031172513961792, "tweet_id": 524924287233585153, "text": "Horrible. RT @CBCAlerts Three or four shots fired at #Ottawa's War Memorial, Soldier wounded, being treated by several paramedics.", "type": "direct_reply"}, {"index": 2, "attribution": 0.23621414601802826, "tweet_id": 524941249120595968, "text": "\u201c@CBCAlerts: Witness says say three or four shots fired at #Ottawa's War Memorial, Soldier wounded, being treated by paramedics @lineman1960", "type": "direct_reply"}, {"index": 3, "attribution": 0.20608282089233398, "tweet_id": 524925527011102720, "text": "@CBCAlerts @dexybailman Let me guess... It was the Canadian Tea Party.", "type": "direct_reply"}, {"index": 6, "attribution": 0.11486325412988663, "tweet_id": 524925062563250177, "text": "@CBCAlerts praying for the soldier and his family.", "type": "direct_reply"}, {"index": 8, "attribution": 0.015195787884294987, "tweet_id": 524924456788316160, "text": "@CBCAlerts Glad paramedics on the scene. First aid critical! Hope our soldier is okay.", "type": "direct_reply"}, {"index": 7, "attribution": -0.0069525702856481075, "tweet_id": 524927141495177217, "text": "@MrsLoulou just terrible!", "type": "lower_reply"}, {"index": 4, "attribution": -0.14303788542747498, "tweet_id": 524924809004990464, "text": "@CBCAlerts So sad\ud83d\udc94 Do we have video surveillance there? If not, then Canada needs to beef up it's surveillance in public places", "type": "direct_reply"}, {"index": 1, "attribution": -0.1768609881401062, "tweet_id": 524941111706779648, "text": "\u201c@CBCAlerts: Witness says say three or four shots fired at #Ottawa's War Memorial, Soldier wounded, being treated by paramedics.\u201d @SofiitaVN", "type": "direct_reply"}, {"index": 0, "attribution": -0.7493193745613098, "tweet_id": 524924034124107776, "text": "Witness says say three or four shots fired at #Ottawa's War Memorial, Soldier wounded, being treated by several paramedics.", "type": "source"}]}