{"thread_id": "524926643325132800", "gold_label": 2, "predicted_label": 2, "tweet_attributions": [{"index": 7, "attribution": 1.3346956968307495, "tweet_id": 524937782813556737, "text": "@MaldwynDobbs it is and scary,the other day a shooting incident in Quebec", "type": "lower_reply"}, {"index": 8, "attribution": 0.8175585269927979, "tweet_id": 524931800863608832, "text": "\u201c@CBCAlerts: Watch live: CBC coverage of shooting of soldier at Ottawa shooter still on loose around Parliament Hill: http://t.co/byRRHIoSbR", "type": "direct_reply"}, {"index": 14, "attribution": 0.23128552734851837, "tweet_id": 524940021535887361, "text": "@CBCAlerts ok...WTF? ON CDN SOIL - thoughts &amp; prayers go out to Soldier's Family.", "type": "direct_reply"}, {"index": 2, "attribution": 0.21387463808059692, "tweet_id": 524933454048550914, "text": "@vonch @CBCAlerts Looks very bad.", "type": "lower_reply"}, {"index": 3, "attribution": 0.15290896594524384, "tweet_id": 524931392656777219, "text": "@CBCAlerts @CBCNews The transformation of a country before our very eyes. Get used to this kind of stuff cause it's gonna be commonplace.", "type": "direct_reply"}, {"index": 0, "attribution": 0.1261986792087555, "tweet_id": 524926643325132800, "text": "Watch live: CBC NN coverage of shooting of soldier at Ottawa Cenotaph; shooter still on loose around Parliament Hill: http://t.co/16oYL4awFM", "type": "source"}, {"index": 1, "attribution": 0.04898454248905182, "tweet_id": 524927492524892160, "text": "@CBCAlerts I ask for welfare and medical after I am free from political jail in Iran RCMP send me in court and jail http://t.co/hioEnDUwmU", "type": "direct_reply"}, {"index": 13, "attribution": 0.04784323275089264, "tweet_id": 524929503106449408, "text": "\u201c@CBCAlerts: coverage of shooting of #soldier at #Ottawa Cenotaph; shooter still on loose around Parliament Hill: http://t.co/WUKsHunRAY\u201d", "type": "direct_reply"}, {"index": 16, "attribution": 0.03720714524388313, "tweet_id": 524929897995964416, "text": "@CBCAlerts this breaks my heart", "type": "direct_reply"}, {"index": 9, "attribution": 0.012817855924367905, "tweet_id": 524927413138907137, "text": "@CBCAlerts @instapundit Good thing its easy for Canadian citizens to arm and protect themselves.", "type": "direct_reply"}, {"index": 15, "attribution": 0.011539175175130367, "tweet_id": 524957109725966338, "text": "@CBCAlerts Trouble with liberal ideas is it assumes everyone holds similar views.THEY DO NOT.And those so inclined take advantage like this.", "type": "direct_reply"}, {"index": 6, "attribution": -0.027082689106464386, "tweet_id": 524937970441519104, "text": "@vonch Thanks!!!", "type": "lower_reply"}, {"index": 10, "attribution": -0.089789979159832, "tweet_id": 524927910587944961, "text": "@CBCAlerts this is ridiculously close to my house", "type": "direct_reply"}, {"index": 11, "attribution": -0.10806059092283249, "tweet_id": 524929355362099200, "text": "@CBCAlerts @yatesey", "type": "direct_reply"}, {"index": 12, "attribution": -0.1349003165960312, "tweet_id": 524929170573635584, "text": "@CBCAlerts @CBCNews if you do this act, is it more of frustration in life or financial frustration. I wonder???", "type": "direct_reply"}, {"index": 5, "attribution": -0.15285088121891022, "tweet_id": 524934258318917633, "text": "@CBCAlerts it doesnt work", "type": "direct_reply"}, {"index": 4, "attribution": -0.15747855603694916, "tweet_id": 524928824006688768, "text": "@CBCAlerts Wake up, people!  These Islamist rapist slavers are coming for you, taking advantage of your laws and loop-holes! Arrest them NOW", "type": "direct_reply"}]}