{"thread_id": "524945170777645059", "gold_label": 2, "predicted_label": 0, "tweet_attributions": [{"index": 0, "attribution": 0.2295672446489334, "tweet_id": 524945170777645059, "text": "Watch Live: Manhunt for Canadian Parliament shooting suspect http://t.co/oWI4Jj0X5i via @CTVNews http://t.co/iqiSSYHWP2", "type": "source"}, {"index": 7, "attribution": 0.03887546434998512, "tweet_id": 524971252323459073, "text": "\"@NBCNews: Watch Live: Manhunt for Canadian Parliament shooting suspect http://t.co/e5kNmPrDuy via @CTVNews http://t.co/qrUTv0f13a\"", "type": "direct_reply"}, {"index": 1, "attribution": 0.0287014227360487, "tweet_id": 524945374625017856, "text": "@NBCNews narcissistic stalker, what does it mean, who r the examples n does it mean that they believe victims r following the stalker!!?!??!", "type": "direct_reply"}, {"index": 3, "attribution": 0.0024405603762716055, "tweet_id": 524956229257666560, "text": "\u201c@NBCNews: Watch Live: Manhunt for Canadian Parliament shooting suspect http://t.co/K8rD3eCr6y via @CTVNews http://t.co/e5JsXDQtYp\u201d #9NEWS", "type": "direct_reply"}, {"index": 11, "attribution": -0.000246278039412573, "tweet_id": 524947730465292289, "text": "\u201c@NBCNews: Watch Live: Manhunt for Canadian Parliament shooting suspect http://t.co/KBH35zFfAc via @CTVNews http://t.co/rtMQfcRg2C", "type": "direct_reply"}, {"index": 10, "attribution": -0.0005128574557602406, "tweet_id": 524945609233817600, "text": "@NBCNews @CTVNews #CBC confirmed one shooter is dead. There is probably more than one shooter.", "type": "direct_reply"}, {"index": 2, "attribution": -0.004757394082844257, "tweet_id": 524947078389059584, "text": "@NBCNews @CTVNews I swear, Canada looks so calm and pretty in that pic. I want to visit!", "type": "direct_reply"}, {"index": 12, "attribution": -0.009501254186034203, "tweet_id": 524952014644871168, "text": "\u201c@NBCNews: Watch Live: Manhunt for Canadian Parliament shooting suspect http://t.co/MCzhBeuDC8 via @CTVNews http://t.co/ycO7dshUhK\u201d", "type": "direct_reply"}, {"index": 6, "attribution": -0.010458703152835369, "tweet_id": 524946466293698560, "text": "@NBCNews @RobertAlai @CTVNews http://t.co/zezljjXNwp", "type": "direct_reply"}, {"index": 4, "attribution": -0.01715342327952385, "tweet_id": 524954255816663040, "text": "@NBCNews @CTVNews Horrifying but I doubt it will have anything to do with Islam", "type": "direct_reply"}, {"index": 5, "attribution": -0.04224729537963867, "tweet_id": 524960449818009600, "text": "@NBCNews @CTVNews Canadian Parliament should must be secured immediately &amp; all terrorist should be taken to task.", "type": "direct_reply"}, {"index": 8, "attribution": -0.044703979045152664, "tweet_id": 525015550401847296, "text": "@NBCNews @CTVNews  May we be of any assistance? http://t.co/u0y3A3OaC7", "type": "direct_reply"}, {"index": 9, "attribution": -0.05227279290556908, "tweet_id": 524947927262040064, "text": "\u201c@NBCNews: Watch Live: Manhunt for Canadian Parliament shooting suspect http://t.co/uDilLRskh3 via @CTVNews http://t.co/UgPz31rU2k\u201d", "type": "direct_reply"}]}