{"thread_id": "524968205690089472", "gold_label": 0, "predicted_label": 2, "tweet_attributions": [{"index": 8, "attribution": 1.0684897899627686, "tweet_id": 524979834079162368, "text": "@TorontoStar Ok, time to take it to the fucking muslims. Look out Allah, here comes the revenge. KILL MUSLIMS, KILL MUSLIMS.", "type": "direct_reply"}, {"index": 13, "attribution": 0.22652550041675568, "tweet_id": 524969069481828352, "text": "@TorontoStar Soldiers death is UNCONFIRMED", "type": "direct_reply"}, {"index": 11, "attribution": 0.16461411118507385, "tweet_id": 524971465209573377, "text": "@TorontoStar @CTVNationalNews", "type": "direct_reply"}, {"index": 10, "attribution": 0.16351722180843353, "tweet_id": 524984720976019456, "text": "@Bazmeg6969 @Rrrrnessa @TorontoStar damn this asses", "type": "lower_reply"}, {"index": 5, "attribution": 0.08822043985128403, "tweet_id": 524969558864834560, "text": "#AttackInOttawa\n@TorontoStar: Update\n-Cdn soldier dies \n-ParliamentGuard wounded\n-ParliamentHill still in lockdown\nhttp://t.co/31Pkg1wKsx", "type": "direct_reply"}, {"index": 9, "attribution": 0.06318997591733932, "tweet_id": 524968603452715008, "text": "@TorontoStar the civic hospital has not released any information on the status of the injured soldier.", "type": "direct_reply"}, {"index": 3, "attribution": 0.06145148351788521, "tweet_id": 524970752127565824, "text": "@TorontoStar Jason Kenney removes tweet @CBCNews", "type": "direct_reply"}, {"index": 6, "attribution": 0.05886376276612282, "tweet_id": 524975316213964800, "text": "Hope all my friends and colleagues in Ottawa are safe. Terrible that this is happening in Canada...@TorontoStar \nhttp://t.co/8dNjGhMpcx", "type": "direct_reply"}, {"index": 7, "attribution": -0.023156793788075447, "tweet_id": 524969464337809408, "text": "@TorontoStar I don't think the soldier is dead. You guys are mistaking the soldier from Monday in Quebec", "type": "direct_reply"}, {"index": 4, "attribution": -0.04795575141906738, "tweet_id": 524969040310444033, "text": "@TorontoStar no confirmation on the solider.  As far as anyone knows, he is still fighting.  Statement was been retracted", "type": "direct_reply"}, {"index": 14, "attribution": -0.0713874027132988, "tweet_id": 524969065920884736, "text": "@TorontoStar Where is confirmation coming from? Jason Kenney posted about but Global said it was false, who's right?", "type": "direct_reply"}, {"index": 1, "attribution": -0.07269466668367386, "tweet_id": 524968868465639425, "text": "@KristineHartlin @TorontoStar It looks like confirmations are coming in now.", "type": "lower_reply"}, {"index": 2, "attribution": -0.0998930111527443, "tweet_id": 524983568146382848, "text": "@bazmeg6969 @torontostar @rrrrnessa Come to the battlefield we will deliver you to the hellfire", "type": "lower_reply"}, {"index": 12, "attribution": -0.15309523046016693, "tweet_id": 524970533461712896, "text": "@TorontoStar I am so sorry to hear that Ottawa is going through this. My prayers are with all of you for the wounded and the capture of shts", "type": "direct_reply"}, {"index": 0, "attribution": -0.729310929775238, "tweet_id": 524968205690089472, "text": "Update from Ottawa:\n-Cdn soldier dies from shooting\n-Parliamentary guard wounded\n-Parliament Hill still in lockdown\nhttp://t.co/chbTWxVN0q", "type": "source"}]}