{"thread_id": "524954623145431041", "gold_label": 0, "predicted_label": 0, "tweet_attributions": [{"index": 0, "attribution": 0.2930908501148224, "tweet_id": 524954623145431041, "text": "Latest on shooting in Ottawa w/ dramatic video from inside Canadian Parliament building by @globeandmail http://t.co/iXfjOjwP6y", "type": "source"}, {"index": 3, "attribution": 0.014095800928771496, "tweet_id": 524990316474929152, "text": "@nytimesworld @globeandmail so HAPPY TO be able to Sing RAP and COUNTRY music on the short film FRIENDS ON HIGH search youtube benjyswann", "type": "direct_reply"}, {"index": 1, "attribution": -0.0016634617932140827, "tweet_id": 525055218879578112, "text": "@nytimesworld @globeandmail. \n\nWHAT RANK OF PRIVILEGE TO INDESCRIMINATE MURDER OF A HUMAN BEING . SAD DAY.  CONDOLENCES TO ALL.", "type": "direct_reply"}, {"index": 2, "attribution": -0.032902058213949203, "tweet_id": 524956365056671744, "text": "@nytimesworld @globeandmail this is the equivalent of having armed terrorists roaming through the White House or Congress", "type": "direct_reply"}, {"index": 4, "attribution": -0.045422907918691635, "tweet_id": 524958868821270528, "text": "@nytimesworld @nytimes @globeandmail , this prophecy for 2014 http://t.co/unt2RNouYX \u041a\u041d\u042b\u041a", "type": "direct_reply"}]}