{"thread_id": "524948206023880704", "gold_label": 0, "predicted_label": 2, "tweet_attributions": [{"index": 5, "attribution": 2.499244451522827, "tweet_id": 524997490035404800, "text": "@Trial_Watcher1 @CBCAlerts @CBCNews We, or better say, NOBODY can say for sure if these attack were jihadists acts or a crazy canadian...", "type": "lower_reply"}, {"index": 12, "attribution": 2.4826254844665527, "tweet_id": 524998076164214784, "text": "@ImStillSassy @CBCAlerts @CBCNews The one yesterday we sure can, Todays remains to be confirmed, but prob. is as well, not that cbc wld say", "type": "lower_reply"}, {"index": 14, "attribution": 1.9710745811462402, "tweet_id": 524997088325955584, "text": "@CBCAlerts @ImStillSassy @CBCNews There are tons of Jihadists in Canada. Que., Ont. especially.Ont/US border in buffalo is a Muzzie corridor", "type": "direct_reply"}, {"index": 2, "attribution": 0.7252429127693176, "tweet_id": 524978844155912193, "text": "@CBCAlerts @CBCNews whats happening at the Ottawa Airport.", "type": "direct_reply"}, {"index": 11, "attribution": 0.6883751749992371, "tweet_id": 524998424379523072, "text": "@Trial_Watcher1 @CBCAlerts @CBCNews Like I said before... I don't believe what I read on internet or Tweeter or FB... LMAO ;)", "type": "lower_reply"}, {"index": 22, "attribution": 0.5088205933570862, "tweet_id": 524977952505606144, "text": "@CBCAlerts @CBCNews we love our country and military personnel !! Keep safe", "type": "direct_reply"}, {"index": 9, "attribution": 0.48857590556144714, "tweet_id": 524952544595177474, "text": "@CBCAlerts @PnPCBC @CBCNews Round up these assholes and send them all to hell...", "type": "direct_reply"}, {"index": 13, "attribution": 0.45594117045402527, "tweet_id": 524951432332451840, "text": "@CBCAlerts @CBCNews glad the shooter is dead. Praying for our security personnel Praying for Canada now.", "type": "direct_reply"}, {"index": 24, "attribution": 0.41636893153190613, "tweet_id": 524996510132744192, "text": "@CBCAlerts @ImStillSassy @CBCNews One parlemetry guard was shot dead, two other wounded", "type": "direct_reply"}, {"index": 15, "attribution": 0.3741441071033478, "tweet_id": 524999012538408963, "text": "@ImStillSassy @CBCAlerts @CBCNews One parelent guard was killed today, two wounded. Attack was from 2 gunmen", "type": "lower_reply"}, {"index": 23, "attribution": 0.30921775102615356, "tweet_id": 524950962373287936, "text": "@CBCAlerts @RepMattSalmon @CBCNews Obviously, I spoke too soon.  They got him.  Good job.  Hope the soldier is OK.", "type": "direct_reply"}, {"index": 17, "attribution": 0.20613528788089752, "tweet_id": 524948710942588928, "text": "@CBCAlerts @CBCNews any word on the condition of the soldier?\ud83d\ude4f", "type": "direct_reply"}, {"index": 21, "attribution": 0.19372032582759857, "tweet_id": 524979403403444224, "text": "@CBCAlerts @CBCNews I wirk security so am imagining what must be happening there abd the airport.", "type": "direct_reply"}, {"index": 19, "attribution": 0.10685599595308304, "tweet_id": 524948601831956480, "text": "@CBCAlerts @CBCNews RT PRAY FOR OUR SOLDIER", "type": "direct_reply"}, {"index": 10, "attribution": 0.07708133012056351, "tweet_id": 524996329307906048, "text": "@CBCAlerts @ImStillSassy @CBCNews There were two gunmen apparently. One was shot dead, the other is still at large. according to Sun News", "type": "direct_reply"}, {"index": 8, "attribution": 0.07684969902038574, "tweet_id": 524951832280707073, "text": "@CBCAlerts @CBCNews let's cancel moose hunting for Isis hunting#that religion", "type": "direct_reply"}, {"index": 4, "attribution": 0.066592738032341, "tweet_id": 524996856431251456, "text": "@Trial_Watcher1 @CBCAlerts @CBCNews Better not believe what we read on internet... or Tweeter  LOL", "type": "lower_reply"}, {"index": 1, "attribution": -0.03826748952269554, "tweet_id": 524999801973506048, "text": "@Trial_Watcher1 @CBCAlerts @CBCNews And the news I'm watching right now are saying so much different than what you're posting in here LOL", "type": "lower_reply"}, {"index": 3, "attribution": -0.09348282217979431, "tweet_id": 524951904212615168, "text": "@CBCAlerts tragic. Stay safe our law informers and partner dogs", "type": "direct_reply"}, {"index": 18, "attribution": -0.15247322618961334, "tweet_id": 524949649065779201, "text": "@CBCAlerts @CBCNews Everything has changed now..God be with us as we change everything and stand on guard for Canada.", "type": "direct_reply"}, {"index": 0, "attribution": -0.21821071207523346, "tweet_id": 524948206023880704, "text": "The latest @CBCNews on #Ottawa shootings. Gunman killed inside Parliament, soldier shot at War Memorial. http://t.co/kngapKTSCe #cdnpoli", "type": "source"}, {"index": 6, "attribution": -0.2802589535713196, "tweet_id": 524952081036496897, "text": "\u201c@CBCAlerts: The latest @CBCNews on #Ottawa shootings. Gunman killed inside Parliament, soldier shot at War Memorial. http://t.co/6p2G5V2F4I", "type": "direct_reply"}, {"index": 7, "attribution": -0.3474254906177521, "tweet_id": 524950833088458752, "text": "@JamirSafi This is what happens when you have a Dicktator for a leader! People get crazy when SH pokes his nose where it doesn't belong!", "type": "lower_reply"}, {"index": 16, "attribution": -0.42571118474006653, "tweet_id": 524948450665050112, "text": "@CBCAlerts @CBCNews wtf this is canada", "type": "direct_reply"}, {"index": 20, "attribution": -0.9038665294647217, "tweet_id": 524950324604592128, "text": "\u201c@CBCAlerts: #Ottawa shootings. Gunman killed inside Parliament, soldier shot at War Memorial.\" @PoirierJeffrey U OK? \ud83d\ude26\ud83d\ude28 #workfromhomesvp", "type": "direct_reply"}]}