{"thread_id": "524942470472548352", "gold_label": 0, "predicted_label": 0, "tweet_attributions": [{"index": 0, "attribution": 0.23064394295215607, "tweet_id": 524942470472548352, "text": "The University of Ottawa, just a five minute walk from the Hill, is now on lockdown.", "type": "source"}, {"index": 3, "attribution": 0.06238265335559845, "tweet_id": 524944078870700032, "text": "@ldobsonhughes @InklessPW is 2 km from nasty parliament not 2 minute only  chita to can run 120 km an hours", "type": "direct_reply"}, {"index": 2, "attribution": 0.003703509224578738, "tweet_id": 524943410520924161, "text": "My Alma Mater. God. RT @ldobsonhughes: The University of Ottawa, just a five minute walk from the Hill, is now on lockdown.", "type": "direct_reply"}, {"index": 1, "attribution": -0.04655371233820915, "tweet_id": 524943159726309376, "text": "@ldobsonhughes @HuffPostCanada God Bless Heather !!", "type": "direct_reply"}]}