{"thread_id": "524957429889777665", "gold_label": 0, "predicted_label": 2, "tweet_attributions": [{"index": 8, "attribution": 3.1835546493530273, "tweet_id": 524961756150767616, "text": "@3CRKate @SkyNews Naughty God.", "type": "lower_reply"}, {"index": 2, "attribution": 2.3123362064361572, "tweet_id": 524961619827515392, "text": "MT\"@SkyNews: Ottawa shootings reportedly at three locations. http://t.co/jppFwoCQ59 http://t.co/P8uZ1nnibS\u201d Good God.", "type": "direct_reply"}, {"index": 4, "attribution": 2.2952191829681396, "tweet_id": 524961888317489153, "text": "@balconyshirts @SkyNews ...time for some intervention.", "type": "lower_reply"}, {"index": 9, "attribution": 0.474526971578598, "tweet_id": 524962264156504064, "text": "@3CRKate @SkyNews I'm washing my hair tonight mate.", "type": "lower_reply"}, {"index": 12, "attribution": 0.35156580805778503, "tweet_id": 524964600387997696, "text": "@SkyNews @KorstenA @Nicolesandler We all look to Ottawa!", "type": "direct_reply"}, {"index": 10, "attribution": 0.0731678381562233, "tweet_id": 524957943922720768, "text": "@SkyNews Cue the bombardment now.", "type": "direct_reply"}, {"index": 6, "attribution": 0.027279160916805267, "tweet_id": 524961353794977792, "text": "@SkyNews when the news video starts looping u know it over", "type": "direct_reply"}, {"index": 14, "attribution": 0.014126461930572987, "tweet_id": 524977373251665920, "text": "@3CRKate ^^too!", "type": "lower_reply"}, {"index": 5, "attribution": -0.015183073468506336, "tweet_id": 525199277165772801, "text": "@SkyNews @Nisha_Hindu I Is Canada paying4 its appeasement of Islamists,&amp; being extra nice2 them? Sad ! Innocents &amp; security ppl paying4 it !", "type": "direct_reply"}, {"index": 0, "attribution": -0.01711440086364746, "tweet_id": 524957429889777665, "text": "Ottawa shootings reportedly at three locations - parliament, war memorial and shopping mall. http://t.co/fULkb6VpEv http://t.co/mL9Ivehy6Q", "type": "source"}, {"index": 13, "attribution": -0.315216988325119, "tweet_id": 524959254663692289, "text": ".@SkyNews @ostercywriter shame @SkyNews ignores what happens outside our own parliament  #OccupyDemocracy #parliamentsquare", "type": "direct_reply"}, {"index": 1, "attribution": -0.3167843818664551, "tweet_id": 524958526582824961, "text": "@SkyNews who's behind? Terrorist act? plse help if you know. Thanks #ottawashooting", "type": "direct_reply"}, {"index": 3, "attribution": -0.34315064549446106, "tweet_id": 524977291311710208, "text": "@3CRKate a little to close to home isn't it.", "type": "lower_reply"}, {"index": 11, "attribution": -0.37903496623039246, "tweet_id": 524965374803324929, "text": "\u201c@SkyNews: Ottawa shootings reportedly at three locations - parliament, war memorial and shopping mall.", "type": "direct_reply"}, {"index": 7, "attribution": -0.8453519344329834, "tweet_id": 524966222631149568, "text": "@SkyNews haha very nice..you westerners should get nice doses before you learn about real enemy of humanity.stop being sickular", "type": "direct_reply"}]}