{"thread_id": "524925033626738688", "gold_label": 0, "predicted_label": 0, "tweet_attributions": [{"index": 0, "attribution": 0.34407708048820496, "tweet_id": 524925033626738688, "text": "Scene at Ottawa war memorial. Soldier on duty shot. http://t.co/QvXGDUM4NC", "type": "source"}, {"index": 6, "attribution": -0.0016071200370788574, "tweet_id": 524927413663576064, "text": "@KatieSimpson24 @CTVAtlantic they are saying over 50 shots fired inside the parliament in Ottawa", "type": "direct_reply"}, {"index": 2, "attribution": -0.005345431622117758, "tweet_id": 524975283250929664, "text": "@KatieSimpson24 @CBezaireCTV Gunman was spotted running toward the Centre Block on #ParliamentHill where he was shot. http://t.co/WPtntMcP7t", "type": "direct_reply"}, {"index": 3, "attribution": -0.008169138804078102, "tweet_id": 524927937682747394, "text": "@KatieSimpson24 @LauraWalkerKC Who does that?! How mentally ill do you have to be, seriously \u2026 hope the soldier pulls through.", "type": "direct_reply"}, {"index": 5, "attribution": -0.010041446425020695, "tweet_id": 524935357817958400, "text": "@KatieSimpson24 Round up traitors and intern or expel them. Capital punishment for murderers. Cowardly attack.", "type": "direct_reply"}, {"index": 7, "attribution": -0.027416137978434563, "tweet_id": 524927400422178816, "text": "@KatieSimpson24 @CJBK this to do with sending our forces over to war", "type": "direct_reply"}, {"index": 1, "attribution": -0.035697244107723236, "tweet_id": 524925832972996608, "text": "Live update from Parliament.. \u201c@KatieSimpson24: Scene at Ottawa war memorial. Soldier on duty shot. http://t.co/HVW1tcIrVy\u201d", "type": "direct_reply"}, {"index": 4, "attribution": -0.07552917301654816, "tweet_id": 524937556463742976, "text": "@KatieSimpson24 @BenCTV  prayers for our soldier. We have no updates as to his status. Thoughts and prayers for safely", "type": "direct_reply"}]}