{"thread_id": "524944637489086464", "gold_label": 1, "predicted_label": 0, "tweet_attributions": [{"index": 0, "attribution": 0.41890713572502136, "tweet_id": 524944637489086464, "text": "#OTTAWA SHOOTING: Police killed 1 guman, believe 2 or 3 still at large - reports http://t.co/Zp9AKplH9p http://t.co/f5jsyOog9b", "type": "source"}, {"index": 2, "attribution": 0.03979238122701645, "tweet_id": 524945086702825472, "text": "@RT_com Guman? Can you please correct?", "type": "direct_reply"}, {"index": 6, "attribution": -0.0067607928067445755, "tweet_id": 524970798042583040, "text": "@RT_com damn, Canada ain't safe no more? Smh", "type": "direct_reply"}, {"index": 1, "attribution": -0.006855456158518791, "tweet_id": 524947185713283073, "text": "@RT_com apparently he came to shore from his submarine after sightseeing in Sweden.", "type": "direct_reply"}, {"index": 4, "attribution": -0.007664152886718512, "tweet_id": 524945105095249920, "text": "@RT_com can't be very good gunmen if they have only managed to shoot a statue lol", "type": "direct_reply"}, {"index": 3, "attribution": -0.013391061685979366, "tweet_id": 524946698637152256, "text": "@RT_com Gunman!", "type": "direct_reply"}, {"index": 5, "attribution": -0.06487244367599487, "tweet_id": 524950548697849856, "text": "@RT_com @Swamy39 @HMOIndia @PMOIndia @SushmaSwaraj\nIt was eminant for Canada being safe haven &amp; a sanctuary for these jihadis &amp; terrorists", "type": "direct_reply"}]}