{"thread_id": "524932327907270656", "gold_label": 0, "predicted_label": 2, "tweet_attributions": [{"index": 1, "attribution": 1.0229607820510864, "tweet_id": 524934421074673664, "text": "@SFUO_FEUO exactly! We tested the emergency alert system yesterday! Why haven't we got a notification?", "type": "direct_reply"}, {"index": 4, "attribution": 0.35366109013557434, "tweet_id": 524933858236854273, "text": "@SFUO_FEUO @uOttawa why hasn't the university sent an emergency notification? Should have a while ago. #Ottawa #safety", "type": "direct_reply"}, {"index": 3, "attribution": 0.09798156470060349, "tweet_id": 524935458695155712, "text": "@lauren_616 We are monitoring all #uOttawa twitter feeds and will pass on information as we get it. You can follow @uOttawaAlert as well", "type": "lower_reply"}, {"index": 2, "attribution": 0.09387222677469254, "tweet_id": 524935829782007808, "text": "@a_shaily Avoid Rideau Center and surroundings, @uOttawa Protection monitoring ~AJ", "type": "lower_reply"}, {"index": 5, "attribution": -0.09613848477602005, "tweet_id": 524937183632056320, "text": "@a_shaily @uOttawa We are monitoring all uOttawa and City of Ottawa social media pages and will pass on information as we get it", "type": "lower_reply"}, {"index": 0, "attribution": -0.7858197093009949, "tweet_id": 524932327907270656, "text": "Shooting in downtown Ottawa, police evacuating Rideau Centre and closing off Wellington. Stay safe #uOttawa students", "type": "source"}]}