{"thread_id": "524969144832491520", "gold_label": 0, "predicted_label": 2, "tweet_attributions": [{"index": 0, "attribution": 0.14871694147586823, "tweet_id": 524969144832491520, "text": "Soldier shot at Canada National War Memorial has died; police are looking for several suspects http://t.co/dQYFsfKGHx http://t.co/qwjAU3SliB", "type": "source"}, {"index": 10, "attribution": 0.061389680951833725, "tweet_id": 524979454003912705, "text": "@SkyNews so many religious nutjobs out there, sad it's spreading to other countries", "type": "direct_reply"}, {"index": 15, "attribution": 0.033173736184835434, "tweet_id": 524969343999029248, "text": "@SkyNews tragic RIP", "type": "direct_reply"}, {"index": 5, "attribution": 0.03227091208100319, "tweet_id": 524969926780796928, "text": "@SkyNews What a sad moment in history this is,some young man misguided by fear and lies and hatred takes someone elses life away", "type": "direct_reply"}, {"index": 13, "attribution": 0.025159241631627083, "tweet_id": 524980141135769600, "text": "@SkyNews All of the coalition must stand shoulder to shoulder with Canada !! There can be no hiding place for foreign or domestic terrorists", "type": "direct_reply"}, {"index": 1, "attribution": 0.02325368858873844, "tweet_id": 524979024951795712, "text": "@SkyNews @RockScorpion59 We wondered what was being planed at the end of Pistorius trial.", "type": "direct_reply"}, {"index": 11, "attribution": 0.022158673033118248, "tweet_id": 524970762672041984, "text": "@SkyNews wish @skymartinbrunt was back at work; my family and I really miss his reporting!", "type": "direct_reply"}, {"index": 2, "attribution": 0.019878406077623367, "tweet_id": 524972395715903488, "text": "@SkyNews Beautiful building, country and people. Like shooting a mockingbird. Muslims, don't let your religion be used for this! Inform!", "type": "direct_reply"}, {"index": 9, "attribution": 0.019541112706065178, "tweet_id": 524974219667722240, "text": "@SkyNews The so called religion of peace strikes again!", "type": "direct_reply"}, {"index": 4, "attribution": 0.015856502577662468, "tweet_id": 524977823183032320, "text": "@SkyNews @annispice You've misspelled \"Murderous un-evolved cowards\"\" as \"suspects\".", "type": "direct_reply"}, {"index": 14, "attribution": 0.013111572712659836, "tweet_id": 524980544632000513, "text": "@SkyNews Very sorry this dear, selfless man has died today in Ottawa in such circumstances. Naturally one prays for family, friends a.t.t.", "type": "direct_reply"}, {"index": 7, "attribution": 0.011048109270632267, "tweet_id": 524975041050861569, "text": "@SkyNews MUSLIMS?? Probably....they are at war with us...wake up", "type": "direct_reply"}, {"index": 6, "attribution": 0.009515897370874882, "tweet_id": 524978142306643968, "text": "@SkyNews so sad RIP! Complete and utter disgrace", "type": "direct_reply"}, {"index": 16, "attribution": 0.009409577585756779, "tweet_id": 524976158174347264, "text": "@SkyNews So sad, What is wrong with people!", "type": "direct_reply"}, {"index": 3, "attribution": 0.0034889010712504387, "tweet_id": 524975191534104576, "text": "@SkyNews why ???????", "type": "direct_reply"}, {"index": 12, "attribution": 0.000762935436796397, "tweet_id": 524969342036103168, "text": "@SkyNews  this is so sad - cannot believe happening in my country", "type": "direct_reply"}, {"index": 17, "attribution": -0.0014791378052905202, "tweet_id": 524972939813605376, "text": "@Nduna_lux @SkyNews Religion. People who can't compartmentalise their personal beliefs in everyday life. Myth and reality don't mix.", "type": "lower_reply"}, {"index": 8, "attribution": -0.01088638510555029, "tweet_id": 524970385230819329, "text": "@SkyNews RIP hopefully now they will allow ammunition for their rifles! Poor kid", "type": "direct_reply"}]}