{"thread_id": "524930538009006081", "gold_label": 2, "predicted_label": 2, "tweet_attributions": [{"index": 6, "attribution": 0.7783648371696472, "tweet_id": 524930812265787392, "text": "@Reuters i am in Canada.  CTV news are reporting a tweet from a NDP MP inside building saying shooter arrested.", "type": "direct_reply"}, {"index": 2, "attribution": 0.5629414916038513, "tweet_id": 524930917966823424, "text": "What's going on? \u201c@Reuters: Canada police say suspect in Ottawa shooting still at large, tactical units on scene.\u201d", "type": "direct_reply"}, {"index": 4, "attribution": 0.2054939866065979, "tweet_id": 524940720050696192, "text": "@randomnessIsIs @Reuters a full tactical assault", "type": "lower_reply"}, {"index": 8, "attribution": 0.17827899754047394, "tweet_id": 524931957097234432, "text": "@cneldred @Reuters Please tell me the Police took care of him/her with an empty magazine in return fire!!! FORGET ARRESTING.", "type": "lower_reply"}, {"index": 11, "attribution": 0.05094069615006447, "tweet_id": 524931443429220353, "text": "@cneldred @Reuters I hope that's true..", "type": "lower_reply"}, {"index": 12, "attribution": 0.0488959364593029, "tweet_id": 524931447359299584, "text": "@AnkithL I don't know.", "type": "lower_reply"}, {"index": 13, "attribution": 0.011163730174303055, "tweet_id": 524932980494458880, "text": "@Reuters 3 Tips of Life - Bubblews http://t.co/2WocnfepHa", "type": "direct_reply"}, {"index": 7, "attribution": 0.009015529416501522, "tweet_id": 524930744855322625, "text": "@Reuters http://t.co/GbF4gMifEZ", "type": "direct_reply"}, {"index": 10, "attribution": 0.007955878041684628, "tweet_id": 524931547179528192, "text": "\u201c@Reuters: Canada police say suspect in Ottawa shooting still at large, tactical units on scene.\u201d@MTanquita", "type": "direct_reply"}, {"index": 1, "attribution": -0.0040745665319263935, "tweet_id": 524931863920771072, "text": "@Reuters Please tell me the Police took care of him/her with an empty magazine in return fire!!!", "type": "direct_reply"}, {"index": 14, "attribution": -0.01803073100745678, "tweet_id": 524936687303270400, "text": "@Reuters  they have guns in canada, black powder muskets?", "type": "direct_reply"}, {"index": 9, "attribution": -0.055570971220731735, "tweet_id": 524930996832329728, "text": "@Reuters \u062d\u0633\u0627\u0628 \u0645\u064f\u062a\u0627\u0628\u0639 \u0645\u0646 \u0627\u0644\u0648\u0644\u064a\u062f \u0628\u0646 \u0637\u0644\u0627\u0644 - @Question_arab", "type": "direct_reply"}, {"index": 3, "attribution": -0.06321156769990921, "tweet_id": 524931189111816192, "text": "@cneldred @Reuters CBCNN reporting gunman still at large 10:32 am. I just came home to this!", "type": "lower_reply"}, {"index": 5, "attribution": -0.08444546908140182, "tweet_id": 524930611107344384, "text": "\u201c@Reuters: Canada police say suspect in Ottawa shooting still at large, tactical units on scene.\u201d", "type": "direct_reply"}, {"index": 0, "attribution": -0.7588170170783997, "tweet_id": 524930538009006081, "text": "Canada police say suspect in Ottawa shooting still at large, tactical units on scene.", "type": "source"}]}