{"thread_id": "524935216134369281", "gold_label": 0, "predicted_label": 2, "tweet_attributions": [{"index": 0, "attribution": 0.1954176276922226, "tweet_id": 524935216134369281, "text": "Witnesses say several dozen shots fired inside Parliament buildings after Canadian soldier shot at nearby War Memorial. #cbcOTT #OTTnews", "type": "source"}, {"index": 1, "attribution": 0.11793432384729385, "tweet_id": 524938153430646784, "text": "@CBCOttawa I hope these idiots know they are the people who should be frightened. We're just angry, and they will pay!#Canadian", "type": "direct_reply"}, {"index": 2, "attribution": 0.05621002987027168, "tweet_id": 524936855067033600, "text": "@CBCOttawa several dozen?", "type": "direct_reply"}, {"index": 3, "attribution": 0.029645150527358055, "tweet_id": 524939157102424064, "text": "@CBCOttawa @Raffi_RC do we have status of victim?", "type": "direct_reply"}]}