{"thread_id": "524956383318650880", "gold_label": 2, "predicted_label": 2, "tweet_attributions": [{"index": 8, "attribution": 1.0024851560592651, "tweet_id": 524957387216932865, "text": "@globeandmail @KokomoNews It's a very sad day. This is my nation's capital. I have walked along these streets.", "type": "direct_reply"}, {"index": 16, "attribution": 0.4368157684803009, "tweet_id": 524956959217557504, "text": "@globeandmail @acarvin This is what happens when Canadian #guncontrol begins to look like US gun control. #cdnpoli #NotOneMore", "type": "direct_reply"}, {"index": 4, "attribution": 0.39985421299934387, "tweet_id": 524961013637349377, "text": "@globeandmail @Klarevas Wonder if they are related to the guy that follows #ISIS who ran down two RCMPs", "type": "direct_reply"}, {"index": 11, "attribution": 0.142402783036232, "tweet_id": 524957357424803841, "text": "\u201c@globeandmail: Photos of the scene in Ottawa, where police confirm 'several' shootings http://t.co/63oJizGpcE http://t.co/oTcFPn9uVm\u201d", "type": "direct_reply"}, {"index": 5, "attribution": 0.13728640973567963, "tweet_id": 524963813591093248, "text": "@globeandmail this is so horrific, shocking shocking, praying for peace and safety for our police and guards", "type": "direct_reply"}, {"index": 12, "attribution": 0.13063548505306244, "tweet_id": 524956765193273344, "text": "\u201c@globeandmail: Photos of the scene in Ottawa, where police confirm 'several' shootings http://t.co/zYUMwWeYEv http://t.co/mmjAXLRDmR\u201d cmon", "type": "direct_reply"}, {"index": 10, "attribution": 0.11261233687400818, "tweet_id": 524961651167346688, "text": "@globeandmail i have walked in that area so many times alot tourists probs gonna actually put security there lol", "type": "direct_reply"}, {"index": 6, "attribution": 0.10764051228761673, "tweet_id": 524959432024027138, "text": "@MrCampese I think you have that backward... #tcot @globeandmail @acarvin", "type": "lower_reply"}, {"index": 7, "attribution": 0.10210014134645462, "tweet_id": 524960132330168320, "text": "@globeandmail Thanks for sharing. I've added it to my Rebel Mouse page. http://t.co/35QAc9tXgY", "type": "direct_reply"}, {"index": 2, "attribution": 0.08282887190580368, "tweet_id": 524960976601632768, "text": "@globeandmail @USATODAY   one respect for Kandas democratic (!) \nteo emeritus FR\u00c4MMESTAD sweden", "type": "direct_reply"}, {"index": 1, "attribution": 0.0606229268014431, "tweet_id": 524957758538661888, "text": "@globeandmail @JonathanHuntFNC National Gun control at it's finest!", "type": "direct_reply"}, {"index": 3, "attribution": -0.0027869867626577616, "tweet_id": 524961226582134784, "text": "@WheresSal I suspect too soon to tell", "type": "lower_reply"}, {"index": 19, "attribution": -0.00789695419371128, "tweet_id": 524964715936907264, "text": "@globeandmail @KokomoNews The war memorial is very open and accessible very much like your own memorial in Indianapolis. Close to leg build", "type": "lower_reply"}, {"index": 13, "attribution": -0.021465441212058067, "tweet_id": 524964030746988544, "text": "@globeandmail @RonEClaiborne Very sad. Will await updates. Prayers to all.", "type": "direct_reply"}, {"index": 9, "attribution": -0.034544702619314194, "tweet_id": 524964529323909120, "text": "To @MrCampese &lt; Can't tell how many ways you're wrong.  @globeandmail @RonEClaiborne", "type": "direct_reply"}, {"index": 14, "attribution": -0.035337768495082855, "tweet_id": 524957379419320320, "text": "Scary \u201c@globeandmail: Photos of the scene in Ottawa, where police confirm 'several' shootings http://t.co/W1KCYsaxNI http://t.co/KxxuSaXDkx\u201d", "type": "direct_reply"}, {"index": 18, "attribution": -0.03549623116850853, "tweet_id": 524956864149483521, "text": "\u201c@globeandmail: Photos of the scene in Ottawa, where police confirm 'several' shootings http://t.co/LlN5pa5iXX http://t.co/7gtOUGxSfw\u201d", "type": "direct_reply"}, {"index": 17, "attribution": -0.12942323088645935, "tweet_id": 524962178823364608, "text": "=( \u201c@globeandmail: Photos of the scene in Ottawa, where police confirm 'several' shootings http://t.co/VNMJSIGATg http://t.co/EA26agyKAa\u201d", "type": "direct_reply"}, {"index": 15, "attribution": -0.18660856783390045, "tweet_id": 524962541198639104, "text": "@globeandmail TERRORISM LIVE IN THE STREETS IN CANADA", "type": "direct_reply"}, {"index": 0, "attribution": -1.3738728761672974, "tweet_id": 524956383318650880, "text": "Photos of the scene in Ottawa, where police confirm 'several' shootings http://t.co/1vpA0rErQg http://t.co/djjyH5S30C", "type": "source"}]}