{"thread_id": "524943012602716160", "gold_label": 2, "predicted_label": 0, "tweet_attributions": [{"index": 0, "attribution": 0.20488764345645905, "tweet_id": 524943012602716160, "text": "OTTAWA! Sending postive vibes. Stay away from rooftops and windows in downtown. Shooter still in Parliament Hill: http://t.co/WzBRh1x9sq", "type": "source"}, {"index": 13, "attribution": 0.040593743324279785, "tweet_id": 524943582143471616, "text": "@ThatKevinSmith thanks Kev, we appreciate the love. Still a few gunmen at large", "type": "direct_reply"}, {"index": 9, "attribution": 0.03658342733979225, "tweet_id": 524943489671634946, "text": "@ThatKevinSmith it's pretty scary up here Kevin, all on lockdown.", "type": "direct_reply"}, {"index": 10, "attribution": 0.027732841670513153, "tweet_id": 524943477797552128, "text": "@ThatKevinSmith One gunman down, other supposedly still on run, shots fired.", "type": "direct_reply"}, {"index": 8, "attribution": 0.019818902015686035, "tweet_id": 524943493459087360, "text": "@ThatKevinSmith it's pretty intense in Ottawa, a lot of people don't even know what happening. I can hear the sirens from Algonquin College.", "type": "direct_reply"}, {"index": 16, "attribution": 0.007633894216269255, "tweet_id": 524943615010037760, "text": "@ThatKevinSmith thanks for caring! You're welcome here anytime", "type": "direct_reply"}, {"index": 3, "attribution": -0.003607015358284116, "tweet_id": 524944278125285376, "text": "@ThatKevinSmith Thanks for the info.", "type": "direct_reply"}, {"index": 14, "attribution": -0.008290791884064674, "tweet_id": 524943336961212417, "text": "@ThatKevinSmith Oh no. How awful.", "type": "direct_reply"}, {"index": 11, "attribution": -0.009849658235907555, "tweet_id": 524943289146146817, "text": "@ThatKevinSmith Im a block away from the shooting area. Its a gong show out there. Be safe everyone!!!  #ottawa #shooting", "type": "direct_reply"}, {"index": 6, "attribution": -0.010277828201651573, "tweet_id": 524943732190490624, "text": "@ThatKevinSmith : all on lockdown here. Praying this gets sorted ASAP.", "type": "direct_reply"}, {"index": 4, "attribution": -0.015317427925765514, "tweet_id": 524943786615795712, "text": "@ThatKevinSmith stay low and dont \"skyline\"yourselves. Watch a few shows/listen to a podcast or two *Know anyone who does one?* be safe", "type": "direct_reply"}, {"index": 5, "attribution": -0.017927873879671097, "tweet_id": 524944516919603200, "text": "@ThatKevinSmith Thanks for caring about us Hosers.  \ud83d\udc9c", "type": "direct_reply"}, {"index": 1, "attribution": -0.017933815717697144, "tweet_id": 524943428254453762, "text": "@ThatKevinSmith thanks for the tweet. You're the only US celeb I've seen say anything. You're incredible #Ottawa #staysafe", "type": "direct_reply"}, {"index": 12, "attribution": -0.043696824461221695, "tweet_id": 524943517781479424, "text": "@ThatKevinSmith same here send up prayers for all.", "type": "direct_reply"}, {"index": 15, "attribution": -0.056181441992521286, "tweet_id": 524943543392276480, "text": "@ThatKevinSmith Office is on lockdown and the perimeter keeps moving further and further- awful freaky around here.", "type": "direct_reply"}, {"index": 7, "attribution": -0.06278495490550995, "tweet_id": 524943217910095872, "text": "@ThatKevinSmith damn. there goes my kite-flying lunch", "type": "direct_reply"}, {"index": 2, "attribution": -0.06782496720552444, "tweet_id": 524943663734861827, "text": "@ThatKevinSmith This is lunacy.  This shit just doesn't happen in Canada.  Please let this be the galvanizing incident that unifies us.", "type": "direct_reply"}]}