{"thread_id": "524926235030589440", "gold_label": 0, "predicted_label": 0, "tweet_attributions": [{"index": 0, "attribution": 0.4118203818798065, "tweet_id": 524926235030589440, "text": "BREAKING NEWS: At least 3 shots fired at Ottawa War Memorial. One soldier confirmed shot - http://t.co/wiPaKVPSDb http://t.co/vwxeqj8xe9", "type": "source"}, {"index": 3, "attribution": -0.0012662986991927028, "tweet_id": 524937952820883456, "text": "@PzFeed so who is the brainiac on the right that looks like he's taking a picture?", "type": "direct_reply"}, {"index": 5, "attribution": -0.005465843249112368, "tweet_id": 524946118774620161, "text": "@PzFeed sickening", "type": "direct_reply"}, {"index": 2, "attribution": -0.01297986600548029, "tweet_id": 524926750506377216, "text": "@PzFeed can't believe it I was there less then 24 hours ago", "type": "direct_reply"}, {"index": 4, "attribution": -0.017707468941807747, "tweet_id": 524926344992686081, "text": "@PzFeed Gee, I thought Canadians are supposed to be polite for once....", "type": "direct_reply"}, {"index": 1, "attribution": -0.043708305805921555, "tweet_id": 524926674417500160, "text": "@PzFeed @Rui_Castro All our domestic military should be armed, now.", "type": "direct_reply"}, {"index": 6, "attribution": -0.06807016581296921, "tweet_id": 524929568327888896, "text": "@PzFeed @AbideSam That's disgusting tbh...", "type": "direct_reply"}]}