{"thread_id": "524927281048080385", "gold_label": 2, "predicted_label": 2, "tweet_attributions": [{"index": 34, "attribution": 2.2056543827056885, "tweet_id": 524965141268692993, "text": "@dmatthewmillar @Russell_Barth @devo1400 @spaikin Sure but in how many years has this happened? This is extremely unusual.", "type": "lower_reply"}, {"index": 14, "attribution": 1.9815138578414917, "tweet_id": 524942844499619841, "text": "@Russell_Barth @devo1400 @spaikin I've had concerns about that for a while", "type": "lower_reply"}, {"index": 21, "attribution": 1.5314005613327026, "tweet_id": 524966881573470208, "text": "@Russell_Barth @dmatthewmillar @devo1400 @spaikin That's rather specious. We don't know t MH situation. Can't b determined from a distance.", "type": "lower_reply"}, {"index": 40, "attribution": 1.2727125883102417, "tweet_id": 524942493050494976, "text": "@devo1400 @dmatthewmillar @spaikin \nfunny, a guy with a joint can't make it past the memorial flame, but a gunman, whoosh, right inside", "type": "lower_reply"}, {"index": 1, "attribution": 0.8723266124725342, "tweet_id": 524965532211351552, "text": "@Ont_Ombudsnanny @dmatthewmillar @devo1400 @spaikin \nvery rare. but it has been increasingly likely as we chop away at ment hlth services", "type": "lower_reply"}, {"index": 19, "attribution": 0.8314533829689026, "tweet_id": 524965546379739136, "text": "@dmatthewmillar @Russell_Barth @devo1400 @spaikin In historical terms this is a blip. Screw those losers.", "type": "lower_reply"}, {"index": 6, "attribution": 0.7995383739471436, "tweet_id": 524968348468412416, "text": "@Ont_Ombudsnanny @dmatthewmillar @devo1400 @spaikin \nthe truth will never come out. martial law is coming", "type": "lower_reply"}, {"index": 2, "attribution": 0.379393070936203, "tweet_id": 524966130700791808, "text": "@Russell_Barth @dmatthewmillar @devo1400 @spaikin 1/2 Violence doesn't automatically indicate a relationship to MH.", "type": "lower_reply"}, {"index": 20, "attribution": 0.3532085716724396, "tweet_id": 524970281379823616, "text": "@Russell_Barth @dmatthewmillar @devo1400 @spaikin Call me bad Canuck, I hope those fucktards get their asses kicked. http://t.co/Xwl6nPO3UQ", "type": "lower_reply"}, {"index": 26, "attribution": 0.34202972054481506, "tweet_id": 524928326566412289, "text": "@dmatthewmillar  Stay safe.", "type": "direct_reply"}, {"index": 16, "attribution": 0.3281037211418152, "tweet_id": 524928498771972096, "text": "@dmatthewmillar @LRyck why would you tweet the location of snipers? Who does that help? #cdnpoli", "type": "direct_reply"}, {"index": 10, "attribution": 0.3268774449825287, "tweet_id": 524968082083958784, "text": "@Russell_Barth @dmatthewmillar @devo1400 @spaikin Ah true. Problem now is we'll probably only get coroner's details \ud83d\ude01 they won't make it.", "type": "lower_reply"}, {"index": 28, "attribution": 0.22699595987796783, "tweet_id": 524929656190148609, "text": "@dmatthewmillar Stay safe, Matt.", "type": "direct_reply"}, {"index": 23, "attribution": 0.20826886594295502, "tweet_id": 524971151693729792, "text": "@Russell_Barth @dmatthewmillar @devo1400 @spaikin The science is ongoing, it can't cure, I got a link hang on...http://t.co/MmfTP5usPH", "type": "lower_reply"}, {"index": 41, "attribution": 0.20315669476985931, "tweet_id": 524941897266397184, "text": "@Russell_Barth @dmatthewmillar @spaikin you're an idiot its parliament hill. Of course they're prepared for situations like this you idiot!", "type": "lower_reply"}, {"index": 17, "attribution": 0.16556619107723236, "tweet_id": 524969935383326721, "text": "@Ont_Ombudsnanny @dmatthewmillar @devo1400 @spaikin \nfrom the same cops and government who tell us that cancer-curing marijuana is evil.", "type": "lower_reply"}, {"index": 24, "attribution": 0.10835084319114685, "tweet_id": 524971471501021184, "text": "@Russell_Barth @dmatthewmillar @devo1400 @spaikin This one was pretty good. Stay strong! Odd day, but have a good one anyways.", "type": "lower_reply"}, {"index": 31, "attribution": 0.10039199143648148, "tweet_id": 524938376735379457, "text": "@dmatthewmillar @FionaMcK also, maybe just window cleaners- https://t.co/QAhDtpg5bv", "type": "direct_reply"}, {"index": 8, "attribution": 0.09381581097841263, "tweet_id": 524927826718638081, "text": ".@dmatthewmillar What a silly response. They are targets 2 an embedded sniper. #Canada needs a #Security make-over. #Fail #CdnPoli #Design", "type": "direct_reply"}, {"index": 11, "attribution": 0.07014095038175583, "tweet_id": 524941965012795393, "text": "@Maritimes_HOME @dmatthewmillar because canada doesnt fuck around with security", "type": "lower_reply"}, {"index": 29, "attribution": 0.06408734619617462, "tweet_id": 524950880681201664, "text": "@dmatthewmillar email me at dcdesk@cctv-america.com when you get a chance - good to know you are safe -Nathan", "type": "lower_reply"}, {"index": 22, "attribution": 0.06136227026581764, "tweet_id": 524934820124975106, "text": "@dmatthewmillar @gregobr Might be a good idea to not tweet about police movement/location?", "type": "direct_reply"}, {"index": 42, "attribution": 0.05252654850482941, "tweet_id": 524936331605323776, "text": "#AttackInOttawa\nPolice action\n@dmatthewmillar: Snipers NationalArtGallery\nwe r barricadedCentreBlock ParliamentHill\nhttp://t.co/HvykTnlcuz", "type": "direct_reply"}, {"index": 37, "attribution": 0.0476422943174839, "tweet_id": 524966663251566594, "text": "@Ont_Ombudsnanny @dmatthewmillar @devo1400 @spaikin true enough", "type": "lower_reply"}, {"index": 32, "attribution": 0.046355705708265305, "tweet_id": 524934434404192256, "text": "@dmatthewmillar @spaikin odd how they happened to be already ready for this, eh? doesn't look staged at all. nope. totally believable.", "type": "direct_reply"}, {"index": 9, "attribution": 0.0306894201785326, "tweet_id": 524967144367591425, "text": "@Ont_Ombudsnanny @dmatthewmillar @devo1400 @spaikin \ni am only saying that all three scenarios are plausible.", "type": "lower_reply"}, {"index": 7, "attribution": 0.015727806836366653, "tweet_id": 524931933168746496, "text": "@dmatthewmillar Stay safe, Matt!", "type": "direct_reply"}, {"index": 30, "attribution": 0.012352542020380497, "tweet_id": 524939756455477249, "text": "@dmatthewmillar delete this you idiot", "type": "direct_reply"}, {"index": 27, "attribution": 0.005466058384627104, "tweet_id": 524931034329395200, "text": "@dmatthewmillar very helpful why would you tweet that!!??", "type": "direct_reply"}, {"index": 13, "attribution": -0.0014344787923619151, "tweet_id": 524967132090888192, "text": "@Russell_Barth @dmatthewmillar @devo1400 @spaikin That's why there are professionals. Average citizen can only currently make a guess.", "type": "lower_reply"}, {"index": 35, "attribution": -0.03223705291748047, "tweet_id": 524947016238268416, "text": "@_spookyboobs @dmatthewmillar right &amp; terrorist don't have access to social media to find out where we have placed that valuable security!", "type": "lower_reply"}, {"index": 39, "attribution": -0.04127169027924538, "tweet_id": 524928510654443520, "text": "@Rory_Johnston @zoewhittall @elamin88 @dmatthewmillar holy shit, i would never have known that was possible", "type": "lower_reply"}, {"index": 4, "attribution": -0.07166381180286407, "tweet_id": 524967669083414528, "text": "@Ont_Ombudsnanny @dmatthewmillar @devo1400 @spaikin \n364 days a year, the cops are 100% unbelievable. today, everyone lines up to suck them", "type": "lower_reply"}, {"index": 0, "attribution": -0.07470310479402542, "tweet_id": 524927281048080385, "text": "Snipers set up on National Art Gallery as we remain barricaded in Centre Block on Parliament Hill #cdnpoli. http://t.co/lWKaxLI9jO", "type": "source"}, {"index": 5, "attribution": -0.09605737775564194, "tweet_id": 524942146475163649, "text": "@devo1400 @dmatthewmillar @spaikin \nhow the guy got that far leads me to suspect this is not what it seems.", "type": "lower_reply"}, {"index": 38, "attribution": -0.11487874388694763, "tweet_id": 524948547750621184, "text": "@Maritimes_HOME @dmatthewmillar lmao you expect social media to shut down during a shooting? thats when most tweets happen fuckboi", "type": "lower_reply"}, {"index": 33, "attribution": -0.18153810501098633, "tweet_id": 524969635410870273, "text": "@Russell_Barth @dmatthewmillar @devo1400 @spaikin Not EVERYTHING will come out. But we will get details, especially these days.", "type": "lower_reply"}, {"index": 12, "attribution": -0.18159572780132294, "tweet_id": 524966555072094208, "text": "@Russell_Barth @dmatthewmillar @devo1400 @spaikin 2/2 If it did, every guy in the NHL would be institutionalized.", "type": "lower_reply"}, {"index": 3, "attribution": -0.18442203104496002, "tweet_id": 524936606516801536, "text": "Suivi - Des snipers positionn\u00e9s sur le toit de la national gallery en face du parlement #cdnpoli via @dmatthewmillar http://t.co/cwx0nDbkm4", "type": "direct_reply"}, {"index": 18, "attribution": -0.19153501093387604, "tweet_id": 524939504982167552, "text": "@dmatthewmillar @Jaclyn_Colville Twice in one week!?!?!?! #Toclosetohomeforcomfort", "type": "direct_reply"}, {"index": 36, "attribution": -0.28995686769485474, "tweet_id": 524965821337329666, "text": "@Ont_Ombudsnanny @dmatthewmillar @devo1400 @spaikin a) actual \"terror\", b) nutbars, c) false flag. all 3 r plausible http://t.co/6ZWDCGXXPw", "type": "lower_reply"}, {"index": 25, "attribution": -0.32180067896842957, "tweet_id": 524970687803715584, "text": "@Russell_Barth @dmatthewmillar @devo1400 @spaikin And I know they will too :) #stupidattack", "type": "lower_reply"}, {"index": 15, "attribution": -0.37164434790611267, "tweet_id": 524936956225282048, "text": "@dmatthewmillar showing the shooter where those police are???  @TSNBobMcKenzie", "type": "direct_reply"}]}