{"thread_id": "524949837729787905", "gold_label": 1, "predicted_label": 0, "tweet_attributions": [{"index": 0, "attribution": 0.2710070312023163, "tweet_id": 524949837729787905, "text": "#BREAKING: Ottawa police confirm to CTV news there were at least three separate shootings", "type": "source"}, {"index": 1, "attribution": 0.02858698181807995, "tweet_id": 524950282518941696, "text": "RT @stephaniesmyth: #BREAKING: Ottawa police confirm to CTV news there were at least three separate shootings", "type": "direct_reply"}, {"index": 2, "attribution": 0.015616060234606266, "tweet_id": 524950856584953856, "text": "RT @stephaniesmyth: #BREAKING: Ottawa police confirm to CTV news there were at least three separate shootings #cdnpoli #ottawa", "type": "direct_reply"}, {"index": 3, "attribution": 0.012022330425679684, "tweet_id": 524950469442297856, "text": "@stephaniesmyth wait...is that including the shooting of the perpetrator?", "type": "direct_reply"}]}