{"thread_id": "524953604717686784", "gold_label": 2, "predicted_label": 2, "tweet_attributions": [{"index": 1, "attribution": 0.6517552733421326, "tweet_id": 524953838835728385, "text": "@Breaking911 Plausible. Multiple locations. Multiple gunmen. They've got to be motivated by something.", "type": "direct_reply"}, {"index": 15, "attribution": 0.5628706216812134, "tweet_id": 524963108817997824, "text": "@Breaking911 @treesaree  They obviously didnt clear that w Obama since he thinks he rules the world!", "type": "direct_reply"}, {"index": 19, "attribution": 0.31087321043014526, "tweet_id": 524977128035868672, "text": "@SleepySteve95 @Breaking911 HATE.", "type": "lower_reply"}, {"index": 13, "attribution": 0.2745385468006134, "tweet_id": 524956540424691712, "text": "@Breaking911 @TMZ_Politics So, \"terrorist attack\" is Canadian for \"workplace violence\"?", "type": "direct_reply"}, {"index": 12, "attribution": 0.23300820589065552, "tweet_id": 524963171594141696, "text": "@Breaking911 @GCGATOR24 OMG Don't tell me...The Religion of Peace again!", "type": "direct_reply"}, {"index": 2, "attribution": 0.11950239539146423, "tweet_id": 524984366079148032, "text": "@RobertH2334 @Breaking911 He is and has been a zero walking.", "type": "lower_reply"}, {"index": 5, "attribution": 0.11324452608823776, "tweet_id": 524963651766468608, "text": "@Breaking911 @RahnBForney Well, that seems to be the excuse to bring out the army, pretending to be police.", "type": "direct_reply"}, {"index": 10, "attribution": 0.08479153364896774, "tweet_id": 524954572511383552, "text": "@Breaking911 I call the EXECUTION of #MikeBrown by #DarrenWilson a TERRORIST ATTACK against the people! @SleepySteve95 #OttawaShooting", "type": "direct_reply"}, {"index": 9, "attribution": 0.06871222704648972, "tweet_id": 524964142290325504, "text": "@Breaking911 @RahnBForney That's like a robber or murderer getting shot and complaining about gun violence.", "type": "direct_reply"}, {"index": 6, "attribution": 0.06182758882641792, "tweet_id": 524983084325036032, "text": "@Breaking911 @shelliecorreia of course it terror premeated right out of #ottawa mosques that are #ISIS training centres to radicalize CDNs", "type": "direct_reply"}, {"index": 17, "attribution": -0.024296561256051064, "tweet_id": 524963665343422464, "text": "@Breaking911 lets see if the lib media will pick this up. Finally someone calling this what it is.", "type": "direct_reply"}, {"index": 16, "attribution": -0.025181211531162262, "tweet_id": 524982227500007424, "text": "@Breaking911 @AZWS Are you sure it wasn't a multiple sight work place violence type thing...ugh", "type": "direct_reply"}, {"index": 18, "attribution": -0.04812226817011833, "tweet_id": 524954863793221632, "text": "@Breaking911 @chazermann26 Could It Be That Their Coddling Of The Terrorists Streaming Into Their Nation ; Somehow Encouraged The Wolves ?", "type": "direct_reply"}, {"index": 7, "attribution": -0.07769247144460678, "tweet_id": 524963597038809088, "text": "@Breaking911 @RahnBForney \nDown here it would be called work violence!", "type": "direct_reply"}, {"index": 11, "attribution": -0.08930937200784683, "tweet_id": 524976581551603713, "text": "@Breaking911 @im4tech73h Are they sure it's not workplace violence?  Maybe they should check with #Obama.", "type": "direct_reply"}, {"index": 8, "attribution": -0.09201189875602722, "tweet_id": 524954408812302338, "text": "@Breaking911 @gailtalk Do you remember when #Canada was White. The Great White North. Before #immigration #diversity? #Canuckistan", "type": "direct_reply"}, {"index": 14, "attribution": -0.11444545537233353, "tweet_id": 524982007114522626, "text": "@Breaking911 @AZWS Racists...  #ISIS #Bergdahl #Taliban5 #MuslimBrotherhood #Benghazi   We have your back. Unfortunately our Pres is MUSLIM.", "type": "direct_reply"}, {"index": 3, "attribution": -0.14010213315486908, "tweet_id": 524965748012507136, "text": "@Breaking911 so was the WTC....not a MOSSAD setup...noooo", "type": "direct_reply"}, {"index": 4, "attribution": -0.15028922259807587, "tweet_id": 524981885005332480, "text": "@Breaking911 @SemiAutoAZ  Glad to see SOMEBODY call terrorism what it is.", "type": "direct_reply"}, {"index": 0, "attribution": -0.6996555924415588, "tweet_id": 524953604717686784, "text": "CANADIAN OFFICIALS NOW CALLING TODAY'S PARLIAMENT SHOOTING A TERRORIST ATTACK - http://t.co/5VYMWGWyx3 http://t.co/jQn39E7hTA", "type": "source"}]}