{"thread_id": "524974318087061504", "gold_label": 0, "predicted_label": 0, "tweet_attributions": [{"index": 0, "attribution": 0.310298889875412, "tweet_id": 524974318087061504, "text": "BREAKING: the most terrible news of the day so far: soldier has died of his injuries #OttawaShooting @ctvnews @ctvottawa", "type": "source"}, {"index": 2, "attribution": 0.05202333629131317, "tweet_id": 524975587174002688, "text": "\u201c@grahamctv: BREAKING: the most terrible news of the day so far: soldier has died of his injuries #OttawaShooting @ctvnews @ctvottawa\u201d \ud83d\ude14\ud83d\ude1e\ud83d\ude23", "type": "direct_reply"}, {"index": 1, "attribution": 0.02133749984204769, "tweet_id": 524977189637615618, "text": "@grahamctv @CTVNews @ctvottawa Heartbreaking news.  I am so very sad for him, for his family, and for our country.", "type": "direct_reply"}, {"index": 12, "attribution": 0.01526608970016241, "tweet_id": 524975035266920448, "text": "\u201c@grahamctv:the most terrible news of the day so far: soldier has died of his injuries #OttawaShooting @ctvnews @ctvottawa\u201d Absolutely true.", "type": "direct_reply"}, {"index": 11, "attribution": 0.014522803016006947, "tweet_id": 524975144243306496, "text": "@grahamctv @ctvottawa @CTVNews may he rest in peace", "type": "direct_reply"}, {"index": 14, "attribution": 0.01442110538482666, "tweet_id": 524976312457248768, "text": "\u201c@grahamctv: BREAKING: the most terrible news of the day so far: soldier has died of his injuries #OttawaShooting @ctvnews @ctvottawa\u201d \ud83d\ude10", "type": "direct_reply"}, {"index": 18, "attribution": 0.0128603121265769, "tweet_id": 524974705670119426, "text": "RT\u201c@grahamctv: BREAKING: the most terrible news of the day so far: soldier has died of his injuries #OttawaShooting @ctvottawa\u201d #smem", "type": "direct_reply"}, {"index": 9, "attribution": 0.008358507417142391, "tweet_id": 524975269078401024, "text": "\u201c@grahamctv: BREAKING: the most terrible news of the day so far: soldier has died of his injuries #OttawaShooting @ctvnews @ctvottawa\u201d\ud83d\ude22RIP\u2764\ufe0f", "type": "direct_reply"}, {"index": 6, "attribution": 0.0071013872511684895, "tweet_id": 524977598750023680, "text": "\u201c@grahamctv: BREAKING: the most terrible news of the day so far: soldier has died of his injuries #OttawaShooting @ctvnews @ctvottawa\u201d- SAD", "type": "direct_reply"}, {"index": 8, "attribution": 0.0067711081355810165, "tweet_id": 524976409518014464, "text": "@grahamctv @CTVNews @ctvottawa Has CTV confirmed this with the DND, or is this based on what @kenneyjason said on Twitter?", "type": "direct_reply"}, {"index": 5, "attribution": 0.003618650371208787, "tweet_id": 524974883428892672, "text": "@grahamctv @CTVNews @ctvottawa very sad indeed", "type": "direct_reply"}, {"index": 7, "attribution": -0.007644757628440857, "tweet_id": 524975622582722562, "text": "@grahamctv Does it have to be deemd \"most terrible news?\"  Many children have also died today @reallisa @CTVNews @ctvottawa", "type": "direct_reply"}, {"index": 4, "attribution": -0.020707817748188972, "tweet_id": 524975424468942849, "text": "@grahamctv @ctvottawa @CTVNews Our condolences go out to this soldier's family. This was a senseless act if violance", "type": "direct_reply"}, {"index": 17, "attribution": -0.02257397025823593, "tweet_id": 524978346006831104, "text": "RIP Soldier @grahamctv @CTVNews @ctvottawa", "type": "direct_reply"}, {"index": 15, "attribution": -0.025436075404286385, "tweet_id": 524975381309579265, "text": "@rsbmiller @grahamctv @CTVNews @ctvottawa yes Scott he was from #HamOnt - our city in mourning and hoping your city is safe", "type": "lower_reply"}, {"index": 13, "attribution": -0.029111025854945183, "tweet_id": 524975835644960768, "text": "@grahamctv @CTVNews @ctvottawa heartbreaking...", "type": "direct_reply"}, {"index": 3, "attribution": -0.031100576743483543, "tweet_id": 524975722012893184, "text": "\u201c@grahamctv: BREAKING: the most terrible news of the day so far: soldier has died of his injuries #OttawaShooting @ctvnews @ctvottawa\u201d \ud83d\udc94", "type": "direct_reply"}, {"index": 16, "attribution": -0.06002824380993843, "tweet_id": 524976195742744577, "text": "@grahamctv @AmyFerguson2 @CTVNews @ctvottawa @mwkoop he died not long ago but before they said he was alright", "type": "direct_reply"}, {"index": 10, "attribution": -0.1995782107114792, "tweet_id": 524975062483730433, "text": "\u201c@grahamctv: BREAKING: the most terrible news of the day so far: soldier has died of his injuries #OttawaShooting @ctvnews @ctvottawa\u201d", "type": "direct_reply"}]}