{"thread_id": "524991067675189250", "gold_label": 0, "predicted_label": 2, "tweet_attributions": [{"index": 14, "attribution": 2.865509271621704, "tweet_id": 524995043443376129, "text": "@sunkistdaisy glad to hear your fine. I hope they catch the other perpetrators for everyone's safety.", "type": "lower_reply"}, {"index": 17, "attribution": 2.0650382041931152, "tweet_id": 524994430517121025, "text": "@KarlaSolano1525 yes I'm ok. I live on the other side of the country. As of now I believe there hasn't been any further shootings", "type": "lower_reply"}, {"index": 22, "attribution": 1.4455128908157349, "tweet_id": 524993689656233985, "text": "@KarlaSolano1525 yes it's awful. Police are still looking for another suspect &amp; that's disconcerting. Ppl are still in lock down in bldgs", "type": "lower_reply"}, {"index": 10, "attribution": 0.902367353439331, "tweet_id": 524995337627664384, "text": "@KarlaSolano1525 me too. Scary to think there may be a violent suspect still out there", "type": "lower_reply"}, {"index": 18, "attribution": 0.8921471238136292, "tweet_id": 524994027855552512, "text": "@sunkistdaisy are you safe? I hope everyone you know is safe too.", "type": "lower_reply"}, {"index": 19, "attribution": 0.3140055239200592, "tweet_id": 524992535283113984, "text": "@tarastrong I'm just really shocked. I've seen the footage in the Parliament building on BBC News and I just couldn't believe it.", "type": "lower_reply"}, {"index": 4, "attribution": 0.31032606959342957, "tweet_id": 524993775790477315, "text": "@tarastrong @CBCNews Thanks Tara. I was really impressed at how quickly our law enforcement acted in the chaos. #ottawashooting", "type": "lower_reply"}, {"index": 3, "attribution": 0.21384166181087494, "tweet_id": 524991977281302528, "text": "@tarastrong @CBCNews so sad some people refuse the magic of friendship", "type": "lower_reply"}, {"index": 2, "attribution": 0.14230570197105408, "tweet_id": 524996633906675712, "text": "@sunkistdaisy absolutely! It's very scary.", "type": "lower_reply"}, {"index": 5, "attribution": 0.12387346476316452, "tweet_id": 524995169918406656, "text": "@tarastrong @CBCNews Thoughts and prayers go out to all my Canadian friends. #PrayForOttawa", "type": "lower_reply"}, {"index": 13, "attribution": 0.10528627038002014, "tweet_id": 524991256389488640, "text": "@CBCNews Tragic Day. # Ottawa Shooting #StaySafeOttawa", "type": "direct_reply"}, {"index": 6, "attribution": 0.10041406750679016, "tweet_id": 524991360688861185, "text": "\u201c@CBCNews: UPDATE: Soldier dies of injuries,http://t.co/O1TIRqMVAO #OttawaShooting http://t.co/7kYfOIxBp0\u201d so tragic #PrayForOttawa", "type": "direct_reply"}, {"index": 23, "attribution": 0.08100534230470657, "tweet_id": 524998494772555776, "text": "@tarastrong @CBCNews. I couldn't believe something like this could happen in Canada. My prayers are with Canada. \ud83d\ude22", "type": "lower_reply"}, {"index": 8, "attribution": 0.03484787791967392, "tweet_id": 524992169485271040, "text": "@tarastrong @CBCNews  damn someone's rollin on Ottawa. :-(\nStay safe.", "type": "lower_reply"}, {"index": 12, "attribution": 0.024548111483454704, "tweet_id": 524999816057982977, "text": "@tarastrong @CBCNews it really hits our hearts when this happen in our own home province...", "type": "lower_reply"}, {"index": 0, "attribution": -0.017745284363627434, "tweet_id": 524991067675189250, "text": "UPDATE: Parliament Hill attack: Soldier dies of injuries, gunman shot dead http://t.co/pp6hcfWcRw #OttawaShooting http://t.co/P0DfYqt63V", "type": "source"}, {"index": 15, "attribution": -0.03140675649046898, "tweet_id": 525445869550993408, "text": "@tarastrong @CBCNews I'm so sorry, Tara...", "type": "lower_reply"}, {"index": 9, "attribution": -0.057128116488456726, "tweet_id": 524993093632675840, "text": "@CBCNews @sunkistdaisy This is terrible to hear, I'm sorry to hear this is happening to Canada.My heart goes out to the soldier &amp; his family", "type": "direct_reply"}, {"index": 25, "attribution": -0.05719958618283272, "tweet_id": 525000121222971393, "text": "@tarastrong @CBCNews Heartbreaking...my thoughts with his family &amp; friends.", "type": "lower_reply"}, {"index": 1, "attribution": -0.06645280122756958, "tweet_id": 524991666139443201, "text": "@tarastrong @CBCNews :( #PrayForOttawa", "type": "lower_reply"}, {"index": 16, "attribution": -0.07758437842130661, "tweet_id": 525051472728190976, "text": "@tarastrong @CBCNews it's so sad #PrayForOttawa", "type": "lower_reply"}, {"index": 21, "attribution": -0.15200425684452057, "tweet_id": 525012339742244865, "text": "@tarastrong I know you're from Toronto like me, but if you have family/friends living in Ottawa, I hope they're safe.", "type": "lower_reply"}, {"index": 7, "attribution": -0.27309197187423706, "tweet_id": 524992104603602944, "text": "@tarastrong @CBCNews even though I don't live in Canada, it's sad to see a Canadian soldier die", "type": "lower_reply"}, {"index": 24, "attribution": -0.3289632797241211, "tweet_id": 524991749950046210, "text": "@CBCNews why are we killing ppl in the middle east for American political gain, making us a ripe target for his kind of revenge attack", "type": "direct_reply"}, {"index": 11, "attribution": -0.42299219965934753, "tweet_id": 524992221263966209, "text": "@CBCNews stay safe", "type": "direct_reply"}, {"index": 20, "attribution": -0.4412919282913208, "tweet_id": 524992504408842240, "text": "@tarastrong @CBCNews So sad.", "type": "lower_reply"}]}