{"thread_id": "524989654995849216", "gold_label": 0, "predicted_label": 0, "tweet_attributions": [{"index": 0, "attribution": 0.2624815106391907, "tweet_id": 524989654995849216, "text": "Police in #Ottawa call situation 'fluid,' 'dynamic,' 'unfolding.' Confirm deaths of soldier, gunman. #cdnpoli", "type": "source"}, {"index": 1, "attribution": 0.1222599521279335, "tweet_id": 524992104351940608, "text": "@CBCAlerts Basically, police won't disclose anything more than what we've already pieced together for ourselves.", "type": "direct_reply"}, {"index": 2, "attribution": -0.010344832204282284, "tweet_id": 525001924718772224, "text": "@CBCAlerts is the situation over or is it still \"unfloding\"?", "type": "direct_reply"}, {"index": 6, "attribution": -0.02276737242937088, "tweet_id": 524989867810631680, "text": "@CBCAlerts what about the other confirmed gunmen?", "type": "direct_reply"}, {"index": 4, "attribution": -0.026941753923892975, "tweet_id": 525000930807537664, "text": "@CBCAlerts ans tmorrow lits raining ,badluck", "type": "direct_reply"}, {"index": 5, "attribution": -0.03711915388703346, "tweet_id": 525004654761873408, "text": "@CBCAlerts @CBCEdmonton Another bad guy in Rideau Hull RCMP friend confirms", "type": "direct_reply"}, {"index": 3, "attribution": -0.08369139581918716, "tweet_id": 524996865536704514, "text": "@CBCAlerts Keep the situation in Ottawa in your prayers.", "type": "direct_reply"}]}