{"thread_id": "524949733983657984", "gold_label": 1, "predicted_label": 0, "tweet_attributions": [{"index": 0, "attribution": 0.22891046106815338, "tweet_id": 524949733983657984, "text": "Ottawa police now say there are 3 shootings in Ottawa:  Parliament, War Memorial and Rideau Centre Mall http://t.co/s0bE3BaNn7", "type": "source"}, {"index": 3, "attribution": 0.045983001589775085, "tweet_id": 524950350089162752, "text": "\u201c@globalnewsto: Ottawa police say there are 3 shootings in Ottawa:  Parliament, War Memorial &amp; Rideau Centre Mall http://t.co/phwTiV5V4w\u201d", "type": "direct_reply"}, {"index": 5, "attribution": 0.04226667061448097, "tweet_id": 524950430724665344, "text": "@globalnewsto:Ottawa police now say there are 3 shootings in Ottawa:  Parliament, War Memorial and Rideau Centre Mall http://t.co/9pAAliP1p4", "type": "direct_reply"}, {"index": 4, "attribution": 0.03977426141500473, "tweet_id": 524950629568217088, "text": "#AttackInOttawa\n@globalnewsto: #Ottawa police say there r 3 shootings: #Parliament, War Memorial and Rideau Centre\nhttp://t.co/pHzJMdzmQm", "type": "direct_reply"}, {"index": 1, "attribution": -0.009274943731725216, "tweet_id": 524964397102678016, "text": "\u201c@globalnewsto: Ottawa police now say there are 3 shootings in Ottawa:  Parliament, War Memorial &amp; Rideau Centre http://t.co/Wcnf8topWW\u201d", "type": "direct_reply"}, {"index": 2, "attribution": -0.016169965267181396, "tweet_id": 524950708974391296, "text": "\u201c@globalnewsto: Ottawa police now say there are 3 shootings in Ottawa:  Parliament, War Memorial, Rideau Centre Mall http://t.co/xmp4LGloJT\u201d", "type": "direct_reply"}]}