{"thread_id": "524926472432410625", "gold_label": 2, "predicted_label": 0, "tweet_attributions": [{"index": 0, "attribution": 0.3542799651622772, "tweet_id": 524926472432410625, "text": "One person shot outside Centre Block, a second wounded inside the building in Parliament Hill shooting http://t.co/zng0g0aelU", "type": "source"}, {"index": 3, "attribution": -0.009730235673487186, "tweet_id": 524926985454518272, "text": "\"@CTVMontreal: One person shot outside Centre Block, 2nd wounded inside the building in Parliament Hill shooting http://t.co/YaZ5ptIm5y\" &gt;:(", "type": "direct_reply"}, {"index": 2, "attribution": -0.0471697635948658, "tweet_id": 524928355016396800, "text": "@CTVMontreal When will Canadians wake up and realize this war on the Islamist rapist slavers is no game, no joke.  Arrest them NOW !!!", "type": "direct_reply"}, {"index": 1, "attribution": -0.050647735595703125, "tweet_id": 524928143229190145, "text": "@CTVMontreal @careysmithctv if @JustinTrudeau reacts same as his home break in he will want full on Armed Forces assault on ISIS.", "type": "direct_reply"}]}