{"thread_id": "524987851046658048", "gold_label": 0, "predicted_label": 2, "tweet_attributions": [{"index": 0, "attribution": 0.11041327565908432, "tweet_id": 524987851046658048, "text": "Police hold news conference on #OttawaShooting - follow our coverage here: http://t.co/0YmuK6kMQM", "type": "source"}, {"index": 15, "attribution": 0.08474945276975632, "tweet_id": 524990246598225920, "text": "@BBCBreaking you going to report on Israelis shooting at Gaza fishermen . Or Israeli settlers running over and killing children ? #bbcbias", "type": "direct_reply"}, {"index": 20, "attribution": 0.07067989557981491, "tweet_id": 524997900938805248, "text": "@jimec65 @BBCBreaking HI James how is your uncle", "type": "lower_reply"}, {"index": 23, "attribution": 0.06690717488527298, "tweet_id": 524993342434967553, "text": "@ticgran @BBCBreaking or the Palestinian terror attack in Jerusalem today! #bbcbias", "type": "lower_reply"}, {"index": 5, "attribution": 0.059056948870420456, "tweet_id": 524996928472637441, "text": "@jimec65 @BBCBreaking what?", "type": "lower_reply"}, {"index": 13, "attribution": 0.045309361070394516, "tweet_id": 524997527180165121, "text": "@jimec65 @BBCBreaking  and landmarks such as Alhambra and the fountain and the time remaining to the water so far2", "type": "lower_reply"}, {"index": 21, "attribution": 0.026045558974146843, "tweet_id": 524989131936780288, "text": "@BBCBreaking We want justice freedom equality and education for all in accordance with the unified global strategy", "type": "direct_reply"}, {"index": 4, "attribution": 0.025806240737438202, "tweet_id": 524997707400622081, "text": "@BBCBreaking  How could #Canada say it took them By surprise, when Australia's PM was threatened by #ISIS , HUGE SECURITY MISTAKE #CANADA", "type": "direct_reply"}, {"index": 18, "attribution": 0.024998066946864128, "tweet_id": 524989084599844865, "text": "@BBCBreaking  we live in the era of spaces, regions and the world has become a small village", "type": "direct_reply"}, {"index": 25, "attribution": 0.022722812369465828, "tweet_id": 524991981777584128, "text": "@BBCBreaking @BBCWorld Please don't turn the volume down when they speak French? I'd like to hear what they're saying.", "type": "direct_reply"}, {"index": 2, "attribution": 0.022363683208823204, "tweet_id": 524997249206878208, "text": "@jimec65 @BBCBreaking Islam is a religion of love and harmony, because he calls for peace and peaceful coexistence for all", "type": "lower_reply"}, {"index": 6, "attribution": 0.019078852608799934, "tweet_id": 524999898719338498, "text": "@jimec65 @BBCBreaking Islamic religion that respects all religions and we say yes to interfaith and intercultural dialogue", "type": "lower_reply"}, {"index": 3, "attribution": 0.01705760881304741, "tweet_id": 524997590115692545, "text": "@jimec65 @BBCBreaking  To be that everyone knows and understands the meaning of Islam, humanity and high-end service to humanity", "type": "lower_reply"}, {"index": 11, "attribution": 0.01665443368256092, "tweet_id": 525278355621683200, "text": "@liessn @jimec65 @BBCBreaking http://t.co/ViX7bMlzpN", "type": "lower_reply"}, {"index": 1, "attribution": 0.016365526244044304, "tweet_id": 524989182411042816, "text": "@BBCBreaking  we want is to achieve peace security and love among peoples and to renounce violence and terrorism in the world", "type": "direct_reply"}, {"index": 17, "attribution": 0.013665463775396347, "tweet_id": 524998947849658368, "text": "@jimec65 @BBCBreaking Yes to love, peace and distribute roses to the whole world", "type": "lower_reply"}, {"index": 9, "attribution": 0.004420276265591383, "tweet_id": 524988144241106946, "text": "@BBCBreaking Follow--&gt;HISTORIC #CHILDABUSE COVER-UP #CSAinquiry @rights_victims  #CUSIPnumber #BREAKING #news  #building7  #OttawaShooting", "type": "direct_reply"}, {"index": 27, "attribution": 0.0027932077646255493, "tweet_id": 525281654152388608, "text": "@liessn @jimec65 @BBCBreaking YouTube\n  Images of Islamic civilization in Alandls\u25ba 1: 14\u25ba 1:14\nhttp://t.co/xiVfVc4Wl6", "type": "lower_reply"}, {"index": 8, "attribution": 0.0004587713920045644, "tweet_id": 525221154089627648, "text": "@alizinaty @jimec65 @BBCBreaking", "type": "lower_reply"}, {"index": 26, "attribution": 0.0002135777031071484, "tweet_id": 525288865121456128, "text": "@jimec65 @BBCBreaking  YouTube Images of Islamic civilization in Alandls\u25ba 1: 14\u25ba 1:14 http://t.co/xiVfVc4Wl6 \u2026 \u2026 \u2026 \u2026", "type": "lower_reply"}, {"index": 19, "attribution": -0.002712748944759369, "tweet_id": 524999101193400320, "text": "@alizinaty @BBCBreaking in all religions there is people who will twist the meaning to corrupt the weak minded and willed to cause trouble", "type": "lower_reply"}, {"index": 16, "attribution": -0.003320074640214443, "tweet_id": 525288740701605888, "text": "@jimec65 @BBCBreaking Video images of Islamic civilization in Alandls\u25ba 6: 18\u25ba 6:18 http://t.co/CpDzrO9m8p \u2026 \u2026 \u2026", "type": "lower_reply"}, {"index": 24, "attribution": -0.004864708054810762, "tweet_id": 525288801368047616, "text": "@jimec65 @BBCBreaking Islamic civilization in Andalusia - Alhambra 2/5 - YouTube \u25ba 10: 00\u25ba 10:00 http://t.co/YITqreIQlX \u2026 \u2026 \u2026", "type": "lower_reply"}, {"index": 22, "attribution": -0.005053641740232706, "tweet_id": 524998267093123072, "text": "@jimec65 @BBCBreaking But from acts that apply inside the book, which calls for love and peace", "type": "lower_reply"}, {"index": 14, "attribution": -0.008045339956879616, "tweet_id": 524997658948423680, "text": "@alizinaty @BBCBreaking Depends who is reading the book", "type": "lower_reply"}, {"index": 7, "attribution": -0.009276052936911583, "tweet_id": 524997477473456128, "text": "@jimec65 @BBCBreaking  Islam is the making of the greatest civilization in Andalusia in Granada and Toledo, etc.1", "type": "lower_reply"}, {"index": 10, "attribution": -0.009530498646199703, "tweet_id": 525277403099455489, "text": "@liessn @jimec65 @BBCBreaking Islamic civilization in Andalusia - Alhambra 2/5 - YouTube\n\u25ba 10: 00\u25ba 10:00\nhttp://t.co/YITqreIQlX", "type": "lower_reply"}, {"index": 12, "attribution": -0.011315644718706608, "tweet_id": 525281545792544768, "text": "@liessn @jimec65 @BBCBreaking Video images of Islamic civilization in Alandls\u25ba 6: 18\u25ba 6:18\nhttp://t.co/CpDzrO9m8p", "type": "lower_reply"}]}