{"thread_id": "524949887591653376", "gold_label": 1, "predicted_label": 2, "tweet_attributions": [{"index": 9, "attribution": 2.608452081680298, "tweet_id": 524952175148277761, "text": "@dave_bradley @GCGATOR24 sounds like the rag heads gone wild in Canada", "type": "direct_reply"}, {"index": 5, "attribution": 1.1874734163284302, "tweet_id": 524967803758317568, "text": "@BrianTaxwhiz @dave_bradley @GCGATOR24 don't worry , we'll kill em", "type": "lower_reply"}, {"index": 11, "attribution": 0.7115306258201599, "tweet_id": 525376764647055360, "text": "@BrianTaxwhiz @dave_bradley @GCGATOR24 they got him , we, in Canada , have no tolerance for this , just Trudeau wants their votes, we don't", "type": "lower_reply"}, {"index": 2, "attribution": 0.2813360095024109, "tweet_id": 525009647754018816, "text": "@CounterJihad @dave_bradley http://t.co/p2Ey3AgaVE", "type": "lower_reply"}, {"index": 10, "attribution": 0.275778591632843, "tweet_id": 524973554966597632, "text": "@dave_bradley @Steven31015146 Now we cant profile here, just because these guys dressed like ISIS doesnt mean they are Muslim terrorists...", "type": "direct_reply"}, {"index": 1, "attribution": 0.1346687376499176, "tweet_id": 524953002847641600, "text": "@dave_bradley @NoahCRothman Sounds like MUSLIMS! Coordinated attack of ISIS sympathizers...soon in USA! Start packing heat folks!", "type": "direct_reply"}, {"index": 8, "attribution": 0.10095234960317612, "tweet_id": 525385992178794499, "text": "@dave_bradley @Steven31015146 Yes, just because they read the Qur'an and use Islamic theology to justify terror doesnt mean they're Muslims", "type": "lower_reply"}, {"index": 7, "attribution": 0.07546646893024445, "tweet_id": 524953989306408962, "text": "@dave_bradley @sophielui OMG, is Senator Duffy okay?", "type": "direct_reply"}, {"index": 4, "attribution": 0.01995779201388359, "tweet_id": 524958095097602048, "text": ".@dave_bradley @mletterle latest update is one soldier shot (maybe dead) and one shooter killed. #ottawa", "type": "direct_reply"}, {"index": 12, "attribution": -0.034220512956380844, "tweet_id": 524955083004735490, "text": "holy hell. RT @dave_bradley: #BREAKING: Ottawa Police now confirming a 3rd shooting. This one at the Rideau Centre Mall.", "type": "direct_reply"}, {"index": 3, "attribution": -0.33545494079589844, "tweet_id": 524977202874843136, "text": "@dave_bradley @pathomas626 USA needs to implement this. Shoot killers, shoot fleeing criminals, imprison gangsters, rapist, murderers,", "type": "direct_reply"}, {"index": 0, "attribution": -0.4469481408596039, "tweet_id": 524949887591653376, "text": "#BREAKING: Ottawa Police now confirming a 3rd shooting. This one at the Rideau Centre Mall. No word on injuries at that one.#OttawaShooting", "type": "source"}, {"index": 6, "attribution": -0.5716699957847595, "tweet_id": 524952988021170176, "text": "@dave_bradley @Olivianuzzi Apparently not? https://t.co/fM2wj2Rt8V", "type": "direct_reply"}]}