{"thread_id": "524969201102901248", "gold_label": 0, "predicted_label": 0, "tweet_attributions": [{"index": 0, "attribution": 0.20571286976337433, "tweet_id": 524969201102901248, "text": "MPs credit sergeant-at-arms for saving lives in Parliament Hill shootings\nhttp://t.co/3NfiSwTwPt http://t.co/V5tIbCQgj9", "type": "source"}, {"index": 4, "attribution": 0.11803960055112839, "tweet_id": 524990593895002112, "text": "@CP24 Its time for Canada to start making new Laws .In a world of so much evil ! Be careful of who coming in to Canada !!", "type": "direct_reply"}, {"index": 15, "attribution": 0.05916552245616913, "tweet_id": 524970364771000320, "text": "#HERO - \u201c@CP24: MPs credit sergeant-at-arms for saving lives in Parliament Hill shootings\nhttp://t.co/Mye8U2wN4p http://t.co/GXSVm0zI75\u201d", "type": "direct_reply"}, {"index": 6, "attribution": 0.035370294004678726, "tweet_id": 524975741306298368, "text": "@CP24 good guy with a gun stops bad guy with a gun....", "type": "direct_reply"}, {"index": 10, "attribution": 0.0233308058232069, "tweet_id": 524971066943602688, "text": "#BAMF #hero \"@CP24: MPs credit sergeant-at-arms for saving lives in Parliament Hill shootings\nhttp://t.co/g6NinaNjdv http://t.co/xIQjRmmReO\u201d", "type": "direct_reply"}, {"index": 7, "attribution": 0.008329122327268124, "tweet_id": 524972839078985728, "text": "@CP24 I Guess that mace isnt for show", "type": "direct_reply"}, {"index": 2, "attribution": 0.007080754730850458, "tweet_id": 524971262071033857, "text": "@CP24 thank God for that hero", "type": "direct_reply"}, {"index": 9, "attribution": -0.0056028044782578945, "tweet_id": 524986956409614336, "text": "@CP24 @marstu67 He looks tough and square-edged. Could we get this guy to hold classes for our Secret Service?", "type": "direct_reply"}, {"index": 16, "attribution": -0.009776771068572998, "tweet_id": 524975896432611328, "text": "\"MPs credit sergeant-at-arms for saving lives in Parliament Hill shootings GREAT JOB!!\nhttp://t.co/PMjdeHQ1U7 http://t.co/8SsWo2SVtX\u201d @CP24", "type": "direct_reply"}, {"index": 3, "attribution": -0.013410971499979496, "tweet_id": 524976794198638592, "text": "@CP24 need more men like this", "type": "direct_reply"}, {"index": 1, "attribution": -0.013420586474239826, "tweet_id": 524983303599054850, "text": "@CP24 that gaze alone will make most people wet their pants #donoteffwithourguys", "type": "direct_reply"}, {"index": 8, "attribution": -0.02415653131902218, "tweet_id": 524979444881313792, "text": "@CP24 he is a good man. He has worked to keep the place open.", "type": "direct_reply"}, {"index": 14, "attribution": -0.02567034214735031, "tweet_id": 524971350881218560, "text": "\u201c@CP24: MPs credit sergeant-at-arms for saving lives in Parliament Hill shootings\nhttp://t.co/h6XhSZUj5g http://t.co/bp6k6Ebedb\u201d #Hero", "type": "direct_reply"}, {"index": 17, "attribution": -0.027159957215189934, "tweet_id": 524986499411226624, "text": "\u201c@CP24: MPs credit sergeant-at-arms for saving lives in Parliament Hill shootings\nhttp://t.co/LfR4kFpkrD http://t.co/HdRmNxigi7\u201d", "type": "direct_reply"}, {"index": 12, "attribution": -0.036718543618917465, "tweet_id": 524970440285249536, "text": "Incredible day for S-A-A. Between a lot of bland days. \"@CP24: MPs credit sergeant-at-arms for saving lives in Parliament Hill shootings.", "type": "direct_reply"}, {"index": 11, "attribution": -0.04469116032123566, "tweet_id": 524971630678642688, "text": "@CP24 Thanks Sergeant!", "type": "direct_reply"}, {"index": 5, "attribution": -0.0582805760204792, "tweet_id": 524976232266731520, "text": "@CP24 he's a hero!", "type": "direct_reply"}, {"index": 13, "attribution": -0.059723254293203354, "tweet_id": 524989506509103105, "text": "@CP24 Canada is telling the World that we are up to the task of defending !", "type": "direct_reply"}]}