{"thread_id": "524985687704338432", "gold_label": 1, "predicted_label": 0, "tweet_attributions": [{"index": 0, "attribution": 0.3108210265636444, "tweet_id": 524985687704338432, "text": "Updated: The shooting incident in Ottawa had the appearance of a coordinated attack http://t.co/brn047wYz8 http://t.co/rfCQHTUPft", "type": "source"}, {"index": 18, "attribution": 0.05092694237828255, "tweet_id": 524987944307003393, "text": "@nytimes Oh. Even though we don't even know how many people with guns there were?   @Only4RM", "type": "direct_reply"}, {"index": 13, "attribution": 0.025132188573479652, "tweet_id": 525033549066289153, "text": "Troubling. \u201c@nytimes:shooting incident in #Ottawa had the appearance of a coordinated attack http://t.co/eQsCcSLKZp http://t.co/IO28x4CRgx\u201d", "type": "direct_reply"}, {"index": 5, "attribution": 0.024455895647406578, "tweet_id": 524996837317808128, "text": "@nytimes @libraryyeti ok just from the map I know your story's inaccurate. Rideau Centre/DND were locked down but NO ATTACK.", "type": "direct_reply"}, {"index": 11, "attribution": 0.014478177763521671, "tweet_id": 525001232554156032, "text": "Upsetting @nytimes: Updated: The shooting incident in Ottawa had the appearance of attack http://t.co/yAFXwKVbj6 http://t.co/Qx0McqUISg\u201d", "type": "direct_reply"}, {"index": 1, "attribution": 0.013391818851232529, "tweet_id": 524988472340512768, "text": "@nytimes Your map is completely mislabeled.", "type": "direct_reply"}, {"index": 9, "attribution": 0.012737427838146687, "tweet_id": 524989492982476800, "text": "\"@nytimes: Updated The shooting incident in Ottawa had the appearance of a coordinated attack http://t.co/5XDQOq582u http://t.co/mLa3mS3YtM\"", "type": "direct_reply"}, {"index": 3, "attribution": 0.005091123748570681, "tweet_id": 525090861814939648, "text": "Thoughts to all those in Ottawa \ud83c\udf41\nMT @nytimes: Shooting incident in Ottawa had the appearance of a coordinated attack http://t.co/5uMbkNj47b", "type": "direct_reply"}, {"index": 4, "attribution": 0.004332646261900663, "tweet_id": 524991915704320000, "text": "@nytimes pretty poor and irresponsible reporting considering the RCMP just confirmed there was no shooting at the Rideau Center.", "type": "direct_reply"}, {"index": 15, "attribution": 0.0005948304897174239, "tweet_id": 524992739402719233, "text": "@nytimes stop trying to drum up fear with your poor and misinformed 'conclusions'.", "type": "direct_reply"}, {"index": 14, "attribution": -0.0018887869082391262, "tweet_id": 524986430800400385, "text": "@nytimes @brassardpatric1 Sadly typical. Don't they know we know?   #FalseFlag  #Fascists.", "type": "direct_reply"}, {"index": 17, "attribution": -0.0022209060844033957, "tweet_id": 524986867876659200, "text": "\u201c@nytimes: Updated:The shooting incident in Ottawa had the appearance of a coordinated attack http://t.co/QZgfWLLb01 http://t.co/nxsnUw3Ce9\u201d", "type": "direct_reply"}, {"index": 20, "attribution": -0.006137475837022066, "tweet_id": 525093770820595712, "text": "@DrChrisLongo So sad. #worldpeace http://t.co/zwVQh9L0fV", "type": "lower_reply"}, {"index": 19, "attribution": -0.007891243323683739, "tweet_id": 524995718147104768, "text": "Our hearts are with our Canadian brethren \u201c@nytimes: shooting incident in Ottawa http://t.co/QqVYVXuQ1R http://t.co/BuY18Klu7I\u201d", "type": "direct_reply"}, {"index": 12, "attribution": -0.01510265376418829, "tweet_id": 524997114364170241, "text": "@nytimes @Sioflynn The worst piece of journalism I've seen today. Wow. Just wow. Seriously. #pukingwithrage #whatarag #beashamed", "type": "direct_reply"}, {"index": 6, "attribution": -0.01720147207379341, "tweet_id": 524992383679614977, "text": "@nytimes It has also been reported that the suspect shot victim at the war memorial and became trapped in parliament hill where he was shot.", "type": "direct_reply"}, {"index": 10, "attribution": -0.023511113598942757, "tweet_id": 524996743633842176, "text": "@nytimes @ElizabethMay \"Had the appearance\". In other words, \"Don't know, but someone somewhere says\" #cdnoli", "type": "direct_reply"}, {"index": 7, "attribution": -0.027788998559117317, "tweet_id": 524988940021792768, "text": "@nytimes it would have been more uncoordinated if there were no guns. Plastic sporks &amp; jelly beans would've dramatically slowed things down.", "type": "direct_reply"}, {"index": 8, "attribution": -0.028537774458527565, "tweet_id": 524986346171949056, "text": "MT @nytimes: Updated Shooting in Ottawa had appearance of coordinated attack http://t.co/qkNqmkybTb http://t.co/OKBViScjgu cc: @CarrieOh_77", "type": "direct_reply"}, {"index": 2, "attribution": -0.029452862218022346, "tweet_id": 524987556837224449, "text": "RT @nytimes: Updated: shooting incident in Ottawa had the appearance of a coordinated attack http://t.co/Lwx0zvNNDk http://t.co/Qw1MqHuANE", "type": "direct_reply"}, {"index": 16, "attribution": -0.030880631878972054, "tweet_id": 524986755456704512, "text": "@nytimes your graphic and reports say otherwise. There was only one gunman who was in both locations. stop sensationalizing the tragedy.", "type": "direct_reply"}]}