{"thread_id": "524976963862429697", "gold_label": 0, "predicted_label": 2, "tweet_attributions": [{"index": 17, "attribution": 3.3362302780151367, "tweet_id": 524979132384686080, "text": "@chasmarang @CNN Automobiles as a weapon yet again. Not first time. Tractors , cars, trucks, you name it. Jihadi 101 .", "type": "lower_reply"}, {"index": 15, "attribution": 1.5536575317382812, "tweet_id": 524978011188527104, "text": "@CNN @TattooQ\nA car hits people waiting at the Ammunition Hill station\nof Jerusalem's light rail\ndriver shot trying to flee...", "type": "direct_reply"}, {"index": 4, "attribution": 1.303869366645813, "tweet_id": 524979827699621888, "text": "@TattooQ @CNN\nNo one is carrying this\nhorrible (not sure if terrorist) attack...", "type": "lower_reply"}, {"index": 5, "attribution": 0.7455664277076721, "tweet_id": 524986077384548353, "text": "@gelosoil They haven't realeased his name because they want to ensure his next of kin are notified first. @CNN", "type": "lower_reply"}, {"index": 12, "attribution": 0.7161750197410583, "tweet_id": 524991336466759682, "text": "Devastated right now. Thoughts and prayers with my home town. #OttawaShooting #RT @CNN: Canadian soldier shot: http://t.co/E3NoQoBhKi", "type": "direct_reply"}, {"index": 10, "attribution": 0.6311699151992798, "tweet_id": 524978703248670720, "text": "\u201c@CNN: Canadian soldier shot at the War Memorial has died, officials reported... #OttawaShooting ..\" #GodIsIdolBusting #FilthyCanadaNeedsWBC", "type": "direct_reply"}, {"index": 14, "attribution": 0.5752382874488831, "tweet_id": 524977167890124801, "text": "RT @CNN The Canadian soldier shot at the War Memorial has died, officials reported. http://t.co/gaW6fTVGzs  #OttawaShooting", "type": "direct_reply"}, {"index": 7, "attribution": 0.4481000602245331, "tweet_id": 524983175618244608, "text": "Alav hashalom. @CNN: The Canadian soldier shot at the War Memorial has died. http://t.co/wkn9hqznXo #OttawaShooting http://t.co/NRbcqyYPSt", "type": "direct_reply"}, {"index": 0, "attribution": 0.36361804604530334, "tweet_id": 524976963862429697, "text": "The Canadian soldier shot at the War Memorial has died, officials reported. http://t.co/uKQg1qVQm6 #OttawaShooting http://t.co/bbG09qLY26", "type": "source"}, {"index": 13, "attribution": 0.357883483171463, "tweet_id": 524981969054994432, "text": "Awful @CNN: The Canadian soldier shot at the War Memorial has died, officials reported. http://t.co/1SeLj90AhB  http://t.co/b9STbs208g", "type": "direct_reply"}, {"index": 3, "attribution": 0.23439361155033112, "tweet_id": 524977331442819073, "text": "\u201c@CNN: The #Can-adian soldier shot at the War Memorial has died. | #RIP http://t.co/ucyjFcpwux #OttawaShooting http://t.co/yUDk91nXK9\u201d", "type": "direct_reply"}, {"index": 11, "attribution": 0.17006617784500122, "tweet_id": 524983755510136832, "text": "RT @CNN: The Canadian soldier shot at the War Memorial has died\n\nhttp://t.co/jtObxncMtW #OttawaShooting http://t.co/LwworBRPqe", "type": "direct_reply"}, {"index": 6, "attribution": 0.10291624814271927, "tweet_id": 524978514018447361, "text": "@CNN Doesnt he have a name??? can we believe this?try harder next time you set up an attack to terrorise people into war/lockdowns", "type": "direct_reply"}, {"index": 19, "attribution": 0.020182402804493904, "tweet_id": 524977216996663296, "text": "\u4ea1\u304f\u306a\u3063\u305f\u306e\u306f\u5175\u58eb\u304b\u201c@CNN: The Canadian soldier shot at the War Memorial has died, officials reported. http://t.co/fDMtxCvju2 http://t.co/MMRYCOjXbr\u201d", "type": "direct_reply"}, {"index": 9, "attribution": 0.0150929419323802, "tweet_id": 524980671820095489, "text": "@chasmarang @CNN Has the hallmarks.Truck hits bus. Forklift tries to tip over bus, car strikes on people, yesterday rail Security incident.", "type": "lower_reply"}, {"index": 18, "attribution": -0.00538807874545455, "tweet_id": 524988498684964866, "text": "@elliottkrista @CNN indeed saw it on the canadian police tweet !:)well done then!!:)", "type": "lower_reply"}, {"index": 2, "attribution": -0.26620814204216003, "tweet_id": 524980377656778752, "text": "@CNN Hectic ... who would believe this could happen in #Canada!  Om mane padme hung.", "type": "direct_reply"}, {"index": 1, "attribution": -0.3243890106678009, "tweet_id": 525022150252855296, "text": "\u201c@CNN: The Canadian soldier shot at the War Memorial has died, officials reported. http://t.co/JXaMrmrvFP http://t.co/uJmA4zaUqa\u201d #Rip \ud83d\ude25\ud83d\udc94\ud83c\udf41", "type": "direct_reply"}, {"index": 16, "attribution": -0.478668212890625, "tweet_id": 524986829444251648, "text": "@CNN oh my god this is so sad", "type": "direct_reply"}, {"index": 8, "attribution": -0.5571264624595642, "tweet_id": 524978567650631681, "text": "@CNN A sad day for all of us #Canadains today and yest. Two soldiers killed in two terrorist attacks on Canadian soil.", "type": "direct_reply"}]}