{"thread_id": "524934941914968064", "gold_label": 0, "predicted_label": 2, "tweet_attributions": [{"index": 10, "attribution": 0.7391675114631653, "tweet_id": 524935820059615232, "text": "@BBCBreaking damn.. I hope our Canadian friends are okay. They've been hanging out with the US for too long.", "type": "direct_reply"}, {"index": 22, "attribution": 0.17786341905593872, "tweet_id": 524937186865868800, "text": "@BBCBreaking another one @glorytotheboys", "type": "direct_reply"}, {"index": 19, "attribution": 0.15753325819969177, "tweet_id": 524944226032050176, "text": "@4Humanity2869 no shit? Didn't see that. That's scary.", "type": "lower_reply"}, {"index": 18, "attribution": 0.14244554936885834, "tweet_id": 524935507831439361, "text": "@BBCBreaking Live updates from here\nhttp://t.co/s7O7kPgd5i", "type": "direct_reply"}, {"index": 17, "attribution": 0.14129862189292908, "tweet_id": 524942123117068288, "text": "RT @BBCBreaking: Scene outside Canada's parliament where soldier shot by gunman at National War Memorial, http://t.co/JUBhmrMTnS", "type": "direct_reply"}, {"index": 6, "attribution": 0.13985291123390198, "tweet_id": 524937175151161344, "text": "@BBCBreaking peaceful nation.  This is not cool.  I think people are just over-the-top filled so much anger and anxiety that they are", "type": "direct_reply"}, {"index": 7, "attribution": 0.12718965113162994, "tweet_id": 524937640567910400, "text": "@BBCBreaking We are self-destructing and we will cause our own demise and that will be the end of humanity.  I swear we're going to the", "type": "direct_reply"}, {"index": 16, "attribution": 0.0830308273434639, "tweet_id": 524935524159881216, "text": "@BBCBreaking", "type": "direct_reply"}, {"index": 2, "attribution": 0.07120025902986526, "tweet_id": 524938783683538944, "text": "@BBCBreaking disgraceful! Hope he recovers soon x", "type": "direct_reply"}, {"index": 13, "attribution": 0.044184427708387375, "tweet_id": 524946139938693120, "text": "@ryanhoussein @BBCBreaking It was implied by your statement ..irrespective of whatever Canadian govt does..it doesn't give right to kill", "type": "lower_reply"}, {"index": 15, "attribution": 0.03657865896821022, "tweet_id": 524937734050570240, "text": "@BBCBreaking Mad Max way of life, it will be a rogue society.", "type": "direct_reply"}, {"index": 1, "attribution": 0.000775492808315903, "tweet_id": 524936027408846850, "text": "\u201c@BBCBreaking: Scene outside Canada's parliament where soldier shot by gunman at National War Memorial. -Canada has a war memorial?!?", "type": "direct_reply"}, {"index": 4, "attribution": -0.0037531510461121798, "tweet_id": 524937496904617985, "text": "@BBCBreaking snapping, left and right.  This is what happens when a species lives for thousands of years, it goes crazy!", "type": "direct_reply"}, {"index": 20, "attribution": -0.03343946114182472, "tweet_id": 524944403153297408, "text": "@ryanhoussein just search it they announced it clearly...", "type": "lower_reply"}, {"index": 11, "attribution": -0.040876444429159164, "tweet_id": 524935582464868352, "text": "@BBCBreaking PLEASE SIGN &amp; RT UK\n\nFOLLOW @justiceforBigAl \n\nhttp://t.co/Ig6pyUfNVd\n\nhttp://t.co/uVSThNo4gU\n\n#FreeMarineA", "type": "direct_reply"}, {"index": 5, "attribution": -0.04347389563918114, "tweet_id": 524937004916936704, "text": "@BBCBreaking Wow, this is crazy.  I can't believe Canada is having nasty issues like us over here in America.  Not cool.  Canada is", "type": "direct_reply"}, {"index": 9, "attribution": -0.04957042261958122, "tweet_id": 524943918740545536, "text": "@ryanhoussein @macgregor63 because Canada is attacking IS in coalition IS gave warning recently...", "type": "lower_reply"}, {"index": 3, "attribution": -0.05017305910587311, "tweet_id": 524938020802547712, "text": "@macgregor63 why?", "type": "lower_reply"}, {"index": 21, "attribution": -0.09403825551271439, "tweet_id": 524939967618097152, "text": "@macgregor63 I know. It was just a joke about how they're our neighbor so our bad behavior is rubbing off on the good kid next door.", "type": "lower_reply"}, {"index": 12, "attribution": -0.10228058695793152, "tweet_id": 524937011871117312, "text": "@BBCBreaking @AlexisPavlich - are you ok? was this where you work?? Terrible news:-(", "type": "direct_reply"}, {"index": 14, "attribution": -0.11195220798254013, "tweet_id": 524937144889262080, "text": "@BBCBreaking @911BreakingNow In Gina's Dream, the story of earth is coming true.....Save our planet...http://t.co/ETY8isEJx8", "type": "direct_reply"}, {"index": 8, "attribution": -0.1340269148349762, "tweet_id": 524938281910149120, "text": "@BBCBreaking", "type": "direct_reply"}, {"index": 0, "attribution": -0.5154877305030823, "tweet_id": 524934941914968064, "text": "Scene outside Canada's parliament where soldier shot by gunman at National War Memorial, http://t.co/t1HQMYQ6QB http://t.co/bMzDnPL1NX", "type": "source"}]}