{"thread_id": "524941529928839168", "gold_label": 0, "predicted_label": 0, "tweet_attributions": [{"index": 0, "attribution": 0.29860037565231323, "tweet_id": 524941529928839168, "text": "#Canada journalist captures outbreak of small-arms fire inside Parliament building in #Ottawa: http://t.co/oFsOV9xva2", "type": "source"}, {"index": 5, "attribution": 0.04685390368103981, "tweet_id": 524942498620522498, "text": "\"@Charles_Lister #Canada journalist captures outbreak of small-arms fire inside Parliament building in #Ottawa: http://t.co/fBuIiqP3Xk \"", "type": "direct_reply"}, {"index": 2, "attribution": 0.011184204369783401, "tweet_id": 524943863392120833, "text": "@Charles_Lister Notice how they went right into active shooter protocol. They will not permit a protracted Mumbai style attack.", "type": "direct_reply"}, {"index": 1, "attribution": 0.011081098578870296, "tweet_id": 524942747804123137, "text": "\u201c@Charles_Lister: #Canada journalist captures video in  Parliament building in #Ottawa: http://t.co/NN4vviym1y\u201d @NBCNews @cnnbrk @CNN", "type": "direct_reply"}, {"index": 3, "attribution": -0.01085254643112421, "tweet_id": 524943460034678784, "text": "\u201c@Charles_Lister: #Canada journalist captures outbreak of small-arms fire inside Parliament building in #Ottawa: http://t.co/wCodPjFwUO\u201d", "type": "direct_reply"}, {"index": 4, "attribution": -0.012963817454874516, "tweet_id": 524943546227245056, "text": "@Charles_Lister @sqwerin Ran like soldiers right at the gunfire.", "type": "direct_reply"}, {"index": 6, "attribution": -0.030235586687922478, "tweet_id": 524951098042638336, "text": "@charles_lister @clareyh I hope they catch the perps and KILL them. Nobody needs an extended court case trying to prove they broke a law or2", "type": "direct_reply"}]}