{"thread_id": "524936966492942336", "gold_label": 0, "predicted_label": 0, "tweet_attributions": [{"index": 0, "attribution": 0.4647108316421509, "tweet_id": 524936966492942336, "text": "Canada's parliament in lockdown after shooting - follow our live coverage here:\nhttp://t.co/1AhAZAaFUW http://t.co/Sf7EkD4PEB", "type": "source"}, {"index": 6, "attribution": 0.07452201098203659, "tweet_id": 524937653704470528, "text": "@BBCBreaking Canada Shooting distraction from MASSIVE story breaking in UK #CSAinquiry #childabuse #CUSIPnumber @GlobalRevLive @EXPATS4HK", "type": "direct_reply"}, {"index": 3, "attribution": 0.052706822752952576, "tweet_id": 524938141346828288, "text": "@BBCBreaking \"Welcome to our live coverage of the shooting near parliament in Ottawa. We'll bring you the latest as it happens.\" ???", "type": "direct_reply"}, {"index": 4, "attribution": 0.04510367289185524, "tweet_id": 524942854129725440, "text": "@BBCBreaking @tatianamaslany This is just happening everywhere \ud83d\ude1eso horrible", "type": "direct_reply"}, {"index": 10, "attribution": 0.011744916439056396, "tweet_id": 524937092963790848, "text": "@BBCBreaking Clique, acesse e leia em http://t.co/DPeyQj53zz Muito obrigadoo.", "type": "direct_reply"}, {"index": 12, "attribution": 0.010043338872492313, "tweet_id": 524940715034697728, "text": "@BBCBreaking Religion of Pieces...", "type": "direct_reply"}, {"index": 14, "attribution": 0.002964188577607274, "tweet_id": 524937713695592448, "text": "@BBCBreaking more shots reported within the parliament building, an \"agent\" down and shooter reported dead.", "type": "direct_reply"}, {"index": 2, "attribution": 0.0010120272636413574, "tweet_id": 524939859732230145, "text": "Why cant u say terrorism?? @bbcbreaking", "type": "direct_reply"}, {"index": 9, "attribution": -0.018075911328196526, "tweet_id": 524939272567406592, "text": "@BBCBreaking \"FIGHT FOR NEW WORLD ORDER\"....\n\n\"WE NEED TO END WEAPON PRODUCTION\" AND WE NEED TO BEGIN A, \"WEAPON EVACUATION VERIFICATION\"...", "type": "direct_reply"}, {"index": 15, "attribution": -0.02759525366127491, "tweet_id": 524946045524901888, "text": "\u30ab\u30ca\u30c0\u306e\u30aa\u30bf\u30ef\u3001\u8b70\u4f1a\u5468\u8fba\u65bd\u8a2d\u306e\u9283\u6483\u4e8b\u4ef6\u3092\u53d7\u3051\u3066\u3001\u8b70\u4f1a\u3092\u9589\u9396\u3002@BBCBreaking Canada's parliament in lockdown after shooting  http://t.co/AbbgToFnsl", "type": "direct_reply"}, {"index": 11, "attribution": -0.0304185152053833, "tweet_id": 524937203622109185, "text": "\u201c@BBCBreaking: Canada's parliament in lockdown after shooting -follow our live coverage here:\nhttp://t.co/Fpwo0pTQZK http://t.co/pGGdU7MIDe\u201d", "type": "direct_reply"}, {"index": 1, "attribution": -0.030485592782497406, "tweet_id": 524943109046956033, "text": "@BBCBreaking @tatianamaslany This is just across the street from my office. I can see police everywhere!", "type": "direct_reply"}, {"index": 13, "attribution": -0.04532807692885399, "tweet_id": 524941632291225601, "text": "@BBCBreaking #OscarPistorius at it again", "type": "direct_reply"}, {"index": 5, "attribution": -0.08011757582426071, "tweet_id": 524958514759106561, "text": "@pokemanzbattlez @BBCBreaking that's intense", "type": "lower_reply"}, {"index": 8, "attribution": -0.08036942780017853, "tweet_id": 524939640709869569, "text": "@BBCBreaking Abu Nasir is back!", "type": "direct_reply"}, {"index": 7, "attribution": -0.08110309392213821, "tweet_id": 524944818947227649, "text": "@BBCBreaking Not only the shooting places but the entire country need to be in watch out.Extremist are home/visitors.", "type": "direct_reply"}, {"index": 16, "attribution": -0.37446120381355286, "tweet_id": 524938220652728320, "text": "@BBCBreaking hey @BlueSpartain u heard about this", "type": "direct_reply"}]}