{"thread_id": "524983403775799297", "gold_label": 0, "predicted_label": 0, "tweet_attributions": [{"index": 0, "attribution": 0.4823230504989624, "tweet_id": 524983403775799297, "text": "Tragedy mounts as soldier shot this AM dies of his wounds in an Ottawa Hospital. Deep sympathy to his family and friends. #shooting #ottawa", "type": "source"}, {"index": 1, "attribution": -0.03510177135467529, "tweet_id": 525015158364839936, "text": "@ElizabethMay this is surreal", "type": "direct_reply"}, {"index": 2, "attribution": -0.06034541502594948, "tweet_id": 524983850913763329, "text": "@ElizabethMay \nCheck the #boots. \nThis could be #Montebello all over again.", "type": "direct_reply"}, {"index": 3, "attribution": -0.07845521718263626, "tweet_id": 524983821444595713, "text": "@ElizabethMay remember my advice to have the Force go with you @rcmpgrcpolice : No more wandering the sticks and boonies without protection.", "type": "direct_reply"}]}