{"thread_id": "524948264148160513", "gold_label": 0, "predicted_label": 2, "tweet_attributions": [{"index": 10, "attribution": 1.0076818466186523, "tweet_id": 524949665259995136, "text": "@CP24 @globalnewsto \nWhy would anyone let the World know that the Guns held by Soldiers at Memorial are Symbolic only?\nTime to load them!", "type": "direct_reply"}, {"index": 8, "attribution": 0.30879732966423035, "tweet_id": 524950224864051200, "text": "@CP24 @globalnewsto @CSIS \nJournalist on CNN who witnessed scene telling the world that Soldiers Guns are for show only @ Memorial???", "type": "lower_reply"}, {"index": 1, "attribution": 0.10525954514741898, "tweet_id": 524948633670914048, "text": "\u201c@CP24: BREAKING: One gunman has been killed following a shooting on Parliament Hill, sources confirm to CTV News.\u201d", "type": "direct_reply"}, {"index": 2, "attribution": 0.09804236143827438, "tweet_id": 524977106904948737, "text": "@CP24 thoughts and prayers  to everyone in Ottawa. Very tragic :(", "type": "direct_reply"}, {"index": 9, "attribution": 0.03879160061478615, "tweet_id": 524949172391518208, "text": "\u201c@CP24: BREAKING: One gunman has been killed following a shooting on Parliament Hill, sources confirm to CTV News.\u201d", "type": "direct_reply"}, {"index": 6, "attribution": 0.007327794563025236, "tweet_id": 524949752249876480, "text": "@CP24 what are the chances his name has an Ahmed/Mohammed in it?", "type": "direct_reply"}, {"index": 4, "attribution": -0.005453286226838827, "tweet_id": 524948682677161984, "text": "\u201c@CP24: BREAKING: One gunman has been killed following a shooting on Parliament Hill, sources confirm to CTV News.\u201d", "type": "direct_reply"}, {"index": 5, "attribution": -0.01500603649765253, "tweet_id": 524950840789200896, "text": "Thoughts w #Ottawa peeps RT @CP24: BREAKING: 1 gunman has been killed following a shooting on Parliament Hill, sources confirm to CTV News.", "type": "direct_reply"}, {"index": 7, "attribution": -0.04028535261750221, "tweet_id": 524949202582110208, "text": "RT @CP24: BREAKING: One gunman has been killed following a shooting on Parliament Hill, sources confirm to CTV News.", "type": "direct_reply"}, {"index": 3, "attribution": -0.15527090430259705, "tweet_id": 524980473848930304, "text": "\u201c@CP24: One gunman has been killed following a shooting on Parliament Hill, sources confirm to CTV..\u201d What the fuck is wrong with the world", "type": "direct_reply"}, {"index": 0, "attribution": -0.535611093044281, "tweet_id": 524948264148160513, "text": "BREAKING: One gunman has been killed following a shooting on Parliament Hill, sources confirm to CTV News.", "type": "source"}]}