{"thread_id": "524950584349454337", "gold_label": 0, "predicted_label": 0, "tweet_attributions": [{"index": 0, "attribution": 0.12139596790075302, "tweet_id": 524950584349454337, "text": "VIDEO Just on CBC NN: @globeandmail video showing shots fired inside Parliament Hill. #cdnpoli http://t.co/jT71xTmLEt http://t.co/qLQGMLA6ZT", "type": "source"}, {"index": 3, "attribution": 0.04484200105071068, "tweet_id": 524952845024780289, "text": "@CBCTheNational l irac and syria embassy? What are they saying?", "type": "direct_reply"}, {"index": 2, "attribution": 0.038139838725328445, "tweet_id": 524952589356785665, "text": "@CBCTheNational this is really chilling.", "type": "direct_reply"}, {"index": 7, "attribution": 0.03612305968999863, "tweet_id": 524951514561802240, "text": "@CBCTheNational @cbcnewsbc @globeandmail That is absolutely terrifying to see that happen in such an emblematic place.", "type": "direct_reply"}, {"index": 1, "attribution": 0.03155865520238876, "tweet_id": 524952230362116096, "text": "@CBCTheNational @CBCPEI @globeandmail", "type": "direct_reply"}, {"index": 6, "attribution": 0.027736155316233635, "tweet_id": 524951512976723968, "text": "@CBCTheNational @cbcnewsbc @globeandmail", "type": "direct_reply"}, {"index": 4, "attribution": 0.025331081822514534, "tweet_id": 524953398404055041, "text": "Scary day in Canada.@CBCTheNational @globeandmail", "type": "direct_reply"}, {"index": 5, "attribution": 0.021162578836083412, "tweet_id": 524956572200730625, "text": "@CBCTheNational @globeandmail Salute the Guard who was shot at tomb of the unknown solder, It's time we Canadians start being more #Vigilant", "type": "direct_reply"}]}