{"thread_id": "524947744809418752", "gold_label": 2, "predicted_label": 0, "tweet_attributions": [{"index": 3, "attribution": 0.08600281924009323, "tweet_id": 524948328728248321, "text": "@1310NewsDay @TanyaNews1130 RT \"We are all infidels\" #outlawIslam #cdnpoli", "type": "direct_reply"}, {"index": 4, "attribution": 0.052598074078559875, "tweet_id": 524948540720951297, "text": "RT @1310NewsDay: #RIGHTNOW all bridges from #Ottawa  are NOW CLOSED! #ParliamentHill http://t.co/zso4V0w9tK\u201d", "type": "direct_reply"}, {"index": 1, "attribution": 0.0521211177110672, "tweet_id": 524949058591670272, "text": "@1310NewsDay @WeeonePat May The Lord grant the capture and punishment of these Terrorists who cowardly attack our beloved neighbor, Canada!", "type": "direct_reply"}, {"index": 2, "attribution": 0.027482209727168083, "tweet_id": 525036901380526081, "text": "@1310NewsDay I guess that is the only way they know how to catch a killer? Violate everybody to find him/her?", "type": "direct_reply"}, {"index": 0, "attribution": -0.03061368502676487, "tweet_id": 524947744809418752, "text": "#RIGHTNOW all bridges from #Ottawa #Gatineau are NOW CLOSED! Active search still underway (11:37est) #ParliamentHill http://t.co/FMpAcCAI2b", "type": "source"}]}