{"thread_id": "524947502903345153", "gold_label": 0, "predicted_label": 0, "tweet_attributions": [{"index": 0, "attribution": 0.068397156894207, "tweet_id": 524947502903345153, "text": "shooting someone is already bad enough, shooting a soldier guarding a war memorial is just disgusting #PrayForOttawa", "type": "source"}, {"index": 1, "attribution": 0.06689763814210892, "tweet_id": 524958704928845824, "text": "@samtremblay97 it is the lowest of the low lower than scum more evil than satan himself #Coward shoots guard in back #PrayForOttawa #Canada", "type": "direct_reply"}, {"index": 3, "attribution": 0.059052709490060806, "tweet_id": 524959064581603328, "text": "\u201c@samtremblay97: shooting someone is already bad enough, shooting a soldier guarding a war memorial is just disgusting #PrayForOttawa\u201d", "type": "direct_reply"}, {"index": 2, "attribution": 0.05781836807727814, "tweet_id": 525019202282086400, "text": "\u201c@samtremblay97: shooting someone is already bad enough, shooting a soldier guarding a war memorial is just disgusting #PrayForOttawa\u201d", "type": "direct_reply"}]}