{"thread_id": "524933657493250048", "gold_label": 0, "predicted_label": 2, "tweet_attributions": [{"index": 0, "attribution": 0.19853180646896362, "tweet_id": 524933657493250048, "text": "Two Tory MPs say gunman at Parliament Hill has been 'shot and killed' http://t.co/r2qnyftxXF http://t.co/mksfPjJ73r", "type": "source"}, {"index": 9, "attribution": 0.046672526746988297, "tweet_id": 524947862900473856, "text": "@nationalpost @glenncalderwood good on you #Canada terrorists should be killed at point.", "type": "direct_reply"}, {"index": 7, "attribution": 0.02657693438231945, "tweet_id": 524940973659684865, "text": "\u201c@nationalpost: Two Tory MPs say gunman at Parliament Hill 'shot &amp; killed' http://t.co/lk56CqIjx3 http://t.co/TMz7CGkia8\u201d @A__Sarmed", "type": "direct_reply"}, {"index": 1, "attribution": 0.021295538172125816, "tweet_id": 524934259371704322, "text": "\u201c@nationalpost: Two Tory MPs say gunman at Parliament Hill has been 'shot and killed' http://t.co/SIymvQvye8 http://t.co/DX2PHCiDgl\u201d OH MY", "type": "direct_reply"}, {"index": 4, "attribution": 0.020698973909020424, "tweet_id": 524935981754224640, "text": "Wow. \u201c@nationalpost: Two Tory MPs say gunman at Parliament Hill has been 'shot and killed' http://t.co/oHIuqnVcQf http://t.co/qRuh3vZnet\u201d", "type": "direct_reply"}, {"index": 3, "attribution": 0.02024689130485058, "tweet_id": 524936742366093313, "text": "@nationalpost not what CBC is reporting. But hope so.", "type": "direct_reply"}, {"index": 8, "attribution": 0.01910761184990406, "tweet_id": 524933924888514560, "text": "@nationalpost @petermansbridge @CBCNews", "type": "direct_reply"}, {"index": 6, "attribution": 0.00399231119081378, "tweet_id": 524935145099235329, "text": "@nationalpost @JammieWF nice.", "type": "direct_reply"}, {"index": 2, "attribution": -0.011348039843142033, "tweet_id": 524940127265902592, "text": "@nationalpost Other outlets reporting multiple assailants", "type": "direct_reply"}, {"index": 5, "attribution": -0.025875506922602654, "tweet_id": 524934879117860864, "text": "RT \u201c@nationalpost: Two Tory MPs say gunman at Parliament Hill has been 'shot and killed' http://t.co/hNk3Hxwdhs http://t.co/mLNSSqKWI7\u201d", "type": "direct_reply"}, {"index": 10, "attribution": -0.030089380219578743, "tweet_id": 524937453720072192, "text": "@nationalpost @M_Ivancicevic and tory MPs never lie, so we can totally believe that this is not an orchestration by the govn't/police", "type": "direct_reply"}, {"index": 11, "attribution": -0.036730583757162094, "tweet_id": 524935019652198402, "text": "@nationalpost sending thoughts n prayers", "type": "direct_reply"}, {"index": 12, "attribution": -0.07232268154621124, "tweet_id": 524942647736422400, "text": "@nationalpost we won't get all the info until they are absolutely certain that the area is clear, most likely.", "type": "direct_reply"}]}