{"thread_id": "524958599433691136", "gold_label": 2, "predicted_label": 2, "tweet_attributions": [{"index": 5, "attribution": 3.1248016357421875, "tweet_id": 524962988533768192, "text": "@globeandmail insane to do this in Canada. There will be consequences. We take peace keeping very serious. They have disrupted our peace.", "type": "direct_reply"}, {"index": 7, "attribution": 2.844555139541626, "tweet_id": 524964756411924481, "text": "@globeandmail anything to do with Middle East issues? Ban all flights to &amp; from the region? Canadians don't do this kind of insanity.", "type": "lower_reply"}, {"index": 8, "attribution": 2.1156423091888428, "tweet_id": 524967947996246016, "text": "@globeandmail deport anyone showing violent tendencies to Canada on behalf of the insanity taking place in the Middle East. Keep it there.", "type": "lower_reply"}, {"index": 9, "attribution": 0.5710592865943909, "tweet_id": 524989797929349120, "text": "@globeandmail if there are web sites brainwashing people into joining aq &amp; isis or encouraging terrorism shut them down. Be proactive?", "type": "lower_reply"}, {"index": 2, "attribution": 0.23148471117019653, "tweet_id": 524961802036072448, "text": "@globeandmail @USATODAY A few more guys, sharpshooters on the roof and a tank and it's Ferguson!", "type": "direct_reply"}, {"index": 6, "attribution": 0.2090173363685608, "tweet_id": 524965554583793664, "text": "@globeandmail  @neilinozone I'm so glad the PM is safe. Hell with the 3month old.", "type": "direct_reply"}, {"index": 4, "attribution": 0.07751201838254929, "tweet_id": 524958940229275648, "text": "@globeandmail please stop posting pictures of the army deployement...", "type": "direct_reply"}, {"index": 3, "attribution": -0.09190645813941956, "tweet_id": 524965305186283520, "text": "@globeandmail @USATODAY. US gun culture is moving north.", "type": "direct_reply"}, {"index": 0, "attribution": -0.6214085221290588, "tweet_id": 524958599433691136, "text": "Police confirm 'several' shootings in Ottawa; PM safe; downtown buildings in lockdown http://t.co/WX22NpkCFs http://t.co/FlvvBW7Cu2", "type": "source"}, {"index": 1, "attribution": -1.0701618194580078, "tweet_id": 524968970244595712, "text": "@globeandmail this is an act of war.  We will not tolerate terrorism in  Canada or anywhere else. We value peace.", "type": "lower_reply"}]}