{"thread_id": "524925215235911680", "gold_label": 0, "predicted_label": 0, "tweet_attributions": [{"index": 0, "attribution": 0.1783139556646347, "tweet_id": 524925215235911680, "text": "#BREAKING news: Shots fired at Parliament Hill. Follow developing story: http://t.co/gPg9nujRvk http://t.co/H0Hw24j5ma", "type": "source"}, {"index": 9, "attribution": 0.032371558248996735, "tweet_id": 524937817924067328, "text": "@globeandmail", "type": "direct_reply"}, {"index": 10, "attribution": 0.023113081231713295, "tweet_id": 524926300990214144, "text": "Yikes rt:@globeandmail : #BREAKING news: Shots fired at Parliament Hill. http://t.co/1wfX85AkBj http://t.co/52jzBjj1lA", "type": "direct_reply"}, {"index": 14, "attribution": 0.010745619423687458, "tweet_id": 524940919494426624, "text": "Canada: \u201c@globeandmail: BREAKING: Shots fired at Parliament Hill. Follow developing story: http://t.co/lJrDWxgxQz http://t.co/zUEKo0sT5T\u201d", "type": "direct_reply"}, {"index": 11, "attribution": 0.008533059619367123, "tweet_id": 524925724499935232, "text": "RT @globeandmail: #BREAKING news: Shots fired at Parliament Hill. Follow developing story: http://t.co/izPAUV0qd4 http://t.co/rM0ext7FAF", "type": "direct_reply"}, {"index": 7, "attribution": 0.007282799109816551, "tweet_id": 524929949258768384, "text": "#BreakingNews RT \u201c@globeandmail: Shots fired at Parliament Hill. Follow developing story: http://t.co/odhUy8kXPZ http://t.co/pGcQ8KBZKm\u201d", "type": "direct_reply"}, {"index": 6, "attribution": 0.007277100812643766, "tweet_id": 524935683908333569, "text": "@globeandmail", "type": "direct_reply"}, {"index": 17, "attribution": 0.0066399653442204, "tweet_id": 524926377481736192, "text": "@globeandmail @JennReed4 ! be careful!", "type": "direct_reply"}, {"index": 1, "attribution": 0.005580523982644081, "tweet_id": 524933596113801218, "text": "@globeandmail", "type": "direct_reply"}, {"index": 5, "attribution": 0.0019548197742551565, "tweet_id": 524934180548124672, "text": "@globeandmail Stay safe police and soldiers protecting us all! @rcmpgrcpolice @OttawaPolice", "type": "direct_reply"}, {"index": 18, "attribution": -0.0004360616148915142, "tweet_id": 524926127174078464, "text": "\u201c@globeandmail: #BREAKING news: Shots fired at Parliament Hill. http://t.co/Gtg62UeZ3b http://t.co/pOLTF1F0t1\u201d @Tark31", "type": "direct_reply"}, {"index": 16, "attribution": -0.0017062911065295339, "tweet_id": 524931144476028928, "text": "\u201c@globeandmail: #BREAKING news: Shots fired at Parliament Hill. Follow developing story: http://t.co/0xTrHyIlG6 http://t.co/1P0LA8mxfM\u201d", "type": "direct_reply"}, {"index": 12, "attribution": -0.005610351916402578, "tweet_id": 524928329468870657, "text": "Sending thoughts and prayers. \"@globeandmail: #BREAKING: Shots fired at Parliament Hill. http://t.co/hvTLvS7PF3 http://t.co/0qSanyC0vx\u201d", "type": "direct_reply"}, {"index": 15, "attribution": -0.012294601649045944, "tweet_id": 524937442655477761, "text": "@globeandmail #Islamic_State\nMessage from Mujahid\nhttp://t.co/dSOluMUy6d", "type": "direct_reply"}, {"index": 3, "attribution": -0.026008157059550285, "tweet_id": 524935939077206016, "text": "@globeandmail @ggreenwald looks like American values are heading north", "type": "direct_reply"}, {"index": 13, "attribution": -0.026656927540898323, "tweet_id": 524925756087214082, "text": "@globeandmail", "type": "direct_reply"}, {"index": 4, "attribution": -0.030019259080290794, "tweet_id": 524928075981918209, "text": "@globeandmail trying to but got this - shameful behaviour http://t.co/BsGTnvDyhc", "type": "direct_reply"}, {"index": 2, "attribution": -0.030629754066467285, "tweet_id": 524927455715663872, "text": "@globeandmail @ggreenwald I'm taking bets on how quick #ISIS or #Syria will be blamed. After all #Syria is where the US want to bomb next.", "type": "direct_reply"}, {"index": 8, "attribution": -0.03137725964188576, "tweet_id": 524941120636469248, "text": "@globeandmail Probably another \"false flag\" on the Canadian side!", "type": "direct_reply"}]}