{"thread_id": "524926445496197120", "gold_label": 0, "predicted_label": 2, "tweet_attributions": [{"index": 5, "attribution": 2.2033655643463135, "tweet_id": 524935829689741312, "text": "@evatxudm yes very scary. Last I heard they are still looking. Very active scene(s). Not sure of much right now.", "type": "lower_reply"}, {"index": 12, "attribution": 1.880722165107727, "tweet_id": 524931485007372290, "text": "@evatxudm hunting rifles yes. Not AK47 type guns or high powered handguns. But people get them illegally.", "type": "lower_reply"}, {"index": 2, "attribution": 1.7827953100204468, "tweet_id": 524937292134486016, "text": "@Jubels13 it's complicated. I lived in Madrid when the terrorist attack at the train station and the whole city feels weird for a while", "type": "lower_reply"}, {"index": 10, "attribution": 0.3673081696033478, "tweet_id": 524927834733936640, "text": "RT @CP24: BREAKING: There have been two shootings on Parliament Hill. One of the victims is believed to be a member of the Canadian Forces.", "type": "direct_reply"}, {"index": 17, "attribution": 0.3182530105113983, "tweet_id": 524931534760198144, "text": "@Luxshia_07 @CP24 looool sorry my friends gay \ud83d\ude05\ud83d\ude02", "type": "lower_reply"}, {"index": 3, "attribution": 0.2405121922492981, "tweet_id": 524928606372634625, "text": "@CP24 @PepAiello This is the tweet.", "type": "direct_reply"}, {"index": 6, "attribution": 0.17669908702373505, "tweet_id": 524927074776383488, "text": "RT @CP24: BREAKING: There have been two shootings on Parliament Hill. One of the victims is believed to be a member of the Canadian Forces.", "type": "direct_reply"}, {"index": 16, "attribution": 0.16030558943748474, "tweet_id": 524927080015085568, "text": "RT @CP24 \"BREAKING: There have been two shootings on Parliament Hill. One of the victims is believed to be a member of the Canadian Forces.\"", "type": "direct_reply"}, {"index": 9, "attribution": 0.13609682023525238, "tweet_id": 524927040282460160, "text": "Wat @CP24 BREAKING: There have been two shootings on Parliament Hill. One of the victims is believed to be a member of the Canadian Forces.", "type": "direct_reply"}, {"index": 8, "attribution": 0.1271463930606842, "tweet_id": 524927306197114881, "text": "@CP24 and the planes over gta doing donuts? Wtf???", "type": "direct_reply"}, {"index": 4, "attribution": 0.12034616619348526, "tweet_id": 524926646806396928, "text": "RT @CP24: BREAKING: There have been two shootings on Parliament Hill. One of the victims is believed to be a member of the Canadian Forces.", "type": "direct_reply"}, {"index": 0, "attribution": 0.0030298233032226562, "tweet_id": 524926445496197120, "text": "BREAKING: There have been two shootings on Parliament Hill. One of the victims is believed to be a member of the Canadian Forces.", "type": "source"}, {"index": 18, "attribution": -0.028643490746617317, "tweet_id": 524929940828196864, "text": "@Jubels13 are you allowed to own guns in Canada?", "type": "lower_reply"}, {"index": 13, "attribution": -0.03607060760259628, "tweet_id": 524927273947115520, "text": "\u201c@CP24: BREAKING: There have been two shootings on Parliament Hill. One of the victims is believed to be a member of the Canadian Forces.\"", "type": "direct_reply"}, {"index": 11, "attribution": -0.07022697478532791, "tweet_id": 524926980450709504, "text": "\u201c@CP24: BREAKING:  two shootings on Parliament Hill. One of the victims is believed to be a member of the Canadian Forces.\u201d#cdnpoli", "type": "direct_reply"}, {"index": 14, "attribution": -0.17334358394145966, "tweet_id": 524932385222430721, "text": "@Jubels13 hunting is an exception here as well. This is so scary, really ... Do they police know who &amp; why they did it?", "type": "lower_reply"}, {"index": 19, "attribution": -0.18269036710262299, "tweet_id": 524932145455071232, "text": "@MarcusAwsum @CP24 thx. Monitoring 1010.\nI", "type": "lower_reply"}, {"index": 20, "attribution": -0.24573706090450287, "tweet_id": 524940322296836097, "text": "@Luxshia_07 Lool okok \ud83d\ude02", "type": "lower_reply"}, {"index": 7, "attribution": -0.24643439054489136, "tweet_id": 525014134879170560, "text": "@evatxudm it's awful. Horrible world we live in.", "type": "lower_reply"}, {"index": 15, "attribution": -0.25422924757003784, "tweet_id": 524930380512919552, "text": "@CP24 @Steve_Dangle", "type": "direct_reply"}, {"index": 1, "attribution": -0.41643568873405457, "tweet_id": 524929909190569984, "text": "\u201c@CP24: BREAKING: Der have been 2 shootings on Parliament Hill. One of the victims is believed to be a member of the Canadian Forces.\u201d @CNN", "type": "direct_reply"}]}