{"thread_id": "524948866773184512", "gold_label": 1, "predicted_label": 0, "tweet_attributions": [{"index": 0, "attribution": 0.42310860753059387, "tweet_id": 524948866773184512, "text": "Ottawa police issued a statement. Three separate shooting incidents. Once inside parliament. One at the war memorial. One at Rideau Centre", "type": "source"}, {"index": 3, "attribution": 0.0049723307602107525, "tweet_id": 524952352470495233, "text": "@beingbrad @SeedyRoads @AJEnglish showed footage of shooting inside parliament : I found it quite disturbing \ud83d\ude1e", "type": "direct_reply"}, {"index": 2, "attribution": -0.07339655607938766, "tweet_id": 524951869664133120, "text": "@beingbrad @SeedyRoads Bloody hell! That was my hang out in Ottawa 25 years ago! This smacks of Harper's foreign policy payback \ud83d\ude1e", "type": "direct_reply"}, {"index": 1, "attribution": -0.09071660786867142, "tweet_id": 525062819411419136, "text": "@beingbrad @A_G_Moore ugh my heart goes out. And southerners in the us want to be able to pack heat in church, at the library, etc. Idiots", "type": "direct_reply"}]}