{"thread_id": "524981945131102211", "gold_label": 0, "predicted_label": 0, "tweet_attributions": [{"index": 0, "attribution": 0.28162142634391785, "tweet_id": 524981945131102211, "text": "Prayers for #Ottawa, those directly affected, family of the soldier who died. God keep our land glorious and free.  #WeStandOnGuardForThee", "type": "source"}, {"index": 1, "attribution": 0.06789584457874298, "tweet_id": 524983258225065986, "text": "@paulbrandt Amen.", "type": "direct_reply"}, {"index": 5, "attribution": 0.028570467606186867, "tweet_id": 524982249838903296, "text": "@paulbrandt Amen", "type": "direct_reply"}, {"index": 4, "attribution": -0.05772698298096657, "tweet_id": 524982799858958336, "text": "@paulbrandt Amen.", "type": "direct_reply"}, {"index": 3, "attribution": -0.0611954964697361, "tweet_id": 524996558837002241, "text": "@paulbrandt greatest place on earth! Prayers to everyone", "type": "direct_reply"}, {"index": 2, "attribution": -0.07891380041837692, "tweet_id": 524982697052340224, "text": "@paulbrandt #nomorelossoflife", "type": "direct_reply"}]}