{"thread_id": "524937594090844160", "gold_label": 2, "predicted_label": 2, "tweet_attributions": [{"index": 4, "attribution": 0.7132670879364014, "tweet_id": 524940021733003265, "text": "@Reuters @michellemalkin  so is this next domino? Australia, England, gun control, confiscation. Let's hope cool heads in Ottawa prevail.", "type": "direct_reply"}, {"index": 7, "attribution": 0.26134616136550903, "tweet_id": 524940523363368961, "text": "@Reuters @michellemalkin  Bloomberg &amp; Obama will not waste time to push that agenda and if Canada falls in line they'll make hay to that end", "type": "lower_reply"}, {"index": 2, "attribution": 0.21086210012435913, "tweet_id": 524937778250125313, "text": "@Reuters \u0641\u0627\u064a\u0632 \u0627\u0644\u0645\u0627\u0644\u0643\u064a: \u0631\u062c\u0644 \u0627\u0644\u0627\u0645\u0647 - \u0648\u064a\u0646\u0635\u062d \u0628\u0645\u062a\u0627\u0628\u0639\u0647 \u0630\u0627 \u0627\u0644\u062d\u0633\u0627\u0628 @Question_arab", "type": "direct_reply"}, {"index": 9, "attribution": 0.18207480013370514, "tweet_id": 524938306271068160, "text": "@reuters a once peaceful city! #Ottawa", "type": "direct_reply"}, {"index": 13, "attribution": 0.17276336252689362, "tweet_id": 524963253387272192, "text": "@Reuters @michellemalkin If it were america \" they \" would be down playing it.", "type": "direct_reply"}, {"index": 15, "attribution": 0.15174533426761627, "tweet_id": 524951650109497344, "text": "@Reuters", "type": "direct_reply"}, {"index": 10, "attribution": 0.1489078849554062, "tweet_id": 524937833375887360, "text": "@Reuters suspect has now be killed. Unconfirmed", "type": "direct_reply"}, {"index": 6, "attribution": 0.09008633345365524, "tweet_id": 524937703381811201, "text": "\u201c@Reuters: More shots being fired near parliament in Ottawa, suspect still at large: TV\u201d", "type": "direct_reply"}, {"index": 1, "attribution": 0.06903349608182907, "tweet_id": 524938672475754496, "text": "@Reuters @michellemalkin Hunting season?", "type": "direct_reply"}, {"index": 8, "attribution": 0.04519122466444969, "tweet_id": 524937952930308096, "text": "OMFG RT @Reuters: More shots being fired near parliament in Ottawa, suspect still at large: TV", "type": "direct_reply"}, {"index": 17, "attribution": -0.027991628274321556, "tweet_id": 524938817816788992, "text": "\"@Reuters: More shots being fired near parliament in Ottawa, suspect still at large: TV\u201d", "type": "direct_reply"}, {"index": 14, "attribution": -0.033688366413116455, "tweet_id": 524939482647523328, "text": "@Reuters the bastard is gone! Dead! Cold and ready to be burned and buried in unknown site :-)", "type": "direct_reply"}, {"index": 12, "attribution": -0.0625910833477974, "tweet_id": 524937986421436416, "text": "\u201c@Reuters: More shots being fired near parliament in Ottawa, suspect still at large: TV", "type": "direct_reply"}, {"index": 5, "attribution": -0.07186759263277054, "tweet_id": 524937704992419840, "text": "@Reuters Clique, acesse e leia em http://t.co/DPeyQj53zz Muito obrigadoo.", "type": "direct_reply"}, {"index": 11, "attribution": -0.08664322644472122, "tweet_id": 524937865537798145, "text": "@Reuters  Big Trouble in Canuckistan, how's that #diversity &amp; #immigration working out for you? #Canada", "type": "direct_reply"}, {"index": 16, "attribution": -0.17544372379779816, "tweet_id": 524942377417707520, "text": "\u201c@Reuters: More shots being fired near parliament in Ottawa, suspect still at large: TV\u201d stay safe", "type": "direct_reply"}, {"index": 3, "attribution": -0.20986835658550262, "tweet_id": 524938738082660352, "text": "@Reuters he is already dead", "type": "direct_reply"}, {"index": 0, "attribution": -0.6356328725814819, "tweet_id": 524937594090844160, "text": "More shots being fired near parliament in Ottawa, suspect still at large: TV", "type": "source"}]}