{"thread_id": "524983366261936130", "gold_label": 0, "predicted_label": 2, "tweet_attributions": [{"index": 9, "attribution": 2.802360773086548, "tweet_id": 524983843913486336, "text": "What I've learned from Twitter: The @AP is usually around 30 minutes behind reporting news. https://t.co/Hlxu8Qinrq", "type": "direct_reply"}, {"index": 5, "attribution": 0.23766440153121948, "tweet_id": 524985056675512320, "text": "@RBPundit @AP Yeah, I'm down with that.", "type": "lower_reply"}, {"index": 3, "attribution": 0.22872334718704224, "tweet_id": 524996916401426433, "text": "@AP https://t.co/8jMhL2fC0O", "type": "direct_reply"}, {"index": 7, "attribution": 0.22549991309642792, "tweet_id": 524987609106616321, "text": "@AP", "type": "direct_reply"}, {"index": 19, "attribution": 0.1543274074792862, "tweet_id": 524984252208005121, "text": ":( \u201c@AP: BREAKING: Police say soldier, 1 suspected gunman dead in Ottawa shootings.\u201d", "type": "direct_reply"}, {"index": 8, "attribution": 0.1417699009180069, "tweet_id": 524984938865909761, "text": "Which is fine. Just don't call it \"BREAKING\" RT @NoChromeHD @RBPundit @AP In fairness, I'd rather they get it right than just go with rumors", "type": "lower_reply"}, {"index": 10, "attribution": 0.13362647593021393, "tweet_id": 524983599997915136, "text": "RT \"@AP: BREAKING: Police say soldier, 1 suspected gunman dead in Ottawa shootings.\u201d", "type": "direct_reply"}, {"index": 18, "attribution": 0.0920422151684761, "tweet_id": 524983446259916800, "text": "RT\u201c@AP: BREAKING: Police say soldier, 1 suspected gunman dead in Ottawa shootings.\u201d", "type": "direct_reply"}, {"index": 1, "attribution": 0.0914352759718895, "tweet_id": 524983541009244160, "text": "\u201c@AP: BREAKING: Police say soldier, 1 suspected gunman dead in Ottawa shootings.\u201d Wow \u2026", "type": "direct_reply"}, {"index": 12, "attribution": 0.06583214551210403, "tweet_id": 524984524070191104, "text": "\u00daLTIMA HORA: @AP reporta que un soldado y el sospechoso han muerto en balaceras en Ottawa, Canad\u00e1.", "type": "direct_reply"}, {"index": 14, "attribution": 0.050727084279060364, "tweet_id": 524987018590564353, "text": "@AP Probably a drill.", "type": "direct_reply"}, {"index": 6, "attribution": 0.037405069917440414, "tweet_id": 525419695118495746, "text": "@AP http://t.co/dNsCpMAQWD", "type": "direct_reply"}, {"index": 2, "attribution": 0.030622338876128197, "tweet_id": 524984975431856129, "text": "@thetorse @AP wow dam  terrorist", "type": "lower_reply"}, {"index": 4, "attribution": 0.025522736832499504, "tweet_id": 524986081914413056, "text": "\u201c@AP: BREAKING: Police say soldier, 1 suspected gunman dead in Ottawa shootings.\u201dan act of evil", "type": "direct_reply"}, {"index": 17, "attribution": -0.006846904754638672, "tweet_id": 524984878677647360, "text": "@RBPundit @AP and about an hour behind reporting the truth.", "type": "lower_reply"}, {"index": 16, "attribution": -0.08353277295827866, "tweet_id": 525036788172488705, "text": "@AP  dang shame. didn't have to be this way", "type": "direct_reply"}, {"index": 15, "attribution": -0.11774253845214844, "tweet_id": 524984731524681728, "text": "@RBPundit @AP In fairness, I'd rather they get it right than just go with rumors.", "type": "lower_reply"}, {"index": 11, "attribution": -0.3053900897502899, "tweet_id": 524983550374719488, "text": "\u201c@AP: BREAKING: Police say soldier, 1 suspected gunman dead in Ottawa shootings.\u201d", "type": "direct_reply"}, {"index": 13, "attribution": -0.3494388163089752, "tweet_id": 524986342884012033, "text": "@RBPundit and that is on a good day.", "type": "lower_reply"}, {"index": 0, "attribution": -0.5913800597190857, "tweet_id": 524983366261936130, "text": "BREAKING: Police say soldier, 1 suspected gunman dead in Ottawa shootings.", "type": "source"}]}