{"thread_id": "524925987239120897", "gold_label": 0, "predicted_label": 0, "tweet_attributions": [{"index": 0, "attribution": 0.39853036403656006, "tweet_id": 524925987239120897, "text": "Soldier shot at National War Memorial in Ottawa http://t.co/Sgmcq7gUzf #cdnpoli #hw", "type": "source"}, {"index": 1, "attribution": 0.008223713375627995, "tweet_id": 524938679958405120, "text": "Our thoughts to all those in Ottawa \u201c@CBCPolitics: Soldier shot at National War Memorial in Ottawa http://t.co/WTkR1N0elc #cdnpoli #hw\u201d", "type": "direct_reply"}, {"index": 4, "attribution": -0.004506997298449278, "tweet_id": 524930943971504129, "text": "RT @CBCPolitics Soldier shot at National War Memorial in #Ottawa http://t.co/I5GY1kEqfq #cdnpoli #hw", "type": "direct_reply"}, {"index": 2, "attribution": -0.005571372341364622, "tweet_id": 524930594464362496, "text": "Gunfire inside Canadian parliament; soldier shot at National War Memorial in Ottawa http://t.co/HlfE0oVrN7 #cdnpoli @CBCPolitics", "type": "direct_reply"}, {"index": 3, "attribution": -0.020401237532496452, "tweet_id": 524933733246574592, "text": "@CBCPolitics Time to get snipers out on the roofs. Take him out, no talking!!!", "type": "direct_reply"}]}