{"thread_id": "524954586696933377", "gold_label": 1, "predicted_label": 2, "tweet_attributions": [{"index": 15, "attribution": 2.3312137126922607, "tweet_id": 524958078056558593, "text": "@BreakingNews @usarubric @CP24 @CBCNews WAKE UP Folks... it's on the way!!!", "type": "direct_reply"}, {"index": 16, "attribution": 1.3326027393341064, "tweet_id": 524959550676668416, "text": "@WardM313 @BreakingNews @CP24 @CBCNews To tell the truth, every morning wondered, is it today? They kicked off in Canada because no #guns.", "type": "lower_reply"}, {"index": 14, "attribution": 1.035865068435669, "tweet_id": 524959932039593985, "text": "@usarubric @BreakingNews @CP24 @CBCNews Testing the waters... but for sure, they are getting ready here. LOTS of insurgents here thanks 2...", "type": "lower_reply"}, {"index": 3, "attribution": 0.724311888217926, "tweet_id": 524955051736182787, "text": "@BreakingNews @CP24 @CBCNews jtf is on they're ass now.", "type": "direct_reply"}, {"index": 9, "attribution": 0.603309690952301, "tweet_id": 524960033998917632, "text": "@BreakingNews @CP24 @CBCNews This time it is Canada not US", "type": "lower_reply"}, {"index": 10, "attribution": 0.5359877943992615, "tweet_id": 524955701287067650, "text": "@BreakingNews @WhatTheBit @CP24 @CBCNews they did raise their terror warning in the past 24hours so they must've gotten word of this", "type": "direct_reply"}, {"index": 1, "attribution": 0.35211944580078125, "tweet_id": 524960418557886465, "text": "@WardM313 @BreakingNews @CP24 @CBCNews #Holder's goal which he cldn't pull off, was to take guns away from citizens. #DOJ creating laws? NOT", "type": "lower_reply"}, {"index": 11, "attribution": 0.1871747225522995, "tweet_id": 524958308948787203, "text": "@jchamas @andref1989 @BreakingNews @WhatTheBit @CP24 @CBCNews Dressed in Black with a covered face... 1 guess.", "type": "lower_reply"}, {"index": 13, "attribution": 0.17852042615413666, "tweet_id": 524958513848930304, "text": "@BreakingNews @CP24 @CBCNews Why must there be shooting in US everytime", "type": "direct_reply"}, {"index": 2, "attribution": 0.13625501096248627, "tweet_id": 525002600199245825, "text": "@BreakingNews Doesn't sound like a coincidence to me,  at all. Looking forward to finding out more.", "type": "direct_reply"}, {"index": 12, "attribution": 0.0949576273560524, "tweet_id": 524962457069314048, "text": "@WardM313 @BreakingNews @CP24 @CBCNews Hey, #Dems, how'd'ya like those open borders now? Your heads will roll, same as everyone else!", "type": "lower_reply"}, {"index": 7, "attribution": 0.08491706103086472, "tweet_id": 524955719318392832, "text": "RT @BreakingNews: Ottawa police confirm 3 separate shooting incidents today; 1 on Parliament Hill, 1 at War Memorial and 1 near area mall", "type": "direct_reply"}, {"index": 4, "attribution": 0.03256667032837868, "tweet_id": 524974338500730880, "text": "@BreakingNews @CP24 @CBCNews muslims?", "type": "direct_reply"}, {"index": 6, "attribution": -0.10392486304044724, "tweet_id": 524957143502684161, "text": "@andref1989 @BreakingNews @WhatTheBit @CP24 @CBCNews Who is \"they\" that you're referring to @andref1989 ?", "type": "lower_reply"}, {"index": 8, "attribution": -0.223784402012825, "tweet_id": 524957682747580418, "text": "@jchamas @BreakingNews @WhatTheBit @CP24 @CBCNews http://t.co/vP0WxVmiol", "type": "lower_reply"}, {"index": 0, "attribution": -0.2805757224559784, "tweet_id": 524954586696933377, "text": "Ottawa police confirm 3 separate shooting incidents today; 1 on Parliament Hill, 1 at War Memorial and 1 near area mall - @CP24, @CBCNews", "type": "source"}, {"index": 5, "attribution": -0.36861851811408997, "tweet_id": 524955232825249792, "text": "@BreakingNews @shark_nieto @CP24 @CBCNews i hope everyone is ok", "type": "direct_reply"}]}