{"thread_id": "524955304199352320", "gold_label": 1, "predicted_label": 0, "tweet_attributions": [{"index": 1, "attribution": 0.09203649312257767, "tweet_id": 525010151355740162, "text": "@GongshowGear @WTF_Eh really?", "type": "direct_reply"}, {"index": 2, "attribution": 0.08371754735708237, "tweet_id": 524966356459212800, "text": "@GongshowGear great message boys #ottawastrong", "type": "direct_reply"}, {"index": 0, "attribution": 0.06064505875110626, "tweet_id": 524955304199352320, "text": "Police confirming a 3rd shooting at Rideau Center here in Ottawa, a popular shopping mall downtown - very tense in city #OttawaStrong", "type": "source"}]}