{"thread_id": "524933399828369409", "gold_label": 0, "predicted_label": 0, "tweet_attributions": [{"index": 0, "attribution": 0.20540405809879303, "tweet_id": 524933399828369409, "text": "WATCH LIVE: The scene outside Parliament Hill where a soldier has been shot http://t.co/k1d6G8HR0o", "type": "source"}, {"index": 3, "attribution": 0.03722134977579117, "tweet_id": 524937166171152384, "text": "@CP24 sound is not working", "type": "direct_reply"}, {"index": 1, "attribution": 0.008500779047608376, "tweet_id": 524933930068480000, "text": "@CP24 please don't broadcast location of officers for their safety", "type": "direct_reply"}, {"index": 6, "attribution": -0.0010942101944237947, "tweet_id": 524941959170121728, "text": "@CP24 should have got them all #FuckTheForces", "type": "direct_reply"}, {"index": 5, "attribution": -0.013507037423551083, "tweet_id": 524937429065936896, "text": "@CP24 @CBCAlerts  Note to all those concerned, in moments of #nationalSecurity GPS &amp; CellularNetworks are jammed in response @CSIS #weUnite", "type": "direct_reply"}, {"index": 2, "attribution": -0.013892960734665394, "tweet_id": 524933876347863041, "text": "@CP24 all of Canada needs to pray.", "type": "direct_reply"}, {"index": 7, "attribution": -0.04229801520705223, "tweet_id": 524936755288743936, "text": "@CP24 Theres no sound.", "type": "direct_reply"}, {"index": 4, "attribution": -0.044245582073926926, "tweet_id": 524939617737662465, "text": "@CP24 sound?", "type": "direct_reply"}]}