{"thread_id": "524974975623892992", "gold_label": 0, "predicted_label": 0, "tweet_attributions": [{"index": 0, "attribution": 0.19626043736934662, "tweet_id": 524974975623892992, "text": "The NHL has decided to postpone tonight's #sens-#leafs game in Ottawa. The right decision. The only decision.", "type": "source"}, {"index": 3, "attribution": 0.03752893581986427, "tweet_id": 524975233888182272, "text": "@fagstein @reporterchris Good....", "type": "direct_reply"}, {"index": 5, "attribution": 0.024494847282767296, "tweet_id": 524977565136474112, "text": "@reporterchris @DVDVR_DFA How on Earth it was ever a question, I find disturbing.", "type": "direct_reply"}, {"index": 1, "attribution": 0.02354326657950878, "tweet_id": 524976268010602497, "text": "@reporterchris agreed...just took too long to make it", "type": "direct_reply"}, {"index": 4, "attribution": 0.011378423310816288, "tweet_id": 524976259030597632, "text": "@reporterchris so sad and scary-hate this for all involved", "type": "direct_reply"}, {"index": 2, "attribution": -0.03433278948068619, "tweet_id": 524978857930027009, "text": "@reporterchris seriously. Did you think it wasn't going to be cancelled?", "type": "direct_reply"}]}