{"thread_id": "524955159840182272", "gold_label": 1, "predicted_label": 2, "tweet_attributions": [{"index": 2, "attribution": 0.10888087004423141, "tweet_id": 524957999966994432, "text": "@AP it's must be losers terrorist again who thinks nothing but killings get them n arrest them dint kill them so straight t prison ha ha", "type": "direct_reply"}, {"index": 9, "attribution": 0.09641262143850327, "tweet_id": 524957233357291521, "text": "@AP seriously @LeifQuitlong god who is this crazy men's three separate shootings", "type": "direct_reply"}, {"index": 11, "attribution": 0.037430305033922195, "tweet_id": 524955922360463360, "text": "@AP @ShepNewsTeam That's a pretty big man-made disaster they got going on up there.", "type": "direct_reply"}, {"index": 5, "attribution": 0.03541392460465431, "tweet_id": 524957502702903296, "text": "@AP another terrorist angry men's I wonder who are these no life just to know to kills losers", "type": "direct_reply"}, {"index": 6, "attribution": 0.026625147089362144, "tweet_id": 524956634766790656, "text": "@AP @ShepNewsTeam Those official sites should have been 24/7 controlled by security cams. Police would be aware of suspicious movements live", "type": "direct_reply"}, {"index": 4, "attribution": 0.022527841851115227, "tweet_id": 524957278571880448, "text": "\u201c@AP: Police say shots fired at 3 places: The National War Memorial, on Parliament Hill and near Rideau Centre Mall: http://t.co/PUmwUqpkV8\u201d", "type": "direct_reply"}, {"index": 10, "attribution": 0.01702374406158924, "tweet_id": 524955594235871232, "text": "@AP Clique, acesse e leia http://t.co/FERxQRS2n6 Muito obrigadoo.", "type": "direct_reply"}, {"index": 3, "attribution": 0.008849390782415867, "tweet_id": 524956880875974656, "text": "\u30ab\u30ca\u30c0\u3001\u30aa\u30bf\u30ef\u306e\u8b70\u4f1a\u5468\u8fba\u9283\u6483\u4e8b\u4ef6\u30013\u30f5\u6240\u3067\u9283\u6483\u304c\u767a\u751f\u3002\u30aa\u30bf\u30ef\u8b66\u5bdf\u767a\u8868\u3002@AP Police say shots fired at 3 places: The National War Memorial, on Parliament Hill", "type": "direct_reply"}, {"index": 1, "attribution": 0.002573339967057109, "tweet_id": 524999801294045186, "text": "@AP @ShepNewsTeam With liberals in charge \u2026Sadly, it remains open season on th world", "type": "direct_reply"}, {"index": 7, "attribution": -0.002158197108656168, "tweet_id": 524955547804905472, "text": "@AP Canadian citizens tired of voting &amp; decided to \"storm the fort?\"", "type": "direct_reply"}, {"index": 0, "attribution": -0.014777512289583683, "tweet_id": 524955159840182272, "text": "MORE: Police say shots fired at 3 places: The National War Memorial, on Parliament Hill and near Rideau Centre Mall: http://t.co/ZUIqFDn4nl", "type": "source"}, {"index": 8, "attribution": -0.023417172953486443, "tweet_id": 524955396763820032, "text": "Take a nap, miss a whole days news!~@AP", "type": "direct_reply"}]}