{"thread_id": "524925553489760256", "gold_label": 0, "predicted_label": 0, "tweet_attributions": [{"index": 0, "attribution": 0.2898175120353699, "tweet_id": 524925553489760256, "text": "So I am locked down in Centre Block on Parliament Hill after at least one shooter burst in and opened fire", "type": "source"}, {"index": 6, "attribution": 0.0433509536087513, "tweet_id": 524926144018415616, "text": "\u201c@josh_wingrove: So I am locked down in Centre Block on Parliament Hill after at least one shooter burst in and opened fire\u201d @normwilner", "type": "direct_reply"}, {"index": 7, "attribution": 0.03901050239801407, "tweet_id": 524926765827751936, "text": "Follow for details MT @josh_wingrove: I'm locked down in Centre Block on Parliament Hill after at least one shooter burst in and opened fire", "type": "direct_reply"}, {"index": 9, "attribution": 0.03266185149550438, "tweet_id": 524953619553349632, "text": "@alainparadis @josh_wingrove ummm Centre Block on Parliament Hill? Like he just said?", "type": "lower_reply"}, {"index": 2, "attribution": 0.025502808392047882, "tweet_id": 524926486931730433, "text": "\u201c@josh_wingrove: So I am locked down in Centre Block on Parliament Hill after at least one shooter burst in and opened fire\u201d", "type": "direct_reply"}, {"index": 5, "attribution": 0.012323911301791668, "tweet_id": 524926095553216512, "text": "In Ottawa.  RT @josh_wingrove: So I am locked down in Centre Block on Parliament Hill after at least one shooter burst in and opened fire", "type": "direct_reply"}, {"index": 3, "attribution": -0.025561897084116936, "tweet_id": 524926120316383232, "text": "@josh_wingrove Burst into where?", "type": "direct_reply"}, {"index": 8, "attribution": -0.046863239258527756, "tweet_id": 524925609768910848, "text": "@josh_wingrove Stay safe sir.", "type": "direct_reply"}, {"index": 1, "attribution": -0.048847123980522156, "tweet_id": 524926490535006209, "text": "@josh_wingrove @journodave stay safe", "type": "direct_reply"}, {"index": 4, "attribution": -0.06948638707399368, "tweet_id": 524925911205158912, "text": "@josh_wingrove Burst in? Into HOC?", "type": "direct_reply"}]}