{"thread_id": "524975552638504960", "gold_label": 0, "predicted_label": 0, "tweet_attributions": [{"index": 0, "attribution": 0.27437999844551086, "tweet_id": 524975552638504960, "text": "BREAKING: NHL postpones tonight's Senators-Leafs game in Ottawa", "type": "source"}, {"index": 4, "attribution": 0.03080812655389309, "tweet_id": 525004255267405825, "text": "\u201c@hockeynight: BREAKING: NHL postpones tonight's Senators-Leafs game in Ottawa\u201d", "type": "direct_reply"}, {"index": 3, "attribution": 0.011732075363397598, "tweet_id": 524998058296487936, "text": "@hockeynight As they should have. #Ottawa", "type": "direct_reply"}, {"index": 9, "attribution": 0.011599878780543804, "tweet_id": 524976463036964864, "text": "@hockeynight well done @NHL #staystrongCanada #CanadaStrong #StandtallCanada", "type": "direct_reply"}, {"index": 1, "attribution": 0.011454627849161625, "tweet_id": 524976549020594176, "text": "Prayers going up to everyone in Ottawa. \u201c@hockeynight: BREAKING: NHL postpones tonight's Senators-Leafs game in Ottawa\u201d", "type": "direct_reply"}, {"index": 2, "attribution": -0.007898434065282345, "tweet_id": 524975678601850880, "text": "@hockeynight Smart Move", "type": "direct_reply"}, {"index": 6, "attribution": -0.022820202633738518, "tweet_id": 524975897179602945, "text": "\u201c@hockeynight: BREAKING: NHL postpones tonight's Senators-Leafs game in Ottawa\u201d glad they did this, wouldn't have been respectful to play.", "type": "direct_reply"}, {"index": 7, "attribution": -0.023650409653782845, "tweet_id": 524976860967763968, "text": "\u201c@hockeynight: BREAKING: NHL postpones tonight's Senators-Leafs game in Ottawa\u201d the right thing to do \ud83d\udc4c", "type": "direct_reply"}, {"index": 5, "attribution": -0.02906552515923977, "tweet_id": 525011929639550976, "text": "@hockeynight our thoughts and prayers to Ottawa.", "type": "direct_reply"}, {"index": 8, "attribution": -0.03043767251074314, "tweet_id": 525079936537993217, "text": "\u201c@hockeynight: BREAKING: NHL postpones tonight's Senators-Leafs game in Ottawa\u201d you know Canada is hurting. Postponing Hockey never happens!", "type": "direct_reply"}, {"index": 10, "attribution": -0.043764133006334305, "tweet_id": 524981227171090433, "text": "@hockeynight @SamDFriedman The absolute correct move. Let Ottawa heal and play some other time.", "type": "direct_reply"}]}