{"thread_id": "524934673760530432", "gold_label": 0, "predicted_label": 0, "tweet_attributions": [{"index": 0, "attribution": 0.327333003282547, "tweet_id": 524934673760530432, "text": "Canadian parliament on lockdown after shooting \u2013 live updates http://t.co/PBLZPFqhAP", "type": "source"}, {"index": 2, "attribution": -0.015187202952802181, "tweet_id": 524935286892269568, "text": "\u201c@guardian: Canadian parliament on lockdown after shooting \u2013 live updates http://t.co/b0V61RxZ0i\u201d", "type": "direct_reply"}, {"index": 3, "attribution": -0.04387078806757927, "tweet_id": 524937877575446528, "text": "@guardian @acoyne \"We are all infidels\" #outlawIslam", "type": "direct_reply"}, {"index": 1, "attribution": -0.059484194964170456, "tweet_id": 524943819327148032, "text": "@guardian That's very sad, RIP may gd lord ve mercy on u", "type": "direct_reply"}]}