{"thread_id": "524941727753568257", "gold_label": 2, "predicted_label": 0, "tweet_attributions": [{"index": 0, "attribution": 0.3134255111217499, "tweet_id": 524941727753568257, "text": "We r being told it's still not safe outside downtown. Shooter on the loose. University of Ottawa shut down.", "type": "source"}, {"index": 2, "attribution": 0.047543421387672424, "tweet_id": 524961523471761408, "text": "@jenditchburn do stay safe....", "type": "direct_reply"}, {"index": 9, "attribution": 0.04398685321211815, "tweet_id": 524943456050106368, "text": "@jenditchburn Welcome to The American Century", "type": "direct_reply"}, {"index": 6, "attribution": 0.02717679925262928, "tweet_id": 524946909773852672, "text": "@jenditchburn kindly followback wanna ask u something(private) through DM please", "type": "direct_reply"}, {"index": 8, "attribution": 0.00789591670036316, "tweet_id": 524942450868387840, "text": "@jenditchburn @CdnPress today's events should not break our resolve", "type": "direct_reply"}, {"index": 7, "attribution": -0.008741030469536781, "tweet_id": 524942907556786176, "text": "@jenditchburn @CdnPress scary! My thoughts and prayers are with you!", "type": "direct_reply"}, {"index": 3, "attribution": -0.042194146662950516, "tweet_id": 524948832669278208, "text": "@jenditchburn @SCalaisS I'm so sorry to hear this violence has reached Canada. I wish you all safety.", "type": "direct_reply"}, {"index": 1, "attribution": -0.04990369454026222, "tweet_id": 524944469959770112, "text": "@jenditchburn @BabujiHDL Jihad has come to Canada, I reckon.", "type": "direct_reply"}, {"index": 5, "attribution": -0.0645228698849678, "tweet_id": 524941859471495168, "text": "@jenditchburn i am hearing cell phone service is shut down", "type": "direct_reply"}, {"index": 10, "attribution": -0.09444502741098404, "tweet_id": 524949899222077441, "text": "@jenditchburn Hope people of Ottawa are safe\nLets not shield terrorism &amp; d religion that perpetrates it just 4 sake of political correctness", "type": "direct_reply"}, {"index": 4, "attribution": -0.10127520561218262, "tweet_id": 524948978908266496, "text": "@jenditchburn Hi Jennifer - could you follow me so I can message you? thanks so much", "type": "direct_reply"}]}