{"thread_id": "524942149973188608", "gold_label": 0, "predicted_label": 2, "tweet_attributions": [{"index": 5, "attribution": 3.4140408039093018, "tweet_id": 524955278438334465, "text": "@kukig7 @CBCOttawa yikes, be careful \ud83d\ude2a", "type": "lower_reply"}, {"index": 4, "attribution": 3.0626399517059326, "tweet_id": 524954547136258048, "text": "@CBCOttawa @BarbieGirl13xo Fuck... I have class!", "type": "direct_reply"}, {"index": 7, "attribution": 1.090377926826477, "tweet_id": 524955784002957312, "text": "@BarbieGirl13xo @CBCOttawa Im not moving from home..these terrorist arent loyal.", "type": "lower_reply"}, {"index": 14, "attribution": 0.5790223479270935, "tweet_id": 524944105923964929, "text": "@Aussiemandias thank you, my dear friend. What a horrible day for Canada :( @CBCOttawa", "type": "lower_reply"}, {"index": 15, "attribution": 0.49420586228370667, "tweet_id": 524983279158845440, "text": "@CBCOttawa", "type": "direct_reply"}, {"index": 6, "attribution": 0.4716142416000366, "tweet_id": 524943482918821888, "text": "@CBCOttawa @Aussiemandias lockdown? Canada is in lockdown? What happened?", "type": "direct_reply"}, {"index": 16, "attribution": 0.4644317328929901, "tweet_id": 524942935432122368, "text": "@cbcottawa @cbcnews All gov't buildings as well", "type": "direct_reply"}, {"index": 18, "attribution": 0.3930913507938385, "tweet_id": 524943771608576000, "text": "@CBCOttawa @CBCNews is Place du Portage on lockdown", "type": "direct_reply"}, {"index": 13, "attribution": 0.3885555565357208, "tweet_id": 524957477545463809, "text": "@CBCOttawa @CBCNews love watching the liberal media!  \"Police with their guns drawn\"! What exactly do they expect?", "type": "direct_reply"}, {"index": 19, "attribution": 0.3036077916622162, "tweet_id": 524949152506339328, "text": "@CBCOttawa @amyboughner the OCC as well", "type": "direct_reply"}, {"index": 8, "attribution": 0.1749245971441269, "tweet_id": 525311634194325504, "text": "@CBCOttawa all 2 justify Harper sending troops 2 Iraq/Syria for Oil &amp; Zionist Israeli Ideology to conquer &amp; rule Muslim ME Palestine 2 Yemen", "type": "direct_reply"}, {"index": 11, "attribution": 0.04140392690896988, "tweet_id": 524943855691767809, "text": "@CBCOttawa @CBCNews Lockdown the whole city until they catch him. Like in Boston and Moncton", "type": "direct_reply"}, {"index": 1, "attribution": -0.018320005387067795, "tweet_id": 524942927009947650, "text": "@cbcottawa @cbcnews What about City Hall? Its 2 blocks from the War Memorial #ottcity #ottawa", "type": "direct_reply"}, {"index": 9, "attribution": -0.06193368136882782, "tweet_id": 524943988252770304, "text": "@Mariam_Kobras @CBCOttawa Check CBC reports here: http://t.co/Kr7YZSL6RI", "type": "lower_reply"}, {"index": 3, "attribution": -0.15865062177181244, "tweet_id": 524944604844802048, "text": "@CBCOttawa it's all Ottawa schools not just downtown", "type": "direct_reply"}, {"index": 12, "attribution": -0.2659454345703125, "tweet_id": 524955938114256896, "text": "@kukig7 @CBCOttawa lolll", "type": "lower_reply"}, {"index": 2, "attribution": -0.3127455413341522, "tweet_id": 525312440180162560, "text": "@rizgarwelat @CBCOttawa @CBCNews Yeh right! Then stop sending troops 2 attack+kill Muslims in ME 4 Oil &amp; Israel Zion Ideology 2 conquer/rule", "type": "lower_reply"}, {"index": 0, "attribution": -0.3630376160144806, "tweet_id": 524942149973188608, "text": "LOCKDOWN | Parliament, library main branch, U of O, downtown schools, Ottawa police HQ, CBC HQ, Rideau Centre, courthouse. #cbcOTT #OTTnews", "type": "source"}, {"index": 10, "attribution": -0.37131211161613464, "tweet_id": 524943518595555328, "text": "Is it ISIS attacking Canadian Land and Parliament?  @CBCOttawa @CBCNews", "type": "direct_reply"}, {"index": 17, "attribution": -0.8870143294334412, "tweet_id": 524943570101624832, "text": "@CBCOttawa 1 day after threat level raised? Bets on Relgion of peace involvement", "type": "direct_reply"}]}