{"thread_id": "524962072262881280", "gold_label": 1, "predicted_label": 2, "tweet_attributions": [{"index": 3, "attribution": 1.7436732053756714, "tweet_id": 524970943475892224, "text": "@cnnbrk two more still at large? Shoot to kill!!!", "type": "lower_reply"}, {"index": 5, "attribution": 0.4937630593776703, "tweet_id": 524963913189056513, "text": "@cnnbrk is this related to Mondays actions in Quebec?? Ya think??", "type": "direct_reply"}, {"index": 20, "attribution": 0.4045811891555786, "tweet_id": 524962190890377216, "text": "\u201c@cnnbrk: Ottawa Police Service: No one was hurt in the shooting near Ottawa's Rideau Centre. Live blog: http://t.co/95OGL8MGNC\u201d", "type": "direct_reply"}, {"index": 12, "attribution": 0.197906956076622, "tweet_id": 524962215200555009, "text": "@cnnbrk \u0631\u063a\u062f \u0627\u0644\u0641\u064a\u0635\u0644 \u062a\u0646\u0627\u0634\u062f \u0627\u0644\u0645\u0648\u0627\u0637\u0646\u064a\u0646 \u0639\u0628\u0631 \u0647\u0630\u0627 \u0627\u0644\u062d\u0633\u0627\u0628 - @Question_arab", "type": "direct_reply"}, {"index": 16, "attribution": 0.0956747904419899, "tweet_id": 524962656994992128, "text": "@cnnbrk Thank God!", "type": "direct_reply"}, {"index": 9, "attribution": 0.09341336041688919, "tweet_id": 524972169491914752, "text": "@cnnbrk soldier has died", "type": "lower_reply"}, {"index": 8, "attribution": 0.08594287186861038, "tweet_id": 524964742860124160, "text": "@cnnbrk its gonna be tuff to discern other shooters from the population! Hope they find all the nutz!", "type": "direct_reply"}, {"index": 13, "attribution": 0.05179619416594505, "tweet_id": 524962206002479104, "text": "@cnnbrk \u062a\u0628\u064a \u064a\u0646\u0644\u062d\u0633 \u0645\u062e\u0643 \u061f \u062a\u0628\u064a \u064a\u0646\u0644\u062d\u0633 \u062e\u0634\u0645\u0643 \u061f \u062a\u0639\u0627\u0644 \u0630\u0627 \u0627\u0644\u062d\u0633\u0627\u0628 - @Question_arab", "type": "direct_reply"}, {"index": 6, "attribution": 0.05017729103565216, "tweet_id": 524965190711119872, "text": "@cnnbrk finally some good news", "type": "direct_reply"}, {"index": 11, "attribution": 0.011325090192258358, "tweet_id": 524963771912298497, "text": "@cnnbrk one soldier shot and one shooter killed.  Don't know where you are getting your info.", "type": "direct_reply"}, {"index": 15, "attribution": 0.0035608066245913506, "tweet_id": 524962266257817600, "text": "@cnnbrk All the hallmarks of  #OperationChaos #falseflag attk by those who believe\"from chaos comes order\":US jrno http://t.co/a94wJvDnTL", "type": "direct_reply"}, {"index": 19, "attribution": -0.018902244046330452, "tweet_id": 524963145236770816, "text": "@cnnbrk @FaithBased92  Isis", "type": "direct_reply"}, {"index": 0, "attribution": -0.021164683625102043, "tweet_id": 524962072262881280, "text": "Ottawa Police Service: No one was hurt in the shooting near Ottawa's Rideau Centre. Live blog: http://t.co/q98AMohu7T", "type": "source"}, {"index": 17, "attribution": -0.0600048303604126, "tweet_id": 524962379432747008, "text": "\u201c@cnnbrk: Ottawa Police Service: No one was hurt in the shooting near Ottawa's Rideau Centre. Live blog: http://t.co/bjWnX0FzOC", "type": "direct_reply"}, {"index": 14, "attribution": -0.08505130559206009, "tweet_id": 524962203687219200, "text": "@cnnbrk \u062d\u0633\u0627\u0628 \u0641\u064a\u0647 \u0627\u0633\u0626\u0644\u0629 \u0633\u062d\u0631\u064a\u0647 -_- !! - @Question_arab", "type": "direct_reply"}, {"index": 7, "attribution": -0.0861344262957573, "tweet_id": 524962196754010112, "text": "@cnnbrk \u0648\u0644\u064a\u062f \u0627\u0644\u0641\u0631\u0627\u062c \u064a\u0634\u0631\u062d \u0643\u0644 \u0634\u064a\u0621 \u0628\u0627\u0644\u062a\u0641\u0635\u064a\u0644 \u0647\u0646\u0627 - @Question_arab", "type": "direct_reply"}, {"index": 1, "attribution": -0.09928866475820541, "tweet_id": 524964175614074881, "text": "@cnnbrk @acarvin I am not in that area anymore. That was scary, disabled phone, no longer in the area. I hope I am safe #ottawashooting", "type": "direct_reply"}, {"index": 18, "attribution": -0.12476911395788193, "tweet_id": 524964799034454016, "text": "@cnnbrk Cue the bombardment now.", "type": "direct_reply"}, {"index": 21, "attribution": -0.14896725118160248, "tweet_id": 524962285534466048, "text": "@cnnbrk it must be really disappointing to set out to kill a bunch of people and then not even injure anyone. poor guy(s)", "type": "direct_reply"}, {"index": 4, "attribution": -0.17745588719844818, "tweet_id": 524962210620379137, "text": "@cnnbrk \u062d\u0633\u0627\u0628 \u0627\u0633\u0626\u0644\u0629 \u0627\u062a\u0645\u0646\u0649 \u0645\u0646 \u0627\u0644\u0646\u0627\u0633 \u062a\u062f\u0639\u0645\u0647 - @Question_arab", "type": "direct_reply"}, {"index": 2, "attribution": -0.1946055293083191, "tweet_id": 524963273871859712, "text": ".@cnnbrk Definitely then a Muslim behind the barrel. They're the Storm Troopers of shooting.", "type": "direct_reply"}, {"index": 10, "attribution": -0.2652748227119446, "tweet_id": 524963541565317120, "text": "@cnnbrk BULLSHIT   R.C.M.P.  SHOT AD KILLED AT LEAST 1 OF THE SCUM BAGS  MORE TO COME", "type": "direct_reply"}]}