{"thread_id": "524950899899113473", "gold_label": 0, "predicted_label": 2, "tweet_attributions": [{"index": 1, "attribution": 1.1924177408218384, "tweet_id": 524966168772485120, "text": "\u201c@ctvottawa: Gunfire inside hallways of Parliament Hill.\u201d GIRL ARE YOU GOOD @Tthaixo", "type": "direct_reply"}, {"index": 3, "attribution": 0.21946388483047485, "tweet_id": 524954849637847040, "text": "@ctvottawa @DerianPlouffe", "type": "direct_reply"}, {"index": 6, "attribution": 0.15468670427799225, "tweet_id": 524984876874080257, "text": "@ctvottawa @Mr_Burundi", "type": "direct_reply"}, {"index": 2, "attribution": 0.07997525483369827, "tweet_id": 524957878768394240, "text": "@ctvottawa so proud of our parliament security police and military", "type": "direct_reply"}, {"index": 4, "attribution": 0.00933836866170168, "tweet_id": 525005502468849664, "text": "@ctvottawa two attacks on CAF personnel in two days seems like more than a coincidence.", "type": "direct_reply"}, {"index": 9, "attribution": -0.03706739470362663, "tweet_id": 524952361601859586, "text": "@ctvottawa sounds like a shotgun blast followed by officers returning fire.", "type": "direct_reply"}, {"index": 5, "attribution": -0.0442957878112793, "tweet_id": 524973422682853376, "text": "@ctvottawa cool!", "type": "direct_reply"}, {"index": 10, "attribution": -0.1161051020026207, "tweet_id": 524953369719627778, "text": "@ctvottawa this is so scary!", "type": "direct_reply"}, {"index": 8, "attribution": -0.12498713284730911, "tweet_id": 524985155858231296, "text": "@htchngs yeah, thanks girl \u2764\ufe0f", "type": "lower_reply"}, {"index": 7, "attribution": -0.2102174609899521, "tweet_id": 524951548460552192, "text": "RT @ctvottawa EXTENDED: Dramatic video of gunfire inside hallways of Parliament Hill. (The Globe and Mail) http://t.co/6wjreJMf9a \u2026", "type": "direct_reply"}, {"index": 0, "attribution": -0.7232039570808411, "tweet_id": 524950899899113473, "text": "EXTENDED: Dramatic video of gunfire inside hallways of Parliament Hill. (The Globe and Mail) http://t.co/SbOu4rAp96 http://t.co/71rNixs3Eb", "type": "source"}]}