{"thread_id": "524935769614331904", "gold_label": 0, "predicted_label": 2, "tweet_attributions": [{"index": 9, "attribution": 1.6204752922058105, "tweet_id": 524940857741291520, "text": "@rickswift @tahDeetz @FoxNews @ImitationJordan Another attack focused on #Military, inspired by #ISIS directive 2 followers?", "type": "lower_reply"}, {"index": 13, "attribution": 0.7146937251091003, "tweet_id": 524938436344811520, "text": "\u201c@FoxNews: UPDATE: Reports of gunfire inside halls of the Canadian Parliament building in #Ottawa: http://t.co/H2ZckFMY3q\u201d @ImitationJordan", "type": "direct_reply"}, {"index": 7, "attribution": 0.1904049515724182, "tweet_id": 524943343533715456, "text": "@FoxNews \n\nWhy do we tell the public about underground tunnels and where they lead!?", "type": "direct_reply"}, {"index": 14, "attribution": 0.17894436419010162, "tweet_id": 524936179855425537, "text": "@FoxNews @Wetaskijen one shooter dead one still on the loose according to police.", "type": "direct_reply"}, {"index": 3, "attribution": 0.12449193745851517, "tweet_id": 524959310678605824, "text": "RT @FoxNews: UPDATE: Reports of gunfire inside the halls of the Canadian Parliament building in #Ottawa: http://t.co/reyfVo9qJ7", "type": "direct_reply"}, {"index": 10, "attribution": 0.10936867445707321, "tweet_id": 524938345261318144, "text": "@FoxNews They obviously forgot to read the 'No Guns Allowed' sign", "type": "direct_reply"}, {"index": 6, "attribution": 0.10449805855751038, "tweet_id": 524946354100264961, "text": "@FoxNews #Ottawa A very serious security matter. Whoever is the culprit, should be nabbed quickly. Pl see whether it's a terrorist attack?", "type": "direct_reply"}, {"index": 1, "attribution": 0.09894057363271713, "tweet_id": 524936508680445953, "text": "@FoxNews How can that be isn't Canada a 'gun free zone' pretty much everywhere?", "type": "direct_reply"}, {"index": 5, "attribution": 0.01586998626589775, "tweet_id": 524936267021045760, "text": "@FoxNews Get the top rated necklaces here!! Check em out here --&gt; http://t.co/AMv5X4cQKn", "type": "direct_reply"}, {"index": 11, "attribution": 0.014016837812960148, "tweet_id": 524936107532619778, "text": "@FoxNews 30 - 50 shots fired in the Parliament of Canada", "type": "direct_reply"}, {"index": 12, "attribution": -0.03870757669210434, "tweet_id": 524935943560888320, "text": "@FoxNews possibility if three shooters.", "type": "direct_reply"}, {"index": 8, "attribution": -0.0713946744799614, "tweet_id": 524942313454567424, "text": "@retakethestate could be...", "type": "lower_reply"}, {"index": 2, "attribution": -0.09865749627351761, "tweet_id": 524949010511962112, "text": "@FoxNews spread your fear fox.you GOP member are afraid of your own shadow.must be hell going though life afraid.\nBig pussys", "type": "direct_reply"}, {"index": 15, "attribution": -0.14557598531246185, "tweet_id": 524951478188773376, "text": "@FoxNews spread your fear fox.\nGrow a set.", "type": "direct_reply"}, {"index": 4, "attribution": -0.1528056561946869, "tweet_id": 524935872941395968, "text": "@FoxNews shooter inside was killed. More than 10 shots were fired.", "type": "direct_reply"}, {"index": 0, "attribution": -0.4067631959915161, "tweet_id": 524935769614331904, "text": "UPDATE: Reports of gunfire inside the halls of the Canadian Parliament building in #Ottawa: http://t.co/tjycT5YQcv", "type": "source"}]}