{"thread_id": "524953110285152256", "gold_label": 0, "predicted_label": 2, "tweet_attributions": [{"index": 8, "attribution": 3.1457889080047607, "tweet_id": 524970303869304832, "text": "@komie_ @CP24 omg I hope no causality ....", "type": "lower_reply"}, {"index": 6, "attribution": 2.185579538345337, "tweet_id": 524954022957289472, "text": "\u201c@CP24: EXTENDED VIDEO: Numerous gunshots heard inside Centre Block on Parliament Hill http://t.co/mO5ucHAgWg\u201d oh my god. How can this be?!?", "type": "direct_reply"}, {"index": 11, "attribution": 1.515744686126709, "tweet_id": 524976564870868992, "text": "@SohailNazish 1 so far :( :( :( :(", "type": "lower_reply"}, {"index": 0, "attribution": 0.8705769181251526, "tweet_id": 524953110285152256, "text": "EXTENDED VIDEO: Numerous gunshots heard inside Centre Block on Parliament Hill http://t.co/PVcAGKdahe", "type": "source"}, {"index": 1, "attribution": 0.4920410215854645, "tweet_id": 524954414193577984, "text": "@CP24 Why are you sharing this video?!  Shouldn't be allowed! Stop Glorifying these maniacs!", "type": "direct_reply"}, {"index": 5, "attribution": 0.24732114374637604, "tweet_id": 524957548479545344, "text": "\ud83d\ude31 \ud83d\ude31 \u201c@CP24: EXTENDED VIDEO: Numerous gunshots heard inside Centre Block on Parliament Hill http://t.co/tFhI1LmIVF\u201d", "type": "direct_reply"}, {"index": 10, "attribution": 0.2088533192873001, "tweet_id": 524959433030631424, "text": "What the heck RT\u201c@CP24: EXTENDED VIDEO: Numerous gunshots heard inside Centre Block on Parliament Hill http://t.co/t9kpOyCURK\u201d", "type": "direct_reply"}, {"index": 9, "attribution": 0.0753050222992897, "tweet_id": 524984416737570816, "text": "@komie_ hope every things goes normal soon", "type": "lower_reply"}, {"index": 4, "attribution": 0.034101009368896484, "tweet_id": 524953397313929216, "text": "@CP24 Stay Safe everyone in #Ottawa Praying for everyone's safety", "type": "direct_reply"}, {"index": 7, "attribution": -0.18997637927532196, "tweet_id": 524995097071714305, "text": "This is insane \u201c@CP24: Numerous gunshots heard inside Centre Block on Parliament Hill\"", "type": "direct_reply"}, {"index": 2, "attribution": -0.32086798548698425, "tweet_id": 524954406094372864, "text": "@CP24 how sad for the soldier and his family", "type": "direct_reply"}, {"index": 3, "attribution": -0.39862027764320374, "tweet_id": 524978180898443264, "text": "\u201c@CP24: EXTENDED VIDEO: Numerous gunshots heard inside Centre Block on Parliament Hill http://t.co/kJv4NWYUI6\u201dThats so scary", "type": "direct_reply"}]}