{"thread_id": "524980744658382848", "gold_label": 0, "predicted_label": 0, "tweet_attributions": [{"index": 0, "attribution": 0.2605687975883484, "tweet_id": 524980744658382848, "text": "#RCMP to hold news conference on #Ottawa shootings at 2 pm ET, 11 am PT. Watch live coverage @ http://t.co/kngapKTSCe", "type": "source"}, {"index": 9, "attribution": 0.030743397772312164, "tweet_id": 524983036098924545, "text": "@CBCAlerts @SamHarrisOrg", "type": "direct_reply"}, {"index": 3, "attribution": 0.020400267094373703, "tweet_id": 524982162270220288, "text": "@CBCAlerts @CBCNews @CBCTheNational @petermansbridge @BarackObama @DHSgov @FBI @TorontoPolice @OttawaPolice @rcmpgrcpolice 2P.M.Presser", "type": "direct_reply"}, {"index": 7, "attribution": 0.010415255092084408, "tweet_id": 524981867876212736, "text": "@CBCAlerts @CBCNews", "type": "direct_reply"}, {"index": 1, "attribution": -0.004143121652305126, "tweet_id": 525001263922937857, "text": "@CBCAlerts @CBC is it over or are they still looking for the gunmen?", "type": "direct_reply"}, {"index": 8, "attribution": -0.01345878466963768, "tweet_id": 524983145394110464, "text": "@CBCAlerts \nHas car-jacking by suspects been confirmed?  Questionable.", "type": "direct_reply"}, {"index": 2, "attribution": -0.0206607673317194, "tweet_id": 524990946497531905, "text": "@CBCAlerts @CBC let's hope the medias don't gratified these people by publicizing their names all over.. which is exactly what they want.!", "type": "direct_reply"}, {"index": 5, "attribution": -0.0402555838227272, "tweet_id": 524983426072731648, "text": "@CBCAlerts @CBCNews What's the matter with ppl crazy fuck", "type": "direct_reply"}, {"index": 4, "attribution": -0.04103535786271095, "tweet_id": 524991474480730112, "text": "@CBCAlerts @CBC our prayers are with our leaders &amp; authorities, may they return safely to their homes", "type": "direct_reply"}, {"index": 6, "attribution": -0.07576553523540497, "tweet_id": 525043841490251776, "text": "@CBCAlerts @FriedgeHNIC let's cut off his head and send back to his family in the middle east.", "type": "direct_reply"}]}