{"thread_id": "524972166006464512", "gold_label": 0, "predicted_label": 0, "tweet_attributions": [{"index": 0, "attribution": 0.3287195861339569, "tweet_id": 524972166006464512, "text": "DEVELOPING story here: Gunman killed in Ottawa; 3 shootings confirmed http://t.co/AmIGGlYu4l", "type": "source"}, {"index": 2, "attribution": 0.03805289417505264, "tweet_id": 524976305566388224, "text": "\u201c@CTVNews: DEVELOPING story here: Gunman killed in Ottawa; 3 shootings confirmed http://t.co/SZtYnehXAr\u201d @CanadaTomK", "type": "direct_reply"}, {"index": 1, "attribution": 0.003717322601005435, "tweet_id": 524983941699502081, "text": "\u201c@CTVNews: DEVELOPING story here: Gunman killed in Ottawa; 3 shootings confirmed http://t.co/XW4HHbOcz3\u201dActually Ridiculous #StaySafeOttawa", "type": "direct_reply"}, {"index": 3, "attribution": -0.05930812284350395, "tweet_id": 524974562145230848, "text": "@CTVNews @TheSocialCTV the soldier has passed?! This is such a sad day. Prayers to his family and friends.", "type": "direct_reply"}]}