{"thread_id": "524954630279925760", "gold_label": 0, "predicted_label": 2, "tweet_attributions": [{"index": 5, "attribution": 1.0370495319366455, "tweet_id": 524954755358289921, "text": "@Reuters Possible five shooters.", "type": "direct_reply"}, {"index": 14, "attribution": 0.26773592829704285, "tweet_id": 524956031416565760, "text": "Canada kan nu definitef v mijn lijst als veilig land om heen te vluchten wanneer het hier uit de hand gaat lopen #aanslagen #jihad @Reuters", "type": "direct_reply"}, {"index": 2, "attribution": 0.14868415892124176, "tweet_id": 524966643857108992, "text": "@Francolinie @putainovitsj @Reuters  zuid America heb je weer andere ellende maar allah zal daar niets voor elkaar krijgen #SchietenTerug", "type": "lower_reply"}, {"index": 3, "attribution": 0.12927687168121338, "tweet_id": 524955920783396866, "text": "\u201c@Reuters: Shooting locks down Canadian parliament; 1 suspect reported dead..\" #GodIsUrTerrorist #HidingWontHelp #LiftTheBan #CanadaNeedsWBC", "type": "direct_reply"}, {"index": 7, "attribution": 0.1023683249950409, "tweet_id": 524971863274180609, "text": "@Reuters soldier in uniform dead\ud83c\udfba", "type": "direct_reply"}, {"index": 1, "attribution": 0.0842139795422554, "tweet_id": 524954869258784768, "text": "@Reuters Soldier who has been shot is alive in the hospital", "type": "lower_reply"}, {"index": 11, "attribution": 0.08354354649782181, "tweet_id": 525005068731703296, "text": "@7E55E @spieringfl @Francolinie @Reuters Wrijft de priester over je bolletje, let dan maar op voor je euh...\"holletje\" ;-) lol!", "type": "lower_reply"}, {"index": 8, "attribution": 0.07799183577299118, "tweet_id": 524956029113491456, "text": "oMG \"@Reuters: Shooting locks down Canadian parliament; one suspect reported dead http://t.co/NWInhJlq4B\u201d", "type": "direct_reply"}, {"index": 9, "attribution": 0.03144196420907974, "tweet_id": 525005229503553537, "text": "Gheghe @putainovitsj @7E55E @spieringfl @Reuters", "type": "lower_reply"}, {"index": 4, "attribution": 0.010208978317677975, "tweet_id": 525004017467154432, "text": "@spieringfl @Francolinie @putainovitsj @Reuters  en laat ik dat nou veel liever hebben #KiezenTussenTweeKwaden", "type": "lower_reply"}, {"index": 13, "attribution": -0.009351233951747417, "tweet_id": 524958718648410112, "text": "@Reuters It wld surely some paki inspired by the way they had attacked Indian parliament, Canadian govt need to control this rats", "type": "direct_reply"}, {"index": 12, "attribution": -0.11777212470769882, "tweet_id": 524954712895127553, "text": "@Reuters \u062a\u0628\u064a \u064a\u0646\u0644\u062d\u0633 \u0645\u062e\u0643 \u061f \u062a\u0639\u0627\u0644 \u0647\u0627\u0644\u062d\u0633\u0627\u0628 - @Question_arab", "type": "direct_reply"}, {"index": 6, "attribution": -0.11954737454652786, "tweet_id": 524964132513005568, "text": "Now I am SURE the entire world has gone bonkers...  \u201c@Reuters: Shooting locks down Canadian parliament;  http://t.co/0KgfE5TBWm\u201d", "type": "direct_reply"}, {"index": 10, "attribution": -0.13947725296020508, "tweet_id": 524968584385024000, "text": "RT @AristeguiOnline \u201c@Reuters: Shooting locks down Canadian parliament; one suspect reported dead http://t.co/uhSd68EKkV\u201d", "type": "direct_reply"}, {"index": 0, "attribution": -0.6194180846214294, "tweet_id": 524954630279925760, "text": "Shooting locks down Canadian parliament; one suspect reported dead http://t.co/H3Z4PtvSuU", "type": "source"}]}