{"thread_id": "524939378552864768", "gold_label": 0, "predicted_label": 0, "tweet_attributions": [{"index": 0, "attribution": 0.38715043663978577, "tweet_id": 524939378552864768, "text": "Reports now police suspect two or three shooters on Parliament Hill. Sergeant at Arms Kevin Vickers shot one assailant.", "type": "source"}, {"index": 6, "attribution": 0.04514608904719353, "tweet_id": 524941066240548864, "text": "\u201c@BCheadle: Reports now police suspect two or three shooters on Parliament Hill. Sergeant at Arms Kevin Vickers shot one assailant.\u201d", "type": "direct_reply"}, {"index": 4, "attribution": 0.040375687181949615, "tweet_id": 525397630793572352, "text": "@BCheadle you're the best", "type": "direct_reply"}, {"index": 1, "attribution": 0.040319982916116714, "tweet_id": 524942860429561856, "text": "RT \u201c@BCheadle: Reports now police suspect two or three shooters on Parliament Hill. Sergeant at Arms, Kevin Vickers, shot one assailant.\u201d", "type": "direct_reply"}, {"index": 7, "attribution": -0.011946781538426876, "tweet_id": 524943016373784576, "text": "\u201c@BCheadle: now police suspect two or three shooters on Parliament Hill. Sergeant at Arms KVickers shot 1assailant.\u201d +shooters @luvlealife", "type": "direct_reply"}, {"index": 3, "attribution": -0.015435841865837574, "tweet_id": 524942124991934464, "text": "Wow RT @BCheadle: Reports now police suspect two or three shooters on Parliament Hill. Sergeant at Arms Kevin Vickers shot one assailant.\u201d", "type": "direct_reply"}, {"index": 2, "attribution": -0.025864848867058754, "tweet_id": 524947324972564481, "text": "@BCheadle @ArponBasu  tweeting his name is unwise.", "type": "direct_reply"}, {"index": 5, "attribution": -0.03090626187622547, "tweet_id": 524944835690901504, "text": "@BCheadle @LawScribes Are Canadian Returning immoderate tunnelling jihardis involved working/not working 4FBI in a #drill @adamcurry #ottawa", "type": "direct_reply"}, {"index": 8, "attribution": -0.05263929069042206, "tweet_id": 524940999802765312, "text": "@BCheadle @CdnPress woah he carries a gun?", "type": "direct_reply"}]}