{"thread_id": "524953017389707264", "gold_label": 2, "predicted_label": 2, "tweet_attributions": [{"index": 35, "attribution": 1.9438767433166504, "tweet_id": 525012515173175297, "text": "@Shemp_358 @FaithGoldy @PzFeed Oh please try... names and dates will suffice.", "type": "lower_reply"}, {"index": 2, "attribution": 1.889007568359375, "tweet_id": 525013399047274496, "text": "@AHMagazine @FaithGoldy @PzFeed Like the 200-350 million jihadists who are bent on the destruction of our way of life.", "type": "lower_reply"}, {"index": 10, "attribution": 1.2975462675094604, "tweet_id": 524954620444307456, "text": "@FaithGoldy @PzFeed this is an unequivocal act of war.  We need to blood well wake up", "type": "lower_reply"}, {"index": 5, "attribution": 1.040014386177063, "tweet_id": 525012170405593088, "text": "@AHMagazine @FaithGoldy @PzFeed this started long before ISIL.  Have you been under a rock?  140 characters isn't enough to school you", "type": "lower_reply"}, {"index": 13, "attribution": 1.0142242908477783, "tweet_id": 524998393090023425, "text": "@Shemp_358 @FaithGoldy @PzFeed Declare war on who: fucked up losers in Ottawa, internet jihadists from Quebec?", "type": "lower_reply"}, {"index": 21, "attribution": 0.8343448042869568, "tweet_id": 525011529117487104, "text": "@Shemp_358 @FaithGoldy @PzFeed Are you referring to ISIL threats? Our fault, no. Sounds like George W. Bush's 'War on Terror' pt 2", "type": "lower_reply"}, {"index": 26, "attribution": 0.733360230922699, "tweet_id": 525014085067603968, "text": "@Shemp_358 @FaithGoldy @PzFeed When you say 'our' you mean Canadian? I don't believe 250 mil jihadists (source) are after us. US maybe.", "type": "lower_reply"}, {"index": 17, "attribution": 0.6924555897712708, "tweet_id": 524999072030396416, "text": "@AHMagazine @FaithGoldy @PzFeed The war has been declared on us.  Happened a long time ago.  Or is this OUR fault?", "type": "lower_reply"}, {"index": 16, "attribution": 0.6313791871070862, "tweet_id": 525014024342474753, "text": "@AHMagazine @FaithGoldy @PzFeed if you are blind to that, then I'm wasting my breath", "type": "lower_reply"}, {"index": 34, "attribution": 0.4277224838733673, "tweet_id": 524954282391769088, "text": "No shit. \"@PzFeed: BREAKING NEWS: CANADIAN OFFICIALS NOW CALLING TODAY'S PARLIAMENT SHOOTING A TERRORIST ATTACK - http://t.co/Wb6tzRwQMG\u201d", "type": "direct_reply"}, {"index": 0, "attribution": 0.2612409293651581, "tweet_id": 524953017389707264, "text": "BREAKING NEWS: CANADIAN OFFICIALS NOW CALLING TODAY'S PARLIAMENT SHOOTING A TERRORIST ATTACK - http://t.co/lXFiYaVImZ", "type": "source"}, {"index": 6, "attribution": 0.23812861740589142, "tweet_id": 525015240661303296, "text": "@AHMagazine @FaithGoldy @PzFeed if you can't acknowledge the obvious, quit wasting my time", "type": "lower_reply"}, {"index": 29, "attribution": 0.22743815183639526, "tweet_id": 525016262481821696, "text": "@Shemp_358 @FaithGoldy @PzFeed CF-18s sent to Kuwait sign of solidarity with US, not declaration of war against insurgents. Learn!", "type": "lower_reply"}, {"index": 9, "attribution": 0.18319781124591827, "tweet_id": 524963087603204096, "text": "\u201c@PzFeed: BREAKING NEWS: CANADIAN OFFICIALS NOW CALLING TODAY'S PARLIAMENT SHOOTING A TERRORIST ATTACK - http://t.co/azE7eL2dW4 Prayers f US", "type": "direct_reply"}, {"index": 32, "attribution": 0.1686839908361435, "tweet_id": 524962007133745152, "text": "@PzFeed I'm not terrified. @souljourner14", "type": "direct_reply"}, {"index": 28, "attribution": 0.1685895174741745, "tweet_id": 525015730736336896, "text": "@Shemp_358 @FaithGoldy @PzFeed Acts of terrorism. If 250 mil jihadists wanted us gone we'd be in a full blown shooting war, we're not.", "type": "lower_reply"}, {"index": 22, "attribution": 0.15398500859737396, "tweet_id": 525017408520847360, "text": "@AHMagazine @FaithGoldy @PzFeed The US asked us to go not as a sign of solidarity.  They asked us because they know they can count on us.", "type": "lower_reply"}, {"index": 27, "attribution": 0.15093587338924408, "tweet_id": 524953975649759232, "text": "\u201c@PzFeed: BREAKING NEWS: CANADIAN OFFICIALS NOW CALLING TODAY'S PARLIAMENT SHOOTING A TERRORIST ATTACK - http://t.co/2NRoBHlIsb\u201d CANADA!?", "type": "direct_reply"}, {"index": 30, "attribution": 0.13957928121089935, "tweet_id": 525015024977584128, "text": "@AHMagazine @FaithGoldy @PzFeed what world do you live in?  The USS Cole, Kenyan Embassy, Spanish Train Station, London Bus, etc etc etc", "type": "lower_reply"}, {"index": 20, "attribution": 0.11000000685453415, "tweet_id": 524956907166240769, "text": "@PzFeed @MACKisTBE @KeaunKaz", "type": "direct_reply"}, {"index": 11, "attribution": 0.09511342644691467, "tweet_id": 524996795743870977, "text": "CANADA PARLIAMENT SHOOTING:\n- Situation ongoing\n- 1 soldier dead\n- 1 suspect dead\n- No suspect in custody\n- 3 injured\nhttp://t.co/lXFiYaVImZ", "type": "direct_reply"}, {"index": 3, "attribution": 0.038246337324380875, "tweet_id": 525017993559179265, "text": "@AHMagazine @FaithGoldy @PzFeed they make no distinction between  Americans, Brits, French, Canadians.  They hate us all equally.  Wake Up", "type": "lower_reply"}, {"index": 31, "attribution": 0.022174419835209846, "tweet_id": 524956299734573056, "text": "@EasternOar @FaithGoldy @PzFeed  Remember when Justin told the press that the Boston Bombers were just misunderstood? What will he say now?", "type": "lower_reply"}, {"index": 1, "attribution": -0.01970958523452282, "tweet_id": 524955428539883521, "text": "RT \u201c@PzFeed: BREAKING NEWS: CANADIAN OFFICIALS NOW CALLING TODAY'S PARLIAMENT SHOOTING A TERRORIST ATTACK - http://t.co/jBMdvgfZy8\u201d", "type": "direct_reply"}, {"index": 24, "attribution": -0.020565379410982132, "tweet_id": 524955094458978304, "text": "@FaithGoldy @PzFeed Remember when the media \"Consortium\" City, CTV, CBC, Global etc. mocked Harper when he would speak about Terror Threats?", "type": "lower_reply"}, {"index": 23, "attribution": -0.05458628758788109, "tweet_id": 525013233787473920, "text": "@AHMagazine @FaithGoldy @PzFeed before I begin with that you have to acknowledge certain statements of fact.", "type": "lower_reply"}, {"index": 12, "attribution": -0.07541144639253616, "tweet_id": 524959853379215360, "text": "@mistervermin @FaithGoldy @PzFeed This just in. The Liberal Party and the Left Media Consortium have confirmed that Omar Khadr is unharmed.", "type": "lower_reply"}, {"index": 8, "attribution": -0.09155289083719254, "tweet_id": 525016906206822400, "text": "@AHMagazine @FaithGoldy @PzFeed 10 years in Afghanistan, Libya, now Iraq, isn't a shooting war?  Terrorism is their chief weapon.", "type": "lower_reply"}, {"index": 25, "attribution": -0.09269646555185318, "tweet_id": 524957999459082241, "text": "\u201c@PzFeed: Ag briseadh. Ionsa\u00ed ar Cheanada le gunna\u00ed san rialtas http://t.co/pkitfwsWRA\u201d", "type": "direct_reply"}, {"index": 18, "attribution": -0.11167893558740616, "tweet_id": 524958267509080064, "text": "@FaithGoldy @PzFeed Do you suppose this will wake up the Liberal &amp; Ndp naysayers? I have my doubt, they will blame CA joining coalition now!", "type": "lower_reply"}, {"index": 7, "attribution": -0.12180361896753311, "tweet_id": 524955539839533056, "text": "@PzFeed no somthings off on that..", "type": "direct_reply"}, {"index": 33, "attribution": -0.19980742037296295, "tweet_id": 524997419667582976, "text": "Neslo @PzFeed", "type": "lower_reply"}, {"index": 14, "attribution": -0.3260069191455841, "tweet_id": 524971420254601216, "text": "@FaithGoldy @PzFeed http://t.co/iwFqsqVY2n", "type": "lower_reply"}, {"index": 4, "attribution": -0.3260703384876251, "tweet_id": 525014364559245312, "text": "@Shemp_358 @FaithGoldy @PzFeed Not good enough. Saying something is a fact doesn't make it so. Back up your claims or not.", "type": "lower_reply"}, {"index": 19, "attribution": -0.4356718361377716, "tweet_id": 524954407465914369, "text": "@FaithGoldy No shit, Sherlock. @PzFeed", "type": "lower_reply"}, {"index": 15, "attribution": -0.49093303084373474, "tweet_id": 525017517551783936, "text": "@AHMagazine @FaithGoldy @PzFeed They aren't insurgents.  They're the army of the Kalifah.  Just asks them", "type": "lower_reply"}]}