{"thread_id": "524949021744713728", "gold_label": 1, "predicted_label": 0, "tweet_attributions": [{"index": 0, "attribution": 0.309081107378006, "tweet_id": 524949021744713728, "text": "Ottawa Police report a third shooting incident at the Rideau Centre. No word on injuries.", "type": "source"}, {"index": 3, "attribution": 0.003187953494489193, "tweet_id": 524950484868943873, "text": "\u201c@CFRAOttawa: Ottawa Police report a third shooting incident at the Rideau Centre. No word on injuries.\u201dOMGG", "type": "direct_reply"}, {"index": 2, "attribution": -0.008429279550909996, "tweet_id": 524950274474266624, "text": "\u201c@CFRAOttawa: Ottawa Police report a third shooting incident at the Rideau Centre. No word on injuries.\u201d\ud83d\ude14\ud83d\ude14", "type": "direct_reply"}, {"index": 4, "attribution": -0.016703534871339798, "tweet_id": 524951140086325248, "text": "\u201c@CFRAOttawa: Ottawa Police report a third shooting incident at the Rideau Centre. No word on injuries.\u201d Holy fuck", "type": "direct_reply"}, {"index": 1, "attribution": -0.02484080381691456, "tweet_id": 524949575820668928, "text": "\u201c@CFRAOttawa: Ottawa Police report a third shooting incident at the Rideau Centre. No word on injuries.\u201d Next door. I'm not moving.", "type": "direct_reply"}]}