{"thread_id": "524952341561491459", "gold_label": 0, "predicted_label": 2, "tweet_attributions": [{"index": 10, "attribution": 4.4515380859375, "tweet_id": 524955496973746177, "text": "@ADWAyAM @RT_com These militants are worse than animals", "type": "lower_reply"}, {"index": 9, "attribution": 2.4501874446868896, "tweet_id": 524954620020285441, "text": "@YuddhishthirS @RT_com shame on these guys. CANADA is among top most country where people r peace n fun loving. Get of the land u dirty guys", "type": "lower_reply"}, {"index": 12, "attribution": 1.7938666343688965, "tweet_id": 524955819180167169, "text": "@YuddhishthirS @RT_com you are ridiculing animals. Animals are faithful creatures.", "type": "lower_reply"}, {"index": 8, "attribution": 1.0364760160446167, "tweet_id": 524953983387828224, "text": "\"@RT_com: #OTTAWA FOOTAGE: Video captures moment shots fired in Canadian Parliament http://t.co/qArIR1sudS http://t.co/gema5yAbAA\"", "type": "direct_reply"}, {"index": 1, "attribution": 0.4515508711338043, "tweet_id": 524956614319566849, "text": "@ADWAyAM  You are right. Even animals are ashamed of them. Bloody bloodsucking devils", "type": "lower_reply"}, {"index": 5, "attribution": 0.4114580452442169, "tweet_id": 524955117616103424, "text": "@wortonLOVESGAZA @RT_com Naw it was just that fat assed police womin at the rear farting.", "type": "lower_reply"}, {"index": 6, "attribution": 0.10943127423524857, "tweet_id": 524959326914752512, "text": "\u201c@RT_com: #OTTAWA FOOTAGE: Video captures moment shots fired in Canadian Parliament http://t.co/GOLXIFkYaE http://t.co/KJS5XwT2Ui\u201d", "type": "direct_reply"}, {"index": 3, "attribution": 0.08570051938295364, "tweet_id": 524954109343178752, "text": "@RT_com what goes around usually comes around, sad though! I blame dumb twit @pmharper !! @georgegalloway", "type": "direct_reply"}, {"index": 7, "attribution": -0.23726443946361542, "tweet_id": 524953311506857984, "text": "@RT_com did a bomb go off!!   violent shaking on the footage", "type": "direct_reply"}, {"index": 2, "attribution": -0.4329572021961212, "tweet_id": 524954909448613890, "text": "@RT_com Pretty cool vid but I couldnt help LoL'in at the fat assed police womin waddling along tryin to look useful.", "type": "direct_reply"}, {"index": 0, "attribution": -0.6733502745628357, "tweet_id": 524952341561491459, "text": "#OTTAWA FOOTAGE: Video captures moment shots fired in Canadian Parliament http://t.co/Zp9AKplH9p http://t.co/CkAO04v5gm", "type": "source"}, {"index": 4, "attribution": -0.7205591797828674, "tweet_id": 524967094409261058, "text": "@RT_com In the U.S. this can't ever happen. Our legislators never show up for work. Too busy being prostitutes for their campaigns to work.", "type": "direct_reply"}, {"index": 11, "attribution": -0.7217617630958557, "tweet_id": 524952827131461632, "text": "\u201c@RT_com: #OTTAWA FOOTAGE: Video captures moment shots fired in Canadian Parliament http://t.co/rQ1Dmykfza http://t.co/dsqAGTzk8N\u201d\n\nCrazy.", "type": "direct_reply"}]}