{"thread_id": "524933380929245184", "gold_label": 0, "predicted_label": 2, "tweet_attributions": [{"index": 10, "attribution": 4.156592845916748, "tweet_id": 524961798290960386, "text": "@stephiloo @CTVNews no one WANTS guards lol however they way the world is now and only to get worse, WE NEED THEM!!!! unfortunately!!!!", "type": "lower_reply"}, {"index": 14, "attribution": 2.6580264568328857, "tweet_id": 524956407511400448, "text": "@mercedes8118 @CTVNews the U.S. has terrible gun laws &amp; even worse healthcare/support for the mentally ill. I'd rather not REQUIRE guards.", "type": "lower_reply"}, {"index": 9, "attribution": 1.225580096244812, "tweet_id": 524945893867659264, "text": "\u201c@CTVNews: DEVELOPING story: Shots fired on Parliament Hill, soldier shot at War Memorial http://t.co/sPgr6sVIMZ\" What is wrong with people", "type": "direct_reply"}, {"index": 19, "attribution": 1.0011481046676636, "tweet_id": 524964298733666304, "text": "@mercedes8118 @CTVNews White House needs them more though. Im proud to be from a country that doesn't discuss weapons in the national anthem", "type": "lower_reply"}, {"index": 5, "attribution": 0.7015580534934998, "tweet_id": 524939464385495040, "text": "\u201c@CTVNews: DEVELOPING story: Shots fired on Parliament Hill, soldier shotWar Memorial http://t.co/gyqtRC6fZ4 #Ottawa #WTF", "type": "direct_reply"}, {"index": 11, "attribution": 0.433961421251297, "tweet_id": 524934308700893184, "text": "@CTVNews And people have a problem with Canada being involved with air strikes against ISIS. Ridiculous!!!!", "type": "direct_reply"}, {"index": 18, "attribution": 0.42822444438934326, "tweet_id": 524966820785430529, "text": "@stephiloo @CTVNews lol I agree \ud83d\ude0a\ud83d\udc4d however with ALL that is happining that our Country as well as Theirs is involved with, WE NEED GUARDS!", "type": "lower_reply"}, {"index": 7, "attribution": 0.4192255437374115, "tweet_id": 524937409344307201, "text": "@CTVNews @CTVCalgary #praying", "type": "direct_reply"}, {"index": 6, "attribution": 0.3219415545463562, "tweet_id": 524935881925603328, "text": "@CTVNews @CortneywithnoU What possesses people to do this sh\u2026?", "type": "direct_reply"}, {"index": 15, "attribution": 0.26417824625968933, "tweet_id": 524934579908784128, "text": "@CTVNews WHY ARE U NOT CARRYING LIVE ON CFTO TORONTO!!????", "type": "direct_reply"}, {"index": 17, "attribution": 0.25733181834220886, "tweet_id": 524934355383500800, "text": "RT \u201c@CTVNews: Shots fired on Parliament Hill, soldier shot at War Memorial http://t.co/FpeMzJjqvU #Ottawa http://t.co/MwNve4PZi0\u201d", "type": "direct_reply"}, {"index": 23, "attribution": 0.19893985986709595, "tweet_id": 524943091820945408, "text": "@mercedes8118 @CTVNews Some guy walked into the white house a few weeks ago", "type": "lower_reply"}, {"index": 21, "attribution": 0.10807646065950394, "tweet_id": 524948156132655105, "text": "@GodlessDino @CTVNews @MissVioletVega how is this fear mongering if it's actually happening you nitwit?", "type": "lower_reply"}, {"index": 3, "attribution": 0.06428392231464386, "tweet_id": 524946983757557760, "text": "@RyanRente @CTVNews yaand made it just passed front door and was caught lol these guys shot30 times and are STILLat large henseNOT GUARDED !", "type": "lower_reply"}, {"index": 22, "attribution": -0.039684537798166275, "tweet_id": 524939840375521280, "text": "@AmeetRules @CTVNews ya auto correct lol regardless you can't just walk into the White House should be same way here Period!", "type": "lower_reply"}, {"index": 16, "attribution": -0.07657705992460251, "tweet_id": 524948213028388865, "text": "@liteyourlife @CTVNews @CortneywithnoU Islam", "type": "lower_reply"}, {"index": 8, "attribution": -0.09986723214387894, "tweet_id": 524941477341036546, "text": "\u201c@CTVNews: Shots fired on Parliament Hill, soldier shot at War Memorial http://t.co/AKDrKpNHCF #Ottawa http://t.co/2JjaFsYeYq\u201d goodluck", "type": "direct_reply"}, {"index": 20, "attribution": -0.10332440584897995, "tweet_id": 524937725661962240, "text": "@mercedes8118 @CTVNews garded?", "type": "lower_reply"}, {"index": 13, "attribution": -0.24592305719852448, "tweet_id": 524934572497436672, "text": "\u201c@CTVNews: DEVELOPING story: Shots fired on Parliament Hill, soldier shot  http://t.co/3oNT7zB1OT #Ottawa http://t.co/VDKVy8Do0J\u201d holy crap", "type": "direct_reply"}, {"index": 4, "attribution": -0.2893734276294708, "tweet_id": 524935422045327360, "text": "@CTVNews @MissVioletVega and let the fear mongering BEGIN!!", "type": "direct_reply"}, {"index": 2, "attribution": -0.39060178399086, "tweet_id": 524933921788923905, "text": "@CTVNews give me a  break Parlement Hill is NOT protected at all, stop the lies lol White House is GARDED and so should be PARLEMENT Hill !", "type": "direct_reply"}, {"index": 12, "attribution": -0.5368353128433228, "tweet_id": 524937077624803330, "text": "@cdnmickeyfan @CTVNews Not anymore.", "type": "lower_reply"}, {"index": 1, "attribution": -0.614799439907074, "tweet_id": 524938325493166080, "text": "@CTVNews @TSNBobMcKenzie one of those days where I wish there was a dislike button.", "type": "direct_reply"}, {"index": 0, "attribution": -0.6343308091163635, "tweet_id": 524933380929245184, "text": "DEVELOPING story: Shots fired on Parliament Hill, soldier shot at War Memorial http://t.co/5fZ7wO6Gm4 #Ottawa http://t.co/Jb1pi3IysA", "type": "source"}]}