{"thread_id": "524946921547628545", "gold_label": 0, "predicted_label": 2, "tweet_attributions": [{"index": 4, "attribution": 2.2653212547302246, "tweet_id": 524953318846918657, "text": "@KraftyWurker @nytimes still are the great white North.  Our diversity makes our stronger.", "type": "lower_reply"}, {"index": 11, "attribution": 1.6716536283493042, "tweet_id": 524953927469768704, "text": "@Richard_Jacobs Tell that to your #Rabbi. #kosher  @nytimes", "type": "lower_reply"}, {"index": 1, "attribution": 1.4253863096237183, "tweet_id": 524952841602215936, "text": "@KraftyWurker @nytimes Beautifully thank you very much.  Our diversity and resiliency will help us overcome this.", "type": "lower_reply"}, {"index": 8, "attribution": 1.3671822547912598, "tweet_id": 524953135312551936, "text": "@Richard_Jacobs @nytimes Do you remember when #Canada was White. The Great White North. Before #immigration #diversity? #Canuckistan", "type": "lower_reply"}, {"index": 17, "attribution": 0.8936081528663635, "tweet_id": 524955369781870592, "text": "@KraftyWurker @nytimes Canada was white? like, the land? trees? flag? sorry, don't follow...", "type": "lower_reply"}, {"index": 7, "attribution": 0.8601729869842529, "tweet_id": 524955031309922304, "text": "@dacksworth @nytimes Do you remember when #Canada was White. The Great White North. Before #immigration #diversity? #Canuckistan", "type": "lower_reply"}, {"index": 27, "attribution": 0.7420081496238708, "tweet_id": 524956823615725568, "text": "@dacksworth @nytimes Yep, before immigration-diversity has browned and paganized #Canada and its thinking.", "type": "lower_reply"}, {"index": 24, "attribution": 0.47686728835105896, "tweet_id": 524954520544362496, "text": "@KraftyWurker @nytimes it's working great.", "type": "lower_reply"}, {"index": 25, "attribution": 0.34638074040412903, "tweet_id": 524954162388549632, "text": "@KraftyWurker @nytimes I'm not Jewish but if I manage to find one I will relay the message.", "type": "lower_reply"}, {"index": 9, "attribution": 0.26792290806770325, "tweet_id": 524947415166492672, "text": "You may want to confirm this, @nytimes.", "type": "direct_reply"}, {"index": 26, "attribution": 0.23473404347896576, "tweet_id": 524948377495425027, "text": "@nytimes You seem to be the only outlet saying this, pls make sure you're corrwct #OttawaShooting", "type": "direct_reply"}, {"index": 23, "attribution": 0.22162525355815887, "tweet_id": 524947426793111552, "text": "\u30ab\u30ca\u30c0\u3001\u30aa\u30bf\u30ef\u306e\u8b70\u4f1a\u9283\u6483\u4e8b\u4ef6\u3001\u30ab\u30ca\u30c0\u8ecd\u5175\u58eb1\u4eba\u6b7b\u4ea1\u3002@nytimes Canadian soldier killed in attack at Parliament Hill in Ottawa http://t.co/GbHELPEQIs", "type": "direct_reply"}, {"index": 6, "attribution": 0.2202310413122177, "tweet_id": 524949223608184832, "text": "@nytimes You're the only ones saying the soldier has died, what is your source? Can't find it in the article.", "type": "direct_reply"}, {"index": 2, "attribution": 0.1966601014137268, "tweet_id": 524948318288244736, "text": ".@nytimes No local confirmation that shot soldier has died. One gunman reported dead, shot inside Cdn Parliament. Search for other shooters.", "type": "direct_reply"}, {"index": 18, "attribution": 0.1925177425146103, "tweet_id": 524949965773475840, "text": "@nytimes @oord_van  Havent heard any confirmation of that", "type": "direct_reply"}, {"index": 0, "attribution": 0.1428193897008896, "tweet_id": 524946921547628545, "text": "Updated: Canadian soldier killed in attack at Parliament Hill in Ottawa http://t.co/tMfDn2GAbh", "type": "source"}, {"index": 15, "attribution": 0.13843108713626862, "tweet_id": 524949999894163457, "text": "@meredithmartin @nytimes", "type": "lower_reply"}, {"index": 20, "attribution": 0.13010060787200928, "tweet_id": 524947515083210752, "text": "@nytimes http://t.co/q7haREBU1h", "type": "direct_reply"}, {"index": 28, "attribution": 0.11517883092164993, "tweet_id": 524954860882780161, "text": "@Richard_Jacobs Yeah, sure and go have a pork sandwich...@nytimes", "type": "lower_reply"}, {"index": 16, "attribution": -0.002350501948967576, "tweet_id": 524947625582530560, "text": "Oh no. RT @kyjl89 \ud83d\ude25 RT @nytimes: Updated: Canadian soldier killed in attack at Parliament Hill in Ottawa http://t.co/RhcZ8adXC2", "type": "lower_reply"}, {"index": 29, "attribution": -0.03380575031042099, "tweet_id": 524953243613679616, "text": "@nytimes Please stop spreading misinformation. The soldier was shot and taken to hospital ALIVE.", "type": "direct_reply"}, {"index": 13, "attribution": -0.05454403534531593, "tweet_id": 524947462432489472, "text": "Killed?? \"@nytimes: Updated: Canadian soldier killed in attack at Parliament Hill in Ottawa http://t.co/Dvvto0cqPo\u201d", "type": "direct_reply"}, {"index": 10, "attribution": -0.15014813840389252, "tweet_id": 524947451648942081, "text": "\ud83d\ude25 RT @nytimes: Updated: Canadian soldier killed in attack at Parliament Hill in Ottawa http://t.co/lgF4KEbzv0", "type": "direct_reply"}, {"index": 22, "attribution": -0.1847102791070938, "tweet_id": 524949815524737024, "text": "\u201c@nytimes: Updated: Canadian soldier killed in attack at Parliament Hill in Ottawa http://t.co/yiaYHP2LFR\u201d", "type": "direct_reply"}, {"index": 3, "attribution": -0.24087734520435333, "tweet_id": 524947276259946496, "text": "@nytimes Big Trouble in Canuckistan, how's that #diversity #immigration working out for you up there in #Canada?", "type": "direct_reply"}, {"index": 5, "attribution": -0.29131266474723816, "tweet_id": 524957553969868800, "text": "@KraftyWurker @nytimes before Upper/Lower Canada, this place was plenty brown. But, whatever, good job being a piece of shit.", "type": "lower_reply"}, {"index": 21, "attribution": -0.3006644546985626, "tweet_id": 524947504136466432, "text": "\u201c@nytimes: Updated: Canadian soldier killed in attack at Parliament Hill in Ottawa http://t.co/m6lMtJIUGN\u201d", "type": "direct_reply"}, {"index": 14, "attribution": -0.3959789276123047, "tweet_id": 524947141819899904, "text": "@nytimes this is not confirmed.  Shot yes, killed?", "type": "direct_reply"}, {"index": 19, "attribution": -0.4119701385498047, "tweet_id": 524951609827397632, "text": "@ayrporte @nytimes I know...find this interesting", "type": "lower_reply"}, {"index": 12, "attribution": -0.5644045472145081, "tweet_id": 524954579247853568, "text": "@oord_van @nytimes CTV Reporting soldier who was gunned down at the War Memorial is ALIVE. Thank God. Good news.", "type": "lower_reply"}]}