{"thread_id": "524961721744900097", "gold_label": 0, "predicted_label": 2, "tweet_attributions": [{"index": 13, "attribution": 3.127697229385376, "tweet_id": 524965802647519232, "text": "@TundraGlobal @2010redmittens @CBCAlerts Just announced that the soldier has succumbed to his injuries.", "type": "lower_reply"}, {"index": 3, "attribution": 2.232069492340088, "tweet_id": 524965639677825024, "text": "@FletJan @2010redmittens @CBCAlerts Thank you for the update.", "type": "lower_reply"}, {"index": 20, "attribution": 1.7831531763076782, "tweet_id": 524974145583345665, "text": "@nikkivancouver @CBCAlerts ive only hears several times he was shot dead. But would be wonderful if they are wrong", "type": "lower_reply"}, {"index": 22, "attribution": 1.5387502908706665, "tweet_id": 524966142654578688, "text": "@FletJan @2010redmittens @CBCAlerts May he rest in peace.\n\nSad. No other words. Just sad.", "type": "lower_reply"}, {"index": 2, "attribution": 1.167435884475708, "tweet_id": 525178631208075264, "text": "@Curlyloxxx @CBCAlerts At the time I posted Cpl Cirillo was alive. Unfortunately we know now he passed away. I, as many, am heartbroken.", "type": "lower_reply"}, {"index": 23, "attribution": 0.984213650226593, "tweet_id": 524962458864476161, "text": "@CBCAlerts and is alive, per latest update.", "type": "direct_reply"}, {"index": 12, "attribution": 0.5327211618423462, "tweet_id": 524967314262081536, "text": "@CBCAlerts @CBCTheNational according to reports on Twitter the soldier has passed away", "type": "direct_reply"}, {"index": 1, "attribution": 0.41449877619743347, "tweet_id": 524965748268343296, "text": "\u201c@CBCAlerts: Canadian soldier shot at #Ottawa's War Memorial is a reservist serving w/ Argyll and Sutherland Highlanders in #Hamilton, Ont.\u201d", "type": "direct_reply"}, {"index": 9, "attribution": 0.3857375383377075, "tweet_id": 524962305571033089, "text": "@CBCAlerts @stephenlautens He is one of yours!", "type": "direct_reply"}, {"index": 0, "attribution": 0.23406456410884857, "tweet_id": 524961721744900097, "text": "Canadian soldier who was shot at #Ottawa's War Memorial is a reservist serving with the Argyll and Sutherland Highlanders in #Hamilton, Ont.", "type": "source"}, {"index": 5, "attribution": 0.2141253799200058, "tweet_id": 524965242691141632, "text": "@2010redmittens @TundraGlobal @CBCAlerts The soldier is a member of the Argyle &amp; Sutherland Highlanders from Hamilton.  No word yet.", "type": "lower_reply"}, {"index": 8, "attribution": 0.21021796762943268, "tweet_id": 524973909930569728, "text": "@JakeWideman @CBCAlerts @ArponBasu apparently he has been shot dead :-(", "type": "lower_reply"}, {"index": 16, "attribution": 0.17964698374271393, "tweet_id": 524962533472731137, "text": "@CBCAlerts @CBCTheNational NationalPost reported him as deceased but I hope they are wrong.", "type": "direct_reply"}, {"index": 18, "attribution": 0.08384350687265396, "tweet_id": 524962763362144256, "text": "@CBCAlerts pls tell us how our soldier is doing? Please tell us he will be allright. #cdnpoli #ottawa", "type": "direct_reply"}, {"index": 17, "attribution": 0.03280645236372948, "tweet_id": 524962170166317056, "text": "@CBCAlerts my thoughts and prayers and with him and his family", "type": "direct_reply"}, {"index": 10, "attribution": -0.020731093361973763, "tweet_id": 524963431821377537, "text": "MT \u201c@CBCAlerts: soldier who was shot at #Ottawa's War Memorial is a reservist serving with the Argyll and Sutherland Highlanders in #HamOnt\u201d", "type": "direct_reply"}, {"index": 14, "attribution": -0.06821382790803909, "tweet_id": 524963597454438400, "text": "@CBCAlerts @Y108Rocks jesus", "type": "direct_reply"}, {"index": 6, "attribution": -0.247966006398201, "tweet_id": 524968554131898368, "text": "@TundraGlobal @FletJan @CBCAlerts Leslie on Global just retracted tht! Soldier is still alive! Jason kenny twt misunderstanding of some sort", "type": "lower_reply"}, {"index": 15, "attribution": -0.27676746249198914, "tweet_id": 524969490149560321, "text": "@2010redmittens @UncleRee1 @TundraGlobal @FletJan @CBCAlerts \nWhy are we paying attention to anything Kenney has to say?Is he the Deputy PM?", "type": "lower_reply"}, {"index": 7, "attribution": -0.35212424397468567, "tweet_id": 524964096886599681, "text": "@CBCAlerts has his family been notified?", "type": "direct_reply"}, {"index": 21, "attribution": -0.35280898213386536, "tweet_id": 524963568534700032, "text": "@CBCAlerts @CBCNews Hope he is going to be OK.", "type": "direct_reply"}, {"index": 4, "attribution": -0.3584052622318268, "tweet_id": 524962161026924544, "text": "@CBCAlerts @ArponBasu Is he ok? American news sources say he was killed but I have not seen any Canadian reports indicating his condition.", "type": "direct_reply"}, {"index": 11, "attribution": -0.5310159921646118, "tweet_id": 524967988114755584, "text": "@CBCAlerts @kshaidle Jason Kenney said deceased. RIP  dear soldier.", "type": "direct_reply"}, {"index": 19, "attribution": -1.1453760862350464, "tweet_id": 525244532929994752, "text": "@nikkivancouver @CBCAlerts  it is so incredibly sad. I have a son named Nathan around  the same age. My heart goes out to his family.", "type": "lower_reply"}]}