{"thread_id": "524952437137092608", "gold_label": 0, "predicted_label": 0, "tweet_attributions": [{"index": 3, "attribution": 0.09074033051729202, "tweet_id": 524952538500845568, "text": "@cnnbrk two soldiers?!", "type": "direct_reply"}, {"index": 12, "attribution": 0.084287129342556, "tweet_id": 524953508626587648, "text": "@DonnieWahlberg \u201c@cnnbrk: Witness tells CNN gunman shot one of two soldiers standing guard at war memorial in Ottawa.\"", "type": "direct_reply"}, {"index": 17, "attribution": 0.0600137822329998, "tweet_id": 524954301652033536, "text": "@cnnbrk Coordinated Terrorist attack being investigated in Canada", "type": "direct_reply"}, {"index": 6, "attribution": 0.044025227427482605, "tweet_id": 524953300110553088, "text": "@cnnbrk hitler went after the wrong religion", "type": "direct_reply"}, {"index": 16, "attribution": 0.03526813164353371, "tweet_id": 524953406822027264, "text": "@cnnbrk AGENDA IS ON. THEY COMING IN FOR GLOBAL TAKEOVER..Democrat/Rino allowing. http://t.co/b6ABbyFlBy", "type": "direct_reply"}, {"index": 15, "attribution": 0.03338724747300148, "tweet_id": 524953176026664960, "text": "@cnnbrk Islamic terrorism, what a surprise", "type": "direct_reply"}, {"index": 10, "attribution": 0.03192007914185524, "tweet_id": 524952593450401793, "text": "@cnnbrk \u0647\u0647\u0647\u0647\u0647 \u0634\u0648\u0641 \u0627\u0644\u0648\u0644\u064a\u062f \u0628\u0646 \u0637\u0644\u0627\u0644 \u0645\u064a\u0646 \u0645\u062a\u0627\u0628\u0639 \u061f @Question_arab", "type": "direct_reply"}, {"index": 7, "attribution": 0.027186842635273933, "tweet_id": 524952604368199682, "text": "@cnnbrk \u0639\u0646\u0635\u0631\u064a\u0647 \u0648\u0644\u064a\u062f \u0627\u0644\u0641\u0631\u0627\u062c \u064a\u062a\u0627\u0628\u0639 \u0630\u0627 \u0627\u0644\u062d\u0633\u0627\u0628 \u061f @Question_arab", "type": "direct_reply"}, {"index": 19, "attribution": 0.02339533157646656, "tweet_id": 524952765014224896, "text": "@lueth_visuals @cnnbrk Canadian soldiers.", "type": "lower_reply"}, {"index": 11, "attribution": 0.009395048953592777, "tweet_id": 524952623238365184, "text": "@cnnbrk why would CNN have gunmen?", "type": "direct_reply"}, {"index": 9, "attribution": 0.0037516357842832804, "tweet_id": 524953458211053568, "text": "@cnnbrk @dish Too bad can't see CNN on my tv. \ud83d\udc4e\ud83d\udcfa\ud83d\udcfa\ud83d\udcfa\ud83d\udcfa", "type": "direct_reply"}, {"index": 2, "attribution": 0.002061734441667795, "tweet_id": 524953022477402112, "text": "@cnnbrk fuck you ISIS and you coward terrorist pricks", "type": "direct_reply"}, {"index": 5, "attribution": -0.0005065792938694358, "tweet_id": 524954191312478209, "text": "@cnnbrk Witness tells CNN gunman shot one of 2 soldiers standing guard at war memorial in Ottawa:GET aresponse from @SenTedCruz CalgaryCruz", "type": "direct_reply"}, {"index": 14, "attribution": -0.0029440680518746376, "tweet_id": 524954387903676417, "text": "@cnnbrk there's numerous cops with all type of weapons and scare to go in", "type": "direct_reply"}, {"index": 8, "attribution": -0.004235848784446716, "tweet_id": 524952595660824577, "text": "@cnnbrk \u0627\u0646\u062a \u062c\u0627\u0647\u0644 \u061f \u062a\u0628\u064a \u062a\u0635\u064a\u0631 \u0645\u062b\u0642\u0641 \u061f \u062a\u0639\u0627\u0644 \u0647\u0646\u0627 @Question_arab", "type": "direct_reply"}, {"index": 1, "attribution": -0.01001028623431921, "tweet_id": 524952530393243648, "text": "\u201c@cnnbrk: Witness tells CNN gunman shot one of two soldiers standing guard at war memorial in #Ottawa. Live blog: http://t.co/a7s22kTVOa\u201d", "type": "direct_reply"}, {"index": 13, "attribution": -0.010610739700496197, "tweet_id": 524952987475931136, "text": "@cnnbrk Wtf 2 soilders\ud83d\ude21\ud83d\ude21", "type": "direct_reply"}, {"index": 18, "attribution": -0.014009742997586727, "tweet_id": 524952832534122496, "text": "@cnnbrk \u0627\u0642\u0648\u0644\u0643 \u062e\u0644\u064a \u0639\u0646\u0643 \u0628\u0633 @Question_arab", "type": "direct_reply"}, {"index": 4, "attribution": -0.03329143673181534, "tweet_id": 524953932653948928, "text": "@cnnbrk I read that as CNN had their own gunman...", "type": "direct_reply"}, {"index": 0, "attribution": -0.06475507467985153, "tweet_id": 524952437137092608, "text": "Witness tells CNN gunman shot one of two soldiers standing guard at war memorial in Ottawa. Live blog: http://t.co/q98AMohu7T", "type": "source"}]}