{"thread_id": "524925124303396864", "gold_label": 0, "predicted_label": 2, "tweet_attributions": [{"index": 19, "attribution": 2.0235745906829834, "tweet_id": 524930246202916864, "text": "I'm sorry. Makes y'all sitting ducks. @CDNGunner00 @CBCAlerts", "type": "lower_reply"}, {"index": 16, "attribution": 1.6043275594711304, "tweet_id": 524930434611044352, "text": "@UmassAlum28 @CBCAlerts we have our ways mate, if you know what I mean", "type": "lower_reply"}, {"index": 13, "attribution": 1.427385926246643, "tweet_id": 524927755398680577, "text": "Y'all need to keep your head on a swivel. Are u allowed to carry? @CDNGunner00 @CBCAlerts", "type": "lower_reply"}, {"index": 25, "attribution": 1.228641390800476, "tweet_id": 524925462586617856, "text": "Military in America pls take note. This is coming here. @CBCAlerts", "type": "direct_reply"}, {"index": 3, "attribution": 1.2245090007781982, "tweet_id": 524928789110087681, "text": "@UmassAlum28 @CBCAlerts hahaha no that's too dangerous apparently. What a crock of shit it is", "type": "lower_reply"}, {"index": 23, "attribution": 0.7749175429344177, "tweet_id": 524925668199759872, "text": "@UmassAlum28 @CBCAlerts this is the fucking second attack on our soldiers here in 3 days. I'm livid.", "type": "lower_reply"}, {"index": 10, "attribution": 0.42948010563850403, "tweet_id": 524933644495118336, "text": "\ud83d\udc4d\ud83d\udc4d Stay safe! @CDNGunner00 @CBCAlerts", "type": "lower_reply"}, {"index": 21, "attribution": 0.3034830391407013, "tweet_id": 524937735555915776, "text": "@UmassAlum28 @CBCAlerts RIIIGHT?! A woman with her own mind......we r a dying breed. You're welcome \ud83d\ude09", "type": "lower_reply"}, {"index": 1, "attribution": 0.29035326838493347, "tweet_id": 524931391856074752, "text": "@NATOCanada @CBCAlerts  #NorthAtlanticTerroristOrganization #Gladio #BolognaMassacre #Oktoberfestattentat #NATOFascism", "type": "lower_reply"}, {"index": 11, "attribution": 0.2825060188770294, "tweet_id": 524927808519548928, "text": "Scroll up. @kassandra_m @CBCAlerts", "type": "lower_reply"}, {"index": 14, "attribution": 0.23339395225048065, "tweet_id": 524925593016864768, "text": "!!!!! \u201c@CBCAlerts: Parliament Hill in lockdown after soldier shot at #Ottawa's War Memorial, just south of East Block.\u201d", "type": "direct_reply"}, {"index": 12, "attribution": 0.21613603830337524, "tweet_id": 524930565385240576, "text": "\u201c@CBCAlerts: Parliament Hill in lockdown after soldier shot at #Ottawa's War Memorial, just south of East Block.\u201d What the fuck", "type": "direct_reply"}, {"index": 5, "attribution": 0.20790670812129974, "tweet_id": 524925920227106816, "text": "?? @UmassAlum28 @CBCAlerts", "type": "lower_reply"}, {"index": 20, "attribution": 0.18230478465557098, "tweet_id": 524933829677830145, "text": "@UmassAlum28 @CBCAlerts roger that man", "type": "lower_reply"}, {"index": 4, "attribution": 0.11674930900335312, "tweet_id": 524930114694680576, "text": "Are you whining? @kassandra_m @CBCAlerts", "type": "lower_reply"}, {"index": 6, "attribution": 0.11158290505409241, "tweet_id": 524933898338578432, "text": "Pls be safe. @CDNGunner00 @CBCAlerts", "type": "lower_reply"}, {"index": 18, "attribution": 0.09715744107961655, "tweet_id": 524926897910988800, "text": "@CBCAlerts @doctorfullerton Is ISIS a threat here yet? #cdnpoli", "type": "direct_reply"}, {"index": 26, "attribution": 0.06798230856657028, "tweet_id": 524925742539210754, "text": "\u201c@CBCAlerts: Parliament Hill in lockdown after soldier shot at #Ottawa's War Memorial, just south of East Block.\u201d Whatttttt? Awful news.", "type": "direct_reply"}, {"index": 7, "attribution": 0.04475546255707741, "tweet_id": 524925595474726912, "text": "\u201c@CBCAlerts: Parliament Hill in lockdown after soldier shot at #Ottawa's War Memorial, just south of East Block.\u201d wtf", "type": "direct_reply"}, {"index": 22, "attribution": 0.030267834663391113, "tweet_id": 524928585669541888, "text": "LMAO. Look at my tweets. Another Canadian Soldier attacked in Canada. @kassandra_m @CBCAlerts", "type": "lower_reply"}, {"index": 17, "attribution": -0.0003807401517406106, "tweet_id": 524925671244853248, "text": "RT @CBCAlerts: Parliament Hill in lockdown after soldier shot at #Ottawa's War Memorial, just south of East Block.\u201d", "type": "direct_reply"}, {"index": 0, "attribution": -0.07095252722501755, "tweet_id": 524925124303396864, "text": "Parliament Hill in lockdown after soldier shot at #Ottawa's War Memorial, just south of East Block.", "type": "source"}, {"index": 2, "attribution": -0.1231529638171196, "tweet_id": 524938692172189696, "text": "Hold. I'm a Conservative. We prefer women with their own minds. U must be thinking Democrats. @Joanne_Alderson @CBCAlerts", "type": "lower_reply"}, {"index": 8, "attribution": -0.12666772305965424, "tweet_id": 524935674525270016, "text": "@UmassAlum28 @CBCAlerts  I may not agree with all your views, but you are bang on with this one #ProtectOurProtectors", "type": "lower_reply"}, {"index": 15, "attribution": -0.19116957485675812, "tweet_id": 524925337856405505, "text": "\u201c@CBCAlerts: Parliament Hill in lockdown after soldier shot at #Ottawa's War Memorial, just south of East Block.\u201d Horrible news.", "type": "direct_reply"}, {"index": 24, "attribution": -0.4207715690135956, "tweet_id": 524929455152975874, "text": "Parliament Hill in lockdown after soldier shot at #Ottawa's War Memorial, just south of East Block. Via @CBCAlerts", "type": "direct_reply"}, {"index": 9, "attribution": -0.439731240272522, "tweet_id": 524936990945730560, "text": "What!  You don't agree with ALL my views? Lol...joking. Thank You\ud83d\ude01 @Joanne_Alderson @CBCAlerts", "type": "lower_reply"}]}