{"thread_id": "524934381828603904", "gold_label": 0, "predicted_label": 2, "tweet_attributions": [{"index": 6, "attribution": 1.1281154155731201, "tweet_id": 524935663427543040, "text": "@cnnbrk and so it begins ISIS invades Our Peaceful country starting with the ones we let in", "type": "direct_reply"}, {"index": 3, "attribution": 0.47272971272468567, "tweet_id": 524934948122558464, "text": "@CutGovtSpending @cnnbrk oh puhleeez  one gun death for every couple of thousands in the us - and probably terrorist", "type": "lower_reply"}, {"index": 9, "attribution": 0.23982639610767365, "tweet_id": 524964132433698817, "text": "@ericabecks @cnnbrk do you really think that it's possible to stop everyone?", "type": "lower_reply"}, {"index": 2, "attribution": 0.11039256304502487, "tweet_id": 524935525661425664, "text": "OMG!!! I don't think of this kind of thing in Canada. RT @cnnbrk Canadian media: Gunman shot soldier at war memorial. http://t.co/FOhdzj2rof", "type": "direct_reply"}, {"index": 7, "attribution": 0.04791204258799553, "tweet_id": 524945476559183872, "text": "\u30ab\u30ca\u30c0\u306e\u30aa\u30bf\u30ef\u306e\u8b70\u4f1a\u5468\u8fba\u3001\u6226\u4e89\u8ffd\u60bc\u65bd\u8a2d\u3067\u9283\u6483\u3001\u5175\u58eb1\u4eba\u8ca0\u50b7\u3002@cnnbrk Canadian media: Gunman shot soldier at war memorial. http://t.co/fJ39PwvEtr", "type": "direct_reply"}, {"index": 5, "attribution": 0.04784216359257698, "tweet_id": 524963857572593664, "text": "@schwaid @CutGovtSpending @cnnbrk exactly. Safer there than here in the States by far.", "type": "lower_reply"}, {"index": 8, "attribution": -0.02300054021179676, "tweet_id": 524934810695774208, "text": "Non terrorism by definition @cnnbrk: Canadian media: Gunman shot soldier at war memorial. http://t.co/L5km1a7ui9\u201d", "type": "direct_reply"}, {"index": 4, "attribution": -0.17595045268535614, "tweet_id": 524935687339274240, "text": "\u201c@cnnbrk: Canadian media: Gunman shot soldier at war memorial. http://t.co/U1k0RqJuv0\u201d what", "type": "direct_reply"}, {"index": 1, "attribution": -0.23668603599071503, "tweet_id": 524934633176059904, "text": "@cnnbrk So Canada's strict gun control policies have failed again", "type": "direct_reply"}, {"index": 0, "attribution": -0.5316572785377502, "tweet_id": 524934381828603904, "text": "Canadian media: Gunman shot soldier at war memorial. http://t.co/zNhxK6wBoy", "type": "source"}]}