{"thread_id": "524929106987991040", "gold_label": 2, "predicted_label": 2, "tweet_attributions": [{"index": 1, "attribution": 0.8038931488990784, "tweet_id": 524937542593167361, "text": "\u201c@OttawaCitizen: BREAKING: Soldier shot at War Memorial in Ottawa, Hill on lockdown, shooter at large http://t.co/w3YhVYDb9A #ottnews\u201d &lt; wow", "type": "direct_reply"}, {"index": 2, "attribution": 0.075144924223423, "tweet_id": 524939489907855360, "text": "@projmgr trying to get coverage on this. @dish not providing CNN so have watch msnbc,", "type": "lower_reply"}, {"index": 7, "attribution": 0.0712202861905098, "tweet_id": 524929639203229696, "text": "Was a witness. So scary \u201c@OttawaCitizen: BREAKING: Soldier shot at War Memorial in Ottawa, Hill on lockdown http://t.co/QHw13UgbYl #ottnews\u201d", "type": "direct_reply"}, {"index": 8, "attribution": 0.06772966682910919, "tweet_id": 524996197116030976, "text": "\u201c@OttawaCitizen: BREAKING: Soldier shot at War Memorial in Ottawa, Hill on lockdown, shooter at large http://t.co/vARRHqnLnY #ottnews\u201d \ud83d\ude31\ud83d\ude30", "type": "direct_reply"}, {"index": 6, "attribution": 0.04527104273438454, "tweet_id": 524930012693409792, "text": "@OttawaCitizen devastating :( #staysafe", "type": "direct_reply"}, {"index": 3, "attribution": 0.033945802599191666, "tweet_id": 524939214056873985, "text": "\u201c@OttawaCitizen: BREAKING: Soldier shot at War Memorial in Ottawa, Hill on lockdown, shooter at large http://t.co/KUC43uiPFo #ottnews\u201d", "type": "direct_reply"}, {"index": 9, "attribution": 0.005449657794088125, "tweet_id": 524934509687742464, "text": "@OttawaCitizen @meghan_hurley", "type": "direct_reply"}, {"index": 5, "attribution": -0.032100971788167953, "tweet_id": 524969772598194177, "text": "@OttawaCitizen Reporting that an unnamed bystander thought the suspect was wearing an \"Arabic scarf\" isn't news. It's racism. Do better.", "type": "direct_reply"}, {"index": 4, "attribution": -0.037846144288778305, "tweet_id": 524930714765373440, "text": "@OttawaCitizen shooter at large? Stay safe everyone", "type": "direct_reply"}, {"index": 0, "attribution": -0.553617537021637, "tweet_id": 524929106987991040, "text": "BREAKING: Soldier shot at War Memorial in Ottawa, Hill on lockdown, shooter at large http://t.co/64V216TLzO #ottnews", "type": "source"}]}