{"thread_id": "524936872666353664", "gold_label": 0, "predicted_label": 2, "tweet_attributions": [{"index": 28, "attribution": 2.869274377822876, "tweet_id": 524938245017436160, "text": "@WestAugusta @CBCAlerts Like most good citizens, I'm awfully fed up with gun violence in both Canada and the USA. Senseless and brutal.", "type": "lower_reply"}, {"index": 8, "attribution": 2.0623972415924072, "tweet_id": 524949525644201985, "text": "@905fishingguy @CBCAlerts How can you shoot the guard at a war memorial.  #HonorThoseThatServed", "type": "lower_reply"}, {"index": 21, "attribution": 1.5775927305221558, "tweet_id": 524937735518564352, "text": "@CBCAlerts @905fishingguy Stay safe up there.", "type": "direct_reply"}, {"index": 4, "attribution": 1.1849478483200073, "tweet_id": 524937966615920640, "text": "3,854,082 square mile gun-free zone... | MT @CBCAlerts \"More shots fired just off Parliament Hill...\"\n#gunowners", "type": "direct_reply"}, {"index": 23, "attribution": 0.7839698195457458, "tweet_id": 524950283244544002, "text": "@WestAugusta @CBCAlerts Added to what happened in Quebec on Monday, the people who protect our nations need our full support.", "type": "lower_reply"}, {"index": 24, "attribution": 0.7125996947288513, "tweet_id": 524961418370899969, "text": "@905fishingguy sorry! Do they think it's terrorism? Or do they have an idea who ?", "type": "lower_reply"}, {"index": 12, "attribution": 0.7121028304100037, "tweet_id": 524939448199692288, "text": "@905fishingguy I believe if us from terrorists! Aren't you more fed up with that?!!", "type": "lower_reply"}, {"index": 11, "attribution": 0.5762669444084167, "tweet_id": 524937375865401344, "text": "\u201c@CBCAlerts: More shots fired just off Parliament Hill. Police telling everyone to take cover.\u201d Oh my goodness \ud83d\ude33", "type": "direct_reply"}, {"index": 15, "attribution": 0.44807299971580505, "tweet_id": 524937639989092352, "text": "@CBCAlerts @Crackmacs Dear People I see on the news with your phones out taking pics - PLEASE get off the streets and take cover!! #Ottawa", "type": "direct_reply"}, {"index": 19, "attribution": 0.3495006263256073, "tweet_id": 524939845840678912, "text": "@gygymelle That didn't make sense.", "type": "lower_reply"}, {"index": 29, "attribution": 0.24694128334522247, "tweet_id": 524940069942358016, "text": "@jxchristopher @CBCAlerts psst. Guns aren't banned in Canada. #educateYourself", "type": "lower_reply"}, {"index": 7, "attribution": 0.1759391576051712, "tweet_id": 524962446017302528, "text": "@gygymelle Likely, but not confirmed yet. 3 shooting locations so far. Obviously planned &amp; coordinated", "type": "lower_reply"}, {"index": 27, "attribution": 0.13633355498313904, "tweet_id": 524937721383755776, "text": "@CBCAlerts Canadians will be vigilant and strong. We won't be 'bullied' and intimidated. #ParliamentHill", "type": "direct_reply"}, {"index": 9, "attribution": 0.0706334039568901, "tweet_id": 524966316302934016, "text": "@905fishingguy Be safe &amp; vigilant\u2764\ufe0f\ud83c\uddfa\ud83c\uddf8", "type": "lower_reply"}, {"index": 18, "attribution": 0.02022072859108448, "tweet_id": 524950411950948352, "text": "@905fishingguy @CBCAlerts Yes they do.", "type": "lower_reply"}, {"index": 5, "attribution": 0.01495716255158186, "tweet_id": 524937849633009664, "text": "\u201c@CBCAlerts: More shots fired just off Parliament Hill. Police telling everyone to take cover.\u201d", "type": "direct_reply"}, {"index": 13, "attribution": 0.012938215397298336, "tweet_id": 524937381024378880, "text": "\u201c@CBCAlerts: More shots fired just off Parliament Hill. Police telling everyone to take cover.\u201d Scary... Keep safe everyone", "type": "direct_reply"}, {"index": 6, "attribution": -0.025532491505146027, "tweet_id": 524937325252313088, "text": "RT \"@CBCAlerts: More shots fired just off Parliament Hill. Police telling everyone to take cover.\u201d", "type": "direct_reply"}, {"index": 22, "attribution": -0.028348242864012718, "tweet_id": 524937045064818688, "text": "\u201c@CBCAlerts: More shots fired just off Parliament Hill. Police telling everyone to take cover.\u201d", "type": "direct_reply"}, {"index": 14, "attribution": -0.05151134356856346, "tweet_id": 524937374841987072, "text": "\u201c@CBCAlerts: More shots fired just off Parliament Hill. Police telling everyone to take cover.\u201d What the fuck\ud83d\ude29\ud83d\ude29\ud83d\ude29", "type": "direct_reply"}, {"index": 26, "attribution": -0.07804422080516815, "tweet_id": 524937277081145345, "text": "\u201c@CBCAlerts: More shots fired just off Parliament Hill. Police telling everyone to take cover.\u201d #Ottawa #Parliament", "type": "direct_reply"}, {"index": 16, "attribution": -0.15536831319332123, "tweet_id": 524937229001842688, "text": "\u201c@CBCAlerts: More shots fired just off Parliament Hill. Police telling everyone to take cover.\u201d", "type": "direct_reply"}, {"index": 3, "attribution": -0.15585294365882874, "tweet_id": 524937518547206144, "text": "RT @CBCAlerts: More shots fired just off Parliament Hill. Police telling everyone to take cover.", "type": "direct_reply"}, {"index": 2, "attribution": -0.20285199582576752, "tweet_id": 524936987070189568, "text": "De nouveaux coups de feu \u00e0 #Ottawa  \u201c@CBCAlerts: More shots fired just off Parliament Hill. Police telling everyone to take cover.\u201d", "type": "direct_reply"}, {"index": 1, "attribution": -0.20602959394454956, "tweet_id": 524937314708242432, "text": "@CBCAlerts my god, sending prayers. Has he been shot dead I just read on Twitter", "type": "direct_reply"}, {"index": 25, "attribution": -0.20781899988651276, "tweet_id": 524939593196793856, "text": "@HSolway @CBCAlerts we are with you! \ud83c\uddfa\ud83c\uddf8\ud83c\udf41", "type": "lower_reply"}, {"index": 10, "attribution": -0.227814182639122, "tweet_id": 524937401597427712, "text": "RT @CBCAlerts: More shots fired just off Parliament Hill. Police telling everyone to take cover. @Midiinfo", "type": "direct_reply"}, {"index": 17, "attribution": -0.2754662334918976, "tweet_id": 524937867685289984, "text": "\u201c@CBCAlerts: More shots fired just off Parliament Hill. Police telling everyone to take cover.\u201d \nWTF is wrong with the world?!", "type": "direct_reply"}, {"index": 0, "attribution": -0.31164154410362244, "tweet_id": 524936872666353664, "text": "More shots fired just off Parliament Hill. Police telling everyone to take cover.", "type": "source"}, {"index": 20, "attribution": -0.4875917136669159, "tweet_id": 524941538111922178, "text": "@trianglman @jxchristopher @CBCAlerts until there's a terrorist attack on a legal shooting range they may as well be.", "type": "lower_reply"}]}