{"thread_id": "524964223185850368", "gold_label": 0, "predicted_label": 0, "tweet_attributions": [{"index": 0, "attribution": 0.401518851518631, "tweet_id": 524964223185850368, "text": "Canadian soldier shot in Ottawa a reservist from Hamilton http://t.co/MTYfpfQLJY #HamOnt #Canpoli #ottawashooting http://t.co/geEQSNG1mi", "type": "source"}, {"index": 2, "attribution": 0.0026437861379235983, "tweet_id": 524974339943587840, "text": "@CBCHamilton @CBCNews #HamOnt #Canpoli #ottawashooting Prayers to the Family n Military family of the murdered reservists!", "type": "direct_reply"}, {"index": 1, "attribution": -0.0402909554541111, "tweet_id": 524969723705184256, "text": "@CBCHamilton @LynneHolland11 R.I.P. young man. Deepest sympathies to those affected by these needless and tragic events, from the UK.", "type": "direct_reply"}, {"index": 3, "attribution": -0.053140345960855484, "tweet_id": 524976494347812864, "text": "@CBCHamilton @CBCNews Harper brought war to Canada, open your eyes!!! We were peace keepers, gave aid. Then there was Harper who brought war", "type": "direct_reply"}]}