{"thread_id": "524947416869388288", "gold_label": 1, "predicted_label": 0, "tweet_attributions": [{"index": 0, "attribution": 0.3159756362438202, "tweet_id": 524947416869388288, "text": "Reports now that 2nd shooter has been shot in downtown Ottawa #ottnews", "type": "source"}, {"index": 2, "attribution": -0.018514899536967278, "tweet_id": 524947580149825537, "text": "@newhot899 #ottnews", "type": "direct_reply"}, {"index": 1, "attribution": -0.02959674410521984, "tweet_id": 524956595588194305, "text": "@newhot899 live news just reported cops yelling at people to run. Must be a third shooter!", "type": "direct_reply"}, {"index": 3, "attribution": -0.034967124462127686, "tweet_id": 524947672822988800, "text": "@newhot899 good!!! \ud83d\udc4c", "type": "direct_reply"}]}