{"thread_id": "524966904885428226", "gold_label": 0, "predicted_label": 2, "tweet_attributions": [{"index": 0, "attribution": 0.3029465973377228, "tweet_id": 524966904885428226, "text": "BREAKING UPDATE: Canadian soldier injured at Parliament Hill shooting dies http://t.co/Zp9AKplH9p  #Ottawa", "type": "source"}, {"index": 1, "attribution": 0.04744796082377434, "tweet_id": 524977090140315648, "text": "@RT_com The \"five eyes\" and western Europe \"invite\" this misery, still, the perpetrators are despicable.", "type": "direct_reply"}, {"index": 5, "attribution": 0.04646122083067894, "tweet_id": 524973660311154688, "text": "@RT_com @ShorealoneFilms Just read that Soldier may still be alive. #hoping", "type": "direct_reply"}, {"index": 2, "attribution": -0.011019648052752018, "tweet_id": 524967761110650880, "text": "@RT_com @Incidentpost @OttFire @opffa @IAFFCanada @IAFFNewsDesk Sad day as soldier shot at War Memorial reportedly succumbs to injuries.", "type": "direct_reply"}, {"index": 6, "attribution": -0.01574808545410633, "tweet_id": 524966987169292288, "text": "@RT_com SOURCE????", "type": "direct_reply"}, {"index": 4, "attribution": -0.03474841266870499, "tweet_id": 524969813865545729, "text": "@RT_com yes parliament attached at 10 am eastern time", "type": "direct_reply"}, {"index": 3, "attribution": -0.14428988099098206, "tweet_id": 524967134339022848, "text": "@TheKirkness Radio Canada tweeting same. must be true :-(", "type": "lower_reply"}]}