{"thread_id": "524975093966209025", "gold_label": 0, "predicted_label": 2, "tweet_attributions": [{"index": 0, "attribution": 0.4453636109828949, "tweet_id": 524975093966209025, "text": "#BREAKING : NHL : The game between the Toronto Maple Leafs and Ottawa Senators, scheduled for tonight in Ottawa, has been postponed", "type": "source"}, {"index": 11, "attribution": 0.07216132432222366, "tweet_id": 524975394710360064, "text": "@cbcsaltzman @CBCNews @680News", "type": "direct_reply"}, {"index": 4, "attribution": 0.06741534918546677, "tweet_id": 524983697343512576, "text": "@wsoccer10 @cbcsaltzman fuck!", "type": "lower_reply"}, {"index": 5, "attribution": 0.05850434675812721, "tweet_id": 524975336770252801, "text": "@cbcsaltzman @CBCNL @TelegramJames  Ya called it.", "type": "direct_reply"}, {"index": 2, "attribution": 0.04117805138230324, "tweet_id": 524975973851467776, "text": "#AttackInOttawa\n@cbcsaltzman: #BREAKING : NHL: Game betwToronto MapleLeafs &amp; #Ottawa Senators for tonight in #Ottawa, has been postponed", "type": "direct_reply"}, {"index": 6, "attribution": 0.03479093685746193, "tweet_id": 524975649191366656, "text": "\u201c@cbcsaltzman: NHL : The game between the Toronto Maple Leafs and Ottawa Senators, scheduled for tonight in Ottawa, has been postponed\u201d", "type": "direct_reply"}, {"index": 10, "attribution": 0.0272613987326622, "tweet_id": 524978551108673536, "text": "@cbcsaltzman @ExtraPtbo I guess security is a major issue hate to have terrorists control us!", "type": "direct_reply"}, {"index": 12, "attribution": 0.020578501746058464, "tweet_id": 524976129380454400, "text": "@cbcsaltzman @CBCNews Wow the Leaf's Dodged a Bull/ no a Puck there !!", "type": "direct_reply"}, {"index": 9, "attribution": -0.05126089230179787, "tweet_id": 524977208184803328, "text": "@cbcsaltzman @colormered canada has alot to answer for letting gunmen get in to the law offices of govt.", "type": "direct_reply"}, {"index": 1, "attribution": -0.06825076788663864, "tweet_id": 524975786936520705, "text": "@cbcsaltzman @CBCNews I understand the precaution should we then cancel all future games, events, concerts as this could happen at any time", "type": "direct_reply"}, {"index": 3, "attribution": -0.1319965422153473, "tweet_id": 524977630895177728, "text": "@cbcsaltzman @CBCNews And that's the final straw!!! Nobody messes with out game!!!", "type": "direct_reply"}, {"index": 7, "attribution": -0.17355269193649292, "tweet_id": 524976025550471168, "text": "@cbcsaltzman @snic14", "type": "direct_reply"}, {"index": 8, "attribution": -0.32373765110969543, "tweet_id": 524980724806717440, "text": "@cbcsaltzman @Axel_Asen", "type": "direct_reply"}]}