{"thread_id": "524991844292521984", "gold_label": 1, "predicted_label": 2, "tweet_attributions": [{"index": 2, "attribution": 1.2100237607955933, "tweet_id": 524993555925053440, "text": "@BreakingNews @TheoFleury14 Then why is the Rideau Center re-opened which is kitty corner 2 the Chateau Laurier where the Leafs are holed up", "type": "direct_reply"}, {"index": 10, "attribution": 0.21402357518672943, "tweet_id": 524993802948583424, "text": "@BreakingNews @TheoFleury14 4 those who do not know the Chateau Laurier is right next door 2 Parliament and across street from War Memorial", "type": "lower_reply"}, {"index": 11, "attribution": 0.19168780744075775, "tweet_id": 525001921334378497, "text": "@BreakingNews @nangyigorgeous Multiple shooting incidents near Canada parliament, thanks for the tweet", "type": "direct_reply"}, {"index": 4, "attribution": 0.11099239438772202, "tweet_id": 525022312668483584, "text": "@BreakingNews very sad about the military person being dead. Let's say a prayer for him and his family.", "type": "direct_reply"}, {"index": 6, "attribution": 0.06088118627667427, "tweet_id": 524994240053792770, "text": "@BreakingNews  What about the rest of Ottawa, nowhere near the event, we have families to go home to.", "type": "direct_reply"}, {"index": 9, "attribution": 0.015809495002031326, "tweet_id": 524992583081021440, "text": "@BreakingNews ~ One gunman was still inside the Parl bldg - TV news chnl. said half an hour ago.", "type": "direct_reply"}, {"index": 1, "attribution": 0.009078086353838444, "tweet_id": 524994948303962112, "text": "Won't say - or don't know, so can't say? @BreakingNews", "type": "direct_reply"}, {"index": 5, "attribution": -0.012385358102619648, "tweet_id": 524995745414258688, "text": "@BreakingNews coming from the guys who shot a lone guy on a bus with a knife, for laughing at them.what do you call a dudley dooright = PIG", "type": "direct_reply"}, {"index": 3, "attribution": -0.07279964536428452, "tweet_id": 524992400218128384, "text": "@breakingnews that's SMART, and the right move, no matter who it upsets.", "type": "direct_reply"}, {"index": 7, "attribution": -0.11921987682580948, "tweet_id": 525003750013169666, "text": "@BreakingNews more violence from Islam", "type": "direct_reply"}, {"index": 8, "attribution": -0.22285442054271698, "tweet_id": 524995834799083520, "text": "@BreakingNews ::: ((( O people! Say \"No God But Allah\" To Obtain Salvation )))\n\nTHE MEANING OF LIFE \"SPOKEN WORD\"\n\nhttps://t.co/YBaU294GFx\n:", "type": "direct_reply"}, {"index": 0, "attribution": -0.5672292113304138, "tweet_id": 524991844292521984, "text": "Ottawa Police won't say if there are still suspects at large; say it is still an active operation - live video http://t.co/aF9HyT9BgX", "type": "source"}]}