{"thread_id": "524976486902951936", "gold_label": 1, "predicted_label": 2, "tweet_attributions": [{"index": 0, "attribution": 0.40905988216400146, "tweet_id": 524976486902951936, "text": "Map of three #Ottawa locations where police say shots have been fired http://t.co/QrP5bauJcR http://t.co/nutT2VYvpD", "type": "source"}, {"index": 3, "attribution": 0.021786203607916832, "tweet_id": 524976996716015620, "text": ".@CarrieOh_77 Another: MT @BBCNewsGraphics: Map of 3 Ottawa spots where cops say shots fired http://t.co/9GRoVF3ROj http://t.co/VMAy28URe3", "type": "direct_reply"}, {"index": 2, "attribution": 0.011626706458628178, "tweet_id": 524980444186423297, "text": "\u201c@BBCNewsGraphics: Map of three #Ottawa locations where police say shots have been fired http://t.co/7xuYkMiyhg http://t.co/lp7Dk4kNRm\u201d", "type": "direct_reply"}, {"index": 1, "attribution": 0.0008912347839213908, "tweet_id": 524980159775248385, "text": "@BBCNewsGraphics you should try that at venezuela......", "type": "direct_reply"}, {"index": 6, "attribution": -0.010729149915277958, "tweet_id": 524981114889580545, "text": "@BBCNewsGraphics @BBCWorld thank you for your coverage. Help keep the focus on the victims not the perpetrators. #OttawaShooting", "type": "direct_reply"}, {"index": 8, "attribution": -0.028315460309386253, "tweet_id": 524983424659226625, "text": "@BBCNewsGraphics @BBCWorld \n psychopathic viruses called #IslamicState\n R danger 4 every civil society\nCivilized #world must support #Kobani", "type": "direct_reply"}, {"index": 7, "attribution": -0.02945745177567005, "tweet_id": 524978973231828994, "text": "\u201cMap of three #Ottawa locations where police say shots have been fired http://t.co/1rEZaY70As http://t.co/Nht2Qz37W6\u201d rt@BBCNewsGraphics", "type": "direct_reply"}, {"index": 4, "attribution": -0.03537445887923241, "tweet_id": 524984794699288576, "text": "@BBCNewsGraphics @BBCWorld BBC calls it a shooting until they know it was brown people, then it will be a terrorist attack!", "type": "direct_reply"}, {"index": 5, "attribution": -0.050649065524339676, "tweet_id": 524980870554607616, "text": "@BBCNewsGraphics @BBCWorld  30+ shots fired- 1 Military reservist confirmed dead, 2 others injured,  # of shooters unknown. #OttawaStrong", "type": "direct_reply"}]}