{"thread_id": "524935246647926784", "gold_label": 0, "predicted_label": 0, "tweet_attributions": [{"index": 0, "attribution": 0.2898790240287781, "tweet_id": 524935246647926784, "text": "Shots were fired at Canada's national war memorial in Ottawa and a ceremonial guard was shot, police say. http://t.co/9KkQ1apxxW", "type": "source"}, {"index": 1, "attribution": 0.01401784922927618, "tweet_id": 524938417818578944, "text": "@WSJ @macdonaldajm Canada has been to war..?", "type": "direct_reply"}, {"index": 3, "attribution": -0.03514929860830307, "tweet_id": 524936786665938944, "text": "@WSJ always bad news and not any good news unfortunately", "type": "direct_reply"}, {"index": 4, "attribution": -0.06050007417798042, "tweet_id": 524974063140106241, "text": "@WSJ Thought and prayers for everyone over there with high hopes that everyone is alright", "type": "direct_reply"}, {"index": 2, "attribution": -0.07825867831707001, "tweet_id": 524953964702625793, "text": "@WSJ You have to ask yourself. How does someone get past the front doors of Parliament with a rifle? Where was the security?", "type": "direct_reply"}]}