{"thread_id": "524934827909210112", "gold_label": 2, "predicted_label": 0, "tweet_attributions": [{"index": 0, "attribution": 0.32593458890914917, "tweet_id": 524934827909210112, "text": "We are hearing a shooter is still on the loose here in DT Ottawa with a rifle please pray for our police and soldiers #PrayForOttawa", "type": "source"}, {"index": 2, "attribution": -0.0185259860008955, "tweet_id": 524935828733440001, "text": "@GongshowGear http://t.co/1sWdBhv4Le", "type": "direct_reply"}, {"index": 1, "attribution": -0.021620551124215126, "tweet_id": 524935008424062976, "text": "@GongshowGear \ud83d\ude33 unreal", "type": "direct_reply"}, {"index": 3, "attribution": -0.032174669206142426, "tweet_id": 524935725570330624, "text": "@GongshowGear MP at Hill reports deceased shooter.", "type": "direct_reply"}]}