{"thread_id": "524927288077746176", "gold_label": 0, "predicted_label": 2, "tweet_attributions": [{"index": 14, "attribution": 3.6539466381073, "tweet_id": 524934395938230272, "text": "@KraftyWurker @CTVNews @OfficeofSteve @WatchCTVNews Do you know how much of an idiot you are? No, I guess being an American you don't.", "type": "lower_reply"}, {"index": 8, "attribution": 2.3974192142486572, "tweet_id": 524933925609938944, "text": "@CTVNews @OfficeofSteve @WatchCTVNews  Trouble in Canuckistan, how's that #diversity working out for you? #Canada", "type": "direct_reply"}, {"index": 9, "attribution": 1.6196403503417969, "tweet_id": 524934749014736896, "text": "@jasoncole123 @CTVNews  @WatchCTVNews Trouble in Canuckistan, how's that #diversity working out for you? #Canada", "type": "lower_reply"}, {"index": 3, "attribution": 1.2606583833694458, "tweet_id": 524959435878576129, "text": "When you harm yourself by taking in #immigration #diversity, it's your own damn fault. @Zinner2dot1 #Canuckistan", "type": "lower_reply"}, {"index": 16, "attribution": 0.42698100209236145, "tweet_id": 524934129587326977, "text": "@CTVNews @TSNBobMcKenzie @WatchCTVNews", "type": "direct_reply"}, {"index": 11, "attribution": 0.4099469482898712, "tweet_id": 524929244628267008, "text": "Soldiers in our prayers @CTVNews @CTVNewsHeather @WatchCTVNews", "type": "direct_reply"}, {"index": 19, "attribution": 0.26801633834838867, "tweet_id": 524936207168716802, "text": "@KraftyWurker @CTVNews @WatchCTVNews At least when I leave my country I don't have to pretend I'm from somewhere else.", "type": "lower_reply"}, {"index": 17, "attribution": 0.25069424510002136, "tweet_id": 524959679433412610, "text": "@KraftyWurker *refer to previous tweet*", "type": "lower_reply"}, {"index": 13, "attribution": 0.2232694774866104, "tweet_id": 524933057544212481, "text": "@CTVNews @WatchCTVNews get them RCMP and army.", "type": "direct_reply"}, {"index": 15, "attribution": 0.12143900245428085, "tweet_id": 524958295639863296, "text": "@KraftyWurker wow fuck you, you American piece of shit", "type": "lower_reply"}, {"index": 5, "attribution": 0.10281013697385788, "tweet_id": 524932752358260737, "text": "@CTVNews @WatchCTVNews @cnnbrk @wolfblitzer @andersoncooper @donlemon @CNNAshleigh @CarolCNN", "type": "direct_reply"}, {"index": 6, "attribution": 0.09704025834798813, "tweet_id": 524935023427067904, "text": "@KraftyWurker @CTVNews @OfficeofSteve @WatchCTVNews http://t.co/QUxiLNNnV0", "type": "lower_reply"}, {"index": 18, "attribution": -0.012612436898052692, "tweet_id": 524955934310035456, "text": "@CTVNews @WatchCTVNews so...implications: more security? I just hope it doesn't make us Canadians less trusting, kind, or more narrow minded", "type": "direct_reply"}, {"index": 10, "attribution": -0.016185451298952103, "tweet_id": 524933342656200704, "text": "@CTVNews @TSNBobMcKenzie @WatchCTVNews", "type": "direct_reply"}, {"index": 12, "attribution": -0.08599543571472168, "tweet_id": 524931869159079936, "text": "@CTVNews @WatchCTVNews", "type": "direct_reply"}, {"index": 4, "attribution": -0.09111110121011734, "tweet_id": 524946791339286528, "text": "@CTVNews @WatchCTVNews I am Canadian and these attacks on our soil are bullshit. My prayers to the soldier.", "type": "direct_reply"}, {"index": 7, "attribution": -0.09499073028564453, "tweet_id": 524959934585532416, "text": "@Zinner2dot1 When you harm yourself by taking in #immigration #diversity, it's your own damn fault. #Canuckistan", "type": "lower_reply"}, {"index": 2, "attribution": -0.21095873415470123, "tweet_id": 524929735542185985, "text": "@CTVNews @WatchCTVNews My prayers go out to the soldier and his familly", "type": "direct_reply"}, {"index": 1, "attribution": -0.29230672121047974, "tweet_id": 524946523424325632, "text": "@CTVNews @WatchCTVNews shooting done?", "type": "direct_reply"}, {"index": 20, "attribution": -0.6649169921875, "tweet_id": 524932669692706816, "text": "@CTVNews @TSNBobMcKenzie @WatchCTVNews Please tell me the Police took care of him/her with an empty magazine in return fire!!!", "type": "direct_reply"}, {"index": 0, "attribution": -0.9306938648223877, "tweet_id": 524927288077746176, "text": "RT @WatchCTVNews: LIVE NOW: Cops swarm Parliament Hill following reports of a shooting http://t.co/ekj0wMrYdV http://t.co/55Iz2M0542", "type": "source"}]}