{"thread_id": "524944569528750080", "gold_label": 1, "predicted_label": 2, "tweet_attributions": [{"index": 11, "attribution": 2.6505494117736816, "tweet_id": 524953853251571712, "text": "@OttawaPolice Thats a really condensed area! :(", "type": "direct_reply"}, {"index": 17, "attribution": 1.5510954856872559, "tweet_id": 524963143630741504, "text": "@PixelGhost25 @OttawaPolice DUFUS-You try doing a room by room,potential hostages search in old buildings shooters don't intend to surrender", "type": "lower_reply"}, {"index": 7, "attribution": 0.5248412489891052, "tweet_id": 524953689644355585, "text": "\u201c@OttawaPolice: Incidents occurred at National War Memorial, near the Rideau Centre and Parliament Hill this morning. #ottnews\u201d", "type": "direct_reply"}, {"index": 13, "attribution": 0.35979560017585754, "tweet_id": 524952404706340864, "text": "@OttawaPolice @jaketapper  Global News reported soldier shot in back 4 times. How cowardly to shoot an unarmed soldier in the back.", "type": "direct_reply"}, {"index": 1, "attribution": 0.21277020871639252, "tweet_id": 524956987550105600, "text": "RT @OttawaPolice \u4eca\u671d\uff08\u30aa\u30bf\u30ef\u6642\u9593\uff09\u6226\u4e89\u8a18\u5ff5\u7891\u3001\u56fd\u4f1a\u8b70\u4e8b\u5802\u3067\u9283\u6483\u4e8b\u4ef6", "type": "direct_reply"}, {"index": 15, "attribution": 0.1810014843940735, "tweet_id": 524948776956751872, "text": "\u201c@OttawaPolice: Incidents occurred at National War Memorial, near the Rideau Centre and Parliament Hill this morning. #ottnews\u201d \ud83d\udc94", "type": "direct_reply"}, {"index": 3, "attribution": 0.05191074311733246, "tweet_id": 524950180651884546, "text": "@OttawaPolice @jerryarcher stay safe men and women at parliament hill today", "type": "direct_reply"}, {"index": 12, "attribution": 0.047037675976753235, "tweet_id": 524952325878980608, "text": "@OttawaPolice be safe", "type": "direct_reply"}, {"index": 2, "attribution": 0.03099536895751953, "tweet_id": 524962390707019776, "text": "@gkelly49 @OttawaPolice @jaketapper But it's perfectly fine to shoot unarmed CITIZENS. #MoralInsanityRULES", "type": "lower_reply"}, {"index": 10, "attribution": -0.055568572133779526, "tweet_id": 524962121562734592, "text": "@OttawaPolice anxious to know the reason for their attack.", "type": "direct_reply"}, {"index": 16, "attribution": -0.11189398914575577, "tweet_id": 524945156995170304, "text": "\u201c@OttawaPolice: Incidents occurred at National War Memorial, near the Rideau Centre and Parliament Hill this morning. #ottnews\u201d", "type": "direct_reply"}, {"index": 9, "attribution": -0.11465216428041458, "tweet_id": 524961236899725312, "text": "@OttawaPolice Great for the globalists. This WILL lead to talk of a \"North American Union\" in short order. PAY ATTENTION! #AntiSovereignty", "type": "direct_reply"}, {"index": 14, "attribution": -0.12670780718326569, "tweet_id": 524945884380139520, "text": "@OttawaPolice be safe boys and girls..get the bastards...my thoughts are with all of you...so angry...not in my country..please be safe", "type": "direct_reply"}, {"index": 5, "attribution": -0.129798024892807, "tweet_id": 524962150910279680, "text": "@PixelGhost25 @OttawaPolice It's designed for media. Now we watch the Hegelian Dialectic operate OPENLY in Canadian news!  Right @PMHarper?", "type": "lower_reply"}, {"index": 8, "attribution": -0.1450512558221817, "tweet_id": 524967943445417985, "text": "@OttawaPolice @RCMP_Nat_Div All the best to our police forces and secuirty personnel as they deal with the tragedy unfolding in Ottawa 2day", "type": "direct_reply"}, {"index": 6, "attribution": -0.2007002979516983, "tweet_id": 524950797885640704, "text": "Mt \"@OttawaPolice: Incidents occurred at National War Memorial, near the Rideau Centre and Parliament Hill this morning. #ottnews\u201d", "type": "direct_reply"}, {"index": 4, "attribution": -0.23975734412670135, "tweet_id": 524968216255553537, "text": "@KDVatEastern @OttawaPolice Umm...can I help you?", "type": "lower_reply"}, {"index": 0, "attribution": -0.9261494278907776, "tweet_id": 524944569528750080, "text": "Incidents occurred at National War Memorial, near the Rideau Centre and Parliament Hill this morning. #ottnews", "type": "source"}]}