{"thread_id": "524956294395224064", "gold_label": 1, "predicted_label": 2, "tweet_attributions": [{"index": 8, "attribution": 1.6896729469299316, "tweet_id": 524957660018642944, "text": "@montfordgreenwo @1310NewsDay @SMLBound @CNNJason hey how about FUCK YOU and your cheap shots", "type": "lower_reply"}, {"index": 20, "attribution": 1.4135233163833618, "tweet_id": 524957833763119104, "text": "@gjhall @1310NewsDay @SMLBound @CNNJason Hey, I'm just pointing out that liberty is more safe that totalitarianism.", "type": "lower_reply"}, {"index": 26, "attribution": 1.227981448173523, "tweet_id": 524958777703800832, "text": "@justaguytoronto @gjhall @1310NewsDay @SMLBound @CNNJason I'm using it to point out that the goal of the left leads to death.", "type": "lower_reply"}, {"index": 24, "attribution": 1.1616476774215698, "tweet_id": 524957905120813056, "text": "@gjhall @1310NewsDay @SMLBound @CNNJason People have a RIGHT a HUMAN RIGHT, to self defense.", "type": "lower_reply"}, {"index": 16, "attribution": 1.0287888050079346, "tweet_id": 524958581347872768, "text": "@montfordgreenwo @gjhall @1310NewsDay @SMLBound @CNNJason People may have died, and you're using it as an excuse for cheap political shots.", "type": "lower_reply"}, {"index": 13, "attribution": 0.7324942946434021, "tweet_id": 524958961804398592, "text": "@justaguytoronto @gjhall @1310NewsDay @SMLBound @CNNJason were supposedly shot up. So yeah, don't get mad because I got there first.", "type": "lower_reply"}, {"index": 15, "attribution": 0.5805870294570923, "tweet_id": 524974833205907456, "text": "@FilozofA @gjhall @1310NewsDay @SMLBound @CNNJason Dumbass @FilozofA", "type": "lower_reply"}, {"index": 6, "attribution": 0.47513046860694885, "tweet_id": 524958889641381888, "text": "@justaguytoronto @gjhall @1310NewsDay @SMLBound @CNNJason And the left rolled out their gun control after the notional \"kids\" at sandy hook", "type": "lower_reply"}, {"index": 21, "attribution": 0.4517873525619507, "tweet_id": 524964781979996160, "text": "@montfordgreenwo @gjhall @1310NewsDay @SMLBound @CNNJason There is no \"human right\" to self defense, check the Declaration, but legal right!", "type": "lower_reply"}, {"index": 25, "attribution": 0.44920384883880615, "tweet_id": 524956845652185088, "text": "@1310NewsDay @SMLBound @CNNJason How are those \"common sense\" gun legislations working Canada? As well as in Chicago I see.", "type": "direct_reply"}, {"index": 5, "attribution": 0.39014819264411926, "tweet_id": 524959057955012608, "text": "@montfordgreenwo @justaguytoronto @1310NewsDay @SMLBound @CNNJason suck a bag of dicks buddy", "type": "lower_reply"}, {"index": 1, "attribution": 0.3532237708568573, "tweet_id": 524958963046313984, "text": "@montfordgreenwo @gjhall @1310NewsDay @SMLBound @CNNJason You are a profoundly stupid asshole, using today's events to grind political axes.", "type": "lower_reply"}, {"index": 17, "attribution": 0.25966715812683105, "tweet_id": 524959216482918400, "text": "@montfordgreenwo @gjhall @1310NewsDay @SMLBound @CNNJason Honestly, go back to whatever hole you crawled out of.", "type": "lower_reply"}, {"index": 10, "attribution": 0.22979003190994263, "tweet_id": 524959358564585472, "text": "@gjhall @justaguytoronto @1310NewsDay @SMLBound @CNNJason I'm not a prog fag lover like you seem to be.", "type": "lower_reply"}, {"index": 12, "attribution": 0.1517477035522461, "tweet_id": 524959275714486272, "text": "@justaguytoronto @gjhall @1310NewsDay @SMLBound @CNNJason YOu are a pathetic piece of shit, revealing  your love of slavery.", "type": "lower_reply"}, {"index": 11, "attribution": 0.1141580119729042, "tweet_id": 524992128028381184, "text": "@montfordgreenwo @gjhall @1310NewsDay @SMLBound @CNNJason Yes you are!", "type": "lower_reply"}, {"index": 7, "attribution": 0.11049368977546692, "tweet_id": 524972775824314368, "text": "@FilozofA @gjhall @1310NewsDay @SMLBound @CNNJason Bullshit. There is indeed a human right to self defense you senseless commie fuck", "type": "lower_reply"}, {"index": 4, "attribution": 0.10932651162147522, "tweet_id": 524959602001977344, "text": "@justaguytoronto @gjhall @1310NewsDay @SMLBound @CNNJason Death is not safety.", "type": "lower_reply"}, {"index": 18, "attribution": 0.06981082260608673, "tweet_id": 524958704052228096, "text": "@montfordgreenwo @gjhall @1310NewsDay @SMLBound @CNNJason And I can guarantee you know fuck all about Canadian law.", "type": "lower_reply"}, {"index": 19, "attribution": 0.052672550082206726, "tweet_id": 524958802303807488, "text": "@1310NewsDay @News1130radio @CNNJason goofleearth", "type": "direct_reply"}, {"index": 2, "attribution": 0.03135029226541519, "tweet_id": 524992995041366017, "text": "@FilozofA @gjhall @1310NewsDay @SMLBound @CNNJason Oh boy, you're rubber and I'm glue? Guess what shit bag, you're also blocked.", "type": "lower_reply"}, {"index": 3, "attribution": 0.02593359164893627, "tweet_id": 524959553494843392, "text": "@justaguytoronto @gjhall @1310NewsDay @SMLBound @CNNJason supposed safety these \"governments\" seem to think they are giving us.", "type": "lower_reply"}, {"index": 9, "attribution": -0.05359810218214989, "tweet_id": 524959081132335105, "text": "@justaguytoronto @gjhall @1310NewsDay @SMLBound @CNNJason Fuck Canadian law, I know about HUMAN RIGHTS you prog fuck", "type": "lower_reply"}, {"index": 27, "attribution": -0.07592137157917023, "tweet_id": 524959481180868608, "text": "@justaguytoronto @gjhall @1310NewsDay @SMLBound @CNNJason No, I will not accept people being murdered as a thing we have to have for this", "type": "lower_reply"}, {"index": 22, "attribution": -0.11909303069114685, "tweet_id": 524959523313029122, "text": "@montfordgreenwo @justaguytoronto @1310NewsDay @SMLBound @CNNJason what a gem you are. blocked.", "type": "lower_reply"}, {"index": 14, "attribution": -0.16590143740177155, "tweet_id": 524977980033232896, "text": "@montfordgreenwo @SMLBound @gjhall @1310NewsDay @CNNJason Most definitely a right to self defense! Stop all this pc indoctrination", "type": "lower_reply"}, {"index": 23, "attribution": -0.2557370066642761, "tweet_id": 524992055806672896, "text": "@montfordgreenwo @gjhall @1310NewsDay @SMLBound @CNNJason Give a quote?", "type": "lower_reply"}, {"index": 0, "attribution": -0.2608170211315155, "tweet_id": 524956294395224064, "text": "Here are the 3 locations of shootings in #Ottawa around Parliament Hill (GoofleEarth)\nFrom: @CNNJason\nhttp://t.co/DSyNgBC02U", "type": "source"}]}