{"thread_id": "524944881941495809", "gold_label": 0, "predicted_label": 2, "tweet_attributions": [{"index": 4, "attribution": 3.003166437149048, "tweet_id": 524952789135261696, "text": "super scary @CBCNews @Jmyers01 glad you are now where near parliament Janice !", "type": "direct_reply"}, {"index": 8, "attribution": 1.1335982084274292, "tweet_id": 525013749535887360, "text": "@Karensreal all safe and away from the downtown lockdown but wish we knew if there is another shooter out there.", "type": "lower_reply"}, {"index": 15, "attribution": 0.6005315780639648, "tweet_id": 524951615292592128, "text": "@CBCNews kill all these Isis bastards", "type": "direct_reply"}, {"index": 2, "attribution": 0.40980279445648193, "tweet_id": 524946411088248832, "text": "@CBCNews How does someone with a long rifle manage to brazenly walk to the war memorial or the hill without being wrestled down by someone.", "type": "direct_reply"}, {"index": 21, "attribution": 0.37731489539146423, "tweet_id": 525014967087398913, "text": "@Jmyers01 oh seriously I am reading everything online it is unclear from the reports exactly how many, two or three or just 1 they killed ?", "type": "lower_reply"}, {"index": 16, "attribution": 0.3664329946041107, "tweet_id": 525013336795402242, "text": "@ctpministries @CBCNews Its very serious matter of security breach as attack is on temple of democracy Parl should be strongly cordoned", "type": "lower_reply"}, {"index": 1, "attribution": 0.36527112126350403, "tweet_id": 524953632761196544, "text": "@LeslieAllain Apparently more than one shooter.", "type": "lower_reply"}, {"index": 5, "attribution": 0.35517069697380066, "tweet_id": 524949803130966016, "text": "@CBCNews good lord.", "type": "direct_reply"}, {"index": 22, "attribution": 0.34214815497398376, "tweet_id": 524946916640292865, "text": "@CBCNews #isis related or extreme Muslim!", "type": "direct_reply"}, {"index": 6, "attribution": 0.31810492277145386, "tweet_id": 525449352962408450, "text": "@Paulkezza @CBCNews if only captured Isis could be entered into UFC. Could try to beat the crazy outta them. Could try very hard. . .", "type": "lower_reply"}, {"index": 18, "attribution": 0.19749228656291962, "tweet_id": 524945766167875584, "text": "@CBCNews @GCGATOR24 fantastic  !!!", "type": "direct_reply"}, {"index": 3, "attribution": 0.10209479928016663, "tweet_id": 524946610795470848, "text": "@CBCNews @CBC The Canadians are showing us how to nip it in the bud.", "type": "direct_reply"}, {"index": 13, "attribution": -0.09020722657442093, "tweet_id": 524946673722982400, "text": "@CBCNews @CBC this is gut wrenching...", "type": "direct_reply"}, {"index": 10, "attribution": -0.10058745741844177, "tweet_id": 524945878076100608, "text": "@CBCNews #OttawaShooting", "type": "direct_reply"}, {"index": 9, "attribution": -0.10957217961549759, "tweet_id": 524946724465692672, "text": "Podiam chamar a Dilma pra negociar \u201c@CBCNews: Attacker shot dead in Parliament after soldier shot at War Memorial http://t.co/7McMv3a5KL", "type": "direct_reply"}, {"index": 14, "attribution": -0.14507874846458435, "tweet_id": 524952561888276480, "text": "\u201c@CBCNews: UPDATE: Attacker shot dead in Parliament after soldier shot at War Memorial\"", "type": "direct_reply"}, {"index": 0, "attribution": -0.15155555307865143, "tweet_id": 524944881941495809, "text": "UPDATE: Attacker shot dead in Parliament after soldier shot at War Memorial http://t.co/pp6hcfWcRw #OttawaShooting http://t.co/tx8j82FOYc", "type": "source"}, {"index": 19, "attribution": -0.1834898144006729, "tweet_id": 524953424186839041, "text": "\u201c@CBCNews: UPDATE: Attacker shot dead in Parliament after soldier shot at War Memorial http://t.co/ztHwla2qSp. Thank God!", "type": "direct_reply"}, {"index": 11, "attribution": -0.19958661496639252, "tweet_id": 524953566604427264, "text": "@CBCNews hope it was a slow, painful death. try to look surprised when you're greeted in the afterlife not by 72 virgins but by satan.", "type": "direct_reply"}, {"index": 7, "attribution": -0.23076076805591583, "tweet_id": 524951372161380352, "text": "@CBCNews It's not write solgers are there to help us and protect our Country !", "type": "direct_reply"}, {"index": 17, "attribution": -0.2917833626270294, "tweet_id": 524945388487606272, "text": "@CBCNews @ABBestphotos NICE ONE", "type": "direct_reply"}, {"index": 20, "attribution": -0.3657818138599396, "tweet_id": 524952501926526977, "text": "\u201c@CBCNews: UPDATE: Attacker shot dead in Parliament after soldier shot at War Memorial http://t.co/3Y511XEQqm #OttawaShooting", "type": "direct_reply"}, {"index": 12, "attribution": -0.4476180970668793, "tweet_id": 524952953485295617, "text": "@CBCNews #soldier thank u to all soldiers and police officers who try to keep us safe.  May God look after u and keep u safe.", "type": "direct_reply"}]}