{"thread_id": "524937330923417600", "gold_label": 2, "predicted_label": 2, "tweet_attributions": [{"index": 10, "attribution": 1.0146483182907104, "tweet_id": 524950846396579841, "text": "@globeandmail STUPID CANADA IMPORT MUSLIMS &amp; BLACKS EVERY COUNTRY WILL BE DEVOURED DESTROYED BY WORLD VERMINTS \"COLONIZATION OF WHITE RACE\"", "type": "direct_reply"}, {"index": 6, "attribution": 0.22942160069942474, "tweet_id": 524953935711596544, "text": "@FastFuriousBOLD @globeandmail this is the exact kind of statement that would come out of the mouth of an extremist. Very scary.", "type": "lower_reply"}, {"index": 2, "attribution": 0.1549534648656845, "tweet_id": 524939124093235201, "text": "#AttackInOttawa\nDowntown\n@globeandmail: Gunman on loose aft soldier shot\n#Ottawa war memorial\nhttp://t.co/Lgu3eHZmxD\nhttp://t.co/xffx8QKUPd", "type": "direct_reply"}, {"index": 1, "attribution": 0.1295473426580429, "tweet_id": 524944459763437569, "text": "@globeandmail ISIS has declared jihad on western soldiers. Is this &amp; the vehicular murder of the soldier connected? @WhiteHouse Are we next?", "type": "direct_reply"}, {"index": 5, "attribution": 0.0773194283246994, "tweet_id": 524938501381685248, "text": "yikes \u201c@globeandmail: UPDATED: Gunman on the loose after soldier shot at Ottawa war memorial http://t.co/upd3YhrAtJ http://t.co/OOVpa11ijE\u201d", "type": "direct_reply"}, {"index": 4, "attribution": 0.029126940295100212, "tweet_id": 524947122802946049, "text": "@Cuellar360 dis u?  @globeandmail", "type": "direct_reply"}, {"index": 9, "attribution": -0.0390995554625988, "tweet_id": 524943094631108610, "text": "\u201c@globeandmail: UPDATED: Gunman on the loose after soldier shot at #Ottawa war memorial http://t.co/jKne45gMhQ http://t.co/MvUxgzr2GR\u201d", "type": "direct_reply"}, {"index": 3, "attribution": -0.058731671422719955, "tweet_id": 524939622132895744, "text": "@globeandmail My twitter app shwos Ottawa shotting http://t.co/VlcPC99uBJ", "type": "direct_reply"}, {"index": 12, "attribution": -0.06212718412280083, "tweet_id": 524962195428622336, "text": "@IZEDNECK @globeandmail EMAS", "type": "lower_reply"}, {"index": 7, "attribution": -0.07330358773469925, "tweet_id": 524941478758727680, "text": "\u201c@globeandmail: UPDATED: Gunman on the loose after soldier shot at Ottawa war memorial http://t.co/hewEzX0SDP http://t.co/5ooPhpQjgx\u201d", "type": "direct_reply"}, {"index": 8, "attribution": -0.09769976884126663, "tweet_id": 524938892483756032, "text": "@globeandmail Thanks for useful map - non Ottawa people don't have a feel for the layout.", "type": "direct_reply"}, {"index": 11, "attribution": -0.10950923711061478, "tweet_id": 524938406582050816, "text": "\u201c@globeandmail: UPDATED: Gunman on the loose after soldier shot at Ottawa war memorial http://t.co/8bTTcZC1ld http://t.co/q7JWxe3UwX\u201d", "type": "direct_reply"}, {"index": 0, "attribution": -0.5638146996498108, "tweet_id": 524937330923417600, "text": "UPDATED: Gunman on the loose after soldier shot at Ottawa war memorial http://t.co/0XJ9qbOJ3G http://t.co/Mqgn3ouul8", "type": "source"}]}