{"thread_id": "524985325190656000", "gold_label": 0, "predicted_label": 0, "tweet_attributions": [{"index": 0, "attribution": 0.2350446730852127, "tweet_id": 524985325190656000, "text": "White House: Obama awaiting chance to speak with Harper about Ottawa shooting http://t.co/zOQGTf8NIO http://t.co/GIqcI75fhz", "type": "source"}, {"index": 7, "attribution": 0.024121223017573357, "tweet_id": 524986025182261248, "text": "\u201c@CP24: White House: Obama awaiting chance to speak with Harper about Ottawa shooting http://t.co/pag0agoyYZ http://t.co/qzRtuGGVVh\u201d sigh", "type": "direct_reply"}, {"index": 6, "attribution": 0.01754392310976982, "tweet_id": 524985660390649856, "text": "@CP24 Harper has nothing to say to Omaggot.", "type": "direct_reply"}, {"index": 3, "attribution": 0.006956399884074926, "tweet_id": 524986828357894144, "text": "@CP24 that's neither Obama nor Harper", "type": "direct_reply"}, {"index": 4, "attribution": -0.0035791846457868814, "tweet_id": 524986466674696192, "text": "@CP24 That conversation already took place about 20 mins. ago. Get with the program CP24 :-)", "type": "direct_reply"}, {"index": 2, "attribution": -0.007323151454329491, "tweet_id": 524990563867967488, "text": "\u201c@CP24: White House: Obama awaiting chance to speak with Harper about Ottawa shooting http://t.co/nySdkXcNiF http://t.co/0YPSbrRofR\u201d", "type": "direct_reply"}, {"index": 1, "attribution": -0.026992283761501312, "tweet_id": 525056750924627969, "text": "@CP24 where's Justin? Does he want to send more Aid Workers to deal with ISIL ? Understand what we have done to them ? He needs a Nobel PZ", "type": "direct_reply"}, {"index": 5, "attribution": -0.027452202513813972, "tweet_id": 525020633588322305, "text": "@CP24 ISIS captured heavy US-weapons \nhttp://t.co/83UH2fDy2j", "type": "direct_reply"}]}