{"thread_id": "524950887119482882", "gold_label": 1, "predicted_label": 2, "tweet_attributions": [{"index": 3, "attribution": 1.029850721359253, "tweet_id": 524952456393138176, "text": "\u201c@globeandmail: Police in pursuit of multiple shooters in Ottawa; PM safe; downtown buildings in lockdown\u201d WTF!? This is out of control.", "type": "direct_reply"}, {"index": 11, "attribution": 0.15018169581890106, "tweet_id": 524964611444191232, "text": "@Prokopsteph @globeandmail They're trained for this kind of stuff. Give them time and they'll have them either in handcuffs or a bodybags.", "type": "lower_reply"}, {"index": 10, "attribution": 0.1454247534275055, "tweet_id": 524956157170180096, "text": "Great coverage\n@globeandmail", "type": "direct_reply"}, {"index": 12, "attribution": 0.08856364339590073, "tweet_id": 524967160498896896, "text": "@globeandmail Sorry for your predicament. God Bless Canada and its beautiful citizens.", "type": "direct_reply"}, {"index": 6, "attribution": 0.06114990636706352, "tweet_id": 524953141666512896, "text": "Praying for safety in Ottawa today @globeandmail Police in pursuit of multiple shooters in Ottawa; PM safe; http://t.co/7JZOwzunix", "type": "direct_reply"}, {"index": 5, "attribution": 0.0599626749753952, "tweet_id": 524996751774982144, "text": "@globeandmail Press conference a non event. People need reassurance and these guys couldn't wait to leave building. No info at all", "type": "direct_reply"}, {"index": 2, "attribution": 0.05739713832736015, "tweet_id": 524957417407545347, "text": "@globeandmail Scary situation on Parliament Hill in Ottawa.", "type": "direct_reply"}, {"index": 9, "attribution": 0.034054480493068695, "tweet_id": 524967354443522048, "text": "@globeandmail @sonofselassie Thank God I can go back to sleep @pmharper is safe: And people say there is no God? Praise Our Fearless Leader!", "type": "direct_reply"}, {"index": 14, "attribution": 0.01624179072678089, "tweet_id": 524961090292424704, "text": "@globeandmail @Nisha_Hindu kill the lot of the peace loving religion \ud83d\udc4d", "type": "direct_reply"}, {"index": 7, "attribution": 0.0010057465406134725, "tweet_id": 524955067645165568, "text": "@globeandmail The CNN news thread on Twitter has a bunch of people writing posts in Arabic on it", "type": "direct_reply"}, {"index": 1, "attribution": -4.7976969653973356e-05, "tweet_id": 524953578293964800, "text": "@globeandmail good Prime Minister Harper is ok", "type": "direct_reply"}, {"index": 4, "attribution": -0.004172387532889843, "tweet_id": 524970215407632385, "text": "@darianhart @globeandmail I apologize I was hacked", "type": "lower_reply"}, {"index": 8, "attribution": -0.02870950661599636, "tweet_id": 524958441195192325, "text": "@globeandmail \nThis is now personal you sons of bitches! #CANADA is our Country &amp; we can't/won't tolerate this kind of threat! #Ottawa", "type": "direct_reply"}, {"index": 13, "attribution": -0.03312637656927109, "tweet_id": 524965096720961536, "text": "@biebersrih @globeandmail Aren't you funny? You're heartless and stupid.", "type": "lower_reply"}, {"index": 15, "attribution": -0.06971259415149689, "tweet_id": 524960645528453120, "text": "@globeandmail   How dare they!! I am so angry. Thanks for your coverage.", "type": "direct_reply"}, {"index": 0, "attribution": -0.764981210231781, "tweet_id": 524950887119482882, "text": "Police in pursuit of multiple shooters in Ottawa; PM safe; downtown buildings in lockdown http://t.co/3FCWaFPA4y http://t.co/Si3yY0BRRd", "type": "source"}]}