{"thread_id": "524974779540197376", "gold_label": 0, "predicted_label": 2, "tweet_attributions": [{"index": 5, "attribution": 3.5467569828033447, "tweet_id": 524976896476344320, "text": "@CBCAlerts Yep...First of all...lets call it 'workspace accident'... @jihadwartracker", "type": "direct_reply"}, {"index": 10, "attribution": 1.4806441068649292, "tweet_id": 524980064208039936, "text": "@usurytiger @CBCAlerts The canadians aren't giant cunts like our leaders.", "type": "lower_reply"}, {"index": 18, "attribution": 0.5669454336166382, "tweet_id": 524976116688486400, "text": "@CBCAlerts Thanks but no thanks.  Our PM kissed up to you and look where it got us. Stay away from Canada.", "type": "direct_reply"}, {"index": 4, "attribution": 0.4501666724681854, "tweet_id": 524977052458696704, "text": "\u201c@CBCAlerts: White House says US ready to offer Canada any necessary assistance after shootings in #Ottawa.\"\n\n#NoThanks #NSA #TSA #CIA", "type": "direct_reply"}, {"index": 2, "attribution": 0.3799333870410919, "tweet_id": 524976454392500224, "text": "@CBCAlerts  Didn't take long for Obama to stick his big snout into this.  Help?? They don't even know how to lock the White House doors.", "type": "direct_reply"}, {"index": 13, "attribution": 0.37524744868278503, "tweet_id": 524977038474903552, "text": "Obama's dope \u201c@CBCAlerts: White House says US ready to offer Canada any necessary assistance after shootings in #Ottawa.\u201d", "type": "direct_reply"}, {"index": 17, "attribution": 0.21807290613651276, "tweet_id": 524975347536633856, "text": "@CBCAlerts funny when obama get his wh attack he does nothin but when harper gets his attack obama is there with assistence..", "type": "direct_reply"}, {"index": 3, "attribution": 0.1377401500940323, "tweet_id": 524975083278696448, "text": "@CBCAlerts uh oh when you get both it's not good..", "type": "direct_reply"}, {"index": 7, "attribution": 0.03278123959898949, "tweet_id": 524975183405535232, "text": "@CBCAlerts I think we are all wondering if ISIS is behind these shootings.", "type": "direct_reply"}, {"index": 9, "attribution": 0.022564558312296867, "tweet_id": 524975819190325249, "text": "@CBCAlerts #neighbourlyhelp", "type": "direct_reply"}, {"index": 8, "attribution": 0.004091787151992321, "tweet_id": 524998034527363072, "text": "@SeanHChin @CBCAlerts amen! Now canada is a target for isis", "type": "lower_reply"}, {"index": 12, "attribution": -0.04813217744231224, "tweet_id": 524977343795044352, "text": "@CBCAlerts \n\"we don't need your war machines\nwe don't need your ghetto scenes.\"", "type": "direct_reply"}, {"index": 1, "attribution": -0.0652773454785347, "tweet_id": 524975943983837184, "text": "@CBCAlerts thank god!! \ud83d\udc4c\ud83d\udc4c", "type": "direct_reply"}, {"index": 14, "attribution": -0.11462841182947159, "tweet_id": 524988503675764736, "text": "@jihadwartracker I hope so. @CBCAlerts", "type": "lower_reply"}, {"index": 11, "attribution": -0.12327123433351517, "tweet_id": 524974947643711488, "text": "@CBCAlerts good", "type": "direct_reply"}, {"index": 0, "attribution": -0.18357063829898834, "tweet_id": 524974779540197376, "text": "White House says US ready to offer Canada any necessary assistance after shootings in #Ottawa. #BarackObama to speak with PM Harper today.", "type": "source"}, {"index": 15, "attribution": -0.19524143636226654, "tweet_id": 524975320345374720, "text": "@CBCAlerts thanks america!", "type": "direct_reply"}, {"index": 16, "attribution": -0.22882221639156342, "tweet_id": 524977344143192064, "text": "@COCAPTEA  Go fuck yourself.", "type": "lower_reply"}, {"index": 6, "attribution": -0.4552997648715973, "tweet_id": 524977404779827201, "text": "@InDobbyWeTrust obama can't look after his own wh when attack cause he's off golfing an does nothin .. but when harper gts his obama is", "type": "lower_reply"}, {"index": 19, "attribution": -0.8696997165679932, "tweet_id": 524975550490636289, "text": "@CBCAlerts obama better look after his own before assistening another..", "type": "direct_reply"}]}