{"thread_id": "524957647653863424", "gold_label": 0, "predicted_label": 0, "tweet_attributions": [{"index": 0, "attribution": 0.22418217360973358, "tweet_id": 524957647653863424, "text": "Harper to make statement today after gunman shot dead in #Parliament. PM safe, not on Parliament Hill, being briefed by security officials.", "type": "source"}, {"index": 1, "attribution": -0.00012797594536095858, "tweet_id": 524965196641869824, "text": "@CBCAlerts Some security, pathetic. Should stop spending $B on spying on everyone &amp; start looking at what's under their nose.", "type": "direct_reply"}, {"index": 3, "attribution": -0.011989324353635311, "tweet_id": 524959177593331712, "text": "@CBCAlerts @NBCNews how sad that NBC is providing more detailed information on this than CBC.", "type": "direct_reply"}, {"index": 4, "attribution": -0.01357689406722784, "tweet_id": 525061487035822082, "text": "Wik kaqua yaqua. Ikta kata ukuk ilahi. \u201cMT @CBCAlerts: Harper to make statement gunman shot dead in #Parliament. \u201d", "type": "direct_reply"}, {"index": 5, "attribution": -0.020706456154584885, "tweet_id": 524958674876649473, "text": "@CBCAlerts did they know about these guys too?", "type": "direct_reply"}, {"index": 2, "attribution": -0.03835972398519516, "tweet_id": 524957921533501441, "text": "@CBCAlerts God bless you all.", "type": "direct_reply"}]}