{"thread_id": "524935633463037953", "gold_label": 0, "predicted_label": 0, "tweet_attributions": [{"index": 0, "attribution": 0.25575777888298035, "tweet_id": 524935633463037953, "text": "OTTAWA SHOOTING\n- Soldier shot at memorial\n- Parliament Hill on lockdown\n- Harper, Mulcair, Trudeau, safe\nhttp://t.co/rrG871HBGv", "type": "source"}, {"index": 1, "attribution": 0.045324746519327164, "tweet_id": 524937069445918720, "text": "@HuffPostCanada My twitter app shwos Ottawa shotting http://t.co/VlcPC99uBJ", "type": "direct_reply"}, {"index": 2, "attribution": -0.035670552402734756, "tweet_id": 524936755989217281, "text": "@HuffPostCanada That's great. The important question is how is the soldier?", "type": "direct_reply"}]}