{"thread_id": "524931019745812480", "gold_label": 0, "predicted_label": 2, "tweet_attributions": [{"index": 1, "attribution": 3.902137041091919, "tweet_id": 525229074265161730, "text": "@KerriBennettW @CTVToronto enemies in our midst...it is very sad! And for what? Hard to understand! A precious life lost senselessly \ud83d\ude22", "type": "lower_reply"}, {"index": 3, "attribution": 2.5468671321868896, "tweet_id": 525152813857255424, "text": "@CTVToronto @Elisa_Lo_ So sad.", "type": "direct_reply"}, {"index": 2, "attribution": 1.486763596534729, "tweet_id": 525470479143170049, "text": "@KerriBennettW @CTVToronto that is the word....evil... no other explanation for such an act! :(( Prayers...only God can comfort &amp; heal...", "type": "lower_reply"}, {"index": 4, "attribution": 1.4554678201675415, "tweet_id": 525462653943037952, "text": "@Elisa_Lo_ @CTVToronto Crazy evil. :( Prayers for comfort for all those harmed/hurt, body or soul.", "type": "lower_reply"}, {"index": 5, "attribution": -0.21677015721797943, "tweet_id": 524934711656071168, "text": "@CTVToronto We need to do something about this Canada!!", "type": "direct_reply"}, {"index": 0, "attribution": -0.7328987717628479, "tweet_id": 524931019745812480, "text": "DEVELOPING STORY: Soldier shot in #Ottawa at War Memorial. http://t.co/mm5SwzQpyZ http://t.co/U94FCGWlsi", "type": "source"}]}