{"thread_id": "524969878823137280", "gold_label": 2, "predicted_label": 0, "tweet_attributions": [{"index": 0, "attribution": 0.4175453186035156, "tweet_id": 524969878823137280, "text": "Ottawa Hospital says it received 3 patients after shootings; 2 stable, won't give update on soldier - statement http://t.co/aF9HyT9BgX", "type": "source"}, {"index": 1, "attribution": -0.008210494183003902, "tweet_id": 524970831227944960, "text": "@BreakingNews breaking update, the soldier has died.", "type": "direct_reply"}, {"index": 2, "attribution": -0.07566622644662857, "tweet_id": 524970671265570816, "text": "@BreakingNews I pray for the quick recovery of thr injured.", "type": "direct_reply"}]}