{"thread_id": "524954028287877121", "gold_label": 1, "predicted_label": 0, "tweet_attributions": [{"index": 0, "attribution": 0.31768468022346497, "tweet_id": 524954028287877121, "text": "Police in Ottawa are searching for suspected gunmen who shot a solider and fired shots in Parliament this morning. http://t.co/1cKIHwuCzl", "type": "source"}, {"index": 5, "attribution": 0.07023369520902634, "tweet_id": 524954240083828736, "text": "@Reuters CONFIRMED 1 gunman SHOT DEAD, 2 MORE on the loose in Ottawa near the Rideau Center Mall.", "type": "direct_reply"}, {"index": 6, "attribution": 0.021772613748908043, "tweet_id": 524954331351904256, "text": "@Reuters LIVE COVERAGE: http://t.co/g3QaJKWZ35", "type": "direct_reply"}, {"index": 4, "attribution": 0.013449578545987606, "tweet_id": 524954134496411648, "text": "@Reuters \u064a\u0627\u0631\u062c\u0627\u0644 \u0648\u0634 \u0647\u0627\u0644\u062d\u0633\u0627\u0628 \u061f - \u062a\u0627\u0628\u0639\u0648\u0647 @Question_arab", "type": "direct_reply"}, {"index": 7, "attribution": -0.010346860624849796, "tweet_id": 524967517199282177, "text": "@Reuters @IslamZimbabwe How many politicians needed clean underwear? Easy 2  send soldiers into war but shuts down a state becoz of gunshots", "type": "direct_reply"}, {"index": 3, "attribution": -0.020382095128297806, "tweet_id": 524954130335690752, "text": "@Reuters \u062d\u0633\u0627\u0628 \u0641\u064a\u0647 \u0627\u0633\u0626\u0644\u0629 \u0633\u062d\u0631\u064a\u0647 -_- !! - @Question_arab", "type": "direct_reply"}, {"index": 2, "attribution": -0.036782268434762955, "tweet_id": 524955850121961473, "text": "@Reuters Cue the bombardment now.", "type": "direct_reply"}, {"index": 1, "attribution": -0.03719666972756386, "tweet_id": 524975705063690240, "text": "@Reuters  Definitely will shake Canadian complacency and make it a meaner place to live.", "type": "direct_reply"}]}