{"thread_id": "524943886553468929", "gold_label": 0, "predicted_label": 2, "tweet_attributions": [{"index": 6, "attribution": 2.3211758136749268, "tweet_id": 524967843079933953, "text": "@sofiadmateus @SkyNewsBreak I expected it given ISIS threats I just wouldnt think Canada would be the first", "type": "lower_reply"}, {"index": 14, "attribution": 1.3901723623275757, "tweet_id": 524944829453963264, "text": "@sofiadmateus @SkyNewsBreak 3", "type": "lower_reply"}, {"index": 12, "attribution": 0.6131798624992371, "tweet_id": 524968863331782656, "text": "@sofiadmateus @SkyNewsBreak yeah but id be really suprised if its not, its not 1 crazy guy losing it is it", "type": "lower_reply"}, {"index": 15, "attribution": 0.5253428816795349, "tweet_id": 524969357064278016, "text": "@James_Aston_29 @SkyNewsBreak Not saying that it's that or that it isn't, just I'd rather wait to see what it is exactly...", "type": "lower_reply"}, {"index": 1, "attribution": 0.3185085952281952, "tweet_id": 524983378169581569, "text": "@SkyNewsBreak Ottowa.bet it was D.despicable.I.indiscriminate.S.stupid IS.C.condemnated.O.ooo..oops that was Ottowan..they even attack music", "type": "direct_reply"}, {"index": 13, "attribution": 0.29081013798713684, "tweet_id": 524944078480621568, "text": "@SkyNewsBreak @BBCWorld So there is more than 1 shooter? https://t.co/39dZbPmEAJ", "type": "direct_reply"}, {"index": 16, "attribution": 0.1938626617193222, "tweet_id": 524950898301493248, "text": "@SkyNewsBreak If this turns out to be a Jihadist, may the world wake up !", "type": "direct_reply"}, {"index": 8, "attribution": 0.13018940389156342, "tweet_id": 524944052924710913, "text": "@SkyNewsBreak hope it was @justinbieber", "type": "direct_reply"}, {"index": 0, "attribution": 0.0547223836183548, "tweet_id": 524943886553468929, "text": "Reuters: One gunman has been shot dead inside Canadian parliament building #OttawaShooting", "type": "source"}, {"index": 7, "attribution": -0.022613832727074623, "tweet_id": 524945538782097408, "text": "@SkyNewsBreak sounds like a 2nd suspect shot now #OttawaShooting", "type": "direct_reply"}, {"index": 4, "attribution": -0.07525397092103958, "tweet_id": 524947211864801280, "text": "\u201c@SkyNewsBreak: Reuters: One gunman has been shot dead inside Canadian parliament building #OttawaShooting\u201d #fuoriuno", "type": "direct_reply"}, {"index": 3, "attribution": -0.07840442657470703, "tweet_id": 524944238661079040, "text": "@SkyNewsBreak There was more than one?", "type": "direct_reply"}, {"index": 10, "attribution": -0.13814035058021545, "tweet_id": 524945769980497920, "text": "\u201c@SkyNewsBreak: Reuters: One gunman has been shot dead inside Canadian parliament building #OttawaShooting\u201d wtffff", "type": "direct_reply"}, {"index": 9, "attribution": -0.16096283495426178, "tweet_id": 524944180339281922, "text": "@SkyNewsBreak @SkyNews good!", "type": "direct_reply"}, {"index": 2, "attribution": -0.27242591977119446, "tweet_id": 524945497078116352, "text": "\u201c@SkyNewsBreak: Reuters: One gunman has been shot dead inside Canadian parliament building #OttawaShooting\u201d", "type": "direct_reply"}, {"index": 11, "attribution": -0.305131733417511, "tweet_id": 524947360456380416, "text": "@James_Aston_29 @SkyNewsBreak Thanks. I can't believe it....", "type": "lower_reply"}, {"index": 5, "attribution": -0.4096532166004181, "tweet_id": 524968614966091776, "text": "@James_Aston_29 @SkyNewsBreak There is no concrete indication yet that this incident has any connection with ISIS, correct?", "type": "lower_reply"}]}