{"thread_id": "524982066564567040", "gold_label": 0, "predicted_label": 2, "tweet_attributions": [{"index": 0, "attribution": 0.0871603861451149, "tweet_id": 524982066564567040, "text": "BREAKING: Ottawa Police confirm that a member of the Canadian Forces has succumbed to injuries in hospital following shooting...", "type": "source"}, {"index": 27, "attribution": 0.07108031958341599, "tweet_id": 524982197573672961, "text": "Ottawa Police also say that one male suspect has also been confirmed deceased.", "type": "direct_reply"}, {"index": 26, "attribution": 0.07097267359495163, "tweet_id": 524982643008733184, "text": "@imafan4you @CP24 You support terrorists???", "type": "lower_reply"}, {"index": 15, "attribution": 0.05756629630923271, "tweet_id": 524983454728208384, "text": "@CP24 CONFIRMED there were ONLY 2 shooting sites, War Monument and Parliament in Ottawa. NOT in the Rideau Center Mall", "type": "lower_reply"}, {"index": 6, "attribution": 0.047603312879800797, "tweet_id": 524982425034960896, "text": "\"This is an ongoing joint police operation and there is no one in custody at this time,\" a press release from Ottawa Police reads.", "type": "lower_reply"}, {"index": 12, "attribution": 0.04587370529770851, "tweet_id": 524998711118934017, "text": "@7PinkPanther7 @CP24 I thought it was about the soldier that was shot and has passed.", "type": "lower_reply"}, {"index": 17, "attribution": 0.040365613996982574, "tweet_id": 524998797693550592, "text": "@imafan4you @CP24 No problem! :)", "type": "lower_reply"}, {"index": 21, "attribution": 0.02801990695297718, "tweet_id": 524997942944731137, "text": "@7PinkPanther7 @CP24 no I'm sorry read it wrong. Not at all.", "type": "lower_reply"}, {"index": 16, "attribution": 0.02476915530860424, "tweet_id": 524997721955254274, "text": "@K3y53rS0ze @CP24 oh I read it wrong. I thought this was about the soldier. Sorry.", "type": "lower_reply"}, {"index": 4, "attribution": 0.023954907432198524, "tweet_id": 524983876536795138, "text": "@imafan4you @CP24 are you out of your mind - terrorist rest in peace? No, may he burn in hell", "type": "lower_reply"}, {"index": 7, "attribution": 0.022618530318140984, "tweet_id": 524982904234188800, "text": "@CP24 so sad. rest in peace", "type": "direct_reply"}, {"index": 13, "attribution": 0.019016403704881668, "tweet_id": 524986106748874753, "text": "@CP24 Simply heartbreaking", "type": "direct_reply"}, {"index": 22, "attribution": 0.016655683517456055, "tweet_id": 524998072523583489, "text": "@imafan4you @CP24 Ok no problem", "type": "lower_reply"}, {"index": 9, "attribution": 0.013848199509084225, "tweet_id": 524985160119631873, "text": "@CP24 Such a dark and sad day for Canada! A strip of our innocence ripped off.Deepest sympathy to the family of the fallen soldier.\ud83d\ude22", "type": "direct_reply"}, {"index": 14, "attribution": 0.009196831844747066, "tweet_id": 524985532942934016, "text": "@CP24 My prayers and heart goes out  for the family of the slain soldier. God Bless his family.", "type": "direct_reply"}, {"index": 11, "attribution": 0.006778724957257509, "tweet_id": 524985822341509120, "text": "\u201c@CP24: BREAKING: Ottawa Police confirm that a member of the Canadian Forces has succumbed to injuries in hospital following shooting...\u201d", "type": "direct_reply"}, {"index": 8, "attribution": 0.005879411939531565, "tweet_id": 524983081238028288, "text": "@CP24 Rest in peace \ud83d\ude14", "type": "direct_reply"}, {"index": 1, "attribution": 0.005357513669878244, "tweet_id": 524984420189872128, "text": "RIP \ud83d\ude14\ud83c\udf39 \u201c@CP24: Ottawa Police confirm that a member of the Canadian Forces has succumbed to injuries in hospital following shooting...\u201d", "type": "direct_reply"}, {"index": 10, "attribution": 0.005140895955264568, "tweet_id": 524982601505710081, "text": "@CP24", "type": "direct_reply"}, {"index": 24, "attribution": 0.00031077564926818013, "tweet_id": 524994269120323584, "text": "@CP24 who was the suspect???", "type": "lower_reply"}, {"index": 18, "attribution": 0.00022894471476320177, "tweet_id": 524982160969961472, "text": "\u201c@CP24: BREAKING: Ottawa Police confirm that a member of the Canadian Forces has succumbed to injuries in hospital following shooting...\u201dRIP", "type": "direct_reply"}, {"index": 19, "attribution": -0.0035216889809817076, "tweet_id": 524994295292772354, "text": "@CP24  Then send him to the country where he thinks terrorism is how Canadians live...evict him for good..mistakes cost lives", "type": "lower_reply"}, {"index": 23, "attribution": -0.003878832096233964, "tweet_id": 524983288734433281, "text": "\u201c@CP24: BREAKING: Ottawa Police confirm that a member of the Canadian Forces has succumbed to injuries in hospital following shooting...\u201d", "type": "direct_reply"}, {"index": 20, "attribution": -0.008007586933672428, "tweet_id": 524982567339327488, "text": "@CP24 @Tweetbrk #OneBastardBitesTheDust", "type": "lower_reply"}, {"index": 2, "attribution": -0.008614198304712772, "tweet_id": 524983319935848448, "text": "@CP24 @metrowinnipeg rest in peace.", "type": "direct_reply"}, {"index": 5, "attribution": -0.010886420495808125, "tweet_id": 524982401735622657, "text": "\u201c@CP24: BREAKING: Ottawa Police confirm that a member of the Canadian Forces has succumbed to injuries in hospital following shooting...\u201d \ud83d\ude22\ud83d\ude22", "type": "direct_reply"}, {"index": 3, "attribution": -0.01223605778068304, "tweet_id": 524993984524193793, "text": "@CP24  Have we not learned from 9/11? Stop letting these terrorists into Canada.  DEPORTATION! if he was Canadian &amp; he became radicalised...", "type": "lower_reply"}, {"index": 25, "attribution": -0.014794289134442806, "tweet_id": 524982172789510144, "text": "\u201c@CP24: BREAKING: Ottawa Police confirm that a member of the Canadian Forces has succumbed to injuries in hospital following shooting...\u201d \ud83d\ude22\ud83c\udf41", "type": "direct_reply"}]}