{"thread_id": "524940014065811456", "gold_label": 0, "predicted_label": 2, "tweet_attributions": [{"index": 2, "attribution": 2.6898727416992188, "tweet_id": 524945505030529024, "text": "@cnni Wait times at Canadian hospitals can reach 18 hours or more", "type": "lower_reply"}, {"index": 5, "attribution": 1.910202145576477, "tweet_id": 524944938317119488, "text": "@cnni wsib in Ontario, Canada has ruined more injuried worker's lives than the work related injuries have While lining their pockets", "type": "lower_reply"}, {"index": 9, "attribution": 1.6265813112258911, "tweet_id": 524946072352092160, "text": "@cnni Canada's aboriginals live in intermittent camps with no clean water and no hope while new Immagrats get free health care and cash", "type": "lower_reply"}, {"index": 3, "attribution": 1.0151537656784058, "tweet_id": 524961526331887616, "text": "@cnni My map app shows tweets from #Ottawa shooting site http://t.co/VlcPC99uBJ \u2026 #ParliamentHill", "type": "direct_reply"}, {"index": 18, "attribution": 0.9951827526092529, "tweet_id": 524953254765920256, "text": "@cnni @worldmist1 @CNN Why do I see CNN as running \"toward\" the incident in Canada...yet...have seen CNN running \"away\" from Ferguson..?", "type": "direct_reply"}, {"index": 19, "attribution": 0.9395673871040344, "tweet_id": 524944390935310336, "text": "@cnni Politicians in Canada line their pockets while the citizens go to under funded foodbanks", "type": "direct_reply"}, {"index": 15, "attribution": 0.6192311644554138, "tweet_id": 524944290834026496, "text": "@cnni  Don't they have strict gun laws there?", "type": "direct_reply"}, {"index": 0, "attribution": 0.5215638875961304, "tweet_id": 524940014065811456, "text": "BREAKING: \"Dozens\" of shots fired in Canada's Parliament after gunman entered main door, Ottawa journalist says. http://t.co/qsAnGNqBEw", "type": "source"}, {"index": 14, "attribution": 0.3041275441646576, "tweet_id": 524966311126761473, "text": "@worldmist1 Thanks...thought it an Oprah kinda moment...! LOL..!", "type": "lower_reply"}, {"index": 20, "attribution": 0.1634683758020401, "tweet_id": 524941980673904640, "text": "@cnni @CNN my goodness!", "type": "direct_reply"}, {"index": 13, "attribution": 0.15710903704166412, "tweet_id": 524946485239365632, "text": "@cnni Federal politicians gave themselves, voted themselves a life time pension after 6 years in office", "type": "lower_reply"}, {"index": 11, "attribution": 0.14923134446144104, "tweet_id": 524965034095435776, "text": "Exactly! @hoosercharles58", "type": "lower_reply"}, {"index": 10, "attribution": 0.11880490928888321, "tweet_id": 524945310695837696, "text": "@cnni Government of Canada ignores the veterans' needs to the point where they commit suicide", "type": "lower_reply"}, {"index": 4, "attribution": 0.040531571954488754, "tweet_id": 524940198673924096, "text": "@cnni shooter inside the parliament has been killed but possible second shooter near the Chateau Laurier hotel.", "type": "direct_reply"}, {"index": 7, "attribution": -0.10612022131681442, "tweet_id": 524940830470316032, "text": "@cnni  word of police swarming hotel near parliament hill no word why", "type": "direct_reply"}, {"index": 6, "attribution": -0.1966414600610733, "tweet_id": 524940558997807104, "text": "@JWadeMoses @cnni Whoa! \ud83d\ude31", "type": "lower_reply"}, {"index": 8, "attribution": -0.19686363637447357, "tweet_id": 524963925025366016, "text": "Kanada bile sapitti \u201c@cnni: BREAKING: \"Dozens\" of shots fired in Canada's Parliament after gunman entered main door http://t.co/K0wfxoqvpo\u201d", "type": "direct_reply"}, {"index": 12, "attribution": -0.3008907437324524, "tweet_id": 524946896365047809, "text": "@cnni Government agencies do nothing to help and are only in existence for their salaries and out of control pensions", "type": "lower_reply"}, {"index": 16, "attribution": -0.41560760140419006, "tweet_id": 524942010080579584, "text": "@cnni \"Breaking news\" is so played out now!  \ud83d\ude1e\ud83d\ude1e\ud83d\ude1e\ud83d\ude1e", "type": "direct_reply"}, {"index": 17, "attribution": -0.47648581862449646, "tweet_id": 524946661681143808, "text": "@cnni What I do not get is they are saying that the Parliament Building doesn't have a metal detector. How can it not have a metal detector?", "type": "direct_reply"}, {"index": 1, "attribution": -0.5324544310569763, "tweet_id": 524944028581003264, "text": "@cnni Bound2happen w/ the way the Canadian politicians &amp; civil servants treat the tax payers of Canada Surprised it didn't happen sooner", "type": "direct_reply"}]}