{"thread_id": "524979946218061824", "gold_label": 0, "predicted_label": 0, "tweet_attributions": [{"index": 0, "attribution": 0.265015572309494, "tweet_id": 524979946218061824, "text": "Leafs-Sens game postponed after shootings on Parliament Hill http://t.co/19SAtvFFKT", "type": "source"}, {"index": 2, "attribution": 0.028796853497624397, "tweet_id": 525004559958425600, "text": "\u201c@CP24: Leafs-Sens game postponed after shootings on Parliament Hill http://t.co/EI7DW4cZ97\u201dwhat the fuuck \ud83d\ude33", "type": "direct_reply"}, {"index": 3, "attribution": 0.020384717732667923, "tweet_id": 524990917904977921, "text": "\u201c@CP24: Leafs-Sens game postponed after shootings on Parliament Hill http://t.co/LYqf6HMjan\u201d@bsampsz", "type": "direct_reply"}, {"index": 1, "attribution": -0.04432022571563721, "tweet_id": 524980348682530817, "text": "@CP24 stay safe", "type": "direct_reply"}]}