{"thread_id": "524980219749597185", "gold_label": 0, "predicted_label": 2, "tweet_attributions": [{"index": 1, "attribution": 0.8322374820709229, "tweet_id": 524988048459984896, "text": "@globeandmail This is what they want!", "type": "direct_reply"}, {"index": 9, "attribution": 0.11557363718748093, "tweet_id": 525016834060611584, "text": "@globeandmail Look, I hate Harper too, but I suspect ALL events were cancelled today.", "type": "direct_reply"}, {"index": 4, "attribution": 0.10028287023305893, "tweet_id": 525025390168145920, "text": "@globeandmail too bad Malala came to our country on such a day. She knows first hand what these really horrible people can do.", "type": "direct_reply"}, {"index": 18, "attribution": 0.0760548859834671, "tweet_id": 524981945017831424, "text": "@globeandmail @NeelakshiGswm what did she did for this to happen? #nothing", "type": "direct_reply"}, {"index": 8, "attribution": 0.06934122741222382, "tweet_id": 524987920222916608, "text": "@globeandmail Cancel the citizenship \nrather than cancelling the event", "type": "direct_reply"}, {"index": 5, "attribution": 0.06609047204256058, "tweet_id": 524989308336222208, "text": "@globeandmail  Good.Instead of preaching Pokistan to stop cross-border terrorism, she was preaching India to hold talks with Pokis.", "type": "direct_reply"}, {"index": 12, "attribution": 0.04930907115340233, "tweet_id": 524980678178635778, "text": "@globeandmail Postponed would be the word you're looking for.", "type": "direct_reply"}, {"index": 10, "attribution": 0.0479341559112072, "tweet_id": 524984011291377664, "text": "@globeandmail @robyndoolittle Malala must surely be impressed by our lack of bravery in the face of threats.", "type": "direct_reply"}, {"index": 16, "attribution": 0.03646685928106308, "tweet_id": 524981062779543552, "text": "@globeandmail I'm not sure if this counts as \"ironic\", but it sure feels like it.", "type": "direct_reply"}, {"index": 3, "attribution": 0.02516176551580429, "tweet_id": 524986998613114880, "text": "@globeandmail so does she get the honorary citizenship or not?", "type": "direct_reply"}, {"index": 6, "attribution": 0.014470157213509083, "tweet_id": 524985187219030017, "text": "@globeandmail Is there a theory or discussion that the #ottawashooting and #Malala event are connected?", "type": "direct_reply"}, {"index": 14, "attribution": 0.01256972923874855, "tweet_id": 524982232067620864, "text": "@globeandmail @annispice There's always a downside to everything... x. #StaySafeMalala.", "type": "direct_reply"}, {"index": 19, "attribution": -0.00903582014143467, "tweet_id": 525005144031649794, "text": "@globeandmail I'm sure he cancelled due to what's happening, because Ottawa is more important at the moment", "type": "direct_reply"}, {"index": 17, "attribution": -0.014010203070938587, "tweet_id": 524985575573827584, "text": "@globeandmail @Harper @MarcGarneau Give her our citizenship asap. Do NOT let the terrorists win. @ThomasMulcair #OttawaShooting", "type": "direct_reply"}, {"index": 11, "attribution": -0.01436619833111763, "tweet_id": 525112589299482624, "text": "@dianescrazy  Who is \"they\"?", "type": "lower_reply"}, {"index": 13, "attribution": -0.03431478887796402, "tweet_id": 524982212794781699, "text": "@globeandmail @robyndoolittle Um, why are we giving her citizenship?", "type": "direct_reply"}, {"index": 7, "attribution": -0.06822140514850616, "tweet_id": 524981188046643201, "text": "@globeandmail ...really?", "type": "direct_reply"}, {"index": 2, "attribution": -0.07121311873197556, "tweet_id": 524998375364894722, "text": "@globeandmail reschedule.", "type": "direct_reply"}, {"index": 15, "attribution": -0.20891612768173218, "tweet_id": 524991282016690178, "text": "of course \u201c@globeandmail: Harper cancels Malala citizenship event in wake of Ottawa shootings http://t.co/cnXeNIFk4c http://t.co/V7pCFRn7e5\u201d", "type": "direct_reply"}, {"index": 0, "attribution": -0.4918111562728882, "tweet_id": 524980219749597185, "text": "Harper cancels Malala citizenship event in wake of Ottawa shootings http://t.co/jZGipsGIK6 #OttawaShooting http://t.co/FG7pcHuDmK", "type": "source"}]}