{"thread_id": "524972443308683264", "gold_label": 2, "predicted_label": 2, "tweet_attributions": [{"index": 4, "attribution": 2.340578556060791, "tweet_id": 524974351095832578, "text": "@amyminsky @GlobalNational 12:50am??", "type": "direct_reply"}, {"index": 3, "attribution": 1.8688617944717407, "tweet_id": 524995006088896513, "text": "@Olternaut The terrorists bit has not been confirmed as far as I'm aware. Last guy who shot up Parliament 29 yrs ago was a nutcase. #waiting", "type": "lower_reply"}, {"index": 5, "attribution": 1.6961480379104614, "tweet_id": 524990464970489856, "text": "@amyminsky @cindyreddeer Okay did quick search.  Seems these are low level wannabe terrorists retaliating for Canada's stand against ISIS.", "type": "lower_reply"}, {"index": 9, "attribution": 1.2882301807403564, "tweet_id": 524974608286359552, "text": "@cherylfolland @amyminsky @GlobalNational Probably meant PM, in the afternoon &gt;.&lt;", "type": "lower_reply"}, {"index": 10, "attribution": 0.5052337050437927, "tweet_id": 524995354539085826, "text": "@cindyreddeer True.  But I hear there was a similar incident this past Monday. Is that correct?  That makes me think its low level terrorism", "type": "lower_reply"}, {"index": 8, "attribution": 0.3616403341293335, "tweet_id": 524995496944087040, "text": "@amyminsky @BretBaier this is s dry run for what that have planned for us in USA.", "type": "direct_reply"}, {"index": 7, "attribution": 0.24692441523075104, "tweet_id": 524989861087158272, "text": "@amyminsky @cindyreddeer Okay, so what's been happening in Canada?", "type": "direct_reply"}, {"index": 11, "attribution": 0.2247779816389084, "tweet_id": 524996070972358656, "text": "@Olternaut A soldier was intentionally hit by a car driven by a radicalized person, also not really confirmed yet. http://t.co/5g4OhXoh2t", "type": "lower_reply"}, {"index": 6, "attribution": -0.01502408366650343, "tweet_id": 524996595021283328, "text": "@cindyreddeer Everything needs to be confirmed of course.  It would make sense though if true though.", "type": "lower_reply"}, {"index": 2, "attribution": -0.21932436525821686, "tweet_id": 524975009488330756, "text": "@amyminsky @althiaraj Thank you for up date ---  great job --Thank you ------pnp---canada", "type": "direct_reply"}, {"index": 1, "attribution": -0.340392142534256, "tweet_id": 524975119438200833, "text": ".@mariaenchanted @cherylfolland  yes, certainly a typo. @GlobalNational", "type": "lower_reply"}, {"index": 0, "attribution": -1.0598543882369995, "tweet_id": 524972443308683264, "text": "Statement from Ottawa Hospital: received 3 patients. 2 in stable condition. http://t.co/zu5hYPrGDL", "type": "source"}]}