{"thread_id": "524995771587108864", "gold_label": 0, "predicted_label": 2, "tweet_attributions": [{"index": 3, "attribution": 0.8229048848152161, "tweet_id": 525036307173879808, "text": "@MikeSavageHFX  The @HfxRegPolice flags are also at half-mast. RIP Cpl. Nathan Cirillo. Our thoughts and prayers are with his family &amp; CAF", "type": "direct_reply"}, {"index": 2, "attribution": 0.31376296281814575, "tweet_id": 525299114922496000, "text": "@JMBlais1 @HfxRegPolice @MikeSavageHFX \n#heroesinlifenotdeath", "type": "lower_reply"}, {"index": 1, "attribution": 0.08003007620573044, "tweet_id": 525000464593858561, "text": "@MikeSavageHFX Iam very sad !!! My heart broken .", "type": "direct_reply"}, {"index": 4, "attribution": -0.04273124039173126, "tweet_id": 525015793374101506, "text": "@MikeSavageHFX @HfxRegPolice @hfxgov Please take a minute to hug your loved ones today. God's speed to the family and first responders.", "type": "direct_reply"}, {"index": 6, "attribution": -0.05302990972995758, "tweet_id": 525047302663442433, "text": "@MikeSavageHFX a bit of joy in a gloomy day here at #coady55  celebrating remarkable legacy of Coady.", "type": "direct_reply"}, {"index": 5, "attribution": -0.1558757722377777, "tweet_id": 525008964409638912, "text": "@MikeSavageHFX @paigemacp How about giving them bullets before they are shot instead of honours after", "type": "direct_reply"}, {"index": 0, "attribution": -0.44085362553596497, "tweet_id": 524995771587108864, "text": "This afternoon we've lowered our flags to half mast in honour of the Canadian Reservist who lost his life in Ottawa. http://t.co/3oTF5sd2Lf", "type": "source"}]}