{"thread_id": "524947964620701696", "gold_label": 2, "predicted_label": 2, "tweet_attributions": [{"index": 4, "attribution": 3.672611951828003, "tweet_id": 524948304380321794, "text": "@BonsieTweets Awful ... just awful. Be safe all. Thoughts are with family of soldier :(", "type": "direct_reply"}, {"index": 10, "attribution": 1.587591290473938, "tweet_id": 524957922087145473, "text": "@Teaqueen180 @BonsieTweets it's the tomb of the unknown soldier meaning the soldiers they couldn't identify during/after WW1&amp;2 not a person", "type": "lower_reply"}, {"index": 3, "attribution": 0.49692094326019287, "tweet_id": 524948410542338049, "text": "\u201c@BonsieTweets: Some Leaf players say they heard shots this morning from the Tomb of the Unknown Soldier. Scary events in Ottawa\u201d : O", "type": "direct_reply"}, {"index": 6, "attribution": 0.4420299232006073, "tweet_id": 524948398886375424, "text": "@BonsieTweets Stay Safe!", "type": "direct_reply"}, {"index": 8, "attribution": 0.3380909264087677, "tweet_id": 524951330868457472, "text": "@L0velyMissJenn they better be! ..they need to be shot themselves !! Pricks", "type": "lower_reply"}, {"index": 2, "attribution": 0.10596228390932083, "tweet_id": 524949423580008448, "text": "@BonsieTweets @L0velyMissJenn  omg...scary", "type": "direct_reply"}, {"index": 7, "attribution": 0.021138310432434082, "tweet_id": 524960960038318080, "text": "@VBroadbelt yes, I meant the one soldier that suffered injuries earlier in today's events", "type": "lower_reply"}, {"index": 5, "attribution": -0.16118288040161133, "tweet_id": 524949873121300480, "text": "@L0velyMissJenn it's unbelievable what this world is coming too.", "type": "lower_reply"}, {"index": 1, "attribution": -0.1972072273492813, "tweet_id": 524950803648622592, "text": "\u201c@BonsieTweets: Some Leaf players say they heard shots this morning from the Tomb of the Unknown Soldier.\" @THNKenCampbell but Kanata right?", "type": "direct_reply"}, {"index": 9, "attribution": -0.24317769706249237, "tweet_id": 524951040513540096, "text": "@L0velyMissJenn Omg I didn't hear that..good lord!! The city is in lock down i'm sure..prayers r with everyone there .", "type": "lower_reply"}, {"index": 11, "attribution": -0.5009536147117615, "tweet_id": 524950984670588930, "text": "\u201c@BonsieTweets: Some Leaf players say they heard shots this morning from the Tomb of the Unknown Soldier. Scary events in Ottawa\u201d very scary", "type": "direct_reply"}, {"index": 0, "attribution": -1.0015544891357422, "tweet_id": 524947964620701696, "text": "Some Leaf players say they heard shots this morning from the Tomb of the Unknown Soldier. Scary events in Ottawa", "type": "source"}]}