{"thread_id": "524958743000125440", "gold_label": 2, "predicted_label": 0, "tweet_attributions": [{"index": 0, "attribution": 0.2648368179798126, "tweet_id": 524958743000125440, "text": "BREAKING: #Ottawa Civic Hosp official says TWO NEW PATIENTS are enroute to hospital. 1 w/gunshot wounds. Both stable. @ctvottawa #ottnews", "type": "source"}, {"index": 2, "attribution": 0.03697967156767845, "tweet_id": 524960213762588672, "text": "#AttackInOttawa\n@CatherineCTV: BREAKING: #Ottawa CivicHosp official: TWO NEW PATIENTS are enroute to hospital\n1 w/gunshot wounds\nBoth stable", "type": "direct_reply"}, {"index": 1, "attribution": -0.0336369052529335, "tweet_id": 524962755049439233, "text": "@CatherineCTV @ctvottawa That makes four in total?", "type": "direct_reply"}]}