{"thread_id": "524943504192311296", "gold_label": 0, "predicted_label": 0, "tweet_attributions": [{"index": 0, "attribution": 0.26827147603034973, "tweet_id": 524943504192311296, "text": "All Ottawa police stations are closed. University of Ottawa in lockdown. Campus closed.", "type": "source"}, {"index": 3, "attribution": 0.022759826853871346, "tweet_id": 524949556304551937, "text": "\u201c@ClaudiaCTV: All Ottawa police stations are closed. University of Ottawa in lockdown. Campus closed.\u201d", "type": "direct_reply"}, {"index": 1, "attribution": -0.02584165334701538, "tweet_id": 524950243864244224, "text": "\u201c@ClaudiaCTV: All Ottawa police stations are closed. University of Ottawa in lockdown. Campus closed.\u201d #OHSTF", "type": "direct_reply"}, {"index": 2, "attribution": -0.04225778952240944, "tweet_id": 524946192342720512, "text": "@ClaudiaCTV @ctvottawa classrooms are but buildings aren't?", "type": "direct_reply"}]}