{"thread_id": "524961659685588995", "gold_label": 1, "predicted_label": 0, "tweet_attributions": [{"index": 0, "attribution": 0.41172412037849426, "tweet_id": 524961659685588995, "text": "Extended Video: Guns raised, officers rush towards @RideauCentre http://t.co/YHpG2o8XeH http://t.co/UsPYjU85AS", "type": "source"}, {"index": 4, "attribution": 0.03879595175385475, "tweet_id": 524964948200288256, "text": "@ctvottawa @RideauCentre haha very nice.you westerners should get nice doses before you learn abt real enemy of humanity.stop being sickular", "type": "direct_reply"}, {"index": 1, "attribution": 0.028857821598649025, "tweet_id": 524974196020228096, "text": "@ctvottawa @RideauCentre watched in tears..can't Belive this is happening in our Ottawa... :(", "type": "direct_reply"}, {"index": 2, "attribution": -0.030249619856476784, "tweet_id": 524962655162101762, "text": "#AttackInOttawa\n@ctvottawa: Extended Video: Guns raised, officers rush towards @RideauCentre\nhttp://t.co/LEW2A096X2 http://t.co/12FomLgxSR", "type": "direct_reply"}, {"index": 3, "attribution": -0.04191511496901512, "tweet_id": 524964401917751297, "text": "@ctvottawa @Blazingcatfur @RideauCentre Multiple shootings\u2026take one guess about the shooter(s)!", "type": "direct_reply"}]}