{"thread_id": "524964989975937024", "gold_label": 2, "predicted_label": 0, "tweet_attributions": [{"index": 0, "attribution": 0.36692631244659424, "tweet_id": 524964989975937024, "text": "Canadian authorities 'were aware of potential #Isis-style attacks for weeks'\nhttp://t.co/AEMhmInJxm #OttawaShooting http://t.co/TDL4Wl1lFL", "type": "source"}, {"index": 1, "attribution": 0.023612232878804207, "tweet_id": 524973324913639425, "text": "\u201c@IBTimesUK: Canadian authorities 'potential #Isis-style attack\nhttp://t.co/CPvv0SplOq #OttawaShooting http://t.co/v8QVKO5JuZ\u201d\n#Ottawa", "type": "direct_reply"}, {"index": 4, "attribution": 0.009614979848265648, "tweet_id": 524992402625687552, "text": "@IBTimesUK Entire free world aware of possibility of attack for months.Great story,keep digging, when's recess for Gr.7 journalism class?", "type": "direct_reply"}, {"index": 5, "attribution": 0.008204744197428226, "tweet_id": 524965842145259520, "text": "@IBTimesUK @MarianneSansum Zippy's Canada pals were supposed to lay low til AFTER election. Now there's \"workplace violence\" in Canada!", "type": "direct_reply"}, {"index": 3, "attribution": -0.015296143479645252, "tweet_id": 525085458628235264, "text": "@IBTimesUK  Ah that's how they're going to get into the USA  through Canada &amp; not through Mexico.", "type": "direct_reply"}, {"index": 2, "attribution": -0.08551725000143051, "tweet_id": 524975549215555584, "text": "@IBTimesUK How can they fight ISIS in Iraq when they have so many in Canada.", "type": "direct_reply"}]}