{"thread_id": "524947674164760577", "gold_label": 0, "predicted_label": 2, "tweet_attributions": [{"index": 2, "attribution": 2.9439313411712646, "tweet_id": 524961467431665664, "text": "@Donnajcherold @doctorfullerton @DaveBeninger hi Donna I think we are talking 2 different incidents now the quebec one is what I referred 2", "type": "lower_reply"}, {"index": 10, "attribution": 1.0161858797073364, "tweet_id": 524962300466569216, "text": "@Donnajcherold @doctorfullerton @DaveBeninger Donna - the rcmp incident in Quebec versus today in ottawa", "type": "lower_reply"}, {"index": 19, "attribution": 0.6483173370361328, "tweet_id": 524962623562186752, "text": "@NatriceR @Donnajcherold @DaveBeninger But both would indicate there is need to increase surveillance &amp; ability to detain", "type": "lower_reply"}, {"index": 14, "attribution": 0.4156280755996704, "tweet_id": 524964503579262976, "text": "@SheilaGunnReid @DaveBeninger perhaps wishful thinking on my part but still hopeful it is not true. TV still not reporting any CF deaths", "type": "lower_reply"}, {"index": 6, "attribution": 0.32792946696281433, "tweet_id": 524961925239959552, "text": "@NatriceR @doctorfullerton @DaveBeninger ??????", "type": "lower_reply"}, {"index": 11, "attribution": 0.31551092863082886, "tweet_id": 524962753036185600, "text": "@DaveBeninger @SheilaGunnReid Perhaps wait for Canadian source.", "type": "direct_reply"}, {"index": 0, "attribution": 0.19123204052448273, "tweet_id": 524947674164760577, "text": "BREAKING NEWS: New York Times is reporting the Canadian soldier who was shot has died from their injuries. Heartbreaking. #cdnpoli #ableg", "type": "source"}, {"index": 7, "attribution": 0.17049749195575714, "tweet_id": 524955418955902976, "text": "@DaveBeninger  maybe you should get your info a little more locally", "type": "direct_reply"}, {"index": 13, "attribution": 0.1233663484454155, "tweet_id": 524964141296259072, "text": "@TimothyEWilson  https://t.co/5I32TfCGta @DaveBeninger", "type": "lower_reply"}, {"index": 15, "attribution": 0.11123219132423401, "tweet_id": 524952460897828865, "text": "@DaveBeninger @frednewschaser  CTV just said he is being treated and is stable ?", "type": "direct_reply"}, {"index": 5, "attribution": 0.03209918364882469, "tweet_id": 524956642454941696, "text": "@DaveBeninger @bebeasley Careful when reporting on life and death. Let's wait until we really know... when the news is not so chaotic", "type": "direct_reply"}, {"index": 18, "attribution": 0.027714518830180168, "tweet_id": 524953683172524032, "text": "@DaveBeninger @big_rudo NYT may be wrong, bcuz CTV news1 has said that the soldier at Memorial is alive at hospital!", "type": "direct_reply"}, {"index": 1, "attribution": 0.026688875630497932, "tweet_id": 524964193813155841, "text": "@DaPro63  https://t.co/5I32TfCGta @DaveBeninger", "type": "lower_reply"}, {"index": 16, "attribution": -0.05921297147870064, "tweet_id": 524952276109373442, "text": "@DaveBeninger Not according to what I've just heard on CTV.", "type": "direct_reply"}, {"index": 9, "attribution": -0.0950540229678154, "tweet_id": 524947899982290944, "text": "@DaveBeninger My heart goes out to the family.", "type": "direct_reply"}, {"index": 8, "attribution": -0.11861062794923782, "tweet_id": 524959514995724288, "text": "@DaveBeninger @doctorfullerton no report he has died!", "type": "direct_reply"}, {"index": 3, "attribution": -0.12866686284542084, "tweet_id": 524960914450415617, "text": "@doctorfullerton @DaveBeninger me either. There are reports he is still alive. But not looking good! #OttawaShooting", "type": "lower_reply"}, {"index": 4, "attribution": -0.16984368860721588, "tweet_id": 524952396259409920, "text": "@DaveBeninger @cherylnorrad Ugh, CTV is reporting he's ALIVE. http://t.co/CprCsb3ES9", "type": "direct_reply"}, {"index": 12, "attribution": -0.196328803896904, "tweet_id": 524960036179968001, "text": "@Donnajcherold @DaveBeninger New report indicates he is alive but obviously gravely injured. I'm not sure where New York Times got that.", "type": "lower_reply"}, {"index": 17, "attribution": -0.28514859080314636, "tweet_id": 524962626615664640, "text": "@DaveBeninger @SheilaGunnReid Canadian news contradicts this", "type": "direct_reply"}, {"index": 20, "attribution": -0.926511824131012, "tweet_id": 524948114113703936, "text": "@DaveBeninger prayers and thoughts to his family and friends....", "type": "direct_reply"}]}