{"thread_id": "524947870735429632", "gold_label": 1, "predicted_label": 0, "tweet_attributions": [{"index": 0, "attribution": 0.3612898290157318, "tweet_id": 524947870735429632, "text": "LATEST: Numerous gunmen involved in #Ottawa shooting attacks, manhunt is on - police spokesman http://t.co/Zp9AKplH9p http://t.co/hji1netpU8", "type": "source"}, {"index": 5, "attribution": 0.04999065026640892, "tweet_id": 524954864808628224, "text": "@RT_com I Sverige \u00e4gnar sig milit\u00e4ren \u00e5t att jaga #UFO medans somliga #svenskar \u00e4gnar sig \u00e5t krigsf\u00f6rbrytelser f\u00f6r #ISIS r\u00e4kning. #svpol", "type": "direct_reply"}, {"index": 6, "attribution": 0.027154602110385895, "tweet_id": 524955380011778048, "text": "@RT_com isis? Or just madmen?", "type": "direct_reply"}, {"index": 1, "attribution": -0.0034051237162202597, "tweet_id": 524949509462577152, "text": "\u201c@RT_com: Numerous gunmen involved in #Ottawa shooting attacks, manhunt is onhttp://on.rt.com/vwyokk http://t.co/hujcwacOww\u201d\nHunt Them Down", "type": "direct_reply"}, {"index": 3, "attribution": -0.013397782109677792, "tweet_id": 524949277995724800, "text": "@RT_com @HerMajestyVi", "type": "direct_reply"}, {"index": 4, "attribution": -0.061626311391592026, "tweet_id": 524951461441323010, "text": "@RT_com these fuckin scum need exterminated off the face of the planet.  Isis SCUM SCUM SCUM", "type": "direct_reply"}, {"index": 2, "attribution": -0.09134327620267868, "tweet_id": 524947993062293505, "text": "@RT_com Cue the bombardment now.", "type": "direct_reply"}]}