{"thread_id": "524978526974668800", "gold_label": 0, "predicted_label": 0, "tweet_attributions": [{"index": 2, "attribution": 0.33497604727745056, "tweet_id": 525005325880291328, "text": "@hockeynight Jeez! What is wrong with the world these days. All this shooting anywhere has GOT TO STOP!", "type": "direct_reply"}, {"index": 6, "attribution": 0.09535137563943863, "tweet_id": 525021588333531136, "text": "@hockeynight And we even have a hashtag for it.", "type": "direct_reply"}, {"index": 5, "attribution": 0.06154346838593483, "tweet_id": 524979598266990592, "text": "\u201c@hockeynight: NHL postpones tonight's Leafs-Senators game because of #OttawaShooting http://t.co/83IStwnHWw wow sad &amp; scary", "type": "direct_reply"}, {"index": 1, "attribution": 0.03578638657927513, "tweet_id": 524979157734666240, "text": "\u201c@hockeynight: NHL postpones tonight's Leafs-Senators game because of #OttawaShooting http://t.co/WlWu8qjtbE http://t.co/ayoJjboaYH\u201d", "type": "direct_reply"}, {"index": 8, "attribution": 0.011052131652832031, "tweet_id": 525001538646077441, "text": "@hockeynight @s_fedyk they made the right move", "type": "direct_reply"}, {"index": 4, "attribution": 0.0012060758890584111, "tweet_id": 524981481966690304, "text": "RT @hockeynight: NHL postpones tonight's Leafs-Senators game because of #OttawaShooting http://t.co/1S31l8VxyF http://t.co/1RUKYOlIjS", "type": "direct_reply"}, {"index": 3, "attribution": 0.0003202999650966376, "tweet_id": 524980766950699009, "text": "\u201c@hockeynight: NHL postpones tonight's Leafs-Senators game because of #OttawaShooting http://t.co/gPSkwWK59v http://t.co/ZVRcAXfpAb\u201d", "type": "direct_reply"}, {"index": 7, "attribution": -0.010520503856241703, "tweet_id": 525021718625398784, "text": "@PrinceofPop8 @hockeynight World =/= like three people.", "type": "lower_reply"}, {"index": 0, "attribution": -0.3027944564819336, "tweet_id": 524978526974668800, "text": "NHL postpones tonight's Leafs-Senators game because of #OttawaShooting http://t.co/a6JxXm20nZ http://t.co/G80SbMBTlv", "type": "source"}]}