{"thread_id": "524932574909857792", "gold_label": 0, "predicted_label": 2, "tweet_attributions": [{"index": 0, "attribution": 0.22980691492557526, "tweet_id": 524932574909857792, "text": "Parliament was stormed by at least one gunman who shot a soldier standing guard at Canada's war memorial. #cbcOTT #OTTnews", "type": "source"}, {"index": 8, "attribution": 0.04683111608028412, "tweet_id": 524933682759753728, "text": "@CBCOttawa Most/all NCR federal buildings locked down. Told to stay inside. Need pass card to enter. @GiacomoPanico", "type": "direct_reply"}, {"index": 6, "attribution": 0.033458612859249115, "tweet_id": 525018739763187716, "text": "@CBCOttawa if I were to guess there's more than one of these bastards on the loose", "type": "direct_reply"}, {"index": 5, "attribution": 0.02844700776040554, "tweet_id": 524935260057128961, "text": "@CBCOttawa gunman is in parliament , buddy if mine is locked in a room inside", "type": "direct_reply"}, {"index": 9, "attribution": 0.02255481667816639, "tweet_id": 524941793453154305, "text": "@CBCOttawa \nMadness! I am so sorry dear neighbors...", "type": "direct_reply"}, {"index": 3, "attribution": 0.011691401712596416, "tweet_id": 524938449619804160, "text": "@CBCOttawa gunman also has a machete", "type": "direct_reply"}, {"index": 2, "attribution": 0.008947794325649738, "tweet_id": 525018610075328512, "text": "@CBCOttawa my buddy is still in lockdown, he emailed me a few mins ago", "type": "direct_reply"}, {"index": 1, "attribution": 0.008525594137609005, "tweet_id": 524935419935608832, "text": "@CBCOttawa two guys are in with him , they saw the shooter get out of a car", "type": "direct_reply"}, {"index": 7, "attribution": 0.008083970285952091, "tweet_id": 524934728508792835, "text": "\u201c@CBCOttawa: Parliament was stormed by at least one gunman who shot a soldier standing guard at Canada's war memorial. #cbcOTT #OTTnews\u201d", "type": "direct_reply"}, {"index": 4, "attribution": -0.008030405268073082, "tweet_id": 524935269779525632, "text": "\u201c@CBCOttawa: Parliament was stormed by at least one gunman who shot a soldier standing guard at Canada's war memorial.\"", "type": "direct_reply"}]}