{"thread_id": "524949026064850944", "gold_label": 1, "predicted_label": 2, "tweet_attributions": [{"index": 4, "attribution": 1.4584368467330933, "tweet_id": 524949745186652162, "text": "@RavenMontreal As-tu vu \u00e7a? :O https://t.co/v6pQcO9IfL", "type": "lower_reply"}, {"index": 3, "attribution": 1.3595046997070312, "tweet_id": 524950534219132928, "text": "\u201c@v_couture: @RavenMontreal As-tu vu \u00e7a? :O https://t.co/m7PUzlIxFd\u201d Wow j'ai mal au coeur \ud83d\udc94", "type": "lower_reply"}, {"index": 5, "attribution": 0.8562517762184143, "tweet_id": 524949556346507264, "text": "\u201c@CFRAOttawa: CTV has received confirmation from Ottawa Police that there have been three different shooting incidents #ottawashooting\u201d \ud83d\ude12", "type": "direct_reply"}, {"index": 6, "attribution": 0.11964597553014755, "tweet_id": 525288639555977217, "text": "@CFRAOttawa 3 , now 1 ?", "type": "direct_reply"}, {"index": 0, "attribution": 0.09206458181142807, "tweet_id": 524949026064850944, "text": "CTV has received confirmation from Ottawa Police that there have been three different shooting incidents #ottnews #ottawashooting", "type": "source"}, {"index": 2, "attribution": 0.0754319503903389, "tweet_id": 524949551334326272, "text": "\u201c@CFRAOttawa: CTV has received confirmation from Ottawa Police that there have been three different shooting incidents #ottawashooting\u201d", "type": "direct_reply"}, {"index": 7, "attribution": -0.03504938259720802, "tweet_id": 524950706030387200, "text": "@RavenMontreal Pas d'allure!!!! La s\u00e9curit\u00e9 \u00e9tait faible!!!", "type": "lower_reply"}, {"index": 1, "attribution": -0.23968364298343658, "tweet_id": 524954833171009536, "text": "@CFRAOttawa", "type": "direct_reply"}]}