{"thread_id": "524943114885427203", "gold_label": 0, "predicted_label": 0, "tweet_attributions": [{"index": 0, "attribution": 0.285154789686203, "tweet_id": 524943114885427203, "text": "There is something profoundly sinister about a shooting on Parliament Hill. It is a sacred space, where we use words, not weapons.", "type": "source"}, {"index": 2, "attribution": 0.02275429107248783, "tweet_id": 524970011635765248, "text": "* @MattCampbellca @kay_seven Words as weapons, sharper than knives\nMakes you wonder, how the other half die... INXS\nhttps://t.co/3nIaol2rU0", "type": "direct_reply"}, {"index": 1, "attribution": 3.23295607813634e-05, "tweet_id": 524944455414337536, "text": "@MattCampbellca @JadenFitz ....well, we use words to plan wars and order bombings....", "type": "direct_reply"}]}