{"thread_id": "524948554344054785", "gold_label": 1, "predicted_label": 2, "tweet_attributions": [{"index": 3, "attribution": 1.1974104642868042, "tweet_id": 524949458610847745, "text": "@CFRAOttawa @kimfox RT \"We are all infidels\" #outlawIslam #cdnpoli", "type": "direct_reply"}, {"index": 1, "attribution": 0.2570154070854187, "tweet_id": 524950105850675200, "text": "@GTMGQ @CFRAOttawa I want nothing to do with that RT &amp; you should learn proper conventions of Twitter.", "type": "lower_reply"}, {"index": 2, "attribution": 0.11183152347803116, "tweet_id": 524949107522027522, "text": "@CFRAOttawa @suepeac GOOD NEWS. Get them all.", "type": "direct_reply"}, {"index": 4, "attribution": 0.08074439316987991, "tweet_id": 524949347197534208, "text": "\u201c@CFRAOttawa: UPDATE: Reports of 1 more shooter being SHOT. In addition to 1 shot and killed earlier in Parliament Hill #ottnews #edue", "type": "direct_reply"}, {"index": 0, "attribution": -0.6655234694480896, "tweet_id": 524948554344054785, "text": "UPDATE: Reports of 1 more shooter being SHOT. This is in addition to one shot and killed earlier in Parliament Hill #ottnews #OttawaShooting", "type": "source"}]}