{"thread_id": "524938162900967424", "gold_label": 0, "predicted_label": 2, "tweet_attributions": [{"index": 3, "attribution": 1.6206936836242676, "tweet_id": 525011933909352448, "text": "@_yanimalpls @ABC no it was Americans", "type": "lower_reply"}, {"index": 1, "attribution": 0.3449271619319916, "tweet_id": 524947791475666944, "text": "@ABC @sgmb49 Check out my SF Giants anthem \"Im a San Francisco Giant\"RT let's get this heard around the city! https://t.co/MPH15wYWCK", "type": "direct_reply"}, {"index": 5, "attribution": 0.1837916523218155, "tweet_id": 525014604704137216, "text": "@SRodpls @ABC smh", "type": "lower_reply"}, {"index": 4, "attribution": 0.14255771040916443, "tweet_id": 524940653843988480, "text": "\u201c@ABC: DEVELOPING: Police: Shooting near Canadian Parliament; soldier wounded; active situation\u201d\n\nThere is guns in Canada? @SRodpls", "type": "direct_reply"}, {"index": 2, "attribution": -0.05883364379405975, "tweet_id": 524952671531565057, "text": "@ABC DEVELOPING: Police: Shooting near Canadian Parliament; soldier wounded; active situation: http://t.co/yrazOGDVGo http://t.co/qIMzRCW6TZ", "type": "direct_reply"}, {"index": 6, "attribution": -0.06663059443235397, "tweet_id": 525014744139583488, "text": "@ABC r u dead @TYHiIton", "type": "direct_reply"}, {"index": 0, "attribution": -0.3210994601249695, "tweet_id": 524938162900967424, "text": "DEVELOPING: Police: Shooting near Canadian Parliament; soldier wounded; active situation: http://t.co/9MAAywtu03 http://t.co/kZvFqw7p0v", "type": "source"}]}