{"thread_id": "524941720249978880", "gold_label": 0, "predicted_label": 2, "tweet_attributions": [{"index": 12, "attribution": 3.2257421016693115, "tweet_id": 524956259624054784, "text": "@ericabecks @MissTaraTeng @globeandmail hey maybe its bin Laden", "type": "lower_reply"}, {"index": 14, "attribution": 2.8521502017974854, "tweet_id": 524956916305645568, "text": "@cdn_rob @MissTaraTeng @globeandmail no he's already dead you obviously think this is a joke so I will end this now", "type": "lower_reply"}, {"index": 5, "attribution": 1.9394336938858032, "tweet_id": 524946060985532417, "text": "@MissTaraTeng @globeandmail I say he was let in that is the only explanation. We have to b open If it is ISIS related they have supporters", "type": "lower_reply"}, {"index": 9, "attribution": 1.5736483335494995, "tweet_id": 524956095841050624, "text": "@cdn_rob @MissTaraTeng @globeandmail Come on I know it's hard to imagine but we need to suspect the coinsedence. Even the news agrees.", "type": "lower_reply"}, {"index": 15, "attribution": 1.2313849925994873, "tweet_id": 524957228327907328, "text": "@ericabecks @MissTaraTeng @globeandmail ya keep thinking its isis. Theres alot of fkd up people out there other then them idiots over there", "type": "lower_reply"}, {"index": 29, "attribution": 0.7148428559303284, "tweet_id": 524944194402795520, "text": "@globeandmail sounded like 9 rest echoes", "type": "direct_reply"}, {"index": 18, "attribution": 0.6145104765892029, "tweet_id": 524942599866830849, "text": "Thoughts to all involved. \u201c@globeandmail: Footage fr Globe reporter captures exchange of gun fire in Parliament Hill https://t.co/tvhcyltFKf", "type": "direct_reply"}, {"index": 2, "attribution": 0.4829696714878082, "tweet_id": 524942091634614273, "text": "Holy shit!!! @globeandmail: Footage from Globe reporter captures exchange of gun fire in Parliament Hill building https://t.co/AQweBsfdTs\u201d", "type": "direct_reply"}, {"index": 24, "attribution": 0.39050641655921936, "tweet_id": 524943217947860992, "text": "@globeandmail HOLY KRUD!", "type": "direct_reply"}, {"index": 17, "attribution": 0.31116583943367004, "tweet_id": 524955491965730818, "text": "@cdn_rob @ericabecks @globeandmail // She's just saying that it could be anyone... We don't have the full story. No accusations here.", "type": "lower_reply"}, {"index": 26, "attribution": 0.27557608485221863, "tweet_id": 524943390816079872, "text": "\u201c@globeandmail: Footage from Globe reporter captures exchange of gun fire in Parliament Hill building https://t.co/bNqfhPI1mx\u201d", "type": "direct_reply"}, {"index": 6, "attribution": 0.25997477769851685, "tweet_id": 524946564167397378, "text": "@cfletch_13 @globeandmail @exjon Neither. Do you not understand how sarcasm works or are you merely obtuse?", "type": "lower_reply"}, {"index": 4, "attribution": 0.24699874222278595, "tweet_id": 524941972788633600, "text": "\u201c@globeandmail: Footage from Globe reporter captures exchange of gun fire in Parliament Hill building https://t.co/EFkaKoY3u1\u201d new link.", "type": "direct_reply"}, {"index": 13, "attribution": 0.06780974566936493, "tweet_id": 524943714029150209, "text": "@davesquiresnl @globeandmail Seems surreal, doesn't it? Incredible professionalism to keep shooting &amp; share horrific scene.", "type": "lower_reply"}, {"index": 10, "attribution": 0.06082617864012718, "tweet_id": 524942125553954816, "text": "\u201c@globeandmail: Footage from Globe reporter captures exchange of gun fire in Parliament Hill building https://t.co/6SVYevOT4V\u201d Disturbing", "type": "direct_reply"}, {"index": 0, "attribution": 0.05898333713412285, "tweet_id": 524941720249978880, "text": "Footage from Globe reporter captures exchange of gun fire in Parliament Hill building https://t.co/FOu4PbNCDq", "type": "source"}, {"index": 20, "attribution": -0.020782502368092537, "tweet_id": 524946345271263234, "text": "@MissTaraTeng @globeandmail that 1st gunman is dead his partner in crime is on a brown motorcycle and took shelter", "type": "lower_reply"}, {"index": 11, "attribution": -0.0953703224658966, "tweet_id": 524942059657244673, "text": "Chilling footage: @globeandmail: Globe reporter captures exchange of gun fire in Parliament Hill building https://t.co/SIQyjpAKpB", "type": "direct_reply"}, {"index": 27, "attribution": -0.11769118160009384, "tweet_id": 524942355175337984, "text": "\u201c@globeandmail: Footage from Globe reporter captures exchange of gun fire in Parliament Hill building https://t.co/gisvSVGgvc\u201d here it is", "type": "direct_reply"}, {"index": 3, "attribution": -0.12485947459936142, "tweet_id": 524944812752252928, "text": "@dutchysc @globeandmail so scary.", "type": "lower_reply"}, {"index": 16, "attribution": -0.1977122575044632, "tweet_id": 524945172321538048, "text": "@globeandmail \nFOX-7 News in Austin Tx here.. May we use you video on the air? We will credit The Globe and Mail.", "type": "direct_reply"}, {"index": 28, "attribution": -0.23540516197681427, "tweet_id": 524953928320831489, "text": "@ericabecks @MissTaraTeng @globeandmail who said anything about isis?", "type": "lower_reply"}, {"index": 7, "attribution": -0.24329204857349396, "tweet_id": 524942600344571904, "text": "@globeandmail How is the suspect STILL on the loose? And how was he able to drive right up to centre block, get inside &amp; start shooting?", "type": "direct_reply"}, {"index": 1, "attribution": -0.24784372746944427, "tweet_id": 524944501052145664, "text": "@globeandmail @exjon And this is literally at our door. Pres won't secure our borders from #ebola or #ISIS...why is that?", "type": "direct_reply"}, {"index": 22, "attribution": -0.3028275668621063, "tweet_id": 524942687427121153, "text": "Wow \"@globeandmail: Footage from Globe reporter captures exchange of gun fire in Parliament Hill building https://t.co/6XLV4cXBSj\u201d", "type": "direct_reply"}, {"index": 8, "attribution": -0.3769497573375702, "tweet_id": 524958721479155713, "text": "@ericabecks @MissTaraTeng @globeandmail wat news agrees its isis ?  Im interested", "type": "lower_reply"}, {"index": 19, "attribution": -0.4544481337070465, "tweet_id": 524945273358139392, "text": "@IStateYourName_ @globeandmail @exjon Are you on strong opiates or are you an idiot?", "type": "lower_reply"}, {"index": 23, "attribution": -0.5746675729751587, "tweet_id": 524942613934141440, "text": "@globeandmail Surreal video. Shocking. #cdnpoli", "type": "direct_reply"}, {"index": 21, "attribution": -0.574795663356781, "tweet_id": 524944527111757825, "text": "\u201c@globeandmail: Footage from Globe reporter captures exchange of gun fire in Parliament Hill building https://t.co/qnOzl1GynU\u201d wow.", "type": "direct_reply"}, {"index": 25, "attribution": -1.1591912508010864, "tweet_id": 524945042574938113, "text": "@globeandmail irresponsible use of fire arms creates laws that restrict them? Use your voice not your gun. Guns don't create solutions.", "type": "direct_reply"}]}