{"thread_id": "524983325275197440", "gold_label": 0, "predicted_label": 0, "tweet_attributions": [{"index": 0, "attribution": 0.26073500514030457, "tweet_id": 524983325275197440, "text": "#RCMP news conference on #Ottawa shootings expected to begin momentarily. Watch live @ http://t.co/kngapKTSCe", "type": "source"}, {"index": 3, "attribution": 0.025348959490656853, "tweet_id": 524985179333730305, "text": "FYI #ottcity! @CBCAlerts: #RCMP news conference on #Ottawa shootings expected to begin momentarily. Watch live @ http://t.co/chEpjRW069\u201d", "type": "direct_reply"}, {"index": 2, "attribution": 0.009917611256241798, "tweet_id": 524990925798641664, "text": "@cbcalerts Our gratitude to Sgt-at-Arms Kevin Vickers for his selfless duty in the defence of Parliament Hill, and to those security forces.", "type": "direct_reply"}, {"index": 1, "attribution": -0.047315482050180435, "tweet_id": 524986339272720387, "text": "@CBCAlerts @CBCTheNational that link doesnt lead to a live feed", "type": "direct_reply"}]}