{"thread_id": "524937968138878976", "gold_label": 2, "predicted_label": 2, "tweet_attributions": [{"index": 13, "attribution": 2.605712652206421, "tweet_id": 524939105533444096, "text": "@benoitbruneau @Reuters Reports of multiple shooters around Canadian Parliament. Awful. Ongoing.", "type": "lower_reply"}, {"index": 20, "attribution": 2.4962847232818604, "tweet_id": 524940061255950338, "text": "@jwoodgett @Reuters multiple now? Only read report of one. What the hell?", "type": "lower_reply"}, {"index": 7, "attribution": 1.5180073976516724, "tweet_id": 524941088625131523, "text": "@benoitbruneau @Reuters Developing story. Soldier shot at war memorial, shots inside Parliament. Multiple shooters (i.e. more than 1).", "type": "lower_reply"}, {"index": 6, "attribution": 0.7058916687965393, "tweet_id": 524944050668183552, "text": "@SophieReynal @Cyremad @senateur61 @Reuters La Turquie a choisi de soutenir l\u2019EIIL plut\u00f4t que les kurdes\nhttp://t.co/j537hxvDQH", "type": "lower_reply"}, {"index": 19, "attribution": 0.4200854003429413, "tweet_id": 524944285033312256, "text": "@SophieReynal @senateur61 @Reuters La semaine derni\u00e8re c'\u00e9tait le cas. Aujourd'hui je n'en sais rien.", "type": "lower_reply"}, {"index": 10, "attribution": 0.35001274943351746, "tweet_id": 524938199760900096, "text": "@Reuters was it a camera shot like this one", "type": "direct_reply"}, {"index": 3, "attribution": 0.3391440808773041, "tweet_id": 524948865900740609, "text": "@Hz_Mehdi_Mahdi @Reuters \nYeah Yeah right maybe the Jews did it\ud83d\ude48\ud83d\ude49\ud83d\ude4a", "type": "lower_reply"}, {"index": 15, "attribution": 0.2723679840564728, "tweet_id": 524947282341679104, "text": "@maria91luis \u00e7a ne nous dit pas si le tireur d'ottawa venait de Syrie... @Cyremad @senateur61 @Reuters", "type": "lower_reply"}, {"index": 11, "attribution": 0.24075794219970703, "tweet_id": 524938969172017153, "text": "Religion of peace at work ?@Reuters: BREAKING: Soldier shot near Canada's parliament; active shooter at large.", "type": "direct_reply"}, {"index": 18, "attribution": 0.20321029424667358, "tweet_id": 524944250576707584, "text": "\u30ab\u30ca\u30c0\u9996\u90fd\u30aa\u30bf\u30ef\u306e\u8b70\u4f1a\u3067\u9283\u6483\u3001\u5175\u58eb1\u4eba\u8ca0\u50b7\u3002\u30c6\u30ed\u304b\u3002@Reuters Soldier shot near Canada's parliament; active shooter at large. http://t.co/xmDyZupV4w", "type": "direct_reply"}, {"index": 5, "attribution": 0.11931275576353073, "tweet_id": 524941919991119872, "text": "@Reuters @senateur61 Deux soldats ont d\u00e9j\u00e0 \u00e9t\u00e9 des cibles, l'un est d\u00e9c\u00e9d\u00e9. Le tireur revenait de Syrie...", "type": "direct_reply"}, {"index": 2, "attribution": 0.09606924653053284, "tweet_id": 524941773223632896, "text": "\u201c@Reuters: BREAKING: Soldier shot near Canada's parliament; active shooter at large.  http://t.co/kUz6Svh3xz http://t.co/Gx84uVByNS\u201d", "type": "direct_reply"}, {"index": 14, "attribution": 0.06611756980419159, "tweet_id": 524950782563876865, "text": "@SophieReynal @maria91luis @senateur61 @Reuters Et ce n'est pas ce que j'ai dit.", "type": "lower_reply"}, {"index": 8, "attribution": 0.040258266031742096, "tweet_id": 524946637630607360, "text": "@Reuters omg", "type": "direct_reply"}, {"index": 1, "attribution": -0.034890953451395035, "tweet_id": 524945652334477312, "text": "@Reuters it is not allowed to attack Christians anywhere in the world this shooting is unislamic http://t.co/6jGzIdxFPk", "type": "direct_reply"}, {"index": 4, "attribution": -0.09006000310182571, "tweet_id": 524943607917473793, "text": "@Cyremad d'o\u00f9 savez-vous que le tireur revenait de Syrie ?  @senateur61 @Reuters", "type": "lower_reply"}, {"index": 0, "attribution": -0.11155305057764053, "tweet_id": 524937968138878976, "text": "BREAKING: Soldier shot near Canada's parliament; active shooter at large.  http://t.co/ldO9r3y0JQ http://t.co/5Ssy2fEmSb", "type": "source"}, {"index": 17, "attribution": -0.11779484897851944, "tweet_id": 524938321303465984, "text": "RT @Reuters: BREAKING: Soldier shot near Canada\u2019s parliament; active shooter at large.  http://t.co/dD2rHxnnie http://t.co/EfSQafinqg", "type": "direct_reply"}, {"index": 16, "attribution": -0.39764726161956787, "tweet_id": 524938647653863424, "text": "WTF? \u201c@Reuters: BREAKING: Soldier shot near Canada's parliament; active shooter at large.  http://t.co/xAAHvOsS6h http://t.co/7eO9ZCgwkI\u201d", "type": "direct_reply"}, {"index": 9, "attribution": -0.5036506056785583, "tweet_id": 524947175261077504, "text": "@Reuters @PaulaMeese  shooters were trained by the institution to make it easy for doctors to steal inherited prodigal wealth", "type": "direct_reply"}, {"index": 12, "attribution": -0.5388616323471069, "tweet_id": 524941701702373376, "text": "@benoitbruneau @Reuters This is unbelievable - inside parliament. https://t.co/ZxBb04ALtX", "type": "lower_reply"}]}