{"thread_id": "524965406377664512", "gold_label": 0, "predicted_label": 0, "tweet_attributions": [{"index": 6, "attribution": 0.7428741455078125, "tweet_id": 525006460204613632, "text": "@newstalk1010 way to go Mr. Vickers! A good guy with a gun.", "type": "direct_reply"}, {"index": 10, "attribution": 0.181452676653862, "tweet_id": 524966378626113536, "text": "@newstalk1010 @Sherriemae23 is pointing him out the smartest thing right now?  Without knowing details?", "type": "direct_reply"}, {"index": 3, "attribution": 0.1367940753698349, "tweet_id": 524998192635858945, "text": "@newstalk1010 @Blazingcatfur Thank you for taking your job literally,  Sergeant.", "type": "direct_reply"}, {"index": 4, "attribution": 0.11665342003107071, "tweet_id": 524969191171174400, "text": "@newstalk1010 @melissagrelo good job hero", "type": "direct_reply"}, {"index": 8, "attribution": 0.05165243148803711, "tweet_id": 524974993541971968, "text": "@newstalk1010 @melissagrelo #Ottawa", "type": "direct_reply"}, {"index": 2, "attribution": 0.044868987053632736, "tweet_id": 524965904501981184, "text": "@newstalk1010 Hero.", "type": "direct_reply"}, {"index": 7, "attribution": 0.03368013724684715, "tweet_id": 524966175877640193, "text": "@newstalk1010 A hero for sure!", "type": "direct_reply"}, {"index": 11, "attribution": 0.024733612313866615, "tweet_id": 524967635461492739, "text": "@newstalk1010 @jsrioux  Kevin Vickers, sergeant-at-arms who reportedly killed a shooter inside the Parliament buildings. CLAP, CLAP, CLAP.", "type": "direct_reply"}, {"index": 9, "attribution": 0.015261529944837093, "tweet_id": 525153012663455744, "text": "@rcole96380 Well said! @newstalk1010", "type": "lower_reply"}, {"index": 1, "attribution": -0.03324916213750839, "tweet_id": 524966100795408384, "text": "@newstalk1010 @canuck10001 #hero Kevin Vickers #PrayForOttawa", "type": "direct_reply"}, {"index": 5, "attribution": -0.04494452849030495, "tweet_id": 524970949603753984, "text": "@newstalk1010 @DetroitSoulFood LIKE A BOSS", "type": "direct_reply"}, {"index": 12, "attribution": -0.09558547288179398, "tweet_id": 524972195257528320, "text": "@newstalk1010 A \"good guy with gun\". Well trained too.", "type": "direct_reply"}, {"index": 0, "attribution": -0.7933215498924255, "tweet_id": 524965406377664512, "text": "This is Kevin Vickers, sergeant-at-arms who reportedly killed a shooter  inside the Parliament buildings #Ottawa http://t.co/rUra9TOZpu", "type": "source"}]}