{"thread_id": "524984773211860994", "gold_label": 0, "predicted_label": 2, "tweet_attributions": [{"index": 29, "attribution": 3.0683248043060303, "tweet_id": 524987986577219586, "text": "@pdarmancour @BBCBreaking yeh so they can sneak 'em through airports security and use the jigsaws to cut all our heads off!!!", "type": "lower_reply"}, {"index": 31, "attribution": 2.8771474361419678, "tweet_id": 524987434829099008, "text": "@oshwm @BBCBreaking Well, that's what's next: #ISIS armed with portable drills and jigsaws.", "type": "lower_reply"}, {"index": 30, "attribution": 1.3853167295455933, "tweet_id": 524988319336509440, "text": "@oshwm @BBCBreaking I doubt it.", "type": "lower_reply"}, {"index": 34, "attribution": 1.1464282274246216, "tweet_id": 524985089823080449, "text": "@BBCBreaking Probably a drill.", "type": "direct_reply"}, {"index": 10, "attribution": 0.6578229665756226, "tweet_id": 524986557170995200, "text": "@BBCBreaking GOD BLESS KEVIN, EX RCMP, SGT. @ ARMS! BRAVE MAN!", "type": "direct_reply"}, {"index": 38, "attribution": 0.6469973921775818, "tweet_id": 524985418446831616, "text": "@pdarmancour @BBCBreaking sounded more liek a gun than a drill :D", "type": "lower_reply"}, {"index": 12, "attribution": 0.5741059184074402, "tweet_id": 524985290436251649, "text": "@BBCBreaking It has not been confirmed that the soldier has died.", "type": "direct_reply"}, {"index": 35, "attribution": 0.37778010964393616, "tweet_id": 524995043405623297, "text": "@BBCBreaking", "type": "lower_reply"}, {"index": 1, "attribution": 0.37058842182159424, "tweet_id": 524985076703326208, "text": "\u201c@BBCBreaking: Ottawa Police confirms 1 gunman dead, 1 soldier killed in #OttawaShooting  http://t.co/fcKsKrq5Lf http://t.co/DCtKBf2UD2", "type": "direct_reply"}, {"index": 19, "attribution": 0.32918116450309753, "tweet_id": 524986312106205184, "text": "@BBCBreaking Canadians ... mark this well.\n\n Your Govt will use this day's events to subjugate you.\n\n(see \"America\" for more details)", "type": "lower_reply"}, {"index": 33, "attribution": 0.30703166127204895, "tweet_id": 524986910180409345, "text": "@DYounger_ @BBCBreaking douche #edgy", "type": "lower_reply"}, {"index": 26, "attribution": 0.2925107181072235, "tweet_id": 524986882468618240, "text": "@BBCBreaking @BBCWorld dear BBC, it's just \"Rideau Centre\"...we use the same English", "type": "lower_reply"}, {"index": 28, "attribution": 0.2701129615306854, "tweet_id": 524985177127538689, "text": "Ottawa Police say there were 2 #OttawaShooting sites - War Memorial, Parliament Hill but not Rideau shopping centre http://t.co/TLq8c8sWrG", "type": "direct_reply"}, {"index": 3, "attribution": 0.25353148579597473, "tweet_id": 524985191815581696, "text": "@BBCBreaking follow me i will follow you soon", "type": "direct_reply"}, {"index": 24, "attribution": 0.24798963963985443, "tweet_id": 524989512070725632, "text": "@oshwm @BBCBreaking &gt;&gt;&gt; @seanhannity could commit terrorism with his NERF football.", "type": "lower_reply"}, {"index": 6, "attribution": 0.18534590303897858, "tweet_id": 524987573609836544, "text": "@ohgoditslexi @BBCBreaking Live CBC . http://t.co/WGq7dBe7zH statement live now...", "type": "lower_reply"}, {"index": 21, "attribution": 0.17849834263324738, "tweet_id": 524987457704456192, "text": "\u201c@BBCBreaking: Ottawa Police say there were 2 shooting sites http://t.co/hY2MJKqwXD\u201d thoughts and prayers for the families. Awful", "type": "lower_reply"}, {"index": 7, "attribution": 0.15843509137630463, "tweet_id": 524986867134263296, "text": "\u201c@BBCBreaking: Ottawa Police say there were 2 #OttawaShooting sites - War Memorial, Parliament Hill... http://t.co/p2p5G0dKNe\u201d Evil happens", "type": "lower_reply"}, {"index": 11, "attribution": 0.11529824882745743, "tweet_id": 524989132159082498, "text": "@pdarmancour @BBCBreaking trust me, we should ban all work tools in case they can be used for terrorism :D", "type": "lower_reply"}, {"index": 37, "attribution": 0.10887226462364197, "tweet_id": 524985051701063681, "text": "@BBCBreaking", "type": "direct_reply"}, {"index": 5, "attribution": 0.03573882579803467, "tweet_id": 524986579312717824, "text": "@bbcbreaking Canada is one of our great allies in the war on terror. Theses cowardly terrorists will be beaten. #ottawashootings", "type": "direct_reply"}, {"index": 18, "attribution": 0.019197611138224602, "tweet_id": 524987265010122752, "text": "@notatroll255 @DYounger_ @BBCBreaking by a terrorist driving into a crowd of people", "type": "lower_reply"}, {"index": 16, "attribution": -0.04889952763915062, "tweet_id": 524993911811751937, "text": "@DYounger_ @BBCBreaking what group was driving?", "type": "lower_reply"}, {"index": 17, "attribution": -0.06532943993806839, "tweet_id": 524986197115158528, "text": "@BBCBreaking \nI hope the gunman died slowly the cunt", "type": "direct_reply"}, {"index": 4, "attribution": -0.07855550944805145, "tweet_id": 524987083803611136, "text": "@Josh_wills27 @BBCBreaking LOL", "type": "lower_reply"}, {"index": 13, "attribution": -0.07899685204029083, "tweet_id": 524988130580262912, "text": "@jstyson \u201c@BBCBreaking: Ottawa Police say there were 2 #OttawaShooting sites - War Memorial, Parliament Hill .... http://t.co/qD9U2euz8M\u201d", "type": "lower_reply"}, {"index": 0, "attribution": -0.10245395451784134, "tweet_id": 524984773211860994, "text": "Ottawa Police confirms 1 gunman dead, 1 soldier killed in #OttawaShooting  http://t.co/pI1qVrCQBe http://t.co/wDK64hpO7H", "type": "source"}, {"index": 9, "attribution": -0.17291615903377533, "tweet_id": 524985579575185408, "text": "\u201c@BBCBreaking: Ottawa Police confirms 1 gunman dead, 1 soldier killed in #OttawaShooting  http://t.co/5MPIq4bQFD http://t.co/zgorMw6U2k\u201d", "type": "direct_reply"}, {"index": 32, "attribution": -0.18204021453857422, "tweet_id": 524986011533987840, "text": "@DYounger_ @BBCBreaking  by who?", "type": "lower_reply"}, {"index": 36, "attribution": -0.19401861727237701, "tweet_id": 525011666337931264, "text": "@DYounger_ @BBCBreaking oh really what about the 13 year old boy killed by IDF and the little girl run over by a settler ??", "type": "lower_reply"}, {"index": 14, "attribution": -0.20246388018131256, "tweet_id": 524986968631808000, "text": "@BBCBreaking  Very Sad", "type": "lower_reply"}, {"index": 8, "attribution": -0.23554973304271698, "tweet_id": 524986365369671681, "text": "@BBCBreaking Was this work place violence like Obama called the Fort Hood massacre?", "type": "direct_reply"}, {"index": 25, "attribution": -0.27067309617996216, "tweet_id": 524991703036739585, "text": "@BBCBreaking it's kind of sad to see what the shooting taken place in Canada innocent people of been killed", "type": "lower_reply"}, {"index": 20, "attribution": -0.28671029210090637, "tweet_id": 524985407151538176, "text": "@BBCBreaking wjat about the 3 month old baby murdered in israel?", "type": "lower_reply"}, {"index": 22, "attribution": -0.3192417025566101, "tweet_id": 524990180940206081, "text": "@BBCBreaking Criminals don't hav race, caste,religion &amp; belong2 no nation.Take stern action against all criminals in prison 2 send msg 2 all", "type": "lower_reply"}, {"index": 2, "attribution": -0.4074114263057709, "tweet_id": 524986512450928641, "text": "@BBCBreaking  These nutters  have achieved 1 thing today , more hate from #Canada towards mad #muslim #ISIS  terrorists !!", "type": "direct_reply"}, {"index": 15, "attribution": -0.44706448912620544, "tweet_id": 524987565192269824, "text": "@BBCBreaking no sympathy for the gun man", "type": "lower_reply"}, {"index": 23, "attribution": -0.4964121878147125, "tweet_id": 524985458527571968, "text": "@algator2 @BBCBreaking Source?", "type": "lower_reply"}, {"index": 27, "attribution": -0.9293764233589172, "tweet_id": 524986919785332737, "text": "@bbcbreaking @bbcworld heart breaking news. May the brave and gentle soul of the soldier rest in perfect peace.", "type": "lower_reply"}]}