{"thread_id": "524935586025861121", "gold_label": 2, "predicted_label": 2, "tweet_attributions": [{"index": 1, "attribution": 1.3086540699005127, "tweet_id": 524942748567502848, "text": "@YahooCanadaNews @MaddieDiMuccio Sad this had to happen before many naive people were prepared to accept Canada is vulnerable to terror", "type": "direct_reply"}, {"index": 2, "attribution": 0.2973766028881073, "tweet_id": 524951740123459584, "text": "@YahooCanadaNews @MaddieDiMuccio High time to take serious action!!!", "type": "direct_reply"}, {"index": 3, "attribution": 0.15336808562278748, "tweet_id": 524943189116190720, "text": "@YahooCanadaNews @MaddieDiMuccio Perhaps @JustinTrudeau will NOW understand food parcels and blankets will not help", "type": "lower_reply"}, {"index": 5, "attribution": 0.14850449562072754, "tweet_id": 524936204727615489, "text": "@YahooCanadaNews @Piet_Heyn godverdomme !!!", "type": "direct_reply"}, {"index": 4, "attribution": -0.12229122966527939, "tweet_id": 524941933916217344, "text": "@YahooCanadaNews @DANEgerus Good luck Canada, stop them!", "type": "direct_reply"}, {"index": 0, "attribution": -0.9956836104393005, "tweet_id": 524935586025861121, "text": "Witnesses say as many as 50 shots fired at Parliament Hill. Gunfire reported within the Parliament building. #ottawa http://t.co/HGevLjele0", "type": "source"}]}