{"thread_id": "524926184069808129", "gold_label": 0, "predicted_label": 0, "tweet_attributions": [{"index": 0, "attribution": 0.3111695945262909, "tweet_id": 524926184069808129, "text": "#DEVELOPING story here: Soldier shot in Ottawa at War Memorial http://t.co/jjL9ezaDjt", "type": "source"}, {"index": 4, "attribution": 0.02492152713239193, "tweet_id": 524926312071176192, "text": "Rt \u201c@CTVNews: #DEVELOPING story here: Soldier shot in Ottawa at War Memorial http://t.co/IshY4TO7Ag", "type": "direct_reply"}, {"index": 3, "attribution": 0.0030805179849267006, "tweet_id": 524926793506373633, "text": "@CTVNews Also there is currently a gunman in the parliament block. @josh_wingrove is covering that", "type": "direct_reply"}, {"index": 8, "attribution": -0.0006052768439985812, "tweet_id": 524933014737137664, "text": "@CTVNews @cnnbrk @wolfblitzer @andersoncooper @CNNAshleigh @CarolCNN", "type": "direct_reply"}, {"index": 7, "attribution": -0.0012254397151991725, "tweet_id": 524927683248279552, "text": "\u201c@CTVNews: #DEVELOPING story here: Soldier shot in Ottawa at War Memorial http://t.co/95EUgUDph8\u201d", "type": "direct_reply"}, {"index": 2, "attribution": -0.0032872026786208153, "tweet_id": 524939698205388801, "text": "\u201c@CTVNews: #DEVELOPING story here: Soldier shot in Ottawa at War Memorial http://t.co/HyZl7fIMeg\u201d this makes me sick! So sad sending prayers", "type": "direct_reply"}, {"index": 5, "attribution": -0.013821755535900593, "tweet_id": 524926727538352129, "text": "Thoughts go out to the victim.  RT @CTVNews #DEVELOPING story here: Soldier shot in Ottawa at War Memorial http://t.co/pkLfJ3BEAd", "type": "direct_reply"}, {"index": 6, "attribution": -0.023329012095928192, "tweet_id": 524926840247709697, "text": "#PrayForCanada\n\u201c@CTVNews: #DEVELOPING story here: Soldier shot in #Ottawa at War Memorial http://t.co/lgarRyAg82\u201d", "type": "direct_reply"}, {"index": 1, "attribution": -0.030780555680394173, "tweet_id": 524927350522523648, "text": "\u201c@CTVNews: #DEVELOPING story here: Soldier shot in Ottawa at War Memorial http://t.co/M3Mp3IUPyP\u201d\n\nWhat the fuck!? Please catch this fucker!", "type": "direct_reply"}]}