{"thread_id": "524929497205055488", "gold_label": 2, "predicted_label": 2, "tweet_attributions": [{"index": 0, "attribution": 0.2791614532470703, "tweet_id": 524929497205055488, "text": "Canada's Parliament Hill is on lockdown as police hunt shooting suspect; at least 1 injured - @CBCNews, @TorontoStar http://t.co/aF9HyT9BgX", "type": "source"}, {"index": 2, "attribution": 0.13195744156837463, "tweet_id": 524929713014181890, "text": "@BreakingNews @CBCNews @TorontoStar So Canada's strict gun control policies have failed", "type": "direct_reply"}, {"index": 3, "attribution": 0.06675440818071365, "tweet_id": 524931726699954178, "text": "\u201c@BreakingNews: Canada's Parliament Hill is on lockdown as police hunt shooting suspect; at least 1 injured http://t.co/kvitVgSx6j\u201d O.O", "type": "direct_reply"}, {"index": 12, "attribution": 0.05179512873291969, "tweet_id": 524931961744142338, "text": "@BreakingNews @SanaMerza @CBCNews @TorontoStar http://t.co/1Zu6gdZQfK \nNews,darams,cric,funny \nhttp://t.co/1Zu6gdZQfK", "type": "direct_reply"}, {"index": 1, "attribution": 0.011640374548733234, "tweet_id": 524930598733758465, "text": "@BreakingNews @CBCNews @TorontoStar praying for all affected by this shooting", "type": "direct_reply"}, {"index": 11, "attribution": 0.005814714357256889, "tweet_id": 524930651964051456, "text": "@CutGovtSpending @BreakingNews @CBCNews @TorontoStar Hardly, dont hear about a school shooting or spree every 5 mins do we?", "type": "lower_reply"}, {"index": 8, "attribution": -0.005736395251005888, "tweet_id": 525030609757151232, "text": "@BreakingNews @CBCNews @TorontoStar \nI'm guessing Obama will probably apologize to the terrorists on Canada's behalf.", "type": "direct_reply"}, {"index": 10, "attribution": -0.006186048034578562, "tweet_id": 524951847472488448, "text": "@BreakingNews @mkernohan what? You have only been there a week! How did you manage this! Stay safe.", "type": "direct_reply"}, {"index": 6, "attribution": -0.02271101623773575, "tweet_id": 524930529637175296, "text": "@CutGovtSpending @BreakingNews @CBCNews @TorontoStar that is such a stupid, uneducated comment", "type": "lower_reply"}, {"index": 7, "attribution": -0.029964743182063103, "tweet_id": 524930767810756608, "text": "@BreakingNews @CBCNews @TorontoStar get well soon", "type": "direct_reply"}, {"index": 4, "attribution": -0.03564634174108505, "tweet_id": 524930854335053824, "text": "@CutGovtSpending @BreakingNews @CBCNews @TorontoStar you stupid fuck", "type": "lower_reply"}, {"index": 5, "attribution": -0.04509155452251434, "tweet_id": 524929931634286592, "text": "@CutGovtSpending @BreakingNews @CBCNews @TorontoStar this is probably ISIS. canadas gun control hasnt failed at all.", "type": "lower_reply"}, {"index": 9, "attribution": -0.08394503593444824, "tweet_id": 524930719077122048, "text": "@CutGovtSpending @BreakingNews @CBCNews @TorontoStar it's Isis fucktard", "type": "lower_reply"}]}