{"thread_id": "524932056560963584", "gold_label": 2, "predicted_label": 0, "tweet_attributions": [{"index": 0, "attribution": 0.37337109446525574, "tweet_id": 524932056560963584, "text": "BREAKING: At least 20 shots have been fired in the Canadian parliament in Ottawa, according to witnesses.", "type": "source"}, {"index": 3, "attribution": 0.009922712109982967, "tweet_id": 524932989613256705, "text": "@JFXM: BREAKING: At least 20 shots have been fired in the Canadian parliament in Ottawa, according to witnesses.", "type": "direct_reply"}, {"index": 1, "attribution": -0.05811865255236626, "tweet_id": 524933566405562368, "text": "@JFXM wats happening?@AbuSaalihah1", "type": "direct_reply"}, {"index": 2, "attribution": -0.06830669194459915, "tweet_id": 524941386231971841, "text": "@jfxm @locustiya may secularism thrive! Order more investigations against those oppose terrorism", "type": "direct_reply"}]}