{"thread_id": "524949069945634816", "gold_label": 0, "predicted_label": 2, "tweet_attributions": [{"index": 0, "attribution": 0.2552655339241028, "tweet_id": 524949069945634816, "text": "Watch as bullets fly inside hallways of Parliament Hill http://t.co/R8BUhfrvX2 #Ottawa", "type": "source"}, {"index": 10, "attribution": 0.03252112492918968, "tweet_id": 524950639332569089, "text": "@CTVNews Please don't glamorize the situation to get clicks. Your tweet is completely inappropriate. This isn't a video game description.", "type": "direct_reply"}, {"index": 11, "attribution": 0.015114429406821728, "tweet_id": 524973916901879808, "text": "@CTVNews @Gary_Archibald no thanks.", "type": "direct_reply"}, {"index": 1, "attribution": 0.009013742208480835, "tweet_id": 524973690988298241, "text": "@caitlinquarry @CTVNews Could not agree more.", "type": "lower_reply"}, {"index": 3, "attribution": -0.002005178714171052, "tweet_id": 524959724434104320, "text": "@CTVNews that is not the way to tweet about this event. Incredibly unimpressed.", "type": "direct_reply"}, {"index": 4, "attribution": -0.007165959570556879, "tweet_id": 524949450419351552, "text": "@CTVNews Nice tone, jerks", "type": "direct_reply"}, {"index": 12, "attribution": -0.015186267904937267, "tweet_id": 524974734405304320, "text": "\u201c@MatthewPerry @CTVNews: Watch as bullets fly inside hallways of Parliament Hill http://t.co/mloARQQWO0 #Ottawa\u201d", "type": "direct_reply"}, {"index": 8, "attribution": -0.01790088228881359, "tweet_id": 524949422372040704, "text": "\u201c@CTVNews: Watch as bullets fly inside hallways of Parliament Hill http://t.co/WVB9xb2E82 #Ottawa\u201d BE SAFE W EVERYONE IF YOU ARE DOWNTOWN!", "type": "direct_reply"}, {"index": 6, "attribution": -0.018278269097208977, "tweet_id": 524949879781855232, "text": "\u201c@CTVNews: Watch as bullets fly inside hallways of Parliament Hill http://t.co/Y97b8RyfjE #Ottawa\u201d unbelievably terrifying #OttawaShooting", "type": "direct_reply"}, {"index": 9, "attribution": -0.01909920759499073, "tweet_id": 524955872741437441, "text": "\u201c@CTVNews: Watch as bullets fly inside hallways of Parliament Hill http://t.co/pNTCVTzk6S #Ottawa\u201d. \ud83d\ude48This doesn't happen in Canada!!!!", "type": "direct_reply"}, {"index": 7, "attribution": -0.02214454673230648, "tweet_id": 524951555879870464, "text": "@CTVNews really offensive tone here. Try to have some compassion for the people subjected to the trauma.", "type": "direct_reply"}, {"index": 5, "attribution": -0.027254285290837288, "tweet_id": 524951762051272704, "text": "@CTVNews \"watch bullets fly \" don't think appropriate title by CTV.", "type": "direct_reply"}, {"index": 2, "attribution": -0.05551939830183983, "tweet_id": 524949257468784640, "text": "@CTVNews This isn't a movie, have some respect.", "type": "direct_reply"}]}