{"thread_id": "524953391634866176", "gold_label": 0, "predicted_label": 0, "tweet_attributions": [{"index": 0, "attribution": 0.3469931185245514, "tweet_id": 524953391634866176, "text": "Here's the footage shot by Globe reporter @josh_wingrove of gun fire in Parliament Hill building https://t.co/FOu4PbNCDq", "type": "source"}, {"index": 1, "attribution": 0.020495621487498283, "tweet_id": 524971750959095808, "text": "MT Cops running towards gunfire #heroes #Ottawa \n@globeandmail: Here's the footage shot in Parliament Hill building https://t.co/TuRQNLp8r1", "type": "direct_reply"}, {"index": 7, "attribution": 0.005570434499531984, "tweet_id": 524954378852392960, "text": "@globeandmail @josh_wingrove are the fbi involved or is there a drill on as per #usualsuspects", "type": "direct_reply"}, {"index": 2, "attribution": -0.0050275628454983234, "tweet_id": 524975810604961792, "text": "@globeandmail @EuromaidanPR @josh_wingrove Starting to remind me of #Libya", "type": "direct_reply"}, {"index": 4, "attribution": -0.01188648771494627, "tweet_id": 524957322859532290, "text": "RT @globeandmail Here's the footage shot by Globe reporter @josh_wingrove of gun fire in Parliament Hill building https://t.co/PsJda3XGq2", "type": "direct_reply"}, {"index": 3, "attribution": -0.015490293502807617, "tweet_id": 524954026878984192, "text": "@globeandmail @josh_wingrove Thanks for posting, Josh. Stay safe!", "type": "direct_reply"}, {"index": 6, "attribution": -0.0415688119828701, "tweet_id": 524955493996191744, "text": "@globeandmail @josh_wingrove stay safe", "type": "direct_reply"}, {"index": 5, "attribution": -0.06079494580626488, "tweet_id": 524958165750669312, "text": "@globeandmail @josh_wingrove  -- so sad that this has occurred.", "type": "direct_reply"}]}