{"thread_id": "524969483317026816", "gold_label": 0, "predicted_label": 2, "tweet_attributions": [{"index": 15, "attribution": 2.6862666606903076, "tweet_id": 524972891415527425, "text": "@Chrisgenge The @TorontoStar reported too.", "type": "lower_reply"}, {"index": 26, "attribution": 1.5978814363479614, "tweet_id": 524974235903881216, "text": "@JeremySinger @TorontoStar Yeah just heard was hoping it was wrong.", "type": "lower_reply"}, {"index": 25, "attribution": 0.5855106115341187, "tweet_id": 524970498376355841, "text": "@BBCBreaking heartbreaking", "type": "direct_reply"}, {"index": 19, "attribution": 0.5352576971054077, "tweet_id": 524974982548709376, "text": "@trixywh stop retweeting this. He has not died. Send prayers!", "type": "lower_reply"}, {"index": 7, "attribution": 0.5089602470397949, "tweet_id": 524976140805754880, "text": "@GenerationZedd I just saying what BBC is saying", "type": "lower_reply"}, {"index": 23, "attribution": 0.3242579996585846, "tweet_id": 524977259162386432, "text": "@trixywh I understand...I won't acknowledge the rumor until confirmed by medical or police.", "type": "lower_reply"}, {"index": 4, "attribution": 0.2847432792186737, "tweet_id": 524974009382092800, "text": "\u201c@BBCBreaking: Soldier shot by gunman outside Canada parliament dies, minister says, as police search for multiple suspects\u201d", "type": "direct_reply"}, {"index": 13, "attribution": 0.2591576874256134, "tweet_id": 524969880584740864, "text": "@BBCBreaking Look within their Corrupt system. Cops have been arresting people that are innocent!", "type": "direct_reply"}, {"index": 11, "attribution": 0.2535099685192108, "tweet_id": 524986091108306944, "text": "@JeremySinger Nice work btw &amp; the for sharing.", "type": "lower_reply"}, {"index": 24, "attribution": 0.24993084371089935, "tweet_id": 524970009106579456, "text": "\u201c@BBCBreaking: Soldier shot by gunman outside Canada parliament dies, minister says, as police search for multiple suspects\u201d", "type": "direct_reply"}, {"index": 6, "attribution": 0.2334563285112381, "tweet_id": 525006012122939392, "text": "@Chrisgenge Yea same. And no worries!", "type": "lower_reply"}, {"index": 3, "attribution": 0.22502903640270233, "tweet_id": 524973613490122752, "text": "@BBCBreaking This has not been confirmed. An MP misunderstood a tweet and retweeted. Our soldier is still alive.", "type": "direct_reply"}, {"index": 21, "attribution": 0.17156505584716797, "tweet_id": 524969730453831681, "text": "RT @BBCBreaking: Soldier shot by gunman outside Canada parliament dies, minister says, as police search for multiple suspects", "type": "direct_reply"}, {"index": 10, "attribution": 0.10368943959474564, "tweet_id": 524970471511834624, "text": "\u201c@BBCBreaking: Soldier shot by gunman outside Canada parliament dies, minister says, as police search for multiple suspects", "type": "direct_reply"}, {"index": 14, "attribution": 0.10151556134223938, "tweet_id": 524977319988174848, "text": "@GenerationZedd,  thank goodness for that.... Prayers are with him and his family.", "type": "lower_reply"}, {"index": 0, "attribution": -0.03907101973891258, "tweet_id": 524969483317026816, "text": "Soldier shot by gunman outside Canada parliament dies, minister says, as police search for multiple suspects", "type": "source"}, {"index": 2, "attribution": -0.04582691565155983, "tweet_id": 524970103306481665, "text": "@BBCBreaking.....  shame! I was hoping he would survive.  R.I.P", "type": "direct_reply"}, {"index": 18, "attribution": -0.05190867558121681, "tweet_id": 524974518209896448, "text": "@laurenliek This is not confirmed. This tweet was an error by our Minister. Our soldier is alive.", "type": "lower_reply"}, {"index": 16, "attribution": -0.06690792739391327, "tweet_id": 524972203633545216, "text": "@BBCBreaking Please STOP your reporting on Canadian Soldier, 'til anything's been confirmed by Canadian Army or PMHarper's Office.", "type": "direct_reply"}, {"index": 1, "attribution": -0.0783718079328537, "tweet_id": 524970071572357120, "text": "\u201c@BBCBreaking: Soldier shot by gunman outside Canada parliament dies, minister says, as police search for multiple suspects\u201d \ud83d\ude14\ud83d\ude14\ud83d\ude14", "type": "direct_reply"}, {"index": 28, "attribution": -0.11662890762090683, "tweet_id": 524969629689446401, "text": "@BBCBreaking That is not confirmed yet.", "type": "direct_reply"}, {"index": 20, "attribution": -0.12355651706457138, "tweet_id": 524974765149536256, "text": "@simslim He is still alive. Send prayers. That was a mis-tweet by our MP.", "type": "lower_reply"}, {"index": 22, "attribution": -0.1602621078491211, "tweet_id": 524970254179778560, "text": "@Mainewatching @BBCBreaking you disgusting, deluded individual", "type": "lower_reply"}, {"index": 12, "attribution": -0.18715183436870575, "tweet_id": 524974416141500416, "text": "\u201c@BBCBreaking: Soldier shot by gunman outside Canada parliament dies, minister says, as police search for multiple suspects\u201d Terrible news", "type": "direct_reply"}, {"index": 17, "attribution": -0.2164645791053772, "tweet_id": 524972105260339202, "text": "@BBCBreaking THIS HAS NOT BEEN CONFIRMED! @CTVNews has not confirmed! Stop reporting until you have the facts!!!#OttawaShootings", "type": "direct_reply"}, {"index": 9, "attribution": -0.31412917375564575, "tweet_id": 524974273275121664, "text": "@CindyLivingsto4 @BBCBreaking this is not confirmed.", "type": "lower_reply"}, {"index": 8, "attribution": -0.3934542238712311, "tweet_id": 524973601267924993, "text": "@BBCBreaking that's what happen when you give space to muslims.", "type": "direct_reply"}, {"index": 27, "attribution": -0.713254988193512, "tweet_id": 524979049677201409, "text": "@GenerationZedd 2 MPs are saying it according to CNN", "type": "lower_reply"}, {"index": 5, "attribution": -0.7652709484100342, "tweet_id": 524970664915390464, "text": "@BBCBreaking @JeremySinger Not confirmed.", "type": "direct_reply"}]}