{"thread_id": "524932792925569024", "gold_label": 2, "predicted_label": 0, "tweet_attributions": [{"index": 0, "attribution": 0.18215090036392212, "tweet_id": 524932792925569024, "text": "Recap: Parliament Hill in lockdown after uniformed Canadian soldier shot at War Memorial. Suspect on loose; witnesses say he had rifle.", "type": "source"}, {"index": 2, "attribution": 0.10344526171684265, "tweet_id": 524933518233985024, "text": ".@CBCAlerts Any word on soldier's condition? They must've let an ambulance in.", "type": "direct_reply"}, {"index": 5, "attribution": 0.05583040788769722, "tweet_id": 524940312406654976, "text": "\u201c@CBCAlerts: Parliament Hill in lockdown after uniformed Canadian soldier shot at War Memorial.Suspect on loose;witnesses say he had rifle.\u201d", "type": "direct_reply"}, {"index": 10, "attribution": 0.05082647502422333, "tweet_id": 524935981615820800, "text": "@CBCAlerts @JeffreyGuterman unconfirmed but reliable source /Ottawa and RCMP not commenting police/Suspect has been killed inside Parliament", "type": "direct_reply"}, {"index": 11, "attribution": 0.04444865509867668, "tweet_id": 524934035832074243, "text": "@CBCAlerts Got it.\nhttps://t.co/FhROjvDoeF", "type": "lower_reply"}, {"index": 1, "attribution": -0.0014615276595577598, "tweet_id": 524944452100816896, "text": "@CBCAlerts @milnews_ca 2 witnesses say he kicked them out of their car &amp; drove off in it. (NPR)", "type": "direct_reply"}, {"index": 6, "attribution": -0.004212514031678438, "tweet_id": 524933375149473794, "text": "\u201c@CBCAlerts: How does this happen? Shooting a soldier who served our great nation. Radical? #Ottawa #Canada", "type": "direct_reply"}, {"index": 12, "attribution": -0.005722895730286837, "tweet_id": 524934252925050880, "text": "@CBCAlerts", "type": "direct_reply"}, {"index": 8, "attribution": -0.009571288712322712, "tweet_id": 524933821859643393, "text": "@CBCAlerts  I am sickened. This has to stop.  It's murder. Soldiers have families, they have Mothers.", "type": "direct_reply"}, {"index": 7, "attribution": -0.010989069007337093, "tweet_id": 524937704791085056, "text": "@CBCAlerts @JeffreyGuterman Very sad week for Canada. Our #CanadianForces aren't safe in their own country.", "type": "direct_reply"}, {"index": 9, "attribution": -0.03482026234269142, "tweet_id": 524937503888117761, "text": "MT @CBCAlerts Parliament Hill on lockdown after uniformed Canadian soldier shot at War Memorial. Suspect on loose witnesses say he had rifle", "type": "direct_reply"}, {"index": 3, "attribution": -0.04312710091471672, "tweet_id": 524934184700493825, "text": "@CBCAlerts are the \"Terrorists \" being followed by CSIS?  That's what they say they are doing", "type": "direct_reply"}, {"index": 4, "attribution": -0.06852687150239944, "tweet_id": 524934507036942336, "text": "@CBCAlerts the while diwntown is on lockdown!", "type": "direct_reply"}]}