{"thread_id": "524965775036387329", "gold_label": 0, "predicted_label": 0, "tweet_attributions": [{"index": 0, "attribution": 0.29416531324386597, "tweet_id": 524965775036387329, "text": "Hero. @affanchowdhry: Kevin Vickers, head of security in parliament, being credited for taking down shooter #Ottawa http://t.co/rVYetE0KYq\"", "type": "source"}, {"index": 2, "attribution": 0.06460852921009064, "tweet_id": 524972195978964993, "text": "@LindaFrum @LeBlancJpl @affanchowdhry good for Vickers", "type": "direct_reply"}, {"index": 3, "attribution": 0.047909777611494064, "tweet_id": 524974387125317633, "text": "@LindaFrum @affanchowdhry  absolutely!", "type": "direct_reply"}, {"index": 1, "attribution": -0.013770077377557755, "tweet_id": 525005729938554882, "text": "@LindaFrum @affanchowdhry The real hero is the soldier who lost his life doing his job and serving his country.", "type": "direct_reply"}, {"index": 4, "attribution": -0.047259408980607986, "tweet_id": 525015279387299840, "text": "@LindaFrum @affanchowdhry.. \nThis was an attack on all Canadians whatever stripe \nObviously these despicable acts are from cowardly cretins.", "type": "direct_reply"}]}