{"thread_id": "524981513637888000", "gold_label": 1, "predicted_label": 2, "tweet_attributions": [{"index": 11, "attribution": 1.2557791471481323, "tweet_id": 524988507585273856, "text": "@JimHumbert He was a Honor Guard so I'm not sure if he did or not. #OttawaShooting", "type": "lower_reply"}, {"index": 3, "attribution": 0.3066820800304413, "tweet_id": 524993561603739648, "text": "@Reenit. Ok thanks....", "type": "lower_reply"}, {"index": 1, "attribution": 0.24904964864253998, "tweet_id": 524982111347163138, "text": "RT @OttawaPolice  This morning\u2019s shooting incidents occurred at the National War Memorial and on Parliament Hill. Not Rideau Centre #ottnews", "type": "direct_reply"}, {"index": 10, "attribution": 0.2247772365808487, "tweet_id": 524994538382036992, "text": "@OttawaPolice @ibnlive its sad, but human rights is 4 humans not terrorists, punish all terrorists sheltered in canada under disguise of HR", "type": "direct_reply"}, {"index": 6, "attribution": 0.13704648613929749, "tweet_id": 524988011738841088, "text": "@OttawaPolice (Trad) Mise \u00e0 jour:Les fusillades ont eu lieu au monument comm\u00e9moratif de guerre et au Parlement. Pas au Centre Rideau #Ottawa", "type": "direct_reply"}, {"index": 5, "attribution": 0.13373063504695892, "tweet_id": 525812383382777858, "text": "@DavidBowes6 @OttawaPolice yes there were", "type": "lower_reply"}, {"index": 4, "attribution": 0.1089191809296608, "tweet_id": 525021853212233728, "text": "@OttawaPolice this seemed like a clear terrorist attack http://t.co/AyDbT8xKCC", "type": "direct_reply"}, {"index": 7, "attribution": 0.058519527316093445, "tweet_id": 525010033843920896, "text": "@AngStarGazer @OttawaPolice shots at 3rd location? Yes or no?", "type": "lower_reply"}, {"index": 2, "attribution": 0.04313540831208229, "tweet_id": 524983846958534656, "text": "@OttawaPolice @Reenit Did the Soldier ... (military guard) have A loaded Rifle ?", "type": "direct_reply"}, {"index": 13, "attribution": 0.004028625320643187, "tweet_id": 524984248436920320, "text": "@OttawaPolice How did Rideau Centre get mixed in? Maybe it's on lockdown only?", "type": "direct_reply"}, {"index": 12, "attribution": -0.012841925956308842, "tweet_id": 524981685755326464, "text": "\u201c@OttawaPolice: UPDATE: This morning\u2019s shootings occurred at the National War Memorial and on Parliament Hill.  Not Rideau Centre. #ottnews\u201d", "type": "direct_reply"}, {"index": 14, "attribution": -0.08575259894132614, "tweet_id": 524986416640438272, "text": "@OttawaPolice Any confirmation of the identity of these gunmen? Involvement of Al-queda or ISIS?", "type": "direct_reply"}, {"index": 8, "attribution": -0.11689306050539017, "tweet_id": 524984294151061505, "text": "@OttawaPolice Thought from UK will the people of Ottawa shocking total shocking and well done to your emergency response teams", "type": "direct_reply"}, {"index": 9, "attribution": -0.13992413878440857, "tweet_id": 525005055507070978, "text": "@OttawaPolice there were shots fired outside of the Rideau centre, not inside so ya, technically the Rideau Centre didn't have a shooting", "type": "direct_reply"}, {"index": 0, "attribution": -0.19788450002670288, "tweet_id": 524981513637888000, "text": "UPDATE: This morning\u2019s shooting incidents occurred at the National War Memorial and on Parliament Hill.  Not Rideau Centre. #ottnews", "type": "source"}]}