{"thread_id": "524951625556066304", "gold_label": 0, "predicted_label": 2, "tweet_attributions": [{"index": 9, "attribution": 1.6180853843688965, "tweet_id": 524970779747033088, "text": "\u201c@Justin_Ling: CTV reports that #soldier shot at war memorial still alive.\u201d #ThankGod @QuornDawg", "type": "direct_reply"}, {"index": 2, "attribution": 1.3123818635940552, "tweet_id": 524986052277465089, "text": "@Lisa00249251 @RJennromao @Justin_Ling CNN link I tweeted confirmst.  These things happen when news agencies report 1st soundbite they hear", "type": "lower_reply"}, {"index": 13, "attribution": 0.4594589173793793, "tweet_id": 524952257260187648, "text": "@Justin_Ling New York Times is reporting his death. Obv hard to get accurate info", "type": "direct_reply"}, {"index": 6, "attribution": 0.23713020980358124, "tweet_id": 524991171731673089, "text": "@QuornDawg @Lisa00249251 @Justin_Ling the assailant is also now deceased both were alive upon arrival. #RIP #Hamilton #Highlander #Soldier", "type": "lower_reply"}, {"index": 11, "attribution": 0.1777951866388321, "tweet_id": 524952064531910656, "text": "@Justin_Ling @paigemacp thank goodness", "type": "direct_reply"}, {"index": 3, "attribution": 0.10087302327156067, "tweet_id": 524951872168136704, "text": "@Justin_Ling thanks for this first bit of good news today. Really hope the only people killed are those responsible.", "type": "direct_reply"}, {"index": 8, "attribution": 0.05438755452632904, "tweet_id": 524953528054583297, "text": "@Justin_Ling  I'm so happy to hear that. Hope for his improvement!", "type": "direct_reply"}, {"index": 4, "attribution": 0.03168613091111183, "tweet_id": 524990583480516608, "text": "@Lisa00249251 @QuornDawg @Justin_Ling when I wrote that there was no report of death an hour ago, approx 45 min agous press release re death", "type": "lower_reply"}, {"index": 10, "attribution": -0.0061617097817361355, "tweet_id": 524973173268553729, "text": "@RJennromao @QuornDawg @Justin_Ling Is this true cos according to the news coverage Im watching his death has just been confirmed?", "type": "lower_reply"}, {"index": 15, "attribution": -0.08499936014413834, "tweet_id": 524952674345959425, "text": "@rthonb @Justin_Ling a soldier was killed to days ago in an attack in Quebec, NYTimes may be confusing incidents.", "type": "lower_reply"}, {"index": 7, "attribution": -0.10346759110689163, "tweet_id": 524954710722510848, "text": "Thank God RT @Justin_Ling: CTV reports that soldier shot at war memorial still alive.", "type": "direct_reply"}, {"index": 14, "attribution": -0.10657047480344772, "tweet_id": 524985414479003648, "text": "@RJennromao @Justin_Ling http://t.co/gHrtGclhx2", "type": "lower_reply"}, {"index": 1, "attribution": -0.2156546711921692, "tweet_id": 524952676493045760, "text": "@Justin_Ling @jm_mcgrath that is very good news if true.", "type": "direct_reply"}, {"index": 0, "attribution": -0.24309350550174713, "tweet_id": 524951625556066304, "text": "CTV reports that soldier shot at war memorial still alive.", "type": "source"}, {"index": 12, "attribution": -0.2581948935985565, "tweet_id": 524952955288842241, "text": "I really hope so. RT @Justin_Ling: CTV reports that soldier shot at war memorial still alive.", "type": "direct_reply"}, {"index": 5, "attribution": -0.3125990033149719, "tweet_id": 524951845660528640, "text": "Please be accurate. \u201c@Justin_Ling: CTV reports that soldier shot at war memorial still alive.\u201d", "type": "direct_reply"}]}