{"thread_id": "524931913426157568", "gold_label": 0, "predicted_label": 2, "tweet_attributions": [{"index": 3, "attribution": 1.6784285306930542, "tweet_id": 525008230012162048, "text": "@Signorile21 \u274c While they kill &amp; murder in the name of Islam they are fundamentally un-Islamic. Get informed &gt;&gt; http://t.co/WEyHKBcQ5p", "type": "lower_reply"}, {"index": 10, "attribution": 1.6134581565856934, "tweet_id": 524963687707447296, "text": "@rockqli @Signorile21 these are terrorist groups and not Islamic groups, 2 complete different things", "type": "lower_reply"}, {"index": 2, "attribution": 1.4944852590560913, "tweet_id": 524964119506866176, "text": "@NADEENNQ @rockqli yes but the vast majority of these terrorist groups also happen to be Islamic.", "type": "lower_reply"}, {"index": 17, "attribution": 1.356153964996338, "tweet_id": 524962959035232256, "text": "@Signorile21 @NADEENNQ threat levels were increased yesterday due to internal chatter of ISIS and other Islamic groups. No coincidence", "type": "lower_reply"}, {"index": 9, "attribution": 0.976387083530426, "tweet_id": 524934645390258176, "text": "@Neiler_1 @CP24 Gunman is on the loose apparently...", "type": "lower_reply"}, {"index": 18, "attribution": 0.9498099684715271, "tweet_id": 524961237701251075, "text": "@NADEENNQ @CP24 2 soldiers run over \"in the name of Allah\" yesterday do you not think these 2 incidences are related?", "type": "lower_reply"}, {"index": 22, "attribution": 0.691966712474823, "tweet_id": 524950098573524992, "text": "@Neiler_1 @CP24 gunmen now\u2026.", "type": "lower_reply"}, {"index": 27, "attribution": 0.6020445227622986, "tweet_id": 524948390002823168, "text": "@RebeccaErol @CP24 Gunman is CONFIRMED DEAD!!!!!!!!!! Sgt.at Arms Kevin Vickers shot him!!! WAY TO GO KEVIN.", "type": "lower_reply"}, {"index": 15, "attribution": 0.5460005402565002, "tweet_id": 525041907312107521, "text": "@thehalalgourmet cool. Still doesn't defer from the fact that they are killing in the name of Islam.", "type": "lower_reply"}, {"index": 6, "attribution": 0.38492485880851746, "tweet_id": 524933456137310208, "text": "RT @CP24: UPDATED: Shots fired on Parliament Hill, soldier injured at National War Memorial http://t.co/OcogO31Jk5 http://t.co/93klgktUJx", "type": "direct_reply"}, {"index": 5, "attribution": 0.274893581867218, "tweet_id": 524937316750880768, "text": "@Crickey13 @CP24 ya very scary! @KellaOnair", "type": "lower_reply"}, {"index": 23, "attribution": 0.2612161338329315, "tweet_id": 524933934363058178, "text": "@CP24", "type": "direct_reply"}, {"index": 28, "attribution": 0.2110133171081543, "tweet_id": 524942224446857216, "text": "@Dwubaseballmom not good at all! Let me know what happens!", "type": "lower_reply"}, {"index": 16, "attribution": 0.17144449055194855, "tweet_id": 524934118367580161, "text": "@CP24 @999virginTO what the hell is wrong with people?!", "type": "direct_reply"}, {"index": 25, "attribution": 0.14902092516422272, "tweet_id": 524943032936693760, "text": "@Dwubaseballmom multiple shooters too", "type": "lower_reply"}, {"index": 4, "attribution": 0.12994982302188873, "tweet_id": 524960648367996928, "text": "\u201c@Signorile21: @CP24 I bet the \"religion of peace\" had something to do with this.\u201d What does religion have to do with any of this...", "type": "lower_reply"}, {"index": 24, "attribution": 0.09635069966316223, "tweet_id": 524950713550790656, "text": "@RebeccaErol @CP24 Yes, it is believed that there are 2 more on the loose or hiding at the Rideau Center.", "type": "lower_reply"}, {"index": 20, "attribution": 0.09393700212240219, "tweet_id": 524943646999605249, "text": "@Dwubaseballmom not good at all!", "type": "lower_reply"}, {"index": 26, "attribution": 0.043483439832925797, "tweet_id": 524933999467450368, "text": "\u201c@CP24: UPDATED: Shots fired on Parliament Hill, soldier injured at National War Memorial http://t.co/uHX1znkPyU http://t.co/teexDg6ooH\u201d", "type": "direct_reply"}, {"index": 8, "attribution": 0.03217250481247902, "tweet_id": 524938850121310208, "text": "@manof1000 @CP24 haha wait until they release the shooter's name and you'll see.", "type": "lower_reply"}, {"index": 13, "attribution": 0.025070397183299065, "tweet_id": 524941039304704001, "text": "@CP24 oh shit nvm @haileyhutul", "type": "direct_reply"}, {"index": 1, "attribution": -0.021270880475640297, "tweet_id": 524937260371046400, "text": "\u201c@CP24: UPDATED: Shots fired -Parliament Hill, soldier injured at National War Memorial http://t.co/nDFb0XEbUB http://t.co/27sMaSyFPG\u201d\nScary", "type": "direct_reply"}, {"index": 29, "attribution": -0.06731867045164108, "tweet_id": 524932680480473088, "text": "@CP24 I bet the \"religion of peace\" had something to do with this.", "type": "direct_reply"}, {"index": 0, "attribution": -0.15713079273700714, "tweet_id": 524931913426157568, "text": "UPDATED: Shots fired on Parliament Hill, soldier injured at National War Memorial http://t.co/eyhV6c2yiv http://t.co/wy63eYJbB1", "type": "source"}, {"index": 19, "attribution": -0.17116595804691315, "tweet_id": 524967341139197952, "text": "@NADEENNQ @Signorile21 are you just ignorant to the fact that they're RADICAL islams? You think ISIS and Al'Qaeda are terrorists for fun?", "type": "lower_reply"}, {"index": 12, "attribution": -0.17301280796527863, "tweet_id": 524933887311740928, "text": "@CP24 @runcanucksrun dammit! :(", "type": "direct_reply"}, {"index": 21, "attribution": -0.19082610309123993, "tweet_id": 524932939793313793, "text": "@CP24 Please tell me the Police took care of him/her with an empty magazine in return fire!", "type": "direct_reply"}, {"index": 7, "attribution": -0.23148252069950104, "tweet_id": 524937061057703936, "text": "\u201c@CP24: UPDATED: Shots fired on Parliament Hill, soldier injured at National War Memorial http://t.co/cBSvFRhA5h http://t.co/1si7q6APjz\u201d", "type": "direct_reply"}, {"index": 11, "attribution": -0.255614310503006, "tweet_id": 525045540850266112, "text": "@Signorile21 Absolutely!! The point is that these are not Islamic groups. Continuing to say so is to engender Islam w/ such actions. \u274c\u274c\u274c", "type": "lower_reply"}, {"index": 14, "attribution": -0.5562458634376526, "tweet_id": 524944289043066880, "text": "@manof1000 @CP24 2 soldiers got run over yesterday \"in the name of Allah\" do you not think this could be related?", "type": "lower_reply"}]}