{"thread_id": "524993533212897281", "gold_label": 2, "predicted_label": 2, "tweet_attributions": [{"index": 4, "attribution": 1.4391709566116333, "tweet_id": 524993786276220928, "text": "@CTVNews WHY??? its not their country", "type": "direct_reply"}, {"index": 1, "attribution": 0.20521728694438934, "tweet_id": 525031764155453441, "text": "@CTVNews I want answers Why did I get netter News fom CNN And CBS ???", "type": "direct_reply"}, {"index": 5, "attribution": 0.16515757143497467, "tweet_id": 524995135822905345, "text": "@PC_Consult39 @CTVNews When it comes to security were all in it together you dope. In times of crisis we are as one.", "type": "lower_reply"}, {"index": 2, "attribution": 0.01686980202794075, "tweet_id": 525023033585827840, "text": "@CTVNews shooting suspect http://t.co/NIMwIg5Ewb", "type": "direct_reply"}, {"index": 6, "attribution": -0.027184627950191498, "tweet_id": 524994366541398017, "text": "@PC_Consult39 because it is a possible terrorist threat that could expand into the US, and they are our closest (literally) allies.", "type": "lower_reply"}, {"index": 3, "attribution": -0.1896834522485733, "tweet_id": 524994741180846080, "text": "@CTVNews thankfully  the FBI is really good with lots of resources", "type": "direct_reply"}, {"index": 0, "attribution": -0.9340431094169617, "tweet_id": 524993533212897281, "text": "FBI assisting in the case of the Ottawa shooting, sources have confirmed to CTV News", "type": "source"}]}