{"thread_id": "524970097711267841", "gold_label": 0, "predicted_label": 0, "tweet_attributions": [{"index": 4, "attribution": 0.427520751953125, "tweet_id": 524971387598168064, "text": "@cbcJillDempsey @mmdenisrc MP Kenney withdrew his tweet...confusion around...", "type": "direct_reply"}, {"index": 3, "attribution": 0.1265096515417099, "tweet_id": 524974794853588992, "text": "@VibezMediaIntl @cbcJillDempsey @CBCNews no info is sadly true", "type": "lower_reply"}, {"index": 8, "attribution": 0.06764531880617142, "tweet_id": 524976180781649921, "text": "@cbcJillDempsey @CBCNews Such sad news - thoughts and prayers to his family, friends, and military family. #dnd #military #hamilton", "type": "direct_reply"}, {"index": 2, "attribution": 0.06736338883638382, "tweet_id": 524975735245529088, "text": "@cbcJillDempsey @dangles70 RIP", "type": "direct_reply"}, {"index": 13, "attribution": 0.05363797768950462, "tweet_id": 524970504051249152, "text": "@cbcJillDempsey @CBCNews many thoughts and prayers to his family", "type": "direct_reply"}, {"index": 12, "attribution": 0.030324900522828102, "tweet_id": 524970609420562432, "text": "@cbcJillDempsey @CBCNews very sad news.", "type": "direct_reply"}, {"index": 1, "attribution": 0.023608602583408356, "tweet_id": 524970479405510656, "text": "So sad :-( \u201c@cbcJillDempsey: Conservative caucas informed soldier shot at War Memorial in Ottawa this morning has died.\u201d", "type": "direct_reply"}, {"index": 7, "attribution": 0.011415631510317326, "tweet_id": 524971801827614721, "text": "@cbcJillDempsey @CBCNews It's NOT up to MP's to release any info on anyone shot, let alone a Canadian Soldier. Think of the family!", "type": "direct_reply"}, {"index": 14, "attribution": 0.00966130755841732, "tweet_id": 524970933145325568, "text": "\u201c@cbcJillDempsey: Conservative caucas informed soldier shot at War Memorial in Ottawa has died.  A sad development on a shocking day.\u201d", "type": "direct_reply"}, {"index": 9, "attribution": 0.007996365427970886, "tweet_id": 524973387329048576, "text": "@cbcJillDempsey @CBCNews has this been confirmed? Apparently Mr Kenny may be combining the 2 incidents from today and the other day in Qc", "type": "direct_reply"}, {"index": 10, "attribution": -0.0036106749903410673, "tweet_id": 524970692727808001, "text": "@cbcJillDempsey @CBCNews news doesn't say that ????", "type": "direct_reply"}, {"index": 11, "attribution": -0.009121046401560307, "tweet_id": 524971369063522304, "text": "@cbcJillDempsey @CBCNews  so sad :(", "type": "direct_reply"}, {"index": 6, "attribution": -0.049048785120248795, "tweet_id": 524971361890889728, "text": "@cbcJillDempsey @CBCNews \n\ndid the DND tell you this?", "type": "direct_reply"}, {"index": 15, "attribution": -0.055977772921323776, "tweet_id": 524970464968318976, "text": "@cbcJillDempsey @CBCNews sad", "type": "direct_reply"}, {"index": 5, "attribution": -0.12471959739923477, "tweet_id": 524974489210486785, "text": "@Mabergeron1974 @cbcJillDempsey @mmdenisrc info is sadly true", "type": "lower_reply"}, {"index": 0, "attribution": -0.25568339228630066, "tweet_id": 524970097711267841, "text": "Conservative caucas informed soldier shot at War Memorial in Ottawa this morning has died.  A sad development on a shocking day.", "type": "source"}]}