{"thread_id": "524950404283772930", "gold_label": 0, "predicted_label": 2, "tweet_attributions": [{"index": 7, "attribution": 2.381847620010376, "tweet_id": 524951949595410432, "text": "@sarahle00464480 @20committee it's happening now Ottawa Canada", "type": "lower_reply"}, {"index": 0, "attribution": 1.6102614402770996, "tweet_id": 524950404283772930, "text": "Shooting soldiers guarding the war memorial....terrorism really doesn't get much more cowardly than that. Bastards.", "type": "source"}, {"index": 1, "attribution": 0.4653030335903168, "tweet_id": 524951022322851840, "text": "@20committee It actually wasn't \"guarding\"; they hold vigil in the weeks leading up to Remembrance Day. That makes it all the worse. :-(", "type": "direct_reply"}, {"index": 17, "attribution": 0.3796220123767853, "tweet_id": 524957012845932544, "text": "@20committee @Cameron_Gray Any bets on Canada labeling this Workplace Violence?", "type": "direct_reply"}, {"index": 15, "attribution": 0.37774404883384705, "tweet_id": 524954273181102080, "text": "@rouquinne @20committee the soldiers are an Honour Guard, hence guarding, although purely ceremonial.", "type": "lower_reply"}, {"index": 16, "attribution": 0.3204100728034973, "tweet_id": 524952353368465408, "text": "@20committee that's tyranny. crucifying teenagers. chopping children in half. nuclear threats. denying people right to choose a leader.", "type": "direct_reply"}, {"index": 19, "attribution": 0.21754048764705658, "tweet_id": 524963908600487936, "text": "@sarahle00464480 @20committee it's all ongoing but a soldier guarding war memorial was shot, 1 gunman killed and possible others at large.", "type": "lower_reply"}, {"index": 18, "attribution": 0.21010278165340424, "tweet_id": 524951427496419328, "text": "@20committee A moving, evocative memorial ... the Tomb of the Unknown Soldier ... been to Nov 11 ceremonies there often ... I am furious.", "type": "direct_reply"}, {"index": 8, "attribution": 0.20316296815872192, "tweet_id": 524951161846382592, "text": "@20committee Hope JTF2 was able to establish a timely perimeter...no small task in a densely urban environment.", "type": "direct_reply"}, {"index": 6, "attribution": 0.1335427612066269, "tweet_id": 524951774432858112, "text": "@20committee @onlyothershoe shit", "type": "direct_reply"}, {"index": 12, "attribution": 0.13021883368492126, "tweet_id": 524951615879778304, "text": "@20committee this is not a safe world as some \"end-of-history\" folks think. The old Latin \"si vis pacem, para bellum\" still applies", "type": "direct_reply"}, {"index": 2, "attribution": 0.12107180804014206, "tweet_id": 524953466075373568, "text": "@20committee exactly.", "type": "direct_reply"}, {"index": 14, "attribution": 0.09467517584562302, "tweet_id": 524954814804148224, "text": "@20committee @HumanGrip Let's hope each terrorist gets what he deserves - a bullet!", "type": "direct_reply"}, {"index": 4, "attribution": -0.028982603922486305, "tweet_id": 524951497097097216, "text": "@20committee i agree its disgusting and more as cowardly !!!!", "type": "direct_reply"}, {"index": 11, "attribution": -0.09989718347787857, "tweet_id": 524951508102950913, "text": "@20committee @fireandskill what???? When did this happen?", "type": "direct_reply"}, {"index": 13, "attribution": -0.19055654108524323, "tweet_id": 524951816174583808, "text": "@20committee @HumanGrip Putin did much worse to children and civilians in East Ukraine - thousands of victims+ cold winter + food scarce", "type": "direct_reply"}, {"index": 10, "attribution": -0.21566015481948853, "tweet_id": 524950844014211072, "text": "@20committee I thought so but wasn't sure thanks.", "type": "lower_reply"}, {"index": 5, "attribution": -0.22814302146434784, "tweet_id": 524960544617668609, "text": "@fireandskill @20committee was anyone hurt? At work so I can't turn on a tv...wait I have internet on my phone...brain fart!", "type": "lower_reply"}, {"index": 9, "attribution": -0.23220567405223846, "tweet_id": 524953925917868033, "text": "@20committee Goes to show they oppose everything we fought for in those wars", "type": "direct_reply"}, {"index": 3, "attribution": -0.30297043919563293, "tweet_id": 524950750133514240, "text": "@InfoSomniac2 bingo", "type": "lower_reply"}]}