{"thread_id": "524941041301225472", "gold_label": 0, "predicted_label": 2, "tweet_attributions": [{"index": 5, "attribution": 0.8930484652519226, "tweet_id": 524971441050382337, "text": "@CBSNews @LauraBoustani dirty bastards,we  need to crush them like cockroaches.", "type": "direct_reply"}, {"index": 4, "attribution": 0.4945831596851349, "tweet_id": 524951422572711936, "text": "@CBSNews what a world?surely now is the time to return the death sentence for murder.liberalism a step to far.", "type": "direct_reply"}, {"index": 3, "attribution": 0.27840203046798706, "tweet_id": 524977749983629314, "text": "@superten67 @CBSNews Hang on. We don't know why and why yet.", "type": "lower_reply"}, {"index": 11, "attribution": 0.2768249213695526, "tweet_id": 524959917761781760, "text": "@CBSNews", "type": "direct_reply"}, {"index": 7, "attribution": 0.09025406092405319, "tweet_id": 524997395441278976, "text": "@CBSNews", "type": "direct_reply"}, {"index": 10, "attribution": 0.08354998379945755, "tweet_id": 524968647325130752, "text": "@CBSNews cdn soldier confirmed dead. Sad day in Canada.", "type": "direct_reply"}, {"index": 2, "attribution": 0.07414675503969193, "tweet_id": 524949060428771328, "text": "\u201c@CBSNews: A Canadian soldier has been shot  http://t.co/JnTNbBxEyy http://t.co/gMdJnYSGiL\u201d #PSUCOMM260", "type": "direct_reply"}, {"index": 6, "attribution": 0.048878613859415054, "tweet_id": 524960826168336384, "text": "@CBSNews My map app shows tweets from #Ottawa shooting site http://t.co/VlcPC99uBJ \u2026 #ParliamentHill", "type": "direct_reply"}, {"index": 1, "attribution": 0.041395626962184906, "tweet_id": 524980090048770048, "text": "@CBSNews", "type": "direct_reply"}, {"index": 12, "attribution": 0.03142031282186508, "tweet_id": 524971661108731904, "text": "@stevedawson17 @CBSNews if there were a referendum in the uk on the death penalty i for one would vote yes.", "type": "lower_reply"}, {"index": 8, "attribution": -0.13398012518882751, "tweet_id": 524953546538487808, "text": "Our borders are secure? #Liberalism is gonna kill us. #Democrats support #Obama! https://t.co/Nf801dEzC6 @CBSNews #ISIS #BorderCrisis #ebola", "type": "direct_reply"}, {"index": 9, "attribution": -0.14848531782627106, "tweet_id": 524954074244866048, "text": "@CBSNews @TarekFatah is it true?", "type": "direct_reply"}, {"index": 0, "attribution": -0.907431423664093, "tweet_id": 524941041301225472, "text": "A Canadian soldier has been shot at the country's National War Memorial near Parliament. http://t.co/5UE8YlRluE http://t.co/wZRSqS5X26", "type": "source"}]}