{"thread_id": "524923462398513152", "gold_label": 0, "predicted_label": 2, "tweet_attributions": [{"index": 2, "attribution": 1.0294724702835083, "tweet_id": 524926523317710848, "text": "@cmaconthehill @KelseyBanks what is happening in Canada? #sad", "type": "direct_reply"}, {"index": 13, "attribution": 0.13321122527122498, "tweet_id": 524938029920948224, "text": "@cmaconthehill be safe", "type": "direct_reply"}, {"index": 8, "attribution": 0.11493254452943802, "tweet_id": 524927906481721345, "text": "@oord_van @cmaconthehill nerve-racking!", "type": "lower_reply"}, {"index": 12, "attribution": 0.09107779711484909, "tweet_id": 524943172875845632, "text": "@cmaconthehill stay safe Cormac.", "type": "direct_reply"}, {"index": 10, "attribution": 0.08372246474027634, "tweet_id": 524926370502430720, "text": "@cmaconthehill this will be spun to restrict law abiding gun owners. Just watch the knee jerk. Crazys and criminals don't follow the laws.", "type": "direct_reply"}, {"index": 5, "attribution": 0.07350599020719528, "tweet_id": 524929751094665216, "text": "@cmaconthehill @680News Holy Christ! Please be safe!", "type": "direct_reply"}, {"index": 3, "attribution": 0.0486602745950222, "tweet_id": 524934870469197824, "text": "@cmaconthehill Hope you are OK.", "type": "direct_reply"}, {"index": 4, "attribution": 0.026416150853037834, "tweet_id": 524926236540555264, "text": "@cmaconthehill  OMG! Be safe", "type": "direct_reply"}, {"index": 9, "attribution": 0.024778487160801888, "tweet_id": 524928263341481984, "text": "@cmaconthehill WTH is happening?", "type": "direct_reply"}, {"index": 7, "attribution": -0.010338201187551022, "tweet_id": 524925243245461504, "text": "@cmaconthehill @News1130radio badass!!!!", "type": "direct_reply"}, {"index": 6, "attribution": -0.01083192229270935, "tweet_id": 524923588701614080, "text": "@cmaconthehill Be safe!", "type": "direct_reply"}, {"index": 11, "attribution": -0.036693330854177475, "tweet_id": 524925639170998272, "text": "@cmaconthehill stay safe. Unbelievable", "type": "direct_reply"}, {"index": 1, "attribution": -0.08157320320606232, "tweet_id": 524930875482705920, "text": "@cmaconthehill Be safe.", "type": "direct_reply"}, {"index": 0, "attribution": -0.6733214259147644, "tweet_id": 524923462398513152, "text": "Shots fired on parliament hill after a man walked up with a gun. I'm locked in a security office on parliament hill", "type": "source"}]}