{"thread_id": "524987107081977856", "gold_label": 0, "predicted_label": 2, "tweet_attributions": [{"index": 12, "attribution": 3.507087469100952, "tweet_id": 524988644772564995, "text": "@MastaOfMp3s @BBCWorld not a lot of people know Canada was involved in the wars in the middle east. #Ottawa #OttawaShooting #PrayForOttawa", "type": "lower_reply"}, {"index": 9, "attribution": 3.3077776432037354, "tweet_id": 524987913495674882, "text": "@BBCWorld @TwistAnonymous canada dont play", "type": "direct_reply"}, {"index": 5, "attribution": 2.3325209617614746, "tweet_id": 524988915129004032, "text": "@TwistAnonymous yea the us gov drags them into alot lol i just find the reaction to shootings different then in the us", "type": "lower_reply"}, {"index": 6, "attribution": 1.364587664604187, "tweet_id": 525015421431603200, "text": "@BBCWorld I saw a big gun to, maybe was the guy dick, fuckkk the world is coming to a and?", "type": "direct_reply"}, {"index": 1, "attribution": 0.2920098602771759, "tweet_id": 525121794773372928, "text": "@BBCWorld #OttawaShooting #ATerroristIsATerrorist  #StephenHarper no liberal #WorkplaceViolence excuses http://t.co/0ajGZMXlvR", "type": "direct_reply"}, {"index": 0, "attribution": 0.28236743807792664, "tweet_id": 524987107081977856, "text": "\"I saw a long gun, I heard one shot\" - eye witness to #OttawaShooting at Canadian Parliament http://t.co/509yRD4iCn http://t.co/YmMtvZDLom", "type": "source"}, {"index": 8, "attribution": 0.17132355272769928, "tweet_id": 524987368676532224, "text": "@BBCWorld Lies and propaganda are traditionally the tools of theocracy, fascism, and totalitarianism. #ISIS CANCER #US #SYRIA #IRAQ #KOBANI", "type": "direct_reply"}, {"index": 7, "attribution": 0.08937322348356247, "tweet_id": 524987543650308097, "text": "@BBCWorld BBC calls it a \"shooting\" until they know it was brown people, then it will be a \"terrorist attack\"! #OttawaShooting", "type": "direct_reply"}, {"index": 11, "attribution": -0.041625894606113434, "tweet_id": 524988164566315011, "text": "@BBCWorld Republic of Korea, Seoul citizens 122 minutes massacred. Please help. http://t.co/wpZZQetYi3", "type": "direct_reply"}, {"index": 3, "attribution": -0.05472193658351898, "tweet_id": 524988241788018688, "text": "@BBCWorld our scary world \ud83d\ude29", "type": "direct_reply"}, {"index": 2, "attribution": -0.09516795724630356, "tweet_id": 524989643578937344, "text": "@MastaOfMp3s it's sad, not just in Canada, but in the US, mass shootings will initially be seen and linked to terrorism at first glance.", "type": "lower_reply"}, {"index": 10, "attribution": -0.44973528385162354, "tweet_id": 525012779418148865, "text": "@BBCWorld HI THERE. IT'S SUZIQ. REMEMBER 6MOS AGO,SUZIQ PREDICTED ISIS WAS ALREADY HERE!ANOTHER TRUE FOR SUZIQ, AGAIN! GODBLESSAMERICA SUZIQ", "type": "direct_reply"}, {"index": 14, "attribution": -0.6049104928970337, "tweet_id": 524989622884249600, "text": "@BBCWorld", "type": "direct_reply"}, {"index": 4, "attribution": -0.9598979353904724, "tweet_id": 525011093748711424, "text": "@BBCWorld Moslems attack our Sacred Place, Our War Memorial\n#OttawaShooting #CanadaStrong Time to Nuke Mecca and Madina\nX-terimanate Moslems", "type": "direct_reply"}, {"index": 13, "attribution": -1.3912028074264526, "tweet_id": 524988533321519106, "text": "@BBCWorld Stayed in Ottawa 3 years ago lovely city terrible to see what is happening", "type": "direct_reply"}]}