{"thread_id": "524946336190586880", "gold_label": 2, "predicted_label": 2, "tweet_attributions": [{"index": 7, "attribution": 1.3934961557388306, "tweet_id": 524947074757165057, "text": "@ABC @philwcvb WTFFFFFFF", "type": "direct_reply"}, {"index": 3, "attribution": 1.2958362102508545, "tweet_id": 524947862837547008, "text": "@Traceynyy @ABC its ongoing.", "type": "lower_reply"}, {"index": 6, "attribution": 0.8797416090965271, "tweet_id": 524951513102548992, "text": "Holy crap, I see! @philwcvb thanks Phil, just reading up now.", "type": "lower_reply"}, {"index": 5, "attribution": 0.24758006632328033, "tweet_id": 524964340873437184, "text": "@ABC Why must there be so much violence againts our own people. Instead of compassion and love\ud83c\udf1f\ud83c\udf1f\ud83c\udf1f", "type": "direct_reply"}, {"index": 9, "attribution": 0.10736612230539322, "tweet_id": 524951791725584385, "text": "@ABC - let me guess, the shooters are black southern baptists, right?", "type": "direct_reply"}, {"index": 2, "attribution": -0.1006283387541771, "tweet_id": 524947609635786752, "text": "@ABC So Sad, there's no safe place. Prayers for our Canadian Friends.", "type": "direct_reply"}, {"index": 4, "attribution": -0.136960968375206, "tweet_id": 525026652317687809, "text": "@ABC", "type": "direct_reply"}, {"index": 8, "attribution": -0.26356571912765503, "tweet_id": 524963291164995584, "text": "\u201c@ABC: UPDATE: Police: \"Several shooting incidents\" being investigated in downtown Ottawa: http://t.co/BITpeOVgev http://t.co/6ofMTEBk6z\u201d", "type": "direct_reply"}, {"index": 0, "attribution": -0.2796209454536438, "tweet_id": 524946336190586880, "text": "UPDATE: Police: \"Several shooting incidents\" being investigated in downtown Ottawa: http://t.co/9MAAywtu03 http://t.co/wW0aQmzRIb", "type": "source"}, {"index": 1, "attribution": -0.38309386372566223, "tweet_id": 524952847448682497, "text": "@ABC Man after shaving ...\n\nhttp://t.co/4Cw21sdEy5", "type": "direct_reply"}]}