{"thread_id": "524949443607412737", "gold_label": 1, "predicted_label": 0, "tweet_attributions": [{"index": 0, "attribution": 0.34527871012687683, "tweet_id": 524949443607412737, "text": "Ottawa Police report a third shooting at Rideau Centre, no reports of injuries.", "type": "source"}, {"index": 2, "attribution": 0.012784958817064762, "tweet_id": 524956942926880768, "text": "@newhot899 near, NEAR the Rideau Centre", "type": "direct_reply"}, {"index": 4, "attribution": 0.0007050062413327396, "tweet_id": 524950874767249408, "text": "@newhot899 your news coverage is all over the place and making it sound like there are hundreds of shootings happening. Please be carful.", "type": "direct_reply"}, {"index": 3, "attribution": -0.022303791716694832, "tweet_id": 524950200281202688, "text": "\u201c@newhot899: Ottawa Police report a third shooting at Rideau Centre, no reports of injuries.\u201d Wtf is happening \ud83d\ude2d\ud83d\ude2d\ud83d\ude2d", "type": "direct_reply"}, {"index": 1, "attribution": -0.030028345063328743, "tweet_id": 524956714303754240, "text": "@newhot899 \"Ottawa Police report a third shooting at Rideau Centre, no reports of injuries.\" Hoping everyone stays safe &lt;3", "type": "direct_reply"}]}