{"thread_id": "524974456851410944", "gold_label": 1, "predicted_label": 0, "tweet_attributions": [{"index": 0, "attribution": 0.3718756139278412, "tweet_id": 524974456851410944, "text": "Map of the locations of shootings in Ottawa, at War Memorial, House of Commons and nearby mall http://t.co/X88Z25p9Tx http://t.co/oFsyyJQ4Qp", "type": "source"}, {"index": 2, "attribution": 0.10840404778718948, "tweet_id": 524975909150146560, "text": "@nytimesworld @MikePMoffatt Something is spelled wrong, Rivi\u00e8re des Outaouais.", "type": "direct_reply"}, {"index": 3, "attribution": 0.013897181488573551, "tweet_id": 524976314236010499, "text": "@nytimesworld @nytimes", "type": "direct_reply"}, {"index": 4, "attribution": -0.014648663811385632, "tweet_id": 524976695947046912, "text": "@MVLibertas @nytimesworld @MikePMoffatt How is it spelled wrong?", "type": "lower_reply"}, {"index": 1, "attribution": -0.08057546615600586, "tweet_id": 525099898350215169, "text": "@nytimesworld @nytimes god blesh them whose sufer from war", "type": "direct_reply"}]}