{"thread_id": "524953840127574016", "gold_label": 1, "predicted_label": 2, "tweet_attributions": [{"index": 17, "attribution": 2.344327449798584, "tweet_id": 524955503588548609, "text": "@bostonsportsdsk @CBCAlerts @FriedgeHNIC thanks!!! We're in lockdown right now!!!", "type": "lower_reply"}, {"index": 10, "attribution": 1.9932037591934204, "tweet_id": 524955591119503360, "text": "@ESHDrexxin @CBCAlerts Ottawa and Toronto are under terrorist attacks by ISIS", "type": "lower_reply"}, {"index": 18, "attribution": 1.8957022428512573, "tweet_id": 524954724182024192, "text": "@CBCAlerts @FriedgeHNIC Best of luck to our friends up North ! Stay safe", "type": "direct_reply"}, {"index": 6, "attribution": 1.8518558740615845, "tweet_id": 524955412953432064, "text": "@CBCAlerts @Andromehda People shoot things in Canada?", "type": "direct_reply"}, {"index": 15, "attribution": 1.3691824674606323, "tweet_id": 524956780531843073, "text": "@Marie_Habs1993 @CBCAlerts @FriedgeHNIC Been there... Done that !  Sucks. #thoughtsandprayers", "type": "lower_reply"}, {"index": 13, "attribution": 0.4908161461353302, "tweet_id": 524955117553192960, "text": "@CBCAlerts: Police confirm 3rd shooting in area of Rideau Centre, mall in downtown #Ottawa east of Parliament Hill.#cdnpoli @Santi__Acevedo", "type": "direct_reply"}, {"index": 3, "attribution": 0.43294045329093933, "tweet_id": 524956974635839488, "text": "@ESHDrexxin @CBCAlerts Oh, just Ottawa.", "type": "lower_reply"}, {"index": 16, "attribution": 0.3768642842769623, "tweet_id": 524956893346033665, "text": "@bostonsportsdsk @CBCAlerts @FriedgeHNIC thanks buddy!", "type": "lower_reply"}, {"index": 12, "attribution": 0.2744865119457245, "tweet_id": 524954816410554368, "text": "\u201c@CBCAlerts: Police confirm 3rd shooting in area of Rideau Centre, in downtown #Ottawa east of Parliament Hill\u201d you're FUCKING kidding me", "type": "direct_reply"}, {"index": 5, "attribution": 0.22105146944522858, "tweet_id": 524955700766584832, "text": "@Andromehda @CBCAlerts Oh...:(", "type": "lower_reply"}, {"index": 8, "attribution": 0.12902435660362244, "tweet_id": 524955274742734849, "text": "@scottgware fortunately not. although do have some friends in the area @CBCAlerts", "type": "lower_reply"}, {"index": 0, "attribution": 0.1290089190006256, "tweet_id": 524953840127574016, "text": "Police confirm 3rd shooting in area of Rideau Centre, mall in downtown #Ottawa east of Parliament Hill. #cdnpoli", "type": "source"}, {"index": 9, "attribution": 0.09000598639249802, "tweet_id": 524955771659096064, "text": "@CBCAlerts", "type": "direct_reply"}, {"index": 4, "attribution": 0.018365630879998207, "tweet_id": 524955093016539136, "text": "@cbcalerts @refforlife Any of our family in Ottawa now?", "type": "direct_reply"}, {"index": 7, "attribution": -0.1276964247226715, "tweet_id": 524955733457387520, "text": "@CBCAlerts what the actual Fuck.", "type": "direct_reply"}, {"index": 11, "attribution": -0.4455619752407074, "tweet_id": 524955220359786496, "text": "@CBCAlerts is this any part of the ISIS crap?! What the hell is going on?!?!", "type": "direct_reply"}, {"index": 14, "attribution": -0.49482259154319763, "tweet_id": 524954220962017281, "text": "@CBCAlerts oh dear", "type": "direct_reply"}, {"index": 2, "attribution": -0.5532464385032654, "tweet_id": 524954090380328960, "text": "@CBCAlerts", "type": "direct_reply"}, {"index": 1, "attribution": -0.7254202961921692, "tweet_id": 524954311021711360, "text": "RT @CBCAlerts: Police confirm 3rd shooting in area of Rideau Centre, mall in downtown #Ottawa east of Parliament Hill. #cdnpoli\u201d", "type": "direct_reply"}]}