{"thread_id": "524962748237889536", "gold_label": 0, "predicted_label": 2, "tweet_attributions": [{"index": 20, "attribution": 3.514298439025879, "tweet_id": 524964901585174528, "text": "@affanchowdhry This man is a hero, and should carry his gun at all times. (Said with utmost respect by an American.) @ChrisWasselTHW", "type": "direct_reply"}, {"index": 6, "attribution": 1.6456528902053833, "tweet_id": 524966548515979265, "text": "@daveaiello @affanchowdhry @ChrisWasselTHW All Canadians should be able to carry guns after this incident.", "type": "lower_reply"}, {"index": 14, "attribution": 0.9725677371025085, "tweet_id": 524966972053012480, "text": "@affanchowdhry @sportsnetmurph Is it wise to ID him like this?", "type": "direct_reply"}, {"index": 12, "attribution": 0.46995410323143005, "tweet_id": 524964752921874433, "text": "@affanchowdhry @DamoSpin give the guy life long tax break, he's a National Hero. #Canada #cdnpoli", "type": "direct_reply"}, {"index": 10, "attribution": 0.3266696631908417, "tweet_id": 524970318235176960, "text": "@LyYvLa @daveaiello @affanchowdhry @ChrisWasselTHW its time for CCW in Canada.", "type": "lower_reply"}, {"index": 11, "attribution": 0.1576967090368271, "tweet_id": 524967924247707649, "text": "@affanchowdhry Congrats on your 250\u2605 tweet! http://t.co/895KU14nMf", "type": "direct_reply"}, {"index": 1, "attribution": 0.12368259578943253, "tweet_id": 524963603662000128, "text": "@affanchowdhry @JohnnyJesus and a damn good shot, still....", "type": "direct_reply"}, {"index": 19, "attribution": 0.07995713502168655, "tweet_id": 524964073491144704, "text": "@affanchowdhry @robyndoolittle that doesn't look like a dude that should be trifled with #Ottawa", "type": "direct_reply"}, {"index": 13, "attribution": 0.07283853739500046, "tweet_id": 524969418426953728, "text": "@LyYvLa @daveaiello @affanchowdhry @ChrisWasselTHW Don't be ridiculous. We won't all be carrying guns, but no doubt higher security to come.", "type": "lower_reply"}, {"index": 4, "attribution": 0.027563540264964104, "tweet_id": 524963881509482497, "text": "@affanchowdhry @RayHeard Looks like this guy is the hero of the day.", "type": "direct_reply"}, {"index": 8, "attribution": 0.013777453452348709, "tweet_id": 524966227572432896, "text": "@daveaiello @affanchowdhry Definitely...the utmost of respect and reverence.", "type": "lower_reply"}, {"index": 18, "attribution": 0.009306793101131916, "tweet_id": 524964126779789312, "text": "@affanchowdhry @robyndoolittle A TRUE Canadian Hero!!!! God Bless and Thank You for being there!", "type": "direct_reply"}, {"index": 16, "attribution": -0.003858857089653611, "tweet_id": 524969982057119745, "text": "@affanchowdhry @GreatDismal Disturbing how many people want to add more guns to the equation.", "type": "direct_reply"}, {"index": 5, "attribution": -0.02683197520673275, "tweet_id": 524965928489213952, "text": "Real hero here. RT @affanchowdhry Kevin Vickers head of parliament security credited for taking down shooter #Ottawa http://t.co/AIQCGKsSYF", "type": "direct_reply"}, {"index": 15, "attribution": -0.17974208295345306, "tweet_id": 524969882660515840, "text": "@affanchowdhry @nickyrobertso Well done", "type": "direct_reply"}, {"index": 7, "attribution": -0.1995885968208313, "tweet_id": 524970043122393089, "text": "@doug_faulkner The guy's a public figure.", "type": "lower_reply"}, {"index": 3, "attribution": -0.21051143109798431, "tweet_id": 524964982522671105, "text": "@affanchowdhry Captain Canada", "type": "direct_reply"}, {"index": 9, "attribution": -0.2890707850456238, "tweet_id": 524967478569734144, "text": "@affanchowdhry The Mounties always get their man. Well done.", "type": "direct_reply"}, {"index": 2, "attribution": -0.3295416533946991, "tweet_id": 524967190362333184, "text": "@affanchowdhry @MattAdamowski Hero!", "type": "direct_reply"}, {"index": 17, "attribution": -0.45135268568992615, "tweet_id": 524967051589611520, "text": "@affanchowdhry @DamoSpin  Deserves the Order of Canada, for putting himself in the line of fire. Saved multiple lives.", "type": "direct_reply"}, {"index": 0, "attribution": -0.9185200333595276, "tweet_id": 524962748237889536, "text": "Kevin Vickers, head of security in parliament &amp; 29 yr vet of RCMP. Being credited for taking down shooter #Ottawa http://t.co/LpAUkIqwvi", "type": "source"}]}