{"thread_id": "524949439367380993", "gold_label": 1, "predicted_label": 0, "tweet_attributions": [{"index": 0, "attribution": 0.29814383387565613, "tweet_id": 524949439367380993, "text": "#OttawaShooting police say they are investigating 3 shootings, one at War Memorial, one on Parliament Hill and one near Rideau Centre", "type": "source"}, {"index": 3, "attribution": 0.03652747720479965, "tweet_id": 524950297601658881, "text": "#AttackInOttawa\n@ErinAnderssen: police are investigating 3 shootings, one at War Memorial, one on Parliament Hill and one near Rideau Centre", "type": "direct_reply"}, {"index": 1, "attribution": 0.023073343560099602, "tweet_id": 524950430522953728, "text": "@erinanderssen", "type": "direct_reply"}, {"index": 2, "attribution": -0.10526169091463089, "tweet_id": 524951134105255936, "text": "@ErinAnderssen @saleemkhan awful news for people who don't deserve such unusual occurrences there! Sad visitor", "type": "direct_reply"}]}