{"thread_id": "524981436252950528", "gold_label": 2, "predicted_label": 0, "tweet_attributions": [{"index": 0, "attribution": 0.28648731112480164, "tweet_id": 524981436252950528, "text": "Canadian authorities have given name of suspect in Ottawa attacks to U.S. feds; ask for FBI assistance: Sr U.S. law enforcement official", "type": "source"}, {"index": 7, "attribution": 0.02464292384684086, "tweet_id": 524982445469622272, "text": "@RamCNN @HuffPostCanada what is happening in Ottawa today is devastating. This is Canada, peace loving!!", "type": "direct_reply"}, {"index": 6, "attribution": 0.024582138285040855, "tweet_id": 525554047408160768, "text": "@RamCNN Follow Official account @Riconymous", "type": "direct_reply"}, {"index": 4, "attribution": 0.015479949302971363, "tweet_id": 524981780122972161, "text": "@RamCNN @shephardm The FBI probably already knew him quite well, if past incidents are anything to go by.", "type": "direct_reply"}, {"index": 5, "attribution": 0.003128303913399577, "tweet_id": 524982686369472512, "text": "\u201c@RamCNN: Canadian authorities have given name of suspect in #Ottawa to U.S. feds; ask for FBI help: Sr U.S. law enforcement official\u201d", "type": "direct_reply"}, {"index": 2, "attribution": -0.011848042719066143, "tweet_id": 524981904131764224, "text": "@RamCNN @20committee any timeline on when the general public gets the name?", "type": "direct_reply"}, {"index": 3, "attribution": -0.026373930275440216, "tweet_id": 525541364927574016, "text": "@RamCNN Follow Official account @Riconymous", "type": "direct_reply"}, {"index": 1, "attribution": -0.02951151318848133, "tweet_id": 524982163456786432, "text": "@RamCNN My map app shows tweets from #Ottawa shooting site http://t.co/VlcPC99uBJ \u2026 \u2026", "type": "direct_reply"}]}