{"thread_id": "524959027516932096", "gold_label": 2, "predicted_label": 2, "tweet_attributions": [{"index": 1, "attribution": 3.456214666366577, "tweet_id": 524995696223858688, "text": "@cnnbrk @Karentalk please shake your head.... it was confirmed that non of the shooters were from the middle east/muslim. This wasn't ISIS.", "type": "direct_reply"}, {"index": 2, "attribution": 1.6666245460510254, "tweet_id": 525040278173126656, "text": "@HalaykoOfficial @cnnbrk They dont have to be...to be RADICALIZED..IN ISIS IDEOLOGY...are you unaware of the ISIS recruits worldwide?", "type": "lower_reply"}, {"index": 7, "attribution": 0.6611295938491821, "tweet_id": 525040667593289728, "text": "@Karentalk @cnnbrk your preaching to a preacher of this stuff.", "type": "lower_reply"}, {"index": 10, "attribution": 0.5707131028175354, "tweet_id": 524963727142322176, "text": "Oh, FFS MT @cnnbrk In response to Ottawa incidents, NORAD increased number of planes on higher alert status  http://t.co/sit9CKgp9b", "type": "direct_reply"}, {"index": 11, "attribution": 0.3085356056690216, "tweet_id": 524965865393905665, "text": "@cnnbrk Respectfully this is not an incident..this is ISIS...POLICY NOW MUST BE CHANGED..THEY ARE HERE..MULTIPLE SHOOTERS..SHOOTING SOLDIERS", "type": "direct_reply"}, {"index": 8, "attribution": 0.23310472071170807, "tweet_id": 524960579287810048, "text": "RT @cnnbrk:In response #Ottawa incidents, NORAD increased number of planes on higher alert status ready to respond. http://t.co/2EUTJ4EOfI", "type": "direct_reply"}, {"index": 3, "attribution": 0.19291113317012787, "tweet_id": 524964792230895616, "text": "@cnnbrk Prayers going out to all those affected by the Ottawa shooting in Canada this morning.\ud83d\ude22\ud83d\ude14\ud83d\udc4f", "type": "direct_reply"}, {"index": 13, "attribution": 0.10821212083101273, "tweet_id": 525041384253038594, "text": "@Karentalk @cnnbrk Isis needs to be stopped 100% yes. But facts need to be presented before fingers are pointed and accusations made.", "type": "lower_reply"}, {"index": 4, "attribution": 0.031285546720027924, "tweet_id": 524964451209195520, "text": "@Nicest_Girl_Evr @cnnbrk wo events on LAND.", "type": "lower_reply"}, {"index": 6, "attribution": 0.029791317880153656, "tweet_id": 524960758325444608, "text": "@cnnbrk CANADA'S CAPITAL UNDER ATTACK..OTTAWA..MULTIPLE SHOOTERS..DOES THIS CHANGE ANYTHING AT ALL FOR YOU MR. PRESIDENT..PLEASE STOP ISIS.", "type": "direct_reply"}, {"index": 18, "attribution": 0.01287951972335577, "tweet_id": 524959258480476161, "text": "@cnnbrk All the hallmarks of  #OperationChaos #falseflag attk by those who believe\"from chaos comes order\":USjrno http://t.co/a94wJvDnTL", "type": "direct_reply"}, {"index": 9, "attribution": -0.01975324936211109, "tweet_id": 524965389076541440, "text": "@Nicest_Girl_Evr Norad couldn't even stop 911. How they fuck are they gonna stop some crazed gunman on the ground?", "type": "lower_reply"}, {"index": 14, "attribution": -0.050999149680137634, "tweet_id": 524960273342275584, "text": "@cnnbrk ISIS IS CHANGING OUR WORLD..AND WE ARE LETTING THEM..OTTAWA CANADA UNDER ATTACK....MULTIPLE SHOOTERS..UNLEASH HELL ON ISIS", "type": "direct_reply"}, {"index": 5, "attribution": -0.056942570954561234, "tweet_id": 524959219968405504, "text": "@cnnbrk Good.", "type": "direct_reply"}, {"index": 16, "attribution": -0.08129525929689407, "tweet_id": 524963821266665472, "text": "@tim_bousquet @cnnbrk #falseflag here we go!", "type": "lower_reply"}, {"index": 15, "attribution": -0.1839895099401474, "tweet_id": 524961629482782720, "text": "Really, NORAD? &lt;headdesk&gt; @cnnbrk", "type": "direct_reply"}, {"index": 12, "attribution": -0.2708926498889923, "tweet_id": 525040878466117632, "text": "@Karentalk @cnnbrk just because an attack happened doesn't not automatically mean Isis or any other group. The profiling needs to stop", "type": "lower_reply"}, {"index": 17, "attribution": -0.40335986018180847, "tweet_id": 525041107504496641, "text": "@Karentalk @cnnbrk this is part of why we are having racial wars. Everyone's to quick to point a finger without facts.", "type": "lower_reply"}, {"index": 0, "attribution": -0.7425145506858826, "tweet_id": 524959027516932096, "text": "In response to Ottawa incidents, NORAD increased number of planes on higher alert status ready to respond if needed. http://t.co/q98AMohu7T", "type": "source"}]}