{"thread_id": "524977669902172160", "gold_label": 0, "predicted_label": 0, "tweet_attributions": [{"index": 0, "attribution": 0.4972027838230133, "tweet_id": 524977669902172160, "text": "NHL postpones Wednesday's Leafs-Senators game due to tragedy in Ottawa  http://t.co/Ohec0ceae7 http://t.co/sLeiCmoUN6", "type": "source"}, {"index": 3, "attribution": -0.04623676836490631, "tweet_id": 524998389734596608, "text": "@Sportsnet", "type": "direct_reply"}, {"index": 2, "attribution": -0.12875977158546448, "tweet_id": 525006874023038976, "text": "@martyzylstra @Sportsnet - Seriously? Wow. Only a Leaf fan. #pureclass", "type": "lower_reply"}, {"index": 1, "attribution": -0.44239285588264465, "tweet_id": 524990187865001985, "text": "\u201c@Sportsnet: NHL postpones Wed's Leafs game due to tragedy in Ott http://t.co/MlSmmggLiS http://t.co/wZA33H8ZUu\u201d #KeepPhilSafe #TMLtalk", "type": "direct_reply"}]}