{"thread_id": "524976929703997441", "gold_label": 2, "predicted_label": 2, "tweet_attributions": [{"index": 0, "attribution": 0.29092881083488464, "tweet_id": 524976929703997441, "text": "BREAKING: Hospital says it has received 3 victims from Ottawa shootings, 2 are in stable condition.", "type": "source"}, {"index": 7, "attribution": 0.18152372539043427, "tweet_id": 524978595207196673, "text": "@zackwheeler @AP how many dead? If any.", "type": "lower_reply"}, {"index": 11, "attribution": 0.058041978627443314, "tweet_id": 524977528885497856, "text": "\u201c@AP: BREAKING: Hospital says it has received 3 victims from Ottawa shootings, 2 are in stable condition.\u201d#fox35", "type": "direct_reply"}, {"index": 10, "attribution": 0.04959731921553612, "tweet_id": 524983648144359424, "text": "Senin memlekette sapitti, @melisada @AP: BREAKING: Hospital says it has received 3 victims from Ottawa shootings, 2 are in stable condition.", "type": "direct_reply"}, {"index": 8, "attribution": 0.029199743643403053, "tweet_id": 524979928069341184, "text": "\u201c@AP: BREAKING: Hospital says it has received 3 victims from Ottawa shootings, 2 are in stable condition.\u201d", "type": "direct_reply"}, {"index": 15, "attribution": 0.028792494907975197, "tweet_id": 524979483712176128, "text": "\u201c@bobbydtv: \u201c@AP: BREAKING: Hospital says it has received 3 victims from Ottawa shootings, 2 are in stable condition.\u201d", "type": "lower_reply"}, {"index": 2, "attribution": 0.028301900252699852, "tweet_id": 524977393019420673, "text": "BREAKING: Hospital says it has received 3 victims from #Ottawa shootings, 2 are in stable condition. @ap", "type": "direct_reply"}, {"index": 18, "attribution": 0.009846151806414127, "tweet_id": 524986443995676672, "text": "@AP I'm sorry for this tragedy in Ottawa hope they catch the person who did this and throw away the key", "type": "direct_reply"}, {"index": 5, "attribution": -0.0010599271627143025, "tweet_id": 524980153055969281, "text": "#ottawashooting! \u201c@AP: BREAKING: Hospital says it has received 3 victims from #Ottawa shootings, 2 are in stable condition.\u201d", "type": "direct_reply"}, {"index": 3, "attribution": -0.005056776572018862, "tweet_id": 524977290737106948, "text": "\u201c@AP: BREAKING: Hospital says it has received 3 victims from Ottawa shootings, 2 are in stable condition.\u201d", "type": "direct_reply"}, {"index": 14, "attribution": -0.006460940465331078, "tweet_id": 524977506483732480, "text": "RT @AP BREAKING: Hospital says it has received 3 victims from Ottawa shootings, 2 are in stable condition.", "type": "direct_reply"}, {"index": 16, "attribution": -0.008968516252934933, "tweet_id": 524981351469314048, "text": "@AP", "type": "direct_reply"}, {"index": 17, "attribution": -0.013212264515459538, "tweet_id": 524984028076965888, "text": "@richardmacbeth @AP is reporting \"Police say soldier, 1 suspected gunman dead in Ottawa shootings.\u201d", "type": "lower_reply"}, {"index": 6, "attribution": -0.018155189231038094, "tweet_id": 524981576950480897, "text": "@AP http://t.co/yN7dL9dFzU", "type": "direct_reply"}, {"index": 9, "attribution": -0.03280606120824814, "tweet_id": 524979187170676736, "text": "@AP very sad news!", "type": "direct_reply"}, {"index": 4, "attribution": -0.03860332816839218, "tweet_id": 525029792803196928, "text": "Bozmaz dedik bozdu da, onun bu bozu\u015funa bile kurban. @besirfethiye", "type": "lower_reply"}, {"index": 12, "attribution": -0.05097872391343117, "tweet_id": 524981352379465728, "text": "@AP @TB_Times  hey Obama are u going to send staff to Canada for the soldiers funeral like u did in ferguson?", "type": "direct_reply"}, {"index": 13, "attribution": -0.09886626154184341, "tweet_id": 524988022010683392, "text": "@AP @DAVIDMDRAIMAN if 1 was 1 of the shooters why stabilize him? Pull the plug.", "type": "direct_reply"}, {"index": 1, "attribution": -0.35947421193122864, "tweet_id": 524977298316218368, "text": "RT \"@AP: BREAKING: Hospital says it has received 3 victims from Ottawa shootings, 2 are in stable condition.\u201d", "type": "direct_reply"}]}