{"thread_id": "524935791794221057", "gold_label": 1, "predicted_label": 2, "tweet_attributions": [{"index": 7, "attribution": 2.8540050983428955, "tweet_id": 524936228387700736, "text": "@RT_com @DashaTurkey Avoid #Parliament Area So #WhiteHats Can Make Arrests", "type": "direct_reply"}, {"index": 2, "attribution": 1.759924054145813, "tweet_id": 524937098445746176, "text": "@nakedshortkilla @RT_com #Reminder :) http://t.co/nfzlloc7vN", "type": "lower_reply"}, {"index": 8, "attribution": 0.2163696438074112, "tweet_id": 524943251972038656, "text": "@RT_com @ClarkKentwars these dirty stupid cops trip over their own Dick and step on their busums", "type": "direct_reply"}, {"index": 5, "attribution": 0.18043477833271027, "tweet_id": 524936161412644865, "text": "Good god \"@RT_com #OTTAWA SHOOTING: Police claim multiple suspects at large, ask people to avoid Paraliment area http://t.co/mNbMsZr8Zy\"", "type": "direct_reply"}, {"index": 6, "attribution": 0.11247015744447708, "tweet_id": 524937591934578689, "text": "@RT_com IS IT CANADA'S 26/11 MUMBAI?", "type": "direct_reply"}, {"index": 3, "attribution": 0.10190299898386002, "tweet_id": 524986311422525440, "text": "@RT_com @EnaLolena it's over already.", "type": "direct_reply"}, {"index": 4, "attribution": 0.100351482629776, "tweet_id": 524939112814358529, "text": "@DashaTurkey @nakedshortkilla @RT_com iknow that because he is mason man and they who created the terrorist in the world like mafia isis!!!!", "type": "lower_reply"}, {"index": 10, "attribution": 0.09072355180978775, "tweet_id": 524987056183709696, "text": "@RT_com \n\nCIA Propaganda in blood to scare nationsto justfy invading Syria.The thugs who carried the attack r the CIA Terror operative", "type": "direct_reply"}, {"index": 1, "attribution": -0.03522946685552597, "tweet_id": 524937006489825280, "text": "@RT_com chickens coming home to roost?", "type": "direct_reply"}, {"index": 11, "attribution": -0.11760225147008896, "tweet_id": 524937781492350976, "text": "@DashaTurkey @RT_com #ArrestNaziyahu", "type": "lower_reply"}, {"index": 9, "attribution": -0.3045651316642761, "tweet_id": 524942257636769792, "text": "@RT_com @sharonePack pray for Parliament Hill", "type": "direct_reply"}, {"index": 0, "attribution": -0.6914841532707214, "tweet_id": 524935791794221057, "text": "#OTTAWA SHOOTING: Police claim multiple suspects at large, ask people to avoid Paraliment area http://t.co/Zp9AKplH9p http://t.co/b3yQV4ewOs", "type": "source"}]}