{"thread_id": "524937542131793920", "gold_label": 2, "predicted_label": 2, "tweet_attributions": [{"index": 4, "attribution": 3.7240781784057617, "tweet_id": 524959677827014656, "text": "@RideauCentre @bernardcolin we were near here trying to drive to Wakefield. Stuck in tfc now", "type": "direct_reply"}, {"index": 1, "attribution": 0.9888344407081604, "tweet_id": 524962719980879872, "text": "@mercy2us @RideauCentre Glad you guys are ok.", "type": "lower_reply"}, {"index": 3, "attribution": 0.9505069851875305, "tweet_id": 524954077072228352, "text": ".@RideauCentre Conflicting reports regarding a possible shooting on/near the Centre, but your GM said no shooting. Can you clarify at all?", "type": "direct_reply"}, {"index": 6, "attribution": 0.023723306134343147, "tweet_id": 524981938038534147, "text": "@bernardcolin glad you're safe too!! Was weird to be only car on rideau &amp; not know about the #ottawashooting til afterwards", "type": "lower_reply"}, {"index": 5, "attribution": -0.12620294094085693, "tweet_id": 524953098201362432, "text": "Stay safe my friends. RT @RideauCentre: We are in full lock down until further notice from Ottawa Police.", "type": "direct_reply"}, {"index": 2, "attribution": -0.21208404004573822, "tweet_id": 524953732480794624, "text": "@RideauCentre any reports of shots fired inside the Rideau Centre or just nearby?", "type": "direct_reply"}, {"index": 0, "attribution": -0.6373504400253296, "tweet_id": 524937542131793920, "text": "We are in full lock down until further notice from Ottawa Police.", "type": "source"}]}