{"thread_id": "524925050739490816", "gold_label": 0, "predicted_label": 0, "tweet_attributions": [{"index": 0, "attribution": 0.23315410315990448, "tweet_id": 524925050739490816, "text": "BREAKING NEWS: Soldier shot at National War Memorial in Ottawa http://t.co/pp6hcfWcRw", "type": "source"}, {"index": 7, "attribution": 0.05581624433398247, "tweet_id": 524925553070329856, "text": "@CBCNews", "type": "direct_reply"}, {"index": 3, "attribution": 0.03420969471335411, "tweet_id": 524930352000036864, "text": "@CBCNews yessss!!", "type": "direct_reply"}, {"index": 8, "attribution": 0.012972147203981876, "tweet_id": 524926310565814272, "text": "\u201c@CBCNews: BREAKING NEWS: Soldier shot at National War Memorial in Ottawa http://t.co/rOSrLhBDt7\u201d. Be safe out there folks in Uniform", "type": "direct_reply"}, {"index": 9, "attribution": 0.009332874789834023, "tweet_id": 524926071599534080, "text": "Ondertussen in Canada... \u201c@CBCNews: BREAKING NEWS: Soldier shot at National War Memorial in Ottawa http://t.co/bKjPZlkg3B\u201d", "type": "direct_reply"}, {"index": 6, "attribution": 0.008634061552584171, "tweet_id": 524925775678816256, "text": "Lord, have mercy. Protect those who protect us \"@CBCNews: Soldier shot at National War Memorial in Ottawa http://t.co/QigaeO0wo9\u201d", "type": "direct_reply"}, {"index": 11, "attribution": 0.004826531279832125, "tweet_id": 524929840173309952, "text": "@CBCNews @michellemalkin \n\nAnd this: https://t.co/HSrkQbMfbn", "type": "direct_reply"}, {"index": 2, "attribution": -0.010702104307711124, "tweet_id": 524930718645092353, "text": "Christ. Ottawa friends, stay safe \u2764\ufe0f \"@CBCNews: BREAKING NEWS: Soldier shot at National War Memorial in Ottawa http://t.co/dNA1GVgARg\u201d", "type": "direct_reply"}, {"index": 4, "attribution": -0.018345477059483528, "tweet_id": 524932019248463872, "text": "@CBCNews @michellemalkin 2nd ISIS attack in Canada in two days", "type": "direct_reply"}, {"index": 5, "attribution": -0.030243927612900734, "tweet_id": 524926357927903232, "text": "Bizar..Gister Montr\u00e9al vandaag Ottawa. @CBCNews: BREAKING NEWS: Soldier shot at National War Memorial in Ottawa http://t.co/K7RVl9OYJV\u201d", "type": "direct_reply"}, {"index": 10, "attribution": -0.030679525807499886, "tweet_id": 524929224260714499, "text": "@CBCNews @KimSulli \ud83d\ude31omg hope !!!!!!", "type": "direct_reply"}, {"index": 1, "attribution": -0.035434965044260025, "tweet_id": 524925341316689920, "text": "@CBCNews \ud83d\ude31 why!!!", "type": "direct_reply"}]}