{"thread_id": "524983146266505216", "gold_label": 0, "predicted_label": 0, "tweet_attributions": [{"index": 0, "attribution": 0.4007621109485626, "tweet_id": 524983146266505216, "text": "Ottawa police confirm 1 male shooting suspect died; no one in custody - @OttawaPolice http://t.co/9emMsGE1FZ", "type": "source"}, {"index": 2, "attribution": 0.04470181465148926, "tweet_id": 524991264702611456, "text": "\u201c@BreakingNews Ottawa police confirm 1 male shooting suspect died; no one in custody - @OttawaPolice http://t.co/Z89gCRSq6S\u201d", "type": "direct_reply"}, {"index": 1, "attribution": -0.014516699127852917, "tweet_id": 524995957356650496, "text": "@BreakingNews ,. ((( O people! Say \"No God But Allah\" To Obtain Salvation )))\n\nTHE MEANING OF LIFE \"SPOKEN WORD\"\n\nhttps://t.co/YBaU294GFx\n::", "type": "direct_reply"}, {"index": 3, "attribution": -0.06713001430034637, "tweet_id": 525017061765185536, "text": "@BreakingNews @OttawaPolice sounds like things are changing in Canada  where is Michael Moore?", "type": "direct_reply"}]}