{"thread_id": "524951585231994880", "gold_label": 1, "predicted_label": 2, "tweet_attributions": [{"index": 2, "attribution": 3.0086514949798584, "tweet_id": 524961954675580929, "text": "@CynleeF @CBCOttawa They said two people were hit but not in serious condition.", "type": "lower_reply"}, {"index": 18, "attribution": 2.908263921737671, "tweet_id": 524961581936152576, "text": "@CBCOttawa @Finlaure13 Oh no! The mall too? There are always so many people in that area", "type": "direct_reply"}, {"index": 12, "attribution": 1.7853814363479614, "tweet_id": 524962926537736193, "text": "@Finlaure13 @CBCOttawa Hoping they'll be ok. Even if injuries aren't life-threatening, there is the trauma of being shot", "type": "lower_reply"}, {"index": 1, "attribution": 0.7738769054412842, "tweet_id": 524953405232799745, "text": "\u201c@CBCOttawa:Police say there are 3 shooting scenes: Parliament, War Memorial, Rideau Center.\" Can't believe this is happening in my country.", "type": "direct_reply"}, {"index": 3, "attribution": 0.5516046285629272, "tweet_id": 524952651046612992, "text": "@CBCOttawa @SunnyFreeman", "type": "direct_reply"}, {"index": 15, "attribution": 0.5125951766967773, "tweet_id": 524953194166636544, "text": "\u201c@CBCOttawa: Police say there are 3 shooting scenes: Parliament, War Memorial, Rideau Centre. They happened close together, police say @cnn", "type": "direct_reply"}, {"index": 17, "attribution": 0.325745552778244, "tweet_id": 524970849506693120, "text": "@CBCOttawa @NGourd the french in canada provides support against attacks", "type": "direct_reply"}, {"index": 5, "attribution": 0.29731208086013794, "tweet_id": 525024623180931072, "text": "@CBCOttawa @ViktaPaulo Rideau Center??!?", "type": "direct_reply"}, {"index": 13, "attribution": 0.15139620006084442, "tweet_id": 524956775666425856, "text": "@CBCOttawa @CBCNews", "type": "direct_reply"}, {"index": 6, "attribution": 0.12220024317502975, "tweet_id": 524953176005308416, "text": "@CBCOttawa @YoniFreedhoff", "type": "direct_reply"}, {"index": 8, "attribution": -0.07845986634492874, "tweet_id": 524952291976421376, "text": "@CBCOttawa @katelalu", "type": "direct_reply"}, {"index": 7, "attribution": -0.08395079523324966, "tweet_id": 524952652103565313, "text": "\u201c@CBCOttawa: Police say there are 3 shooting scenes: Parliament, War Memorial, Rideau Centre. They happened close together @AdamBomb613", "type": "direct_reply"}, {"index": 0, "attribution": -0.13097690045833588, "tweet_id": 524951585231994880, "text": "Police say there are 3 shooting scenes: Parliament, War Memorial, Rideau Centre. They happened close together, police say #cbcOTT #OTTnews", "type": "source"}, {"index": 10, "attribution": -0.24887798726558685, "tweet_id": 524973018196369409, "text": "Shocked, sad news from Ottawa RT @CBCOttawa: Police say there are 3 shooting scenes: Parliament, War Memorial, Rideau Centre.", "type": "direct_reply"}, {"index": 16, "attribution": -0.2898259460926056, "tweet_id": 524958063820689410, "text": "#Ottawa MT @CBCOttawa: Police say there are 3 shooting scenes: Parliament, War Memorial, near Rideau Centre.", "type": "direct_reply"}, {"index": 4, "attribution": -0.32378941774368286, "tweet_id": 524963177256484864, "text": "@CynleeF @CBCOttawa For certain!", "type": "lower_reply"}, {"index": 9, "attribution": -0.33997103571891785, "tweet_id": 524953887975800832, "text": "@cbcottawa @cbcnews just a suggestion, but it would be nice not to have to sit through three ads before watching footage on your web site.", "type": "direct_reply"}, {"index": 14, "attribution": -0.4636048972606659, "tweet_id": 524952573682659328, "text": "Jeez. \u201c@CBCOttawa: Police say there are 3 shooting scenes: Parliament, War Memorial, Rideau Centre. Happened close together, police say.\"", "type": "direct_reply"}, {"index": 11, "attribution": -0.5827067494392395, "tweet_id": 524954393272418307, "text": "@CBCOttawa @CBCNews Any news on the young soldier?", "type": "direct_reply"}]}