{"thread_id": "524935085863481344", "gold_label": 0, "predicted_label": 2, "tweet_attributions": [{"index": 10, "attribution": 3.1046206951141357, "tweet_id": 524937047694651392, "text": "@trevorjkramer @CBCAlerts they are honorary guards...so likely unarmed.", "type": "lower_reply"}, {"index": 11, "attribution": 0.8147372603416443, "tweet_id": 524942384720007169, "text": "@trevorjkramer @CBCAlerts regardless. .it's tragic :( my hometown will be forever changed", "type": "lower_reply"}, {"index": 16, "attribution": 0.4362325966358185, "tweet_id": 524938238222675969, "text": "@trevorjkramer @CBCAlerts they are \"armed\" in that they have ceremonial rifles.", "type": "lower_reply"}, {"index": 15, "attribution": 0.2977542579174042, "tweet_id": 524935738882662402, "text": "@CBCAlerts @WilliamBDevittI i want to know, if that 'soldier' was an operative, and was he killed, or were the bullets blanks? #CPCTerrorism", "type": "direct_reply"}, {"index": 1, "attribution": 0.2135944962501526, "tweet_id": 524935395247919105, "text": "@CBCAlerts it her stations reportons shooter was shot.", "type": "direct_reply"}, {"index": 19, "attribution": 0.2093462198972702, "tweet_id": 524942546393243648, "text": "That isn't in question, @cfitzge @CBCAlerts", "type": "lower_reply"}, {"index": 6, "attribution": 0.20828968286514282, "tweet_id": 524937527804051457, "text": "They looked armed to me, @cfitzge @CBCAlerts #cdnpoli #Ottawa http://t.co/eLvLNV3EHV", "type": "lower_reply"}, {"index": 2, "attribution": 0.19177795946598053, "tweet_id": 524939760067170305, "text": "!!!! \u201c@CBCAlerts: Witnesses say several dozen shots fired inside Parliament after Canadian soldier shot at War Memorial. #Ottawa #cdnpoli\u201d", "type": "direct_reply"}, {"index": 12, "attribution": 0.15983876585960388, "tweet_id": 524935998896349184, "text": "@CBCAlerts @volatilitysmile \"We are all infidels\". #waronfreedom #waronwomen #waronhumanity #kobani #pershmaga #Iran #Iraq #outlawIslam", "type": "direct_reply"}, {"index": 3, "attribution": 0.13236473500728607, "tweet_id": 524939337943633921, "text": "@CBCAlerts so scary.  Be safe everyone in #ottawa and #canada and #ontArio  praying for you!!!", "type": "direct_reply"}, {"index": 8, "attribution": 0.11255350708961487, "tweet_id": 524941664516055040, "text": "@trevorjkramer @CBCAlerts if you read about the ceremonial guard, typically these aren't loaded bec public inspection of the gun is common", "type": "lower_reply"}, {"index": 21, "attribution": 0.08590912818908691, "tweet_id": 524936412555399168, "text": "\u201c@CBCAlerts: Witnesses say several dozen shots fired inside Parliament buildings after Canadian soldier shot nearby . #Ottawa #cdnpoli\u201d", "type": "direct_reply"}, {"index": 7, "attribution": 0.05245053395628929, "tweet_id": 524935356584427520, "text": "@CBCAlerts @southsalem MUSLIM TERRORIST ATTACK IN CANADA", "type": "direct_reply"}, {"index": 18, "attribution": -0.025238214060664177, "tweet_id": 524935705592860672, "text": "\u201c@CBCAlerts:several dozen shots fired inside Parliament buildings after Canadian soldier shot at nearby War Memorial\u201d - my brother is safe..", "type": "direct_reply"}, {"index": 5, "attribution": -0.03277357667684555, "tweet_id": 524936465902747648, "text": "@marcely034 @CBCAlerts @southsalem ::: douchebag.", "type": "lower_reply"}, {"index": 20, "attribution": -0.04887137934565544, "tweet_id": 524935684931715072, "text": "\u201c@CBCAlerts: Witnesses say several dozen shots fired inside Parliament buildings after Cdn soldier shot at War Memorial. #Ottawa #cdnpoli\u201d", "type": "direct_reply"}, {"index": 4, "attribution": -0.07816087454557419, "tweet_id": 524936080265838594, "text": "Were the soldiers guarding the War Memorial not armed? What did the second soldier do? @CBCAlerts #cdnpoli #Ottawa", "type": "direct_reply"}, {"index": 9, "attribution": -0.10550940781831741, "tweet_id": 524936259190665216, "text": "@CBCAlerts MP Bernard Trottier tweeting that suspect shot &amp; killed.", "type": "direct_reply"}, {"index": 14, "attribution": -0.17109458148479462, "tweet_id": 524936187635830784, "text": "@CBCAlerts @CBCPEI", "type": "direct_reply"}, {"index": 13, "attribution": -0.22272734344005585, "tweet_id": 524939432550342656, "text": "Clearly that needs to change, @MY1K. @CBCAlerts #cdnpoli #Ottawa", "type": "lower_reply"}, {"index": 0, "attribution": -0.29990527033805847, "tweet_id": 524935085863481344, "text": "Witnesses say several dozen shots fired inside Parliament buildings after Canadian soldier shot at nearby War Memorial. #Ottawa #cdnpoli", "type": "source"}, {"index": 17, "attribution": -0.3057694137096405, "tweet_id": 524936085412270080, "text": "@CBCAlerts forces and city in lock down. Be safe!#ottawa #Canada", "type": "direct_reply"}]}