{"thread_id": "524987184836005889", "gold_label": 0, "predicted_label": 0, "tweet_attributions": [{"index": 0, "attribution": 0.24938200414180756, "tweet_id": 524987184836005889, "text": "The RCMP and Ottawa police news conference is beginning now. Watch live: http://t.co/alz6qu6Mca #cbcOTT #OTTnews", "type": "source"}, {"index": 1, "attribution": -0.005005357321351767, "tweet_id": 524989569947947008, "text": "@CBCOttawa Prayers for the fallen soldier &amp; his family. Hope his death isn't used to advertise the shooter's lame ideas, whatever they were.", "type": "direct_reply"}, {"index": 2, "attribution": -0.08569249510765076, "tweet_id": 524991240295575552, "text": "@CBCOttawa @daybreaknorth dear Toronto star lady, we don't want the steps necessary in order for the police to know of every attack :(", "type": "direct_reply"}]}