{"thread_id": "524955557686284288", "gold_label": 1, "predicted_label": 0, "tweet_attributions": [{"index": 3, "attribution": 0.07480175793170929, "tweet_id": 524956206851317760, "text": "@Reuters Canada invited Wahhabbi-Soonni terror attacks. Public money used to sponsor Jehadi Mural? I don't sympathize with Canada any more", "type": "direct_reply"}, {"index": 0, "attribution": 0.06270772218704224, "tweet_id": 524955557686284288, "text": "Police are now investigating three shooting incidents in Ottawa at Parliament, shopping mall and War Memorial. http://t.co/1cKIHwuCzl", "type": "source"}, {"index": 1, "attribution": 0.030957603827118874, "tweet_id": 524955670899343360, "text": "@Reuters \u0647\u0647\u0647\u0647\u0647\u0647 \u0648\u0631\u0628\u064a \u062d\u0633\u0627\u0628 \u0639\u062c\u064a\u0628 \u0634\u0648\u0641\u0648\u0622 \u0628\u0627\u0644\u0644\u0647 - @Question_arab", "type": "direct_reply"}, {"index": 2, "attribution": -0.003822818398475647, "tweet_id": 524957471777886209, "text": ".@Reuters 'Merica....oh, wait.", "type": "direct_reply"}]}