{"thread_id": "524955620538343426", "gold_label": 0, "predicted_label": 2, "tweet_attributions": [{"index": 6, "attribution": 1.4234033823013306, "tweet_id": 524956851780464640, "text": "@ScottyHarm @AP they make it sound so mundane... That's a human life lost it's not just something u post on the internet for more traffic", "type": "lower_reply"}, {"index": 3, "attribution": 0.47865140438079834, "tweet_id": 524955826021466113, "text": ". @AP This has no place being put on the internet for glorification. Shame on you.", "type": "direct_reply"}, {"index": 13, "attribution": 0.1739511340856552, "tweet_id": 524956969548140544, "text": "@katenugent @AP He's still alive, but it's an INCREDIBLY disrespectful thing to do in a time of crisis for Canada.", "type": "lower_reply"}, {"index": 14, "attribution": 0.14870478212833405, "tweet_id": 524958131990716416, "text": "@JRogers304 @AP why? because we are a free civilized who despise terrorism", "type": "lower_reply"}, {"index": 9, "attribution": 0.09368110448122025, "tweet_id": 524959268408401920, "text": "@AP Prayers to Canada. Terrorists hate God and Freedom. Stay strong, God Bless and keep you.", "type": "direct_reply"}, {"index": 7, "attribution": 0.08639062196016312, "tweet_id": 524974527202467840, "text": "@ScottyHarm I guess people shouldn't have recorded 9/11? There should be no WW2 videos? Video journalism preserves history.", "type": "lower_reply"}, {"index": 11, "attribution": 0.08316098898649216, "tweet_id": 524975495390449664, "text": "@ScottyHarm lack of integrity? You are bitching at a news organization to stop reporting the news. That makes sense.", "type": "lower_reply"}, {"index": 5, "attribution": 0.04908861592411995, "tweet_id": 524974345358422016, "text": "@ScottyHarm did you even watch the video? That clip is about 3 seconds long.", "type": "lower_reply"}, {"index": 1, "attribution": 0.017725350335240364, "tweet_id": 524971733024264192, "text": "@ScottyHarm @katenugent its called journalism you idiots....", "type": "lower_reply"}, {"index": 10, "attribution": 0.008426880463957787, "tweet_id": 524956431791820801, "text": "Frightening @AP", "type": "direct_reply"}, {"index": 12, "attribution": -0.004238038789480925, "tweet_id": 524955913338490880, "text": "@AP All the hallmarks of an #OperationChaos #falseflag attk by those who believe \"from chaos comes order\": US journo http://t.co/a94wJvDnTL", "type": "direct_reply"}, {"index": 0, "attribution": -0.03722066059708595, "tweet_id": 524955620538343426, "text": "AP VIDEO: Gunman shoots a Canadian soldier standing guard at the National War Memorial in Ottawa: http://t.co/ELdZHZa0Q9", "type": "source"}, {"index": 2, "attribution": -0.046978577971458435, "tweet_id": 524974156291772417, "text": "@ScottyHarm um yes there is. Its literally the whole point. Are you dumb? It brings a weight of reality to the situation; recording history", "type": "lower_reply"}, {"index": 4, "attribution": -0.0674036294221878, "tweet_id": 524956168826138624, "text": "@AP Why would someone shoot a Canadian? Arguably the nicest country in the world.", "type": "direct_reply"}, {"index": 8, "attribution": -0.1851363182067871, "tweet_id": 524974987070152704, "text": "@ScottyHarm I'm calling you stupid because you are. This is THE ASSOCIATED PRESS. A NATIONAL NEWS ORGANIZATION. THEY COVER NATIONAL NEWS.", "type": "lower_reply"}]}