{"thread_id": "524937204552843268", "gold_label": 0, "predicted_label": 2, "tweet_attributions": [{"index": 5, "attribution": 2.8640644550323486, "tweet_id": 524939502113284097, "text": "@tgrunfeld @NBCNews Thomas Grunfeld has a sense of humor?", "type": "lower_reply"}, {"index": 15, "attribution": 0.9708289504051208, "tweet_id": 524939999842938880, "text": "@StephenDennehy @NBCNews Active act of terrorism in progress. Make your jokes some other time.", "type": "lower_reply"}, {"index": 3, "attribution": 0.6672678589820862, "tweet_id": 524938496898007040, "text": "@StephenDennehy @NBCNews You are an ignoramus. We were in WW II before the US and our soldiers have been fighting and dying in Afghanistan.", "type": "lower_reply"}, {"index": 2, "attribution": 0.6537840962409973, "tweet_id": 524945695107989504, "text": "@Canuckmaiden @NBCNews Canada has Soldiers?", "type": "lower_reply"}, {"index": 1, "attribution": 0.5328534841537476, "tweet_id": 524938761504038913, "text": "@StephenDennehy @NBCNews Stephen Dennehy has a brain?", "type": "lower_reply"}, {"index": 14, "attribution": 0.4710022211074829, "tweet_id": 524937977064329217, "text": "Oh no! @NBCNews: BREAKING: Soldier shot at Canadian parliament, authorities say\nhttp://t.co/ca6NfcGM6M http://t.co/1QzkVJMeYx", "type": "direct_reply"}, {"index": 4, "attribution": 0.4055447280406952, "tweet_id": 524945163949727744, "text": "@StephenDennehy @NBCNews Sorry, I don't find anything funny about a soldier being shot at.", "type": "lower_reply"}, {"index": 9, "attribution": 0.16134046018123627, "tweet_id": 524939539425792000, "text": "@AlexHoegs27 lol", "type": "lower_reply"}, {"index": 13, "attribution": 0.09607494622468948, "tweet_id": 524943763161223168, "text": "\u201c@NBCNews: BREAKING: Soldier shot at Canadian parliament, authorities say\nhttp://t.co/6k3zrhsNyu http://t.co/cXBigYLQor\u201d", "type": "direct_reply"}, {"index": 17, "attribution": 0.09098724275827408, "tweet_id": 524937768963940354, "text": "@NBCNews Canada has a war memorial?", "type": "direct_reply"}, {"index": 7, "attribution": 0.06621916592121124, "tweet_id": 524946719185063936, "text": "@NBCNews how is the soldier &amp; is gun man in custody?", "type": "direct_reply"}, {"index": 11, "attribution": 0.028885744512081146, "tweet_id": 524938933722165248, "text": "Typical Yankee RT @StephenDennehy Canada has a war memorial?", "type": "lower_reply"}, {"index": 0, "attribution": 0.0066436161287128925, "tweet_id": 524937204552843268, "text": "BREAKING: Soldier shot at Canadian parliament, authorities say\nhttp://t.co/Dg2QJtPZ6B http://t.co/cslSESe9V2", "type": "source"}, {"index": 6, "attribution": -0.08889759331941605, "tweet_id": 524939385993965569, "text": "@Canuckmaiden @NBCNews it's a joke. Relax!", "type": "lower_reply"}, {"index": 12, "attribution": -0.18168942630290985, "tweet_id": 524941078756356096, "text": "@tgrunfeld @NBCNews ok let me know when it's safe to joke again.", "type": "lower_reply"}, {"index": 8, "attribution": -0.21698616445064545, "tweet_id": 524939548523257856, "text": "@AlexHoegs27", "type": "lower_reply"}, {"index": 18, "attribution": -0.3569512665271759, "tweet_id": 524938544503341056, "text": "\u201c@NBCNews: BREAKING: Soldier shot at Canadian parliament, authorities say\nhttp://t.co/gvR30y7M48 http://t.co/P1GdYZIs4H\u201d Misleading headline", "type": "direct_reply"}, {"index": 16, "attribution": -0.4244418442249298, "tweet_id": 524937771912556546, "text": "\u201c@NBCNews: BREAKING: Soldier shot at Canadian parliament, authorities say\nhttp://t.co/V9HCiLfTFd http://t.co/1OoRZjbkAr\u201d", "type": "direct_reply"}, {"index": 10, "attribution": -0.42616355419158936, "tweet_id": 524937732158943232, "text": "@NBCNews whoa, that's an awesome picture.", "type": "direct_reply"}]}