{"thread_id": "525058976376193024", "gold_label": 0, "predicted_label": 0, "tweet_attributions": [{"index": 0, "attribution": 0.3290529251098633, "tweet_id": 525058976376193024, "text": "Our thoughts and prayers go out to Nathan Cirillo who died today in Ottawa while protecting his country at age 24 http://t.co/PfwasSALPX", "type": "source"}, {"index": 3, "attribution": 0.0021264071110635996, "tweet_id": 525113495319502848, "text": "@Cellying I am so sad and disgusted that some coward has done this to 2 of our soldiers now. I am livid.", "type": "direct_reply"}, {"index": 2, "attribution": -0.00814092718064785, "tweet_id": 525065014281908224, "text": "@Cellying @Glossology \u2665", "type": "direct_reply"}, {"index": 1, "attribution": -0.016702624037861824, "tweet_id": 525070492395261953, "text": "@Cellying @EF517_V2 ok I'm really pissed off now", "type": "direct_reply"}, {"index": 4, "attribution": -0.03780708461999893, "tweet_id": 525083768500264961, "text": "@Cellying @GoaliesNeverSay Condolences to all who loved him. We know, all too well, what you are going through.", "type": "direct_reply"}]}