{"thread_id": "525025552634494976", "gold_label": 0, "predicted_label": 0, "tweet_attributions": [{"index": 0, "attribution": 0.5115118026733398, "tweet_id": 525025552634494976, "text": "Sergeant-at-arms Kevin Vickers who reportedly shot suspect hailed as hero http://t.co/CmAVz7UYMN #ottawashooting http://t.co/GNJAq4fWTN", "type": "source"}, {"index": 2, "attribution": 0.04914950951933861, "tweet_id": 525054960774680577, "text": "@globeandmail @HoganGXRadio", "type": "direct_reply"}, {"index": 3, "attribution": 0.003161380998790264, "tweet_id": 525025749192159232, "text": "@globeandmail way to go your a hero -", "type": "direct_reply"}, {"index": 1, "attribution": -0.006475237663835287, "tweet_id": 525029675652116481, "text": "@globeandmail He is a hero. Wish he was at Jenpeg Dam where the R.C.M.P. are brutalizing First Nations women and men. Guns and violence.", "type": "direct_reply"}, {"index": 6, "attribution": -0.007070472929626703, "tweet_id": 525027686654410752, "text": "@globeandmail //shooter is part of the problem..canadian parliament security is a joke&amp;problem", "type": "direct_reply"}, {"index": 5, "attribution": -0.007403671275824308, "tweet_id": 525030763402518528, "text": "@globeandmail i am a former 'Sergeant at Arms' and may i hv this tweet to say: well done, comrade Vickers well done! dd #OttawaShooting #LLA", "type": "direct_reply"}, {"index": 8, "attribution": -0.014875621534883976, "tweet_id": 525033241057972224, "text": "@globeandmail He is a hero! God Bless him!", "type": "direct_reply"}, {"index": 7, "attribution": -0.033941272646188736, "tweet_id": 525067296084336641, "text": "@globeandmail ....One Of a The Good Guys !!", "type": "direct_reply"}, {"index": 9, "attribution": -0.039496518671512604, "tweet_id": 525026092822720512, "text": "@globeandmail rightfully so! Mr. Vickers is a true hero &amp; should be praised as such for stopping that coward #OttawaShooting #OttawaAttentat", "type": "direct_reply"}, {"index": 4, "attribution": -0.11469779163599014, "tweet_id": 525033162045673472, "text": "@globeandmail @DAVIDMDRAIMAN He speaks softly and carries a big stick.", "type": "direct_reply"}]}