{"thread_id": "525036214286815232", "gold_label": 0, "predicted_label": 2, "tweet_attributions": [{"index": 13, "attribution": 2.7321701049804688, "tweet_id": 525040481584291840, "text": "@HonJohnBaird    Why?  ICIS..   Let . stop the oh I am sad this happen...89 KNOWN ICIS fighters  back in Canada. WHAT IN HELL is wrong HERE?", "type": "direct_reply"}, {"index": 2, "attribution": 0.4484125077724457, "tweet_id": 525038397497561088, "text": "@HonJohnBaird @CBCNews \nGive him a State Funeral so we can show the World the True North Strong and Free!\nIf not the next best thing please!", "type": "direct_reply"}, {"index": 21, "attribution": 0.37483417987823486, "tweet_id": 525042401103323136, "text": "@HonJohnBaird @CBCNews A direct attack against us all", "type": "direct_reply"}, {"index": 1, "attribution": 0.32275769114494324, "tweet_id": 525042182194208769, "text": "@HonJohnBaird @CBCNews Rest in peace Cpl Cirillo.  Proud of @CanadianForces Two tragic deaths this week. Thoughts and prayers with families.", "type": "direct_reply"}, {"index": 14, "attribution": 0.31533047556877136, "tweet_id": 525041642345336832, "text": "@HonJohnBaird time for boots on the ground?", "type": "direct_reply"}, {"index": 18, "attribution": 0.2566775977611542, "tweet_id": 525042290742407168, "text": "@HonJohnBaird @CBCNews Trudeau Jr. doesn't have what it takes to protect us!", "type": "direct_reply"}, {"index": 7, "attribution": 0.20232941210269928, "tweet_id": 525041372722921472, "text": "@HonJohnBaird  Our soldiers are the cowards targets here. Why do you politicians ALL act like cowards and do nothing. \nFor God sake wake up", "type": "lower_reply"}, {"index": 12, "attribution": 0.18356181681156158, "tweet_id": 525036945273925633, "text": "@HonJohnBaird Wearing my poppy today and thinking of #ottcity", "type": "direct_reply"}, {"index": 5, "attribution": 0.17179186642169952, "tweet_id": 525038836918018050, "text": "Your time, this is Blood on your hands. http://t.co/kLR2yOic07\n@HonJohnBaird This Gay warmongering act of yours and @pmharper is arrestable!", "type": "direct_reply"}, {"index": 16, "attribution": 0.1662154197692871, "tweet_id": 525049506308825088, "text": "@SamuelStringman I could have. just like a bullet proof vest could save an officer. do we take it away because head shots? #gunregistry", "type": "lower_reply"}, {"index": 4, "attribution": 0.14966236054897308, "tweet_id": 525039282999029763, "text": "@HonJohnBaird @CBCNews \nAny news on the so called moderate Islam front potentially screaming condemnation of this rather than whispering?", "type": "lower_reply"}, {"index": 15, "attribution": 0.14161738753318787, "tweet_id": 525037582347161601, "text": "@HonJohnBaird Time to give an answer to these radical movements. This can't be unpunished !", "type": "direct_reply"}, {"index": 10, "attribution": 0.12822353839874268, "tweet_id": 525036521502810113, "text": "@HonJohnBaird Arm them, for God sake. They are not props, they are human beings.", "type": "direct_reply"}, {"index": 3, "attribution": 0.10184165835380554, "tweet_id": 525043086049943552, "text": "@HonJohnBaird @CBCNews Harper is to blame", "type": "direct_reply"}, {"index": 9, "attribution": 0.08396994322538376, "tweet_id": 525040152079384578, "text": "@HonJohnBaird I think those 'Toronto elites' were right about the #LongGunRegistry. It could have prevented this. #OttawaShooting", "type": "direct_reply"}, {"index": 20, "attribution": 0.04302896931767464, "tweet_id": 525046388053540864, "text": "@HonJohnBaird I hope he gets treated as being KIA for our country.", "type": "direct_reply"}, {"index": 8, "attribution": -0.021094532683491707, "tweet_id": 525039937612439554, "text": "@HonJohnBaird @CBCNews what did Govt do to try to prevent??  Been talking up threat level for days", "type": "direct_reply"}, {"index": 6, "attribution": -0.03747999295592308, "tweet_id": 525043635226959873, "text": "@britwithtalent a moment of silence across the country", "type": "lower_reply"}, {"index": 19, "attribution": -0.04388217255473137, "tweet_id": 525042137810108416, "text": "@HonJohnBaird   Dam it these are CANADIANS soldiers.  Gagetown NB next?  Think for Gods sake think its in OUR backyard NOW! Reporters ASK???", "type": "lower_reply"}, {"index": 17, "attribution": -0.12166071683168411, "tweet_id": 525041851913363456, "text": "@HonJohnBaird horrid  terror  attack  our prayers are with you", "type": "direct_reply"}, {"index": 11, "attribution": -0.12292242050170898, "tweet_id": 525049674525184000, "text": "@SamuelStringman @HonJohnBaird yes, lets let radialized persons buy up tens of thousands of long arms legally and with no controls #cdnpoli", "type": "lower_reply"}, {"index": 0, "attribution": -1.272221326828003, "tweet_id": 525036214286815232, "text": "Gut-wrenching to hear the soldier guarding our national war memorial has died. Rest in peace Cpl Nathan Cirillo\u00a0#OttawaShooting\u00a0#NeverForget", "type": "source"}]}