{"thread_id": "525008613392515073", "gold_label": 0, "predicted_label": 0, "tweet_attributions": [{"index": 0, "attribution": 0.39171311259269714, "tweet_id": 525008613392515073, "text": "A Canadian soldier who was standing on guard for thee is gone. Our thoughts are w everyone affected by the shootings in Ottawa #CanadaStrong", "type": "source"}, {"index": 1, "attribution": -0.02208804152905941, "tweet_id": 525048816459071488, "text": "@weday it's so sad \ud83d\ude2d\ud83d\ude2d\ud83d\ude2d\ud83d\ude2d\ud83d\ude2d\ud83d\ude2d\ud83d\ude2d", "type": "direct_reply"}, {"index": 2, "attribution": -0.05927957221865654, "tweet_id": 525060426053468160, "text": "@weday RT \"We are all infidels\" #outlawIslam #cdnpoli", "type": "direct_reply"}]}