{"thread_id": "525040545870385153", "gold_label": 0, "predicted_label": 2, "tweet_attributions": [{"index": 8, "attribution": 1.1338818073272705, "tweet_id": 525051449097453568, "text": "@CTVNews @angiemoshonas How sad.", "type": "direct_reply"}, {"index": 3, "attribution": 0.6587372422218323, "tweet_id": 525055209190338560, "text": "@CTVNews if this was ISIS , I hope Canada declares war , walking into our capital is not tolerable .", "type": "direct_reply"}, {"index": 12, "attribution": 0.19825834035873413, "tweet_id": 525040986821767168, "text": "@CTVNews #RIP Soldier.\ud83d\ude23", "type": "direct_reply"}, {"index": 4, "attribution": 0.13569007813930511, "tweet_id": 525047034609688577, "text": "@CTVNews rest in peace brother", "type": "direct_reply"}, {"index": 11, "attribution": 0.1325242668390274, "tweet_id": 525041528868450304, "text": "@CTVNews @CTVAtlantic condolences to family, friends, community and Country.", "type": "direct_reply"}, {"index": 10, "attribution": 0.09572578221559525, "tweet_id": 525041645675233281, "text": "@CTVNews Remember this Face. This was the Face of Freedom..... :(", "type": "direct_reply"}, {"index": 16, "attribution": 0.08670219033956528, "tweet_id": 525043509183909888, "text": "@CTVNews @CTVMercedes RIP soldier. Our nation's heart aches this evening.", "type": "direct_reply"}, {"index": 1, "attribution": 0.02693316526710987, "tweet_id": 525057069322612736, "text": "@CTVNews canadians are nice , but this boils my blood . Let's protect us Canadians .", "type": "lower_reply"}, {"index": 14, "attribution": 0.025030551478266716, "tweet_id": 525040932706852864, "text": "@CTVNews This is so so sad....", "type": "direct_reply"}, {"index": 2, "attribution": 0.022412775084376335, "tweet_id": 525041451583815680, "text": "@CTVNews thank u Cpl. Cirillo for ur service may u rest in peace.", "type": "direct_reply"}, {"index": 9, "attribution": -0.002362436382099986, "tweet_id": 525050157109243905, "text": "@CTVNews my condolences to the family", "type": "direct_reply"}, {"index": 13, "attribution": -0.09174203127622604, "tweet_id": 525058302984859648, "text": "@CTVNews R.I.P.", "type": "direct_reply"}, {"index": 15, "attribution": -0.1500796526670456, "tweet_id": 525059531685244929, "text": "@SamanthaJaneS @CTVNews terrible \ud83d\ude2a", "type": "lower_reply"}, {"index": 6, "attribution": -0.1511092334985733, "tweet_id": 525043769344016385, "text": "@CTVNews TY for a face to call a hero, let's not even publish the shooters name so we never remember his poor choices, just this man!!", "type": "direct_reply"}, {"index": 5, "attribution": -0.18171626329421997, "tweet_id": 525041426158329857, "text": "@CTVNews @CTVAtlantic  thank you for not showing the footage of them working on him over and over other outlets were NOT as classy #respect", "type": "direct_reply"}, {"index": 7, "attribution": -0.22270675003528595, "tweet_id": 525040834388176896, "text": "@CTVNews rip brave soldier...", "type": "direct_reply"}, {"index": 0, "attribution": -0.905031144618988, "tweet_id": 525040545870385153, "text": "'Stand easy, brother': Soldier killed in Ottawa identified as Cpl. Nathan Frank Cirillo http://t.co/y43xMQlWMr http://t.co/dIdgjptqUb", "type": "source"}]}