{"thread_id": "525039242771464193", "gold_label": 0, "predicted_label": 0, "tweet_attributions": [{"index": 0, "attribution": 0.2250085026025772, "tweet_id": 525039242771464193, "text": "LATEST: Suspected Ottawa gunman identified as Michael Joseph Hall, a convert to Islam; also known as Michael Zehaf-Bibeau - @PeteWilliamsNBC", "type": "source"}, {"index": 4, "attribution": 0.13557729125022888, "tweet_id": 525053046301409280, "text": "@socialnn @NBCNightlyNews @PeteWilliamsNBC thats what i was going to ask.", "type": "lower_reply"}, {"index": 16, "attribution": 0.05116675794124603, "tweet_id": 525039528084377600, "text": "RT @NBCNightlyNews LATEST: Suspected Ottawa gunman identified as Michael Joseph Hall, a convert to Islam; also known as Michael Zehaf-Bibeau", "type": "direct_reply"}, {"index": 10, "attribution": 0.042783480137586594, "tweet_id": 525055167851687936, "text": "SIGH WTH? \u201c@NBCNightlyNews: LATEST: Suspected Ottawa gunman identified as Michael Joseph Hall, a convert to Islam; aka Michael Zehaf-Bibeau\u201d", "type": "direct_reply"}, {"index": 11, "attribution": 0.04250277951359749, "tweet_id": 525040864691646466, "text": "@NBCNightlyNews @edshow @PeteWilliamsNBC What is going on in this world? People using violence to push religious agenda? #historyRepeat", "type": "direct_reply"}, {"index": 6, "attribution": 0.03816832974553108, "tweet_id": 525040015525834753, "text": "@NBCNightlyNews @PeteWilliamsNBC He's a coward.", "type": "direct_reply"}, {"index": 12, "attribution": 0.0343688502907753, "tweet_id": 525042968625827842, "text": "@NBCNightlyNews @PeteWilliamsNBC Why do you have to ID him as a convert to Islam in the tweet?", "type": "direct_reply"}, {"index": 3, "attribution": 0.02165522426366806, "tweet_id": 525055436081614848, "text": "@NBCNightlyNews @edshow @PeteWilliamsNBC So he was a convert.", "type": "direct_reply"}, {"index": 1, "attribution": 0.004624267108738422, "tweet_id": 525041391702118400, "text": "5* MUSLIM JIHADIST CONVERT IN CANADIAN PARLIAMENT ATTACK&gt; @NBCNightlyNews @PeteWilliamsNBC", "type": "direct_reply"}, {"index": 8, "attribution": -0.00046645288239233196, "tweet_id": 525044506690080768, "text": "@NBCNightlyNews @edshow @PeteWilliamsNBC I'm glad these extremist didn't convert to Catholic or Baptist and change our religion!", "type": "direct_reply"}, {"index": 14, "attribution": -0.04045291990041733, "tweet_id": 525041253336223744, "text": "@NBCNightlyNews i can think of a few other good names for him.", "type": "direct_reply"}, {"index": 7, "attribution": -0.050001248717308044, "tweet_id": 525040236695654400, "text": "@NBCNightlyNews another work place violence!", "type": "direct_reply"}, {"index": 5, "attribution": -0.0530167855322361, "tweet_id": 525041948986716160, "text": "@NBCNightlyNews @edshow @PeteWilliamsNBC religion of peace", "type": "direct_reply"}, {"index": 15, "attribution": -0.054558634757995605, "tweet_id": 525040518628397058, "text": "@NBCNightlyNews @PeteWilliamsNBC Native American? #LifeImitatesArt #SumOfAllFears", "type": "direct_reply"}, {"index": 9, "attribution": -0.06540323048830032, "tweet_id": 525040287589339136, "text": "Here we Go! @NBCNightlyNews @PeteWilliamsNBC", "type": "direct_reply"}, {"index": 2, "attribution": -0.07100601494312286, "tweet_id": 525041028492177409, "text": "@NBCNightlyNews @edshow @PeteWilliamsNBC in other words a Canadian citizen converting to Islam #edshow", "type": "direct_reply"}, {"index": 13, "attribution": -0.08047155290842056, "tweet_id": 525045641865474048, "text": "@NBCNightlyNews @PeteWilliamsNBC The gunman was born in #Canada w name MJH...converted to Islam..Did he legally change his citizenship/name?", "type": "direct_reply"}]}