{"thread_id": "525001895631654912", "gold_label": 0, "predicted_label": 2, "tweet_attributions": [{"index": 5, "attribution": 3.463484764099121, "tweet_id": 525006580895731712, "text": "@petiterivergirl GROW UP!", "type": "lower_reply"}, {"index": 18, "attribution": 0.5239802002906799, "tweet_id": 525002437107912704, "text": "@CBCAlerts @CBCNews unless he's resigning I'm not interested.", "type": "direct_reply"}, {"index": 4, "attribution": 0.43547043204307556, "tweet_id": 525005841561554944, "text": "@petiterivergirl like him or not he is still the PM and he must address the nation.  Put your partisan bullshit away.  At least for today.", "type": "lower_reply"}, {"index": 16, "attribution": 0.3006903827190399, "tweet_id": 525004578480488448, "text": "@CBCAlerts @CBCNews  Is anyone important going to speak or just that bullshitter @pmharper #HeaveSteve", "type": "direct_reply"}, {"index": 11, "attribution": 0.2851077914237976, "tweet_id": 525018101554098176, "text": "@TheDeez91 @petiterivergirl  he's grown \nHe is a warmonger and he sure isn't my pm. He is a shame to us all", "type": "lower_reply"}, {"index": 1, "attribution": 0.26861050724983215, "tweet_id": 525003193621950464, "text": "@CBCAlerts does it really take that long to do his makeup and prepare a speech?  we need leadership and answers, now more waiting..", "type": "direct_reply"}, {"index": 13, "attribution": 0.19995419681072235, "tweet_id": 525006941089980417, "text": "@petiterivergirl oh no! Don't block me! I'm so scared! #fuckingpathetic", "type": "lower_reply"}, {"index": 6, "attribution": 0.18513227999210358, "tweet_id": 525006099733557248, "text": "@maca_cali @CBCAlerts @CBCNews a terrible act has just occurred.  Put your partisan bullshit away... At least for today. #OttawaStrong", "type": "lower_reply"}, {"index": 17, "attribution": 0.1316964477300644, "tweet_id": 525006389190860800, "text": "@petiterivergirl You're a terrible person.", "type": "lower_reply"}, {"index": 12, "attribution": 0.12427186220884323, "tweet_id": 525004086458859523, "text": "@CBCNews @CBCAlerts @pmharper thank you. We all want to tune in to hear from him today", "type": "lower_reply"}, {"index": 7, "attribution": 0.07433974742889404, "tweet_id": 525003877490638848, "text": "@trevorlynn @CBCAlerts @pmharper Hey Trevor: we don't have a time as of this tweet. We do know the PM will speak. When we know, you'll know.", "type": "lower_reply"}, {"index": 3, "attribution": 0.057355474680662155, "tweet_id": 525003498472374272, "text": ".@CBCAlerts @CBCToronto @CBCNews @pmharper:Tragic.If in fact terrorism, let's not isolate any Canadian group.Belonging will make us all safe", "type": "direct_reply"}, {"index": 9, "attribution": 0.014372260309755802, "tweet_id": 525002387724201985, "text": "@CBCAlerts @CBCNews that's great. why doesn't he address the people who are 'locked down' in gov't buildings?? what's going on?????", "type": "direct_reply"}, {"index": 15, "attribution": -0.0027924661990255117, "tweet_id": 525002093904801792, "text": "@CBCAlerts @CBCNews Not interested in one word he has to say!", "type": "direct_reply"}, {"index": 2, "attribution": -0.040662847459316254, "tweet_id": 525004832818491392, "text": "@CBCAlerts @CBCNews  Terror groups don't normally use guns outside of the Middle East. They use cars, bombs,knives. See if the PM spins this", "type": "direct_reply"}, {"index": 20, "attribution": -0.07077431678771973, "tweet_id": 525002191745347584, "text": "@CBCAlerts @CBCNews Ugh - another blow.", "type": "direct_reply"}, {"index": 8, "attribution": -0.09982315450906754, "tweet_id": 525006810240262144, "text": "@TheDeez91 Harper loving asshole....blocked!", "type": "lower_reply"}, {"index": 19, "attribution": -0.14540648460388184, "tweet_id": 525008267261804546, "text": "@PTicks @CBCAlerts he's probably being briefed. People need to relay information to him before he can speak.", "type": "lower_reply"}, {"index": 10, "attribution": -0.20203405618667603, "tweet_id": 525002695736688640, "text": "@CBCAlerts @CBCNL @CBCNews Harper address the country tonight?  What's he waiting for?", "type": "direct_reply"}, {"index": 0, "attribution": -0.2458593249320984, "tweet_id": 525001895631654912, "text": "Prime Minister Stephen Harper to address country tonight after fatal shooting at War Memorial and attack on Parliament: @CBCNews #cdnpoli", "type": "source"}, {"index": 21, "attribution": -0.2540893852710724, "tweet_id": 525003258738135040, "text": "@CBCAlerts @CBCNews when does @pmharper speak?", "type": "direct_reply"}, {"index": 14, "attribution": -0.2782911956310272, "tweet_id": 525006470958813185, "text": "@TheDeez91 NO!!! He is NOT my PM. He is a fraud and a warmonger", "type": "lower_reply"}, {"index": 22, "attribution": -0.3032117187976837, "tweet_id": 525002247261147136, "text": "@CBCAlerts what time???!", "type": "direct_reply"}]}