{"thread_id": "525032520124207104", "gold_label": 0, "predicted_label": 2, "tweet_attributions": [{"index": 13, "attribution": 1.9156569242477417, "tweet_id": 525037364960186368, "text": "@SmotheringTwat And that would have stopped this guy from buying a gun and shooting someone... how?", "type": "lower_reply"}, {"index": 12, "attribution": 1.5256270170211792, "tweet_id": 525032995204653057, "text": "@CBCOttawa How bout that long gun registry now!?", "type": "direct_reply"}, {"index": 4, "attribution": 0.8860013484954834, "tweet_id": 525038265595088897, "text": "@Cmdrd5 Worth a try? Harpers policies basically welcome these kinds of things!", "type": "lower_reply"}, {"index": 2, "attribution": 0.2732108235359192, "tweet_id": 525033720131375104, "text": "@CBCOttawa @redsteeze Is that a Irish Catholic name?", "type": "direct_reply"}, {"index": 9, "attribution": 0.2210741639137268, "tweet_id": 525039559420047360, "text": "@SmotheringTwat Guns don't kill people, people kill people. If this guy couldn't get a gun, could've used a knife. Knife registry next?", "type": "lower_reply"}, {"index": 1, "attribution": 0.06789720803499222, "tweet_id": 525032871388803073, "text": ".@CBCOttawa never again #OTTnews", "type": "direct_reply"}, {"index": 11, "attribution": 0.06705992668867111, "tweet_id": 525035063860535297, "text": "@CBCOttawa @UncleRee1 independent ???", "type": "direct_reply"}, {"index": 3, "attribution": 0.032543979585170746, "tweet_id": 525037416495980545, "text": "@SmotheringTwat I highly doubt any of the firearms used in this attack were acquired legally, and even if they were the LGR wouldn't help", "type": "lower_reply"}, {"index": 7, "attribution": 0.030697232112288475, "tweet_id": 525035228566667264, "text": "@SmotheringTwat @jsmith318 To obtain a rifle legally in this country you still have to possess a license. That IS the only way legally.", "type": "lower_reply"}, {"index": 8, "attribution": 0.007098013069480658, "tweet_id": 525034993748561920, "text": "@CBCOttawa @bruce_arthur Isis", "type": "direct_reply"}, {"index": 6, "attribution": -0.034238897264003754, "tweet_id": 525037386825474049, "text": "@BlakanWite @SmotheringTwat yeah I'm very aware that you need to be licensed.", "type": "lower_reply"}, {"index": 10, "attribution": -0.06953644007444382, "tweet_id": 525038535876042752, "text": "@MrLucky1396 The lack thereof most certainly did help. There's no disputing that!", "type": "lower_reply"}, {"index": 0, "attribution": -0.08681153506040573, "tweet_id": 525032520124207104, "text": "CBC News Ottawa has independently confirmed that the gunman who was shot and killed is Michael Zehaf-Bibeau. #cbcOTT #OTTnews", "type": "source"}, {"index": 5, "attribution": -0.2058997005224228, "tweet_id": 525033851144269825, "text": "@SmotheringTwat assuming didn't criminally acquire the firearm right?", "type": "lower_reply"}]}