{"thread_id": "525021083892994049", "gold_label": 0, "predicted_label": 0, "tweet_attributions": [{"index": 0, "attribution": 0.31886976957321167, "tweet_id": 525021083892994049, "text": "Rest in peace Cpl. Nathan Cirillo via @globeandmail #ottawashooting http://t.co/voEK2MZpfR http://t.co/sMpeSGv4HY", "type": "source"}, {"index": 5, "attribution": 0.03026977740228176, "tweet_id": 525035555206475776, "text": "@samar_ismail @chastime @globeandmail \u0413\u0435\u0440\u043e\u0457 \u043d\u0435 \u0432\u043c\u0438\u0440\u0430\u044e\u0442\u044c!", "type": "direct_reply"}, {"index": 3, "attribution": 0.02657136134803295, "tweet_id": 525050959018606592, "text": "@samar_ismail @key2med @globeandmail Rest in peace. What a waste of a young life.", "type": "direct_reply"}, {"index": 2, "attribution": 0.0026631092187017202, "tweet_id": 525033162347651072, "text": "@samar_ismail @globeandmail This just pisses me off. Being shot was too good for that terrorist.", "type": "direct_reply"}, {"index": 1, "attribution": -0.016261933371424675, "tweet_id": 525027107156787200, "text": "@samar_ismail I know it shouldn't matter, but it makes me extra sad that he's pictured cuddling a puppy.", "type": "direct_reply"}, {"index": 4, "attribution": -0.03387496620416641, "tweet_id": 525049713419358208, "text": "@samar_ismail @globeandmail may he rest in peace so sad", "type": "direct_reply"}, {"index": 6, "attribution": -0.04740848019719124, "tweet_id": 525112910872195073, "text": "@samar_ismail @globeandmail @HandsofFateFilm @IpsamuneStudios @yvodh @MirandaSajdak @SmallTownGirlPR @MaikBurghardt happy Day", "type": "direct_reply"}]}