{"thread_id": "525005886272843776", "gold_label": 0, "predicted_label": 2, "tweet_attributions": [{"index": 0, "attribution": 0.20481489598751068, "tweet_id": 525005886272843776, "text": "Kevin Vickers hailed as hero who took down attacker at Parliament Hill: http://t.co/sG70iQtfSM #cbcOTT #OTTnews http://t.co/zuSOkiOzck", "type": "source"}, {"index": 9, "attribution": 0.0428321398794651, "tweet_id": 525035421479481344, "text": "@CBCOttawa @JODYMITIC this is the kind of hero we need in today's world!! Thank you Kevin for your bravery", "type": "direct_reply"}, {"index": 14, "attribution": 0.037098608911037445, "tweet_id": 525025980646445056, "text": "@CBCOttawa @spaikin \nThank you!!", "type": "direct_reply"}, {"index": 4, "attribution": 0.036728061735630035, "tweet_id": 525010198357102592, "text": "@CBCOttawa @RobynBresnahan M.Vickers pour votre acte de courage. Excuse la faute de frappe pour votre nom", "type": "direct_reply"}, {"index": 8, "attribution": 0.02462110109627247, "tweet_id": 525019195462123520, "text": "@CBCOttawa @DamoSpin Bad-ass!", "type": "direct_reply"}, {"index": 6, "attribution": 0.02082103304564953, "tweet_id": 525012220959154176, "text": "@CBCOttawa @DamoSpin Clearly, this is a man who both speaks quietly and caries a big stick!  Sincere thanks.", "type": "direct_reply"}, {"index": 5, "attribution": 0.019834328442811966, "tweet_id": 525051803977940995, "text": "@CBCOttawa Mr. Vickers saved many a life today. Thank you sir. Thanks to all our first responders. #heroes", "type": "direct_reply"}, {"index": 11, "attribution": 0.01218471396714449, "tweet_id": 525006447881367552, "text": "@CBCOttawa everyone who was involved in trying to protect citizens of Ottawa are heroes.", "type": "direct_reply"}, {"index": 1, "attribution": 0.003349203849211335, "tweet_id": 525040451611791360, "text": "@CBCOttawa @DamoSpin @MikeHallihan my bad. Meant to link u this. The Sgt at Arms", "type": "direct_reply"}, {"index": 2, "attribution": -0.004121735226362944, "tweet_id": 525028338222780416, "text": "@CBCOttawa A hero in all of Ottawa's hearts!", "type": "direct_reply"}, {"index": 7, "attribution": -0.008973057381808758, "tweet_id": 525065077452722176, "text": "@CBCOttawa A bit soon, but I'll bet many Americans are assuming he took the gunman down with that mace. #OttawaShooting", "type": "direct_reply"}, {"index": 10, "attribution": -0.04737013205885887, "tweet_id": 525009472956399616, "text": "@CBCOttawa @dexybailman \n\nBrave man with weapon stops evil in its tracks.  A hero indeed.", "type": "direct_reply"}, {"index": 13, "attribution": -0.051315609365701675, "tweet_id": 525012116869480448, "text": "@CBCOttawa Sgt at Arms is actually armed? Thought it a more ceremonial title than anything", "type": "direct_reply"}, {"index": 12, "attribution": -0.05991731956601143, "tweet_id": 525017517853384705, "text": "@CBCOttawa LEGEND #CanadaStrong #TrueNorthStrong", "type": "direct_reply"}, {"index": 3, "attribution": -0.06818229705095291, "tweet_id": 525007563642130433, "text": "@CBCOttawa  Well done Mr. Vickers. Tremendous presence of mind.", "type": "direct_reply"}]}