{"thread_id": "525062993898635264", "gold_label": 0, "predicted_label": 2, "tweet_attributions": [{"index": 7, "attribution": 3.5950727462768555, "tweet_id": 525079356197335040, "text": "@AmyMek    Puts a Face on The Pure Evil That Is Infecting The World   These Scum R Serious !!! When Will The World Realize This !!!", "type": "direct_reply"}, {"index": 1, "attribution": 1.6690411567687988, "tweet_id": 525094976838197249, "text": "@JBFazz1213 @AmyMek they need to be exterminated like roaches.", "type": "lower_reply"}, {"index": 2, "attribution": 0.5198697447776794, "tweet_id": 525366276244656128, "text": "@AmyMek @Callisto1947 bless you and your family! God bless Canada during this time of such sadness", "type": "direct_reply"}, {"index": 6, "attribution": 0.42509761452674866, "tweet_id": 525332360393289728, "text": "@AmyMek @Toupsfamily", "type": "direct_reply"}, {"index": 3, "attribution": 0.29699185490608215, "tweet_id": 525126087677054976, "text": "@ZeusAmerMastiff @JBFazz1213 @AmyMek  send them to ISIS all Muslims", "type": "lower_reply"}, {"index": 9, "attribution": 0.2822308838367462, "tweet_id": 525066892474478593, "text": "@AmyMek @Tammybaby65 So young and beautiful. May god be with your family as you begin your new journey in everlasting life!!!", "type": "direct_reply"}, {"index": 8, "attribution": 0.09313293546438217, "tweet_id": 525365358602256384, "text": "@AmyMek @Callisto1947 What a handsome young man. Yet another victim of political correctness. Political correctness kills! #Ottawa", "type": "direct_reply"}, {"index": 15, "attribution": 0.02735193818807602, "tweet_id": 525079722150350848, "text": "@AmyMek   Comfort and Peace 2 This Hero's Family !!!", "type": "direct_reply"}, {"index": 12, "attribution": 0.0262946467846632, "tweet_id": 525366728638070784, "text": "@AmyMek look at this profile @NotOccupying A Toronto university FOREIGN student says \"FUCK CANADA\" and more about the PM after the attack.", "type": "direct_reply"}, {"index": 4, "attribution": -0.07290042191743851, "tweet_id": 525094610662875136, "text": "@AmyMek @Prayformetoo Killed by a peaceful fun loving Muslim.", "type": "direct_reply"}, {"index": 11, "attribution": -0.0953221246600151, "tweet_id": 525367018254790656, "text": "@AmyMek Please retweet. This is disgusting!", "type": "lower_reply"}, {"index": 13, "attribution": -0.11795709282159805, "tweet_id": 525081582064128001, "text": "@AmyMek prayers for the fallen", "type": "direct_reply"}, {"index": 5, "attribution": -0.14175869524478912, "tweet_id": 525501451855220736, "text": "@AmyMek @Callisto1947 Ty for the follow. Greetings from Canada. Canadian-American alliance right here.", "type": "direct_reply"}, {"index": 10, "attribution": -0.23116542398929596, "tweet_id": 525097076364152832, "text": "@AmyMek @BIZPACReview filthy muzzie revert scum.", "type": "direct_reply"}, {"index": 14, "attribution": -0.2731136977672577, "tweet_id": 525332347227746307, "text": "@AmyMek @Toupsfamily AW, this hurts my heart", "type": "direct_reply"}, {"index": 16, "attribution": -0.4664153754711151, "tweet_id": 525078915803787264, "text": "@AmyMek Your tweet makes my page better: http://t.co/pmZJ9ZgUVq", "type": "direct_reply"}, {"index": 0, "attribution": -0.6930268406867981, "tweet_id": 525062993898635264, "text": "Rest In Peace Corporal Nathan Cirillo. \n\n#Respect \n#Ottawa \n#Canada \n#tcot http://t.co/1mIBOBohd4", "type": "source"}]}