{"thread_id": "525062013551001600", "gold_label": 0, "predicted_label": 2, "tweet_attributions": [{"index": 14, "attribution": 3.1556880474090576, "tweet_id": 525067279298347008, "text": "@dappledstud The man is a true #Con artist He will play this up politically to increase surveillance etc  He has no humane bone in his body", "type": "lower_reply"}, {"index": 11, "attribution": 1.3845576047897339, "tweet_id": 525063746364772354, "text": "@CBCAlerts @pmharper Interesting that Obama spoke to the people 5 hours ago #cdnpoli", "type": "direct_reply"}, {"index": 7, "attribution": 1.3624091148376465, "tweet_id": 525067621222203392, "text": "@1713eh  can only hope this does bring increased surveillance, you being first on the list.", "type": "lower_reply"}, {"index": 15, "attribution": 0.40573203563690186, "tweet_id": 525069197299449857, "text": "@dappledstud   impossible to reason with people who\u2019ve taken refuge in ideological castles located 4 score &amp; 7 light years from Logic.", "type": "lower_reply"}, {"index": 4, "attribution": 0.3546963036060333, "tweet_id": 525067574913302529, "text": "@dappledstud @pmharper They even had the guys name dumb ass before the cdn media", "type": "lower_reply"}, {"index": 16, "attribution": 0.30124542117118835, "tweet_id": 525066428336963585, "text": "@dappledstud @pmharper @CBCAlerts Funny, the CNN has all the facts b4 #Harper or the #cdnMSM has #cdnpoli", "type": "lower_reply"}, {"index": 9, "attribution": 0.29558756947517395, "tweet_id": 525064230702440449, "text": "@CBCAlerts @pmharper give me one good goddamn reason that why u send our beloved soldiers there..", "type": "direct_reply"}, {"index": 1, "attribution": 0.21688245236873627, "tweet_id": 525065629548568576, "text": "@CBCAlerts @pmharper It`s time for you to take the long walk we don`t believe a word you say #trustLost #Lies #good2Go #resign #cdnpoli", "type": "direct_reply"}, {"index": 0, "attribution": 0.17275120317935944, "tweet_id": 525062013551001600, "text": "PM Stephen Harper to address the nation on #OttawaShooting at 7:45 pm/ET. @pmharper #cdnpoli  http://t.co/6U5GV4uBT8", "type": "source"}, {"index": 19, "attribution": 0.16354013979434967, "tweet_id": 525065353081409536, "text": "@CBCAlerts @pmharper nearly 10 hours after the shootings started and no word from our PM?? appalling", "type": "direct_reply"}, {"index": 5, "attribution": 0.11281504482030869, "tweet_id": 525062267608387584, "text": "@CBCAlerts @pmharper Goddamn near time. We need a leader and he hasn't been it.", "type": "direct_reply"}, {"index": 2, "attribution": 0.07207871228456497, "tweet_id": 525064517412483072, "text": "@CBCAlerts @pmharper will you have the grapes to call the perpetrators as Muslim? Unlike US prez. Who calls it workplace violence? #tcot", "type": "direct_reply"}, {"index": 3, "attribution": 0.030232729390263557, "tweet_id": 525063273151225856, "text": "@CBCAlerts @pmharper we need a leader who doesn't lick US feets..Yes Harper this is all happening cuz of u going in war", "type": "direct_reply"}, {"index": 17, "attribution": -0.018259229138493538, "tweet_id": 525062890131173376, "text": "@CBCAlerts is this an address to the nation or just a statement to reporters?", "type": "direct_reply"}, {"index": 18, "attribution": -0.09630987048149109, "tweet_id": 525067989947674624, "text": "@1713eh blocked for stupidity.", "type": "lower_reply"}, {"index": 12, "attribution": -0.10547388345003128, "tweet_id": 525066903509684224, "text": "@1713eh dumbass, as if CNN has all the facts. Rather wait for @pmharper than listen to BS on some US station.  #cdnpoli", "type": "lower_reply"}, {"index": 10, "attribution": -0.18006490170955658, "tweet_id": 525063943661031424, "text": "@CBCAlerts @pmharper looks like Obama is our PM now", "type": "direct_reply"}, {"index": 20, "attribution": -0.30377036333084106, "tweet_id": 525067835018850305, "text": "@dappledstud Harper is abigger crook than Mulroney or Chretien ever were", "type": "lower_reply"}, {"index": 8, "attribution": -0.41669753193855286, "tweet_id": 525068923461308416, "text": "@dappledstud Let them come I've nothing to hide I they do you should be next so find another pair of shorts you moron", "type": "lower_reply"}, {"index": 6, "attribution": -0.42956531047821045, "tweet_id": 525063521000648705, "text": "@CBCAlerts @pmharper should give #Harper 's scripters just enough time 2 get all his talking points Don't expect him to admit to any blame", "type": "direct_reply"}, {"index": 13, "attribution": -0.6077184081077576, "tweet_id": 525064982052876289, "text": "@1713eh what does that have to do with the price of rice?  Give @pmharper a chance to get some facts.  #cdnpoli @CBCAlerts", "type": "lower_reply"}]}