{"thread_id": "525034687245582337", "gold_label": 0, "predicted_label": 2, "tweet_attributions": [{"index": 8, "attribution": 1.2606303691864014, "tweet_id": 525193877213683712, "text": "@Sierra_Eagle @iamterryevans  has been reported no , described as a ceremonial weapon. I read now that this young man was shot in the back", "type": "lower_reply"}, {"index": 11, "attribution": 0.39359650015830994, "tweet_id": 525063439082086400, "text": "@Sierra_Eagle It was documented earlier today that the Honour Guard at #WarMemorial do not carry loaded weapons", "type": "lower_reply"}, {"index": 10, "attribution": 0.1291506290435791, "tweet_id": 525038815321534464, "text": "\u201c@iamterryevans: Proudly at his post #NathanCirillo This nation thanks you and your family #OttawaShooting http://t.co/s6zlP6dJeE\u201d #blessyou", "type": "direct_reply"}, {"index": 9, "attribution": 0.05704010650515556, "tweet_id": 525273917611458560, "text": "@iamterryevans @K97 our hearts go out to the family of the corporal what a spineless thing to do", "type": "direct_reply"}, {"index": 5, "attribution": 0.05575071647763252, "tweet_id": 525066540568576000, "text": "@iamterryevans Thanks Terry.  I was in the U.S. Marine Corps in the late 60s, and we never carried ammunition while on guard duty stateside.", "type": "lower_reply"}, {"index": 7, "attribution": 0.01781180314719677, "tweet_id": 525197759109152768, "text": "@collywobbles54 @iamterryevans I wonder if they'll get ammunition now!", "type": "lower_reply"}, {"index": 6, "attribution": 0.007777327671647072, "tweet_id": 525073553797152768, "text": "@iamterryevans @CoraxNiveus rip sir, thank you for your service to Canada", "type": "direct_reply"}, {"index": 2, "attribution": 0.007711544632911682, "tweet_id": 525861627996823552, "text": "@Sierra_Eagle @iamterryevans  No. The soldiers who stand guard at the memorial don't carry loaded rifles.", "type": "lower_reply"}, {"index": 3, "attribution": -0.04918481409549713, "tweet_id": 525062199044100096, "text": "@iamterryevans Was Corporal Cirillo's rifle loaded?", "type": "direct_reply"}, {"index": 4, "attribution": -0.06788276880979538, "tweet_id": 525044690140139520, "text": "@iamterryevans @cstclair1 God Bless this soldier for his service to our country and bless his family for their loss. #Ottawashooting", "type": "direct_reply"}, {"index": 1, "attribution": -0.07183671742677689, "tweet_id": 525046880963932161, "text": "@iamterryevans @cstclair1 RIP\ud83d\ude25", "type": "direct_reply"}, {"index": 0, "attribution": -0.13401755690574646, "tweet_id": 525034687245582337, "text": "Proudly at his post #NathanCirillo            This nation thanks you and your family  #OttawaShooting http://t.co/g6mM3ey3uH", "type": "source"}]}