{"thread_id": "525025695425380352", "gold_label": 0, "predicted_label": 0, "tweet_attributions": [{"index": 0, "attribution": 0.36412665247917175, "tweet_id": 525025695425380352, "text": "Hamilton Argylls soldier, Nathan Cirillo, on the right in this picture, dies in Ottawa attack http://t.co/K0j8j0eLiw http://t.co/aKBFslkfAg", "type": "source"}, {"index": 2, "attribution": 0.020817307755351067, "tweet_id": 525028162070401025, "text": "R.I.P. fellow #Hamilton citizen, Argylls soldier, Nathan Cirillo http://t.co/VguxuwxVkI http://t.co/aJNAyftIfY @TheSpec #HamOnt", "type": "direct_reply"}, {"index": 3, "attribution": 0.0034270125906914473, "tweet_id": 525099207669989376, "text": "@TheSpec nice tweet", "type": "direct_reply"}, {"index": 1, "attribution": -0.037950318306684494, "tweet_id": 525170611665252352, "text": "@TheSpec @whippingCP RIP Cpl Cirrilo", "type": "direct_reply"}, {"index": 4, "attribution": -0.04033118858933449, "tweet_id": 525027071417139200, "text": "@TheSpec R I P  Nathan, you will forever be remembered for your service. #blessed", "type": "direct_reply"}]}