{"thread_id": "525067419635576834", "gold_label": 0, "predicted_label": 0, "tweet_attributions": [{"index": 0, "attribution": 0.2721889615058899, "tweet_id": 525067419635576834, "text": "True patriot love ...\n\nIn Memory Of Cpl. Nathan Cirillo \n~Hamilton, Ontario\n\n#OttawaShooting #CanadaStrong http://t.co/ibQkitoRmz", "type": "source"}, {"index": 5, "attribution": 0.0703953430056572, "tweet_id": 525103496438497281, "text": "@TO_sportsgirl my thoughts and prayers go out to this family", "type": "direct_reply"}, {"index": 2, "attribution": 0.01388613972812891, "tweet_id": 525109705887055872, "text": "@TO_sportsgirl @zina008 yes a real HERO! Bravery is hard to see today!", "type": "direct_reply"}, {"index": 4, "attribution": -0.008437694050371647, "tweet_id": 525073570184323072, "text": "@TO_sportsgirl", "type": "direct_reply"}, {"index": 1, "attribution": -0.02044355683028698, "tweet_id": 525091524368171008, "text": "@TO_sportsgirl PLEASE LISTEN WE NEED\nWORLD PEACE\nhttp://t.co/hJvY8BCnY9\n\ud83d\udd25WORLD PEACE\ud83d\udca3\nJahmal Brown ft.Jahyda\nhttps://t.co/9jQfGnn1KN", "type": "direct_reply"}, {"index": 3, "attribution": -0.06436692923307419, "tweet_id": 525072951738368001, "text": "@TO_sportsgirl @RocheJacqueline Rest in Peace, Young Man!", "type": "direct_reply"}]}