{"thread_id": "525058633730891776", "gold_label": 0, "predicted_label": 2, "tweet_attributions": [{"index": 11, "attribution": 0.7705357670783997, "tweet_id": 525059020630261760, "text": "@jimsciutto sooo young!!! RIP", "type": "direct_reply"}, {"index": 9, "attribution": 0.6470470428466797, "tweet_id": 525061272815947778, "text": "@jimsciutto Oh God! I'm so sad tonight! I'm asking why this happened to you! All my prayers with you :(", "type": "direct_reply"}, {"index": 4, "attribution": 0.5649117827415466, "tweet_id": 525059303862857728, "text": "@jimsciutto connection to sniper den found near chicago?", "type": "direct_reply"}, {"index": 2, "attribution": 0.3251056373119354, "tweet_id": 525072704051744768, "text": "@soozieQmtl @jimsciutto It is always the young that die in war -it is the wealthy &amp; bigoted old that make it &amp; the poor &amp;  young that suffer", "type": "lower_reply"}, {"index": 12, "attribution": 0.19979707896709442, "tweet_id": 525073212921503744, "text": "@Addidis @jimsciutto The connection is neo-liberal capitalist economy which fails to address injustice &amp; puts profit before people or ethics", "type": "lower_reply"}, {"index": 7, "attribution": 0.1943318247795105, "tweet_id": 525074547515875328, "text": "@jimsciutto @kisscraycray such a waste of a human life. My thoughts and prayers are with the family.", "type": "direct_reply"}, {"index": 3, "attribution": 0.03480583801865578, "tweet_id": 525062274802008064, "text": "@jimsciutto I feel sad for his family! I have a knot in my stomach that hurts I feel so sad!!!!", "type": "direct_reply"}, {"index": 10, "attribution": -0.00020266951469238847, "tweet_id": 525063298820370432, "text": "@jimsciutto RIP dear Soldier", "type": "direct_reply"}, {"index": 8, "attribution": -0.00865185260772705, "tweet_id": 525073547052326913, "text": "@Marc_Omran @jimsciutto Your empathy is useful - your prayers are not - dogma and myth is a major part of the problem", "type": "lower_reply"}, {"index": 1, "attribution": -0.04225147143006325, "tweet_id": 525073858072948737, "text": "@jimsciutto So sad.  RIP Nathan xo", "type": "direct_reply"}, {"index": 6, "attribution": -0.15984870493412018, "tweet_id": 525072391160872961, "text": "@jimsciutto @LennaLeprena Prayers will achieve nothing.  Dismissing Harper &amp; all the warmongers like him, might save some future citizens", "type": "direct_reply"}, {"index": 5, "attribution": -0.444406658411026, "tweet_id": 525062337024102400, "text": "With great respect, pride and sorrow, I honor CAN Cpl Nathan Cirillo whose sacrifice makes his country stronger.\n@jimsciutto @tomforemancnn", "type": "direct_reply"}, {"index": 0, "attribution": -1.1113320589065552, "tweet_id": 525058633730891776, "text": "Just in: Canadian soldier killed in #OttawaShooting today is Cpl. Nathan Cirillo Thoughts &amp; prayers to his family http://t.co/fu2eZssBTr", "type": "source"}]}