{"thread_id": "525024181218725888", "gold_label": 0, "predicted_label": 2, "tweet_attributions": [{"index": 5, "attribution": 2.352611780166626, "tweet_id": 525027561487990784, "text": "@blaiss It was.  The kids were locked down at school but they are home.  The police say it's ongoing.  @cbcottawa", "type": "lower_reply"}, {"index": 10, "attribution": 2.0617737770080566, "tweet_id": 525028274335137792, "text": "@GoWithItJam @CBCOttawa Will be praying for you and your family and all folks in Ottawa! Stay safe my friend!", "type": "lower_reply"}, {"index": 13, "attribution": 1.6226426362991333, "tweet_id": 525026241246949376, "text": "@blaiss omg we're so sad.  Standing on guard and a PoS KILLS him.  We salute and  God Bless Cpl. Nathan Cirillo &amp; his family.  @cbcottawa", "type": "lower_reply"}, {"index": 8, "attribution": 1.1236927509307861, "tweet_id": 525025621123272705, "text": "@CBCOttawa @GoWithItJam prayers go out to his family.", "type": "direct_reply"}, {"index": 14, "attribution": 0.6561110615730286, "tweet_id": 525026792051318784, "text": "@GoWithItJam @CBCOttawa Are you in Canada? My heart goes out to everyone there, especially this mans family!", "type": "lower_reply"}, {"index": 3, "attribution": 0.6214665770530701, "tweet_id": 525026461841752064, "text": "@CBCOttawa @mynameisrocco God bless him and his family :(", "type": "direct_reply"}, {"index": 17, "attribution": 0.5276845693588257, "tweet_id": 525027251864502272, "text": "@GoWithItJam @CBCOttawa OMG, it must have been terrifying for you! Glad you are safe! Have they caught all the shooters?", "type": "lower_reply"}, {"index": 12, "attribution": 0.4184213876724243, "tweet_id": 525028604179382273, "text": "\u201c@CBCOttawa: Cpl. Nathan Cirillo, 24, identified as the soldier who was shot, killed at the War Memorial today. http://t.co/cN496bXEgI\u201d", "type": "direct_reply"}, {"index": 18, "attribution": 0.2714657485485077, "tweet_id": 525039395121147904, "text": "So sad.  RT@CBCOttawa: Cpl. Nathan Cirillo, 24, the soldier who was shot, killed at the War Memorial today. http://t.co/Ya6U3At2l5\u201d", "type": "direct_reply"}, {"index": 16, "attribution": 0.2001192420721054, "tweet_id": 525026983403847680, "text": "@blaiss Yes.  We're about 10 minutes from the Parliament buildings.  My heart breaks for the Cirillo family  :(  @cbcottawa", "type": "lower_reply"}, {"index": 9, "attribution": 0.13871726393699646, "tweet_id": 525024857701253120, "text": "Pooch lover :( RT @CBCOttawa Cpl. Nathan Cirillo, 24, identified as the soldier who was shot, killed at the War Memorial today. #cbcOTT", "type": "direct_reply"}, {"index": 1, "attribution": 0.08473249524831772, "tweet_id": 525026675508006912, "text": "@dhostler1985 @CBCOttawa good looking guy. so fucking tragic. he went to work never expecting this. now he's gone. awful.", "type": "lower_reply"}, {"index": 2, "attribution": 0.04795176163315773, "tweet_id": 525029371510132738, "text": "@CBCOttawa This is just heartbreaking.", "type": "direct_reply"}, {"index": 6, "attribution": 0.01911298558115959, "tweet_id": 525028858710736896, "text": "@blaiss ty!  &lt;3  @cbcottawa", "type": "lower_reply"}, {"index": 11, "attribution": -0.0016479113837704062, "tweet_id": 525029749509586944, "text": "@overdunne @CBCOttawa :(", "type": "lower_reply"}, {"index": 15, "attribution": -0.058679696172475815, "tweet_id": 525027509017272320, "text": "RIP. @CBCOttawa: Cpl. Nathan Cirillo, 24, identified as the soldier who was shot, killed at the War Memorial today. http://t.co/tbBN3fHJbp", "type": "direct_reply"}, {"index": 4, "attribution": -0.2360241860151291, "tweet_id": 525029053850742784, "text": "@GoWithItJam @CBCOttawa Just followed", "type": "lower_reply"}, {"index": 0, "attribution": -0.4341129958629608, "tweet_id": 525024181218725888, "text": "Cpl. Nathan Cirillo, 24, identified as the soldier who was shot, killed at the War Memorial today. #cbcOTT #OTTnews http://t.co/I68A6Ioa6E", "type": "source"}, {"index": 7, "attribution": -0.5326799154281616, "tweet_id": 525026228060037120, "text": "@CBCOttawa Wow, so heartbreaking! \ud83d\ude14 RIP Nathan! \ud83d\udc94", "type": "direct_reply"}]}