{"thread_id": "525009850104037376", "gold_label": 0, "predicted_label": 0, "tweet_attributions": [{"index": 0, "attribution": 0.2618403732776642, "tweet_id": 525009850104037376, "text": "#KevinVickers hailed as hero who took down attacker at Parliament Hill http://t.co/2MHOPGuF7w #OttawaShooting http://t.co/zu5I71EU5S", "type": "source"}, {"index": 13, "attribution": 0.04699705168604851, "tweet_id": 525042283826397185, "text": "@CBCTheNational  Praise our security forces. They are Brave men and women and a source of pride for Canadians", "type": "direct_reply"}, {"index": 15, "attribution": 0.04132368043065071, "tweet_id": 525013057286995968, "text": "@CBCTheNational I nominate Sergeant-at-Arms Kevin Vickers for the Order of Canada for doing what needed to be done in order to save others.", "type": "direct_reply"}, {"index": 10, "attribution": 0.027118898928165436, "tweet_id": 525057345051963393, "text": "@CBCTheNational obviously m", "type": "direct_reply"}, {"index": 4, "attribution": 0.020171772688627243, "tweet_id": 525011666472566784, "text": "@CBCTheNational my utmost gratitude and thanks to #KevinVickers -Hero hero hero as is the young soldier who lost his life. Prayers for him", "type": "direct_reply"}, {"index": 7, "attribution": 0.017648059874773026, "tweet_id": 525012720567844864, "text": "@CBCTheNational  how he was so quick to act just shows to the amazing training our #RCMP officers receive! #truehero", "type": "direct_reply"}, {"index": 3, "attribution": 0.016916753724217415, "tweet_id": 525010638679322624, "text": "@CBCTheNational  Nice shooting sir. God bless you and the people of Canada.", "type": "direct_reply"}, {"index": 8, "attribution": -0.002253154758363962, "tweet_id": 525023689151361025, "text": "Give this man the Order of Canada! #KevinVickers @CBCTheNational @GGDavidJohnston #orderofcanada", "type": "direct_reply"}, {"index": 12, "attribution": -0.009093658067286015, "tweet_id": 525023788388605952, "text": "@CBCTheNational @MontgomerySue Fallling face to face with that strange hat the shooter probably froze fast", "type": "direct_reply"}, {"index": 14, "attribution": -0.018887432292103767, "tweet_id": 525011681899196416, "text": "@CBCTheNational Tho, I'm sure he doesn't feel like a hero today. If it's true that he killed the shooter, it might be worst day of his life.", "type": "direct_reply"}, {"index": 1, "attribution": -0.020067553967237473, "tweet_id": 525017473234395136, "text": "@CBCTheNational thanks from all of us", "type": "direct_reply"}, {"index": 11, "attribution": -0.03241989016532898, "tweet_id": 525026863681642496, "text": "@CBCTheNational  Should be given the Order of Canada. You are a true hero Mr. Vickers!", "type": "direct_reply"}, {"index": 2, "attribution": -0.03996187075972557, "tweet_id": 525019055565324288, "text": "@CBCTheNational I was really hoping he used his ceremonial mace", "type": "direct_reply"}, {"index": 5, "attribution": -0.04059732332825661, "tweet_id": 525011952389849088, "text": "@CBCTheNational #KevinVickers  the terminator! http://t.co/00vO3sBSDC", "type": "direct_reply"}, {"index": 9, "attribution": -0.04946314916014671, "tweet_id": 525022454859567104, "text": "@CBCTheNational @CAGWSkeptic Don't mess with the seal clubbers!", "type": "direct_reply"}, {"index": 6, "attribution": -0.059841278940439224, "tweet_id": 525050658555449344, "text": "@CBCTheNational @CHEXNewswatch \nKevin Vickers made us all so proud today with his heroic actions!\nDisgusting if shooter was Cndn. born.....", "type": "direct_reply"}, {"index": 16, "attribution": -0.06892503052949905, "tweet_id": 525032827897663490, "text": "@CBCTheNational   One Man with One Gun!", "type": "direct_reply"}]}