{"thread_id": "525033278555033601", "gold_label": 0, "predicted_label": 2, "tweet_attributions": [{"index": 16, "attribution": 2.7495691776275635, "tweet_id": 525035855337906176, "text": "@bobster31 @Teknofish  not really.. just careful examination is enough.. atlist we will know if he is Muslim or not", "type": "lower_reply"}, {"index": 23, "attribution": 1.958480715751648, "tweet_id": 525036308717383680, "text": "@Antera13 @bobster31 Other major unbiased news agencies are reporting it.\n\nDon't let that effect Robs view tho.", "type": "lower_reply"}, {"index": 18, "attribution": 1.2396451234817505, "tweet_id": 525033913329418240, "text": "@BBCBreaking M-U-S-L-I-M\n\nSay it BBC .   Say it.", "type": "direct_reply"}, {"index": 27, "attribution": 0.6614431142807007, "tweet_id": 525049373148065792, "text": "@Teknofish So? The Okie-bomber was C-h-r-i-s-t-i-a-n. Killed almost 200. Just one example.", "type": "lower_reply"}, {"index": 6, "attribution": 0.6585467457771301, "tweet_id": 525033913019015168, "text": "MT .@BBCBreaking: Gunman involved in #OttawaShootings named as 32-year-old muslim Michael Zehaf-Bibeau http://t.co/2kSqmVdeuh", "type": "direct_reply"}, {"index": 25, "attribution": 0.6393288969993591, "tweet_id": 525035224405925889, "text": "@Teknofish How do the BBC know his religion? Difficult to tell the religion of a dead body. Idle speculation best left to tabloid papers", "type": "lower_reply"}, {"index": 12, "attribution": 0.45165541768074036, "tweet_id": 525039257963225090, "text": "@Teknofish @BBCBreaking Google 'Experts Speak Out' I dare you", "type": "lower_reply"}, {"index": 4, "attribution": 0.3950406610965729, "tweet_id": 525034325054849024, "text": "@BBCBreaking I think we all know where his genes come from.", "type": "direct_reply"}, {"index": 8, "attribution": 0.3201863169670105, "tweet_id": 525034010591121408, "text": "\u201c@BBCBreaking: Gunman shot dead in #OttawaShootings named by US officials as Canadian-born, Michael Zehaf-Bibeau. -Canadians Gone Wild.", "type": "direct_reply"}, {"index": 24, "attribution": 0.22075794637203217, "tweet_id": 525050759893635072, "text": "@ATainy @Teknofish Really compares to 250k killed in Syria.", "type": "lower_reply"}, {"index": 2, "attribution": 0.22057920694351196, "tweet_id": 525053200454270976, "text": "@downthetrackred Whataboutadry.... and two decades old whataboutadry at that.\n\nThe lamest tweet I received today.", "type": "lower_reply"}, {"index": 11, "attribution": 0.2002975344657898, "tweet_id": 525034978443153408, "text": "@bbcbreaking So the gunman who's killed after attacking Canadian Parliament was Michael Zehaf-Bibeau!Sounds like a half-breed!", "type": "direct_reply"}, {"index": 5, "attribution": 0.1593392789363861, "tweet_id": 525033417977524225, "text": "@BBCBreaking She's America's youngest female billionaire - and a dropout &gt;&gt;&gt;&gt;&gt;http://t.co/TDbQK8bnkt", "type": "direct_reply"}, {"index": 10, "attribution": 0.10709678381681442, "tweet_id": 525035377275727872, "text": "@TheMadHessian @BBCBreaking May his 72 virgins have syphilis!!!", "type": "lower_reply"}, {"index": 19, "attribution": 0.05675625428557396, "tweet_id": 525033927845892099, "text": "@BBCBreaking jihadi johns mate muslim michael?", "type": "direct_reply"}, {"index": 17, "attribution": 0.04673238471150398, "tweet_id": 525043437654253568, "text": "@Teknofish You asked why they didn't report his religion. I'm saying that perhaps it was not in the statement from the government. Forget it", "type": "lower_reply"}, {"index": 20, "attribution": 0.04248587787151337, "tweet_id": 525051365425700865, "text": "@downthetrackred @Teknofish I'm not following.This one guy in #ottawa? Wow. He must've been some dude! Well, dead now. Rest at ease, fellas.", "type": "lower_reply"}, {"index": 3, "attribution": 0.01581832952797413, "tweet_id": 525034165600022528, "text": "@rmdan_90 @BBCBreaking congrats on you success keep going", "type": "lower_reply"}, {"index": 7, "attribution": -0.000577411672566086, "tweet_id": 525033878944509953, "text": "@BBCBreaking Algerian descent I understand.", "type": "direct_reply"}, {"index": 22, "attribution": -0.14134038984775543, "tweet_id": 525033935676653568, "text": "@rmdan_90 @BBCBreaking wow she got it going on", "type": "lower_reply"}, {"index": 15, "attribution": -0.1713383048772812, "tweet_id": 525041944968167425, "text": "@bobster31 @Antera13 Whats your point?  He was a Muslim.  Piss off.", "type": "lower_reply"}, {"index": 21, "attribution": -0.17233975231647491, "tweet_id": 525034653540155393, "text": "@BBCBreaking stand him up and shoot him again", "type": "direct_reply"}, {"index": 26, "attribution": -0.2070574015378952, "tweet_id": 525041072859537408, "text": "@Teknofish @Antera13 OK, Let me rephrase. The BBC reported the statement from the Canadian Govt. Did the statement say he was a Muslim?", "type": "lower_reply"}, {"index": 0, "attribution": -0.20829910039901733, "tweet_id": 525033278555033601, "text": "Gunman shot dead in #OttawaShootings named by US officials as 32-year-old, Canadian-born, Michael Zehaf-Bibeau http://t.co/VgpiGxW7P4", "type": "source"}, {"index": 1, "attribution": -0.21138852834701538, "tweet_id": 525033452362399744, "text": "@BBCBreaking US officials?", "type": "direct_reply"}, {"index": 13, "attribution": -0.26906296610832214, "tweet_id": 525037035594076160, "text": "@BBCBreaking Fuck him, he doesn't deserve the infamy.  Let's instead celebrate Cpl Nathan Cirillo #OttawaShooting", "type": "direct_reply"}, {"index": 9, "attribution": -0.3742910623550415, "tweet_id": 525035782898057216, "text": ".@RichardReese3 @BBCBreaking Wednesday is 'Hump' day.", "type": "lower_reply"}, {"index": 14, "attribution": -0.45131781697273254, "tweet_id": 525034533394321408, "text": "@BBCBreaking &gt; what was the religion he'd converter to again????", "type": "direct_reply"}]}