{"thread_id": "525057606151602176", "gold_label": 0, "predicted_label": 0, "tweet_attributions": [{"index": 0, "attribution": 0.3114359974861145, "tweet_id": 525057606151602176, "text": "VIDEO: Seconds after shooting Nathan Cirillo, #OttawaShooting suspect gets into car. http://t.co/tbPrMJhNu0", "type": "source"}, {"index": 2, "attribution": 0.034768763929605484, "tweet_id": 525059169498726400, "text": "\u201c@CBCTheNational: VIDEO: Seconds after shooting Nathan Cirillo, #OttawaShooting suspect gets into car. http://t.co/KuhYVZ5wOa\u201d", "type": "direct_reply"}, {"index": 1, "attribution": 0.019419897347688675, "tweet_id": 525059905875902465, "text": "RT @CBCTheNational: VIDEO: Seconds after shooting Nathan Cirillo, #OttawaShooting suspect gets into car http://t.co/KqHrr5qlfO #ISIS #Canada", "type": "direct_reply"}, {"index": 3, "attribution": 0.0024588850792497396, "tweet_id": 525059552614825984, "text": "@CBCTheNational then walked into the halls on #ParliamentHill unobstructed. #WhereWasOurNationalSecurity", "type": "direct_reply"}]}