{"thread_id": "525039686931075072", "gold_label": 0, "predicted_label": 0, "tweet_attributions": [{"index": 0, "attribution": 0.27622750401496887, "tweet_id": 525039686931075072, "text": "UPDATED: Soldier dead, 2 others injured in Parliament Hill siege; 1 gunman dead http://t.co/cVCQKEDlPo http://t.co/zUJUAATG5I", "type": "source"}, {"index": 8, "attribution": 0.026096949353814125, "tweet_id": 525039985922027520, "text": "@CP24 #OttawaShooting Aftermat Videos all vids copyright Paul Lauzon     http://t.co/geVRZDzB4Z", "type": "direct_reply"}, {"index": 5, "attribution": 0.014961641281843185, "tweet_id": 525040587985387520, "text": "@CP24 he's not just a soldier! He has a name. Honour him.", "type": "direct_reply"}, {"index": 7, "attribution": 0.002513848477974534, "tweet_id": 525049116972564481, "text": "@CP24 @Scooterissima why not go ahead and inflate to a blockade?", "type": "direct_reply"}, {"index": 3, "attribution": -0.00817013531923294, "tweet_id": 525048435146502144, "text": "@CP24 God bless Canada and keep us safe!", "type": "direct_reply"}, {"index": 6, "attribution": -0.022260574623942375, "tweet_id": 525043573197373440, "text": "@CP24 The fear on this mans face is so heartbreaking. So much respect for what these people do.", "type": "direct_reply"}, {"index": 2, "attribution": -0.03230908513069153, "tweet_id": 525055690013175808, "text": "\u201c@CP24: Soldier dead, 2 others injured in Parliament Hill siege; 1 gunman dead http://t.co/kbK6lQKob6 http://t.co/ogDijtc2sq\u201d #OttawaStrong", "type": "direct_reply"}, {"index": 4, "attribution": -0.04874370992183685, "tweet_id": 525041069856411648, "text": ". @CP24 great story", "type": "direct_reply"}, {"index": 1, "attribution": -0.05804264917969704, "tweet_id": 525042017844592640, "text": "@CP24  OH Canada we stand on guard for thee..no one can harm canada/canadians and remain safe", "type": "direct_reply"}]}