{"thread_id": "525071638464049152", "gold_label": 0, "predicted_label": 2, "tweet_attributions": [{"index": 0, "attribution": 0.24490119516849518, "tweet_id": 525071638464049152, "text": "Watch live: PM Stephen Harper expected to speak to the nation imminently on #OttawaShooting http://t.co/ypsERaEeOy @CBCNews #cdnpoli", "type": "source"}, {"index": 6, "attribution": 0.05341583117842674, "tweet_id": 525074889762304001, "text": "@CBCAlerts  \"Dear nation, I @pmharper have just authorized the #RCMP to turn #Canada into a militarized #PoliceState , welcome to #America \"", "type": "direct_reply"}, {"index": 3, "attribution": 0.03058830462396145, "tweet_id": 525097715873509376, "text": "@CBCAlerts @CBCNews @ButchBaydala Dear God, dont we see enough of the d.. head", "type": "direct_reply"}, {"index": 11, "attribution": 0.022459061816334724, "tweet_id": 525080582544719872, "text": "@CBCAlerts @CBCNews why? You skew everything, I prefer getting the straight facts. Your leftist garbage isn't welcome in my house.", "type": "direct_reply"}, {"index": 8, "attribution": 0.0180318932980299, "tweet_id": 525072230745534465, "text": "@CBCAlerts Your link prohibits viewing outside of Canada.  I'm successfully watching stream from US on http://t.co/cAEYsDIYQ7", "type": "direct_reply"}, {"index": 2, "attribution": 0.011650235392153263, "tweet_id": 525072728983109633, "text": "@CBCAlerts @CBCNews Jeeez, can he be on time for anything? Not what I would call \"prime-ministerial\"...", "type": "direct_reply"}, {"index": 9, "attribution": -0.009235844947397709, "tweet_id": 525072176249339904, "text": "@CBCAlerts @CBCNews when???", "type": "direct_reply"}, {"index": 7, "attribution": -0.021786948665976524, "tweet_id": 525073794289770497, "text": "@CBCAlerts @BenWinslow @CBCNews Thanks Ben for tweeting this.", "type": "direct_reply"}, {"index": 5, "attribution": -0.0325579009950161, "tweet_id": 525074505111457792, "text": "@CBCAlerts @CBCNews Yah he shot the wrong guy.", "type": "direct_reply"}, {"index": 4, "attribution": -0.03820403665304184, "tweet_id": 525072295233351680, "text": "@CBCAlerts We are the True North Strong &amp; Free http://t.co/wD1jKeLMD8", "type": "direct_reply"}, {"index": 10, "attribution": -0.03858453407883644, "tweet_id": 525077509252337664, "text": "@CBCAlerts @CBCNews what a freaking useless speech. No answers... just political spin. Harper is pretty useless", "type": "direct_reply"}, {"index": 1, "attribution": -0.07665105164051056, "tweet_id": 525077219748892673, "text": "@CBCAlerts @CBCNews wonder if Harper feels any responsibility 4 junking long-gun registry so that guy with criminal record was able to get 1", "type": "direct_reply"}]}