{"thread_id": "525033357722550272", "gold_label": 0, "predicted_label": 0, "tweet_attributions": [{"index": 0, "attribution": 0.23965643346309662, "tweet_id": 525033357722550272, "text": "@CBCNews has independently confirmed gunman killed in Parliament attack is Canadian-born Michael Zehaf-Bibeau.#OttawaShooting", "type": "source"}, {"index": 2, "attribution": 0.04749329760670662, "tweet_id": 525065153562574848, "text": "@CBCAlerts @CBCNews @cnni", "type": "direct_reply"}, {"index": 7, "attribution": 0.03856251388788223, "tweet_id": 525041340774907904, "text": "@CBCAlerts @CBCMontreal @CBCNews ; Why was it confirmed by CBS and CNN before CBC ?", "type": "direct_reply"}, {"index": 5, "attribution": -0.0062585752457380295, "tweet_id": 525060071471185920, "text": "@CBCAlerts @CBCNews Thanks for clarifying independently confirmed.", "type": "direct_reply"}, {"index": 4, "attribution": -0.025652674958109856, "tweet_id": 525049840599044096, "text": "@AcBailie @CBCAlerts @CBCNews #OttawaShooting stop using that piece of garbage's name. He's garbage. He's not human.", "type": "direct_reply"}, {"index": 6, "attribution": -0.03528338298201561, "tweet_id": 525033572273750017, "text": "@CBCAlerts @CBCNews independently confirmed with whom?\nThe same source as everyone else? From the US?", "type": "direct_reply"}, {"index": 1, "attribution": -0.046929340809583664, "tweet_id": 525036108422213632, "text": "@CBCAlerts @cbcJillDempsey @CBCNews many thanks to Sargent at arms for shoting that creep!", "type": "direct_reply"}, {"index": 3, "attribution": -0.07253216952085495, "tweet_id": 525034482957819904, "text": "@CBCAlerts @CBCNews Just a \"gunman\"? #whiteprivilege #thisisalsoTerrorism", "type": "direct_reply"}]}