{"thread_id": "525049639016615937", "gold_label": 0, "predicted_label": 0, "tweet_attributions": [{"index": 0, "attribution": 0.3398970067501068, "tweet_id": 525049639016615937, "text": "This is the soldier who died today at the #Ottawa War Memorial. His name is Cpl. Nathan Cirillo. #RIP #OttawaStrong http://t.co/vhPBPq5yYk", "type": "source"}, {"index": 6, "attribution": 0.031912628561258316, "tweet_id": 525052198586040321, "text": "@MaulerMauler If we know the name of the maniac, but not the name of its victim, we are failing... failing... utterly. @JessieFlagg1", "type": "direct_reply"}, {"index": 3, "attribution": 0.015318136662244797, "tweet_id": 525061861398806528, "text": "@MaulerMauler \nRIP Brother!!", "type": "direct_reply"}, {"index": 5, "attribution": 0.004941955674439669, "tweet_id": 525081032824209408, "text": "@MaulerMauler \nSo sorry for him &amp; his FAMILY.", "type": "direct_reply"}, {"index": 4, "attribution": 0.0014719715109094977, "tweet_id": 525063388934967298, "text": "@MaulerMauler @TheRemixLab R.I.P my condolences to his family", "type": "direct_reply"}, {"index": 1, "attribution": 0.0014342310605570674, "tweet_id": 525063566424936448, "text": "@MaulerMauler @TonyclementCPC @MaulerMauler: #RIP Cpl. Nathan Cirillo.", "type": "direct_reply"}, {"index": 2, "attribution": -0.048033419996500015, "tweet_id": 525053884029763585, "text": "@MaulerMauler So very sad. Thoughts and prayers for his wife, young son and family that are grieving at this sad, sad time.", "type": "direct_reply"}]}