{"thread_id": "525027539845410816", "gold_label": 0, "predicted_label": 2, "tweet_attributions": [{"index": 0, "attribution": 0.15018869936466217, "tweet_id": 525027539845410816, "text": "Canada investigating Michael Zehaf-Bibeau as possible suspect in Ottawa shooting: source. http://t.co/wDoVC3ro2V http://t.co/Futx84hFmU", "type": "source"}, {"index": 14, "attribution": 0.09131395071744919, "tweet_id": 525027871660982272, "text": "\u201c@Reuters: Canada investigating Michael Zehaf-Bibeau as possible suspect in Ottawa shooting: source. http://t.co/GID3LlIUiH @paobarquet", "type": "direct_reply"}, {"index": 13, "attribution": 0.06843555718660355, "tweet_id": 525080398456713216, "text": "@Madortz @Reuters @paobarquet we need to eliminate 'its' name from public record. Simply refer to this coward as a nameless thing", "type": "lower_reply"}, {"index": 16, "attribution": 0.04918142035603523, "tweet_id": 525040348629061632, "text": "@abdotaibi tks 4 the RT :-)", "type": "lower_reply"}, {"index": 19, "attribution": 0.043050363659858704, "tweet_id": 525030051583389696, "text": "@JHowardSmith1 @Reuters not in the slightest", "type": "lower_reply"}, {"index": 10, "attribution": 0.041432980448007584, "tweet_id": 525043359241359360, "text": "@abdotaibi @JHowardSmith1 @CraigFowler4 @Reuters I'm surprised you didn't tell everyone how Islam is the religion of peace. Lies exposed", "type": "lower_reply"}, {"index": 6, "attribution": 0.03495601564645767, "tweet_id": 525047431885369345, "text": "@Reuters Canadian response team touch each other's shoulders so a sniper can pace his shots easier.", "type": "direct_reply"}, {"index": 15, "attribution": 0.03132528439164162, "tweet_id": 525043773646987264, "text": "@leobrag123 @JHowardSmith1 @CraigFowler4 @Reuters \ni don't have time to argue with douchebag", "type": "lower_reply"}, {"index": 20, "attribution": 0.01926424913108349, "tweet_id": 525039639287967744, "text": "@leobrag123 @JHowardSmith1 @CraigFowler4 @Reuters \nI am not ISIS lover ass hole", "type": "lower_reply"}, {"index": 17, "attribution": 0.018037589266896248, "tweet_id": 525038497522937856, "text": "@abdotaibi @JHowardSmith1 @CraigFowler4 @Reuters settle down ISIS lover, we have evidence:\n\n http://t.co/r2Vi9aZ7UB", "type": "lower_reply"}, {"index": 5, "attribution": 0.017458099871873856, "tweet_id": 525028545278791683, "text": "@Reuters So... Maybe this kid had issues.", "type": "direct_reply"}, {"index": 9, "attribution": 0.01012504193931818, "tweet_id": 525044694833561604, "text": "@abdotaibi @JHowardSmith1 @CraigFowler4 @Reuters u said he wasn't Muslim because his name was Michael? Do research 1st\n\nMichael Zehaf-Bibeau", "type": "lower_reply"}, {"index": 7, "attribution": 0.009418278001248837, "tweet_id": 525029518134632449, "text": "@Reuters why not mention the shooter was an Islamic follower", "type": "direct_reply"}, {"index": 2, "attribution": 0.00886881910264492, "tweet_id": 525029171874238465, "text": "@Reuters...Canada you're in my prayer...Canada means alot to mean...Debbie be strong", "type": "direct_reply"}, {"index": 3, "attribution": 0.008161282166838646, "tweet_id": 525028914142662656, "text": "@Reuters muchos locos sueltos ahora todo por region la mayoria de veces", "type": "direct_reply"}, {"index": 12, "attribution": 0.007444963324815035, "tweet_id": 525030330861125632, "text": "@Reuters President Obama and Hillary Clinton would say this was because of a video", "type": "direct_reply"}, {"index": 4, "attribution": 0.005903929006308317, "tweet_id": 525031938784903168, "text": "MT @Reuters: Police investigate Michael Zehaf-Bibeau as suspect in Ottawa shooting: source http://t.co/QVboqvv4ee http://t.co/A4sZyWly7W", "type": "direct_reply"}, {"index": 18, "attribution": -0.0025238171219825745, "tweet_id": 525028121444360194, "text": "@Reuters \u0647\u0647\u0647\u0647\u0647 \u0644\u064a\u0634 \u0648\u0644\u064a\u062f \u0627\u0644\u0641\u0631\u0627\u062c \u0645\u062a\u0627\u0628\u0639 \u0647\u0627\u0644\u062d\u0633\u0627\u0628 \u061f @Question_arab", "type": "direct_reply"}, {"index": 8, "attribution": -0.004844233859330416, "tweet_id": 525033234577387521, "text": "@JHowardSmith1 @CraigFowler4 @Reuters \nA muslim and his name is Michael That is surprising", "type": "lower_reply"}, {"index": 11, "attribution": -0.007437439169734716, "tweet_id": 525027893278441472, "text": "@Reuters its a strange surname, what region does it represent?", "type": "direct_reply"}, {"index": 1, "attribution": -0.009163325652480125, "tweet_id": 525028118915211265, "text": "@Reuters \u0647\u0647\u0647\u0647\u0647\u0647 \u0648\u0631\u0628\u064a \u062d\u0633\u0627\u0628 \u0639\u062c\u064a\u0628 \u0634\u0648\u0641\u0648\u0622 \u0628\u0627\u0644\u0644\u0647 - @Question_arab", "type": "direct_reply"}]}