{"thread_id": "525068915068923904", "gold_label": 0, "predicted_label": 0, "tweet_attributions": [{"index": 0, "attribution": 0.43834730982780457, "tweet_id": 525068915068923904, "text": "***EXCLUSIVE*** Michael Zahaf-Bibeau caught on a #DASHCAM model sold at http://t.co/62s1bT3ecH #OttawaShooting http://t.co/LpnqAKsHZw", "type": "source"}, {"index": 3, "attribution": 0.07379399985074997, "tweet_id": 525834551239524353, "text": "@AdamGuerbuez followed you because of this", "type": "direct_reply"}, {"index": 2, "attribution": -0.034288469702005386, "tweet_id": 525070724403564544, "text": "@AdamGuerbuez lone Wolf", "type": "direct_reply"}, {"index": 1, "attribution": -0.04186348244547844, "tweet_id": 525882599294517248, "text": "@DebeeRapp Thx!", "type": "lower_reply"}]}