{"thread_id": "525052332116312064", "gold_label": 2, "predicted_label": 0, "tweet_attributions": [{"index": 0, "attribution": 0.3344038426876068, "tweet_id": 525052332116312064, "text": "Official: All 3 patients injured in Ottawa shootings have been released from hospital - @OttawaHospital http://t.co/aF9HyT9BgX", "type": "source"}, {"index": 5, "attribution": 0.02759668417274952, "tweet_id": 525054640967004160, "text": "@BreakingNews @OttawaHospital Glad they are all right.", "type": "direct_reply"}, {"index": 1, "attribution": -0.002222481882199645, "tweet_id": 525052566665588736, "text": "@BreakingNews @OttawaHospital praise God", "type": "direct_reply"}, {"index": 6, "attribution": -0.013598624616861343, "tweet_id": 525054812207849475, "text": "@BreakingNews @OttawaHospital http://t.co/cTD6A5mCWV", "type": "direct_reply"}, {"index": 3, "attribution": -0.018344948068261147, "tweet_id": 525057300415803393, "text": "@BreakingNews @OttawaHospital Good to hear, and God bless. Could have been so much worse.", "type": "direct_reply"}, {"index": 2, "attribution": -0.02857663482427597, "tweet_id": 525541369436459008, "text": "@BreakingNews Follow Official account @Riconymous", "type": "direct_reply"}, {"index": 4, "attribution": -0.05035727843642235, "tweet_id": 525063975243771904, "text": "@BreakingNews @OttawaHospital 3 month old baby also killed by terrorists today in Jerusalem. Palestinian rammed car into a bus stop.", "type": "direct_reply"}]}