{"thread_id": "525035564014526464", "gold_label": 2, "predicted_label": 2, "tweet_attributions": [{"index": 6, "attribution": 1.8427482843399048, "tweet_id": 525036024406081538, "text": "@washingtonpost Really?  The idiot was a recent Muslim convert....of course it was.", "type": "direct_reply"}, {"index": 7, "attribution": 1.5583115816116333, "tweet_id": 525037001435672576, "text": "@Raynsb @washingtonpost I certainly hope you're being sarcastic", "type": "lower_reply"}, {"index": 15, "attribution": 0.7883509993553162, "tweet_id": 525036393655848960, "text": "@TXHolyWarrior @washingtonpost these guys are usually right wing extremists. Almost always. I mean one time 25 yrs ago do you remember?", "type": "lower_reply"}, {"index": 9, "attribution": 0.3917236328125, "tweet_id": 525035950213066752, "text": "@washingtonpost What do they know ? Case closed Work place violence", "type": "direct_reply"}, {"index": 8, "attribution": 0.3829549252986908, "tweet_id": 525037245385179136, "text": "@washingtonpost as opposed to a right wing gun nut, makes  a huge difference", "type": "direct_reply"}, {"index": 2, "attribution": 0.30697745084762573, "tweet_id": 525036375020949504, "text": "\u201c@washingtonpost: FBI working with Canadian authorities to determine if Ottawa shooting was an act of terrorism http://t.co/3XwdXGcMzK\u201d", "type": "direct_reply"}, {"index": 1, "attribution": 0.2886376678943634, "tweet_id": 525036058220969984, "text": "\u201c@washingtonpost: FBI working with Canadian authorities to determine if Ottawa shooting was an act of terrorism, FBI are you fucking kidding", "type": "direct_reply"}, {"index": 3, "attribution": 0.2715601623058319, "tweet_id": 525039261888679936, "text": "@rickkasay @washingtonpost fairly sure most terrorists are right wing gun nuts", "type": "lower_reply"}, {"index": 13, "attribution": 0.23627139627933502, "tweet_id": 525040207994056704, "text": "@washingtonpost really ???? Isn't it apparent", "type": "direct_reply"}, {"index": 16, "attribution": 0.07573222368955612, "tweet_id": 525038412168835072, "text": "@washingtonpost @canuck2usa really? you guys are dumber then dirt.", "type": "direct_reply"}, {"index": 17, "attribution": 0.06897114962339401, "tweet_id": 525037317376184323, "text": "\"@washingtonpost: FBI working with Canadian authorities to determine if Ottawa shooting was an act of terrorism http://t.co/DOLAvzVoaI\"", "type": "direct_reply"}, {"index": 0, "attribution": 0.035616397857666016, "tweet_id": 525035564014526464, "text": "FBI working with Canadian authorities to determine if Ottawa shooting was an act of terrorism http://t.co/oDy7eSbgFn", "type": "source"}, {"index": 18, "attribution": 0.01582982949912548, "tweet_id": 525037397868699648, "text": "@washingtonpost @markberman  @JulieBishopMP says it has all the marks of a terrorist attack Canadians say  their unsure shoot first Julie ?", "type": "direct_reply"}, {"index": 11, "attribution": -0.06386173516511917, "tweet_id": 525066302939856896, "text": "@TXHolyWarrior @washingtonpost WP: \"Now lets not rush to any judgements, we'll release a story of the investigation-After we are BANKRUPT!", "type": "lower_reply"}, {"index": 5, "attribution": -0.09969664365053177, "tweet_id": 525038024451555328, "text": "@TXHolyWarrior @washingtonpost but I'm watching msnbc they told me it's likely a crazy white guy with a Canadian name", "type": "lower_reply"}, {"index": 10, "attribution": -0.14637143909931183, "tweet_id": 525037731307458560, "text": "@TXHolyWarrior @washingtonpost #sarcasmfontneeded but yes", "type": "lower_reply"}, {"index": 12, "attribution": -0.2669980227947235, "tweet_id": 525036470411984897, "text": "@washingtonpost How is this already not a terrorist incident? What is an act of terrorism? I don't get it..", "type": "direct_reply"}, {"index": 14, "attribution": -0.3515561819076538, "tweet_id": 525040347466842112, "text": "@washingtonpost Sorry for the loss of live in Canada.", "type": "direct_reply"}, {"index": 4, "attribution": -0.6625276803970337, "tweet_id": 525036859186237440, "text": "@washingtonpost the FBI ?  well, then it will end up being classified as:  workplace violence.", "type": "direct_reply"}]}