{"thread_id": "525023912221212672", "gold_label": 0, "predicted_label": 2, "tweet_attributions": [{"index": 14, "attribution": 3.2386891841888428, "tweet_id": 525024859261513728, "text": "@Reuters @_DarkMavis That sounds very Muslim-ish.", "type": "direct_reply"}, {"index": 12, "attribution": 1.049168348312378, "tweet_id": 525036400690102273, "text": "@wopthedo @Reuters @_DarkMavis Muslims do not share a common language.", "type": "lower_reply"}, {"index": 10, "attribution": 0.7061404585838318, "tweet_id": 525024462828498945, "text": "@Reuters \u0627\u0646\u062a \u062c\u0627\u0647\u0644 \u061f \u062a\u0628\u064a \u062a\u0635\u064a\u0631 \u0645\u062b\u0642\u0641 \u061f \u062a\u0639\u0627\u0644 \u0647\u0646\u0627 @Question_arab", "type": "direct_reply"}, {"index": 16, "attribution": 0.3440908193588257, "tweet_id": 525030660394999808, "text": "@Reuters President Obama and Hillary Clinton would say this attack was because of a video", "type": "direct_reply"}, {"index": 11, "attribution": 0.23602394759655, "tweet_id": 525036303557984256, "text": "@wopthedo @Reuters @_DarkMavis Oh yes, the first name after an archangel and the French family name Bibeau are so typically Muslim.../s", "type": "lower_reply"}, {"index": 1, "attribution": 0.13964511454105377, "tweet_id": 525025173141876738, "text": "@Reuters @MissAlieNicole Yep possible suspect. It's not like he was killed in the act or anything. What about KNOWN PERPETRATOR?", "type": "direct_reply"}, {"index": 15, "attribution": 0.12277794629335403, "tweet_id": 525024467152797698, "text": "@Reuters \u0645\u0646 \u0627\u0641\u0636\u0644 \u0627\u0644\u062d\u0633\u0627\u0628\u0627\u062a \u0628\u062a\u0648\u064a\u062a\u0631 \u0627\u0633\u0626\u0644\u0629 \u0648\u062a\u0641\u0627\u0639\u0644 - @Question_arab", "type": "direct_reply"}, {"index": 9, "attribution": 0.06903927773237228, "tweet_id": 525028228743069697, "text": "@Reuters @AC360@cnnnews", "type": "direct_reply"}, {"index": 2, "attribution": 0.05962808430194855, "tweet_id": 525039657503821825, "text": "@Reuters Looks like the Arabs reacting to this tweet are inviting more people to join Islamic state.", "type": "direct_reply"}, {"index": 6, "attribution": 0.004331060219556093, "tweet_id": 525024126814003201, "text": "@Reuters time for a sidewalk sandwich for all terrorists", "type": "direct_reply"}, {"index": 8, "attribution": -0.06723754853010178, "tweet_id": 525025686193713152, "text": "@bi2007asm @Zeinobia @Reuters @Question_arab \u0627\u0628\u064a \u064a\u0646\u0644\u062d\u0633 \u0645\u062e\u064a", "type": "lower_reply"}, {"index": 5, "attribution": -0.10646485537290573, "tweet_id": 525025966557777920, "text": "@Reuters \nCanada has strict gun control. Easy pickin for terrorists who will then have not just the southern border but the northern as well", "type": "direct_reply"}, {"index": 3, "attribution": -0.11532855778932571, "tweet_id": 525038078625210368, "text": "@PatrickAchtelik @Reuters @_DarkMavis Eh? Who said they did? And with whom?", "type": "lower_reply"}, {"index": 4, "attribution": -0.14487098157405853, "tweet_id": 525037454097936384, "text": "@PatrickAchtelik @Reuters @_DarkMavis French Canadian.  You seem to be up on archangels. Can you explain the double-barrelled name?", "type": "lower_reply"}, {"index": 7, "attribution": -0.2194482684135437, "tweet_id": 525024901636571136, "text": "@Reuters find the bastard and put a bullet in his head", "type": "direct_reply"}, {"index": 13, "attribution": -0.2429061084985733, "tweet_id": 525025424229662720, "text": "@Reuters I don't find this very surprising unfortunately...", "type": "direct_reply"}, {"index": 0, "attribution": -0.9335440993309021, "tweet_id": 525023912221212672, "text": "BREAKING: Canada police investigating Michael Zehaf-Bibeau as possible suspect in Ottawa shooting: source familiar with matter", "type": "source"}]}