{"thread_id": "525042177643016192", "gold_label": 0, "predicted_label": 2, "tweet_attributions": [{"index": 22, "attribution": 1.8628937005996704, "tweet_id": 525050788562087936, "text": "@RPjetrovic you unfortunately wouldn't  see the truth, even if it hit your face as a brick. Sad that one can be so dismal", "type": "lower_reply"}, {"index": 11, "attribution": 1.8464545011520386, "tweet_id": 525043329634156544, "text": "@CNNSitRoom @CNN and WE know Barack  Al Hussein Obama  (islam in chief) wont do anything trully effective against him. #fatwathis", "type": "direct_reply"}, {"index": 3, "attribution": 1.8375868797302246, "tweet_id": 525051932411707393, "text": "@isaiahdmason I see your a pro at being a pro .....hardcore right wing nut much?", "type": "lower_reply"}, {"index": 9, "attribution": 1.2278721332550049, "tweet_id": 525052885634392064, "text": "@RPjetrovic right, left, etc.neither ... i don't go with anything other than my own research, and education. Perception of place is moot.", "type": "lower_reply"}, {"index": 4, "attribution": 1.1571797132492065, "tweet_id": 525049690820460544, "text": "@isaiahdmason Obama isn't Muslim ... Easy to say but not the case.", "type": "lower_reply"}, {"index": 12, "attribution": 0.7573403716087341, "tweet_id": 525055414636122112, "text": "@RPjetrovic im fine with long and well established  contacts. Own ground work outside of msm. I suggest more tact, if you plan to insult.", "type": "lower_reply"}, {"index": 13, "attribution": 0.5516752600669861, "tweet_id": 525054619106684929, "text": "@isaiahdmason and that's fine.... Hell that's the only way to go about it ... Research .. False facts .... U do know the difference right?", "type": "lower_reply"}, {"index": 5, "attribution": 0.37218138575553894, "tweet_id": 525045511511109632, "text": "\u201c@CNNSitRoom: #BREAKING Sources tell @CNN Michael Zehaf-Bibeau is shooter in #OttawaShooting http://t.co/qUkuWAXFHu http://t.co/2SbysaM1VB\u201d", "type": "direct_reply"}, {"index": 20, "attribution": 0.33653971552848816, "tweet_id": 525045068252454913, "text": "@isaiahdmason @CNNSitRoom @CNN you're ignorant as fuck", "type": "lower_reply"}, {"index": 1, "attribution": 0.29114726185798645, "tweet_id": 525048851695435776, "text": "@CNNSitRoom @CNN Just a reminder: @wolfblitzer is a former #AIPAC spokesman. That should tell you all you need to know about #CNN.", "type": "direct_reply"}, {"index": 10, "attribution": 0.24396152794361115, "tweet_id": 525047287719149568, "text": "@CNNSitRoom @CNN of\nCourse.", "type": "direct_reply"}, {"index": 8, "attribution": 0.21460866928100586, "tweet_id": 525044442043277312, "text": "@rashadalaiyan @CNNSitRoom  it does not matter. If you recall accurately now, Obama has focused on other countries  and neglected  America", "type": "lower_reply"}, {"index": 21, "attribution": 0.18873120844364166, "tweet_id": 525043845294067712, "text": "@isaiahdmason @CNNSitRoom @CNN It happened in Canada smart guy", "type": "lower_reply"}, {"index": 7, "attribution": 0.14018210768699646, "tweet_id": 525051623987372034, "text": "@CNNSitRoom @CNN ray charles, daredevil &amp; stevie wonder saw this coming! Yall narratives are so routine that it's sickening", "type": "direct_reply"}, {"index": 16, "attribution": 0.13768337666988373, "tweet_id": 525045314655232001, "text": "@CNNSitRoom @NatSecCNN @CNN Suspect's passprt seizd aftr designatd \u201chigh-risk travellr\u201d, like Martin Rouleau-Couture. http://t.co/IVynjArmts", "type": "direct_reply"}, {"index": 14, "attribution": 0.13031920790672302, "tweet_id": 525046784444624896, "text": "@isaiahdmason @CNNSitRoom @CNN I converted to Islam yesterday ... I'm not shooting anybody's ... Chance this guy is just a nut?", "type": "lower_reply"}, {"index": 0, "attribution": -0.024490954354405403, "tweet_id": 525042177643016192, "text": "#BREAKING Multiple sources tell @CNN Michael Zehaf-Bibeau is likely shooter in #OttawaShooting http://t.co/vyE1ELmgat http://t.co/75S43JqeAU", "type": "source"}, {"index": 2, "attribution": -0.06262803822755814, "tweet_id": 525052262759272448, "text": "@isaiahdmason lol yes he speaks clear english I do understand.", "type": "lower_reply"}, {"index": 6, "attribution": -0.06295537203550339, "tweet_id": 525048614356131840, "text": "@CNNSitRoom @CNN Thanks 4 once again linking \"Islam\" &amp; \"violence\" in viewer's minds &amp; therefore implying one caused the other, you assholes.", "type": "direct_reply"}, {"index": 18, "attribution": -0.22224237024784088, "tweet_id": 525051102598029312, "text": "@isaiahdmason and please ... Enlighten me and teach me knowledge oh wise one.", "type": "lower_reply"}, {"index": 19, "attribution": -0.2405834197998047, "tweet_id": 525051780770828289, "text": "@RPjetrovic listen to his own words. Watch him in mosques, citing the quran. \"Should the political winds shift, i will stand with islam\"", "type": "lower_reply"}, {"index": 15, "attribution": -0.3570908010005951, "tweet_id": 525051281728372736, "text": "@isaiahdmason facts ? ... Or any other legitimate accusation ?", "type": "lower_reply"}, {"index": 17, "attribution": -0.4713626801967621, "tweet_id": 525044959477374976, "text": "The #assassin was of #Algerian #decent, likely #Muslim @CNNSitRoom @NatSecCNN @CNN #OttawaShooting", "type": "direct_reply"}]}