{"thread_id": "525038517844709376", "gold_label": 0, "predicted_label": 0, "tweet_attributions": [{"index": 0, "attribution": 0.27951985597610474, "tweet_id": 525038517844709376, "text": "RIP Cpl Nathan Cirillo... Canada will always remember you. #OttawaShooting http://t.co/XPXQRCIH4w", "type": "source"}, {"index": 5, "attribution": 0.03576255217194557, "tweet_id": 525040924804808704, "text": "\u201c@ChakerKhazaal: RIP Cpl Nathan Cirillo... Canada will always remember you. #OttawaShooting http://t.co/WKKsid8nK0\u201d #CAHERO", "type": "direct_reply"}, {"index": 1, "attribution": 0.017743784934282303, "tweet_id": 525041307421794304, "text": "\u201c@ChakerKhazaal: RIP Cpl Nathan Cirillo... Canada will always remember you. #OttawaShooting http://t.co/oCtkc080J7\u201d Tragic.", "type": "direct_reply"}, {"index": 4, "attribution": 0.01628694124519825, "tweet_id": 525052549087649792, "text": "\u201c@ChakerKhazaal: RIP Cpl Nathan Cirillo... Canada will always remember you. #OttawaShooting http://t.co/Wn5YJsEO0P\u201d rest in peace \ud83d\ude14\ud83c\udf41\ud83d\udc94", "type": "direct_reply"}, {"index": 3, "attribution": -0.0005764722591266036, "tweet_id": 525049342382850048, "text": "\u201c@ChakerKhazaal: RIP Cpl Nathan Cirillo... Canada will always remember you. #OttawaShooting http://t.co/Z8xZ6kjKl4\u201d http://t.co/QoBWthvTE9", "type": "direct_reply"}, {"index": 2, "attribution": -0.04674721136689186, "tweet_id": 525041617909321728, "text": "@ChakerKhazaal This is tragic.", "type": "direct_reply"}]}