{"thread_id": "525051365195014144", "gold_label": 2, "predicted_label": 0, "tweet_attributions": [{"index": 0, "attribution": 0.4148675501346588, "tweet_id": 525051365195014144, "text": "All 3 patients injured in #OttawaShooting released from hospital: #Ottawa Hospital spokesperson. #cdnpoli", "type": "source"}, {"index": 4, "attribution": 0.03776756301522255, "tweet_id": 525056569872904192, "text": "@CBCAlerts @CBCNews Investigators: This was an false flag, full of crisis actors and for the benefit of the police state, victim id'd 2soon", "type": "direct_reply"}, {"index": 1, "attribution": 0.023286232724785805, "tweet_id": 525052520121368576, "text": "Patients injured in this morning's #OttawaShooting released from hospital Source: @CBCAlerts @CBCNews", "type": "direct_reply"}, {"index": 3, "attribution": -0.02066640928387642, "tweet_id": 525051468597174273, "text": "3 bless\u00e9s lib\u00e9r\u00e9s \u201c@CBCAlerts: All 3 patients injured in #OttawaShooting released from hospital: #Ottawa Hospital spokesperson. #cdnpoli\u201d", "type": "direct_reply"}, {"index": 2, "attribution": -0.0553203783929348, "tweet_id": 525052014880124928, "text": "@CBCAlerts That is good.", "type": "direct_reply"}]}