{"thread_id": "525030963781595136", "gold_label": 0, "predicted_label": 0, "tweet_attributions": [{"index": 0, "attribution": 0.2953949272632599, "tweet_id": 525030963781595136, "text": "Soldier killed in #OttawaShooting identified as Cpl. Nathan Cirillo (via @globeandmail) http://t.co/WL4Fs1H9Z2 http://t.co/wKV8KFaX73", "type": "source"}, {"index": 3, "attribution": 0.03905969858169556, "tweet_id": 525033768382627840, "text": "@nypost @globeandmail Now he is protecting and protected by the other #ANGELS so sad RIP", "type": "direct_reply"}, {"index": 4, "attribution": 0.026418514549732208, "tweet_id": 525032948412977152, "text": "@nypost @globeandmail Sad :(", "type": "direct_reply"}, {"index": 11, "attribution": 0.022508403286337852, "tweet_id": 525048823039938560, "text": "@nypost @globeandmail rest in peace.", "type": "direct_reply"}, {"index": 10, "attribution": 0.004542713053524494, "tweet_id": 525107095604310017, "text": "@nypost RIP", "type": "direct_reply"}, {"index": 2, "attribution": 0.0044591049663722515, "tweet_id": 525060034913648640, "text": "@nypost:Soldier killed #OttawaShooting is Cpl.Nathan Cirillo(via @globeandmail)http://t.co/Ti3Sckjdac http://t.co/K9QqQOgQIl the madness", "type": "direct_reply"}, {"index": 13, "attribution": -0.008426270447671413, "tweet_id": 525045415591550976, "text": "@nypost @globeandmail Sad for his family and dog", "type": "direct_reply"}, {"index": 12, "attribution": -0.014645365066826344, "tweet_id": 525032140229312512, "text": "@nypost @globeandmail heartbreaking.", "type": "direct_reply"}, {"index": 6, "attribution": -0.015647154301404953, "tweet_id": 525067202945617920, "text": "@nypost @globeandmail this man's family is in my thoughts tonight.", "type": "direct_reply"}, {"index": 8, "attribution": -0.017803102731704712, "tweet_id": 525035973336633345, "text": "@nypost @globeandmail Deepest condolences  and prayers to his family. Such senseless violence! \ud83d\ude4f", "type": "direct_reply"}, {"index": 9, "attribution": -0.022835901007056236, "tweet_id": 525048760712577024, "text": "@nypost @globeandmail god damn the Muslim that killed him", "type": "direct_reply"}, {"index": 7, "attribution": -0.029152626171708107, "tweet_id": 525034183870414849, "text": "@nypost @globeandmail Thank you Cpl Cirillo for standing guard at Tomb of Unknown Soldier. We will never forget. We Stand to Remember You.", "type": "direct_reply"}, {"index": 14, "attribution": -0.02931966632604599, "tweet_id": 525031959097929730, "text": "@nypost @globeandmail Om Ami Dewa Hrih", "type": "direct_reply"}, {"index": 1, "attribution": -0.03263485059142113, "tweet_id": 525033422360961024, "text": "@nypost @flyingj50 @globeandmail my condolences to his family and his friends. BZ Cpl.... You will not be forgotten.", "type": "direct_reply"}, {"index": 5, "attribution": -0.054455533623695374, "tweet_id": 525045900222398465, "text": "@nypost @globeandmail His dog will also miss him very much.", "type": "direct_reply"}]}