{"thread_id": "525025329916948481", "gold_label": 0, "predicted_label": 0, "tweet_attributions": [{"index": 0, "attribution": 0.3612257242202759, "tweet_id": 525025329916948481, "text": "#BREAKING: Soldier shot dead in Ottawa attack identified as Hamilton, Ontario-based reservist Cpl. Nathan Cirillo. #OttawaShooting", "type": "source"}, {"index": 4, "attribution": 0.02793234772980213, "tweet_id": 525025689352024066, "text": "@CTVNews. Name should not have been released, shame", "type": "direct_reply"}, {"index": 5, "attribution": 0.024516068398952484, "tweet_id": 525027036939943936, "text": "@CTVNews @stefankeyesCTV @dmck1nn", "type": "direct_reply"}, {"index": 6, "attribution": -0.01578095369040966, "tweet_id": 525026268836683776, "text": "@CTVNews @CTVVancouver why release the name? Why?", "type": "direct_reply"}, {"index": 2, "attribution": -0.02049335651099682, "tweet_id": 525025839587786753, "text": "@CTVNews @CTVToronto What the fuck....", "type": "direct_reply"}, {"index": 1, "attribution": -0.020593108609318733, "tweet_id": 525026421786574848, "text": "@CTVNews @CTVVancouver Thank you for releasing the name of the murdered victim as he was doing a symbolic duty honoring our War dead UNARMED", "type": "direct_reply"}, {"index": 7, "attribution": -0.06548213213682175, "tweet_id": 525026360067358720, "text": "@CTVNews @CTVBarrieNews His rifle was likely non-functional and/or without ammunition.", "type": "direct_reply"}, {"index": 3, "attribution": -0.09857066720724106, "tweet_id": 525026302504353792, "text": "@CTVNews oh no that bad day what happene in Ottwer", "type": "direct_reply"}]}