{"thread_id": "525002243100401664", "gold_label": 2, "predicted_label": 2, "tweet_attributions": [{"index": 3, "attribution": 3.507815361022949, "tweet_id": 525007623297695745, "text": "@ABC @GoVols37872 @LMartinezABC I hope they give US soldiers ammo to protect themselves. Reports Canadian soldiers had no ammo :(", "type": "direct_reply"}, {"index": 5, "attribution": 1.1788171529769897, "tweet_id": 525007943063072768, "text": "@iguestinfo @ABC @GoVols37872 @LMartinezABC ...more liberal lunacy...", "type": "lower_reply"}, {"index": 8, "attribution": 0.9246540665626526, "tweet_id": 525008592449974272, "text": "@iguestinfo @ABC @LMartinezABC Ammo? Thanks to the LWNJ Clinton regime, our soldiers dont get guns, much less ammo.", "type": "lower_reply"}, {"index": 1, "attribution": 0.36596348881721497, "tweet_id": 525013042002530304, "text": "@ABC @LMartinezABC whoes in that tomb?? Why protect someone or something who is already dead!!??", "type": "direct_reply"}, {"index": 6, "attribution": 0.3572864532470703, "tweet_id": 525004608662290432, "text": "@ABC @LMartinezABC Seems like an odd thing to do. If the #OttawaShooting is a #lonewolf, than other attacks would not, could not occur.", "type": "direct_reply"}, {"index": 2, "attribution": 0.3059673011302948, "tweet_id": 525004706759061504, "text": "@ABC @whpresscorps @LMartinezABC \nLet's arm the soldiers and put them in combat gear!", "type": "direct_reply"}, {"index": 11, "attribution": 0.19486838579177856, "tweet_id": 525009706038071296, "text": "@GoVols37872 @ABC @LMartinezABC It is ridiculous that our enemies understand our military weaknesses but most American do not", "type": "lower_reply"}, {"index": 12, "attribution": 0.04152530059218407, "tweet_id": 525008208457654272, "text": "@Jbrock130 complete lunacy, if you can't trust soldiers with a couple bullets, we are all screwed @ABC @GoVols37872 @LMartinezABC", "type": "lower_reply"}, {"index": 10, "attribution": 0.02113557793200016, "tweet_id": 525018419612377089, "text": "@riker17 @ABC @LMartinezABC not really that odd. Would rather take the precaution than not.", "type": "lower_reply"}, {"index": 4, "attribution": 0.0033109160140156746, "tweet_id": 525018880847380480, "text": "@melingsm @ABC @LMartinezABC are you being serious??", "type": "lower_reply"}, {"index": 9, "attribution": -0.13846541941165924, "tweet_id": 525002458876379138, "text": "RT @ABC: US Army increases security at Tomb of the Unknown Soldier at Arlington Nat'l Cemetery as preca      (cont) http://t.co/IlpWbZFCNF", "type": "direct_reply"}, {"index": 7, "attribution": -0.19414369761943817, "tweet_id": 525002554636529664, "text": "@ABC @LMartinezABC http://t.co/eBBn0WpL4k", "type": "direct_reply"}, {"index": 0, "attribution": -0.5087680220603943, "tweet_id": 525002243100401664, "text": "US Army increases security at Tomb of the Unknown Soldier at Arlington Nat'l Cemetery as precaution due to Ottawa shootings - @LMartinezABC", "type": "source"}]}