{"thread_id": "525028522361114625", "gold_label": 0, "predicted_label": 2, "tweet_attributions": [{"index": 13, "attribution": 1.907680630683899, "tweet_id": 525035290868449280, "text": "A free man from a free country MT @CBCNews: Nathan Cirillo, reservist from Hamilton\nhttp://t.co/ZgiaDddrr2 http://t.co/dBQFlfts92", "type": "direct_reply"}, {"index": 3, "attribution": 0.6922314763069153, "tweet_id": 525031338009587712, "text": "Awful...\u201c@CBCNews: Ottawa shooting: Nathan Cirillo, reservist from Hamilton, killed in attack\nhttp://t.co/vBshT0vA0d http://t.co/Ew0wFghqJz\u201d", "type": "direct_reply"}, {"index": 16, "attribution": 0.5117058753967285, "tweet_id": 525030347978047488, "text": "\u201c@CBCNews: Ottawa shooting: Nathan Cirillo, reservist from Hamilton, killed in attack\nhttp://t.co/iPtISQdOxe http://t.co/vCllFzxp0y\u201d RIP", "type": "direct_reply"}, {"index": 17, "attribution": 0.2565746307373047, "tweet_id": 525032238501855234, "text": "@CBCNews I'm a bit disappointed that the media reported without respect for the family to be contacted 1st. Just to get hits on websites?", "type": "direct_reply"}, {"index": 2, "attribution": 0.17316891252994537, "tweet_id": 525081668009226241, "text": "@JhnHrmn Nope, just appreciation for a citizen who died wearing the colors of a great country", "type": "lower_reply"}, {"index": 18, "attribution": 0.16350039839744568, "tweet_id": 525034802085253120, "text": "@marcellealeid i was watching the news &amp; didnt really get it . i wonder who shot him &amp; why .", "type": "lower_reply"}, {"index": 10, "attribution": 0.14915607869625092, "tweet_id": 525033579555069952, "text": "@CBCNews RIP, condolences to his family at this time.", "type": "direct_reply"}, {"index": 6, "attribution": 0.08478923887014389, "tweet_id": 525078038699323392, "text": "@GabrielRossman is that line a classical reference?", "type": "lower_reply"}, {"index": 11, "attribution": 0.07687036693096161, "tweet_id": 525029567384129536, "text": "\u201c@CBCNews: Ottawa shooting: Nathan Cirillo, reservist from Hamilton, killed in attack\nhttp://t.co/q6zfvKqRKw http://t.co/69QwHL1wdC\u201dSo Sad!!", "type": "direct_reply"}, {"index": 15, "attribution": 0.066254623234272, "tweet_id": 525036828077072386, "text": "@someoneinalain it was two guys one was shot and the other ran away, they didn't unveil their identity yet!", "type": "lower_reply"}, {"index": 12, "attribution": 0.05912374332547188, "tweet_id": 525037701905805312, "text": "@CBCNews @LibertyBelleCJL What a shame. A very handsome young man. May he rest in peace. \ud83d\ude4f", "type": "direct_reply"}, {"index": 7, "attribution": 0.04543163254857063, "tweet_id": 525030005211140096, "text": "@CBCNews Rest in peace, Cpl. Cirillo...thank you for your service. #OttawaShooting", "type": "direct_reply"}, {"index": 9, "attribution": 0.03795691579580307, "tweet_id": 525030342067888129, "text": "@CBCNews @VitoBagofDonuts Sad, sad, sad.  RIP", "type": "direct_reply"}, {"index": 14, "attribution": -0.04042104631662369, "tweet_id": 525099716162629634, "text": "@MarketingRxCa @CBCNews R.I.P &lt;3", "type": "lower_reply"}, {"index": 4, "attribution": -0.13628365099430084, "tweet_id": 525036692991119362, "text": "@CBCNews @AngryCBrown Respect.....", "type": "direct_reply"}, {"index": 5, "attribution": -0.13794995844364166, "tweet_id": 525032813763244032, "text": "RIP :( \u201c@CBCNews: Ottawa shooting: Nathan Cirillo, reservist from Hamilton, killed in attack\nhttp://t.co/pKGEVgx5CW http://t.co/YNMW9bg86x\u201d", "type": "direct_reply"}, {"index": 8, "attribution": -0.1763332039117813, "tweet_id": 525038565542346754, "text": "\u201c@CBCNews: Ottawa shooting: Nathan Cirillo, reservist from Hamilton, killed in attack\nhttp://t.co/5xHcCIP9K2 http://t.co/F3PSTOnd10\u201d", "type": "direct_reply"}, {"index": 1, "attribution": -0.18072296679019928, "tweet_id": 525102063584546816, "text": "\u201c@CBCNews: Ottawa shooting: Nathan Cirillo, reservist from Hamilton, killed in attack\nhttp://t.co/dK4UaW2K7Y http://t.co/ZDJQSqugQf\u201d", "type": "direct_reply"}, {"index": 0, "attribution": -0.9473869204521179, "tweet_id": 525028522361114625, "text": "Ottawa shooting: Nathan Cirillo, reservist from Hamilton, killed in attack\nhttp://t.co/cUzepktlxx http://t.co/hqR6R0q9jl", "type": "source"}]}