{"thread_id": "525058825909731328", "gold_label": 2, "predicted_label": 2, "tweet_attributions": [{"index": 15, "attribution": 3.247117042541504, "tweet_id": 525061845691154432, "text": "@BBCBreaking thought canada was nice to live", "type": "direct_reply"}, {"index": 1, "attribution": 1.6815623044967651, "tweet_id": 525065415224213504, "text": "@IanWoodger Terrorism has no boundaries.", "type": "lower_reply"}, {"index": 2, "attribution": 0.818986177444458, "tweet_id": 525060731838791680, "text": "@chewwysquirrel @BBCBreaking A nonce was beaten to death in Milton Keynes, the World needs to know.", "type": "lower_reply"}, {"index": 9, "attribution": 0.7295513153076172, "tweet_id": 525059369738584065, "text": "@BBCBreaking thank god happy  to  hear  this", "type": "direct_reply"}, {"index": 7, "attribution": 0.5733785033226013, "tweet_id": 525069192849289219, "text": "@rejoice1515 @BBCBreaking don't thank god. Thank the medical staff!", "type": "lower_reply"}, {"index": 12, "attribution": 0.29895737767219543, "tweet_id": 525069568369491968, "text": "@Alfizzle18 @IanWoodger terror is the key word", "type": "lower_reply"}, {"index": 4, "attribution": 0.2793597877025604, "tweet_id": 525060000583254017, "text": "@JBangkok7 @BBCBreaking you upset because the world isn't focused on the Middle East for one day?", "type": "lower_reply"}, {"index": 6, "attribution": 0.2204858660697937, "tweet_id": 525059553524604928, "text": "@BBCBreaking Great News Excellent work &amp; Response today from the @CANADIAN government, If turns out to be ISLAMIST terrorist RESPOND HARSHLY", "type": "direct_reply"}, {"index": 5, "attribution": 0.2159252017736435, "tweet_id": 525163351266312192, "text": "@Paulhodgy82 @BBCBreaking :lol ok first I thank God then I also thank the medical staff for the good job well done", "type": "lower_reply"}, {"index": 14, "attribution": 0.07100649178028107, "tweet_id": 525069389776056320, "text": "@BBCBreaking UFCE POSSU\u00cd PROJETOS DE MAQUINAS PURIFICADORAS DE AGUAS SALOBRA E  POLUIDA Q PODEM SER USADAS NO RIO TIET\u00ca-SP", "type": "direct_reply"}, {"index": 16, "attribution": 0.05345267429947853, "tweet_id": 525063898274471936, "text": "@BBCBreaking Biggest German TV #ZDF (Program Frontal21) showing how corrupt is WHO to fight #Ebola. here  the video: http://t.co/aJD9NbGM3H", "type": "direct_reply"}, {"index": 8, "attribution": -0.09714270383119583, "tweet_id": 525070030237884416, "text": "@Alfizzle18 @IanWoodger normally a little bit shit in the soldiering sense but suprise is worth a lot", "type": "lower_reply"}, {"index": 3, "attribution": -0.16107073426246643, "tweet_id": 525059376285880320, "text": "@BBCBreaking Amazing, so how many died in Syria today?", "type": "direct_reply"}, {"index": 10, "attribution": -0.3109939694404602, "tweet_id": 525059589734428672, "text": "@BBCBreaking good", "type": "direct_reply"}, {"index": 11, "attribution": -0.40033671259880066, "tweet_id": 525131570768646144, "text": "@BBCBreaking http://t.co/sEuKmNjxri", "type": "direct_reply"}, {"index": 13, "attribution": -0.43038228154182434, "tweet_id": 525060798218252288, "text": "@BBCBreaking so the three r the soldier that died, the gunmen that was shot, n a parliament security guard that was shot n survived right?", "type": "direct_reply"}, {"index": 0, "attribution": -0.8887255191802979, "tweet_id": 525058825909731328, "text": "The Ottawa Hospital now says \"all three patients involved in today's incident have been discharged\" http://t.co/24l1f58UPx #OttawaShootings", "type": "source"}]}