{"thread_id": "525035552643751936", "gold_label": 0, "predicted_label": 0, "tweet_attributions": [{"index": 0, "attribution": 0.39456018805503845, "tweet_id": 525035552643751936, "text": "The City of Hamilton offers condolences to the family of Cpl. Nathan Cirillo, a #HamOnt native who bravely served with @TheArgylls. #Ottawa", "type": "source"}, {"index": 3, "attribution": 0.03954285755753517, "tweet_id": 525035977975164928, "text": "@cityofhamilton @TheArgylls So sorry for the loss of your comrade. Sending prayers to his family and friends, may he rest in peace. #hamont", "type": "direct_reply"}, {"index": 2, "attribution": 0.0019829722587019205, "tweet_id": 525036691829293057, "text": "@cityofhamilton @TheArgylls Sorry for the loss of your comrade #RIPNathanCirillo", "type": "direct_reply"}, {"index": 1, "attribution": -0.07971648126840591, "tweet_id": 525036285527080960, "text": "@cityofhamilton @TheArgylls I live in Hamilton, but was born in Ottawa. Two of my cities have been attacked today. Praying for everyone.", "type": "direct_reply"}]}