{"thread_id": "525039002307424256", "gold_label": 0, "predicted_label": 2, "tweet_attributions": [{"index": 15, "attribution": 0.7817443013191223, "tweet_id": 525050796262830080, "text": "@ctvottawa @sparrow42 sad :-(", "type": "direct_reply"}, {"index": 5, "attribution": 0.6236444711685181, "tweet_id": 525042487023640576, "text": "\u201c@ctvottawa: Soldier killed in Ottawa identified as Cpl. Nathan Cirillo \nhttp://t.co/5cbuZ6qSei http://t.co/FOMNw2AVCC\u201d RIP #StaySafeOttawa", "type": "direct_reply"}, {"index": 1, "attribution": 0.14175590872764587, "tweet_id": 525052604271718400, "text": "@TEL1967 @Juliet777777 @ctvottawa  Yeah ditto. May the perpetrators NEVER BE !!", "type": "lower_reply"}, {"index": 11, "attribution": 0.13917025923728943, "tweet_id": 525046666488197120, "text": "\u201c@ctvottawa: Soldier killed in Ottawa identified as Cpl. Nathan Cirillo \nhttp://t.co/jTn5dyMrnC http://t.co/Jtatl86brh\u201dRIP\ud83c\udf41\u2764\ufe0f", "type": "direct_reply"}, {"index": 9, "attribution": 0.11231420189142227, "tweet_id": 525043062771552258, "text": "@ctvottawa poor lil guy :(", "type": "lower_reply"}, {"index": 12, "attribution": 0.06390977650880814, "tweet_id": 525044432870309888, "text": "@ctvottawa @jaimelmcintyre How is anyone going to explain this to his dog? \ud83d\ude25", "type": "direct_reply"}, {"index": 19, "attribution": 0.03997557982802391, "tweet_id": 525046883023343616, "text": "@ctvottawa R.I.P Nathan", "type": "direct_reply"}, {"index": 13, "attribution": 0.031095897778868675, "tweet_id": 525046150412648448, "text": "@ctvottawa @Juliet777777 Very sad, the picture alone says a thousands words about this guy. May he be wrapped in the arm's of god.", "type": "direct_reply"}, {"index": 7, "attribution": 0.021113524213433266, "tweet_id": 525044614475284480, "text": "@KFB9999 awwww I know. Very sad", "type": "lower_reply"}, {"index": 3, "attribution": 0.015423876233398914, "tweet_id": 525039490721918976, "text": "Heartbreaking. \u201c@ctvottawa: Soldier killed in Ottawa identified as Cpl. Nathan Cirillo \nhttp://t.co/zEfI4IduPG http://t.co/S9RYdM04br\u201d", "type": "direct_reply"}, {"index": 2, "attribution": 0.0049752225168049335, "tweet_id": 525052426723016705, "text": "@NancyJohnson45 yes, so sad :( @ctvottawa", "type": "lower_reply"}, {"index": 4, "attribution": -0.002983375219628215, "tweet_id": 525041862705684480, "text": "Hard to look at this &amp; not feel heart hurt. \n\nRT @ctvottawa Cpl. Nathan Cirillo \nhttp://t.co/MavpyJh1hs http://t.co/3AHQt4rjD6", "type": "direct_reply"}, {"index": 6, "attribution": -0.02057654783129692, "tweet_id": 525042945968582658, "text": "@ctvottawa he's 34?", "type": "direct_reply"}, {"index": 14, "attribution": -0.0231355931609869, "tweet_id": 525039376183885824, "text": "\u201c@ctvottawa: Soldier killed in Ottawa identified as Cpl. Nathan Cirillo \nhttp://t.co/IsfuR9sOB9 http://t.co/qC02CGuEKu\u201d", "type": "direct_reply"}, {"index": 8, "attribution": -0.059019315987825394, "tweet_id": 525046662113153025, "text": "@ctvottawa so sad my thoughts are with his family", "type": "direct_reply"}, {"index": 18, "attribution": -0.06145501509308815, "tweet_id": 525046460208132096, "text": "\u201c@ctvottawa: Soldier killed in Ottawa identified as Cpl. Nathan Cirillo \nhttp://t.co/voHHfZdFzz http://t.co/Cwl080tCiw\u201d :(", "type": "direct_reply"}, {"index": 16, "attribution": -0.08813079446554184, "tweet_id": 525046938945613824, "text": "@kbells1989 PLUS + @ctvottawa: Soldier killed in Ottawa identified as Cpl. Nathan Cirillo http://t.co/TBMBLktwNJ \u2026 \u201d RIP #StaySafeOttawa", "type": "lower_reply"}, {"index": 17, "attribution": -0.10262319445610046, "tweet_id": 525041034590699520, "text": "@ctvottawa @ElkeHassell so many innocent senseless deaths...rest in peace your family is in our prayers.", "type": "direct_reply"}, {"index": 10, "attribution": -0.11848816275596619, "tweet_id": 525048409766789121, "text": "@ctvottawa @Meika_Mashack prayers for his family ;(", "type": "direct_reply"}, {"index": 0, "attribution": -0.8176352977752686, "tweet_id": 525039002307424256, "text": "Soldier killed in Ottawa identified as Cpl. Nathan Cirillo \nhttp://t.co/AOT1ZKyAei http://t.co/n9NyPIQ5be", "type": "source"}]}