{"thread_id": "525030416261337089", "gold_label": 0, "predicted_label": 0, "tweet_attributions": [{"index": 0, "attribution": 0.3555268943309784, "tweet_id": 525030416261337089, "text": "RIP Cpl. Nathan Cirillo identified as Canadian soldier killed in #ottawashooting #Canada http://t.co/TijUfih7r1", "type": "source"}, {"index": 2, "attribution": 0.03001117892563343, "tweet_id": 525035322275823618, "text": "@doglab Thoughts for his family and his dog.", "type": "direct_reply"}, {"index": 1, "attribution": 0.00555391563102603, "tweet_id": 525046682057068544, "text": "@doglab May he RIP as a national hero.", "type": "direct_reply"}]}