{"thread_id": "525022700923019264", "gold_label": 0, "predicted_label": 2, "tweet_attributions": [{"index": 17, "attribution": 4.1893815994262695, "tweet_id": 525028573934276608, "text": "@RaulAPinto @CBCAlerts No es Cap es CPL Corporal", "type": "lower_reply"}, {"index": 20, "attribution": 1.771011471748352, "tweet_id": 525028940763897856, "text": "@francisco_siles @CBCAlerts gracias mister!", "type": "lower_reply"}, {"index": 14, "attribution": 0.8822681903839111, "tweet_id": 525023033900404736, "text": "@CBCAlerts @CBCNews tragedy", "type": "direct_reply"}, {"index": 6, "attribution": 0.8809975981712341, "tweet_id": 525023669261987840, "text": "RT: @CBCAlerts soldado fallecido en #Ottawa es el Cap. Nathan Cirillo, reservista originario de Hamilton, Ont", "type": "direct_reply"}, {"index": 8, "attribution": 0.47118279337882996, "tweet_id": 525023218315575296, "text": "\u201c@CBCAlerts: Soldier shot dead in #Ottawa today is Cpl. Nathan Cirillo. Reservist was based in #Hamilton, Ont.\u201d so sad \ud83d\ude22 Rest in peace\u2764\ufe0f", "type": "direct_reply"}, {"index": 5, "attribution": 0.4580264985561371, "tweet_id": 525023206718312448, "text": "\u201c@CBCAlerts: Soldier shot dead in #Ottawa today is Cpl. Nathan Cirillo. Reservist was based in #Hamilton, Ont.\u201d Rest in Peace.", "type": "direct_reply"}, {"index": 3, "attribution": 0.42130038142204285, "tweet_id": 525023714854060032, "text": "@CBCAlerts @CBCNews - deepest condolences to the Cirillo family #dnd #soldier #reservist", "type": "direct_reply"}, {"index": 2, "attribution": 0.24838636815547943, "tweet_id": 525023058336432128, "text": "Rest in peace.\n\u201c@CBCAlerts: Soldier shot dead in #Ottawa today is Cpl. Nathan Cirillo. Reservist was based in #Hamilton, Ont.\u201d", "type": "direct_reply"}, {"index": 19, "attribution": 0.1215050145983696, "tweet_id": 525428719704637440, "text": "@BillyWarlock Thank you, my friend for your retweet of support &amp; respect yesterday. That truly meant a lot to me and my fellow Canadians! \ud83d\ude18", "type": "lower_reply"}, {"index": 7, "attribution": 0.11111650615930557, "tweet_id": 525023083573563392, "text": "\u201c@CBCAlerts: Soldier shot dead in #Ottawa today is Cpl. Nathan Cirillo. my deepest condolences to his family", "type": "direct_reply"}, {"index": 22, "attribution": 0.044027943164110184, "tweet_id": 525023401652785152, "text": "@CBCAlerts I'm so sorry for his family. God bless :-(", "type": "direct_reply"}, {"index": 1, "attribution": 0.015808124095201492, "tweet_id": 525023839689134080, "text": "\u201c@CBCAlerts: Soldier shot dead in #Ottawa today is Cpl. Nathan Cirillo. Reservist was based in #Hamilton, Ont.\u201d. Rest in peace, Cpl Cirillo", "type": "direct_reply"}, {"index": 16, "attribution": -0.0058801788836717606, "tweet_id": 525023195624382464, "text": "@CBCAlerts @CBCNews", "type": "direct_reply"}, {"index": 12, "attribution": -0.023899994790554047, "tweet_id": 525023523614760961, "text": "#RIPHero \u2757\ufe0f\ud83c\udf41\u2757\ufe0f \"@CBCAlerts: Soldier shot dead in #Ottawa today is Cpl. Nathan Cirillo. Reservist was based in #Hamilton, Ont.\u201d", "type": "direct_reply"}, {"index": 15, "attribution": -0.07947003096342087, "tweet_id": 525023371780947969, "text": "\u201c@CBCAlerts: Soldier shot dead in #Ottawa today is Cpl. Nathan Cirillo. Reservist was based in #Hamilton, Ont.\u201d RIP", "type": "direct_reply"}, {"index": 4, "attribution": -0.08026333153247833, "tweet_id": 525023830352605185, "text": "\u201c@CBCAlerts:Soldier killed in #Ottawa today is Cpl. Nathan Cirillo. Reservist was based in #Hamilton, Ont.\u201dbless him for his service to us \ud83d\ude4f", "type": "direct_reply"}, {"index": 9, "attribution": -0.09241079539060593, "tweet_id": 525023798743949312, "text": "@CBCAlerts http://t.co/ul3XHKiWt7", "type": "direct_reply"}, {"index": 11, "attribution": -0.2195288985967636, "tweet_id": 525023212930088960, "text": "RIP Cpt. Nathan Cirillo @CBCAlerts", "type": "direct_reply"}, {"index": 10, "attribution": -0.2578126788139343, "tweet_id": 525023231003353088, "text": "@CBCAlerts RIP.", "type": "direct_reply"}, {"index": 18, "attribution": -0.2776532471179962, "tweet_id": 525029436312522753, "text": "@RaulAPinto @CBCAlerts De nada", "type": "lower_reply"}, {"index": 13, "attribution": -0.3590039908885956, "tweet_id": 525023137138622464, "text": "\u201c@CBCAlerts: Soldier shot dead in #Ottawa today is Cpl. Nathan Cirillo. Reservist was based in #Hamilton, Ont.\u201d Thoughts from coast to coast", "type": "direct_reply"}, {"index": 21, "attribution": -0.40486863255500793, "tweet_id": 525023503805087744, "text": "RT @CBCAlerts: Soldier shot dead in #Ottawa today is Cpl. Nathan Cirillo. Reservist was based in #Hamilton, Ont.", "type": "direct_reply"}, {"index": 0, "attribution": -0.7345446944236755, "tweet_id": 525022700923019264, "text": "Soldier shot dead in #Ottawa today is Cpl. Nathan Cirillo. Reservist was based in #Hamilton, Ont.", "type": "source"}]}