{"thread_id": "525029433632366592", "gold_label": 0, "predicted_label": 0, "tweet_attributions": [{"index": 0, "attribution": 0.3397941291332245, "tweet_id": 525029433632366592, "text": "Thoughts go out to the family of Nathan Cirillo, 24, who was just identified as the soldier killed in Ottawa today. http://t.co/MMkW0iVIDL", "type": "source"}, {"index": 1, "attribution": 0.06448637694120407, "tweet_id": 525073045573369856, "text": "@Indie88Toronto", "type": "direct_reply"}, {"index": 2, "attribution": -0.04625694453716278, "tweet_id": 525034849443520514, "text": "@Indie88Toronto @LiviRichelle He woke up this morning, put on his uniform, took his post at the Memorial. A Life ended too suddenly,too soon", "type": "direct_reply"}]}