{"thread_id": "525040767317082113", "gold_label": 0, "predicted_label": 0, "tweet_attributions": [{"index": 0, "attribution": 0.4268670380115509, "tweet_id": 525040767317082113, "text": "MORE: Ottawa shootings suspect identified as Michael Zehaf-Bibeau, 32; unclear if there are other shooters: http://t.co/Y7l0QLT94d", "type": "source"}, {"index": 2, "attribution": 0.0009887914638966322, "tweet_id": 525045809960980480, "text": "@AP How come the hit &amp; run terrorist attack against 2 Canadian soldiers earlier this week was not in the news?", "type": "direct_reply"}, {"index": 4, "attribution": -0.011169279925525188, "tweet_id": 525041280313614336, "text": "@AP he wanted his 15 minutes of fame .. and he is getting it", "type": "direct_reply"}, {"index": 5, "attribution": -0.016790974885225296, "tweet_id": 525041065368092672, "text": "@AP Realy!?  We've heard about the 3 shooters and different locations ALL DAY!?", "type": "direct_reply"}, {"index": 1, "attribution": -0.04486018791794777, "tweet_id": 525042742494519296, "text": "@AP wow a Muslim .... What a surprise", "type": "direct_reply"}, {"index": 3, "attribution": -0.07253964245319366, "tweet_id": 525062284494651393, "text": "@AP At what point will you call them what they really are - Muslim Extremists or Jihadists? What are you frightened of?", "type": "direct_reply"}]}