{"thread_id": "525023642007371776", "gold_label": 0, "predicted_label": 0, "tweet_attributions": [{"index": 0, "attribution": 0.23866038024425507, "tweet_id": 525023642007371776, "text": "Soldier killed at war memorial identified as Nathan Cirillo #HamOnt #OttawaShooting #cndpoli http://t.co/BjEM0my6iT http://t.co/7BFFBm2afL", "type": "source"}, {"index": 5, "attribution": 0.06109314039349556, "tweet_id": 525026292501315584, "text": "@CBCHamilton @CBCTheNational. Bless his family, such a sad day for Canada", "type": "direct_reply"}, {"index": 10, "attribution": 0.026285139843821526, "tweet_id": 525028641030545408, "text": "#AttackInOttawa\nRIP\n@CBCHamilton: Soldier killed at war memorial: Nathan Cirillo\n#Ottawa\nhttp://t.co/gV1TKGwgJa\nhttp://t.co/bCgCnODyU7", "type": "direct_reply"}, {"index": 17, "attribution": 0.016396524384617805, "tweet_id": 525029091657805824, "text": "@CBCHamilton thoughts and love from Adelaide Australia,#makethempay", "type": "direct_reply"}, {"index": 7, "attribution": 0.014743703417479992, "tweet_id": 525028018017017856, "text": "So young. So sad. MT\u201c@CBCHamilton: Soldier killed at war memorial ID'd as Nathan Cirillo http://t.co/8wIRjaDVsC http://t.co/1gWa95Z1EA\u201d", "type": "direct_reply"}, {"index": 8, "attribution": 0.013420004397630692, "tweet_id": 525024656105811969, "text": "@CBCHamilton Condolences to his loved ones. RIP - We will remember.", "type": "direct_reply"}, {"index": 3, "attribution": 0.005785795394331217, "tweet_id": 525026726515314688, "text": "@CBCHamilton RIP soldier! #prayers", "type": "direct_reply"}, {"index": 15, "attribution": 0.004278592299669981, "tweet_id": 525025909397790720, "text": "@CBCHamilton @ladydiquickwit RIP you brave young man! Condolences to his family &amp; friends.", "type": "direct_reply"}, {"index": 4, "attribution": 0.003323010867461562, "tweet_id": 525027128325439488, "text": "@CBCHamilton RIP Nathan Cirillo #OttawaShooting", "type": "direct_reply"}, {"index": 12, "attribution": -0.007793381344527006, "tweet_id": 525027958780485635, "text": "@CBCHamilton @RosieBarton 24 years isn't long. Every citizen of Canada feels that today. Sincere condolences to Cpl. Cirillo's family/reg't.", "type": "direct_reply"}, {"index": 19, "attribution": -0.008699655532836914, "tweet_id": 525028262414929920, "text": "@CBCHamilton  So incredibly sad.  He was just a young'un!", "type": "direct_reply"}, {"index": 13, "attribution": -0.009281226433813572, "tweet_id": 525026337149710336, "text": "@CBCHamilton God bless Nathan. Canada mourns your loss. #OttawaShooting #cdnpoIi", "type": "direct_reply"}, {"index": 6, "attribution": -0.013366912491619587, "tweet_id": 525027135166361600, "text": "@CBCHamilton @CBCTheNational thank you for your ultimate sacrifice", "type": "direct_reply"}, {"index": 18, "attribution": -0.016452817246317863, "tweet_id": 525026784103104514, "text": "@CBCHamilton We will say Kaddish for this hero.  Be strong, neighbours", "type": "direct_reply"}, {"index": 9, "attribution": -0.016504596918821335, "tweet_id": 525026082970664960, "text": "@CBCHamilton #OttawaShooting  rest well Nathan how many more must we loose before someone is done", "type": "direct_reply"}, {"index": 16, "attribution": -0.016946526244282722, "tweet_id": 525028718411284481, "text": "@CBCHamilton @beccalacharity canadian hero", "type": "direct_reply"}, {"index": 11, "attribution": -0.018530311062932014, "tweet_id": 525025873167396864, "text": "@CBCHamilton @CBCTheNational Remember... \ud83d\ude47", "type": "direct_reply"}, {"index": 14, "attribution": -0.022448860108852386, "tweet_id": 525024400655917056, "text": ".@CBCHamilton @RosieBarton Let's remember this face instead of the shooter, when they are identified!", "type": "direct_reply"}, {"index": 2, "attribution": -0.025351909920573235, "tweet_id": 525027972630478849, "text": "My heart goes out to his family &amp; country as they try to piece this together.\n@CBCHamilton", "type": "direct_reply"}, {"index": 1, "attribution": -0.06529414653778076, "tweet_id": 525025032377233408, "text": "@CBCHamilton @bruceanderson RIP brother. U did well and died doing what you loved. #OttawaShooting", "type": "direct_reply"}]}