{"thread_id": "525040408653754368", "gold_label": 0, "predicted_label": 2, "tweet_attributions": [{"index": 11, "attribution": 0.991992175579071, "tweet_id": 525041193290571777, "text": "@SkyMineOnline Confirmed by both BBC and NBC News, what more do you need?", "type": "lower_reply"}, {"index": 4, "attribution": 0.25034043192863464, "tweet_id": 525041871127863297, "text": "@TheAnonMessage I don't read newspaper.", "type": "lower_reply"}, {"index": 10, "attribution": 0.06798993796110153, "tweet_id": 525040660580409345, "text": "@TheAnonMessage Really?", "type": "direct_reply"}, {"index": 6, "attribution": 0.060170773416757584, "tweet_id": 525042290004205568, "text": "@TheAnonMessage I see the name Michael Zehaf-Bibeau bandied about, not Hall.  Haven't seen any affiliations reported; speculated Algerian.", "type": "direct_reply"}, {"index": 7, "attribution": 0.04702943190932274, "tweet_id": 525425098497724417, "text": "@TheAnonMessage @OpIceISIS - correction: WAS an ISIS sympathiser. Now in hell with his Sluts of Satan! \ud83d\udc7f\ud83d\ude08\ud83d\udc79\ud83d\udc79\ud83d\udc79", "type": "direct_reply"}, {"index": 8, "attribution": 0.035619355738162994, "tweet_id": 525060987272298496, "text": "@TheAnonMessage Surprise!", "type": "direct_reply"}, {"index": 1, "attribution": 0.022320665419101715, "tweet_id": 525041220540575746, "text": "@TheAnonMessage  Michael Zehaf Bibeau is Canadian born in 1982. He is 32 years old.", "type": "direct_reply"}, {"index": 2, "attribution": -0.017856420949101448, "tweet_id": 525470100124860416, "text": "@TheAnonMessage @OpIceISIS -BREAKING NEWS GUYS:\nhttp://t.co/tqIoUZsLKz", "type": "direct_reply"}, {"index": 5, "attribution": -0.02347615174949169, "tweet_id": 525385144379912193, "text": "@TheAnonMessage Drugs to convict me of the people in the store", "type": "direct_reply"}, {"index": 3, "attribution": -0.03362375870347023, "tweet_id": 525273407831945217, "text": "@TheAnonMessage @OpIceISIS  ISIS can Suck My Dick you WEAK MINDED pieces of unworthy  Shit  !", "type": "direct_reply"}, {"index": 9, "attribution": -0.08468174189329147, "tweet_id": 525044071006760960, "text": "\u201c@TheAnonMessage: BREAKING NEWS: Suspected Ottawa gunman identified as Michael Joseph Hall #ISIS sympathizer. #OttawaShooting\u201d\n#nosjournaal", "type": "direct_reply"}, {"index": 0, "attribution": -0.10074517130851746, "tweet_id": 525040408653754368, "text": "BREAKING NEWS: Suspected Ottawa gunman identified as Michael Joseph Hall, an #ISIS sympathizer. #OttawaShooting", "type": "source"}]}