{"thread_id": "525027317551079424", "gold_label": 0, "predicted_label": 2, "tweet_attributions": [{"index": 7, "attribution": 1.2543200254440308, "tweet_id": 525048587970170880, "text": "@TrainerGloria @ABC @theviewtv @WorldNews \nISRAEL KILLS HUNDREDS EVERYDAY JUST TO TAKE OVER THEIR LANDS.\nPALESTINIANS BORN AND DIE IN CAMPS", "type": "lower_reply"}, {"index": 10, "attribution": 0.5522471070289612, "tweet_id": 525028710223982593, "text": "@ABC @theviewtv @WorldNews in the photo of him he is wearing palestinian scarf. A palestinian terrorist killed infant in Jerusalem today", "type": "direct_reply"}, {"index": 9, "attribution": 0.21941398084163666, "tweet_id": 525028037709291520, "text": "@ABC @WorldNews Let me guess, he is Muslim....", "type": "direct_reply"}, {"index": 8, "attribution": 0.16040769219398499, "tweet_id": 525029024360566784, "text": "@bohratom @ABC @WorldNews probably just hit the nail on the head with that guess.", "type": "lower_reply"}, {"index": 2, "attribution": 0.1579774171113968, "tweet_id": 525047905946963968, "text": "@ABC @WorldNews \n\nCAN THIS CANADIAN COULD BE CALLED A CHRISTIAN TERRORIST?\nIF HE WAS A MUSLIM HE COULD BE NAMED AN ISLAMIST EXTREMIST?", "type": "direct_reply"}, {"index": 6, "attribution": 0.14556096494197845, "tweet_id": 525161942550577152, "text": "@ABC", "type": "direct_reply"}, {"index": 11, "attribution": 0.08202700316905975, "tweet_id": 525034200991551488, "text": "@ABC @WorldNews Did he work nearby and go after co-workers prompted @BarackObama and the Admin to Canada ?", "type": "direct_reply"}, {"index": 3, "attribution": 0.06469960510730743, "tweet_id": 525029610682335232, "text": "@ABC @WorldNews can I have more foreigners did we do they got to stop them now", "type": "direct_reply"}, {"index": 4, "attribution": 0.014848205260932446, "tweet_id": 525049750295281666, "text": "@ABC @WorldNews \nIT IS A SHAME TO ACT TWO FACES. ISRAEL TAKE OVER PALESTINIAN HOUSES BY USING FORCE AN NOBODY WANT TO SEE IT.SEE NAZI ISRAEL", "type": "lower_reply"}, {"index": 1, "attribution": 0.014648317359387875, "tweet_id": 525049051692429313, "text": "@albanyly @ABC @theviewtv @WorldNews piss off jew-hating jihadist troll", "type": "lower_reply"}, {"index": 5, "attribution": -0.026129307225346565, "tweet_id": 525032398967570432, "text": "@ABC @WorldNews we've let the enemy in the front door.", "type": "direct_reply"}, {"index": 0, "attribution": -0.28512734174728394, "tweet_id": 525027317551079424, "text": "NEW: Sources: Deceased gunman who killed soldier in Ottawa has been identified as Canadian national Michael Zehaf-Bibeau - @WorldNews", "type": "source"}]}