{"thread_id": "525056576038518785", "gold_label": 0, "predicted_label": 2, "tweet_attributions": [{"index": 14, "attribution": 2.8877980709075928, "tweet_id": 525057102306222083, "text": "@Telegraph This world is seriously going to hell in a hand cart. I'm entirely fed up with innocent bystanders being senselessly killed.", "type": "direct_reply"}, {"index": 3, "attribution": 1.8416863679885864, "tweet_id": 525080429410664448, "text": "@englandfanatic @Telegraph \nSoldiers aren't innocent \n\nThey are the complete opposite", "type": "lower_reply"}, {"index": 21, "attribution": 0.4009155035018921, "tweet_id": 525057109910495232, "text": "@Telegraph Fuck Islam.", "type": "direct_reply"}, {"index": 8, "attribution": 0.35271504521369934, "tweet_id": 525070716807688192, "text": "@Telegraph Sad. RIP Cpl Nathan Cirillo.", "type": "direct_reply"}, {"index": 13, "attribution": 0.32790711522102356, "tweet_id": 525070441405095936, "text": "@Telegraph @Momma4America RIP Nathan. :(", "type": "direct_reply"}, {"index": 10, "attribution": 0.3277272880077362, "tweet_id": 525059328685133824, "text": "Heartbreaking for #HamOnt and Canada. \u201c@Telegraph: Soldier killed in Canada shooting was a young reservist with a son http://t.co/wGQhZwKFEG", "type": "direct_reply"}, {"index": 4, "attribution": 0.3254545331001282, "tweet_id": 525072231022333953, "text": "RIP @Telegraph: Soldier killed in Canada shooting was a young reservist w/a six-year-old son http://t.co/rcTujS5qvL http://t.co/t0viQS4VZv", "type": "direct_reply"}, {"index": 19, "attribution": 0.3012996017932892, "tweet_id": 525071940428771330, "text": "@Telegraph @Momma4America Very sad day for his family friends and Canada. Rest in peace.", "type": "direct_reply"}, {"index": 5, "attribution": 0.27222946286201477, "tweet_id": 525068703109758977, "text": "@Telegraph @JamesMoore_org heartbreaking!", "type": "direct_reply"}, {"index": 1, "attribution": 0.23687630891799927, "tweet_id": 525057571321688064, "text": "@Telegraph @molodyko It is sad to see this news.  However, at least he leaves a son who will honor him.  Many soldiers die without children.", "type": "direct_reply"}, {"index": 7, "attribution": 0.17270033061504364, "tweet_id": 525066880219115520, "text": "@Telegraph this is the real tragedy. Lovely young man doing the right thing brought down by cowardly terrorists. Shameful. #CanadaStrong", "type": "direct_reply"}, {"index": 15, "attribution": 0.17163465917110443, "tweet_id": 525068255107751936, "text": "@Telegraph Trafic", "type": "direct_reply"}, {"index": 12, "attribution": 0.13938412070274353, "tweet_id": 525278489721966592, "text": "@alisaleh1292 @Telegraph That doesn't sound incredibly cryptic........", "type": "lower_reply"}, {"index": 17, "attribution": 0.05104285106062889, "tweet_id": 525058435361292288, "text": "Sad. @Telegraph Soldier killed in Canada shooting was a young reservist with a 6yr old son http://t.co/tmW05dP9aV http://t.co/PssQRiRqmo\u201d", "type": "direct_reply"}, {"index": 9, "attribution": -0.05384862795472145, "tweet_id": 525080746080620544, "text": "@DavidRomeiPHD @Telegraph @molodyko \n\nIf IS employed US NATO tactics they would have killed his son too \nAnd blamed his father for his death", "type": "lower_reply"}, {"index": 16, "attribution": -0.10563170164823532, "tweet_id": 525057584416292867, "text": "@Telegraph @20committee the price we pay for allowing Muslim 5th Columns to roam freely in the West. Enough.", "type": "direct_reply"}, {"index": 11, "attribution": -0.15639320015907288, "tweet_id": 525062334302412800, "text": "@Telegraph @TelegraphNews This is very sad. I just wish that the was a better place :(", "type": "direct_reply"}, {"index": 2, "attribution": -0.17465876042842865, "tweet_id": 525061525409525760, "text": "@Telegraph RIP", "type": "direct_reply"}, {"index": 22, "attribution": -0.34049496054649353, "tweet_id": 525058373591367680, "text": "@Telegraph Travel well brave soul.", "type": "direct_reply"}, {"index": 20, "attribution": -0.38089558482170105, "tweet_id": 525057624916520960, "text": "@Telegraph @20committee So sad for my great nation.  I am speechless!", "type": "direct_reply"}, {"index": 18, "attribution": -0.416383296251297, "tweet_id": 525072407321927681, "text": "@evening_grace @Telegraph  Yes it is.", "type": "lower_reply"}, {"index": 23, "attribution": -0.5013116598129272, "tweet_id": 525057081515061248, "text": "@Telegraph RIP Nathan,, we love you", "type": "direct_reply"}, {"index": 0, "attribution": -0.615282416343689, "tweet_id": 525056576038518785, "text": "Soldier killed in Canada shooting was a young reservist with a six-year-old son http://t.co/83PReIl9XV http://t.co/LVprXOCCF7", "type": "source"}, {"index": 6, "attribution": -0.7332448363304138, "tweet_id": 525060851661668352, "text": "@Telegraph Prayers for his family \ud83d\ude22", "type": "direct_reply"}]}