{"thread_id": "525048557569454080", "gold_label": 0, "predicted_label": 0, "tweet_attributions": [{"index": 0, "attribution": 0.27965494990348816, "tweet_id": 525048557569454080, "text": "Thoughts &amp; Prayers to the family of Cpl. Nathan Frank Cirillo. killed today in Ottawa RIP @HONOUROURFORCES Pls RT http://t.co/D6L17wwfTw", "type": "source"}, {"index": 6, "attribution": 0.015287560410797596, "tweet_id": 525356064955703297, "text": "@HONOUROURFORCES @1stDevastator Too Young :(", "type": "direct_reply"}, {"index": 5, "attribution": 0.01127819623798132, "tweet_id": 525076434956873728, "text": "@HONOUROURFORCES prayers for his family and brothers &amp; sisters who protect and serve the public.   Remain vigilant!", "type": "direct_reply"}, {"index": 1, "attribution": 0.005840689409524202, "tweet_id": 525063671199055872, "text": "@HONOUROURFORCES @Rathcooleglen 3 month old baby also killed by terrorists today in Jerusalem. Palestinian rammed car into a bus stop.", "type": "direct_reply"}, {"index": 2, "attribution": -0.02166837640106678, "tweet_id": 525059622219304960, "text": "@HONOUROURFORCES @barbarastarrcnn Prayers and condolences for the family", "type": "direct_reply"}, {"index": 4, "attribution": -0.04394290968775749, "tweet_id": 525152311711379457, "text": "@HONOUROURFORCES heaven has a new angel to protect the gates, prayers for the family", "type": "direct_reply"}, {"index": 3, "attribution": -0.052267298102378845, "tweet_id": 525065049845813248, "text": "@HONOUROURFORCES RIP duty done", "type": "direct_reply"}]}