{"thread_id": "525045145079533568", "gold_label": 0, "predicted_label": 2, "tweet_attributions": [{"index": 0, "attribution": 0.2547318935394287, "tweet_id": 525045145079533568, "text": ".@pmharper and I have been speaking to some of our allies around the world. The PM will address the nation this evening. #OttawaShooting", "type": "source"}, {"index": 6, "attribution": 0.07262004166841507, "tweet_id": 525046529329868801, "text": "@HonJohnBaird @CTVNews @pmharper The Emergency Measures Act.  Use it.  Stop protecting evil at the cost of the innocent.", "type": "direct_reply"}, {"index": 5, "attribution": 0.03412797302007675, "tweet_id": 525045393261084674, "text": "@HonJohnBaird @pmharper Any word on when that might happen?", "type": "direct_reply"}, {"index": 14, "attribution": 0.026538433507084846, "tweet_id": 525048322088660992, "text": "@HonJohnBaird @VassyKapelos @pmharper What will you be up to?", "type": "direct_reply"}, {"index": 4, "attribution": 0.022926807403564453, "tweet_id": 525048284511875072, "text": "you assholes brought this to our shores, .@HonJohnBaird. you should both resign immediately. scumbags! @CTVNews .@pmharper", "type": "direct_reply"}, {"index": 12, "attribution": 0.02006603218615055, "tweet_id": 525047627813900289, "text": "@HonJohnBaird @kady @pmharper I'm sorry you had a terrible day but YOU HAVE A GIANT STICK UP YOUR ASS.", "type": "direct_reply"}, {"index": 11, "attribution": 0.017778249457478523, "tweet_id": 525048498736340992, "text": "@honjohnbaird @pmharper @kady I hope it's to resign. We need leaders not you dickweeds. Fuck off. #cdnpoli", "type": "direct_reply"}, {"index": 9, "attribution": -0.004198442213237286, "tweet_id": 525050929067085825, "text": "@HonJohnBaird @pmharper stay ...live ...work and than we just kick you out", "type": "direct_reply"}, {"index": 7, "attribution": -0.0071929157711565495, "tweet_id": 525045604972769281, "text": "@HonJohnBaird @pmharper What time is the PM on tv tonight?", "type": "direct_reply"}, {"index": 2, "attribution": -0.009885997511446476, "tweet_id": 525048353084567552, "text": "@HonJohnBaird @pmharper Got some blood in the game now. Don't ya?", "type": "direct_reply"}, {"index": 8, "attribution": -0.015535097569227219, "tweet_id": 525047233138659328, "text": "@HonJohnBaird @CTVNews @pmharper with respect, waiting 9 hours to make statement to Canadians might have been higher priority #CANpoli", "type": "direct_reply"}, {"index": 16, "attribution": -0.022978385910391808, "tweet_id": 525047677571334144, "text": "@HonJohnBaird @pmharper You will pay for the damage you've done to Canada. Your hate mongering will never be forgotten. Your names cursed.", "type": "direct_reply"}, {"index": 3, "attribution": -0.024773718789219856, "tweet_id": 525048320734265346, "text": "@HonJohnBaird @pmharper proverb21-24", "type": "direct_reply"}, {"index": 15, "attribution": -0.044723983854055405, "tweet_id": 525045522240110592, "text": "@HonJohnBaird @pmharper let's ban islam", "type": "direct_reply"}, {"index": 10, "attribution": -0.05272318795323372, "tweet_id": 525048028324200448, "text": "@HonJohnBaird @CTVNews @pmharper would this have happened if the gov't tried other peaceful means of solving the problems in the middle east", "type": "direct_reply"}, {"index": 1, "attribution": -0.06873981654644012, "tweet_id": 525046845526269952, "text": "@HonJohnBaird @CTVNews @pmharper Haven't we already been through enough today?", "type": "direct_reply"}, {"index": 17, "attribution": -0.10207020491361618, "tweet_id": 525051041813766144, "text": "@HonJohnBaird @CTVNews @pmharper try talking to your citizens instead.", "type": "direct_reply"}, {"index": 13, "attribution": -0.10458636283874512, "tweet_id": 525050565806419968, "text": ". @HonJohnBaird @pmharper Adress who you want but leave the guards on the War Memorial &amp; let the CFA wear their uniforms. Stop the cringe!", "type": "direct_reply"}]}