{"thread_id": "525021697003782145", "gold_label": 0, "predicted_label": 0, "tweet_attributions": [{"index": 0, "attribution": 0.24210719764232635, "tweet_id": 525021697003782145, "text": "RIP Cpl. #NathanCirillo \ud83c\udf39\ud83c\udf41\ud83c\udf39\nYour service never forgotten\nPrayers for his family \ud83d\ude4f\n\ud83d\ude2a\n#CanadianForces \n#OttawaShooting http://t.co/okrtlIP64Z", "type": "source"}, {"index": 7, "attribution": 0.0236497912555933, "tweet_id": 525061989056647168, "text": "@WolfSpirit2013 Shocking.", "type": "direct_reply"}, {"index": 3, "attribution": 0.011661697179079056, "tweet_id": 525108806389628931, "text": "@WolfSpirit2013 @RobertgrizzlyP God bless.", "type": "direct_reply"}, {"index": 5, "attribution": 0.0020075703505426645, "tweet_id": 525029715355389952, "text": "@WolfSpirit2013 @DarthVader_No1 #CanadianForces  #OttawaShooting  Prayers for his family", "type": "direct_reply"}, {"index": 8, "attribution": -0.0028640637174248695, "tweet_id": 525152029417558018, "text": "@WolfSpirit2013 May Nath be wrapping his angel wings around his little boy &amp; wife during his time of need. He's now their guard\"ian angel\ud83d\udc7c\ud83d\ude4f", "type": "direct_reply"}, {"index": 6, "attribution": -0.021881280466914177, "tweet_id": 525023182018052096, "text": "@WolfSpirit2013 @djtrickster77 God rest him!", "type": "direct_reply"}, {"index": 1, "attribution": -0.03562759980559349, "tweet_id": 525028133851123712, "text": "@WolfSpirit2013 @jefffillion never forgot your sacrifice", "type": "direct_reply"}, {"index": 4, "attribution": -0.05306386947631836, "tweet_id": 525040244035715072, "text": "@WolfSpirit2013 @jefffillion", "type": "direct_reply"}, {"index": 2, "attribution": -0.06969834119081497, "tweet_id": 525070368650715136, "text": "@WolfSpirit2013 @TheKosovoMaiden So so sad! RIP", "type": "direct_reply"}]}