{"thread_id": "525031558949134336", "gold_label": 0, "predicted_label": 2, "tweet_attributions": [{"index": 5, "attribution": 1.9416042566299438, "tweet_id": 525035340349059073, "text": "@ADTRsgb \n\nwow, a sensible person on twitter. who knew.", "type": "lower_reply"}, {"index": 19, "attribution": 1.8870314359664917, "tweet_id": 525034941793722368, "text": "Funny how if a white person shoots up a school no article ever mentions that they're Christian \ud83d\udc38\u2615\ufe0f", "type": "lower_reply"}, {"index": 28, "attribution": 1.2571450471878052, "tweet_id": 525034442801573888, "text": "Thank you @PzFeed once again for encouraging racial stereotypes, no need to mention his religion. At all.", "type": "direct_reply"}, {"index": 7, "attribution": 0.7382428646087646, "tweet_id": 525033057318088704, "text": "@HashtagRiseUp @PzFeed oh no of course not, but its ridiculous to kill just because his god told him to..", "type": "lower_reply"}, {"index": 9, "attribution": 0.6428714990615845, "tweet_id": 525033610496450560, "text": "@HashtagRiseUp @PzFeed i wouldnt say 99% lol atleast towards christians", "type": "lower_reply"}, {"index": 4, "attribution": 0.5963433980941772, "tweet_id": 525033954525839361, "text": "@PzFeed @Blackberry_F3 @JohnnyD20", "type": "direct_reply"}, {"index": 22, "attribution": 0.5958343744277954, "tweet_id": 525033295051239424, "text": "@GrotetheGoat @PzFeed \n\nThat just represents that this one man is deranged. I'm positive the other 99.99% of Muslims are normal people", "type": "lower_reply"}, {"index": 25, "attribution": 0.5428137183189392, "tweet_id": 525031729095270400, "text": "@PzFeed \n\n&amp; why is that relevant", "type": "direct_reply"}, {"index": 17, "attribution": 0.5093641877174377, "tweet_id": 525032635836665856, "text": "@HashtagRiseUp @PzFeed uhhh because Islam is a terrorist religion that seeks to submit and enslave the whole world. Ever heard of ISIS?", "type": "lower_reply"}, {"index": 8, "attribution": 0.4761190116405487, "tweet_id": 525034762181050368, "text": "@GrotetheGoat @PzFeed \n\nwhy not 99? have you ever met a Muslim? they're just normal people who happen to believe in a different deity", "type": "lower_reply"}, {"index": 31, "attribution": 0.41659072041511536, "tweet_id": 525051944013139968, "text": "@HashtagRiseUp @JesusWillKill @PzFeed ISIS bases its actions off of reading the quran literally. Therefore islam. 99% of muslims arent ++", "type": "lower_reply"}, {"index": 21, "attribution": 0.3812343180179596, "tweet_id": 525034486229389312, "text": "@ADTRsgb Your mom pzfeed once again for encouraging racial stereotypes, no need to mention his religion. At all.", "type": "lower_reply"}, {"index": 11, "attribution": 0.3239803612232208, "tweet_id": 525051985343840256, "text": "@HashtagRiseUp @JesusWillKill @PzFeed like that but it is still based off islam", "type": "lower_reply"}, {"index": 14, "attribution": 0.22842520475387573, "tweet_id": 525035083296964608, "text": "I'd expect better from an independent news source.", "type": "lower_reply"}, {"index": 15, "attribution": 0.22239352762699127, "tweet_id": 525033696311934976, "text": "@HashtagRiseUp @PzFeed u r either ignorant or using deceit, Muhammad himself haa commanded worldwide jihad. ISIS is the caliphate, genius", "type": "lower_reply"}, {"index": 2, "attribution": 0.21638844907283783, "tweet_id": 525039190380396544, "text": "@HashtagRiseUp @JesusWillKill @PzFeed it's literally in their name lol", "type": "lower_reply"}, {"index": 1, "attribution": 0.19015367329120636, "tweet_id": 525031816554901504, "text": "@PzFeed Shocker!!!", "type": "direct_reply"}, {"index": 20, "attribution": 0.17981816828250885, "tweet_id": 525032151407140864, "text": "@PzFeed religon of peace my ass", "type": "direct_reply"}, {"index": 30, "attribution": 0.16417382657527924, "tweet_id": 525071158463717376, "text": "@ADTRsgb @HashtagRiseUp hiw dare u our troops fight hard and get less money than the immigrants that come over here illegally ffs!!", "type": "lower_reply"}, {"index": 29, "attribution": 0.134395033121109, "tweet_id": 525035623598813185, "text": "@HashtagRiseUp I would like to see a news feed of show many Christian soldiers kill innocent civilians in country just to get oil lmao:", "type": "lower_reply"}, {"index": 27, "attribution": 0.13144245743751526, "tweet_id": 525037968537694210, "text": "@HashtagRiseUp @PzFeed the idea of Islam is relative. And your idea of is becoming less popular and ISIS is attracting people globally", "type": "lower_reply"}, {"index": 3, "attribution": 0.1085033118724823, "tweet_id": 525035672345001984, "text": "@HashtagRiseUp people will take any chance to hate on Islam and it's disgusting", "type": "lower_reply"}, {"index": 24, "attribution": 0.0983014926314354, "tweet_id": 525035922690424832, "text": "@ADTRsgb \n\nyeah. people like to ignore the truth and mindlessly hate on something because it's 'cool'", "type": "lower_reply"}, {"index": 34, "attribution": 0.07146906107664108, "tweet_id": 525032886060449792, "text": "@JesusWillKill @PzFeed \n\nIslam is in no way affiliated with ISIS. That's like saying Christianity is directly affiliated with the KKK.", "type": "lower_reply"}, {"index": 13, "attribution": 0.034147776663303375, "tweet_id": 525035154214223874, "text": "@JesusWillKill @PzFeed \n\nThat is 100% false. ISIS is in NO way affiliated with Islam. They are simply a deranged terrorist organization.", "type": "lower_reply"}, {"index": 23, "attribution": 0.03275132551789284, "tweet_id": 525032842410336256, "text": "@PzFeed don't.", "type": "direct_reply"}, {"index": 10, "attribution": 0.0075178141705691814, "tweet_id": 525036435884494849, "text": "@sophia_sweden @PzFeed because he's a jihadist retard", "type": "lower_reply"}, {"index": 6, "attribution": -0.05943680182099342, "tweet_id": 525032573802921984, "text": "@GrotetheGoat @PzFeed \n\ndoes this one man represent all Muslims? no. that's like saying Jeffery Dahmer represents all Christians.", "type": "lower_reply"}, {"index": 33, "attribution": -0.130641371011734, "tweet_id": 525033603559071744, "text": "@PzFeed but why did you have to add the \"Islam\" part", "type": "direct_reply"}, {"index": 12, "attribution": -0.21766668558120728, "tweet_id": 525037078422118400, "text": "@HashtagRiseUp @PzFeed u do realize that that where ISIS controls territory that the Islam they practice is what everyone practices?", "type": "lower_reply"}, {"index": 18, "attribution": -0.25991103053092957, "tweet_id": 525035944366587904, "text": "@HashtagRiseUp @GrotetheGoat @PzFeed LOLOL", "type": "lower_reply"}, {"index": 32, "attribution": -0.26449015736579895, "tweet_id": 525031977020190720, "text": "\u201c@PzFeed: CBS reports Ottawa shooting suspect was born in Quebec as Michael Joseph Hall. He's a recent convert to Islam\u201d \u2615\ufe0f\ud83d\udc38", "type": "direct_reply"}, {"index": 26, "attribution": -0.2762044072151184, "tweet_id": 525039173187932160, "text": "@HashtagRiseUp @PzFeed im sure most of them are, but there is definitly a portion of them that arent normal", "type": "lower_reply"}, {"index": 16, "attribution": -0.3627643585205078, "tweet_id": 525033769452191745, "text": "@PzFeed terrorist! Fucker", "type": "direct_reply"}, {"index": 0, "attribution": -0.6925337910652161, "tweet_id": 525031558949134336, "text": "CBS reports Ottawa shooting suspect was born in Quebec as Michael Joseph Hall. He's a recent convert to Islam - http://t.co/58IK7FMcA1", "type": "source"}]}