{"thread_id": "525055052801515521", "gold_label": 0, "predicted_label": 2, "tweet_attributions": [{"index": 8, "attribution": 3.801232099533081, "tweet_id": 525061695295987712, "text": "@chronicleherald that's how it's done. Please no resuscitation attempts or shooter pics tomorrow. Lead by example.", "type": "direct_reply"}, {"index": 4, "attribution": 1.5062273740768433, "tweet_id": 525062184150114304, "text": "@tchadwyk @chronicleherald Precisely. Only pictures and names of heroes like Cpl. Cirillo and Kevin Vickers should be used.", "type": "lower_reply"}, {"index": 7, "attribution": 0.4389042556285858, "tweet_id": 525074367420444672, "text": "So full of life. It's all so damn senseless. @chronicleherald @Merlyn43", "type": "direct_reply"}, {"index": 9, "attribution": 0.2623753249645233, "tweet_id": 525181682685841408, "text": "@chronicleherald poor guy. Rest in peace guy.", "type": "direct_reply"}, {"index": 0, "attribution": 0.07470143586397171, "tweet_id": 525055052801515521, "text": "Condolences pour in for family of Cpl. Nathan Cirillo, killed in #OttawaShooting http://t.co/EwHwozM3TU http://t.co/KWWGZLJT0b", "type": "source"}, {"index": 3, "attribution": 0.0065788645297288895, "tweet_id": 525062973510135809, "text": "@WillyRBeek @chronicleherald agreed. This boy was on guard for us...Our turn for him now. Do the right thing Herald!", "type": "lower_reply"}, {"index": 5, "attribution": -0.14883826673030853, "tweet_id": 525068829924134913, "text": "@chronicleherald @GillianBauer3 condolences to the #Cirillo family tonight", "type": "direct_reply"}, {"index": 1, "attribution": -0.3919315040111542, "tweet_id": 525190643820539904, "text": "@chronicleherald.. on to a better place ...", "type": "direct_reply"}, {"index": 2, "attribution": -0.4674621522426605, "tweet_id": 525103381745254401, "text": "@chronicleherald @RandiShinder So awful...", "type": "direct_reply"}, {"index": 6, "attribution": -0.5554255843162537, "tweet_id": 525121886967963648, "text": "@chronicleherald @karenhensel8 thats a good looking guy", "type": "direct_reply"}]}