{"thread_id": "525026219100995584", "gold_label": 0, "predicted_label": 2, "tweet_attributions": [{"index": 19, "attribution": 2.7604939937591553, "tweet_id": 525048108028530688, "text": "@globeandmail \nI hope your government doesn't denigrate your sacrifice by dismissing it as workplace violence. \n@retiredchiefANG", "type": "lower_reply"}, {"index": 10, "attribution": 1.5009804964065552, "tweet_id": 525047425678180352, "text": "@globeandmail \nRIP, Cpl Cirillo...\n@retiredchiefANG", "type": "direct_reply"}, {"index": 11, "attribution": 1.3541334867477417, "tweet_id": 525078817644482563, "text": "@dogsandguns @globeandmail @WorldMedia4u  WARMONGERING..? YOUR EFFING KIDDING RIGHT? GROW UP!!!!!.. AN INNOCENT LOST HIS LIFE!!", "type": "lower_reply"}, {"index": 6, "attribution": 1.2173365354537964, "tweet_id": 525048234394521600, "text": "@globeandmail @WorldMedia4u a disgraceful waste,we should call all our warriors back and focus on defense &amp; not follow American warmongering", "type": "direct_reply"}, {"index": 12, "attribution": 1.1181164979934692, "tweet_id": 525050271245025280, "text": "@grampa_Tex @globeandmail - they won't for sure", "type": "lower_reply"}, {"index": 20, "attribution": 0.5280128717422485, "tweet_id": 525082772197883904, "text": "@drmgrl_1 @globeandmail @WorldMedia4u oh you must only be able to think in one dimension at a time, sad how dumbed down ppl are now", "type": "lower_reply"}, {"index": 14, "attribution": 0.45451173186302185, "tweet_id": 525029745545592832, "text": "@globeandmail time for a bombing run against the fuckers who did this. This guy was a hero.", "type": "direct_reply"}, {"index": 16, "attribution": 0.401277095079422, "tweet_id": 525084327265443840, "text": "@dogsandguns @globeandmail @WorldMedia4u oh right I'm sooo sorry, I'm way too simple to comprehend. #douchbag #asshat", "type": "lower_reply"}, {"index": 24, "attribution": 0.2635275721549988, "tweet_id": 525054250767093760, "text": "@retiredchiefANG \nI sure hope not, but I never dreamed mine would do it, but they did...\n@globeandmail", "type": "lower_reply"}, {"index": 2, "attribution": 0.21595866978168488, "tweet_id": 525073999286763522, "text": "@globeandmail RIP", "type": "direct_reply"}, {"index": 15, "attribution": 0.210906520485878, "tweet_id": 525031185408618497, "text": "\u201c@globeandmail: Soldier killed identified as Cpl. Nathan Cirillo #ottawashooting http://t.co/agpjWJhn7L http://t.co/hzP836BpKc\u201d \ud83d\ude14", "type": "direct_reply"}, {"index": 23, "attribution": 0.15899404883384705, "tweet_id": 525083185139687424, "text": "@dogsandguns @globeandmail @WorldMedia4u  right douchbag turn a murder of an innocent husband, father, son, brother into a political podium", "type": "lower_reply"}, {"index": 18, "attribution": 0.13554486632347107, "tweet_id": 525043281714245632, "text": "@globeandmail @jobbers7  time to send troops. WTF. Kill them before it starts here.", "type": "direct_reply"}, {"index": 4, "attribution": 0.08041183650493622, "tweet_id": 525044283619807233, "text": "@globeandmail I'm so sorry for him,his family and friends.My heartfelt sympathy from Germany #NathanCirillo #ottawashooting @SusanneSaville", "type": "direct_reply"}, {"index": 9, "attribution": 0.07812274247407913, "tweet_id": 525031586765758464, "text": "@globeandmail Condolences to his family #RIP", "type": "direct_reply"}, {"index": 5, "attribution": 0.0434105210006237, "tweet_id": 525030525686513664, "text": "@globeandmail @ninatypewriter So young:(", "type": "direct_reply"}, {"index": 13, "attribution": -0.0031423757318407297, "tweet_id": 525037189722570752, "text": "@BergsonSandra thank you. That means a lot.", "type": "lower_reply"}, {"index": 1, "attribution": -0.0071007548831403255, "tweet_id": 525066359827603456, "text": "@globeandmail @wynharding so horrible. I am so very sorry for such a loss.", "type": "direct_reply"}, {"index": 17, "attribution": -0.009532308205962181, "tweet_id": 525082471688601601, "text": "@drmgrl_1 @globeandmail @WorldMedia4u you like it when Canadians die in the mid east so the Americans can steal resources?", "type": "lower_reply"}, {"index": 21, "attribution": -0.0984891727566719, "tweet_id": 525032839478513665, "text": "@globeandmail So upset.. Rest in peace friend", "type": "direct_reply"}, {"index": 8, "attribution": -0.10870159417390823, "tweet_id": 525036659340247041, "text": "@globeandmail @campbellru24  bows head, salutes,  mourns his passing #WLf http://t.co/sNC5d78gJk", "type": "direct_reply"}, {"index": 22, "attribution": -0.26862651109695435, "tweet_id": 525029883240411136, "text": "@globeandmail @FriedgeHNIC God bless him and his family", "type": "direct_reply"}, {"index": 7, "attribution": -0.3072454333305359, "tweet_id": 525043847043112960, "text": "@globeandmail @Raffi_RC So awful that this has happened! \n\n:(", "type": "direct_reply"}, {"index": 3, "attribution": -0.3653115928173065, "tweet_id": 525030843908362240, "text": "@globeandmail Thank-you for your service. RIP.", "type": "direct_reply"}, {"index": 0, "attribution": -0.6164599061012268, "tweet_id": 525026219100995584, "text": "Soldier killed at war memorial identified as Cpl. Nathan Cirillo #ottawashooting http://t.co/jlUKClnuNi http://t.co/GpU2jH26YP", "type": "source"}]}