{"thread_id": "525027651908800512", "gold_label": 0, "predicted_label": 2, "tweet_attributions": [{"index": 20, "attribution": 1.6200388669967651, "tweet_id": 525038835004997632, "text": "@one_under_god @ritzy_jewels @RKingLive2Dance Just after 9/11 they were collecting outside St Johns Wood, London mosque for the attackers.", "type": "lower_reply"}, {"index": 10, "attribution": 1.50948965549469, "tweet_id": 525037679504023553, "text": "@RKingLive2Dance @ritzy_jewels Terror attacks on NA soil and there's catch phrases fired instead of bullets. Storm the mosques!\n#wakeup", "type": "lower_reply"}, {"index": 29, "attribution": 1.2544573545455933, "tweet_id": 525041767343607809, "text": "@TonyG719 @one_under_god @ritzy_jewels 2/2 wasn't that thanks to Prince Charles, &amp; what an islamophyte is he! He shd never be king", "type": "lower_reply"}, {"index": 27, "attribution": 0.9611397385597229, "tweet_id": 525036322486890496, "text": "@ritzy_jewels @TorontoStar there really aren't words - nowhere is safe &amp; the cancer continues to spread, wake up world!", "type": "lower_reply"}, {"index": 24, "attribution": 0.8675978183746338, "tweet_id": 525042427589955584, "text": "@KellyMcRebel @one_under_god @ritzy_jewels &amp; UK, think the newsreader nearly choked trying to say it 'might' be a muslim attack", "type": "lower_reply"}, {"index": 2, "attribution": 0.8627474308013916, "tweet_id": 525048293244805120, "text": "@RKingLive2Dance @KellyMcRebel @one_under_god Well CANADIANS have no problem MOSLEM TERRORIST MURDERED Canadian Solider in Cold Blood today", "type": "lower_reply"}, {"index": 15, "attribution": 0.7832462787628174, "tweet_id": 525043992871055360, "text": "@RKingLive2Dance @one_under_god @ritzy_jewels If you get the chance, see Time Team's 'Britain's real Monarch', very revealing !!", "type": "lower_reply"}, {"index": 22, "attribution": 0.46482372283935547, "tweet_id": 525035741504880641, "text": "@RKingLive2Dance @TorontoStar SO SENSELESS !! ThIs is how they treat a HOST country !!!!!! Wake up Canadians", "type": "lower_reply"}, {"index": 28, "attribution": 0.43069422245025635, "tweet_id": 525040889870422018, "text": "@one_under_god @ritzy_jewels @RKingLive2Dance  \nAnd Canadian gov calls a spade a spade -TERRORISM. Instead of the utter bollocks obama spews", "type": "lower_reply"}, {"index": 18, "attribution": 0.38335278630256653, "tweet_id": 525044890506633216, "text": "@TonyG719 @one_under_god @ritzy_jewels ok just googled, I think I can get it on youtube - will check it out tomorrow ty for heads up", "type": "lower_reply"}, {"index": 8, "attribution": 0.3443278968334198, "tweet_id": 525057376408588288, "text": "@KellyMcRebel @deweyed1 @one_under_god @ritzy_jewels @RKingLive2Dance they probably have s leader who had a brain and a spine", "type": "lower_reply"}, {"index": 30, "attribution": 0.2958240807056427, "tweet_id": 525043123420807168, "text": "@RKingLive2Dance @KellyMcRebel @ritzy_jewels For every terror attack there has to be pay back. You attack us we burn down a mosque.", "type": "lower_reply"}, {"index": 23, "attribution": 0.25551003217697144, "tweet_id": 525054628854263809, "text": "@ritzy_jewels @RKingLive2Dance @KellyMcRebel Where's the clerics denouncing the attacks?! The #cancerspreads. Moslems are the enemy", "type": "lower_reply"}, {"index": 5, "attribution": 0.24077586829662323, "tweet_id": 525180565830778881, "text": "@RKingLive2Dance @one_under_god @ritzy_jewels  Sorry that was Britains real monarch. Oops my mistake. Try Youtube for 'Common Purpose'.", "type": "lower_reply"}, {"index": 31, "attribution": 0.20667332410812378, "tweet_id": 525047795540312067, "text": "@KellyMcRebel @one_under_god @RKingLive2Dance CANADA dId ..Even Murderer was called an Islamic convert Moslem GOOD FOR CANADA TELLING TRUTH", "type": "lower_reply"}, {"index": 32, "attribution": 0.19759075343608856, "tweet_id": 525180945520132096, "text": "@ritzy_jewels @one_under_god @KellyMcRebel oh yes, &amp; just wait a minute, I think I can hear them too http://t.co/GaUlNVyJje", "type": "lower_reply"}, {"index": 17, "attribution": 0.17336295545101166, "tweet_id": 525044993535119360, "text": "@TorontoStar On behalf of the Belgian twitter community, our sincere condoleances to Nathan Frank Cirillo's family and friends", "type": "direct_reply"}, {"index": 13, "attribution": 0.16496244072914124, "tweet_id": 525179773551906816, "text": "@TonyG719 @one_under_god @ritzy_jewels TY Tony!", "type": "lower_reply"}, {"index": 6, "attribution": 0.1616046279668808, "tweet_id": 525057926999072768, "text": "@one_under_god @RKingLive2Dance @KellyMcRebel HERE THEY ARE ... See them ??? http://t.co/bPReqdsdG6", "type": "lower_reply"}, {"index": 19, "attribution": 0.15145732462406158, "tweet_id": 525035506376380416, "text": "@TorontoStar @ritzy_jewels RIP", "type": "direct_reply"}, {"index": 0, "attribution": 0.128577321767807, "tweet_id": 525027651908800512, "text": "#Breaking Military sources, friends ID Nathan Frank Cirillo as soldier killed in Ottawa  http://t.co/CVyzAvavIF http://t.co/Q7qKp919Ml", "type": "source"}, {"index": 1, "attribution": 0.09892705082893372, "tweet_id": 525181585713537025, "text": "@RKingLive2Dance @one_under_god @KellyMcRebel Correct !! ASAP", "type": "lower_reply"}, {"index": 16, "attribution": 0.0873614177107811, "tweet_id": 525179994231017472, "text": "@RKingLive2Dance @one_under_god @ritzy_jewels YVW have a look at others there from Brian Gerrish. Well worth it", "type": "lower_reply"}, {"index": 14, "attribution": 0.0008680271566845477, "tweet_id": 525029460429787136, "text": "@TorontoStar Tragic &amp; heartbreaking to lose this young courageous soldier.", "type": "direct_reply"}, {"index": 12, "attribution": -0.02577066421508789, "tweet_id": 525035348230168576, "text": ".@TorontoStar Well there's one little guy who'll miss his daddy. Gosh what a bummer. How sad.", "type": "direct_reply"}, {"index": 7, "attribution": -0.03796904906630516, "tweet_id": 525049039235350528, "text": "@one_under_god With muslims in it.", "type": "lower_reply"}, {"index": 4, "attribution": -0.07646501809358597, "tweet_id": 525049396145037313, "text": "@RKingLive2Dance @one_under_god @ritzy_jewels http://t.co/SlHaEZrdeV", "type": "lower_reply"}, {"index": 9, "attribution": -0.08516787737607956, "tweet_id": 525029370382282752, "text": "@TorontoStar \nDespicable!!!\nRIP\n&gt;=)~:-)&gt;=)", "type": "direct_reply"}, {"index": 26, "attribution": -0.09157323092222214, "tweet_id": 525041466973126656, "text": "@TonyG719 @one_under_god @ritzy_jewels SICK!  I can't understand why we are taking this shit, its got to end! &amp; a mosque in SJW wtf .... 1/2", "type": "lower_reply"}, {"index": 3, "attribution": -0.11718616634607315, "tweet_id": 525054737377681409, "text": "@Gimme_Ammo @TorontoStar  \nYes, very sad.", "type": "lower_reply"}, {"index": 11, "attribution": -0.19090820848941803, "tweet_id": 525059401561169921, "text": "@KNDetweiler @KellyMcRebel @deweyed1 @one_under_god @RKingLive2Dance HARPER is a good leader", "type": "lower_reply"}, {"index": 25, "attribution": -0.2007744461297989, "tweet_id": 525037045279121408, "text": "@RKingLive2Dance @TorontoStar Totally agree .. All need to protect themselves &amp; families against this evil in the world .. CANADA GRIEVES", "type": "lower_reply"}, {"index": 21, "attribution": -0.22613829374313354, "tweet_id": 525031135039205376, "text": "Bewildered pup will b mourning \u201c@TorontoStar: \u2026Nathan Frank Cirillo soldier killed in Ottawa  http://t.co/cNfrESPEYr http://t.co/pEazQTyafz\u201d", "type": "direct_reply"}]}