{"thread_id": "525032872647065600", "gold_label": 2, "predicted_label": 2, "tweet_attributions": [{"index": 13, "attribution": 0.6198848485946655, "tweet_id": 525048948386299904, "text": "@20committee Oh, so they already know where Z-B had gone to? Any travels to the Levant recently?", "type": "direct_reply"}, {"index": 5, "attribution": 0.2505895495414734, "tweet_id": 525049059321462784, "text": "@chrisjefferson no info yet", "type": "lower_reply"}, {"index": 8, "attribution": 0.12152232974767685, "tweet_id": 525040767270543360, "text": "@aniekan_o sure looks like one", "type": "lower_reply"}, {"index": 3, "attribution": 0.060465577989816666, "tweet_id": 525034548196024320, "text": "@aenk963 @BlogsofWar yes, but CSIS can't watch that many 24/7", "type": "lower_reply"}, {"index": 11, "attribution": 0.055637672543525696, "tweet_id": 525040562765053952, "text": "@20committee the incident yesterday (car) in Canada was that a terrorist attack as well?", "type": "direct_reply"}, {"index": 12, "attribution": 0.024817684665322304, "tweet_id": 525034442104901632, "text": "If Michael Zehaf-Bebeau had his passport confiscated doesn't it make sense to track his movements - was this done? @20committee @BlogsofWar", "type": "direct_reply"}, {"index": 10, "attribution": 0.022445859387516975, "tweet_id": 525040309097336832, "text": "@20committee @kshaidle It makes more sense to let them leave, and invalidate their passports before they return.", "type": "direct_reply"}, {"index": 14, "attribution": 0.020996632054448128, "tweet_id": 525035264826413056, "text": "@20committee @sqwerin and @BarackObama still refuses to call it terrorism!", "type": "direct_reply"}, {"index": 15, "attribution": 0.013633073307573795, "tweet_id": 525033521837273088, "text": "@20committee Pathetic.", "type": "direct_reply"}, {"index": 6, "attribution": -0.0033663029316812754, "tweet_id": 525062791712235520, "text": "@20committee   A high risk traveller!  But a risk to #Canadians and government officials , he was okay ?", "type": "direct_reply"}, {"index": 4, "attribution": -0.0035104260314255953, "tweet_id": 525035734403530752, "text": "micro chip them - Just an uncivil thought :) @20committee @BlogsofWar", "type": "lower_reply"}, {"index": 9, "attribution": -0.02314702421426773, "tweet_id": 525033642939416576, "text": "@20committee @kshaidle maybe we should start revoking passports AFTER they leave...", "type": "direct_reply"}, {"index": 1, "attribution": -0.026801608502864838, "tweet_id": 525035256361934848, "text": "Yes:) except in Australia there's a discussion to let 'sympathizers' reenter OZ to rehabilitate! WTF! @MarkOkanagan @20committee @kshaidle", "type": "lower_reply"}, {"index": 2, "attribution": -0.11236738413572311, "tweet_id": 525038702607994880, "text": "@20committee @AresXtra They must put high risk travelers in civilian detaine camps to prevent attacks.US does this with suspect japs in WWII", "type": "direct_reply"}, {"index": 7, "attribution": -0.11505994945764542, "tweet_id": 525033513062371328, "text": "@20committee @BlogsofWar How come we have to pussy foot around terrorism for hours before calling what it is.", "type": "direct_reply"}, {"index": 0, "attribution": -0.5073503255844116, "tweet_id": 525032872647065600, "text": "BREAKING: Michael Zehaf-Bebeau had been designated \"high-risk traveller\" by CDN govt, which confiscated his passport http://t.co/dPeMQ78jzm", "type": "source"}]}