{"thread_id": "525026715123601408", "gold_label": 0, "predicted_label": 0, "tweet_attributions": [{"index": 0, "attribution": 0.3188607096672058, "tweet_id": 525026715123601408, "text": "Cpl. Nathan Cirillo identified as soldier shot, killed in Ottawa today, aunt says - @globeandmail http://t.co/oVrp10U6uG", "type": "source"}, {"index": 2, "attribution": 0.019878964871168137, "tweet_id": 525041373674602497, "text": "@BreakingNews @globeandmail Poor guy. We hope for justice and peace for his family", "type": "direct_reply"}, {"index": 7, "attribution": 0.019653547555208206, "tweet_id": 525027012801335297, "text": "@BreakingNews @globeandmail dang", "type": "direct_reply"}, {"index": 10, "attribution": 0.01948409155011177, "tweet_id": 525029698691022848, "text": "@BreakingNews @globeandmail Our Thoughts and Prayers . . . Hats off to you, Cpl Nathan Cirillo !!! Our deepest Condolences to your Family:(", "type": "direct_reply"}, {"index": 5, "attribution": 0.005460269283503294, "tweet_id": 525032446438674432, "text": "@BreakingNews @globeandmail Thank you, Nathan Cirillo, for serving, and thanks to all those who responded and never quit trying to save him.", "type": "direct_reply"}, {"index": 3, "attribution": 0.0006204545497894287, "tweet_id": 525046407603159041, "text": "@BreakingNews @globeandmail", "type": "direct_reply"}, {"index": 8, "attribution": -0.0029034975450485945, "tweet_id": 525030799926910976, "text": "Jesus. \u201c@BreakingNews: Cpl. Nathan Cirillo identified as soldier shot, killed in Ottawa today @globeandmail http://t.co/LxpBXiqakW\u201d", "type": "direct_reply"}, {"index": 4, "attribution": -0.012066285125911236, "tweet_id": 525026918392168448, "text": "\u201c@BreakingNews: Cpl. Nathan Cirillo identified as soldier shot, killed in Ottawa today, aunt says \n\nSo sad. Prayers for his family", "type": "direct_reply"}, {"index": 11, "attribution": -0.01890111155807972, "tweet_id": 525039864803115008, "text": "@BreakingNews @globeandmail  Condolences to his family.", "type": "direct_reply"}, {"index": 1, "attribution": -0.019642530009150505, "tweet_id": 525027564931543040, "text": "@BreakingNews @globeandmail poor guy hope they shoot them all", "type": "direct_reply"}, {"index": 6, "attribution": -0.01968217082321644, "tweet_id": 525031250822963200, "text": "@BreakingNews @globeandmail Gunman had Passport seized and had a travel ban.", "type": "direct_reply"}, {"index": 9, "attribution": -0.09409772604703903, "tweet_id": 525027869018574848, "text": "@BreakingNews @globeandmail Ottawa Shooting RAW coverage Oct 22 2014 98 photos ALL PHOTOS BY Paul Lauzon Copyright  http://t.co/OvMbZmaOor", "type": "direct_reply"}]}