{"thread_id": "525041091507388416", "gold_label": 0, "predicted_label": 2, "tweet_attributions": [{"index": 6, "attribution": 3.8077895641326904, "tweet_id": 525051051846959104, "text": "@globeandmail @apple_hotm sad", "type": "direct_reply"}, {"index": 14, "attribution": 1.8097853660583496, "tweet_id": 525052540921315329, "text": "@carrotface64 That puppy is in almost every picture.  I bet he's waiting by the front door for him right now.", "type": "lower_reply"}, {"index": 10, "attribution": 0.3175401985645294, "tweet_id": 525045324646055936, "text": "@globeandmail R.I.P. #CplNathanCirillo #ottawashooting", "type": "direct_reply"}, {"index": 8, "attribution": 0.2921138107776642, "tweet_id": 525055972096897024, "text": "@apple_hotm terrible terrible times we live in . When the sadness goes you feel angry", "type": "lower_reply"}, {"index": 12, "attribution": 0.19255687296390533, "tweet_id": 525045537616457728, "text": "@globeandmail It is hard to find words, but I so want to express my sorrow and support to the family and friends of Cpl Nathan Cirillo. RIP", "type": "direct_reply"}, {"index": 2, "attribution": 0.18791605532169342, "tweet_id": 525046308391096320, "text": "\u201c@globeandmail: Soldier killed at war memorial identified as Cpl. Nathan Cirillo http://t.co/F5KXdz1bUb http://t.co/4tkj8roKa4\u201d Wtf zaddy", "type": "direct_reply"}, {"index": 7, "attribution": 0.14901040494441986, "tweet_id": 525061028288409600, "text": "\u201c@globeandmail: Soldier killed at war memorial identified as Cpl. Nathan Cirillo http://t.co/9Rv1RPsGtQ http://t.co/HqndnFfZnt\u201d #restinpeace", "type": "direct_reply"}, {"index": 11, "attribution": 0.0005365275428630412, "tweet_id": 525042675943104512, "text": "@globeandmail Thoughts and prayers go out to his family and all of Ottawa.", "type": "direct_reply"}, {"index": 4, "attribution": -0.06303851306438446, "tweet_id": 525049730456649728, "text": "@globeandmail #cplnathancirillo #OttawaShooting RIP very sad \ud83d\ude1e", "type": "direct_reply"}, {"index": 5, "attribution": -0.08486644178628922, "tweet_id": 525041938270269441, "text": "@globeandmail RIP Cpl. Cirillo. Our prayers are with you and your family.", "type": "direct_reply"}, {"index": 16, "attribution": -0.11558389663696289, "tweet_id": 525041858993324032, "text": "@globeandmail  R.I.P.  Nathan", "type": "direct_reply"}, {"index": 15, "attribution": -0.1344423145055771, "tweet_id": 525042004544475136, "text": "@globeandmail \"From far &amp; wide, Oh Canada, we stand on guard for thee\"", "type": "direct_reply"}, {"index": 9, "attribution": -0.13867703080177307, "tweet_id": 525041792266534913, "text": "Forever remembered @globeandmail: Soldier killed at war memorial Cpl. Nathan Cirillo  http://t.co/h7baDWdtpk http://t.co/IeTjkHjzyi\u201d", "type": "direct_reply"}, {"index": 1, "attribution": -0.2330053299665451, "tweet_id": 525044176593764353, "text": "@globeandmail RIP.  So sad.", "type": "direct_reply"}, {"index": 3, "attribution": -0.39592552185058594, "tweet_id": 525041291974176768, "text": "@globeandmail #CanadaStrong #Hero #RIP", "type": "direct_reply"}, {"index": 13, "attribution": -0.40862706303596497, "tweet_id": 525050244220739584, "text": "@globeandmail Salute... it shouldn't happen :(  rest in peace", "type": "direct_reply"}, {"index": 17, "attribution": -0.45620405673980713, "tweet_id": 525045826129641473, "text": "@globeandmail Beyond Sad. Prayers up for his family and friends. Senseless crime.", "type": "direct_reply"}, {"index": 0, "attribution": -0.6312068700790405, "tweet_id": 525041091507388416, "text": "Soldier killed at war memorial identified as Cpl. Nathan Cirillo #ottawashooting http://t.co/YnM8FvFckL http://t.co/2jhrreIxPu", "type": "source"}, {"index": 18, "attribution": -0.6657801270484924, "tweet_id": 525042299407835137, "text": "A sad day for our heros of the military!  RIP.  @globeandmail", "type": "direct_reply"}]}