{"thread_id": "525030696738652160", "gold_label": 0, "predicted_label": 2, "tweet_attributions": [{"index": 0, "attribution": 0.27099132537841797, "tweet_id": 525030696738652160, "text": "Canadian soldier killed in Ottawa identified http://t.co/dyvCaD9AcN // #CDNpoli #OttawaShooting http://t.co/7WEpRv9s5c", "type": "source"}, {"index": 18, "attribution": 0.07740163803100586, "tweet_id": 525034611639091201, "text": "@SunNewsNetwork We need to shake hands &amp; thank,every soldier &amp; police officer we meet, to thank them for their service in keeping us safe.", "type": "direct_reply"}, {"index": 10, "attribution": 0.06684864312410355, "tweet_id": 525034957606240256, "text": "heartbreaking @SunNewsNetwork @ten24get", "type": "direct_reply"}, {"index": 9, "attribution": 0.023418189957737923, "tweet_id": 525089829986770944, "text": "\u201c@SunNewsNetwork: Canadian soldier killed in Ottawa identified http://t.co/p4rBl7fieK // #CDNpoli #OttawaShooting http://t.co/Dc3efuAlM0\u201dRIP", "type": "direct_reply"}, {"index": 2, "attribution": 0.014748107641935349, "tweet_id": 525116216721936384, "text": "@SunNewsNetwork sending prayers and healing for the sickness in our world. &lt;3 @grammypags1", "type": "direct_reply"}, {"index": 5, "attribution": 0.012005521915853024, "tweet_id": 525031341453099008, "text": "@SunNewsNetwork Prayers are with those he left behind.", "type": "direct_reply"}, {"index": 6, "attribution": 0.005229323636740446, "tweet_id": 525060676780175361, "text": "@SunNewsNetwork This is a terrible loss and I'm sad and sorry.  Unfortunately, you were not protected by the Cdn DND we need to protect us.", "type": "direct_reply"}, {"index": 11, "attribution": -0.0032589705660939217, "tweet_id": 525030845779021824, "text": "@SunNewsNetwork R.I.P good sir", "type": "direct_reply"}, {"index": 17, "attribution": -0.006568295415490866, "tweet_id": 525045861433491456, "text": "@SunNewsNetwork His dog will also miss him very much.", "type": "direct_reply"}, {"index": 16, "attribution": -0.013154192827641964, "tweet_id": 525050631716098049, "text": "@sunnewsnetwork. Rest in Peace u will always be remembered in our hearts", "type": "direct_reply"}, {"index": 12, "attribution": -0.016356168314814568, "tweet_id": 525048612854562816, "text": "@SunNewsNetwork @smith_lois This is so sad. Why does there have to be violence all the time everywhere?", "type": "direct_reply"}, {"index": 4, "attribution": -0.018329782411456108, "tweet_id": 525059064347111424, "text": "@SunNewsNetwork Great photo of a guy who deserves to be remembered as one in service to his country.", "type": "direct_reply"}, {"index": 13, "attribution": -0.0220088679343462, "tweet_id": 525389355200692224, "text": "@SunNewsNetwork @VRMcCoy A young man died beacuse of barbarian terrorists? Soon realitty in Sweden,with open borders for kriminell jihadists", "type": "direct_reply"}, {"index": 7, "attribution": -0.030462108552455902, "tweet_id": 525034327801729024, "text": ".@SunNewsNetwork Deepest sympathies to family &amp; friends of Cpl. Cirillo and to Canada for your loss. #OttawaShooting.", "type": "direct_reply"}, {"index": 3, "attribution": -0.031214775517582893, "tweet_id": 525051637346623488, "text": "@SunNewsNetwork #FRENCH #PATRIOTS SAY #RIP", "type": "direct_reply"}, {"index": 15, "attribution": -0.03669196739792824, "tweet_id": 525039419032489984, "text": "@SunNewsNetwork I am so very truly sorry for his family.  Prayers for this family . My condolences", "type": "direct_reply"}, {"index": 14, "attribution": -0.040497537702322006, "tweet_id": 525067060833812480, "text": "@SunNewsNetwork My thoughts and prayers are with his family and friends.", "type": "direct_reply"}, {"index": 8, "attribution": -0.04858066141605377, "tweet_id": 525070916913356800, "text": "@SunNewsNetwork :(", "type": "direct_reply"}, {"index": 1, "attribution": -0.054861899465322495, "tweet_id": 525049239202988032, "text": "@astoryweaver @SunNewsNetwork This is a dreadful loss of a beautiful young man. I'm heartsore for his family and his friends.", "type": "lower_reply"}]}