{"thread_id": "525049831312875521", "gold_label": 0, "predicted_label": 2, "tweet_attributions": [{"index": 23, "attribution": 1.6609631776809692, "tweet_id": 525051527509979136, "text": "@jjsalass @CBCOttawa @sinonevero speak english you in canada", "type": "lower_reply"}, {"index": 43, "attribution": 1.4320851564407349, "tweet_id": 525067400018808832, "text": "@randomjames @adrienpiette1 @CBCOttawa @CBCAlerts your face like Taliban", "type": "lower_reply"}, {"index": 17, "attribution": 1.3831191062927246, "tweet_id": 525069180224421888, "text": "@Iran_Photos @adrienpiette1 Zing!", "type": "lower_reply"}, {"index": 46, "attribution": 1.0468424558639526, "tweet_id": 525051353597759488, "text": "@CBCOttawa @CBCAlerts sick fu...crazy man bring insulting images toward are Muslims", "type": "direct_reply"}, {"index": 9, "attribution": 0.983557939529419, "tweet_id": 525050731187818496, "text": "@CBCOttawa @sinonevero Convertido al Islam y propalestino, nadie se esperaba este giro de los acontecimientos...OH, WAIT!", "type": "direct_reply"}, {"index": 16, "attribution": 0.9635341763496399, "tweet_id": 525066482359992320, "text": "@adrienpiette1 @Iran_Photos @CBCOttawa @CBCAlerts Naturally. I was poking fun at this person\u2019s earlier tweet https://t.co/mIlNbPBPaN ;)", "type": "lower_reply"}, {"index": 27, "attribution": 0.6546783447265625, "tweet_id": 525704133501026304, "text": "@bentrem @Iran_Photos @jjsalass @CBCOttawa @sinonevero lol", "type": "lower_reply"}, {"index": 14, "attribution": 0.652275025844574, "tweet_id": 525070916125196288, "text": "@randomjames @Iran_Photos in my town its pretty much 40% French 50% English 10% other.", "type": "lower_reply"}, {"index": 26, "attribution": 0.4635935127735138, "tweet_id": 525072529451646976, "text": "@adrienpiette1 @randomjames english people are talk more easy to us as immigrants and french are more stay off I saw in Monttreal", "type": "lower_reply"}, {"index": 11, "attribution": 0.4500213861465454, "tweet_id": 525069041434910720, "text": "@Iran_Photos @randomjames @CBCOttawa @CBCAlerts it also depends on your location too. The small towns around Montreal are quite French.", "type": "lower_reply"}, {"index": 45, "attribution": 0.437986820936203, "tweet_id": 525704672095772673, "text": "@choosegrace Why would you put all these people at the very beginning of your tweet?\nYou really needed to send \"lol\" to them all? \nInsanity.", "type": "lower_reply"}, {"index": 25, "attribution": 0.28142815828323364, "tweet_id": 525053197665062914, "text": "@Iran_Photos @CBCOttawa @CBCAlerts Speak English, you\u2019re in Canada", "type": "lower_reply"}, {"index": 3, "attribution": 0.26149529218673706, "tweet_id": 525057036598644736, "text": "@pharling I don't know. Something to be said for throwing a piece of shit like that into the general population.", "type": "lower_reply"}, {"index": 5, "attribution": 0.2548481822013855, "tweet_id": 525077898894774272, "text": "@Iran_Photos @randomjames my aunts and uncles are the same way. The older generation. They soon forgot the other immigrants before them.", "type": "lower_reply"}, {"index": 28, "attribution": 0.25122693181037903, "tweet_id": 525051766182649856, "text": "@CBCOttawa @cbcamanda Oh dear, why did he have to wear that fucking handkerchief?", "type": "direct_reply"}, {"index": 35, "attribution": 0.22991709411144257, "tweet_id": 525051409557762048, "text": ".@CBCOttawa @CBCAlerts Source and origin of \"photo of Michael Zehaf-Bibeau\"? Verified?", "type": "direct_reply"}, {"index": 0, "attribution": 0.22282741963863373, "tweet_id": 525049831312875521, "text": "BREAKING | This is a photo of Michael Zehaf-Bibeau, gunman in this morning's shootings in Ottawa. #cbcOTT #OTTnews http://t.co/OLSxlYPelj", "type": "source"}, {"index": 42, "attribution": 0.20297767221927643, "tweet_id": 525067264270532608, "text": "@adrienpiette1 @randomjames @CBCOttawa @CBCAlerts french is hard to learn  in Montreal no one teach or talk to me french in montreal", "type": "lower_reply"}, {"index": 33, "attribution": 0.17941786348819733, "tweet_id": 525704159413428224, "text": "@randomjames - And you /also/ tweet \"speak english you in canada\" to this list of people? @Iran_Photos @CBCOttawa @CBCAlerts \nInsanity.", "type": "lower_reply"}, {"index": 29, "attribution": 0.1775820106267929, "tweet_id": 525051647311900672, "text": "@CBCOttawa @CBCAlerts Have you actually confirmed this? I'd previously only seen it attributed to an ISIS Twitter account, which...", "type": "direct_reply"}, {"index": 8, "attribution": 0.1756642609834671, "tweet_id": 525095900570341376, "text": "@juliamacfarlane @CBCOttawa oh right !", "type": "lower_reply"}, {"index": 39, "attribution": 0.1754464954137802, "tweet_id": 525072695042797568, "text": "@randomjames @adrienpiette1 I sw your photo on landscaping company", "type": "lower_reply"}, {"index": 24, "attribution": 0.16061283648014069, "tweet_id": 525062503454089216, "text": "@evaholland @CBCOttawa @CBCAlerts Got a link to this twitter?", "type": "lower_reply"}, {"index": 21, "attribution": 0.12815453112125397, "tweet_id": 525066738405482496, "text": "@randomjames @Iran_Photos @CBCOttawa @CBCAlerts that what I figured. This is o messed up.", "type": "lower_reply"}, {"index": 32, "attribution": 0.1219344213604927, "tweet_id": 525052028419338240, "text": "@Iran_Photos @jjsalass @CBCOttawa  go and fuck your goat.", "type": "lower_reply"}, {"index": 19, "attribution": 0.10271824151277542, "tweet_id": 525052917380698113, "text": "@CBCOttawa @KingstonPete glad he is dead.", "type": "direct_reply"}, {"index": 41, "attribution": 0.09062206000089645, "tweet_id": 525051999683743744, "text": "@CBCOttawa @CBCAlerts Why not focus on the victim of todays tragedy http://t.co/XK0edJU8es", "type": "direct_reply"}, {"index": 12, "attribution": 0.08658763021230698, "tweet_id": 525704670162194432, "text": "@bentrem Huh? Think you may have missed the joke\u2026", "type": "lower_reply"}, {"index": 31, "attribution": 0.07420177757740021, "tweet_id": 525703764511313921, "text": "@Iran_Photos - You tweet \"speak english you in canada\" to this list of people? @jjsalass @CBCOttawa @sinonevero \nPretty crazy, fella!", "type": "lower_reply"}, {"index": 1, "attribution": 0.05790304020047188, "tweet_id": 525469978511015936, "text": "@evaholland @CBCOttawa @CBCAlerts cnn?", "type": "lower_reply"}, {"index": 13, "attribution": 0.04920776188373566, "tweet_id": 525058945186951168, "text": "@CPeter1987 @CBCOttawa @CBCAlerts animals are more civilized", "type": "lower_reply"}, {"index": 4, "attribution": 0.04343033209443092, "tweet_id": 525051013947203585, "text": "@CBCOttawa  The person that took the photo smokes.", "type": "direct_reply"}, {"index": 40, "attribution": 0.02425423078238964, "tweet_id": 525058320856391681, "text": "@sinonevero @Iran_Photos @CBCOttawa \u00a1JAJAJA!", "type": "lower_reply"}, {"index": 44, "attribution": -0.013991791754961014, "tweet_id": 525063169761222658, "text": "@Pkurwhips @CBCOttawa @CBCAlerts No, just saw people tweeting the photo and claiming they got it from an ISIS account earlier.", "type": "lower_reply"}, {"index": 22, "attribution": -0.02098310925066471, "tweet_id": 525705860312727552, "text": "@bentrem you are rude and therefore blocked.", "type": "lower_reply"}, {"index": 2, "attribution": -0.047877293080091476, "tweet_id": 525867802222006273, "text": "@choosegrace You are foolish and therefore ... foolish.", "type": "lower_reply"}, {"index": 34, "attribution": -0.06691725552082062, "tweet_id": 525050097303052288, "text": "#AttackInOttawa\n@CBCOttawa: BREAKING | Photo of Michael Zehaf-Bibeau, gunman in this morning's shootings in #Ottawa\n http://t.co/ueIHrK5u74", "type": "direct_reply"}, {"index": 18, "attribution": -0.12896284461021423, "tweet_id": 525051234978627585, "text": "@CBCOttawa had to share this on my site. Thank you! http://t.co/MAl04fqfiO", "type": "direct_reply"}, {"index": 48, "attribution": -0.14074589312076569, "tweet_id": 525051333502861312, "text": "La photo du suspect de la #fusillade d'#Ottawa \u201c@CBCOttawa: BREAKING | This is a photo of Michael Zehaf-Bibeau,   http://t.co/5b6Gl4VlnM\u201d", "type": "direct_reply"}, {"index": 20, "attribution": -0.14216114580631256, "tweet_id": 525051010239442944, "text": "@CBCOttawa @CBCAlerts Death was too good for this animal", "type": "direct_reply"}, {"index": 10, "attribution": -0.14865659177303314, "tweet_id": 525066184107253760, "text": "@randomjames @Iran_Photos @CBCOttawa @CBCAlerts or French?", "type": "lower_reply"}, {"index": 47, "attribution": -0.16115903854370117, "tweet_id": 525068372309196800, "text": "@Iran_Photos @adrienpiette1 @CBCOttawa @CBCAlerts Are you kidding? The Qu\u00e9bec gov\u2019t offers very cheap French classes http://t.co/b6xeclPblK", "type": "lower_reply"}, {"index": 7, "attribution": -0.17033816874027252, "tweet_id": 525078267272134657, "text": "@Iran_Photos @randomjames me? Really. Weird.", "type": "lower_reply"}, {"index": 36, "attribution": -0.21484233438968658, "tweet_id": 525853516309331969, "text": "@randomjames This is Twitter. \nThis is plain, simple English. Online. \n\"Irony\" and even \"sarcasm\" is merely self-indulgent. \nNo joke here.", "type": "lower_reply"}, {"index": 30, "attribution": -0.23175762593746185, "tweet_id": 525052510835195904, "text": "\u201c@CBCOttawa This is a photo of Michael Zehaf-Bibeau, gunman in this morning's #OttawaShooting. #cbcOTT #OTTnews http://t.co/3aR0X7faEN\u201d", "type": "direct_reply"}, {"index": 15, "attribution": -0.27460095286369324, "tweet_id": 525468791288115201, "text": "@evaholland @CBCOttawa @CBCAlerts I just happened to scroll by the news and some really high up was briefing a huge conference i believe.", "type": "lower_reply"}, {"index": 38, "attribution": -0.27997300028800964, "tweet_id": 525052326546268162, "text": "Photo of Michael Zehaf-Bibeau, gunman in this morning's shootings in #Ottawa #Canada. Via @CBCOttawa #OTTnews http://t.co/uzn8wdzjSM", "type": "direct_reply"}, {"index": 37, "attribution": -0.2853069007396698, "tweet_id": 525052536009408512, "text": "@evaholland @CBCOttawa @CBCAlerts Confirmed by police sources to CBC, according to CBC TV", "type": "lower_reply"}, {"index": 6, "attribution": -0.5125980973243713, "tweet_id": 525052057582321664, "text": "@CBCOttawa @CBCAlerts is that the terrorist uniform? And look at that old-school rifle, it's sad that this idiot got as far as he did.", "type": "direct_reply"}]}