{"thread_id": "525028734991343617", "gold_label": 0, "predicted_label": 0, "tweet_attributions": [{"index": 5, "attribution": 1.0240041017532349, "tweet_id": 525030173914431488, "text": "@CP24 USA come before canadian media", "type": "direct_reply"}, {"index": 4, "attribution": 0.1506178230047226, "tweet_id": 525036486337757185, "text": "@CP24 That name should not be mentioned again.", "type": "direct_reply"}, {"index": 2, "attribution": 0.08559238165616989, "tweet_id": 525030166687670272, "text": "@CP24 I think that soldiers should be armed and wear protective vests when they are on guard any where.", "type": "direct_reply"}, {"index": 3, "attribution": 0.018028508871793747, "tweet_id": 525032614697385984, "text": "@CP24 \nOK now let's swoop in on all who knew him!", "type": "direct_reply"}, {"index": 1, "attribution": -0.08857599645853043, "tweet_id": 525034956691869696, "text": "@inky_mark @CP24 as part of a co-op criminal investigation one would http://t.co/oEZ9w7goVi doesn't need facts to write stories it appears.", "type": "lower_reply"}, {"index": 0, "attribution": -0.9043330550193787, "tweet_id": 525028734991343617, "text": "CTV News confirms that Canadian authorities have provided US authorities with the name Michael Zehaf-Bibeau in connection to Ottawa shooting", "type": "source"}]}