{"thread_id": "525024066152169473", "gold_label": 0, "predicted_label": 0, "tweet_attributions": [{"index": 1, "attribution": 0.07877691090106964, "tweet_id": 525025108805820417, "text": "@CBCAlerts so sad \ud83d\ude4f", "type": "direct_reply"}, {"index": 9, "attribution": 0.0780268982052803, "tweet_id": 525025874492817408, "text": "@CBCAlerts so sad, so pointless!", "type": "direct_reply"}, {"index": 3, "attribution": 0.049186985939741135, "tweet_id": 525024903855349761, "text": "@CBCAlerts @CBCCalgary at the going down of the sun and in the morning we shall remrmbet them RIP Cpl Cirillo", "type": "direct_reply"}, {"index": 11, "attribution": 0.044358473271131516, "tweet_id": 525025861641461760, "text": "@CBCAlerts @RosieBarton Condolences to his family as we struggle to understand how and why this happened.", "type": "direct_reply"}, {"index": 16, "attribution": 0.041384257376194, "tweet_id": 525025129131016194, "text": "@CBCAlerts @TheAPJournalist tragic", "type": "direct_reply"}, {"index": 4, "attribution": 0.039597038179636, "tweet_id": 525025616765386752, "text": "@CBCAlerts @nicireland_news so sad", "type": "direct_reply"}, {"index": 10, "attribution": 0.03854970261454582, "tweet_id": 525026271760490496, "text": "@CBCAlerts @CBCMontreal \nJust tragic.  His family must be devastated.  RIP.  To think that this man was killed at home and not in battle.", "type": "direct_reply"}, {"index": 2, "attribution": 0.03335636481642723, "tweet_id": 525024962101645313, "text": "@CBCAlerts @newswatchcanada May God grant him peace", "type": "direct_reply"}, {"index": 7, "attribution": 0.029260694980621338, "tweet_id": 525025821309030400, "text": "@CBCAlerts heartbreaking but Canadians stand together strong", "type": "direct_reply"}, {"index": 6, "attribution": 0.01726524904370308, "tweet_id": 525024484374622208, "text": "@CBCAlerts so young!! What a horrible loss for our country :(", "type": "direct_reply"}, {"index": 17, "attribution": 0.015593201853334904, "tweet_id": 525025800177737728, "text": "@CBCAlerts @CBCTheNational RIP Soldier!", "type": "direct_reply"}, {"index": 5, "attribution": 0.004310659598559141, "tweet_id": 525025511425064961, "text": "@CBCAlerts @vdehejia Did you know the connection @LynneBell1 http://t.co/8mtwLvYXP5 so desperately sad.", "type": "direct_reply"}, {"index": 13, "attribution": 0.002016419544816017, "tweet_id": 525024576691269632, "text": "@CBCAlerts rip", "type": "direct_reply"}, {"index": 8, "attribution": -0.004203599877655506, "tweet_id": 525024401184817154, "text": "@CBCAlerts Devastating.", "type": "direct_reply"}, {"index": 15, "attribution": -0.0060769934207201, "tweet_id": 525024648761974785, "text": "@CBCAlerts rest peacefully, your duty is done.", "type": "direct_reply"}, {"index": 12, "attribution": -0.006959265563637018, "tweet_id": 525025518249193472, "text": "@CBCAlerts tragic and maddening #respect #remembrance #sad", "type": "direct_reply"}, {"index": 14, "attribution": -0.010014602914452553, "tweet_id": 525024460488081408, "text": "RIP @CBCAlerts: Corporal Nathan Cirillo, shot dead at #Ottawa War Memorial today, was 24. Reservist was member of Argyll and Sutherland", "type": "direct_reply"}, {"index": 0, "attribution": -0.04478222504258156, "tweet_id": 525024066152169473, "text": "Corporal Nathan Cirillo, shot dead at #Ottawa War Memorial today, was 24. Reservist was member of Argyll and Sutherland Highlanders #cdnpoli", "type": "source"}]}