{"thread_id": "525023025792835585", "gold_label": 0, "predicted_label": 0, "tweet_attributions": [{"index": 0, "attribution": 0.18085868656635284, "tweet_id": 525023025792835585, "text": "#RIPNathanCirillo\n\nRT @globeandmail: Soldier killed at war memorial identified as Cpl. Nathan Cirillo #OttawaShooting http://t.co/uZZqmlctss", "type": "source"}, {"index": 11, "attribution": 0.05087389051914215, "tweet_id": 525040225441951744, "text": "@butterfly_LV @Cameron_Gray @globeandmail \ud83d\ude22", "type": "lower_reply"}, {"index": 2, "attribution": 0.046703141182661057, "tweet_id": 525025735338381313, "text": "@Cameron_Gray @globeandmail May he rest in peace.#respect", "type": "direct_reply"}, {"index": 6, "attribution": 0.035571541637182236, "tweet_id": 525046262467293184, "text": "@Cameron_Gray @Ellysa_Maye @globeandmail Prayers &amp; hugs to his family. #RIPNathanCirillo", "type": "direct_reply"}, {"index": 1, "attribution": 0.0031848775688558817, "tweet_id": 525049296794574850, "text": "@Cameron_Gray @DAJSamarasinghe @globeandmail May His Soul Rest in Peace!", "type": "direct_reply"}, {"index": 8, "attribution": -0.0016695951344445348, "tweet_id": 525023379481313281, "text": "@Cameron_Gray @globeandmail Rest In Peace Soldier and God Bless You.", "type": "direct_reply"}, {"index": 7, "attribution": -0.0017826460534706712, "tweet_id": 525028433106309121, "text": "\u201c@Cameron_Gray: #RIPNathanCirillo\n: Soldier killed at war memorial identified as Cpl. Nathan Cirillo #OttawaShooting http://t.co/QBkduHjIbe\u201d", "type": "direct_reply"}, {"index": 9, "attribution": -0.00928193423897028, "tweet_id": 525024680613511169, "text": "@Cameron_Gray Heartbreaking! @globeandmail", "type": "direct_reply"}, {"index": 10, "attribution": -0.025848709046840668, "tweet_id": 525025685820030976, "text": "@Cameron_Gray @julieG1 @globeandmail Effed-up for so many reasons.", "type": "direct_reply"}, {"index": 4, "attribution": -0.03440507501363754, "tweet_id": 525031384029872128, "text": "@Cameron_Gray @globeandmail I am so sorry for him, his family and friends. May his memory be a blessing.", "type": "direct_reply"}, {"index": 3, "attribution": -0.038236040621995926, "tweet_id": 525024498999783424, "text": "@Cameron_Gray @globeandmail A hero's life cut short by a coward while standing by our symbol of freedom. Condolences to his family and CF.", "type": "direct_reply"}, {"index": 5, "attribution": -0.06427919119596481, "tweet_id": 525032806288601088, "text": "@Cameron_Gray @CFLancop @globeandmail Rest in Peace, Cpl Cirillo.  Prayers for his famil.", "type": "direct_reply"}]}