{"thread_id": "525072912957452289", "gold_label": 0, "predicted_label": 2, "tweet_attributions": [{"index": 18, "attribution": 3.7825467586517334, "tweet_id": 525078107292962816, "text": "@beets79 @CP24 Class doesn't count when a murderer kills one of yours", "type": "lower_reply"}, {"index": 1, "attribution": 3.0616228580474854, "tweet_id": 525073137122435073, "text": "@CP24 How about have some class and focus on the victim instead.", "type": "direct_reply"}, {"index": 8, "attribution": 1.7315999269485474, "tweet_id": 525081737618268160, "text": "@ruthia911 @beets79 @CP24 Class is appreciating one of our own soldiers that is the good of Canada (Cirillo) not the bad (Bibeau)", "type": "lower_reply"}, {"index": 4, "attribution": 1.0484397411346436, "tweet_id": 525074384156102657, "text": "@beets79 @CP24 they are they did but the public also needs to know who this coward is and the coward group", "type": "lower_reply"}, {"index": 15, "attribution": 0.6115058660507202, "tweet_id": 525073217141358592, "text": "@CP24 stop giving him a platform. It doesn't matter what he looks like.", "type": "direct_reply"}, {"index": 2, "attribution": 0.47002923488616943, "tweet_id": 525140450731372544, "text": "@JFerraraF18 @ruthia911 @beets79 @CP24 I agree with Jeff!", "type": "lower_reply"}, {"index": 16, "attribution": 0.4530201256275177, "tweet_id": 525100575852343297, "text": "@TdotBrownMon @Mairsy27 that soldier had nothing to do with decison he's just doing what he's gotta do", "type": "lower_reply"}, {"index": 19, "attribution": 0.3778117597103119, "tweet_id": 525073572922814466, "text": "@CP24 I expect sometime in the future, computers would be able to reconstruct the photographer's silhouette...", "type": "direct_reply"}, {"index": 12, "attribution": 0.35183921456336975, "tweet_id": 525083246171029505, "text": "@CP24 gud canada deserves that shit dunt talk shit an get involved in other countries business pusssies lmaoo", "type": "direct_reply"}, {"index": 9, "attribution": 0.3152044713497162, "tweet_id": 525073214507327488, "text": "@CP24 So stop spreading it around then.", "type": "direct_reply"}, {"index": 5, "attribution": 0.2401595562696457, "tweet_id": 525074744547483650, "text": "@Electric_robby @CP24 I understand that but there is always TOO much focus on it.", "type": "lower_reply"}, {"index": 10, "attribution": 0.2124348282814026, "tweet_id": 525077942037389312, "text": "@beets79 @CP24 Yes because if we just let go of it Canada will be terrorized just as USA", "type": "lower_reply"}, {"index": 6, "attribution": 0.15468063950538635, "tweet_id": 525073087268536320, "text": "@CP24 http://t.co/hhiRSR4ZN6", "type": "direct_reply"}, {"index": 13, "attribution": 0.14341101050376892, "tweet_id": 525100743146352640, "text": "@thejangler6 @Mairsy27 exactly is not the persons fault is the countrys fault", "type": "lower_reply"}, {"index": 3, "attribution": 0.09438525885343552, "tweet_id": 525102464773931008, "text": "@Mairsy27 @thejangler6 wrd but i kno wagwanin nex countries an dun jus get fooled by da media leve it at that", "type": "lower_reply"}, {"index": 11, "attribution": -0.06657393276691437, "tweet_id": 525082371545370624, "text": "@CP24 Please do not make this piece of trash infamous via media. Focus on the innocent soldier who was slain. And on our peaceful Canada.", "type": "direct_reply"}, {"index": 0, "attribution": -0.3467283546924591, "tweet_id": 525072912957452289, "text": "This photo, reported to be of suspected Ottawa shooter Michael Zehar Bibeau, came from suspended ISIS Twitter account http://t.co/QiM55Gu93N", "type": "source"}, {"index": 7, "attribution": -0.4610610902309418, "tweet_id": 525081981093416960, "text": "@JFerraraF18 @beets79 @CP24 YES absolutely", "type": "lower_reply"}, {"index": 14, "attribution": -0.5153427720069885, "tweet_id": 525102255515922432, "text": "@allstaradele @CP24 what a hero! Gave his life serving this great nation. RIP.", "type": "lower_reply"}, {"index": 17, "attribution": -1.1994458436965942, "tweet_id": 525099442501066752, "text": "@Mairsy27 4real tho", "type": "lower_reply"}, {"index": 20, "attribution": -1.233574628829956, "tweet_id": 525073093363249153, "text": "@CP24 Oh, thats interesting it was #ISIL.", "type": "direct_reply"}]}