{"thread_id": "525044004287971329", "gold_label": 0, "predicted_label": 2, "tweet_attributions": [{"index": 11, "attribution": 1.030032992362976, "tweet_id": 525060792191045632, "text": "@cnnbrk @katrinaa_mariee you're RTing Canadian news now.. omg", "type": "direct_reply"}, {"index": 9, "attribution": 0.13612939417362213, "tweet_id": 525060910118092801, "text": "@NounouBby @cnnbrk someone else rt'd that and I thought it was funny bc they're v proud of their lack of shootings", "type": "lower_reply"}, {"index": 6, "attribution": 0.09986087679862976, "tweet_id": 525184407960031232, "text": "@cnnbrk it's terrorism in Canada but Barrack calls it Work Place Violence when it's 13 Times as bad as Ferguson. CNN still protects Barrack.", "type": "direct_reply"}, {"index": 3, "attribution": 0.0883319303393364, "tweet_id": 525044945611005952, "text": "@cnnbrk \"Bibeau was a convert to Islam and had a history of drug use before he converted\".", "type": "direct_reply"}, {"index": 10, "attribution": 0.06251979619264603, "tweet_id": 525047106445516800, "text": "@cnnbrk Why are you making that son of a bitch a martyr by making him famous for all the wrong reasons?", "type": "direct_reply"}, {"index": 7, "attribution": 0.015400141477584839, "tweet_id": 525047971059367936, "text": "@cnnbrk you see another sand nigger", "type": "direct_reply"}, {"index": 8, "attribution": 0.011909977532923222, "tweet_id": 525055052583804929, "text": "\u201c@cnnbrk: U.S. officials: Suspected shooter in Ottawa rampage identified as Canadian-born Michael Zehaf-Bibeau. Live blog: http://", "type": "direct_reply"}, {"index": 5, "attribution": -0.0069843376986682415, "tweet_id": 525049299575783425, "text": "@cnnbrk , u forgot to mention\r\rHe was a goat raping Muslim.", "type": "direct_reply"}, {"index": 4, "attribution": -0.0391116701066494, "tweet_id": 525050089182871552, "text": "@cnnbrk Not mentioning the gunman was Islamic is like saying someone died from a virus and not mentioning that it was Ebola", "type": "direct_reply"}, {"index": 1, "attribution": -0.08289850503206253, "tweet_id": 525045011080306688, "text": "\u201c@cnnbrk: U.S. officials: Suspected shooter in #Ottawa rampage identified as Canadian-born Michael Zehaf-Bibeau.\u201d #OttawaShooting", "type": "direct_reply"}, {"index": 12, "attribution": -0.11258027702569962, "tweet_id": 525049590706634752, "text": "@cnnbrk You don't think it's relevant to report that the gunman was Islamic?", "type": "direct_reply"}, {"index": 2, "attribution": -0.1577659547328949, "tweet_id": 525047414357753856, "text": "@cnnbrk CNN STILL doesnt have the guts to say MUSLIM shooter. Gets some balks CNN reporters.", "type": "direct_reply"}, {"index": 0, "attribution": -0.6246681213378906, "tweet_id": 525044004287971329, "text": "U.S. officials: Suspected shooter in Ottawa rampage identified as Canadian-born Michael Zehaf-Bibeau. Live blog: http://t.co/q98AMohu7T", "type": "source"}]}