{"thread_id": "525067500447612929", "gold_label": 0, "predicted_label": 2, "tweet_attributions": [{"index": 9, "attribution": 1.1475969552993774, "tweet_id": 525335699823005696, "text": "@RealSicilianG @morningrocker @CanadianForces \n\nTerribly sad...RIP beautiful person", "type": "direct_reply"}, {"index": 10, "attribution": 0.10917245596647263, "tweet_id": 525337384339386369, "text": "@kirstiealley @JonathanRKnight Should Record A #FutureSoloAlbum #NextYear Cause I Would Like To Hear Him #Sing", "type": "lower_reply"}, {"index": 4, "attribution": 0.10787227749824524, "tweet_id": 525068735644971008, "text": "@RealSicilianG omg so sad\ud83d\ude22 so unfair...", "type": "direct_reply"}, {"index": 2, "attribution": 0.07530566304922104, "tweet_id": 525068191589203968, "text": "@RealSicilianG Beautiful man, and clearly an affectionate dog lover.  @CanadianForces", "type": "direct_reply"}, {"index": 5, "attribution": 0.06894408911466599, "tweet_id": 525383136319123458, "text": "@kirstiealley Kirstie I have loved how uv always thought outside the box,ur an enjoyable person who loves to laugh,love ur kids &amp; beautiful\ud83c\udf3a", "type": "lower_reply"}, {"index": 6, "attribution": 0.06347549706697464, "tweet_id": 525078651063123968, "text": "@RealSicilianG @CanadianForces what a beautiful photo....", "type": "direct_reply"}, {"index": 7, "attribution": 0.03161793574690819, "tweet_id": 525116050254598144, "text": "@RealSicilianG @CanadianForces xxxx", "type": "direct_reply"}, {"index": 11, "attribution": 0.03132158890366554, "tweet_id": 525068705605353472, "text": "@RealSicilianG @CanadianForces Such a handsome man. RIP. #hero", "type": "direct_reply"}, {"index": 1, "attribution": 0.030311621725559235, "tweet_id": 525085164263985153, "text": "@RealSicilianG @CanadianForces \ud83d\udc94\ud83d\udc94\ud83d\udc94\ud83d\udc94\ud83d\udc94\ud83d\udc94\ud83d\udc94\ud83d\udc94\ud83d\udc94\ud83d\udc94\ud83d\udc94\ud83d\udc94\ud83d\udc94\ud83d\udc94\ud83d\udc94\ud83d\udc94\ud83d\udc94\ud83d\udc94\ud83d\udc94\ud83d\udc94\ud83d\udc94\ud83d\udc94\ud83d\udc95\ud83d\udc94\ud83d\udc95\ud83d\udc95\ud83d\udc95\ud83d\udc95\ud83d\udc95\ud83d\udc94\ud83d\udc94\ud83d\udc94\ud83d\udc94\ud83d\udc94\ud83d\udc94\ud83d\udc94\ud83d\udc94\ud83d\udc95\ud83d\udc95\ud83d\udc95\ud83d\udc95\ud83d\udc94\ud83d\udc94\ud83d\udc94\ud83d\udc94", "type": "direct_reply"}, {"index": 13, "attribution": -0.0643492192029953, "tweet_id": 525393204611665920, "text": "@kirstiealley @RealSicilianG @morningrocker @CanadianForces  THANK YOU FROM THE PEOPLE WHO LIVE IN CANADA!  Yes, very sad!", "type": "lower_reply"}, {"index": 12, "attribution": -0.07406681030988693, "tweet_id": 525102452845346816, "text": "@RealSicilianG @CanadianForces So sad. RIP Cpl. Cirillo.", "type": "direct_reply"}, {"index": 8, "attribution": -0.08492017537355423, "tweet_id": 525336587178364931, "text": "@kirstiealley I Have Been A #HugeBigFan Of Yours Since You Played #RebeccaHowe On #Cheers", "type": "lower_reply"}, {"index": 3, "attribution": -0.12405703216791153, "tweet_id": 525069228156530688, "text": "@RealSicilianG @CanadianForces so so sad...", "type": "direct_reply"}, {"index": 0, "attribution": -0.772672712802887, "tweet_id": 525067500447612929, "text": "RIP Cpl. Nathan Cirillo today's tragic events put all in perspective #OttawaShooting #HeroesInLife @CanadianForces http://t.co/B7ggJBbZvE", "type": "source"}]}