{"thread_id": "525047767325220865", "gold_label": 0, "predicted_label": 0, "tweet_attributions": [{"index": 2, "attribution": 0.2309102863073349, "tweet_id": 525049318815039490, "text": "@MrHamOnt how sad, Chris. The whole day's been surreal. Having it hit this close to home really hurts.", "type": "direct_reply"}, {"index": 5, "attribution": 0.05407415330410004, "tweet_id": 525050989049823232, "text": "@OmoricaPicea Tragic. My heart goes out to his whole family.", "type": "lower_reply"}, {"index": 3, "attribution": 0.0512235201895237, "tweet_id": 525053632098893825, "text": "@MrHamOnt @johnny_mansilla \ud83d\ude30\ud83d\ude30\ud83d\ude30", "type": "direct_reply"}, {"index": 4, "attribution": 0.011531318537890911, "tweet_id": 525066002946850816, "text": "@MrHamOnt holy fuck..", "type": "direct_reply"}, {"index": 1, "attribution": -0.06510996073484421, "tweet_id": 525051548406394881, "text": "@MrHamOnt: Soldier in #ottawashooting Sherwood grad.He couldn\u2019t wait to serve his country. #ripnathancirillo http://t.co/CrNOUKSs9r #hamont", "type": "direct_reply"}, {"index": 0, "attribution": -0.2819080054759979, "tweet_id": 525047767325220865, "text": "Soldier killed in Ottawa was a Sherwood grad. He couldn't wait to serve his country. RIP Cpl. Nathan Frank Cirillo http://t.co/w9XGuun0PH", "type": "source"}]}