{"thread_id": "525040097272819712", "gold_label": 2, "predicted_label": 2, "tweet_attributions": [{"index": 29, "attribution": 2.049715518951416, "tweet_id": 525048496806584320, "text": "@causticsodafizz @redlianak yea but the media doesn't care about what you do positive just what the trolls do negative.", "type": "lower_reply"}, {"index": 32, "attribution": 1.9004555940628052, "tweet_id": 525049417297326081, "text": "@Tougakun @redlianak Exactly, but this is something people can come see for themselves. It isn't a battle taking place in the shadows.", "type": "lower_reply"}, {"index": 1, "attribution": 1.0719586610794067, "tweet_id": 525050150398734336, "text": "@redlianak I was one of the guys he completely disrespected. He is a horrible human being.", "type": "lower_reply"}, {"index": 8, "attribution": 0.8601611256599426, "tweet_id": 525051418311655424, "text": "@redlianak Its all good. Everyone has been super great in their support. #GamerGate is freaking amazing.", "type": "lower_reply"}, {"index": 33, "attribution": 0.8450870513916016, "tweet_id": 525047940906483712, "text": "@Tougakun @redlianak The trolls aren't doing us favors, which is why its important we keep representing ourselves in a positive light.", "type": "lower_reply"}, {"index": 25, "attribution": 0.7197039723396301, "tweet_id": 525042045652852736, "text": "@MLDBanks This is what I'm trying to figure out", "type": "lower_reply"}, {"index": 34, "attribution": 0.5077975988388062, "tweet_id": 525051083161219073, "text": "@TyHopkinson Hmm.  men changed to people.  Typical SJW sign.  That sucks.  Sorry you went through that", "type": "lower_reply"}, {"index": 18, "attribution": 0.4797702729701996, "tweet_id": 525093602796777473, "text": "@voidraithe @redlianak No problem man. We all gotta stick together in times like this eh?", "type": "lower_reply"}, {"index": 26, "attribution": 0.4398541748523712, "tweet_id": 525050164470222849, "text": "@causticsodafizz @redlianak honestly I think you guys need to focus on the game companies which are the ones bribing the journalist.", "type": "lower_reply"}, {"index": 19, "attribution": 0.35375848412513733, "tweet_id": 525067144992931840, "text": "@BevinWarren @redlianak Cheers man.", "type": "lower_reply"}, {"index": 31, "attribution": 0.3126659095287323, "tweet_id": 525040234027683840, "text": "@redlianak Look at these disgusting human beings. http://t.co/pvXe8WcGfC", "type": "direct_reply"}, {"index": 20, "attribution": 0.3088527023792267, "tweet_id": 525055204840833024, "text": "@causticsodafizz @redlianak I also suggest forming your own game review site where you display ethical journalism to lead by example.", "type": "lower_reply"}, {"index": 4, "attribution": 0.2811753451824188, "tweet_id": 525040951538900992, "text": "@redlianak are you fucking kidding me? people are trying to say that? and we are the bad people?", "type": "direct_reply"}, {"index": 16, "attribution": 0.2326175719499588, "tweet_id": 525042011590508544, "text": "@redlianak As a CAF member, this bothers me a pretty large amount. These people really need to sit down and give themselves a hard look.", "type": "direct_reply"}, {"index": 6, "attribution": 0.23072145879268646, "tweet_id": 525051903869456384, "text": "@Tougakun @redlianak I agree. There are a lot of aspects we need to look in to as a movement.", "type": "lower_reply"}, {"index": 7, "attribution": 0.15739227831363678, "tweet_id": 525063211523911681, "text": "@TyHopkinson @redlianak heres a virtual handshake and pat on back for you #GamerGate", "type": "lower_reply"}, {"index": 3, "attribution": 0.12554289400577545, "tweet_id": 525040329431740417, "text": "@redlianak I am really getting annoyed by the spreading of lies by people about GG. these last two months has been shocking..", "type": "direct_reply"}, {"index": 17, "attribution": 0.11347970366477966, "tweet_id": 525052251719876608, "text": "@TyHopkinson @redlianak You called that idiot out - that deserves a pat on the back in my book. Trolls like them, on the other hand ...", "type": "lower_reply"}, {"index": 23, "attribution": 0.10990167409181595, "tweet_id": 525050444490354688, "text": "@TyHopkinson Hmm?", "type": "lower_reply"}, {"index": 21, "attribution": 0.07575476914644241, "tweet_id": 525093143361093632, "text": "@redlianak @TyHopkinson As a fellow Canuck, thanks", "type": "lower_reply"}, {"index": 35, "attribution": 0.06826771050691605, "tweet_id": 525040346057539584, "text": "@redlianak I'm not even sure if I want to refer to them as human.", "type": "direct_reply"}, {"index": 10, "attribution": 0.061139341443777084, "tweet_id": 525041589576429569, "text": "@redlianak You have got to be fucking kidding me. What the actual fuck is wrong with people? Seriously?", "type": "direct_reply"}, {"index": 30, "attribution": 0.027461884543299675, "tweet_id": 525095573423419392, "text": "@voidraithe @redlianak Im really not surprised they did it either. Im appalled that they would tho.", "type": "lower_reply"}, {"index": 0, "attribution": 0.02003222517669201, "tweet_id": 525040097272819712, "text": "NO, Michael Zehaf-Bibeau was NOT wearing a GamerGate t-shirt during the Ottawa Shooting.  The people spreading this are freaking sick.", "type": "source"}, {"index": 13, "attribution": 0.004354686010628939, "tweet_id": 525095099831971840, "text": "@TyHopkinson @redlianak Yeah, and I just figured some ass would try that but hoped they wouldn't.", "type": "lower_reply"}, {"index": 22, "attribution": -0.02019036002457142, "tweet_id": 525041451449974784, "text": "@redlianak They are getting desperate to shut us down because we are making progress. Anything they can pin on GG they will.", "type": "direct_reply"}, {"index": 15, "attribution": -0.024091193452477455, "tweet_id": 525046787250192385, "text": "@causticsodafizz @redlianak it's because the trolls make you guys easy targets for the media.", "type": "lower_reply"}, {"index": 5, "attribution": -0.07644212990999222, "tweet_id": 525056963017981952, "text": "@Tougakun @redlianak I heard there were some forming or that have been formed. I'm new so I don't know them off the top of my head.", "type": "lower_reply"}, {"index": 12, "attribution": -0.08508992940187454, "tweet_id": 525040237752627202, "text": "@redlianak I heard that rumor too. What piece of shit tried to drag GG into the Ottawa shooting?", "type": "direct_reply"}, {"index": 28, "attribution": -0.09519603848457336, "tweet_id": 525040668935462912, "text": "@redlianak but thanks for staying honest, regardless of backlash. people still emotionally high strung atm.", "type": "direct_reply"}, {"index": 9, "attribution": -0.11766615509986877, "tweet_id": 525040815442513923, "text": "@redlianak You know what's worse? I'm not even THAT surprised.", "type": "direct_reply"}, {"index": 2, "attribution": -0.19724416732788086, "tweet_id": 525041502310117377, "text": "@redlianak What kind of pathetic pos uses a tragic event to bash a consumer revolt.", "type": "direct_reply"}, {"index": 24, "attribution": -0.25178053975105286, "tweet_id": 525050618768293889, "text": "@redlianak http://t.co/t5uO3XbMP0", "type": "lower_reply"}, {"index": 14, "attribution": -0.37865784764289856, "tweet_id": 525040865627357184, "text": "@redlianak Jesus Christ, these people are truly disconnected with humanity, if not reality.", "type": "direct_reply"}, {"index": 11, "attribution": -0.466116338968277, "tweet_id": 525040524244180992, "text": "@redlianak @LordKaT \nJust the fact people are trying to use such recent tragedy to push their views out is fucking gross", "type": "direct_reply"}, {"index": 27, "attribution": -0.4672088921070099, "tweet_id": 525040555198513152, "text": "@redlianak all media outlets are looking to pull the photoshopped images. I haven't heard much but editors are pissed.", "type": "direct_reply"}]}