{"thread_id": "525065430713790465", "gold_label": 0, "predicted_label": 0, "tweet_attributions": [{"index": 0, "attribution": 0.25766322016716003, "tweet_id": 525065430713790465, "text": "Canadian Prime Minister Stephen Harper is due to make a statement shortly, reports say http://t.co/dUvWlCCpdY #OttawaShootings", "type": "source"}, {"index": 12, "attribution": 0.02881619893014431, "tweet_id": 525067196331216897, "text": "@BBCBreaking the \"I didn't see that coming\" speech", "type": "direct_reply"}, {"index": 8, "attribution": 0.02583738975226879, "tweet_id": 525066531676622849, "text": "@BBCBreaking http://t.co/JaODFtVsSK", "type": "direct_reply"}, {"index": 2, "attribution": 0.024203715845942497, "tweet_id": 525067484689211393, "text": "@BBCBreaking harps on like a seal harpers nick name anzacthnilism war , alert full war  and roger Wilco", "type": "direct_reply"}, {"index": 10, "attribution": 0.01795959658920765, "tweet_id": 525118968366116864, "text": "@BBCBreaking #PrimeMinister #StephenHarper no liberal #WorkplaceViolence excuses #ATerroristIsATerrorist http://t.co/9KJWtjqjTt", "type": "direct_reply"}, {"index": 3, "attribution": -0.001534715760499239, "tweet_id": 525066677721899008, "text": "@BBCBreaking john Howard son I huttle bug wet affair", "type": "direct_reply"}, {"index": 9, "attribution": -0.014888446778059006, "tweet_id": 525068791181737984, "text": "@BBCBreaking It's a terrible situation. I hope he's brave enough to say what is known and avoid hyperbolics. #honor #Ottawa", "type": "direct_reply"}, {"index": 5, "attribution": -0.018038896843791008, "tweet_id": 525066208400252928, "text": "@BBCBreaking Will he can get #ottawashooting story straight during Historic #CSAinquiry + missing files of #LeonBrittan or #BlockTheBoat", "type": "direct_reply"}, {"index": 1, "attribution": -0.02161252684891224, "tweet_id": 525083166399541248, "text": "@BBCBreaking so sorry to hear of this happening in Canada.   We in the United States are praying for them.", "type": "direct_reply"}, {"index": 4, "attribution": -0.034246090799570084, "tweet_id": 525067069784485888, "text": "@BBCBreaking fone charge low harper is john Howards son wet affair statute law serial mayday extreme mayday shoot and kill they war war war", "type": "direct_reply"}, {"index": 7, "attribution": -0.04721985384821892, "tweet_id": 525070088115093505, "text": "@BBCBreaking Stephen Harper is a masonic Zionist tool. He can fuck right off", "type": "direct_reply"}, {"index": 11, "attribution": -0.0600883923470974, "tweet_id": 525070841756024832, "text": "@BBCBreaking  an official apology is needed from prime minister  Harper for this embarrassing and disastrous security failure!!", "type": "direct_reply"}, {"index": 6, "attribution": -0.07280445098876953, "tweet_id": 525066839936626688, "text": "@BBCBreaking @JulieBishopMP @SBSNews MAYbe you may have some accurate facts to communicate to community not rhetoric or about Memememxxx", "type": "direct_reply"}]}