{"thread_id": "525020326816927744", "gold_label": 0, "predicted_label": 2, "tweet_attributions": [{"index": 10, "attribution": 0.2637312412261963, "tweet_id": 525021011109228544, "text": "Hero. \u201c@globeandmail: Soldier killed at war memorial identified as Cpl. Nathan Cirillo http://t.co/Ra4FzmxBsQ http://t.co/Urxbuwd2RE\u201d", "type": "direct_reply"}, {"index": 23, "attribution": 0.1624467521905899, "tweet_id": 525020758205288448, "text": "@globeandmail RIP to him and thank you for his bravery and service. Heartfelt condolences to his loved ones.", "type": "direct_reply"}, {"index": 2, "attribution": 0.15869203209877014, "tweet_id": 525042324452433920, "text": "@Scrawnburke A Canadian soldier standing on guard at a war memorial in Ottawa was shot and killed", "type": "lower_reply"}, {"index": 17, "attribution": 0.10376203805208206, "tweet_id": 525070633278119936, "text": "@beebsmn Sad to hear this", "type": "lower_reply"}, {"index": 19, "attribution": 0.06642024219036102, "tweet_id": 525046033521590273, "text": "@curtharnett @jstines3 @globeandmail God Bless", "type": "lower_reply"}, {"index": 14, "attribution": 0.06506617367267609, "tweet_id": 525023066871824384, "text": "@globeandmail So awful. God bless his soul.", "type": "direct_reply"}, {"index": 15, "attribution": 0.05805574730038643, "tweet_id": 525022114156642305, "text": "@globeandmail R.I.P. sir. We will bring these men to justice.", "type": "direct_reply"}, {"index": 24, "attribution": 0.05230700597167015, "tweet_id": 525021751181590528, "text": "@globeandmail \nPaix \u00e0 lui .", "type": "direct_reply"}, {"index": 1, "attribution": 0.02776981331408024, "tweet_id": 525046159610372096, "text": "@curtharnett @jstines3 @globeandmail So sad... RIP  Cpl. Nathan Cirillo ....", "type": "lower_reply"}, {"index": 12, "attribution": 0.026933761313557625, "tweet_id": 525023113897996288, "text": "@globeandmail RIP #Canada", "type": "direct_reply"}, {"index": 3, "attribution": 0.024619849398732185, "tweet_id": 525024499272396800, "text": "@globeandmail Hero.", "type": "direct_reply"}, {"index": 20, "attribution": 0.014982265420258045, "tweet_id": 525020420685434882, "text": "@globeandmail bless his soul", "type": "direct_reply"}, {"index": 7, "attribution": 0.012696165591478348, "tweet_id": 525022294138449922, "text": "@globeandmail @popup82 @pmharper At least put the flag on the Peace Tower at half mast for Cpl Cirillo-deserved like all the fallen solders", "type": "direct_reply"}, {"index": 11, "attribution": 0.012147505767643452, "tweet_id": 525023032914751488, "text": "@globeandmail Our prayers go out to this man's family, friends and community. Thank you for your service, Nathan.", "type": "direct_reply"}, {"index": 16, "attribution": 0.011106462217867374, "tweet_id": 525024618994614272, "text": "RIP \u201c@globeandmail: Soldier killed at war memorial identified as Cpl. Nathan Cirillo http://t.co/WjGNI60ko2 http://t.co/4YZwbEhH3q\u201d", "type": "direct_reply"}, {"index": 8, "attribution": 0.0059463586658239365, "tweet_id": 525021025260802048, "text": "Soldier killed in #OttawaShooting identified as Cpl. Nathan Cirillo via @globeandmail http://t.co/MsZee1uYsL http://t.co/5XOZi829FC\u201d", "type": "direct_reply"}, {"index": 18, "attribution": -0.0042142788879573345, "tweet_id": 525021141640171520, "text": "@globeandmail rip \ud83d\ude4f\ud83d\ude4f", "type": "direct_reply"}, {"index": 4, "attribution": -0.00487191928550601, "tweet_id": 525021583556247553, "text": "@globeandmail @freddoso God bless.", "type": "direct_reply"}, {"index": 9, "attribution": -0.007372140418738127, "tweet_id": 525023197260173313, "text": "@globeandmail @SCalaisS This is so sad.", "type": "direct_reply"}, {"index": 22, "attribution": -0.017060833051800728, "tweet_id": 525021793883803648, "text": "@globeandmail killed by an #islamist", "type": "direct_reply"}, {"index": 21, "attribution": -0.019203197211027145, "tweet_id": 525021008580059136, "text": "Tragic. \"@globeandmail: Soldier killed at war memorial identified as Cpl. Nathan Cirillo http://t.co/XriJVzEaGh http://t.co/yINZDXObak\u201d", "type": "direct_reply"}, {"index": 5, "attribution": -0.046937957406044006, "tweet_id": 525029693280772096, "text": "What happened? @beebsmn @globeandmail", "type": "lower_reply"}, {"index": 6, "attribution": -0.07260112464427948, "tweet_id": 525023615381946368, "text": "@globeandmail @SMontalbano What a terrible shame. RIP.", "type": "direct_reply"}, {"index": 13, "attribution": -0.09230903536081314, "tweet_id": 525024181851660288, "text": "@globeandmail So sad :(", "type": "direct_reply"}, {"index": 0, "attribution": -0.3038434684276581, "tweet_id": 525020326816927744, "text": "#Breaking: Soldier killed at war memorial identified as Cpl. Nathan Cirillo #ottawashooting http://t.co/vlj96XOoSm http://t.co/LOzoL7IjVI", "type": "source"}]}