{"thread_id": "525057374965739520", "gold_label": 0, "predicted_label": 2, "tweet_attributions": [{"index": 1, "attribution": 0.8198020458221436, "tweet_id": 525058670334574592, "text": "@CBCNews where is out leader Stephan Harper? Already heard from Obama!", "type": "direct_reply"}, {"index": 7, "attribution": 0.6228946447372437, "tweet_id": 525073717182078976, "text": "@CBCNews Thanks for the warning. I shall prepare my vomit bag.\n#harper #cdnpoli", "type": "direct_reply"}, {"index": 4, "attribution": 0.3368770182132721, "tweet_id": 525059777936633856, "text": "@CBCNews Love the CBC ... keep up the good work!  You guys are the best network around. Always professional and ethical", "type": "direct_reply"}, {"index": 3, "attribution": 0.2098238319158554, "tweet_id": 525059944497029120, "text": "@SwansonBryon Thanks, Bryon. We appreciate your feedback.", "type": "lower_reply"}, {"index": 6, "attribution": 0.16878773272037506, "tweet_id": 525064151065174016, "text": "\u201c@CBCNews: COMING UP LIVE Ottawa shooting: Stephen Harper to address nation http://t.co/I9uoc619Pq http://t.co/H1P4tvVSi0\u201d", "type": "direct_reply"}, {"index": 8, "attribution": 0.09733173251152039, "tweet_id": 525058109887111168, "text": "@CBCNews what time?", "type": "direct_reply"}, {"index": 9, "attribution": 0.08240079134702682, "tweet_id": 525077877076004864, "text": "@FluffyMcDeath @P_Wog @CBCNews Too late, I barfed already. #PMHarper #Lies #Dictator", "type": "lower_reply"}, {"index": 5, "attribution": -0.002577900653705001, "tweet_id": 525062578117300224, "text": "@CBCNews can i stream this from outside canada? am in the uk but want to watch it live if possible", "type": "direct_reply"}, {"index": 10, "attribution": -0.05612564459443092, "tweet_id": 525060028676337664, "text": "@TracyBrooks15 @CBCNews 745 harper speaks", "type": "lower_reply"}, {"index": 11, "attribution": -0.06378062069416046, "tweet_id": 525071019502239745, "text": "@CBCNews Too little, too late sadly. Their policy / policies have come back to bite them really!? #nocommunication #nofulldisclosure", "type": "direct_reply"}, {"index": 2, "attribution": -0.07487417012453079, "tweet_id": 525062734359298048, "text": "@karenjavorski Yes you can, Karen! Here's the link to the livestream: http://t.co/pGA98ONjKJ PM Harper is expected to speak at 7:45pm ET", "type": "lower_reply"}, {"index": 0, "attribution": -1.1597310304641724, "tweet_id": 525057374965739520, "text": "COMING UP LIVE Ottawa shooting: Stephen Harper to address nation http://t.co/pGA98ONjKJ http://t.co/Jscp7Q9fBM", "type": "source"}]}