{"thread_id": "525044262648676353", "gold_label": 0, "predicted_label": 0, "tweet_attributions": [{"index": 0, "attribution": 0.3428681790828705, "tweet_id": 525044262648676353, "text": "UPDATED: Soldier killed in #ottawashooting identified as Cpl. Nathan Cirillo from Hamilton. http://t.co/USirz62qUN http://t.co/G8KfbRUjLT", "type": "source"}, {"index": 2, "attribution": 0.07370447367429733, "tweet_id": 525049414977454081, "text": "@BTtoronto My heart breaks for him and his family. Crying as I type this...", "type": "direct_reply"}, {"index": 3, "attribution": 0.024122735485434532, "tweet_id": 525048986693304320, "text": "@BTtoronto  Another fallen Canadian hero. #TrueNorthStrong", "type": "direct_reply"}, {"index": 11, "attribution": 0.016886470839381218, "tweet_id": 525054879824220164, "text": "@BTtoronto RIP,I, ASK OF GOD, IN THY NAME OF JESUS &amp; I,SAY TO HIS FAMILY TO STAY,STAND,STRONG-TALL&amp;TAKE HEART&amp;MY SYMPATHY&amp; CONDULENCE\"-JEBAG", "type": "direct_reply"}, {"index": 10, "attribution": 0.00306632649153471, "tweet_id": 525072079394471937, "text": "@BTtoronto What a tragedy, We have lost our innocence. May he rest in peace.Condolences to his family.", "type": "direct_reply"}, {"index": 6, "attribution": -0.0014670789241790771, "tweet_id": 525065698608156672, "text": "@BTtoronto great loss for Canada...", "type": "direct_reply"}, {"index": 5, "attribution": -0.002566592302173376, "tweet_id": 525052387896332289, "text": "@BTtoronto thoughts and prayers go out to Cpl. Nathan Cirillo's family.", "type": "direct_reply"}, {"index": 8, "attribution": -0.016513915732502937, "tweet_id": 525047429507608576, "text": "@BTtoronto Nathan sorry sorry u have to die just not right", "type": "direct_reply"}, {"index": 4, "attribution": -0.018341761082410812, "tweet_id": 525081554754994178, "text": "@BTtoronto may his soul R.I.P. &amp; deepest condolences to his family \ud83d\ude2a", "type": "direct_reply"}, {"index": 7, "attribution": -0.02010239101946354, "tweet_id": 525054846119190528, "text": "@BTtoronto there are no words, but Thank You RIP", "type": "direct_reply"}, {"index": 12, "attribution": -0.026894213631749153, "tweet_id": 525062652402622465, "text": "@BTtoronto my heart goes him and his family", "type": "direct_reply"}, {"index": 9, "attribution": -0.031030021607875824, "tweet_id": 525065167311470592, "text": "@BTtoronto Please may I ask you to send my condolences to Cpl Nathan Cirillo family and friends. My thoughts are with you now.", "type": "direct_reply"}, {"index": 1, "attribution": -0.032820262014865875, "tweet_id": 525050680936263681, "text": "@BTtoronto  R.I.P Nathan taken far too, too early...\n#CanadaStrongNFree", "type": "direct_reply"}]}