{"thread_id": "525024518713397249", "gold_label": 0, "predicted_label": 0, "tweet_attributions": [{"index": 0, "attribution": 0.2155042290687561, "tweet_id": 525024518713397249, "text": "Twenty-four-year-old Cpl. Nathan Cirillo was shot dead today at the War Memorial in #Ottawa. #cdnpoli #OttawaShooting http://t.co/j42xy9LX5k", "type": "source"}, {"index": 4, "attribution": 0.03589553013443947, "tweet_id": 525056991660474368, "text": "@carastern @hughhewitt Cpl. Cirillo dressed in uniform today willing to surrender his life for others. He has earned the title, \"Hero\". RIP", "type": "direct_reply"}, {"index": 5, "attribution": 0.02569660358130932, "tweet_id": 525038238218457088, "text": "@carastern @hughhewitt May God hold his family close during this time.", "type": "direct_reply"}, {"index": 19, "attribution": 0.02466503717005253, "tweet_id": 525025919338295296, "text": "@carastern @MarthaLivingmar  RIP Soldier...", "type": "direct_reply"}, {"index": 10, "attribution": 0.01282681617885828, "tweet_id": 525041472064999424, "text": "@carastern @brian_sack #ripcplcirillo", "type": "direct_reply"}, {"index": 3, "attribution": 0.010298097506165504, "tweet_id": 525037040187228162, "text": "@carastern Very handsome man...tragic. #savages", "type": "direct_reply"}, {"index": 17, "attribution": 0.010224507190287113, "tweet_id": 525045823122735104, "text": "@carastern His dog will also miss him very much.", "type": "direct_reply"}, {"index": 15, "attribution": 0.007807454094290733, "tweet_id": 525034146109095936, "text": "@carastern @FoolishReporter Horrible. Unforgivable. Thank you, Soldier, for your service. We apologize for putting PC ahead of your life.", "type": "direct_reply"}, {"index": 11, "attribution": 0.006984070409089327, "tweet_id": 525026966748282880, "text": "Victim of th war n th homeland:MT @carastern 24-yo Cpl Nathan Cirillo was shot dead today @ th War Memorial n Ottawa https://t.co/wZGfxf1uJC", "type": "direct_reply"}, {"index": 9, "attribution": 0.003643299685791135, "tweet_id": 525038392627965952, "text": "@carastern So very sad. Praying for his family &amp; the people of Canada..", "type": "direct_reply"}, {"index": 8, "attribution": -0.0002113806694978848, "tweet_id": 525046346420867072, "text": "@carastern", "type": "direct_reply"}, {"index": 13, "attribution": -0.001082938862964511, "tweet_id": 525026378328969216, "text": "@carastern At least the dog is ok", "type": "direct_reply"}, {"index": 12, "attribution": -0.012421204708516598, "tweet_id": 525033678326341634, "text": "@carastern @instapundit Bastards.", "type": "direct_reply"}, {"index": 14, "attribution": -0.014886272139847279, "tweet_id": 525040915480846336, "text": "@carastern @Fitzzer777 God bless his family. RIP.", "type": "direct_reply"}, {"index": 2, "attribution": -0.02197054773569107, "tweet_id": 525045300801859584, "text": "@carastern @HudBannon what a lovely photograph.\n\nRIP Sir", "type": "direct_reply"}, {"index": 16, "attribution": -0.02403436042368412, "tweet_id": 525058313986506753, "text": "@carastern @PeddRaam Prayers n Thoughts to his family n friends. RIP", "type": "direct_reply"}, {"index": 7, "attribution": -0.029850758612155914, "tweet_id": 525028179694878720, "text": "@carastern RIP. Prayers to the families and Canada.", "type": "direct_reply"}, {"index": 18, "attribution": -0.030808890238404274, "tweet_id": 525035477200797697, "text": "@carastern @TzviZucker horrible...tears for his family...", "type": "direct_reply"}, {"index": 1, "attribution": -0.04479693993926048, "tweet_id": 525038055129092096, "text": "@carastern @Frenkie58 god bless, so, so sad", "type": "direct_reply"}, {"index": 6, "attribution": -0.04783802852034569, "tweet_id": 525057831955734530, "text": "Twenty-four-year-old Cpl. Nathan Cirillo shall not be forgotten @carastern @ABos2112 - support @DefenseUnitsYPJ who fight Cirillo's killers", "type": "direct_reply"}]}