{"thread_id": "525030117014507523", "gold_label": 0, "predicted_label": 2, "tweet_attributions": [{"index": 10, "attribution": 0.5268840789794922, "tweet_id": 525032402100682752, "text": "@TelegraphNews @wheelingwhaup poor lad, he looks so nice. Love to his family they must be devastated.", "type": "direct_reply"}, {"index": 13, "attribution": 0.21244126558303833, "tweet_id": 525044213176872960, "text": "\u201c@TelegraphNews: The soldier killed in #Ottawa today is being named as 24-year-old Nathan Cirillo. http://t.co/wfnFV5kjzo\u201d R.I.P.", "type": "direct_reply"}, {"index": 9, "attribution": 0.16005255281925201, "tweet_id": 525033424655253504, "text": "@TelegraphNews @instapundit May he rest in peace and may his family be comforted at this horrible time #PrayersForNathanCirillo", "type": "direct_reply"}, {"index": 17, "attribution": 0.13870833814144135, "tweet_id": 525031441713745920, "text": "@TelegraphNews RIP NATHAN.", "type": "direct_reply"}, {"index": 16, "attribution": 0.10698211938142776, "tweet_id": 525034818552479745, "text": "@annewitha_e @TelegraphNews Aye - a tragedy. Love to his family", "type": "lower_reply"}, {"index": 15, "attribution": 0.1056213453412056, "tweet_id": 525030404089462784, "text": "@TelegraphNews @Telegraph \ud83d\ude1e", "type": "direct_reply"}, {"index": 19, "attribution": 0.05556417629122734, "tweet_id": 525030631487852544, "text": "@TelegraphNews @Telegraph thoughts with his family and friends", "type": "direct_reply"}, {"index": 5, "attribution": 0.050407394766807556, "tweet_id": 525031262374080512, "text": "@TelegraphNews @Telegraph that brave man rip Nathan", "type": "direct_reply"}, {"index": 7, "attribution": 0.030426321551203728, "tweet_id": 525041844229767168, "text": "@TelegraphNews @instapundit Prayers for his loved ones.", "type": "direct_reply"}, {"index": 3, "attribution": 0.0284919161349535, "tweet_id": 525032229605756928, "text": "@TelegraphNews may his gentle soul rest in the bosom of our Lord Jesus Christ..#RIP dude", "type": "direct_reply"}, {"index": 14, "attribution": 0.02260592393577099, "tweet_id": 525036920741449728, "text": "@TelegraphNews RIP. Condolences to the family and friends. #stopthemadness", "type": "direct_reply"}, {"index": 2, "attribution": 0.005492531228810549, "tweet_id": 525054373559566336, "text": "@TelegraphNews god bless this young man an his family", "type": "direct_reply"}, {"index": 12, "attribution": -0.0024946893099695444, "tweet_id": 525036688809418752, "text": "@TelegraphNews how sad another life lost, why??", "type": "direct_reply"}, {"index": 18, "attribution": -0.003992502577602863, "tweet_id": 525031349972140032, "text": "@TelegraphNews @Telegraph Damn, he was still sooooo young! Poor family, such early loss. Sad, really really sad...", "type": "direct_reply"}, {"index": 11, "attribution": -0.006414709612727165, "tweet_id": 525032138056679425, "text": "@TelegraphNews @instapundit aaaaaand yet another victim of the Religion of Peace, I would imagine.", "type": "direct_reply"}, {"index": 6, "attribution": -0.008400843478739262, "tweet_id": 525037515687100416, "text": "@TelegraphNews may his gentle soul find peace in The Lord", "type": "direct_reply"}, {"index": 4, "attribution": -0.04881119355559349, "tweet_id": 525031066034515968, "text": "@TelegraphNews @Telegraph So very sad. Condolences to the family and friends. #stopthemadness", "type": "direct_reply"}, {"index": 8, "attribution": -0.1670825332403183, "tweet_id": 525032211406274560, "text": "\u201c@TelegraphNews: The soldier killed in #Ottawa today is being named as 24-year-old Nathan Cirillo. Prayers with Canada now #peace", "type": "direct_reply"}, {"index": 1, "attribution": -0.26175564527511597, "tweet_id": 525032110252650496, "text": "@TelegraphNews r.i.p x", "type": "direct_reply"}, {"index": 0, "attribution": -0.44665586948394775, "tweet_id": 525030117014507523, "text": "The soldier killed in #Ottawa today is being named as 24-year-old Nathan Cirillo. Latest here: http://t.co/Iwpa7Iq2XA http://t.co/nMEOVCJVUa", "type": "source"}]}