{"thread_id": "525029913230053377", "gold_label": 0, "predicted_label": 0, "tweet_attributions": [{"index": 0, "attribution": 0.3242626190185547, "tweet_id": 525029913230053377, "text": "A photo of Cpl. Nathan Cirillo, killed in #Ottawa today. #RIP http://t.co/mh07ZMi9J5", "type": "source"}, {"index": 1, "attribution": 0.04638884961605072, "tweet_id": 525042856273403904, "text": "\u201c@News1130radio: A photo of Cpl. Nathan Cirillo, killed in #Ottawa today. #RIP http://t.co/LNMzQZJYES\u201d Heartbreaking.", "type": "direct_reply"}, {"index": 3, "attribution": 0.002210287842899561, "tweet_id": 525048414636343296, "text": "@News1130radio My thoughts and prayers are with his family and friends. RIP", "type": "direct_reply"}, {"index": 2, "attribution": -0.002045059110969305, "tweet_id": 525031799391813633, "text": "\u201c@News1130radio: A photo of Cpl. Nathan Cirillo, killed in #Ottawa today. #RIP http://t.co/S7QBLJnpUC\u201d RIP \u2764\ufe0f", "type": "direct_reply"}, {"index": 6, "attribution": -0.0035403117071837187, "tweet_id": 525031479295094785, "text": "@News1130radio So sad and senseless! \ud83d\ude29 #RIPNathan", "type": "direct_reply"}, {"index": 4, "attribution": -0.0040917773731052876, "tweet_id": 525083500689784833, "text": "\u201c@News1130radio: A photo of Cpl. Nathan Cirillo, killed in #Ottawa today. #RIP http://t.co/EwKBpIntrY\u201d", "type": "direct_reply"}, {"index": 5, "attribution": -0.013770903460681438, "tweet_id": 525043533603176449, "text": "My thoughts r w his family \u201c@News1130radio: A photo of Cpl. Nathan Cirillo, killed in #Ottawa today. #RIP http://t.co/UsYLNDl7OO\u201d", "type": "direct_reply"}, {"index": 8, "attribution": -0.01597650721669197, "tweet_id": 525125588164825089, "text": "\u201c@News1130radio: A photo of Cpl. Nathan Cirillo, killed in #Ottawa today. #RIP http://t.co/EzTZPDnyeU\u201d So sad!", "type": "direct_reply"}, {"index": 7, "attribution": -0.01672142930328846, "tweet_id": 525030617709166592, "text": "\u201c@News1130radio: A photo of Cpl. Nathan Cirillo, killed in #Ottawa today. #RIP http://t.co/1c9g3lOmV0\u201d prayers to his family &amp; friends", "type": "direct_reply"}]}