{"thread_id": "525018799347875841", "gold_label": 0, "predicted_label": 0, "tweet_attributions": [{"index": 0, "attribution": 0.29567381739616394, "tweet_id": 525018799347875841, "text": "#BREAKING: Reports that the dead shooting suspect is Michael Zehaf-Bibeau, born 1982. He is reportedly Canadian-born. #OttawaShooting", "type": "source"}, {"index": 3, "attribution": 0.03810373693704605, "tweet_id": 525025697518329856, "text": "@SunNewsNetwork @simmonssteve Anyone who does such things cannot be called Canadian even if he was born here.  Canada.  Love it or leave it.", "type": "direct_reply"}, {"index": 7, "attribution": 0.029169855639338493, "tweet_id": 525032443443965955, "text": "@SunNewsNetwork Canadian born of Algerian descent like Marc Lepine. ISIS did the ID. http://t.co/Qiokkpcj8j", "type": "direct_reply"}, {"index": 2, "attribution": 0.013999802060425282, "tweet_id": 525032296681050112, "text": "@SunNewsNetwork terrorist reportedly born in Canada, but of algerian descent.", "type": "direct_reply"}, {"index": 6, "attribution": 0.002998044015839696, "tweet_id": 525095122560905216, "text": "@SunNewsNetwork My wish for him is that he rots in his grave wherever it be. RIP", "type": "direct_reply"}, {"index": 5, "attribution": -0.013726458884775639, "tweet_id": 525026759390269440, "text": "@SunNewsNetwork shouldnt be paying any Attention to this guy at all.", "type": "direct_reply"}, {"index": 4, "attribution": -0.04780976101756096, "tweet_id": 525038151144714240, "text": "@SunNewsNetwork A recent convert  to Islam I believe.", "type": "direct_reply"}, {"index": 1, "attribution": -0.07372116297483444, "tweet_id": 525032351190249472, "text": "@SunNewsNetwork @simmonssteve Who cares about the murderer.", "type": "direct_reply"}]}