{"thread_id": "525046462460477440", "gold_label": 0, "predicted_label": 2, "tweet_attributions": [{"index": 20, "attribution": 3.6495254039764404, "tweet_id": 525090768634257408, "text": "@MichaelBolen @earthchild93 Unbelievable. Poor bastard.", "type": "direct_reply"}, {"index": 2, "attribution": 1.456710696220398, "tweet_id": 525092713180700672, "text": "@MultiMrPhill @MichaelBolen yes in watching the news that is what runs through my head. So sad! My thoughts are with his family and friends.", "type": "lower_reply"}, {"index": 14, "attribution": 0.6530646681785583, "tweet_id": 525083618700705792, "text": "@MichaelBolen So Very Sad...my thoughts &amp; prayers are with his family &amp; friends. RIP Nathan Cirillo. \ud83c\udf39", "type": "direct_reply"}, {"index": 22, "attribution": 0.5835996866226196, "tweet_id": 525080661569589248, "text": "@MichaelBolen So very sad. My heart goes out to his family &amp; friends.", "type": "direct_reply"}, {"index": 1, "attribution": 0.5513728857040405, "tweet_id": 525122225192833026, "text": "@Atomikrabbit @MichaelBolen Unloaded? Please supply our forces with bullets for their guns.. Come on now.. #OttowaShooting", "type": "lower_reply"}, {"index": 18, "attribution": 0.32272669672966003, "tweet_id": 525081548983652352, "text": "@MichaelBolen Just horrible... my hearts breaks for his family...", "type": "direct_reply"}, {"index": 11, "attribution": 0.2290361374616623, "tweet_id": 525127448992940032, "text": "@MichaelBolen from NY our condolences.", "type": "direct_reply"}, {"index": 19, "attribution": 0.21582867205142975, "tweet_id": 525087902485999616, "text": "@MichaelBolen @MarcLaferriere \nRIP Nathan Cirillo\nCondolences to his family", "type": "direct_reply"}, {"index": 3, "attribution": 0.20946238934993744, "tweet_id": 525081424945496064, "text": "@MichaelBolen \nGiven an unloaded weapon. #OttawaShooting #ISIS #sittingduck", "type": "direct_reply"}, {"index": 15, "attribution": 0.18962742388248444, "tweet_id": 525093318104219648, "text": "@earthchild93 @MichaelBolen But it really is Unbelievable in this day &amp; age...", "type": "lower_reply"}, {"index": 6, "attribution": 0.042360708117485046, "tweet_id": 525211677936345088, "text": "@Atomikrabbit @MichaelBolen Guarantee the bayonet is rubber too. Such a shame to know that bullets couldve prevented his death.", "type": "lower_reply"}, {"index": 17, "attribution": 0.02121848799288273, "tweet_id": 525110966561026048, "text": "@MichaelBolen a man just serving his country may he rest in peace", "type": "direct_reply"}, {"index": 7, "attribution": -0.013828050345182419, "tweet_id": 525080115852873728, "text": "@MichaelBolen I salute you sir .", "type": "direct_reply"}, {"index": 4, "attribution": -0.07610165327787399, "tweet_id": 525231940094668800, "text": "@HepbuHepburn @MichaelBolen Shows just how vulnerable these servicemen are. Let's hope they know how much we appreciate them. Rest in Peace.", "type": "lower_reply"}, {"index": 0, "attribution": -0.12782588601112366, "tweet_id": 525046462460477440, "text": "Heartbreaking Photo Shows Nathan Cirillo Moments Before Shooting http://t.co/GppG8dZPxq http://t.co/P10wbrBlgo", "type": "source"}, {"index": 21, "attribution": -0.15782763063907623, "tweet_id": 525313502886772736, "text": "@librab103 @MichaelBolen @ER_Browne Who cares, still a hero whenever it was taken.", "type": "lower_reply"}, {"index": 8, "attribution": -0.17661549150943756, "tweet_id": 525092216772231170, "text": "\u201c@MichaelBolen: Heartbreaking Photo Shows Nathan Cirillo Moments Before Shooting http://t.co/IQ0F8rARrh http://t.co/Tj18QldhS8\u201d", "type": "direct_reply"}, {"index": 10, "attribution": -0.29654884338378906, "tweet_id": 525176327553703937, "text": "@MichaelBolen @ER_Browne Do we have confirmation of this? Sure it might be him but could it be a week. month, or year old?", "type": "direct_reply"}, {"index": 12, "attribution": -0.3497910797595978, "tweet_id": 525114431437807616, "text": "@MichaelBolen I have no words :(", "type": "direct_reply"}, {"index": 13, "attribution": -0.38940003514289856, "tweet_id": 525128529089159168, "text": "@MichaelBolen at least they killed that convert to ISLAM LOSER. No trial, no jury,  Just a hot bullet to that animal. TRULY MODERN CANCER", "type": "direct_reply"}, {"index": 16, "attribution": -0.43576380610466003, "tweet_id": 525147408439996417, "text": "@MichaelBolen Scotland has this fine young soldier in the highest regard RIP.Thoughts n prayers with his family", "type": "direct_reply"}, {"index": 9, "attribution": -0.6555985808372498, "tweet_id": 525110170150772736, "text": "@MichaelBolen . Rest well Cpl Cirillo your country and the world honors you.", "type": "direct_reply"}, {"index": 5, "attribution": -0.8052501678466797, "tweet_id": 525123833528070144, "text": "@MichaelBolen Thoughts and Prayers for his family.", "type": "direct_reply"}]}