{"thread_id": "525033625788907520", "gold_label": 2, "predicted_label": 0, "tweet_attributions": [{"index": 0, "attribution": 0.8688795566558838, "tweet_id": 525033625788907520, "text": "Good news is Canadian gov't successfully prevented Zehaf-Bebeau from joining #ISIS abroad. Bad news is he waged jihad in #Ottawa today.", "type": "source"}, {"index": 8, "attribution": 0.12806202471256256, "tweet_id": 525092124384325632, "text": "@Corsair8X indeed", "type": "lower_reply"}, {"index": 3, "attribution": 0.11495818942785263, "tweet_id": 525056524058501120, "text": "@20committee With idiots like this fanning the flames https://t.co/QmHStBalza it's no wonder", "type": "direct_reply"}, {"index": 6, "attribution": 0.01649542525410652, "tweet_id": 525129779851587584, "text": "@20committee No, you're right. I just read that Zehaf-Bebeau wanted to go go to Libya and was prevented.", "type": "lower_reply"}, {"index": 11, "attribution": 0.011928129941225052, "tweet_id": 525066309210738688, "text": "@20committee @BettinaVLA We can't give up our lives in the name of fear..Attack them head on.. Aggressively.", "type": "direct_reply"}, {"index": 10, "attribution": -0.004365659784525633, "tweet_id": 525033966441877504, "text": "@20committee Perhaps better to have let him gone and denied his return ? Big implications for Europe here :(", "type": "direct_reply"}, {"index": 12, "attribution": -0.032834433019161224, "tweet_id": 525036174642253824, "text": "@20committee @rbeestweets \n&amp;what about all these teens that we stop from going abroad does anyone think they wont be terrorists here?", "type": "direct_reply"}, {"index": 1, "attribution": -0.056402917951345444, "tweet_id": 525515458498150400, "text": "@20committee there is a lesson to be learnt - send them to wherever they want to go, let them die there, but don't let them come back ever!", "type": "direct_reply"}, {"index": 9, "attribution": -0.06881343573331833, "tweet_id": 525076673621131264, "text": "@20committee @martina__1974 if he was a terror suspect he should have been locked up not stopped from travel", "type": "direct_reply"}, {"index": 7, "attribution": -0.0750308483839035, "tweet_id": 525043872045744128, "text": "@20committee \nLooks like a fatal flaw in the prevent strategy then.", "type": "direct_reply"}, {"index": 4, "attribution": -0.09367251396179199, "tweet_id": 525066371563270145, "text": "@20committee @BettinaVLA If he had gone maybe one of our airstrikes would have got him.", "type": "direct_reply"}, {"index": 5, "attribution": -0.450806587934494, "tweet_id": 525094979908411392, "text": "@20committee I think you mean the other guy who ran over a soldier on Monday. He wanted to fly to Syria and was stopped. Your point stands.", "type": "direct_reply"}, {"index": 2, "attribution": -0.7042548656463623, "tweet_id": 525091895140421634, "text": ".@20committee I kinda wonder if it would have been better to allow him to travel and just prevent his return. Makes probs for others though", "type": "direct_reply"}]}