{"thread_id": "525038096086499328", "gold_label": 0, "predicted_label": 2, "tweet_attributions": [{"index": 2, "attribution": 2.6798908710479736, "tweet_id": 525069425654112256, "text": "@NATOSource @sally_feschuk Urgent vigil/rally in YYC this Sat at 4st sw war memorial, plzz RT TY God bless Canada!!", "type": "direct_reply"}, {"index": 11, "attribution": 1.4567513465881348, "tweet_id": 525071426638733312, "text": "@sally_feschuk @NATOSource 11 am sorry", "type": "lower_reply"}, {"index": 9, "attribution": 0.41126295924186707, "tweet_id": 525064078050332672, "text": "@NATOSource @MasterGuns1313 R.I.P. and prayers to the family", "type": "direct_reply"}, {"index": 1, "attribution": 0.2939595878124237, "tweet_id": 525043247081857025, "text": "@NATOSource @HackmanWatch May his memory be a blessing.", "type": "direct_reply"}, {"index": 6, "attribution": 0.2902037501335144, "tweet_id": 525042767496359936, "text": "@NATOSource @iowahawkblog A hero murdered by a vile POS.", "type": "direct_reply"}, {"index": 14, "attribution": 0.145676389336586, "tweet_id": 525042056188928001, "text": "@NATOSource @iowahawkblog I'm sorry.", "type": "direct_reply"}, {"index": 4, "attribution": 0.08650601655244827, "tweet_id": 525041481531551744, "text": "@NATOSource @iowahawkblog \nCanada we mourn with you.\nDon't go to sleep like we have in the US.\n#Canada", "type": "direct_reply"}, {"index": 7, "attribution": 0.053361598402261734, "tweet_id": 525045808916606977, "text": "@NATOSource @HackmanWatch RIP. Si sad.  Islam is evil", "type": "direct_reply"}, {"index": 13, "attribution": -0.01930495910346508, "tweet_id": 525067600393691137, "text": "@NATOSource ..another hero ...another atrocity", "type": "direct_reply"}, {"index": 5, "attribution": -0.06393802911043167, "tweet_id": 525071678108631040, "text": "@MerleTerlesky @NATOSource thank you.: )", "type": "lower_reply"}, {"index": 8, "attribution": -0.1129668727517128, "tweet_id": 525070086529617920, "text": "@MerleTerlesky @NATOSource what time please?", "type": "lower_reply"}, {"index": 15, "attribution": -0.19701582193374634, "tweet_id": 525042171742023681, "text": "@NATOSource @RedGalBlueState RIP Cpl. Nathan Cirillo of the Argyll and Sutherland Highlanders.From US my prayers are with your family", "type": "direct_reply"}, {"index": 3, "attribution": -0.22039169073104858, "tweet_id": 525044524616122368, "text": "@NATOSource @CloseMoreDeals1 Why are people always Praying for ppl involved in destruction from Islam. Never hear of Muzzies praying.", "type": "direct_reply"}, {"index": 10, "attribution": -0.2877795100212097, "tweet_id": 525041999372886016, "text": "@NATOSource We send our prayers to the family of Cpl. Nathan Cirillo for their loss. May God grant you and the cpl his peace.", "type": "direct_reply"}, {"index": 12, "attribution": -0.4118407964706421, "tweet_id": 525056967623331840, "text": "\u201c@NATOSource:RIP Cpl.Nathan Cirillo of Argyll and Sutherland Highlanders #CanadaStrong http://t.co/LSU6zdbdKi http://t.co/nQOT4nRs0o\u201d Amen", "type": "direct_reply"}, {"index": 0, "attribution": -0.49159201979637146, "tweet_id": 525038096086499328, "text": "RIP Cpl. Nathan Cirillo of the Argyll and Sutherland Highlanders #CanadaStrong http://t.co/dpsb3yvq7j http://t.co/b7enjB7vIa", "type": "source"}]}