{"thread_id": "525019752507658240", "gold_label": 0, "predicted_label": 2, "tweet_attributions": [{"index": 4, "attribution": 2.4147374629974365, "tweet_id": 525405160282288130, "text": "@codywohlers @emerhughes4 Try reading my timeline instead of asking me to repeat myself.", "type": "lower_reply"}, {"index": 19, "attribution": 1.3968106508255005, "tweet_id": 525020934265393152, "text": "@CindyPom Follow me please. I will DM you.", "type": "lower_reply"}, {"index": 11, "attribution": 1.1478346586227417, "tweet_id": 525406690116894720, "text": "@ArmedResearch @emerhughes4 for everyone else who doesn't want to read your whole timeline https://t.co/4TYnHVB8qR", "type": "lower_reply"}, {"index": 9, "attribution": 1.1292914152145386, "tweet_id": 525023827513069568, "text": "@ArmedResearch @xSkylaStarx gross answer", "type": "lower_reply"}, {"index": 29, "attribution": 0.7939282059669495, "tweet_id": 525022674599555072, "text": "@ArmedResearch Hi, can you tell me where  you got the picture?", "type": "direct_reply"}, {"index": 25, "attribution": 0.7003310322761536, "tweet_id": 525023449262333952, "text": "@ArmedResearch \n\nBBC News - Mr Merizier said that the attacker was of \"Arabic appearance\" and had \"long dark hair and a beard\".", "type": "direct_reply"}, {"index": 5, "attribution": 0.3640047609806061, "tweet_id": 525404621280641024, "text": "@xSkylaStarx @ArmedResearch so there's no source?", "type": "lower_reply"}, {"index": 26, "attribution": 0.32511693239212036, "tweet_id": 525026201103265792, "text": "@mattenleys @ArmedResearch  just a coincidence. Obviously a white angry racist", "type": "lower_reply"}, {"index": 10, "attribution": 0.2871365249156952, "tweet_id": 525667513724862464, "text": "@ArmedResearch @CindyPom Oh, figures! Thanks:)", "type": "lower_reply"}, {"index": 1, "attribution": 0.2722770571708679, "tweet_id": 525066315036237824, "text": "@BellaaFoxx @CindyPom He's already suspended.", "type": "lower_reply"}, {"index": 8, "attribution": 0.2254588007926941, "tweet_id": 525020856381362176, "text": "@xSkylaStarx I could tell you but then I'd have to kill you. ;-)", "type": "lower_reply"}, {"index": 6, "attribution": 0.17857487499713898, "tweet_id": 525024672975716352, "text": "@ArmedResearch @xSkylaStarx its just very juvenile of an answer at an inappropriate time. #respect", "type": "lower_reply"}, {"index": 33, "attribution": 0.16866452991962433, "tweet_id": 525020658972258305, "text": "@ArmedResearch Which accounts?", "type": "direct_reply"}, {"index": 2, "attribution": 0.16203449666500092, "tweet_id": 525022123426086912, "text": "@ArmedResearch hi, could you point us to the account? I'm a reporter", "type": "direct_reply"}, {"index": 13, "attribution": 0.09958449006080627, "tweet_id": 525022127255482368, "text": "@ArmedResearch Many here in Ottawa media looking for the source of this photo.", "type": "direct_reply"}, {"index": 34, "attribution": 0.075355164706707, "tweet_id": 525021049759752192, "text": "@emerhughes4 Do you work for the media?", "type": "lower_reply"}, {"index": 17, "attribution": 0.0679938867688179, "tweet_id": 525408911105347584, "text": "@codywohlers @ArmedResearch @emerhughes4 \nhttps://t.co/ckCzlSKMMG", "type": "lower_reply"}, {"index": 23, "attribution": 0.029752546921372414, "tweet_id": 525020543603703809, "text": "@ArmedResearch  SOURCE plz :)", "type": "direct_reply"}, {"index": 30, "attribution": 0.022278914228081703, "tweet_id": 525022402217271296, "text": "@ArmedResearch Could you tell us your source please?", "type": "direct_reply"}, {"index": 20, "attribution": -0.0034701330587267876, "tweet_id": 525027654509293568, "text": "@ArmedResearch anyways, thanks for the info.", "type": "lower_reply"}, {"index": 7, "attribution": -0.011764154769480228, "tweet_id": 525021185613238272, "text": "@ArmedResearch Done", "type": "lower_reply"}, {"index": 14, "attribution": -0.050442203879356384, "tweet_id": 525022456059547648, "text": "@ArmedResearch What media account did you get this photo from? What is your confirmation that this is the guy? DM me please", "type": "direct_reply"}, {"index": 24, "attribution": -0.058563232421875, "tweet_id": 525020363357683712, "text": "@ArmedResearch Suppose that's real: that guy is carrying a lever action rifle it looks like?", "type": "direct_reply"}, {"index": 0, "attribution": -0.06150888279080391, "tweet_id": 525019752507658240, "text": "#ISIS Media account posts picture claiming to be Michael Zehaf-Bibeau, dead #OttawaShooting suspect. #Canada http://t.co/kWam0E4tyX", "type": "source"}, {"index": 15, "attribution": -0.11385217308998108, "tweet_id": 525024232095612928, "text": "@olfashdeb @xSkylaStarx It's an old joke. If you don't get it, watch more spy movies.", "type": "lower_reply"}, {"index": 21, "attribution": -0.14293161034584045, "tweet_id": 525021824263151616, "text": "@ArmedResearch are u full of shit or is this true?", "type": "direct_reply"}, {"index": 3, "attribution": -0.14493213593959808, "tweet_id": 525404874796961794, "text": "@emerhughes4 @ArmedResearch ?????? #whatsthesource", "type": "lower_reply"}, {"index": 16, "attribution": -0.15796564519405365, "tweet_id": 525020749019770881, "text": "@matthewmreed The glare is right over the trigger guard but the barrel and hammer could be from a lever action.", "type": "lower_reply"}, {"index": 22, "attribution": -0.16449548304080963, "tweet_id": 525020978485940226, "text": "@ArmedResearch hi, where did you source this pic?", "type": "direct_reply"}, {"index": 28, "attribution": -0.18834654986858368, "tweet_id": 525022239356645377, "text": "@ArmedResearch yes, for http://t.co/NdW5M3UczA", "type": "lower_reply"}, {"index": 31, "attribution": -0.2595122456550598, "tweet_id": 525035880055320576, "text": "@robertmamerenes Bonjour. \u00cates-vous un journaliste?", "type": "lower_reply"}, {"index": 18, "attribution": -0.26874300837516785, "tweet_id": 525022226668855296, "text": "@ArmedResearch Which accounts?", "type": "direct_reply"}, {"index": 32, "attribution": -0.3894435465335846, "tweet_id": 525035607329099776, "text": "@ArmedResearch @olfashdeb @xSkylaStarx Hi, my name is Jean Bond. I'm french, could you tell me more?? ;))", "type": "lower_reply"}, {"index": 12, "attribution": -0.4623841941356659, "tweet_id": 525065680849481730, "text": "@ArmedResearch @CindyPom Can you DM me the accounts too? I have some choice words", "type": "lower_reply"}, {"index": 27, "attribution": -0.5114454030990601, "tweet_id": 525021127702106112, "text": "@ArmedResearch Source?", "type": "direct_reply"}]}