{"thread_id": "525013278343581696", "gold_label": 0, "predicted_label": 2, "tweet_attributions": [{"index": 9, "attribution": 2.2141683101654053, "tweet_id": 525073506049224704, "text": "@NetAdvisor @CBSEveningNews Expect we'll see a lot more of this. The West needs to get serious about the problem of #Islam", "type": "lower_reply"}, {"index": 7, "attribution": 2.0096817016601562, "tweet_id": 525063076811636736, "text": "@PeriMedic @CBSEveningNews According to CBS, the shooter is a recent convert to islam!", "type": "lower_reply"}, {"index": 23, "attribution": 1.8654745817184448, "tweet_id": 525025483797569536, "text": "@CBSEveningNews I\"m sure he's a devout Christian of Scandinavian heritage", "type": "direct_reply"}, {"index": 16, "attribution": 1.5090872049331665, "tweet_id": 525069422889668608, "text": "@phil_cpa @CBSEveningNews But, it's a religion of peace!  I'm stunned.", "type": "lower_reply"}, {"index": 20, "attribution": 1.3877123594284058, "tweet_id": 525032634158563330, "text": "@rebelgirl1213 @CBSEveningNews According to public tweets, ISIS posted his picture and said he was affiliated with them. Another extremist?", "type": "lower_reply"}, {"index": 21, "attribution": 1.1159565448760986, "tweet_id": 525396357591232512, "text": "@rebelgirl1213 @CBSEveningNews BO Admin not interested in solving problems, ie: the economy, securing the border, restricting #Ebola travel.", "type": "lower_reply"}, {"index": 17, "attribution": 0.9427891373634338, "tweet_id": 525137223734542337, "text": "@rebelgirl1213 @NetAdvisor @CBSEveningNews Just workplace violence or something.", "type": "lower_reply"}, {"index": 14, "attribution": 0.5236195921897888, "tweet_id": 525017564024680449, "text": "MT @CBSEveningNews: US officials tell CBS News name of the dead Ottawa shooting suspect is Michael Zehaf-Bibeau, a Canadian born in 1982.", "type": "direct_reply"}, {"index": 28, "attribution": 0.3892078697681427, "tweet_id": 525031862134398976, "text": "@CBSEveningNews French Muslim?", "type": "direct_reply"}, {"index": 27, "attribution": 0.3335166275501251, "tweet_id": 525035001302097920, "text": "@bhearsum @CBSEveningNews @JesseBrown That name came from Canadian authorities first.", "type": "lower_reply"}, {"index": 0, "attribution": 0.3238062560558319, "tweet_id": 525013278343581696, "text": "JUST IN: U.S. officials tell CBS News the name of the dead Ottawa shooting suspect is Michael Zehaf-Bibeau, a Canadian born in 1982.", "type": "source"}, {"index": 4, "attribution": 0.3007759749889374, "tweet_id": 525136288790618112, "text": "\u201c@teesock: @CBSEveningNews @JesseBrown How did CBS get this info before any media in Canada, where the shooting happened?\u201d #cdnpoli", "type": "lower_reply"}, {"index": 1, "attribution": 0.06429941952228546, "tweet_id": 525024405957931008, "text": "@CBSEveningNews More importantly is the soldiers name shot in #Ottawa today RIP Cpl. Nathan Cirillo. Reservist was based in #Hamilton, Ont.", "type": "direct_reply"}, {"index": 18, "attribution": 0.05364435538649559, "tweet_id": 525257016718405632, "text": "@johnlymantweets @CBSEveningNews @JesseBrown Didn't see that, thanks!", "type": "lower_reply"}, {"index": 2, "attribution": 0.04711657389998436, "tweet_id": 525063261906272256, "text": "@Matthew52338399 @CBSEveningNews @CBSPhilly  Right on man!", "type": "lower_reply"}, {"index": 29, "attribution": 0.005997896194458008, "tweet_id": 525018476646510593, "text": "\u201c@CBSEveningNews:  U.S. officials tell CBS the name of the dead Ottawa shooting suspect is Michael Zehaf-Bibeau, a Canadian born in 1982.\u201d", "type": "direct_reply"}, {"index": 6, "attribution": -0.05544768273830414, "tweet_id": 525016052326232064, "text": "@CBSEveningNews @JesseBrown How did CBS get this info before any media in Canada, where the shooting happened?", "type": "direct_reply"}, {"index": 12, "attribution": -0.05766778066754341, "tweet_id": 525044295125204992, "text": "@teesock yeah! It is really strange that @CBSEveningNews got more info than canadian's media", "type": "lower_reply"}, {"index": 10, "attribution": -0.0709880068898201, "tweet_id": 525397566822035457, "text": "@NetAdvisor @CBSEveningNews He's on a search and destroy mission! #Obama #freedom #transformation", "type": "lower_reply"}, {"index": 3, "attribution": -0.07220876961946487, "tweet_id": 525053691884089344, "text": "@CBSEveningNews @CBSPhilly  he was a damn muslim bastard you aholes!", "type": "direct_reply"}, {"index": 26, "attribution": -0.1461465209722519, "tweet_id": 525018392873676800, "text": "so our U.S. friends get info before our reporters? RT @CBSEveningNews US officials tell CBS Ottawa shooting suspect is Michael Zehaf-Bibeau", "type": "direct_reply"}, {"index": 22, "attribution": -0.20293690264225006, "tweet_id": 525031755548352513, "text": "@CBSEveningNews @NetAdvisor When do we find out he's also #Muslim ?", "type": "direct_reply"}, {"index": 8, "attribution": -0.20723241567611694, "tweet_id": 525092756918505472, "text": "@FilozofA @CBSEveningNews You mean, run Canada run!", "type": "lower_reply"}, {"index": 15, "attribution": -0.2277521938085556, "tweet_id": 525024933693640704, "text": "@Mazama528 @CBSEveningNews God bless him for his sacrifice for his country and freedom.  RIP #OttowaShooting", "type": "lower_reply"}, {"index": 13, "attribution": -0.24262957274913788, "tweet_id": 525040102591193088, "text": "@CBSEveningNews Here is the link to the 8 hour old Daily Mail story: http://t.co/Q1lCnQp6kR", "type": "direct_reply"}, {"index": 25, "attribution": -0.3025191128253937, "tweet_id": 525051030154014720, "text": "@CBSEveningNews A Muslim terrorist? Shocked, shocked I tell you! http://t.co/zSrJkspwW7", "type": "direct_reply"}, {"index": 11, "attribution": -0.31795546412467957, "tweet_id": 525039282168532992, "text": "@CBSEveningNews The Daily Mail on line had this information posted on its website about 8 hours ago.", "type": "direct_reply"}, {"index": 19, "attribution": -0.34444841742515564, "tweet_id": 525027807110250496, "text": ".@CBSEveningNews @algator2 This event then clearly has something to do with having the US as a neighbor! Move Canada, move.", "type": "direct_reply"}, {"index": 30, "attribution": -0.42119300365448, "tweet_id": 525051439333122048, "text": "@CBSEveningNews A muslim terrorist? Shocked, shocked I tell you!", "type": "direct_reply"}, {"index": 5, "attribution": -0.49937257170677185, "tweet_id": 525016093585575936, "text": "@CBSEveningNews @JesseBrown Did US Officials receive/release that information before Canadian?", "type": "direct_reply"}, {"index": 24, "attribution": -0.5761136412620544, "tweet_id": 525069580004519936, "text": "@PeriMedic @CBSEveningNews :-) :-(", "type": "lower_reply"}]}