{"thread_id": "525066876058361856", "gold_label": 0, "predicted_label": 0, "tweet_attributions": [{"index": 0, "attribution": 0.1994726061820984, "tweet_id": 525066876058361856, "text": "Soldier killed in Canada shooting was a young reservist with a six-year-old son http://t.co/FI7SGBVfAS http://t.co/7be6Scdwgq Pray for him.", "type": "source"}, {"index": 1, "attribution": 0.04662557318806648, "tweet_id": 525068834869616641, "text": "@BobG231 Praying for his family.", "type": "direct_reply"}, {"index": 15, "attribution": 0.027368424460291862, "tweet_id": 525224112847740928, "text": "@BobG231 is that what we got from Islamic migration? When our governments realize zt they just don't fit into z western system.", "type": "direct_reply"}, {"index": 3, "attribution": 0.026749758049845695, "tweet_id": 525211068025810944, "text": "@BobG231 God bless and keep them!", "type": "direct_reply"}, {"index": 8, "attribution": 0.011961009353399277, "tweet_id": 525105525931786243, "text": "@BobG231 @CrushedByGovt This ain't supposed to happen in Canada!!! We expect it here!!! My sympathies to the Family and Friends..", "type": "direct_reply"}, {"index": 13, "attribution": -0.0023380143102258444, "tweet_id": 525071213526548480, "text": "@BobG231 God bless Nathan and his family, He is in the mansion of the Lord now.", "type": "direct_reply"}, {"index": 2, "attribution": -0.0030069726053625345, "tweet_id": 525067964295688192, "text": "@BobG231  So sad ,I repeat God bless him , pray for his family", "type": "direct_reply"}, {"index": 7, "attribution": -0.003690205281600356, "tweet_id": 525095119314096128, "text": "@BobG231 @LANURSE1 \n\nOn duty as a 'guard' with an empty weapon. WTF?", "type": "direct_reply"}, {"index": 9, "attribution": -0.0066666025668382645, "tweet_id": 525067185270423553, "text": "@BobG231 praying for his family", "type": "direct_reply"}, {"index": 6, "attribution": -0.007518252823501825, "tweet_id": 525067810884837376, "text": "@BobG231   He and his family will be in my prayers.", "type": "direct_reply"}, {"index": 11, "attribution": -0.009345621801912785, "tweet_id": 525067436584747008, "text": "@BobG231 Stop the Muslims they are all rotten fruit from the same tree", "type": "direct_reply"}, {"index": 5, "attribution": -0.021666528657078743, "tweet_id": 525095047466074115, "text": "@BobG231 @LANURSE1 For him, and most importantly, for his son and his family.", "type": "direct_reply"}, {"index": 10, "attribution": -0.025843771174550056, "tweet_id": 525071279913979904, "text": "@BobG231 Just awful", "type": "direct_reply"}, {"index": 17, "attribution": -0.029856001958251, "tweet_id": 525259628683460608, "text": "@BobG231 @TaninKendal God bless his family.", "type": "direct_reply"}, {"index": 4, "attribution": -0.03543234243988991, "tweet_id": 525072458450493440, "text": "@BobG231 @StojBoj He was a brave soldier, the shooter is an evil killer.", "type": "direct_reply"}, {"index": 12, "attribution": -0.03963484615087509, "tweet_id": 525072605431484417, "text": "@BobG231 @StojBoj  Lord jesus please bless him and his family.", "type": "direct_reply"}, {"index": 16, "attribution": -0.044476624578237534, "tweet_id": 525217759957749760, "text": "@BobG231 @romopar prayers for his family", "type": "direct_reply"}, {"index": 14, "attribution": -0.05062665045261383, "tweet_id": 525107461515378689, "text": "@BobG231 @PatriotCzar cannot get Hussein Obama to say \"radical islamism\"  wake America, Obama has never uttered, O is Muslim sympathizer", "type": "direct_reply"}]}