{"thread_id": "525051210349289472", "gold_label": 2, "predicted_label": 2, "tweet_attributions": [{"index": 10, "attribution": 0.7853119969367981, "tweet_id": 525069300873588736, "text": "@abdoulieswazzy @MattyBriggs96 @FoxNews that these terrorists are a real threat. They Americans and people of other religions. Accept the", "type": "lower_reply"}, {"index": 42, "attribution": 0.7641198039054871, "tweet_id": 525061711519571969, "text": "@C_Anderson2142 @abdoulieswazzy @FoxNews because their religion usually doesn't tell them to murder people who don't believe", "type": "lower_reply"}, {"index": 68, "attribution": 0.6887770295143127, "tweet_id": 525070066178879488, "text": "@C_Anderson2142 @MattyBriggs96 @FoxNews Mehdi Hassan Oxford debate on Islam: http://t.co/wdzm7HEelD", "type": "lower_reply"}, {"index": 49, "attribution": 0.6815109252929688, "tweet_id": 525067516771860481, "text": "@MattyBriggs96 @C_Anderson2142 @FoxNews I don't understand", "type": "lower_reply"}, {"index": 32, "attribution": 0.6343485116958618, "tweet_id": 525059607144964097, "text": "@nikkeykat @FoxNews absolutely you can't blame what one man or a group of fifty does on a billion people that's just hilarious.", "type": "lower_reply"}, {"index": 62, "attribution": 0.5737208724021912, "tweet_id": 525769819875209217, "text": "@iTwerk4Rauhl @C_Anderson2142 @FoxNews they usually leave that part out", "type": "lower_reply"}, {"index": 50, "attribution": 0.4616456925868988, "tweet_id": 525058737133072384, "text": "@C_Anderson2142 @FoxNews people shoot each other everyday why bring religion into it do they even know the motive behind it???", "type": "lower_reply"}, {"index": 18, "attribution": 0.43956616520881653, "tweet_id": 525060714994880512, "text": "@abdoulieswazzy @FoxNews their religion is also their motivator. So their religion plays a part whether you like it or not. Remember 9/11???", "type": "lower_reply"}, {"index": 66, "attribution": 0.4284343421459198, "tweet_id": 525067075434594304, "text": "@abdoulieswazzy @C_Anderson2142 @FoxNews mentally unstable, mentally ill...those who needed help but weren't helped or never sought help", "type": "lower_reply"}, {"index": 72, "attribution": 0.37294673919677734, "tweet_id": 525057884418478081, "text": "@abdoulieswazzy @FoxNews for world domination and yet most don't. Religion of peace yes but like all walks has it's crazies", "type": "lower_reply"}, {"index": 45, "attribution": 0.2989955246448517, "tweet_id": 525060140995973120, "text": "@abdoulieswazzy @FoxNews funny how it doesn't work the other way nobody mentions religion in crime unless religion is Islam &gt;fear spreading", "type": "lower_reply"}, {"index": 30, "attribution": 0.2970115542411804, "tweet_id": 525062435678728192, "text": "@nikkeykat @abdoulieswazzy @FoxNews lol", "type": "lower_reply"}, {"index": 71, "attribution": 0.2952069938182831, "tweet_id": 525062573700698112, "text": "@MattyBriggs96 @abdoulieswazzy @FoxNews the end is violent. To deal with these contradictions they are to obey the latter. Which is violent", "type": "lower_reply"}, {"index": 1, "attribution": 0.28759270906448364, "tweet_id": 525068937969795073, "text": "@abdoulieswazzy @MattyBriggs96 @FoxNews  you can't negate why they do it. terrorists do it for their religion usually. End of story.", "type": "lower_reply"}, {"index": 74, "attribution": 0.28723767399787903, "tweet_id": 525057361711759360, "text": "@abdoulieswazzy @FoxNews\rThey aren't saying every killer is a Muslim terrorist. Just that another Muslim terrorist has killed again.", "type": "lower_reply"}, {"index": 58, "attribution": 0.28462105989456177, "tweet_id": 525051515715993600, "text": "@FoxNews A Religion of Peace &amp; Love...\ud83d\udc4e", "type": "direct_reply"}, {"index": 13, "attribution": 0.2600180506706238, "tweet_id": 525059868055834624, "text": "@abdoulieswazzy @FoxNews considering what ISIS has been telling Muslims to do to their home countries, it fits their agenda and terror plans", "type": "lower_reply"}, {"index": 28, "attribution": 0.2585444152355194, "tweet_id": 525055055624679425, "text": "@MrWillBill @FoxNews  Because Islam isn't a religion. It's Jim Jones on a global scale!", "type": "lower_reply"}, {"index": 27, "attribution": 0.2440466433763504, "tweet_id": 525070582317326336, "text": "@abdoulieswazzy @nikkeykat @FoxNews please stop threatening, I still love my head \ud83d\ude1dso peace out !!", "type": "lower_reply"}, {"index": 81, "attribution": 0.22761793434619904, "tweet_id": 525069285656649728, "text": "@nikkeykat @nicpradhan @FoxNews you win I think that's what you want", "type": "lower_reply"}, {"index": 24, "attribution": 0.2257409542798996, "tweet_id": 525061606611644418, "text": "@nikkeykat @abdoulieswazzy @FoxNews n stupid that you think they way, can you name one Christian, Jews or Hindu terrorist?stop being blind", "type": "lower_reply"}, {"index": 21, "attribution": 0.22429515421390533, "tweet_id": 525062926592659456, "text": "@abdoulieswazzy @FoxNews that Islamist terrorists flew two commercial airlines into our towers and killed 6,000 people. Also hijacked a 3rd", "type": "lower_reply"}, {"index": 6, "attribution": 0.21523644030094147, "tweet_id": 525062226286489600, "text": "@nikkeykat @FoxNews its crazy and the funny thing is people are starting to realize the role media is playing, trying to make Islam look bad", "type": "lower_reply"}, {"index": 82, "attribution": 0.20330792665481567, "tweet_id": 525061896937156608, "text": "@nicpradhan @abdoulieswazzy @FoxNews the ira ? Do I get a prize ?", "type": "lower_reply"}, {"index": 33, "attribution": 0.20126579701900482, "tweet_id": 525054043644002304, "text": "@FoxNews so anyone who shoot and kills or bombs is a Muslim this is too low even for @FoxNews", "type": "direct_reply"}, {"index": 34, "attribution": 0.19217588007450104, "tweet_id": 525072814710489088, "text": "@abdoulieswazzy @FoxNews btw 9/11 was an inside job. extreme Muslims got inside the US and killed thousands. Yes. Inside job from terrorists", "type": "lower_reply"}, {"index": 22, "attribution": 0.17907612025737762, "tweet_id": 525055319144419328, "text": "@abdoulieswazzy @FoxNews couldn't just be a crazy who happens to claim to be Muslim", "type": "lower_reply"}, {"index": 41, "attribution": 0.17544181644916534, "tweet_id": 525071381634252800, "text": "@abdoulieswazzy @MattyBriggs96 @FoxNews no amount of discussions will change the fact that these extremists are killing in the name of Allah", "type": "lower_reply"}, {"index": 51, "attribution": 0.17483417689800262, "tweet_id": 525052330346295296, "text": "@FoxNews http://t.co/KvUgAQOz7v", "type": "direct_reply"}, {"index": 16, "attribution": 0.17437435686588287, "tweet_id": 525061188288524288, "text": "@abdoulieswazzy @FoxNews I agree. Isis doest rep all of Islam. Only the extreme ones that want every1 dead. Especially Americans.", "type": "lower_reply"}, {"index": 46, "attribution": 0.16057945787906647, "tweet_id": 525066121234616322, "text": "@C_Anderson2142 @MattyBriggs96 @FoxNews what about student who walks into a school with an automatic rifle and starts shooting at his mates?", "type": "lower_reply"}, {"index": 63, "attribution": 0.1532437950372696, "tweet_id": 525085365699624960, "text": "@C_Anderson2142 @abdoulieswazzy @FoxNews truth!", "type": "lower_reply"}, {"index": 52, "attribution": 0.15098263323307037, "tweet_id": 525060746724773889, "text": "@C_Anderson2142 @FoxNews Isis don't represent Islam maybe the united states govt ask @FoxNews", "type": "lower_reply"}, {"index": 23, "attribution": 0.14904044568538666, "tweet_id": 525051479099707392, "text": "@FoxNews #thatsarealshocker", "type": "direct_reply"}, {"index": 47, "attribution": 0.1400826871395111, "tweet_id": 525778602097647616, "text": "@iTwerk4Rauhl @abdoulieswazzy @FoxNews Isis is made up of radicalized Muslims that will kill anyone in their way. Including other Muslims.", "type": "lower_reply"}, {"index": 55, "attribution": 0.13663507997989655, "tweet_id": 525064617337556992, "text": "@nikkeykat @nicpradhan @FoxNews how about that?", "type": "lower_reply"}, {"index": 70, "attribution": 0.12899908423423767, "tweet_id": 525765953335091201, "text": "@C_Anderson2142 @abdoulieswazzy @MattyBriggs96 @FoxNews shut up you ignorant bitch", "type": "lower_reply"}, {"index": 86, "attribution": 0.12751683592796326, "tweet_id": 525063027704754176, "text": "@abdoulieswazzy @FoxNews making us fear our neighbours serves their purpose to take our eyes off the GOP", "type": "lower_reply"}, {"index": 11, "attribution": 0.11483026295900345, "tweet_id": 525766242595266561, "text": "@C_Anderson2142 @abdoulieswazzy @FoxNews did you know that there were muslims also killed in the twin towers? And that if it were a white", "type": "lower_reply"}, {"index": 15, "attribution": 0.11264023929834366, "tweet_id": 525064081037090816, "text": "@abdoulieswazzy @MattyBriggs96 @FoxNews just as guilty as terrorism from extremists. What's your point?", "type": "lower_reply"}, {"index": 3, "attribution": 0.11251797527074814, "tweet_id": 525068321038008320, "text": "@Doc_68W_ @FoxNews  really!! ....shocking!  actually we all knew that already!", "type": "lower_reply"}, {"index": 14, "attribution": 0.11115541309118271, "tweet_id": 525062339398492160, "text": "@MattyBriggs96 @abdoulieswazzy @FoxNews ya it all depends on which part of the Koran they choose to follow. Beginning is peaceful but", "type": "lower_reply"}, {"index": 36, "attribution": 0.10338043421506882, "tweet_id": 525069051396370432, "text": "@nicpradhan @abdoulieswazzy @FoxNews i still named more than u so shhh!!", "type": "lower_reply"}, {"index": 7, "attribution": 0.08999501913785934, "tweet_id": 525067673122906112, "text": "@abdoulieswazzy @nicpradhan @FoxNews communicate with ppl of different walks of life too", "type": "lower_reply"}, {"index": 26, "attribution": 0.08482993394136429, "tweet_id": 525062769574694912, "text": "@nicpradhan @abdoulieswazzy @FoxNews there's more http://t.co/Sz8mJz30en", "type": "lower_reply"}, {"index": 73, "attribution": 0.08169429004192352, "tweet_id": 525057647746490368, "text": "@abdoulieswazzy @FoxNews no doubt about it and ppl so quick to believe it. Worldwide Muslims would only have to kill 5 ish ppl each 1/2", "type": "lower_reply"}, {"index": 80, "attribution": 0.07971812039613724, "tweet_id": 525062500111646720, "text": "@C_Anderson2142 @FoxNews what do you know about 9/11??? Really", "type": "lower_reply"}, {"index": 8, "attribution": 0.05970371142029762, "tweet_id": 525052004612444160, "text": "@FoxNews So why not just call this a total global religious war. I find it hard to believe that all people of Islam are out to get us.", "type": "direct_reply"}, {"index": 85, "attribution": 0.057968150824308395, "tweet_id": 525068442043695104, "text": "@nikkeykat @abdoulieswazzy @FoxNews how intelligent of you to copy a Wikipedia,u had to do so much hard work to find one terrorist \ud83d\ude1d\ud83d\ude1d", "type": "lower_reply"}, {"index": 53, "attribution": 0.049116626381874084, "tweet_id": 525065486531575809, "text": "@abdoulieswazzy @nicpradhan @FoxNews big corporations and the rich are riding high on the wave of fear created by the media", "type": "lower_reply"}, {"index": 40, "attribution": 0.04846512898802757, "tweet_id": 525067295698477057, "text": "@nikkeykat @nicpradhan @FoxNews start thinking for yourselves don't let the media do it for u", "type": "lower_reply"}, {"index": 76, "attribution": 0.04012018069624901, "tweet_id": 525778214128734209, "text": "@iTwerk4Rauhl @abdoulieswazzy @FoxNews you obviously missed where I said only the radicalized ones are jihadists. I never called all muslims", "type": "lower_reply"}, {"index": 20, "attribution": 0.03837293013930321, "tweet_id": 525771331145846784, "text": "@abdoulieswazzy @C_Anderson2142 @FoxNews because they're racist ignorant pieces of shit that believe anything thats told to them", "type": "lower_reply"}, {"index": 43, "attribution": 0.030534662306308746, "tweet_id": 525070696624685056, "text": "@nicpradhan @abdoulieswazzy @FoxNews I don't think u do wish u just want to blame. Why do they target us ? Cos the west is innocent right", "type": "lower_reply"}, {"index": 65, "attribution": 0.023638425394892693, "tweet_id": 525069885689577472, "text": "@nikkeykat @abdoulieswazzy @FoxNews wish you didn't have to rely on Wikipedia to talk about Christian terrorism unlike  Islamic  terrorism \ud83d\ude1c", "type": "lower_reply"}, {"index": 35, "attribution": 0.01716064289212227, "tweet_id": 525070845845467136, "text": "@nicpradhan @abdoulieswazzy @FoxNews that is just wrong u should be damned ashamed", "type": "lower_reply"}, {"index": 29, "attribution": 0.017155108973383904, "tweet_id": 525069461792231424, "text": "@abdoulieswazzy @MattyBriggs96 @FoxNews reality of it. To clarify I'm talking bout the extreme ones. NOT all Muslims.", "type": "lower_reply"}, {"index": 17, "attribution": 0.009304464794695377, "tweet_id": 525061582079143937, "text": "@C_Anderson2142 @abdoulieswazzy @FoxNews but they are sick fools and you don't usually see people of other religions killing", "type": "lower_reply"}, {"index": 39, "attribution": 0.006951352581381798, "tweet_id": 525053823065141249, "text": "@FoxNews  This is only a surprise if you are a Democrat or a fool", "type": "direct_reply"}, {"index": 4, "attribution": -0.0004065800167154521, "tweet_id": 525051533482659840, "text": "@FoxNews That confirms it, just another case of workplace violence !!!", "type": "direct_reply"}, {"index": 5, "attribution": -0.0008063604473136365, "tweet_id": 525071051190181888, "text": "@nicpradhan @abdoulieswazzy @FoxNews where's the threat huh?", "type": "lower_reply"}, {"index": 38, "attribution": -0.004655313678085804, "tweet_id": 525065186626244608, "text": "@C_Anderson2142 @FoxNews you are all blinded the media 9/11 was an inside job ask your govt", "type": "lower_reply"}, {"index": 44, "attribution": -0.014982891269028187, "tweet_id": 525771201755762688, "text": "@abdoulieswazzy @C_Anderson2142 @FoxNews oh and I forgot to mention the mosque that was vandalized today in Alberta.. Should I go on?", "type": "lower_reply"}, {"index": 57, "attribution": -0.01684996299445629, "tweet_id": 525778423588065281, "text": "@iTwerk4Rauhl @abdoulieswazzy @FoxNews terrorists. You just assume that. Isis is killing Muslims in the middle east that support peace.", "type": "lower_reply"}, {"index": 9, "attribution": -0.0186153631657362, "tweet_id": 525064010648256513, "text": "@MattyBriggs96 @C_Anderson2142 @FoxNews can you tell me where it says kill someone who does not believe in Islam?", "type": "lower_reply"}, {"index": 25, "attribution": -0.018690060824155807, "tweet_id": 525766388150198272, "text": "@C_Anderson2142 @abdoulieswazzy @FoxNews (c) person who committed the crime of 9/11 nobody would be calling all white people terrorists", "type": "lower_reply"}, {"index": 12, "attribution": -0.023615757003426552, "tweet_id": 525069756442116097, "text": "@abdoulieswazzy @nicpradhan @FoxNews was laziness not lack of knowledge anyway :-)", "type": "lower_reply"}, {"index": 37, "attribution": -0.03242079168558121, "tweet_id": 525064430082854913, "text": "@abdoulieswazzy @MattyBriggs96 @FoxNews id be glad to find it for you. But I doubt it would change your mind. So I won't waste my time", "type": "lower_reply"}, {"index": 77, "attribution": -0.03259134665131569, "tweet_id": 525051723782848512, "text": "@FoxNews was it hard to guess?", "type": "direct_reply"}, {"index": 31, "attribution": -0.03953441232442856, "tweet_id": 525069171277955072, "text": "@abdoulieswazzy @MattyBriggs96 @FoxNews me and matt never said that Islamists are the only ones who commit violence. We are just stating", "type": "lower_reply"}, {"index": 56, "attribution": -0.05027937889099121, "tweet_id": 525051786239807488, "text": "@FoxNews No kidding. All you have to do is think violence....yep, muslim.", "type": "direct_reply"}, {"index": 79, "attribution": -0.05729036033153534, "tweet_id": 525054773356417024, "text": "@FoxNews Now there's a shock.  How many reps WH sending to his funeral?", "type": "direct_reply"}, {"index": 61, "attribution": -0.07067716866731644, "tweet_id": 525056911121862656, "text": "@nikkeykat @FoxNews they have an agenda against Islam always have...why are they he only one's reporting it?", "type": "lower_reply"}, {"index": 78, "attribution": -0.08500207215547562, "tweet_id": 525058953617879041, "text": "@thepierman @FoxNews yes because that's what they keep telling you wake up", "type": "lower_reply"}, {"index": 87, "attribution": -0.09141358733177185, "tweet_id": 525052710761283584, "text": "FIFY \"@FoxNews: EXPECTED news: #Ottawa shooter was believed to be a #Canadian convert to #Islam, #FoxNews confirms.\u201d", "type": "direct_reply"}, {"index": 19, "attribution": -0.09205635637044907, "tweet_id": 525066890461609984, "text": "@MattyBriggs96 @C_Anderson2142 @FoxNews \"did you see the part \"where they have turned you out\" u defining a whole religion based on 1 verse", "type": "lower_reply"}, {"index": 75, "attribution": -0.0938945934176445, "tweet_id": 525073524629983233, "text": "@C_Anderson2142 @FoxNews you think Islam is the threat think twice", "type": "lower_reply"}, {"index": 69, "attribution": -0.09557486325502396, "tweet_id": 525065327299010562, "text": "@abdoulieswazzy @C_Anderson2142 @FoxNews that cool? http://t.co/0N5YdON7Z3", "type": "lower_reply"}, {"index": 2, "attribution": -0.09633365273475647, "tweet_id": 525071154512662528, "text": "@nicpradhan @nikkeykat @FoxNews who cares about u I don't and I don't think anyone does", "type": "lower_reply"}, {"index": 0, "attribution": -0.13398908078670502, "tweet_id": 525051210349289472, "text": "Breaking News: U.S. agencies have been advised that #Ottawa shooter was believed to be a #Canadian convert to #Islam, #FoxNews confirms.", "type": "source"}, {"index": 64, "attribution": -0.14101435244083405, "tweet_id": 525051875767631873, "text": "@FoxNews @mccartin_john suprising??", "type": "direct_reply"}, {"index": 83, "attribution": -0.14226080477237701, "tweet_id": 525061443948118016, "text": "@C_Anderson2142 @abdoulieswazzy @FoxNews ISIS claims they represent true Islam haha technically they hold true to the real Islamic belief", "type": "lower_reply"}, {"index": 67, "attribution": -0.14762042462825775, "tweet_id": 525057840990674944, "text": "@abdoulieswazzy @FoxNews Maybe not, but becoming a pretty sure bet.", "type": "lower_reply"}, {"index": 59, "attribution": -0.1481776088476181, "tweet_id": 525068706674929664, "text": "@nicpradhan @nikkeykat @FoxNews u guys own Wikipedia", "type": "lower_reply"}, {"index": 54, "attribution": -0.16528034210205078, "tweet_id": 525063529255407616, "text": "@MattyBriggs96 @C_Anderson2142 @FoxNews what about the guy who loaded a pickup full of c4 explosives and headed for a mosque in the U S?", "type": "lower_reply"}, {"index": 48, "attribution": -0.18100254237651825, "tweet_id": 525065646770757632, "text": "@abdoulieswazzy @nicpradhan @FoxNews luckily there's good ppl who still stand together in unity and don't let fear and hate infect", "type": "lower_reply"}, {"index": 84, "attribution": -0.20299766957759857, "tweet_id": 525071344573370368, "text": "@nikkeykat @nicpradhan @FoxNews I think he knows since he said it lol", "type": "lower_reply"}, {"index": 60, "attribution": -0.23927591741085052, "tweet_id": 525065432953536512, "text": "@C_Anderson2142 @MattyBriggs96 @FoxNews what be specific", "type": "lower_reply"}]}