{"thread_id": "525025279803424768", "gold_label": 0, "predicted_label": 0, "tweet_attributions": [{"index": 0, "attribution": 0.27690795063972473, "tweet_id": 525025279803424768, "text": "The soldier shot dead in Wednesday's Ottawa attacks has been named as Cpl. Nathan Cirillo of #HamOnt #ottawashooting http://t.co/MxLMptnlWw", "type": "source"}, {"index": 5, "attribution": 0.03051072545349598, "tweet_id": 525026654759182338, "text": "@Canoe @ottawasuncom  that   so sad    pay    go out  his  family", "type": "direct_reply"}, {"index": 1, "attribution": 0.007263422477990389, "tweet_id": 525029987855122432, "text": "@Canoe @ottawasuncom Honour and respect to this Soldier,  this Warrior. ...", "type": "direct_reply"}, {"index": 3, "attribution": -0.004528234712779522, "tweet_id": 525036532013727744, "text": "@Canoe @ottawasuncom My heart is broken...I am so so sorry..Nathan..God Speed Hero.", "type": "direct_reply"}, {"index": 6, "attribution": -0.006453826557844877, "tweet_id": 525032961310482432, "text": "@Canoe @ottawasuncom he even looks like a boss", "type": "direct_reply"}, {"index": 2, "attribution": -0.021043935790657997, "tweet_id": 525032985738084352, "text": "@Canoe @ottawasuncom  my condolences go out to your family", "type": "direct_reply"}, {"index": 4, "attribution": -0.02730938047170639, "tweet_id": 525026519790284800, "text": "@Canoe @calgarysun God Bless", "type": "direct_reply"}, {"index": 7, "attribution": -0.031237183138728142, "tweet_id": 525031054537936897, "text": "@Canoe @ottawasuncom Rest in peace. An innocent life taken so tragically. In our hearts and prayers.", "type": "direct_reply"}, {"index": 8, "attribution": -0.03489997237920761, "tweet_id": 525030036911689728, "text": "@Canoe @ottawasuncom My heart is broken!  #notinvain", "type": "direct_reply"}]}