{"thread_id": "525033778637721600", "gold_label": 0, "predicted_label": 2, "tweet_attributions": [{"index": 23, "attribution": 2.7370481491088867, "tweet_id": 525037158399483905, "text": "@MechTxEngineer @AP Oh please... What about all the gunman in US, all those kids they weren't Muslim! It's not about religion they're crazy", "type": "lower_reply"}, {"index": 76, "attribution": 1.6839796304702759, "tweet_id": 525037532891729920, "text": "@sashaaa_silver @AP Just asking a question...", "type": "lower_reply"}, {"index": 73, "attribution": 1.2452391386032104, "tweet_id": 525038330572840960, "text": "@MechTxEngineer @AP No more peaceful than any other religion", "type": "lower_reply"}, {"index": 22, "attribution": 0.7547569870948792, "tweet_id": 525043400400453633, "text": "@MechTxEngineer If I'm not mistaken his action is a reaction.", "type": "lower_reply"}, {"index": 68, "attribution": 0.7477800846099854, "tweet_id": 525038132304306176, "text": "@DELMUJAHID13 while you are correct on the founding factor.   Something about that religion gets people to behave violently. Can't deny that", "type": "lower_reply"}, {"index": 95, "attribution": 0.7006368041038513, "tweet_id": 525034920302088192, "text": "@MechTxEngineer @AP remember northern irland?", "type": "lower_reply"}, {"index": 12, "attribution": 0.6651840209960938, "tweet_id": 525051455514767362, "text": "@DELMUJAHID13 they kill non believers who happen to be a moslem", "type": "lower_reply"}, {"index": 100, "attribution": 0.6640621423721313, "tweet_id": 525051881253793792, "text": "@DELMUJAHID13 the very peaceful Yoruba Muslims in the South are living very peacefully with their Christian relatives.", "type": "lower_reply"}, {"index": 60, "attribution": 0.6265736222267151, "tweet_id": 525039425559220224, "text": "@Tendar @AP Apparently hum. We don't really yet but he converted while Algerians are already Muslims so don't believe everything you read", "type": "lower_reply"}, {"index": 8, "attribution": 0.5803356766700745, "tweet_id": 525036229428256770, "text": "@AP He was apparently #Algerian", "type": "direct_reply"}, {"index": 50, "attribution": 0.5150623917579651, "tweet_id": 525045898733420544, "text": "@DELMUJAHID13 @cshaver34 @AP hello boko haram is in Northern Nigeria, they DON'T have oil. The oil is in the South, Niger Delta", "type": "lower_reply"}, {"index": 49, "attribution": 0.5046080946922302, "tweet_id": 525040475779366915, "text": "@dezzdancing @cshaver34 Love i blame both", "type": "lower_reply"}, {"index": 55, "attribution": 0.44188740849494934, "tweet_id": 525038088578691072, "text": "@MechTxEngineer @AP I'm not Muslims but I have many friends who are and they are great people and against that BS. Gunman are crazy whatever", "type": "lower_reply"}, {"index": 93, "attribution": 0.41179290413856506, "tweet_id": 525034094359347201, "text": "RT @AP BREAKING: Canadian official identifies dead Ottawa #gunfreezone gunman as Michael Zehaf-Bibeau. #OttowaShooting", "type": "direct_reply"}, {"index": 59, "attribution": 0.3951701819896698, "tweet_id": 525052768877572097, "text": "@cuba201 remember 10 years ago there was no boko haram so why now? the question is what went wrong?", "type": "lower_reply"}, {"index": 62, "attribution": 0.38532063364982605, "tweet_id": 525039763871776768, "text": "@Tendar @AP Btw why We care about his religion or his background.He's canadian. Btw the gunmen is US are not Muslims it's not about religion", "type": "lower_reply"}, {"index": 61, "attribution": 0.36794313788414, "tweet_id": 525036753938546688, "text": "@cshaver34 @AP religion has nothing to do here.. stop blaming muslims blame the corrupted ISIS who were founded by BY the USA and its allies", "type": "lower_reply"}, {"index": 77, "attribution": 0.35072562098503113, "tweet_id": 525034955878195200, "text": "@tykefreddy @AP stop the madness.. and read his history", "type": "lower_reply"}, {"index": 5, "attribution": 0.3459815979003906, "tweet_id": 525041926966214658, "text": "@DELMUJAHID13 @cshaver34 u seems blaming government more than your moslem brother. I'm not blaming u. Its ukhuwah but pls dont happy to much", "type": "lower_reply"}, {"index": 102, "attribution": 0.32506898045539856, "tweet_id": 525048766068686848, "text": "@dezzdancing @cshaver34 terorists who are devils and destroyers", "type": "lower_reply"}, {"index": 58, "attribution": 0.3122725188732147, "tweet_id": 525048218514513920, "text": "@DELMUJAHID13 @cshaver34 what do u call bin laden, al baghdadi, abubakar sekau,  al zahawiri etc?", "type": "lower_reply"}, {"index": 27, "attribution": 0.31223300099372864, "tweet_id": 525052645753380864, "text": "@DELMUJAHID13 so what is mujahid if they don't kill anything?", "type": "lower_reply"}, {"index": 2, "attribution": 0.3100409209728241, "tweet_id": 525038673092673537, "text": "@cshaver34 you are wrong, ISIS are not Muslims.. but i also blame ur  government for invading other countries in the name of peace making", "type": "lower_reply"}, {"index": 51, "attribution": 0.2711329162120819, "tweet_id": 525050979016667136, "text": "@DELMUJAHID13", "type": "lower_reply"}, {"index": 21, "attribution": 0.26176169514656067, "tweet_id": 525039482819461120, "text": "@DELMUJAHID13 @cshaver34 you also can't blame people for being terrified. People should however stand together and kill these guys", "type": "lower_reply"}, {"index": 20, "attribution": 0.25864556431770325, "tweet_id": 525036168442699777, "text": ".@deschamps_f @AP The Irish didn't murder themselves as well as the \"enemy\".", "type": "lower_reply"}, {"index": 104, "attribution": 0.2567586600780487, "tweet_id": 525038896480923648, "text": "@DualGrey @AP Those Amish have it figured out!", "type": "lower_reply"}, {"index": 99, "attribution": 0.2553205192089081, "tweet_id": 525051075771240450, "text": "@dezzdancing do you know how many muslims they kill daily?", "type": "lower_reply"}, {"index": 86, "attribution": 0.2545831799507141, "tweet_id": 525047253736906752, "text": "@dezzdancing @cshaver34 instead of calling  terorist or is it only muslims are terorist?", "type": "lower_reply"}, {"index": 82, "attribution": 0.24212171137332916, "tweet_id": 525038385677991936, "text": "@MechTxEngineer @AP their religion. Btw why We care about his religion (he converted) the man is a criminal end if the story. We should talk", "type": "lower_reply"}, {"index": 3, "attribution": 0.23532132804393768, "tweet_id": 525045275816394752, "text": "@DELMUJAHID13 @crewdeli90 @AP Well everyone, here we have another lying muslim.", "type": "lower_reply"}, {"index": 17, "attribution": 0.22728079557418823, "tweet_id": 525044926619611136, "text": "@DELMUJAHID13 @cshaver34 @AP really?", "type": "lower_reply"}, {"index": 52, "attribution": 0.2055320143699646, "tweet_id": 525040783960055809, "text": "@DELMUJAHID13 @MamaCrimz no they don't.", "type": "lower_reply"}, {"index": 14, "attribution": 0.19179628789424896, "tweet_id": 525046285049794561, "text": "@cuba201 @cshaver34 @AP call it south or north but the oil belongs to all nigerians not only south.. as nigeria is one country..", "type": "lower_reply"}, {"index": 54, "attribution": 0.16460464894771576, "tweet_id": 525040757624033280, "text": "@crewdeli90 @DELMUJAHID13 @AP All muslims that believe in koran and sharia are terrorists.", "type": "lower_reply"}, {"index": 11, "attribution": 0.16344013810157776, "tweet_id": 525042268110331904, "text": "@DELMUJAHID13 @crewdeli90 @AP Not yet anyway.  Once you enforce sharia on any woman in your family, you are a terrorist.", "type": "lower_reply"}, {"index": 71, "attribution": 0.14989472925662994, "tweet_id": 525034067901693953, "text": "@AP Is #Islam still a peaceful religion?", "type": "direct_reply"}, {"index": 72, "attribution": 0.14987756311893463, "tweet_id": 525049734353145856, "text": "@dezzdancing @cshaver34 i dont know", "type": "lower_reply"}, {"index": 79, "attribution": 0.14333023130893707, "tweet_id": 525039738722320386, "text": "@MechTxEngineer @AP its like with anything else. Religion can be used for good but also for bad. It just takes one person", "type": "lower_reply"}, {"index": 83, "attribution": 0.13235363364219666, "tweet_id": 525042074211848192, "text": "@DELMUJAHID13 @cshaver34 @AP what about boko haram?", "type": "lower_reply"}, {"index": 63, "attribution": 0.12521466612815857, "tweet_id": 525039476523794434, "text": "@MechTxEngineer @AP They're not affected by media/govt corruption but have to deal with their own internal problems.", "type": "lower_reply"}, {"index": 66, "attribution": 0.12408780306577682, "tweet_id": 525049007442497537, "text": "@cuba201 @cshaver34 @AP Lol u are entitiled tou your opinion but that is not my opinion.", "type": "lower_reply"}, {"index": 32, "attribution": 0.1173950657248497, "tweet_id": 525042635892092929, "text": "@Jrsatty @crewdeli90 @AP you know nothing about islam.. i will appriciate if u shut ur mouth..", "type": "lower_reply"}, {"index": 6, "attribution": 0.11179995536804199, "tweet_id": 525054406090555392, "text": "@DELMUJAHID13 the Northern Muslims have always been intolerant and violent, it didn't start with boko haram", "type": "lower_reply"}, {"index": 74, "attribution": 0.1043926551938057, "tweet_id": 525035228679897089, "text": "\u201c@AP: BREAKING: Canadian official identifies dead Ottawa gunman as Michael Zehaf-Bibeau.\u201d #OttawaShooting", "type": "direct_reply"}, {"index": 65, "attribution": 0.09337612241506577, "tweet_id": 525050198645415936, "text": "@DELMUJAHID13 @cshaver34 they are mujahid aren't they?", "type": "lower_reply"}, {"index": 96, "attribution": 0.07289444655179977, "tweet_id": 525044108545773569, "text": "@DELMUJAHID13 @cshaver34 @AP were they also founded by the US?", "type": "lower_reply"}, {"index": 90, "attribution": 0.06420749425888062, "tweet_id": 525039839776100353, "text": "@dezzdancing @cshaver34 no love i disagree with u on that..", "type": "lower_reply"}, {"index": 47, "attribution": 0.04933047294616699, "tweet_id": 525050386311180288, "text": "@DELMUJAHID13 @cshaver34 they terror non moslem don't they?", "type": "lower_reply"}, {"index": 78, "attribution": 0.04537934437394142, "tweet_id": 525051203395551232, "text": "@DELMUJAHID13 @cshaver34 @AP yes treat the cause, which is that radical muslims should stop teaching their children to hate", "type": "lower_reply"}, {"index": 98, "attribution": 0.03976166620850563, "tweet_id": 525051735623335936, "text": "@cuba201 absalutly.. the boko haram ideology is poisonous and should be stoped.. But on the other hand the young people are unemployed", "type": "lower_reply"}, {"index": 15, "attribution": 0.03789221867918968, "tweet_id": 525038334322950144, "text": "@DELMUJAHID13 and I do blame our govt somewhat.", "type": "lower_reply"}, {"index": 24, "attribution": 0.037341393530368805, "tweet_id": 525034858167693313, "text": "\u201c@DELMUJAHID13: @AP if he was a muslim u would have called him a terrorist.. Double standard Media\u201d Calling a spade a spade. Blame ISIS.", "type": "lower_reply"}, {"index": 81, "attribution": 0.02102193422615528, "tweet_id": 525041184511918081, "text": "@Jrsatty @crewdeli90 @AP whatever.. i believe in both and am not terorist..", "type": "lower_reply"}, {"index": 31, "attribution": 0.020244421437382698, "tweet_id": 525048496509190145, "text": "@DELMUJAHID13 @cshaver34 @AP boko haram is an Islamic terrorist group period", "type": "lower_reply"}, {"index": 56, "attribution": 0.013963398523628712, "tweet_id": 525049815290626048, "text": "@dezzdancing @cshaver34 you tell me", "type": "lower_reply"}, {"index": 89, "attribution": 0.011392156593501568, "tweet_id": 525035962821525504, "text": "@DELMUJAHID13 @AP but what if he really is? Can't trust religion, especially that one", "type": "lower_reply"}, {"index": 16, "attribution": 0.007810383569449186, "tweet_id": 525040305322856448, "text": "@MamaCrimz @cshaver34 absalutly ISIS have no place in our society..", "type": "lower_reply"}, {"index": 7, "attribution": 0.006078024860471487, "tweet_id": 525039559487135744, "text": "@cshaver34 @DELMUJAHID13 blame the government n not blaming the shooter who is moslem? A typical moslem\ud83d\ude01", "type": "lower_reply"}, {"index": 105, "attribution": 0.0059320260770618916, "tweet_id": 525038291045732352, "text": "@sashaaa_silver @AP good!", "type": "lower_reply"}, {"index": 101, "attribution": 0.00048439984675496817, "tweet_id": 525035856919146497, "text": "@DELMUJAHID13 @crewdeli90 @AP for what?", "type": "lower_reply"}, {"index": 45, "attribution": -0.011020754463970661, "tweet_id": 525054083716349952, "text": "@cuba201 yup which is so sad,", "type": "lower_reply"}, {"index": 26, "attribution": -0.01765371486544609, "tweet_id": 525035474222874624, "text": "RT @AP: BREAKING: Canadian official identifies dead Ottawa gunman as Michael Zehaf-Bibeau.", "type": "direct_reply"}, {"index": 36, "attribution": -0.023285487666726112, "tweet_id": 525037061607542786, "text": "@thurzday60 @DELMUJAHID13 @AP for the stereotypes made towards Muslim people. I was saying that it's sad, but true.", "type": "lower_reply"}, {"index": 53, "attribution": -0.05111592635512352, "tweet_id": 525045774569463808, "text": "@dezzdancing @cshaver34 i balme media too", "type": "lower_reply"}, {"index": 67, "attribution": -0.05671215429902077, "tweet_id": 525040892994797568, "text": "@sashaaa_silver @AP I mentioned his religion not with a single word, so what are talking about...?", "type": "lower_reply"}, {"index": 39, "attribution": -0.06802427023649216, "tweet_id": 525051709588897792, "text": "@DELMUJAHID13 so mujahid if kills innocent non moslem men?", "type": "lower_reply"}, {"index": 10, "attribution": -0.07117713242769241, "tweet_id": 525043964815351808, "text": "@DELMUJAHID13 @crewdeli90 @AP Go f yourself.  What about genital mutilation? Stoning for adultery? Honor killing?  Seems you dont know.", "type": "lower_reply"}, {"index": 42, "attribution": -0.07392477244138718, "tweet_id": 525044186719195136, "text": "@MechTxEngineer Of course not silly. That's like you approving ur local child molester feeling on a boy. Canada has no business in Iraq.", "type": "lower_reply"}, {"index": 94, "attribution": -0.07693036645650864, "tweet_id": 525034717327163392, "text": "@DELMUJAHID13 @AP he is. He converted....", "type": "lower_reply"}, {"index": 46, "attribution": -0.07917547971010208, "tweet_id": 525035511120150528, "text": "@tykefreddy @AP nop its pure lie", "type": "lower_reply"}, {"index": 33, "attribution": -0.08245813101530075, "tweet_id": 525039188807151617, "text": "@cshaver34 @DELMUJAHID13 we don't blame moslm, moslm should blame moslm. Don't hide your face n said it's not moslm when it's clearly moslm", "type": "lower_reply"}, {"index": 87, "attribution": -0.08744633942842484, "tweet_id": 525035243603259394, "text": "@crewdeli90 @AP blame ur government", "type": "lower_reply"}, {"index": 4, "attribution": -0.09657979756593704, "tweet_id": 525047648748068864, "text": "@DELMUJAHID13 @cshaver34 @AP and bcos of oil they kill children in their beds, kidnap women and girls, blow people up every other day?", "type": "lower_reply"}, {"index": 69, "attribution": -0.1004653051495552, "tweet_id": 525046021391679490, "text": "@MechTxEngineer Let them fight their own fight. What do u care Mr Texas?", "type": "lower_reply"}, {"index": 37, "attribution": -0.1018233671784401, "tweet_id": 525038488794984448, "text": "@MechTxEngineer @AP more about the victims. May they rest in peace", "type": "lower_reply"}, {"index": 41, "attribution": -0.10637399554252625, "tweet_id": 525052344061677568, "text": "@dezzdancing nop mujahids also dont kill any human being and i can proove it through (Qur'an 5:32)", "type": "lower_reply"}, {"index": 30, "attribution": -0.10759487748146057, "tweet_id": 525041746473140225, "text": "@MamaCrimz @cshaver34 absalutly i agree with you..", "type": "lower_reply"}, {"index": 84, "attribution": -0.11664572358131409, "tweet_id": 525053694933733376, "text": "@DELMUJAHID13 there has always been one thing or the other in the north, the current name is boko haram,", "type": "lower_reply"}, {"index": 40, "attribution": -0.12754249572753906, "tweet_id": 525035307574788097, "text": "@DELMUJAHID13 @AP no, he converted. The attack a few days before came from a radicalized convert too.", "type": "lower_reply"}, {"index": 106, "attribution": -0.13821910321712494, "tweet_id": 525049256353079299, "text": "@DELMUJAHID13 @cshaver34 are they moslem?", "type": "lower_reply"}, {"index": 57, "attribution": -0.13898752629756927, "tweet_id": 525067344880861184, "text": "@DELMUJAHID13 @AP is it a pure lie now buddy?", "type": "lower_reply"}, {"index": 9, "attribution": -0.15754809975624084, "tweet_id": 525053032980312064, "text": "@DELMUJAHID13 they were never sent to school by their parents, the North has the almajiri culture, many of their children don't get educated", "type": "lower_reply"}, {"index": 44, "attribution": -0.1679069846868515, "tweet_id": 525049268391129088, "text": "@cuba201 @cshaver34 @AP youcan not treat the symptoms unless u treat the causes of terorism", "type": "lower_reply"}, {"index": 92, "attribution": -0.17618219554424286, "tweet_id": 525043712737300482, "text": ".@Contrarian82 so you approve?", "type": "lower_reply"}, {"index": 75, "attribution": -0.17722265422344208, "tweet_id": 525042774069219328, "text": "@cuba201 @cshaver34 @AP what about them?", "type": "lower_reply"}, {"index": 25, "attribution": -0.19689367711544037, "tweet_id": 525045179393511424, "text": "@cuba201 @cshaver34 @AP yup as their oil was sold to the USA and they never gt the benefits", "type": "lower_reply"}, {"index": 18, "attribution": -0.21428968012332916, "tweet_id": 525050554243092480, "text": "@DELMUJAHID13 @cshaver34 @AP u think it's bcos of oil that they are forcing Christians in the North to convert to islam or be killed? Eh?", "type": "lower_reply"}, {"index": 43, "attribution": -0.23087768256664276, "tweet_id": 525044497496145921, "text": "@cuba201 @cshaver34 @AP yup,", "type": "lower_reply"}, {"index": 97, "attribution": -0.2547120749950409, "tweet_id": 525035872350396416, "text": "@AP I'm identifying that guy as an asshole.", "type": "direct_reply"}, {"index": 64, "attribution": -0.26355651021003723, "tweet_id": 525040566229553152, "text": "@dezzdancing @DELMUJAHID13 thank you!! That's exactly what it is.", "type": "lower_reply"}, {"index": 34, "attribution": -0.3053073585033417, "tweet_id": 525048566772154368, "text": "@cuba201 @cshaver34 @AP i dont support that... that is against humanity...", "type": "lower_reply"}, {"index": 28, "attribution": -0.3188681900501251, "tweet_id": 525050758283403265, "text": "@cuba201 that is not islamic...", "type": "lower_reply"}, {"index": 91, "attribution": -0.32219794392585754, "tweet_id": 525050554037600257, "text": "@dezzdancing Mujahids dont kill Innocent kids and mothers", "type": "lower_reply"}, {"index": 80, "attribution": -0.32574015855789185, "tweet_id": 525047039558946816, "text": "@dezzdancing @cshaver34 both for example in 2011 when Anders Behring Breivik who was a xtian killed 77 people the media called him mad man", "type": "lower_reply"}, {"index": 70, "attribution": -0.36098429560661316, "tweet_id": 525045201505513472, "text": ".@Contrarian82 #IS has no business in #Iraq", "type": "lower_reply"}, {"index": 29, "attribution": -0.36985906958580017, "tweet_id": 525048233215934465, "text": "@DELMUJAHID13 @cshaver34 @AP boko haram is not about oil, I live in Southern Nigeria, so I can tell you", "type": "lower_reply"}, {"index": 13, "attribution": -0.3776698410511017, "tweet_id": 525034516625494016, "text": "RT @AP: BREAKING: Canadian official identifies dead Ottawa gunman as Michael Zehaf-Bibeau.", "type": "direct_reply"}, {"index": 19, "attribution": -0.3827824294567108, "tweet_id": 525037307641208833, "text": "@DELMUJAHID13 @AP I just don't believe everything I hear. Gotta know what to pick and choose. I respect people of the Muslim religion.", "type": "lower_reply"}, {"index": 48, "attribution": -0.3937244117259979, "tweet_id": 525046354372878336, "text": "@DELMUJAHID13 @cshaver34 western media or radical moslem media n PR? Be honest", "type": "lower_reply"}, {"index": 0, "attribution": -0.44461289048194885, "tweet_id": 525033778637721600, "text": "BREAKING: Canadian official identifies dead Ottawa gunman as Michael Zehaf-Bibeau.", "type": "source"}, {"index": 88, "attribution": -0.46992719173431396, "tweet_id": 525038916584632320, "text": "@cshaver34 and we can make the world peaceful if we are together..", "type": "lower_reply"}, {"index": 1, "attribution": -0.4717893898487091, "tweet_id": 525044477044342784, "text": "@Contrarian82 Last i check Iraq's Prime Minister asked them to be there.", "type": "lower_reply"}, {"index": 38, "attribution": -0.47503721714019775, "tweet_id": 525049667470376960, "text": "@DELMUJAHID13 @cshaver34 are they jew?", "type": "lower_reply"}, {"index": 85, "attribution": -0.4869861900806427, "tweet_id": 525037583538323456, "text": "@crewdeli90 @AP lol i wish everyone was thinking like u", "type": "lower_reply"}, {"index": 103, "attribution": -0.5364007353782654, "tweet_id": 525049350050029568, "text": "@dezzdancing @cshaver34 nop..", "type": "lower_reply"}, {"index": 35, "attribution": -0.5594640970230103, "tweet_id": 525041373301329920, "text": "@cshaver34 @DELMUJAHID13 glad we can agree. Would be nice if nations and religions could truly practice tolerance and fight back. God bless.", "type": "lower_reply"}, {"index": 107, "attribution": -0.6211484670639038, "tweet_id": 525045908204179456, "text": "@MechTxEngineer Just because there's oil there doesn't mean its your business", "type": "lower_reply"}]}