{"thread_id": "525008463819464704", "gold_label": 0, "predicted_label": 2, "tweet_attributions": [{"index": 8, "attribution": 1.9264016151428223, "tweet_id": 525091399671496704, "text": "@NepeanGal @Canoe They most likely have a hidden one for emergencies like this", "type": "lower_reply"}, {"index": 3, "attribution": 1.7768568992614746, "tweet_id": 525082707001618433, "text": "@NepeanGal @Canoe Do you really think they wouldn't have guns inside? Are you mental??", "type": "lower_reply"}, {"index": 2, "attribution": 1.2343863248825073, "tweet_id": 525087963102081024, "text": "@JuniorReyes17 @Canoe Not members of parliament.", "type": "lower_reply"}, {"index": 4, "attribution": 0.4403363764286041, "tweet_id": 525012880656449536, "text": "\u201c@Canoe: Meet Kevin Vickers, the hero who shot down the Parliament Hill gunman #OttawaShooting http://t.co/Vrt3pSRQJk http://t.co/y76FQjlcpG", "type": "direct_reply"}, {"index": 1, "attribution": 0.32620495557785034, "tweet_id": 525022857316007936, "text": "@Canoe Someone in Parliament possessing a gun?", "type": "direct_reply"}, {"index": 7, "attribution": 0.24677781760692596, "tweet_id": 525302524476399616, "text": "@JuniorReyes17 @Canoe Well now I know Kevin Vickers was former RCMP Inspector. So obviously he'd have that capability to carry a weapon.", "type": "lower_reply"}, {"index": 0, "attribution": 0.19367481768131256, "tweet_id": 525008463819464704, "text": "Meet Kevin Vickers, the hero who shot down the Parliament Hill gunman #OttawaShooting http://t.co/dFhPJCDREP http://t.co/m4fFmtw8d8", "type": "source"}, {"index": 9, "attribution": 0.10422445088624954, "tweet_id": 525012458273275906, "text": "@Canoe don't mess with old school", "type": "direct_reply"}, {"index": 6, "attribution": -0.0839858129620552, "tweet_id": 525289551577616384, "text": ".@Canoe @mopenshaw a thousand times the man O Hussein will ever be @weknowwhatsbest @kesgardner @larryelder @PaulReverePress", "type": "direct_reply"}, {"index": 5, "attribution": -0.24871395528316498, "tweet_id": 525053779939319808, "text": "@Canoe @MikkiL Room on his jacket for another medal, I think.", "type": "direct_reply"}]}