{"thread_id": "525029016001318913", "gold_label": 0, "predicted_label": 2, "tweet_attributions": [{"index": 12, "attribution": 1.6144949197769165, "tweet_id": 525043829603586048, "text": "@TheBeast_175 @cdnmickeyfan I sincerely hope that is NOT  his definition of being Canadian.", "type": "lower_reply"}, {"index": 19, "attribution": 1.1124571561813354, "tweet_id": 525029804878594051, "text": "@CTVNews Anyone who is suspected of ties with ISIS should be deported. Stop the political correctness!! Enough is enough!!", "type": "direct_reply"}, {"index": 16, "attribution": 0.8829888701438904, "tweet_id": 525041836508082176, "text": "@cdnmickeyfan oh I get it your definition of being Canadian is one that doesn't include people of mid-east descent #thatsprejudice", "type": "lower_reply"}, {"index": 30, "attribution": 0.7457011342048645, "tweet_id": 525031077845688320, "text": "@daryldavis41 @JWadeMoses @CTVNews  Good ! Do they know if he acted alone ?", "type": "lower_reply"}, {"index": 8, "attribution": 0.6681111454963684, "tweet_id": 525042233393680384, "text": "@TheBeast_175 @cdnmickeyfan I seriously don't get that shortcut.  I say he can't deport them and all of a sudden I'm a behind criminals...", "type": "lower_reply"}, {"index": 33, "attribution": 0.6208289861679077, "tweet_id": 525030690908553216, "text": "@cdnmickeyfan @CTVNews How can you deport them when they ARE  canadian??? Deport them where?", "type": "lower_reply"}, {"index": 36, "attribution": 0.5217690467834473, "tweet_id": 525040351631790081, "text": "@cdnmickeyfan @CTVNews bye", "type": "lower_reply"}, {"index": 39, "attribution": 0.49722298979759216, "tweet_id": 525036505438629888, "text": "@yensidltaw @CTVNews They're not Canadians who were born here. They do not deserve to be Canadian. Back where they/their family came from.", "type": "lower_reply"}, {"index": 41, "attribution": 0.4665317237377167, "tweet_id": 525037823691620352, "text": "@cdnmickeyfan @CTVNews + even if they were not born here, they hold a cdn citizenship so they're canadian. There's not 2 class of citizens.", "type": "lower_reply"}, {"index": 24, "attribution": 0.4594363868236542, "tweet_id": 525037782964908032, "text": "@yensidltaw @CTVNews Nope. They don't deserve that right. I can't believe you stand behind these people. Are you for real??  Very sad!!", "type": "lower_reply"}, {"index": 20, "attribution": 0.391530841588974, "tweet_id": 525030812014874624, "text": "@Slater363 @JWadeMoses @CTVNews Yes he was shot dead...", "type": "lower_reply"}, {"index": 37, "attribution": 0.36797747015953064, "tweet_id": 525032504303316993, "text": "@cdnmickeyfan @CTVNews I think you are implying that this person is of Arabic background.. That's kinda prejudice don't u think?", "type": "lower_reply"}, {"index": 4, "attribution": 0.34310784935951233, "tweet_id": 525039138173882369, "text": "@cdnmickeyfan he was a Canadian citizen dumbshit. What's your definition of being Canadian???", "type": "lower_reply"}, {"index": 32, "attribution": 0.2746128737926483, "tweet_id": 525038965775028224, "text": "@cdnmickeyfan @CTVNews I disagree on this. So when You commit a crime, should i strip you of your citizenship?", "type": "lower_reply"}, {"index": 26, "attribution": 0.25544434785842896, "tweet_id": 525046968142536704, "text": "@yensidltaw @TheBeast_175 Robbing a bank and being a terrorist are two totally separate things.", "type": "lower_reply"}, {"index": 42, "attribution": 0.22601987421512604, "tweet_id": 525036872289239040, "text": "@TheBeast_175 @CTVNews Nope, not prejudiced just a fact. Sorry if that FACT bothers you!!", "type": "lower_reply"}, {"index": 45, "attribution": 0.21996547281742096, "tweet_id": 525029422513283072, "text": "@CTVNews here's a picture of him found on an ISIS media http://t.co/lzlf4MhyuG", "type": "direct_reply"}, {"index": 9, "attribution": 0.19272257387638092, "tweet_id": 525038635813715968, "text": "@cdnmickeyfan @CTVNews I don't stand behind them, but i don't believe in 2 types of citizens. if you are cdn you are cdn.", "type": "lower_reply"}, {"index": 23, "attribution": 0.1860794872045517, "tweet_id": 525039116124450816, "text": "@yensidltaw @CTVNews You are so ridiculous. Just listen to yourself!!", "type": "lower_reply"}, {"index": 31, "attribution": 0.18405157327651978, "tweet_id": 525039720363872256, "text": "@cdnmickeyfan @CTVNews Me being ridiculous is your opinion. I just don't agree with your opinion. A candian is Canadian not matter what.", "type": "lower_reply"}, {"index": 34, "attribution": 0.17900802195072174, "tweet_id": 525038832321064960, "text": "@yensidltaw @CTVNews Sorry. Not if you're a terrorist!!! Unbelievable!!!", "type": "lower_reply"}, {"index": 48, "attribution": 0.16420842707157135, "tweet_id": 525040272338468864, "text": "@cdnmickeyfan @CTVNews Sure, of course i'm ignorant. The fact is there're laws, u commit a crime, u are punished. not striped of ur ctzship", "type": "lower_reply"}, {"index": 1, "attribution": 0.16232801973819733, "tweet_id": 525038761420152832, "text": "@cdnmickeyfan @CTVNews you will face they canadian law like any citizen if you commit a crime period", "type": "lower_reply"}, {"index": 27, "attribution": 0.15739820897579193, "tweet_id": 525037283293278208, "text": "@cdnmickeyfan @CTVNews Actually, you are wrong. They ARE born here. And they ARE bred here. So they ARE canadian just like you and me!", "type": "lower_reply"}, {"index": 13, "attribution": 0.1521020084619522, "tweet_id": 525039462343258113, "text": "@TheBeast_175 Not being a terrorist you dumb fuck!!! Glad you stand behind these people!! What about the soldier that died? Is that a joke?", "type": "lower_reply"}, {"index": 17, "attribution": 0.14379693567752838, "tweet_id": 525031260356640768, "text": "@Slater363 @JWadeMoses @CTVNews not sure.....still fluid situation", "type": "lower_reply"}, {"index": 3, "attribution": 0.13227733969688416, "tweet_id": 525037811096121345, "text": "@cdnmickeyfan nope doesn't bother me any. Just wanted to confirm your ignorance, and I did. Thanks!", "type": "lower_reply"}, {"index": 28, "attribution": 0.13186541199684143, "tweet_id": 525048301461446656, "text": "@cdnmickeyfan I think you are slightly demented, just slightly. You hop topics faster than you hop dicks. So have a bad day and FUCK YOU", "type": "lower_reply"}, {"index": 43, "attribution": 0.12450805306434631, "tweet_id": 525030711192223744, "text": "@JWadeMoses @daryldavis41 @CTVNews  Daryl, Did they get him ?", "type": "lower_reply"}, {"index": 15, "attribution": 0.10841990262269974, "tweet_id": 525047288880967681, "text": "@cdnmickeyfan @yensidltaw lol who taught you English in school?? They need to be fired. One of the dumbest ppl I've seen on twitter hahaha", "type": "lower_reply"}, {"index": 44, "attribution": 0.1063397228717804, "tweet_id": 525030811788406784, "text": "@Slater363 @daryldavis41 @CTVNews He was killed at the Parliament.", "type": "lower_reply"}, {"index": 11, "attribution": 0.10602620989084244, "tweet_id": 525046777670807552, "text": "@yensidltaw @TheBeast_175 My definition of being Canadian is to love this country and it's citizens. Very sad yours is NOT!!", "type": "lower_reply"}, {"index": 55, "attribution": 0.09322918206453323, "tweet_id": 525032022189043713, "text": "@JWadeMoses @daryldavis41 @CTVNews  Thank you for the info !", "type": "lower_reply"}, {"index": 18, "attribution": 0.09113617986440659, "tweet_id": 525039849825660931, "text": "@yensidltaw @CTVNews And that's your bleeding heart opinion. Good bye!!!", "type": "lower_reply"}, {"index": 53, "attribution": 0.08764911442995071, "tweet_id": 525050151401181185, "text": "@cdnmickeyfan @TheBeast_175 Killing someone no matter ur intentions behind the killing is the same to me.  U commit a crime, u face the law.", "type": "lower_reply"}, {"index": 49, "attribution": 0.084981769323349, "tweet_id": 525031573796970498, "text": "@daryldavis41 @JWadeMoses @CTVNews  I guess at this point that makes sense. Thank you for the info, I appreciate it.", "type": "lower_reply"}, {"index": 14, "attribution": 0.08119703084230423, "tweet_id": 525033422230528000, "text": "@CTVNews @garretmeikle Michael Zehaf-Bibeau's name is Ukranian-French, not middle-eastern. Bibeau is a French surname.", "type": "direct_reply"}, {"index": 25, "attribution": 0.07465457916259766, "tweet_id": 525057491860586497, "text": "@cdnmickeyfan To be clear I love my Country &amp; the people who fight for it\nI'll not condone prejudice nor the notion of 2nd grade citizens", "type": "lower_reply"}, {"index": 0, "attribution": 0.0665171891450882, "tweet_id": 525029016001318913, "text": "CTV News has confirmed the name Canadian authorities provided to U.S. authorities is Michael Zehaf-Bibeau. #OttawaShooting", "type": "source"}, {"index": 6, "attribution": 0.0474737249314785, "tweet_id": 525033842373967872, "text": "@CTVNews @garretmeikle Jonathan, that photo is fake, put up be trolls and fearmongers. NO photo has been released by police yet. Get a clue!", "type": "direct_reply"}, {"index": 29, "attribution": 0.01475454494357109, "tweet_id": 525039310115205120, "text": "@cdnmickeyfan @CTVNews Of course that soldier did not deserve to die. They same way someone killed in a robbery does not deserve to die.", "type": "lower_reply"}, {"index": 22, "attribution": -0.009006539359688759, "tweet_id": 525038444876402688, "text": "@TheBeast_175 Glad you think my loyalty to my country and peaceful citizens is ignorance. You're a loser!!", "type": "lower_reply"}, {"index": 46, "attribution": -0.0286139827221632, "tweet_id": 525053902018715649, "text": "@cdnmickeyfan @TheBeast_175 Sorry just saw this\nWhat u just defined is being patriotic. Which is different from citizenship (at least to me)", "type": "lower_reply"}, {"index": 54, "attribution": -0.04171174392104149, "tweet_id": 525035042469597185, "text": "@JWadeMoses @CTVNews \nCBS &amp; Dailymail conf his name.", "type": "lower_reply"}, {"index": 7, "attribution": -0.05817146599292755, "tweet_id": 525039683102052352, "text": "@yensidltaw @CTVNews Not the same thing at all. You're quite ignorant!!!", "type": "lower_reply"}, {"index": 2, "attribution": -0.06486137211322784, "tweet_id": 525038950470397954, "text": "@yensidltaw @CTVNews That's a joke!!!!", "type": "lower_reply"}, {"index": 40, "attribution": -0.0762493684887886, "tweet_id": 525046582824402944, "text": "@TheBeast_175 @yensidltaw First of all you idiot I'm a female. Second maybe you will read yours and ask yourself how Canadian you really are", "type": "lower_reply"}, {"index": 47, "attribution": -0.08746961504220963, "tweet_id": 525044891169325057, "text": "@yensidltaw @cdnmickeyfan something tells me he's an idiot and that something are his tweets lol", "type": "lower_reply"}, {"index": 10, "attribution": -0.10118604451417923, "tweet_id": 525041056002637824, "text": "@yensidltaw @cdnmickeyfan judging from his responses, i think he has a hard time comprehending what he reads. Forgive him.", "type": "lower_reply"}, {"index": 21, "attribution": -0.11278381943702698, "tweet_id": 525038067649101824, "text": "@yensidltaw @CTVNews Did that soldier deserve to die!!?? Whose rights are you for?? Hope your friends and family know where you stand.", "type": "lower_reply"}, {"index": 51, "attribution": -0.1751672476530075, "tweet_id": 525047339128733696, "text": "@TheBeast_175  oh and you definitely aren't a \"good dude\".", "type": "lower_reply"}, {"index": 5, "attribution": -0.21709774434566498, "tweet_id": 525038627697745920, "text": "@yensidltaw @CTVNews who cares what they hold. They don't deserve to hold it and should be stripped of it. WOW", "type": "lower_reply"}, {"index": 50, "attribution": -0.27983731031417847, "tweet_id": 525050347522248704, "text": "@cdnmickeyfan @TheBeast_175 You are not stripped of your citizenship in either cases.", "type": "lower_reply"}, {"index": 35, "attribution": -0.3420110046863556, "tweet_id": 525047179006980097, "text": "@TheBeast_175 @yensidltaw You're an ignorant asshole. I have no problem with comprehension!!", "type": "lower_reply"}, {"index": 52, "attribution": -0.38398775458335876, "tweet_id": 525040318866292737, "text": "@cdnmickeyfan choice of words like \"deport them\" is the issue here. The gunman was a Canadian, how do you deport someone who is from here??", "type": "lower_reply"}, {"index": 38, "attribution": -0.40438076853752136, "tweet_id": 525039987444965376, "text": "@cdnmickeyfan wow u seriously need to learn to read and stop jumping topics. I grieve for the fallen solider and his family, but your poor..", "type": "lower_reply"}]}