{"thread_id": "525061787860103169", "gold_label": 0, "predicted_label": 0, "tweet_attributions": [{"index": 0, "attribution": 0.36434081196784973, "tweet_id": 525061787860103169, "text": "ICYMI: Sergeant-at-Arms Kevin Vickers hailed as hero for stopping shooter on Parliament Hill http://t.co/nGpzKvjMtJ http://t.co/Tdpgfpbn1Y", "type": "source"}, {"index": 3, "attribution": 0.06709729880094528, "tweet_id": 525066514681319424, "text": "\u201c@CTVNews: Sergeant-at-Arms Kevin Vickers hailed as hero for stopping shooter http://t.co/W8es1I9kLO http://t.co/zL672RIIFn\u201d -NBer saluted", "type": "direct_reply"}, {"index": 6, "attribution": 0.060016945004463196, "tweet_id": 525073134563500032, "text": "\u201c@CTVNews: ICYMI: Sergeant-at-Arms Kevin Vickers hailed as hero for stopping shooter on Parliament Hill http://", "type": "direct_reply"}, {"index": 5, "attribution": 0.005510231014341116, "tweet_id": 525070700923871232, "text": "@CTVNews true Canadian hero! But my heart feels for him! I'm sure he has mixed feelings. But know u did the right thing sir! God Bless you!", "type": "direct_reply"}, {"index": 1, "attribution": -0.005121755413711071, "tweet_id": 525653936238514176, "text": "@CTVNews You're my hero Sir!! Thank you and God Bless you!", "type": "direct_reply"}, {"index": 4, "attribution": -0.00690070353448391, "tweet_id": 525116718222688258, "text": "@CTVNews Salute to our Sergeant at Arms you protected  our house  and sent some scumbag to hell!", "type": "direct_reply"}, {"index": 2, "attribution": -0.02180049754679203, "tweet_id": 525065190933803008, "text": "\u201c@CTVNews Sgt-at-Arms Kevin Vickers hailed as hero for stopping shooter on Parliament Hill http://t.co/WN5K9OOFhd http://t.co/akOQeIif2x\u201d", "type": "direct_reply"}]}