{"thread_id": "525023858831523841", "gold_label": 0, "predicted_label": 2, "tweet_attributions": [{"index": 5, "attribution": 2.6310083866119385, "tweet_id": 525338686234558466, "text": "@Crackmacs As a British Mum whose son just retired after 24 yrs in UK Army God Bless you &amp; all your family\ud83c\udf39", "type": "direct_reply"}, {"index": 7, "attribution": 2.269390344619751, "tweet_id": 525026196698841089, "text": "@OddSquad I am owed nothing. That guy gave his life for us :( #hero", "type": "lower_reply"}, {"index": 6, "attribution": 1.4680863618850708, "tweet_id": 525338957576273920, "text": "@AnnTissi nice! I've got a cousin in some kind of fusiliers regiment. Not even sure. He's pretty awesome though. \n\nGlad your son is whole", "type": "lower_reply"}, {"index": 15, "attribution": 0.5780960321426392, "tweet_id": 525026027899478019, "text": "A million tears for this young man.  And a million thanks @Crackmacs", "type": "direct_reply"}, {"index": 2, "attribution": 0.20298951864242554, "tweet_id": 525024453907189761, "text": "@Crackmacs RIP Nathan #Cirillo", "type": "direct_reply"}, {"index": 9, "attribution": 0.16754896938800812, "tweet_id": 525067634308829185, "text": "@Crackmacs @jake_bradford88 RIP and thank you", "type": "direct_reply"}, {"index": 1, "attribution": 0.15170635282993317, "tweet_id": 525027177645895680, "text": "@Crackmacs God bless him and comfort his family. @catsim7", "type": "direct_reply"}, {"index": 11, "attribution": 0.14244040846824646, "tweet_id": 525063873347735552, "text": "@Crackmacs", "type": "direct_reply"}, {"index": 16, "attribution": 0.08320124447345734, "tweet_id": 525044526797557762, "text": "@Crackmacs RIP", "type": "direct_reply"}, {"index": 4, "attribution": 0.045173998922109604, "tweet_id": 525030289316536320, "text": "@Crackmacs I did mean him - just clumsy phrasing on my part.", "type": "lower_reply"}, {"index": 10, "attribution": 0.002949990564957261, "tweet_id": 525342293621215232, "text": "@Crackmacs Thank you \ud83d\ude0a for that, yes he &amp; we his family have been so fortunate. There for the grace of God, it could have been different\ud83c\udf39", "type": "lower_reply"}, {"index": 3, "attribution": -0.022541513666510582, "tweet_id": 525036176802336768, "text": "\u201c@Crackmacs:MT Nathan #Cirillo,soldier shot dead. sir&amp;thank you4your serv. #OttawaShooting http://t.co/DaGJCNu2mt\u201d//May Nathan rest in peace", "type": "direct_reply"}, {"index": 0, "attribution": -0.13641834259033203, "tweet_id": 525023858831523841, "text": "Cpl. Nathan #Cirillo, the soldier shot dead today in #Ottawa. RIP sir and thank you for your service. #OttawaShooting http://t.co/jpXLr5ONOa", "type": "source"}, {"index": 8, "attribution": -0.18958424031734467, "tweet_id": 525067853620195328, "text": "@Crackmacs amen.", "type": "direct_reply"}, {"index": 13, "attribution": -0.3149135708808899, "tweet_id": 525333266703073280, "text": "@Crackmacs rip", "type": "direct_reply"}, {"index": 12, "attribution": -0.377684623003006, "tweet_id": 525030814556635136, "text": "@OddSquad @Crackmacs I did my own tribute to this man who gave his life. #tributetohero http://t.co/SWX31Uho6C", "type": "lower_reply"}, {"index": 14, "attribution": -0.6835747361183167, "tweet_id": 525029440041275395, "text": "If only they had stricter gun laws... @Crackmacs", "type": "direct_reply"}]}