{"thread_id": "525036457732231169", "gold_label": 0, "predicted_label": 0, "tweet_attributions": [{"index": 0, "attribution": 0.3699212372303009, "tweet_id": 525036457732231169, "text": "#Canada Soldier shot today: MT @megunder On Sunday very handsome guard in picture with my friend - RIP Nathan Cirillo http://t.co/qJXlw1hNN3", "type": "source"}, {"index": 4, "attribution": 0.009789318777620792, "tweet_id": 525058396706181120, "text": "@sasapetricic @megunder Thank you for sharing with the proud country.", "type": "direct_reply"}, {"index": 7, "attribution": -0.0030362019315361977, "tweet_id": 525429951794020352, "text": "@sasapetricic @DamoSpin @megunder", "type": "direct_reply"}, {"index": 3, "attribution": -0.006828725337982178, "tweet_id": 525040106860584960, "text": "@sasapetricic @megunder  Thank you for sharing this wonderful picture and revealing  the  very human side  of this unjustifiable tragedy....", "type": "direct_reply"}, {"index": 2, "attribution": -0.008145810104906559, "tweet_id": 525042187579322368, "text": "@sasapetricic @IvisonJ @megunder Now my tears are falling.", "type": "direct_reply"}, {"index": 1, "attribution": -0.02411610074341297, "tweet_id": 525068696583434240, "text": "'@sasapetricic @megunder RIP Canadian Highlander. Our song #worldatwar more relevant than ever @diehardwrd @scots_wa_hey @poppyscotland", "type": "direct_reply"}, {"index": 5, "attribution": -0.03335938602685928, "tweet_id": 525040594817921024, "text": "@sasapetricic @garymasonglobe @megunder Tragic! My heart goes out to his family.", "type": "direct_reply"}, {"index": 6, "attribution": -0.03389209136366844, "tweet_id": 525094063427846145, "text": "@sasapetricic @janfromthebruce @megunder \nSoooooooo\nVery\nSad", "type": "direct_reply"}]}