{"thread_id": "525026592788348929", "gold_label": 0, "predicted_label": 2, "tweet_attributions": [{"index": 3, "attribution": 3.3200876712799072, "tweet_id": 525032032976764929, "text": "@PaBasiala @CTVNews bro FBI has info on both me and you bruh...they got out whole lives in a USB key", "type": "lower_reply"}, {"index": 9, "attribution": 3.193481206893921, "tweet_id": 525031864843915265, "text": "@Dacoast31 @CTVNews shit they don't need our help findin their shit out.. We weak yo", "type": "lower_reply"}, {"index": 13, "attribution": 1.8450545072555542, "tweet_id": 525032270835744769, "text": "@Dacoast31 ain't nobody got info on me lol.. And I'm sayin we should get to the bottom of this before the states do", "type": "lower_reply"}, {"index": 5, "attribution": 1.317450761795044, "tweet_id": 525031724787703808, "text": "@PaBasiala @CTVNews RCMP shared the news with the FBI to help em track the guy , FBI told public.", "type": "lower_reply"}, {"index": 16, "attribution": 0.669677734375, "tweet_id": 525027277760126977, "text": "@CTVNews no ..his name is John Smith CNN just told me ! Or no sorry his name is Whatevermynameis!CTV you have to make your own name .", "type": "direct_reply"}, {"index": 14, "attribution": 0.5739036798477173, "tweet_id": 525034208151216128, "text": "@EST_Laced_Up the guy mentioned is dead. One more maybe two  is possibly at large", "type": "lower_reply"}, {"index": 10, "attribution": 0.46927395462989807, "tweet_id": 525031472080896000, "text": "\u201c@CTVNews: Ottawa shooting suspect named as Michael Zehaf-Bibeau \u2013 2 U.S. sources tell ABC News.\u201d Us sources ? How they kno before us?", "type": "direct_reply"}, {"index": 4, "attribution": 0.42919018864631653, "tweet_id": 525030047137431553, "text": "@CTVNews who cares what this cowards name is let's hear more about the hero's #OttawaStrong", "type": "direct_reply"}, {"index": 2, "attribution": 0.035334207117557526, "tweet_id": 525034890535108608, "text": "@Dacoast31 Ok, was wondering cus media didnt specify. Thank you", "type": "lower_reply"}, {"index": 15, "attribution": 0.01219141110777855, "tweet_id": 525028690485608450, "text": "@CTVNews Why are US sources telling CTV news that the Canadian guy shot in #Canada by Canadian Police the \"suspects\" name!? #OttawaShooting", "type": "direct_reply"}, {"index": 0, "attribution": -0.06316526234149933, "tweet_id": 525026592788348929, "text": "Ottawa shooting suspect named as Michael Zehaf-Bibeau \u2013 2 U.S. sources tell ABC News.", "type": "source"}, {"index": 7, "attribution": -0.07770149409770966, "tweet_id": 525030935704502272, "text": "@CTVNews Algerian Muslim of course", "type": "direct_reply"}, {"index": 8, "attribution": -0.11776662617921829, "tweet_id": 525035095925993472, "text": "@EST_Laced_Up @Dacoast31 one of them is dead", "type": "lower_reply"}, {"index": 1, "attribution": -0.20127342641353607, "tweet_id": 525053933912600576, "text": "\u201c@CTVNews: Ottawa shooting suspect named as ...... 2 U.S. sources tell ABC News.\u201d   Not worth mentioning his name in my mind", "type": "direct_reply"}, {"index": 11, "attribution": -0.3114287257194519, "tweet_id": 525033188377497601, "text": "@PaBasiala @Dacoast31 You guys are so funny. American here, US intel keeps info on everyone, especially suspected Algerian radicals.", "type": "lower_reply"}, {"index": 12, "attribution": -0.36522629857063293, "tweet_id": 525033283974086657, "text": "@PaBasiala my jigga , the FBI knows about that ugly ass sidechick that u ain't ever tell no one about. They got that kind of power.", "type": "lower_reply"}, {"index": 6, "attribution": -0.4271407425403595, "tweet_id": 525033634106195968, "text": "@PaBasiala @Dacoast31 Are they still searching for him or is this the dead guy?", "type": "lower_reply"}]}