{"thread_id": "525059348574130176", "gold_label": 2, "predicted_label": 0, "tweet_attributions": [{"index": 0, "attribution": 0.21782350540161133, "tweet_id": 525059348574130176, "text": "The three people brought to Ottawa Hospital after today\u2019s shooting have been released in stable condition. Live blog: http://t.co/D58rrFrbwq", "type": "source"}, {"index": 7, "attribution": 0.04314815625548363, "tweet_id": 525060018920783872, "text": "@cnnbrk \u0641\u0627\u064a\u0632 \u0627\u0644\u0645\u0627\u0644\u0643\u064a \u0647\u0630\u0627 \u062d\u0633\u0627\u0628\u0647 \u0627\u0644\u062b\u0627\u0646\u064a - @Question_arab", "type": "direct_reply"}, {"index": 6, "attribution": 0.04226108267903328, "tweet_id": 525060021156347904, "text": "@cnnbrk \u0648\u0644\u064a\u062f \u0627\u0644\u0641\u0631\u0627\u062c \u064a\u0634\u0631\u062d \u0643\u0644 \u0634\u064a\u0621 \u0628\u0627\u0644\u062a\u0641\u0635\u064a\u0644 \u0647\u0646\u0627 - @Question_arab", "type": "direct_reply"}, {"index": 4, "attribution": 0.027196817100048065, "tweet_id": 525059789433622529, "text": "@cnnbrk \u0641\u0627\u064a\u0632 \u0627\u0644\u0645\u0627\u0644\u0643\u064a \u0647\u0630\u0627 \u062d\u0633\u0627\u0628\u0647 \u0627\u0644\u062b\u0627\u0646\u064a - @Question_arab", "type": "direct_reply"}, {"index": 3, "attribution": 0.025713026523590088, "tweet_id": 525060150134984705, "text": "@cnnbrk I live in Ottawa and that was the craziest thing I have ever seen in my life. People running in all directions !! Mad screaming !!!", "type": "direct_reply"}, {"index": 12, "attribution": 0.019624320790171623, "tweet_id": 525059782689165312, "text": "@cnnbrk \u0627\u0646\u062a \u062c\u0627\u0647\u0644 \u061f \u062a\u0628\u064a \u062a\u0635\u064a\u0631 \u0645\u062b\u0642\u0641 \u061f \u062a\u0639\u0627\u0644 \u0647\u0646\u0627 @Question_arab", "type": "direct_reply"}, {"index": 10, "attribution": 0.0071752374060451984, "tweet_id": 525059795720880128, "text": "@cnnbrk \u0645\u0646 \u0627\u0641\u0636\u0644 \u0627\u0644\u062d\u0633\u0627\u0628\u0627\u062a \u0628\u062a\u0648\u064a\u062a\u0631 \u0627\u0633\u0626\u0644\u0629 \u0648\u062a\u0641\u0627\u0639\u0644 - @Question_arab", "type": "direct_reply"}, {"index": 14, "attribution": 0.0008871864411048591, "tweet_id": 525059802222067712, "text": "@cnnbrk \"Released in \"stable\" condition?\" What??? #BreakingNews", "type": "direct_reply"}, {"index": 11, "attribution": 0.00018410685879644006, "tweet_id": 525059776116297729, "text": "@cnnbrk @MountiesGaming news statement from cnn", "type": "direct_reply"}, {"index": 1, "attribution": -0.01564517430961132, "tweet_id": 525232259369304064, "text": "@cnnbrk What is all this Muslim tweets saying", "type": "direct_reply"}, {"index": 8, "attribution": -0.02145569585263729, "tweet_id": 525061566585401344, "text": "@cnnbrk Are you guys gonna report on this for the next 3 months like everything else", "type": "direct_reply"}, {"index": 5, "attribution": -0.03899482637643814, "tweet_id": 525062993281691648, "text": "@cnnbrk propaganda is the executive arm of the invisible govemment.", "type": "direct_reply"}, {"index": 9, "attribution": -0.041526731103658676, "tweet_id": 525059791664984064, "text": "@cnnbrk \u0627\u0646\u062a \u0645\u062b\u0642\u0641 \u061f \u062d\u0627\u0635\u0644 \u0639\u0644\u0649 \u0645\u0627\u062c\u0633\u062a\u064a\u0631 \u0648\u062f\u0643\u062a\u0648\u0631\u0627\u0647 \u061f \u062a\u0639\u0627\u0644 \u0647\u0646\u0627 @Question_arab", "type": "direct_reply"}, {"index": 13, "attribution": -0.04164322465658188, "tweet_id": 525059646147792896, "text": "@cnnbrk Muslim terrorist in Canada. Be on alert. Wake up!", "type": "direct_reply"}, {"index": 2, "attribution": -0.06956709176301956, "tweet_id": 525060955722743809, "text": "@cnnbrk there were only two released..the third person that was brought to hospital died", "type": "direct_reply"}]}