{"thread_id": "525067386849091584", "gold_label": 0, "predicted_label": 2, "tweet_attributions": [{"index": 15, "attribution": 0.7616692185401917, "tweet_id": 525069797202329602, "text": "...while hosting a team from a country which just massacred hundreds @Raptors", "type": "direct_reply"}, {"index": 9, "attribution": 0.3540733754634857, "tweet_id": 525068067685285888, "text": "@Raptors class act!", "type": "direct_reply"}, {"index": 19, "attribution": 0.3005835711956024, "tweet_id": 525071900041838592, "text": "@Raptors That's very classy.  STAY STRONG CANADA STAY STRONG. CANADIAN SOLDIERS, police, firefighters and paramedics. We will prevail.", "type": "direct_reply"}, {"index": 14, "attribution": 0.12124063819646835, "tweet_id": 525070094507188224, "text": "#WeTheNorth -&gt; @Raptors Raptors hold a moment of silence to honour Cpl. Nathan Cirillo and all those affected by today's events in Ottawa.", "type": "direct_reply"}, {"index": 2, "attribution": 0.11687197536230087, "tweet_id": 525070123410128896, "text": "@Raptors @jellerton Thank you Raptors.", "type": "direct_reply"}, {"index": 7, "attribution": 0.09149142354726791, "tweet_id": 525067902861705216, "text": "@Raptors The right thing to do.", "type": "direct_reply"}, {"index": 13, "attribution": 0.0854850634932518, "tweet_id": 525075293133086720, "text": "@Raptors very classy #Respect #CanadaStrong", "type": "direct_reply"}, {"index": 16, "attribution": 0.0822257250547409, "tweet_id": 525107690570526722, "text": "@rio1389 @Raptors ditto.", "type": "lower_reply"}, {"index": 8, "attribution": 0.036400552839040756, "tweet_id": 525068107040428033, "text": "@Raptors @boom973 What about Warrant Officer Patrice Vincent?", "type": "direct_reply"}, {"index": 20, "attribution": 0.014016617089509964, "tweet_id": 525068492870262784, "text": "@Raptors @CBCNews #respect", "type": "direct_reply"}, {"index": 6, "attribution": 0.011124003678560257, "tweet_id": 525081268242116608, "text": "The reason why I love @Raptors \nRespects", "type": "direct_reply"}, {"index": 4, "attribution": 0.0041277180425822735, "tweet_id": 525076301720616960, "text": "@Raptors @Fatahfor3 wooow soo real", "type": "direct_reply"}, {"index": 17, "attribution": -0.0016173982294276357, "tweet_id": 525070664005615617, "text": "@Raptors How have I never heard of this team", "type": "direct_reply"}, {"index": 3, "attribution": -0.01588607020676136, "tweet_id": 525067588649226240, "text": "@Raptors my babies.", "type": "direct_reply"}, {"index": 11, "attribution": -0.023913780227303505, "tweet_id": 525070776647835650, "text": "@Raptors Thank You #WeTheNorth #OttawaStrong #OneCountry", "type": "direct_reply"}, {"index": 5, "attribution": -0.03656268119812012, "tweet_id": 525067984810016768, "text": "@Raptors that's respect", "type": "direct_reply"}, {"index": 18, "attribution": -0.05657978355884552, "tweet_id": 525077094746030080, "text": "@Raptors exact reason why i love the raptors so much", "type": "direct_reply"}, {"index": 10, "attribution": -0.09721378237009048, "tweet_id": 525098705205362688, "text": "@WPFact @Raptors this.", "type": "lower_reply"}, {"index": 12, "attribution": -0.10831966996192932, "tweet_id": 525068130310447107, "text": "@Raptors May the souls of those lost rest in peace.", "type": "direct_reply"}, {"index": 1, "attribution": -0.17575795948505402, "tweet_id": 525067743029391360, "text": "RT @Raptors: hold moment of silence to honour Cpl. Nathan Cirillo and all those affected by today's events in Ottawa. http://t.co/mwzi8bZaL4", "type": "direct_reply"}, {"index": 0, "attribution": -0.9796865582466125, "tweet_id": 525067386849091584, "text": "Raptors hold a moment of silence to honour Cpl. Nathan Cirillo and all those affected by today's events in Ottawa. http://t.co/hqoIIvCRNj", "type": "source"}]}