{"thread_id": "525010245811466240", "gold_label": 0, "predicted_label": 0, "tweet_attributions": [{"index": 0, "attribution": 0.2995966076850891, "tweet_id": 525010245811466240, "text": "The University of Ottawa is no longer in lockdown. #cbcOTT #OTTnews", "type": "source"}, {"index": 2, "attribution": -0.009765321388840675, "tweet_id": 525011342055702528, "text": "Thankful for this @uottawa \u201c@CBCOttawa: The University of Ottawa is no longer in lockdown. #cbcOTT #OTTnews\u201d", "type": "direct_reply"}, {"index": 3, "attribution": -0.02279851771891117, "tweet_id": 525012093674987521, "text": "@CBCOttawa http://t.co/Bon6IMlERk NIGHTMARE OF TERRORISM IN CANADA", "type": "direct_reply"}, {"index": 1, "attribution": -0.08353468030691147, "tweet_id": 525017229671542786, "text": "\u201c@CBCOttawa: The University of Ottawa is no longer in lockdown. #cbcOTT #OTTnews\u201dLol still not going to class doe", "type": "direct_reply"}]}