{"thread_id": "525039876366798849", "gold_label": 0, "predicted_label": 0, "tweet_attributions": [{"index": 0, "attribution": 0.31838589906692505, "tweet_id": 525039876366798849, "text": "Let #NathanCirillo be remembered like this.The part time soldier doing his job &amp; bringing a little happiness #Ottawa http://t.co/GPCfrq1uI3", "type": "source"}, {"index": 5, "attribution": 0.01638290099799633, "tweet_id": 525166889103015936, "text": "@mattwecho @Colettestweeter What a sweetheart and very sexy in that kilt! RIP, thoughts are with the family and friends of this man.", "type": "direct_reply"}, {"index": 7, "attribution": 0.015284378081560135, "tweet_id": 525045570033831936, "text": "@mattwecho @Hells4Heroes RIP Nathan .. God Bless you and Gods Speed ... YOU WILL NEVER BE FORGOTTEN @CanadaNATO @CanadaArmyRun @CanadianArmy", "type": "direct_reply"}, {"index": 4, "attribution": 0.006701856851577759, "tweet_id": 525042199550230530, "text": "@mattwecho that's the way to remember a fallen.", "type": "direct_reply"}, {"index": 6, "attribution": -0.015023353509604931, "tweet_id": 525046391723130880, "text": "@mattwecho @Steven_Swenson http://t.co/0Awlz0V2f9", "type": "direct_reply"}, {"index": 3, "attribution": -0.023628078401088715, "tweet_id": 525057647897489408, "text": "what a truly wonderful picture. it\u2019s front-page-worthy @mattwecho @WiseRiseInfo", "type": "direct_reply"}, {"index": 2, "attribution": -0.02833660878241062, "tweet_id": 525047618523508736, "text": "@mattwecho @Bgbboy God Bless. DM and Penfold support our allies' servicemen. Hunt down the dogs who helped that beast plan the attack", "type": "direct_reply"}, {"index": 1, "attribution": -0.029898641631007195, "tweet_id": 525066039659618304, "text": "@mattwecho @WiseRiseInfo RIP Nathan, condolences to your\nFamily.", "type": "direct_reply"}]}