{"thread_id": "525027873867198465", "gold_label": 0, "predicted_label": 0, "tweet_attributions": [{"index": 0, "attribution": 0.3572244942188263, "tweet_id": 525027873867198465, "text": "Everyone take a moment to honour Cpl. Nathan Cirillo the fine solider that was killed in Ottawa today #Hero http://t.co/UXb3CxWGZ2", "type": "source"}, {"index": 5, "attribution": 0.04713207855820656, "tweet_id": 525114109378174976, "text": "@EtobicokeErnie   Praying for Nathan, and his family tonight.  #BelieveInHeroes", "type": "direct_reply"}, {"index": 4, "attribution": -0.01969483308494091, "tweet_id": 525472389455695872, "text": "@EtobicokeErnie @isa4muslims prayers for the family.", "type": "direct_reply"}, {"index": 3, "attribution": -0.024044206365942955, "tweet_id": 525467013368774657, "text": "@EtobicokeErnie @isa4muslims LORD JESUS HOLD HIS FAMILY TIGHT COMFORT THEM HELP THEM HEAL", "type": "direct_reply"}, {"index": 6, "attribution": -0.03821154683828354, "tweet_id": 525054440790061057, "text": "@EtobicokeErnie @megan_j_martine \nR I P  WARRIOR. ... http://t.co/M4ZHaqucZx", "type": "direct_reply"}, {"index": 1, "attribution": -0.06216133013367653, "tweet_id": 525113210320744448, "text": "@EtobicokeErnie great tweet my friend", "type": "direct_reply"}, {"index": 2, "attribution": -0.0706343725323677, "tweet_id": 525374504391180288, "text": "@EtobicokeErnie @MairBear777 A True Hero !!! Our hearts pray for his family.", "type": "direct_reply"}]}