{"thread_id": "525023610243928064", "gold_label": 0, "predicted_label": 2, "tweet_attributions": [{"index": 16, "attribution": 3.3408327102661133, "tweet_id": 525026863207710721, "text": "@UmassAlum28 I'd love for us to ATLEAST reach ppl w/ the realization it's not a fucking religion. It's political theocracy! @NewsOnTheMin", "type": "lower_reply"}, {"index": 13, "attribution": 2.6760332584381104, "tweet_id": 525026216311799809, "text": "Religion of Peace! @NewsOnTheMin @RegganKoop", "type": "direct_reply"}, {"index": 7, "attribution": 0.5329208374023438, "tweet_id": 525027166397161472, "text": "@MarkSykes15 @NewsOnTheMin Naturally", "type": "lower_reply"}, {"index": 17, "attribution": 0.34970328211784363, "tweet_id": 525027584510545922, "text": "@UmassAlum28 Amen! Bullshit that's already in our House... @NewsOnTheMin", "type": "lower_reply"}, {"index": 9, "attribution": 0.3000938296318054, "tweet_id": 525025965374976000, "text": "@NewsOnTheMin @GayPatriot Wow. ISIS planned attack in Canada.", "type": "direct_reply"}, {"index": 5, "attribution": 0.22277335822582245, "tweet_id": 525026839778299904, "text": "Let's not jump to conclusions people! There could be many reasons why ISIS has the Ottawa \"workplace violence\" perp's picture\n@NewsOnTheMin", "type": "direct_reply"}, {"index": 20, "attribution": 0.18376658856868744, "tweet_id": 525025295544246272, "text": "Hmm MT @NewsOnTheMin: ISIS posts picture claiming to be Michael Zehaf-Bibeau suspected #Ottawa shooter http://t.co/mf40BHZrSt #Canada", "type": "direct_reply"}, {"index": 11, "attribution": 0.1413855403661728, "tweet_id": 525025963336536065, "text": "@NewsOnTheMin @GayPatriot Obviously Tea Party.", "type": "direct_reply"}, {"index": 12, "attribution": 0.13683447241783142, "tweet_id": 525024983974969344, "text": "@NewsOnTheMin @20committee Source?", "type": "direct_reply"}, {"index": 4, "attribution": 0.12743113934993744, "tweet_id": 525024173786431488, "text": "@NewsOnTheMin Source?", "type": "direct_reply"}, {"index": 15, "attribution": 0.10654279589653015, "tweet_id": 525025948304150528, "text": "@NewsOnTheMin is that @iyamjohnstamps", "type": "direct_reply"}, {"index": 14, "attribution": 0.03928476199507713, "tweet_id": 525025337512849408, "text": "@NewsOnTheMin @JohannesDreijer Source ?", "type": "direct_reply"}, {"index": 10, "attribution": 0.004821546841412783, "tweet_id": 525027156838350848, "text": "It's Bullshit is what it is. @RegganKoop @NewsOnTheMin", "type": "lower_reply"}, {"index": 6, "attribution": 0.002097988035529852, "tweet_id": 525862370963255296, "text": "@Faiz_Fenty @NewsOnTheMin The Current, cbc.ca (interview this morning ) calmed it was posted from a leaked picture.", "type": "lower_reply"}, {"index": 3, "attribution": -0.08163667470216751, "tweet_id": 525023824853487616, "text": "@NewsOnTheMin  this is bullshit", "type": "direct_reply"}, {"index": 2, "attribution": -0.09200941771268845, "tweet_id": 525024247736180736, "text": "@NewsOnTheMin So who took the pic? Bull.", "type": "direct_reply"}, {"index": 8, "attribution": -0.10026942938566208, "tweet_id": 525028457223581697, "text": "#Lock&amp;Load @RegganKoop @NewsOnTheMin", "type": "lower_reply"}, {"index": 0, "attribution": -0.15613625943660736, "tweet_id": 525023610243928064, "text": "ISIS Media account posts picture claiming to be Michael Zehaf-Bibeau suspected shooter in #Ottawa http://t.co/V61x3YvkGJ", "type": "source"}, {"index": 18, "attribution": -0.17844867706298828, "tweet_id": 525024422126559232, "text": "@NewsOnTheMin @pspoole hope he enjoys the flames of Hell &amp; torment!", "type": "direct_reply"}, {"index": 19, "attribution": -0.3296217620372772, "tweet_id": 525025774521565186, "text": "@NewsOnTheMin Source?", "type": "direct_reply"}, {"index": 1, "attribution": -0.3302359879016876, "tweet_id": 525024453844295681, "text": "@NewsOnTheMin I knew it.", "type": "direct_reply"}]}