{"thread_id": "525029232691650561", "gold_label": 0, "predicted_label": 0, "tweet_attributions": [{"index": 0, "attribution": 0.33001309633255005, "tweet_id": 525029232691650561, "text": "#RIP Nathan Cirillo #Soldier #Ottawa #Canada love you http://t.co/PkMR8R1pho", "type": "source"}, {"index": 1, "attribution": 0.03315388783812523, "tweet_id": 525029588968026112, "text": "\u201c@CarlosAlvarez37: #RIP Nathan Cirillo #Soldier #Ottawa #Canada love you http://t.co/tySNFMX6Za\u201dAAWWW LOOK AT UR DOG BEAUTIFUL \ud83d\ude0a", "type": "direct_reply"}, {"index": 2, "attribution": 0.02204052545130253, "tweet_id": 525034390263726080, "text": "@CarlosAlvarez37 @PartAnnMarie Condolences to his family.", "type": "direct_reply"}, {"index": 5, "attribution": 0.005069479811936617, "tweet_id": 525029889385041920, "text": "\u201c@CarlosAlvarez37: #RIP Nathan Cirillo #Soldier #Ottawa #Canada love you http://t.co/tySNFMX6Za\u201dRIP \ud83d\ude22\ud83d\ude22SOLDIER I SALUTE TO U\ud83d\ude1e\ud83c\uddfa\ud83c\uddf8\ud83d\ude22!!", "type": "direct_reply"}, {"index": 4, "attribution": -0.010698501951992512, "tweet_id": 525037001461223424, "text": "@CarlosAlvarez37 A tragedy.", "type": "direct_reply"}, {"index": 3, "attribution": -0.09668218344449997, "tweet_id": 525031967159754753, "text": "@CarlosAlvarez37 So sad.", "type": "direct_reply"}]}