{"thread_id": "525029954908860417", "gold_label": 0, "predicted_label": 2, "tweet_attributions": [{"index": 0, "attribution": 0.7630005478858948, "tweet_id": 525029954908860417, "text": "Updated: Full story on Nathan Cirillo, the soldier killed in #Ottawashooting http://t.co/znQSFJeNQf http://t.co/qM9gunIiJE", "type": "source"}, {"index": 3, "attribution": 0.15226642787456512, "tweet_id": 525064168676679681, "text": "@rosejuddarcher @TorontoStar well said.", "type": "lower_reply"}, {"index": 18, "attribution": 0.13109692931175232, "tweet_id": 525031555186425856, "text": "@TorontoStar  R.I.P.", "type": "direct_reply"}, {"index": 8, "attribution": 0.1010962650179863, "tweet_id": 525031096384499712, "text": "\u201c@TorontoStar: Updated: Full story on Nathan Cirillo, the soldier killed in #Ottawashooting http://t.co/2HvcHXPf1x http://t.co/KGrQoQl3J3\u201d", "type": "direct_reply"}, {"index": 17, "attribution": 0.08790966123342514, "tweet_id": 525073878809608194, "text": "@TorontoStar God Bless", "type": "direct_reply"}, {"index": 9, "attribution": 0.08430970460176468, "tweet_id": 525106845246324736, "text": "@Todaysparent @TorontoStar this is devastating. I'm so so sorry to the family for their loss. He was a good man.", "type": "lower_reply"}, {"index": 2, "attribution": 0.05942190811038017, "tweet_id": 525091596405321728, "text": "@TorontoStar @acoyne Look at that face. So beautiful. Such a tragic waste.", "type": "direct_reply"}, {"index": 6, "attribution": 0.02728608064353466, "tweet_id": 525038153652924416, "text": "@TorontoStar may he rest in peace.\ud83d\ude15\ud83c\udf39", "type": "direct_reply"}, {"index": 19, "attribution": 0.018997471779584885, "tweet_id": 525032922446049280, "text": "@TorontoStar \nRIP", "type": "direct_reply"}, {"index": 11, "attribution": 0.01001063548028469, "tweet_id": 525058705008504832, "text": "@TorontoStar RIP good man", "type": "direct_reply"}, {"index": 15, "attribution": -0.0016425630310550332, "tweet_id": 525032933498036224, "text": "@TorontoStar RIP Nathan Cirillo  Senseless, horrifying, shameful death.", "type": "direct_reply"}, {"index": 4, "attribution": -0.013965043239295483, "tweet_id": 525031326815383552, "text": "@TorontoStar  RIP Nathan Cirillo", "type": "direct_reply"}, {"index": 14, "attribution": -0.0464213527739048, "tweet_id": 525082822063947779, "text": "@TorontoStar @ThirstanF such a handsome man &amp; far too young! #ottawashootings", "type": "direct_reply"}, {"index": 16, "attribution": -0.04927770420908928, "tweet_id": 525041998123003904, "text": "@TorontoStar Now that's an authentic smile that will be deeply missed.", "type": "direct_reply"}, {"index": 10, "attribution": -0.05035291612148285, "tweet_id": 525085726955012096, "text": ".@TorontoStar story on Nathan Cirillo, the soldier killed in #Ottawashooting http://t.co/paTqUqgCRl http://t.co/GubIsFYd6E #OttawaStrong", "type": "direct_reply"}, {"index": 5, "attribution": -0.11194609850645065, "tweet_id": 525086434676707329, "text": "\u201c@TorontoStar: Updated: Story on N Cirillo, soldier killed in #Ottawashooting http://t.co/vDviYTY3KU http://t.co/c5OEkQHwoi\u201d #HonourCirillo", "type": "direct_reply"}, {"index": 12, "attribution": -0.11986979842185974, "tweet_id": 525098879055048704, "text": "@TorontoStar @TeamAussiePups @kenmoret God bless and my prayers are with the family and Canada.", "type": "direct_reply"}, {"index": 7, "attribution": -0.12323047965765, "tweet_id": 525086646413557760, "text": "\"A young father.\" MT @TorontoStar: Story on Nathan Cirillo, soldier killed in #Ottawashooting http://t.co/0mmbu65EMr http://t.co/hWakdnXKXo", "type": "direct_reply"}, {"index": 13, "attribution": -0.1472814977169037, "tweet_id": 525039659144200192, "text": "@TorontoStar may he rest in peace! God bless all who serve whether it be at home or abroad! You are all my heroes \u2764\ufe0f", "type": "direct_reply"}, {"index": 1, "attribution": -0.7572928071022034, "tweet_id": 525060502800859137, "text": "Only face we should see \"@TorontoStar: Nathan Cirillo, the soldier killed in #Ottawashooting http://t.co/fcrDtzCdQJ http://t.co/HaFMQGDZpZ\u201d", "type": "direct_reply"}]}