{"thread_id": "525060425184858112", "gold_label": 0, "predicted_label": 2, "tweet_attributions": [{"index": 7, "attribution": 0.714631974697113, "tweet_id": 525060679272001537, "text": "@cnnbrk This is FAR from breaking news.... this has been known for hours", "type": "direct_reply"}, {"index": 10, "attribution": 0.6679850220680237, "tweet_id": 525061437224648704, "text": "@cnnbrk why tweets not in English", "type": "direct_reply"}, {"index": 6, "attribution": 0.21276570856571198, "tweet_id": 525083549284966400, "text": "@nwhiteway @cnnbrk ITS STILL IMPORTANT", "type": "lower_reply"}, {"index": 17, "attribution": 0.20636512339115143, "tweet_id": 525072756191547393, "text": "@CathyCollver @cnnbrk because they can't read and write English", "type": "lower_reply"}, {"index": 13, "attribution": 0.1799689084291458, "tweet_id": 525061994504671234, "text": "@cnnbrk @OutFrontCNN Out of respect for his family could CNN please stop showing pictures and video of people performing CPR on him?", "type": "direct_reply"}, {"index": 16, "attribution": 0.1730663925409317, "tweet_id": 525060541803687936, "text": "@cnnbrk \u0647\u0647\u0647\u0647\u0647\u0647 \u0648\u0631\u0628\u064a \u062d\u0633\u0627\u0628 \u0639\u062c\u064a\u0628 \u0634\u0648\u0641\u0648\u0622 \u0628\u0627\u0644\u0644\u0647 - @Question_arab", "type": "direct_reply"}, {"index": 2, "attribution": 0.08298797905445099, "tweet_id": 525060525282320386, "text": "@cnnbrk \u0627\u0642\u0648\u0644\u0643 \u062e\u0644\u064a \u0639\u0646\u0643 \u0628\u0633 \u0648\u0634\u0648\u0641 \u0648\u0644\u064a\u062f \u0627\u0644\u0641\u0631\u0627\u062c \u0648\u0634 \u0645\u0633\u0648\u064a @Question_arab", "type": "direct_reply"}, {"index": 19, "attribution": 0.0622752420604229, "tweet_id": 525061909968478208, "text": "@cnnbrk RIP", "type": "direct_reply"}, {"index": 15, "attribution": 0.0560411661863327, "tweet_id": 525062273854078976, "text": "@cnnbrk RIP \u2665", "type": "direct_reply"}, {"index": 9, "attribution": 0.023192206397652626, "tweet_id": 525061045870551040, "text": "@cnnbrk He was shot at close range and did not stand a chance.\nThe gunman was shot and killed later trying to enter parliment", "type": "direct_reply"}, {"index": 1, "attribution": 0.011727903969585896, "tweet_id": 525061831229210624, "text": "@cnnbrk source is correct!", "type": "direct_reply"}, {"index": 11, "attribution": 0.006205916870385408, "tweet_id": 525060539551326208, "text": "@cnnbrk \u064a\u0627\u0628\u0646\u0627\u062a \u0646\u0628\u064a \u0641\u0632\u0639\u062a\u0643\u0645 - \u0647\u0646\u0627  @Question_arab", "type": "direct_reply"}, {"index": 20, "attribution": -0.007147631142288446, "tweet_id": 525060529908637696, "text": "@cnnbrk \u0641\u0627\u064a\u0632 \u0627\u0644\u0645\u0627\u0644\u0643\u064a: \u0631\u062c\u0644 \u0627\u0644\u0627\u0645\u0647 - \u0648\u064a\u0646\u0635\u062d \u0628\u0645\u062a\u0627\u0628\u0639\u0647 \u0630\u0627 \u0627\u0644\u062d\u0633\u0627\u0628 @Question_arab", "type": "direct_reply"}, {"index": 5, "attribution": -0.03043568693101406, "tweet_id": 525062454372757504, "text": "@CathyCollver @cnnbrk One guess.", "type": "lower_reply"}, {"index": 21, "attribution": -0.05230890214443207, "tweet_id": 525062377713455104, "text": "@cnnbrk you've been late on this story all day..", "type": "direct_reply"}, {"index": 3, "attribution": -0.05524374544620514, "tweet_id": 525061828997820417, "text": "@cnnbrk @AC360 tweets not in english cuz they are morons", "type": "direct_reply"}, {"index": 4, "attribution": -0.0584152452647686, "tweet_id": 525060545926660096, "text": "@cnnbrk \u0645\u0648\u0633\u0648\u0639\u0647 \u0627\u0633\u0626\u0644\u0629 \u0644\u0639\u0627\u0644\u0645 \u062d\u0648\u0627\u0621 @Question_arab", "type": "direct_reply"}, {"index": 18, "attribution": -0.079879991710186, "tweet_id": 525060532156772352, "text": "@cnnbrk \u0647\u0647\u0647\u0647\u0647\u0647 \u0627\u0644\u0648\u0644\u064a\u062f \u0628\u0646 \u0637\u0644\u0627\u0644 \u0645\u062a\u0627\u0628\u0639 \u0647\u0627\u0644\u062d\u0633\u0627\u0628 \u0644\u064a\u0634 \u061f @Question_arab", "type": "direct_reply"}, {"index": 12, "attribution": -0.08635961264371872, "tweet_id": 525061709518888960, "text": "@cnnbrk what is our world coming to, we are afraid to go anywhere as no place is safe.", "type": "direct_reply"}, {"index": 14, "attribution": -0.10542205721139908, "tweet_id": 525060901137702913, "text": "@cnnbrk RIP Bro", "type": "direct_reply"}, {"index": 8, "attribution": -0.11435260623693466, "tweet_id": 525061628078067712, "text": "@cnnbrk @AC360 sad.....", "type": "direct_reply"}, {"index": 0, "attribution": -1.0324305295944214, "tweet_id": 525060425184858112, "text": "The Canadian soldier killed in today's Ottawa shooting is Cpl. Nathan Cirillo, a family source told CNN. Live blog: http://t.co/D58rrFrbwq", "type": "source"}]}