{"thread_id": "525037656820826112", "gold_label": 0, "predicted_label": 2, "tweet_attributions": [{"index": 3, "attribution": 1.3914796113967896, "tweet_id": 525054711292895232, "text": "@velosterpilot @CaseySchroth @jperfect10 I have no doubt this soldier has DOZENS of amazing friends who would be proud to look after his pup", "type": "lower_reply"}, {"index": 12, "attribution": 1.1620686054229736, "tweet_id": 525044332030873600, "text": "@CaseySchroth @jperfect10 A heartbreaking loss for the dog, too. It will never understand why \"daddy\" didn't came home. I'm teared up.", "type": "direct_reply"}, {"index": 2, "attribution": 0.36118045449256897, "tweet_id": 525044787246665729, "text": "@CaseySchroth @AndrewBerkshire Unfortunately, we'll talk about the shooters for years, not nathan. #Lortie #Rouleau #Bourque Etc", "type": "direct_reply"}, {"index": 16, "attribution": 0.28179261088371277, "tweet_id": 525128489700438016, "text": "@CaseySchroth @kjbreazeale He rest in our Lord's Arms! God Bless his family, and comfort them with His Love! Prayers!!", "type": "direct_reply"}, {"index": 1, "attribution": 0.22815245389938354, "tweet_id": 525052172996997120, "text": "@CaseySchroth @JoanneCangal that photo chokes me up - what a tragic loss #HamOnt #Ottawa", "type": "direct_reply"}, {"index": 15, "attribution": 0.15841475129127502, "tweet_id": 525056307716706305, "text": "@Teknofish @velosterpilot @CaseySchroth if not I'll go pick the pup up myself. My dog needs a friend", "type": "lower_reply"}, {"index": 13, "attribution": 0.10984733700752258, "tweet_id": 525058636301611008, "text": "@CaseySchroth @OnlyOneAlgoGirl Cute photo with the dog.  Seems to have been a dog lover. :)", "type": "direct_reply"}, {"index": 8, "attribution": 0.07747514545917511, "tweet_id": 525040097754746880, "text": "@CaseySchroth @mattsekeres rest in peace good sir! Thank you for everything you did", "type": "direct_reply"}, {"index": 9, "attribution": 0.026553355157375336, "tweet_id": 525054249705943040, "text": "@CaseySchroth @JoanneCangal just sad!", "type": "direct_reply"}, {"index": 7, "attribution": 0.01927255466580391, "tweet_id": 525059646206521344, "text": "@CaseySchroth @GongshowGear well said. Cpl. Nathan Cirillo, forever a hero and never forgotten.", "type": "direct_reply"}, {"index": 5, "attribution": 0.007186466827988625, "tweet_id": 525078954982772737, "text": "@CaseySchroth what a handsome man. I would go on a date with him any night of the week #rip Cpl. Nathan Cirillo", "type": "direct_reply"}, {"index": 11, "attribution": -0.01924879476428032, "tweet_id": 525249368665112577, "text": "@CaseySchroth @gloryoftheSon Deepest Condolences to Cpl. Nathan Cirillos' Family! SALUTE! #NeverForgotten #FallenHero http://t.co/SjjjtPcFRg", "type": "direct_reply"}, {"index": 4, "attribution": -0.035348616540431976, "tweet_id": 525054032998449152, "text": "Strongly Agree! \u201c@CaseySchroth: Forever remember Cpl. Nathan Cirillo. Never speak of the shooter.  #StayStrongCanada http://t.co/XF89YINkAB\u201d", "type": "direct_reply"}, {"index": 10, "attribution": -0.06581349670886993, "tweet_id": 525071923932581888, "text": "@CaseySchroth Nobody mention shooter, bring no publicity to this inhumane mindless devil.All for the fallen", "type": "direct_reply"}, {"index": 6, "attribution": -0.08937299996614456, "tweet_id": 525054922257997824, "text": "@DLCoulisses @CaseySchroth @AndrewBerkshire Not true.   Iv forgot the Islamists name already.   Our first to fall will never be forgotten.", "type": "lower_reply"}, {"index": 14, "attribution": -0.17762725055217743, "tweet_id": 525048381719457792, "text": "@CaseySchroth @TSNJR You have that right", "type": "direct_reply"}, {"index": 17, "attribution": -0.20865727961063385, "tweet_id": 525159580247285761, "text": "@CaseySchroth @MichaelShanks :(", "type": "direct_reply"}, {"index": 18, "attribution": -0.2222718745470047, "tweet_id": 525059360011988993, "text": "@VickiDavidson1 @CaseySchroth what a waste eh :)", "type": "lower_reply"}, {"index": 0, "attribution": -0.29793044924736023, "tweet_id": 525037656820826112, "text": "Forever remember Cpl. Nathan Cirillo. Never speak of the shooter. #OttawaShooting #StaySafeOttawa #StayStrongCanada http://t.co/VmMfN4RH7e", "type": "source"}]}