{"thread_id": "525057025785356288", "gold_label": 0, "predicted_label": 2, "tweet_attributions": [{"index": 7, "attribution": 2.6623291969299316, "tweet_id": 525062312013856768, "text": "@CNNSitRoom God Bless him and his family! He volunteered to serve as Honor Guard for the memorial! He did it with Honor!\ud83d\ude4f\ud83c\uddfa\ud83c\uddf8", "type": "direct_reply"}, {"index": 9, "attribution": 1.872205376625061, "tweet_id": 525057562178519040, "text": "@CNNSitRoom @CNN @paulanewtonCNN Obvious Israeli false flag, really being called out as such. Sick of Zionist media \"reporting\" these crimes", "type": "direct_reply"}, {"index": 12, "attribution": 1.0949631929397583, "tweet_id": 525075878624378880, "text": "@GatesRobin @CNNSitRoom What's with the praying hands and the American flag? This guy was Canadian.", "type": "lower_reply"}, {"index": 14, "attribution": 0.559410035610199, "tweet_id": 525062048099491840, "text": "@disinfo_flag @CNNSitRoom @CNN @paulanewtonCNN Dont tread on me or my flag.. and especially Israel.", "type": "lower_reply"}, {"index": 18, "attribution": 0.4966095983982086, "tweet_id": 525062327930855424, "text": "@tolovana66 @CNNSitRoom @CNN @paulanewtonCNN IS is looking for vulnerable important spots then start here.. in U.S", "type": "lower_reply"}, {"index": 6, "attribution": 0.49598923325538635, "tweet_id": 525060037145001984, "text": "@CNNSitRoom @CNN @paulanewtonCNN DEAR CNN, Stop trying to cover Canadian news. You suck at it. Please stop, it's insulting. \nFrom,\nCanada", "type": "direct_reply"}, {"index": 2, "attribution": 0.42673107981681824, "tweet_id": 525058034071257088, "text": "@CNNSitRoom @CNN @paulanewtonCNN More info on him: http://t.co/eqgdQohJc6", "type": "lower_reply"}, {"index": 1, "attribution": 0.3895004689693451, "tweet_id": 525061459584507904, "text": "@Oilersmyth @disinfo_flag @CNNSitRoom @CNN @paulanewtonCNN oh shit they retweeted me", "type": "lower_reply"}, {"index": 17, "attribution": 0.37058785557746887, "tweet_id": 525077488603770880, "text": "@Holsteinlange @CNNSitRoom Yes I know he was Canadian! Support for his family and pray for  family lose! I was a soldier, he was a soldier!", "type": "lower_reply"}, {"index": 15, "attribution": 0.35700324177742004, "tweet_id": 525058485151494144, "text": "RT @CNNSitRoom: More #breaking: @CNN confirms name of soldier who was killed in #OttawaShooting as Nathan Cirillo. @paulanewtonCNN http://t\u2026", "type": "direct_reply"}, {"index": 21, "attribution": 0.34268394112586975, "tweet_id": 525058963318919171, "text": "@CNNSitRoom Michael Zehaf-Bibeau #OttawaShooting\u2026Blowback does not exist\u2026Iraq War will pay for itself\u2026war will last weeks rather than months", "type": "direct_reply"}, {"index": 4, "attribution": 0.21587659418582916, "tweet_id": 525057353251844096, "text": ".@CNNSitRoom @CNN @paulanewtonCNN Nathan is the one on the left in that photo, taken moments prior to shooting.", "type": "direct_reply"}, {"index": 20, "attribution": 0.1411719173192978, "tweet_id": 525061145162711040, "text": "@Oilersmyth @disinfo_flag @CNNSitRoom @CNN @paulanewtonCNN oh shit they replied", "type": "lower_reply"}, {"index": 3, "attribution": 0.06682638823986053, "tweet_id": 525062496240279552, "text": "@Death4Jodi You mean the flag with the Seal of Solomon on it, the same symbol those in Witchcraft use to summon demons? I tread on it.", "type": "lower_reply"}, {"index": 22, "attribution": 0.013586003333330154, "tweet_id": 525058322588651521, "text": "@disinfo_flag @CNNSitRoom @CNN @paulanewtonCNN omfg, please, PLEASE stfu. Not everything is a conspiracy.", "type": "lower_reply"}, {"index": 8, "attribution": -0.054935868829488754, "tweet_id": 525058048880943104, "text": "@CNNSitRoom @CNN @paulanewtonCNN\nAs always, there is a special place in hell for sub human(s) that did it", "type": "direct_reply"}, {"index": 11, "attribution": -0.13011804223060608, "tweet_id": 525057746119319552, "text": "@CNNSitRoom @CNN @paulanewtonCNN I want 2 hear was it planned attack. is it a prelude 2 more 2 come. connected to ISIS. talk facts", "type": "direct_reply"}, {"index": 16, "attribution": -0.17009703814983368, "tweet_id": 525060804853252096, "text": "@cnnsitroom @cnn @paulanewtoncnn oh my God", "type": "direct_reply"}, {"index": 19, "attribution": -0.18041561543941498, "tweet_id": 525057215796117504, "text": "@CNNSitRoom @CNN @paulanewtonCNN you guys have absolutely no idea what the hell you're saying shut up please", "type": "direct_reply"}, {"index": 13, "attribution": -0.28373879194259644, "tweet_id": 525060178543394816, "text": "@CNNSitRoom @CNN @paulanewtonCNN Breaking?", "type": "direct_reply"}, {"index": 10, "attribution": -0.36380037665367126, "tweet_id": 525059196220624896, "text": "@Oilersmyth Aww... we'll try not to upset you. It's tough when you figure out the world isn't made of sugar. You just react like a bitch. :)", "type": "lower_reply"}, {"index": 23, "attribution": -0.415751576423645, "tweet_id": 525061579578957824, "text": "@CNNSitRoom @CNN @paulanewtonCNN RIP.", "type": "direct_reply"}, {"index": 5, "attribution": -0.4487781226634979, "tweet_id": 525060882687336448, "text": "@CNNSitRoom @CNN @paulanewtonCNN may he rest in peace! He gave his life serving his country!", "type": "direct_reply"}, {"index": 0, "attribution": -1.511398434638977, "tweet_id": 525057025785356288, "text": "More #breaking: @CNN confirms name of soldier who was killed in #OttawaShooting as Nathan Cirillo. @paulanewtonCNN http://t.co/3e8cFKOUnT", "type": "source"}]}