{"thread_id": "525028171549523971", "gold_label": 0, "predicted_label": 2, "tweet_attributions": [{"index": 1, "attribution": 2.098054885864258, "tweet_id": 525040015026683904, "text": "@SamAkbar10 @Pwookey @BBCBreaking when you vomit", "type": "lower_reply"}, {"index": 39, "attribution": 1.2256190776824951, "tweet_id": 525038969629581312, "text": "@SGillLondonUK @Pwookey @BBCBreaking Sorry I am married", "type": "lower_reply"}, {"index": 19, "attribution": 1.2177886962890625, "tweet_id": 525039884147638272, "text": "@SamAkbar10 @Pwookey @BBCBreaking next time make sure you are lying on your back", "type": "lower_reply"}, {"index": 9, "attribution": 0.9553166031837463, "tweet_id": 525040363850170368, "text": "@SGillLondonUK @SamAkbar10 @BBCBreaking I blocked that POS, I worked out that he's probably 12, certainly mentally if not in years.", "type": "lower_reply"}, {"index": 33, "attribution": 0.7420050501823425, "tweet_id": 525035162157858816, "text": "@SGillLondonUK @BBCBreaking Disgusting .... I have vomited after seeing your profile pic", "type": "lower_reply"}, {"index": 14, "attribution": 0.44200465083122253, "tweet_id": 525028854713577474, "text": "@BBCBreaking how awful to hear the solider has died. What is wrong with people?", "type": "direct_reply"}, {"index": 37, "attribution": 0.4045621454715729, "tweet_id": 525032664495968257, "text": "@bbcbreaking 15 Mins Video Of @MariahCarey #TheElusiveShow Kuala Lumpur 2014 \"Rain T...: http://t.co/eWNH46gS5D via @YouTube", "type": "direct_reply"}, {"index": 31, "attribution": 0.3929276764392853, "tweet_id": 525040302583599105, "text": "@SGillLondonUK @Pwookey @BBCBreaking Please stop sending tweets still I am vomiting", "type": "lower_reply"}, {"index": 18, "attribution": 0.39107784628868103, "tweet_id": 525151464206139392, "text": "@SGillLondonUK @Pwookey @BBCBreaking Dog's ranting", "type": "lower_reply"}, {"index": 4, "attribution": 0.3424472510814667, "tweet_id": 525037099792089088, "text": "@BBCBreaking @craigless2 may his soul rest in peace sympathies to his family", "type": "direct_reply"}, {"index": 35, "attribution": 0.3308458626270294, "tweet_id": 525033848120545281, "text": "@SamAkbar10 @BBCBreaking it's still murder", "type": "lower_reply"}, {"index": 23, "attribution": 0.3304901123046875, "tweet_id": 525043888667762689, "text": "@SGillLondonUK @SamAkbar10 @BBCBreaking He's probably married to a Goat.", "type": "lower_reply"}, {"index": 11, "attribution": 0.3077230751514435, "tweet_id": 525037412636823553, "text": "@Pwookey @BBCBreaking Funny .. I have to listen to dogs about ethics", "type": "lower_reply"}, {"index": 28, "attribution": 0.3059536814689636, "tweet_id": 525029097659834368, "text": "@BBCBreaking If he is Canadian and Christian he is retarded but if he is Muslim he is terrorist", "type": "direct_reply"}, {"index": 2, "attribution": 0.2956969141960144, "tweet_id": 525047669820256256, "text": "@DanielSayers @SamAkbar10 @Pwookey @BBCBreaking is that a lake? I thought it was a urine sample", "type": "lower_reply"}, {"index": 27, "attribution": 0.28949233889579773, "tweet_id": 525044296312184832, "text": "@SamAkbar10 @Pwookey @SGillLondonUK @BBCBreaking oh my god a talking lake.", "type": "lower_reply"}, {"index": 10, "attribution": 0.2841717600822449, "tweet_id": 525036932716576769, "text": "@SamAkbar10 @BBCBreaking you need to grow up sonny, you are the retard. Have some respect, you disgusting piece of sub human filth.", "type": "lower_reply"}, {"index": 22, "attribution": 0.2656526267528534, "tweet_id": 525037632112566272, "text": "@SamAkbar10 @BBCBreaking I (almost) died of boredom reading your bullshit. Cunt", "type": "lower_reply"}, {"index": 7, "attribution": 0.22474031150341034, "tweet_id": 525037764849315840, "text": "@SGillLondonUK @BBCBreaking Then die and go to Hell", "type": "lower_reply"}, {"index": 24, "attribution": 0.21868084371089935, "tweet_id": 525038034094661632, "text": "@SamAkbar10 @Pwookey @BBCBreaking don't you mean read?", "type": "lower_reply"}, {"index": 36, "attribution": 0.20787979662418365, "tweet_id": 525053552205766656, "text": "@SGillLondonUK @Pwookey @SamAkbar10 @BBCBreaking is that paddy McGinty's  goat or is that racist", "type": "lower_reply"}, {"index": 17, "attribution": 0.20647810399532318, "tweet_id": 525037655386370050, "text": "@Pwookey @BBCBreaking Please don't bark my kids are sleeping", "type": "lower_reply"}, {"index": 30, "attribution": 0.17284639179706573, "tweet_id": 525040502882590720, "text": "@Pwookey @SGillLondonUK @BBCBreaking Where is your master ?!", "type": "lower_reply"}, {"index": 21, "attribution": 0.1338193565607071, "tweet_id": 525043683855720449, "text": "@Pwookey @SamAkbar10 @BBCBreaking more like his wife is 12 years old", "type": "lower_reply"}, {"index": 25, "attribution": 0.08890493959188461, "tweet_id": 525039961590874112, "text": "@SGillLondonUK @Pwookey @BBCBreaking You won't understand cause you always have been porked from your meat hole", "type": "lower_reply"}, {"index": 3, "attribution": 0.05579562112689018, "tweet_id": 525028489762971648, "text": "@bbcbreaking RIP", "type": "direct_reply"}, {"index": 26, "attribution": 0.04712206497788429, "tweet_id": 525029062092537857, "text": "\u201c@BBCBreaking: Canadian media identify the soldier killed in Ottawa as Nathan Cirillo, 24 http://t.co/3kMTbkRwsj\u201d RIP", "type": "direct_reply"}, {"index": 32, "attribution": -9.34696217882447e-05, "tweet_id": 525030920341176320, "text": "@smilerjfs @BBCBreaking well briefly they are murdering religious nutters", "type": "lower_reply"}, {"index": 6, "attribution": -0.04924885556101799, "tweet_id": 525048109463003136, "text": "@SGillLondonUK @SamAkbar10 @Pwookey @BBCBreaking haha!", "type": "lower_reply"}, {"index": 0, "attribution": -0.05167138949036598, "tweet_id": 525028171549523971, "text": "Canadian media identify the soldier killed in Ottawa as Nathan Cirillo, 24 http://t.co/4kdUz25jRf", "type": "source"}, {"index": 8, "attribution": -0.06062937155365944, "tweet_id": 525039484740853760, "text": "@SamAkbar10 @Pwookey @BBCBreaking why would anyone want to marry you?", "type": "lower_reply"}, {"index": 34, "attribution": -0.06308698654174805, "tweet_id": 525043539848470528, "text": "@SamAkbar10 @Pwookey @BBCBreaking he's busy lubing the dildo", "type": "lower_reply"}, {"index": 15, "attribution": -0.07978351414203644, "tweet_id": 525151213919428608, "text": "@SGillLondonUK @Pwookey @BBCBreaking But a Gay hasn't", "type": "lower_reply"}, {"index": 12, "attribution": -0.08788061141967773, "tweet_id": 525030789054885889, "text": "\u201c@BBCBreaking: Canadian media identify the soldier killed in Ottawa as Nathan Cirillo, 24 http://t.co/bhA8U3UyEQ", "type": "direct_reply"}, {"index": 16, "attribution": -0.11472272127866745, "tweet_id": 525050198792609792, "text": "@Pwookey @SamAkbar10 @BBCBreaking even goats have standards", "type": "lower_reply"}, {"index": 38, "attribution": -0.19068263471126556, "tweet_id": 525031102730489856, "text": "@SamAkbar10 @BBCBreaking no he's a retard as well don't feel left out", "type": "lower_reply"}, {"index": 20, "attribution": -0.2153773158788681, "tweet_id": 525028503545462784, "text": "@BBCBreaking rip", "type": "direct_reply"}, {"index": 29, "attribution": -0.230394646525383, "tweet_id": 525028523548110848, "text": "\u201c@BBCBreaking: Canadian media identify the soldier killed in Ottawa, 24 http://t.co/iMkEy4Cqk2\u201d Thoughts are with his family! &lt;3", "type": "direct_reply"}, {"index": 13, "attribution": -0.2352592498064041, "tweet_id": 525038881440546818, "text": "@SamAkbar10 @BBCBreaking only if you ask nicely", "type": "lower_reply"}, {"index": 5, "attribution": -0.316415011882782, "tweet_id": 525039308961771521, "text": "@SamAkbar10 @Pwookey @BBCBreaking a wife and a string of hookers?", "type": "lower_reply"}]}