{"thread_id": "525048987649576960", "gold_label": 0, "predicted_label": 2, "tweet_attributions": [{"index": 7, "attribution": 1.130894422531128, "tweet_id": 525400887528009728, "text": "@HuffPostCanada @7679USMC Such a horrible waste...", "type": "direct_reply"}, {"index": 4, "attribution": 0.3015346825122833, "tweet_id": 525097787285712896, "text": "@HuffPostCanada Makes no sense-why police tape? @MikeHansen613", "type": "direct_reply"}, {"index": 8, "attribution": 0.1510946899652481, "tweet_id": 525066981578264577, "text": "@HuffPostCanada @southsalem an Honor Guard shot down in COLD BLOOD these people are certainly not God's people they're #BARBARIANS", "type": "direct_reply"}, {"index": 6, "attribution": 0.07934235781431198, "tweet_id": 525163315681824768, "text": "@HuffPostCanada @Nettles18 this is so heartbreaking.....", "type": "direct_reply"}, {"index": 9, "attribution": 0.06387675553560257, "tweet_id": 525455374984679426, "text": "@kimdgood @HuffPostCanada                                ....RIP Cpl. Cirillo....", "type": "lower_reply"}, {"index": 5, "attribution": 0.01862841658294201, "tweet_id": 525198940929806336, "text": "@HuffPostCanada its sad.  And crap world we live in now ..\nThought's wiv his families :(", "type": "direct_reply"}, {"index": 10, "attribution": 0.00665503554046154, "tweet_id": 525088807679713281, "text": "@HuffPostCanada He guarded the tomb of an unknown soldier, but he will forever be remembered. My heart breaks for his family.", "type": "direct_reply"}, {"index": 1, "attribution": -0.018425505608320236, "tweet_id": 525163587716018177, "text": "@HuffPostCanada @Nettles18 what's the mood like in your home town about this?", "type": "lower_reply"}, {"index": 11, "attribution": -0.027635477483272552, "tweet_id": 525108414817386496, "text": "\u201c@HuffPostCanada: Heartbreaking photo shows  soldier Cirillo just moments before shooting http://t.co/7mteGhjkkT http://t.co/gf3Vv9gb6W\u201d", "type": "direct_reply"}, {"index": 3, "attribution": -0.10463836789131165, "tweet_id": 525100268850270209, "text": "@cmnsense100 That's construction tape. Probably doing some work on it. @HuffPostCanada", "type": "lower_reply"}, {"index": 2, "attribution": -0.1261437088251114, "tweet_id": 525085585158189056, "text": "@HuffPostCanada @DC_TO This photo should be given a place of honour @HouseofCommons #Canada", "type": "direct_reply"}, {"index": 0, "attribution": -0.9096153378486633, "tweet_id": 525048987649576960, "text": "Heartbreaking photo shows fallen soldier Nathan Cirillo just moments before shooting http://t.co/MbS4rd45iV http://t.co/uc0jNXoN0b", "type": "source"}]}