{"thread_id": "525003468659228672", "gold_label": 1, "predicted_label": 2, "tweet_attributions": [{"index": 4, "attribution": 2.5156197547912598, "tweet_id": 525007273832497154, "text": "@SeanOsmar @darrellbricker Not a hoax.  This is before the shooting", "type": "direct_reply"}, {"index": 17, "attribution": 2.3613715171813965, "tweet_id": 525007688405491712, "text": "@ArrogantHair @SeanOsmar @darrellbricker It's not a hoax, but it also wasn't taken *after* the shooting.", "type": "lower_reply"}, {"index": 8, "attribution": 1.7623066902160645, "tweet_id": 525009872640032768, "text": "@JRMarlow @darrellbricker @SeanOsmar That may be harsh.  He seems to be honouring. Just unaware of source.", "type": "lower_reply"}, {"index": 19, "attribution": 1.2967644929885864, "tweet_id": 525009250213326848, "text": "@darrellbricker @ArrogantHair Because people like @SeanOsmar love stealing other people's pics to get RTs.", "type": "lower_reply"}, {"index": 1, "attribution": 0.5062299966812134, "tweet_id": 525120777251594240, "text": "@TomsMom1997 No apology.  Not the same photo at all.  Good try.", "type": "lower_reply"}, {"index": 25, "attribution": 0.5033155679702759, "tweet_id": 525009123515965440, "text": "@markmackinnon @smaclellan @SeanOsmar A guy who claims to have taken this (@kamakazi19982) says it was earlier, before the shooting...", "type": "lower_reply"}, {"index": 13, "attribution": 0.2653084099292755, "tweet_id": 525008290863136768, "text": "@SeanOsmar @graciestyle I don't believe there are soldiers guarding this area right now. 2/2", "type": "direct_reply"}, {"index": 23, "attribution": 0.2470690757036209, "tweet_id": 525009978047078400, "text": "@JillKrop @SeanOsmar @graciestyle That photo was taken before the attack.", "type": "lower_reply"}, {"index": 22, "attribution": 0.235758975148201, "tweet_id": 525006759807967232, "text": "@SeanOsmar @stephen_taylor Apparently a hoax. Best to take Tweet down.", "type": "direct_reply"}, {"index": 5, "attribution": 0.12602831423282623, "tweet_id": 525008782842396672, "text": "@JRMarlow @ArrogantHair @SeanOsmar Really? Why would somebody post this without saying that?  Twisted.", "type": "lower_reply"}, {"index": 24, "attribution": 0.05199645087122917, "tweet_id": 525008506832056321, "text": "@markmackinnon @SeanOsmar That picture isn\u2019t current, it\u2019s from earlier/possibly this morning. I\u2019ve no doubt soldiers will be back soon, tho", "type": "lower_reply"}, {"index": 18, "attribution": 0.03886711224913597, "tweet_id": 525010026143162368, "text": "@ArrogantHair @darrellbricker @SeanOsmar Don't steal other people's pictures without attribution. Pretty simple.", "type": "lower_reply"}, {"index": 12, "attribution": 0.03623579069972038, "tweet_id": 525009240772317184, "text": "@darrellbricker @JRMarlow @SeanOsmar The soldier on the right is the one who http://t.co/o5JIIE8Vu9 taken by visitor moments before shooting", "type": "lower_reply"}, {"index": 9, "attribution": 0.032301150262355804, "tweet_id": 525008054266654721, "text": "@joshvisser @markmackinnon @SeanOsmar Thanks.", "type": "lower_reply"}, {"index": 15, "attribution": 0.028249407187104225, "tweet_id": 525007275308908544, "text": "@SeanOsmar @stephen_taylor So honoured to serve as Honorary Colonel in reserves. Job is to honour citizen soldiers like these brave men.", "type": "direct_reply"}, {"index": 21, "attribution": 0.01330286730080843, "tweet_id": 525007927090761728, "text": "@markmackinnon @thehartley @SeanOsmar This appears to be the shot taken before today's shooting. https://t.co/SA6EGkbost", "type": "lower_reply"}, {"index": 6, "attribution": 0.0022412112448364496, "tweet_id": 525007939569221632, "text": "@SeanOsmar This photo was taken this morning, before the shooting.", "type": "direct_reply"}, {"index": 16, "attribution": -0.04703891649842262, "tweet_id": 525009574256848897, "text": "@JillKrop @SeanOsmar wondered as well. I've reached out to someone who would know just to confirm that. Hopefully get response soon.", "type": "lower_reply"}, {"index": 10, "attribution": -0.11311016231775284, "tweet_id": 525012634916368384, "text": "@TomsMom1997 @bfaparsons @SeanOsmar No Jennifer it was not the 19th. It was today. Look harder.", "type": "lower_reply"}, {"index": 2, "attribution": -0.20659774541854858, "tweet_id": 525007795712970752, "text": "@markmackinnon @SeanOsmar That's actually a photo taken by a tourist moments before the shooting. See the feed here ==&gt; @kamakazi19982", "type": "lower_reply"}, {"index": 3, "attribution": -0.2312663048505783, "tweet_id": 525008700684382208, "text": "@markmackinnon @Frank_McG @SeanOsmar who wants to have a \"go\"???", "type": "lower_reply"}, {"index": 20, "attribution": -0.25901156663894653, "tweet_id": 525009203187171329, "text": "@SeanOsmar @mstoreshaw That\u2019s the photo tweeted this morning claiming to be of the soldier who was killed.", "type": "direct_reply"}, {"index": 11, "attribution": -0.3085283935070038, "tweet_id": 525009403658129408, "text": "@SeanOsmar @mstoreshaw https://t.co/scTAINYe7Y", "type": "direct_reply"}, {"index": 0, "attribution": -0.3669596016407013, "tweet_id": 525003468659228672, "text": "These are not timid colours; soldiers back guarding Tomb of Unknown Soldier after today's shooting #StandforCanada http://t.co/7KoW2xATKG", "type": "source"}, {"index": 14, "attribution": -0.5455523133277893, "tweet_id": 525008103985926147, "text": "@markmackinnon @SeanOsmar I believe that photo was taken yesterday. It's been RT'd across twitter for at least the last four+ hrs.", "type": "lower_reply"}, {"index": 7, "attribution": -0.7156029343605042, "tweet_id": 525008177683636224, "text": "@SeanOsmar @graciestyle this matches the photo tweeted earlier today from a tourist who says it was taken moments before the shooting. 1/2", "type": "direct_reply"}]}