{"thread_id": "525071376084791297", "gold_label": 0, "predicted_label": 2, "tweet_attributions": [{"index": 5, "attribution": 1.792129397392273, "tweet_id": 525077050403876864, "text": "@Corey_Frizzell hey frizz I was right downtown\u2026crazy stuff", "type": "lower_reply"}, {"index": 2, "attribution": 1.7236685752868652, "tweet_id": 525075090699210752, "text": "\u201c@GigiGraciette: Rest in Peace, Cpl. Nathan Cirillo. Killed 2day in #OttawaShooting\nhttp://t.co/7jtcHQr7wc http://t.co/t5ZYaeQO22\u201d God bless", "type": "direct_reply"}, {"index": 12, "attribution": 0.46812620759010315, "tweet_id": 525077914841538561, "text": "@PEItopcop Were u? That's crazy! Were u in uni? The Sgt. Arms is a hero: he needs a medal.", "type": "lower_reply"}, {"index": 1, "attribution": 0.14019641280174255, "tweet_id": 525075405850804225, "text": "@GigiGraciette WhatAreTheValuesOfCanadians?LookAtThisManHere\nSincereCondolences\nToTheFamilyFriends&amp;ColleaguesOfCplNathanCIRILLO\nWeAreSoSorry", "type": "direct_reply"}, {"index": 3, "attribution": 0.12056658416986465, "tweet_id": 525071668025491456, "text": "So sad. \"@GigiGraciette: Rest in Peace, Cpl. Nathan Cirillo. Killed today in #OttawaShooting\nhttp://t.co/YBIYHliJpy http://t.co/MjvFKwrD4W\u201d", "type": "direct_reply"}, {"index": 10, "attribution": 0.08304344862699509, "tweet_id": 525079530432499712, "text": "@GigiGraciette hot guy", "type": "direct_reply"}, {"index": 4, "attribution": 0.05397528037428856, "tweet_id": 525076232875282432, "text": "So sad \"@GigiGraciette: Rest in Peace, Cpl. Nathan Cirillo. Killed today in #OttawaShooting\nhttp://t.co/p6xCfWMgg1 http://t.co/gI92I5vhoB\u201d", "type": "direct_reply"}, {"index": 11, "attribution": 0.02222224324941635, "tweet_id": 525082751360184320, "text": "\ud83d\ude4f\ud83d\ude22 #Hero \u201c@GigiGraciette: Rest in Peace, Cpl. Nathan Cirillo. Killed today in #OttawaShooting\nhttp://t.co/eRzccSD7aE http://t.co/bOWMxA2WEQ\u201d", "type": "direct_reply"}, {"index": 8, "attribution": 0.014025556854903698, "tweet_id": 525100022254546944, "text": "@GigiGraciette So sad, RIP Cpl. Nathan Cirillo and God Bless your family left behind.", "type": "direct_reply"}, {"index": 13, "attribution": 0.0025631985627114773, "tweet_id": 525076830467137536, "text": "@GigiGraciette HOW TOTALLY. SENSELESS. AND SHAME. IM SO SORRY OUT TO THE FAMLIE.  :(", "type": "direct_reply"}, {"index": 6, "attribution": -0.06339336186647415, "tweet_id": 525094345540907008, "text": "\u201c@GigiGraciette: Rest in Peace, Cpl. Nathan Cirillo. Killed today in #OttawaShooting\nhttp://t.co/x4c34sMhFs http://t.co/YcTgpHSCbV\u201d", "type": "direct_reply"}, {"index": 7, "attribution": -0.08178763091564178, "tweet_id": 525073825268916224, "text": "\u201c@GigiGraciette: Rest in Peace, Cpl. Nathan Cirillo. Killed today in #OttawaShooting\nhttp://t.co/EoWtbw9HJk http://t.co/goYw4BBRoj", "type": "direct_reply"}, {"index": 9, "attribution": -0.2530372738838196, "tweet_id": 525087452885962752, "text": "\u201c@GigiGraciette: Rest in Peace, Cpl. Nathan Cirillo. Killed today in #OttawaShooting\nhttp://t.co/c5HtPz4n6l http://t.co/VBGdDYutSO\u201d", "type": "direct_reply"}, {"index": 0, "attribution": -0.3798947036266327, "tweet_id": 525071376084791297, "text": "Rest in Peace, Cpl. Nathan Cirillo. Killed today in #OttawaShooting\nhttp://t.co/YzLXYX5JJt http://t.co/8F0qAcj9sg", "type": "source"}]}