{"thread_id": "525023057526947840", "gold_label": 0, "predicted_label": 0, "tweet_attributions": [{"index": 0, "attribution": 0.41103217005729675, "tweet_id": 525023057526947840, "text": "Canadian soldier fatally shot identified as Nathan Cirillo.  #OttawaShooting #HamOnt #RIP http://t.co/0VdtSF6WVS", "type": "source"}, {"index": 3, "attribution": 0.019534645602107048, "tweet_id": 525023583178084352, "text": "\u201c@Media371: Canadian soldier fatally shot identified as Nathan Cirillo.  #OttawaShooting #HamOnt #RIP http://t.co/IkA3U4p6kS\u201d RIP #hero #rip", "type": "direct_reply"}, {"index": 2, "attribution": 0.012518553994596004, "tweet_id": 525027930435760128, "text": "\u201c@Media371: Canadian soldier fatally shot identified as Nathan Cirillo.  #OttawaShooting #HamOnt #RIP http://t.co/eF5v0VCaxR\u201d", "type": "direct_reply"}, {"index": 1, "attribution": 0.0016593881882727146, "tweet_id": 525024763568484352, "text": "@Media371 #heroinlifenotdeath", "type": "direct_reply"}]}