{"thread_id": "525021358879936512", "gold_label": 0, "predicted_label": 0, "tweet_attributions": [{"index": 0, "attribution": 0.2959858775138855, "tweet_id": 525021358879936512, "text": "Rest In Peace Cpl. Nathan Cirillo. #Ottawa #OttawaShooting http://t.co/kHoik2LtmB", "type": "source"}, {"index": 6, "attribution": 0.058423351496458054, "tweet_id": 525068949772587009, "text": "@Briadoublene @szackaa Cpl.Cirillo embodied Canada at its best: intelligence, service, balance, family values, freedom. A fallen hero. RIP", "type": "direct_reply"}, {"index": 2, "attribution": 0.056133147329092026, "tweet_id": 525027357783228416, "text": "@Briadoublene @positivepoluk RIP brother from UK police officer \u2764", "type": "direct_reply"}, {"index": 8, "attribution": 0.04805123805999756, "tweet_id": 525024451994206208, "text": "@Briadoublene @Ou812I http://t.co/KJ8x90FhIf", "type": "direct_reply"}, {"index": 14, "attribution": 0.03800428286194801, "tweet_id": 525027161624023041, "text": "\u201c@Briadoublene: Rest In Peace Cpl. Nathan Cirillo. #Ottawa #OttawaShooting http://t.co/XUMj6zrrXZ\u201d", "type": "direct_reply"}, {"index": 15, "attribution": 0.024838892742991447, "tweet_id": 525027535823056897, "text": "@Briadoublene RIP Nathan Cirillo #ottowa #ottowashooting", "type": "direct_reply"}, {"index": 11, "attribution": 0.02161026932299137, "tweet_id": 525044503141302272, "text": "@Briadoublene @butterfly_LV Only a chickenshit lowlife coward would go shooting and killing a military vet honoring the dead, pathetic act.", "type": "direct_reply"}, {"index": 3, "attribution": 0.0158348698168993, "tweet_id": 525045622345568256, "text": "\u201c@Briadoublene: Rest In Peace Cpl. Nathan Cirillo. #Ottawa #OttawaShooting http://t.co/EBPTG2ZJvg\u201d Respect!", "type": "direct_reply"}, {"index": 12, "attribution": -0.008079095743596554, "tweet_id": 525033847185235969, "text": "@Briadoublene We all share your sorrow. Long live Canada Long live Turkey @canadaembassy @HuffPostCanada", "type": "direct_reply"}, {"index": 10, "attribution": -0.018893808126449585, "tweet_id": 525079272277700610, "text": "\u201c@Briadoublene: Rest In Peace Cpl. Nathan Cirillo. #Ottawa #OttawaShooting http://t.co/QCdP5yWChm\u201d", "type": "direct_reply"}, {"index": 7, "attribution": -0.03186235576868057, "tweet_id": 525024756832030720, "text": "@Briadoublene @TeaPartyNevada Damn. Another brother, son, father, husband lost 2 PC indoctrination of the West. We're long past time 4 war.", "type": "direct_reply"}, {"index": 13, "attribution": -0.04475861415266991, "tweet_id": 525025908130725888, "text": "@Briadoublene :(", "type": "direct_reply"}, {"index": 1, "attribution": -0.04738050326704979, "tweet_id": 525046847333601281, "text": "@Briadoublene @davidsin7 another fallen hero...he will be missed..prayers to all..", "type": "direct_reply"}, {"index": 9, "attribution": -0.055053118616342545, "tweet_id": 525040757409718272, "text": "@Briadoublene @Rene_gadeCowboy Beyond terrible. Rest well, you brave soul", "type": "direct_reply"}, {"index": 5, "attribution": -0.10077854990959167, "tweet_id": 525024940194402304, "text": "@Briadoublene This is truly heartbreaking; my deepest sympathies for his family and colleagues\ud83d\udc94\ud83d\ude4f", "type": "direct_reply"}, {"index": 4, "attribution": -0.17575009167194366, "tweet_id": 525025479955595264, "text": "@fransonmarieela It's very sad. :(", "type": "lower_reply"}]}