{"thread_id": "525026947307700225", "gold_label": 0, "predicted_label": 2, "tweet_attributions": [{"index": 2, "attribution": 2.0274224281311035, "tweet_id": 525030945779245056, "text": "@Greg_M_Schwartz Are you Canadian? We're having a debate on 31.", "type": "lower_reply"}, {"index": 4, "attribution": 1.3207112550735474, "tweet_id": 525032960689311745, "text": "@AlisonPaoli @Greg_M_Schwartz  half Canuck.", "type": "lower_reply"}, {"index": 5, "attribution": 0.39904895424842834, "tweet_id": 525033803664740352, "text": "@Greg_M_Schwartz Born in Canada, raised in the US?", "type": "lower_reply"}, {"index": 3, "attribution": 0.348320335149765, "tweet_id": 525027795965984768, "text": "\u201c@Canadagentleman: Rest In Peace Cpl. Nathan Cirillo and thank you for serving our country #OttawaShooting http://t.co/P01lx5lUS7\u201d", "type": "direct_reply"}, {"index": 6, "attribution": 0.28338006138801575, "tweet_id": 525037546443907073, "text": "Much power to his family: @Canadagentleman @quietfire Rest In Peace Cpl. Nathan Cirillo &amp; thank you for serving our country #OttawaShooting", "type": "direct_reply"}, {"index": 7, "attribution": 0.08924563974142075, "tweet_id": 525307826139197440, "text": "@Canadagentleman brave man. May his soul RIP.", "type": "direct_reply"}, {"index": 8, "attribution": -0.1570652276277542, "tweet_id": 525028041039155201, "text": "@Canadagentleman My condolences to his family, deeply sorry for your loss of this handsome man on his own soil. There is no justification.", "type": "direct_reply"}, {"index": 1, "attribution": -0.17031718790531158, "tweet_id": 525028123403100160, "text": "@Canadagentleman @jdee_ RIP CPT NATHAN CIRILLO,MY THOUGHT ARE WITH YOUR FAMILY AND FRIENDS LOVE FROM THE UK", "type": "direct_reply"}, {"index": 0, "attribution": -0.2564244568347931, "tweet_id": 525026947307700225, "text": "Rest In Peace Cpl. Nathan Cirillo and thank you for serving our country #OttawaShooting http://t.co/Tb062RSRtC", "type": "source"}]}