{"thread_id": "525070933556350977", "gold_label": 0, "predicted_label": 0, "tweet_attributions": [{"index": 12, "attribution": 0.08839710801839828, "tweet_id": 525076533376217088, "text": "@Ostrov_A Blessed be the Memory of Our Brave Son! We Share His Happiness now that he can Enjoy the Company of the Holy Spirit of YAHWEH ...", "type": "direct_reply"}, {"index": 0, "attribution": 0.08215487748384476, "tweet_id": 525070933556350977, "text": "And this is Cpl. Nathan Cirillo, the brave #Canadian soldier killed in the #OttawaShooting today. http://t.co/w9EOyX8MAI", "type": "source"}, {"index": 14, "attribution": 0.046195026487112045, "tweet_id": 525112858565410816, "text": "@Ostrov_A And this is the face all peace-loving Canadians want the world to remember, not the mugshot of a nobody gunman filled with hate.", "type": "direct_reply"}, {"index": 18, "attribution": 0.03549176827073097, "tweet_id": 525101488905789441, "text": "@Ostrov_A @USACon God Bless this man and his family.", "type": "direct_reply"}, {"index": 15, "attribution": 0.026732435449957848, "tweet_id": 525111915732037633, "text": "@Ostrov_A @JeffreyGoldberg May he Rest in Peace. Another hero gone too soon.", "type": "direct_reply"}, {"index": 5, "attribution": 0.024740517139434814, "tweet_id": 525077708787941376, "text": "@Ostrov_A poor guy he was only 24, rip", "type": "direct_reply"}, {"index": 6, "attribution": 0.02200263924896717, "tweet_id": 525084283200094208, "text": "@Ostrov_A @MiaVeritas Political correctness of savages will kill more than this fine man who, by the way was UNARMED. Gun registration in CA", "type": "direct_reply"}, {"index": 9, "attribution": 0.021366355940699577, "tweet_id": 525077625409376256, "text": "@Ostrov_A we'll always remember him ...God bless him.", "type": "direct_reply"}, {"index": 16, "attribution": 0.017119603231549263, "tweet_id": 525073549036646400, "text": "@Ostrov_A Horrifying. Those that destroy lives are not human and don't belong to the human race. Pretend they are rats, and wipe them out.", "type": "direct_reply"}, {"index": 7, "attribution": 0.012118981219828129, "tweet_id": 525083729518399488, "text": "@Ostrov_A @GrannyMarried RIP, sir!", "type": "direct_reply"}, {"index": 11, "attribution": 0.009025245904922485, "tweet_id": 525077262081990657, "text": "@Ostrov_A \ud83d\udd2f Blessed \ud83d\udc9c be his memory \ud83d\udd2f\n\ud83c\udf08", "type": "direct_reply"}, {"index": 1, "attribution": 0.007220828905701637, "tweet_id": 525078904378101761, "text": "\u201c@Ostrov_A: Cpl. Nathan Cirillo, the brave #Canadian soldier killed in the #OttawaShooting today. http://t.co/3ym0dCO3Lm\u201d #RIP, soldier.", "type": "direct_reply"}, {"index": 17, "attribution": 0.006028855685144663, "tweet_id": 525071907474141184, "text": "@Ostrov_A We live in a very cruel and dysfunctional world!", "type": "direct_reply"}, {"index": 13, "attribution": 0.005265916232019663, "tweet_id": 525083755846045696, "text": "RT @Ostrov_A And this is Cpl. Nathan Cirillo, the brave #Canadian soldier killed in the #OttawaShooting today.\n\nVERY SORRY to Hear of this!", "type": "direct_reply"}, {"index": 10, "attribution": 0.0035482796374708414, "tweet_id": 525073475632107520, "text": "\u201c@Ostrov_A: And this is Cpl. Nathan Cirillo, the brave #Canadian soldier killed in the #OttawaShooting today. http://t.co/iNF4punphV\u201d\n#RIP \ud83d\udc95", "type": "direct_reply"}, {"index": 2, "attribution": -0.00029089863528497517, "tweet_id": 525077204691329024, "text": "@Ostrov_A Sad, tragic. May he rest in peace.", "type": "direct_reply"}, {"index": 3, "attribution": -0.012932240962982178, "tweet_id": 525078918278025216, "text": "@Ostrov_A ..god bless his soul....shalom...", "type": "direct_reply"}, {"index": 19, "attribution": -0.020064353942871094, "tweet_id": 525112062897582080, "text": "@Ostrov_A @JeffreyGoldberg god bless him and his family. a true hero may he rest in peace.", "type": "direct_reply"}, {"index": 8, "attribution": -0.021729441359639168, "tweet_id": 525071746744201216, "text": "@Ostrov_A", "type": "direct_reply"}, {"index": 4, "attribution": -0.02247852273285389, "tweet_id": 525073162451427331, "text": "@Ostrov_A My heart breaks for his mother...", "type": "direct_reply"}]}