{"thread_id": "525025806079504385", "gold_label": 0, "predicted_label": 2, "tweet_attributions": [{"index": 4, "attribution": 2.6638410091400146, "tweet_id": 525081091062104064, "text": "@gdmclemore Oh? You know of the godless cult of ISIS?\nhttp://t.co/JtV676oVDP\n iMay have underestimated you.....\n\n@TarekFatah @ArmedResearch", "type": "lower_reply"}, {"index": 3, "attribution": 2.311816930770874, "tweet_id": 525072234847547392, "text": "@pjl_u2 @TarekFatah @ArmedResearch Don't think it very funny if you are on side of ISIS. But maybe you feel Koran rt side Hx", "type": "lower_reply"}, {"index": 17, "attribution": 1.6094952821731567, "tweet_id": 525026918177845248, "text": "@TarekFatah @ArmedResearch When and if ISIS attacks US, then boots will come down on their evil necks! Hell is too easy for their asses.", "type": "direct_reply"}, {"index": 13, "attribution": 1.4990938901901245, "tweet_id": 525303847422418944, "text": "@pjl_u2 @TarekFatah @ArmedResearch It comes down to us, Canada etc.. Vs you, real ISIS and lunatics of Koran, a hate filled book! Best win", "type": "lower_reply"}, {"index": 18, "attribution": 1.2490284442901611, "tweet_id": 525029589400436736, "text": "@gdmclemore that you ass-ume the zionist heretics of the USSA to be on the correct side is tr\u00e8s dr\u00f4le. #daBeast @TarekFatah @ArmedResearch", "type": "lower_reply"}, {"index": 9, "attribution": 1.1350479125976562, "tweet_id": 525027025762152449, "text": "@TarekFatah @ArmedResearch can you share the source?", "type": "direct_reply"}, {"index": 10, "attribution": 0.44239428639411926, "tweet_id": 525030600034758656, "text": "@TarekFatah @ArmedResearch Muslims r cowards they attack weak un armed, Islam is begging4it. http://t.co/U3fhgXmoa4", "type": "direct_reply"}, {"index": 12, "attribution": 0.3363170921802521, "tweet_id": 525026190726139904, "text": "@TarekFatah @ArmedResearch Just wait for #Obola to lead the lamentations and renting of garments over the scourge of workplace violence.", "type": "direct_reply"}, {"index": 20, "attribution": 0.29525330662727356, "tweet_id": 525029150361260032, "text": "Stil gunman Canada?\u201c@TarekFatah:ISIS Media acc posts pic claimng 2b Michael ZehafBibeau,dead OttawaShooting terrorst http://t.co/EzOCPrpqyb\u201d", "type": "direct_reply"}, {"index": 16, "attribution": 0.2651473879814148, "tweet_id": 525306429390225408, "text": "@gdmclemore Have yourself  a nice day on your short short bus. @TarekFatah @ArmedResearch", "type": "lower_reply"}, {"index": 0, "attribution": 0.2087874561548233, "tweet_id": 525025806079504385, "text": "#ISIS Media account posts pic claiming to be Michael Zehaf-Bibeau, dead  #OttawaShooting terrorist http://t.co/dascEeLdip via @ArmedResearch", "type": "source"}, {"index": 7, "attribution": 0.07249914854764938, "tweet_id": 525027219639648256, "text": "@TarekFatah @curdistani @ArmedResearch ...and again...which acct? What's the source of this?", "type": "direct_reply"}, {"index": 22, "attribution": 0.0400785431265831, "tweet_id": 525028088124829697, "text": "@TarekFatah @JulyBluesky @ArmedResearch This thing is sub-human and deserves no publicity. Canada-On Guard For Thee!", "type": "direct_reply"}, {"index": 6, "attribution": 0.020648162811994553, "tweet_id": 525033077462949888, "text": "@beediya @MohinH @TarekFatah @ArmedResearch  Ya some  cancers like western control of arab oil &amp; govts shd be treated with radiation/Nt isla", "type": "lower_reply"}, {"index": 2, "attribution": 0.016355423256754875, "tweet_id": 525030774798843904, "text": "@TarekFatah @ArmedResearch Canada has brought #Ottawashootings upon itself. It has no business in M/E. Its a self created  American problem", "type": "direct_reply"}, {"index": 15, "attribution": -0.007543450221419334, "tweet_id": 525026540632154113, "text": "@TarekFatah Did really anyone have any doubts about his 'roots' - no way @ArmedResearch @curdistani", "type": "direct_reply"}, {"index": 21, "attribution": -0.0614706315100193, "tweet_id": 525029570337341440, "text": "@TarekFatah @990twin @ArmedResearch Michael Zehaf-Bibeau: 5 Fast Facts You Need to Know http://t.co/5XEM1jS5MM \u2026", "type": "direct_reply"}, {"index": 23, "attribution": -0.11264301091432571, "tweet_id": 525031466640478208, "text": "@TarekFatah @Shahidmasooddr  ???", "type": "lower_reply"}, {"index": 5, "attribution": -0.1412505954504013, "tweet_id": 525031246607306753, "text": "\"@TarekFatah: #ISIS Media account posts pic claiming to be Michael Zehaf-Bibeau, dead  #OttawaShooting terrorist http://t.co/13425FnAnA vi", "type": "direct_reply"}, {"index": 8, "attribution": -0.1536257416009903, "tweet_id": 525026715924709377, "text": "@TarekFatah @ArmedResearch no one said it was ISIS.  Stop your propoganda plz.", "type": "direct_reply"}, {"index": 19, "attribution": -0.19470904767513275, "tweet_id": 525032227873501184, "text": "@TarekFatah @ArmedResearch Source? Anyone?", "type": "direct_reply"}, {"index": 14, "attribution": -0.22639207541942596, "tweet_id": 525031711197773824, "text": "@beediya @TarekFatah @ArmedResearch India's occupation centuries by terror should have explained Islam but did not to UNO created ISPak-1947", "type": "lower_reply"}, {"index": 11, "attribution": -0.23929928243160248, "tweet_id": 525029209883021312, "text": "@superzeroes41 @TarekFatah @ArmedResearch I agree but some people still have their heads buried in the sand, it's for them.", "type": "lower_reply"}, {"index": 24, "attribution": -0.30902451276779175, "tweet_id": 525029005213577216, "text": "@TarekFatah @KatherinePenske @ArmedResearch \nAnother friend of Satan!", "type": "direct_reply"}, {"index": 25, "attribution": -0.4663601815700531, "tweet_id": 525309402027290624, "text": "@pjl_u2 @TarekFatah @ArmedResearch Et Tu", "type": "lower_reply"}, {"index": 1, "attribution": -0.5989494919776917, "tweet_id": 525029451470737408, "text": "@TarekFatah @ashleyscorpio @ArmedResearch Ottawa Shooting RAW coverage  photos ALL PHOTOS BY Paul Lauzon Copyright  http://t.co/OvMbZmaOor", "type": "direct_reply"}]}