{"thread_id": "525020620636307456", "gold_label": 0, "predicted_label": 0, "tweet_attributions": [{"index": 0, "attribution": 0.19621293246746063, "tweet_id": 525020620636307456, "text": "RT @ArmedResearch:#ISIS Media account posts picture claiming to be Michael Zehaf-Bibeau, dead #OttawaShooting suspect http://t.co/sn3IhZjOx2", "type": "source"}, {"index": 5, "attribution": 0.006803976371884346, "tweet_id": 525025694456483840, "text": "@GeatanD @R_Mallough @ArmedResearch what a piece of shit. Too bad he took someone with him.", "type": "direct_reply"}, {"index": 1, "attribution": 0.005057663191109896, "tweet_id": 525024017305321474, "text": "@GeatanD @ScottBilleck @ArmedResearch ROT IN HELL....", "type": "direct_reply"}, {"index": 6, "attribution": -0.0003382838040124625, "tweet_id": 525053910814572546, "text": "@GeatanD @charlesadler  good riddance", "type": "direct_reply"}, {"index": 3, "attribution": -0.007597534451633692, "tweet_id": 525029180099289088, "text": "@GeatanD @charlesadler @ArmedResearch do not use his name or post his pic He doesn't deserve it!", "type": "direct_reply"}, {"index": 2, "attribution": -0.016435369849205017, "tweet_id": 525026104470671360, "text": "@GeatanD @jmschrch @dmck1nn", "type": "direct_reply"}, {"index": 9, "attribution": -0.025800315663218498, "tweet_id": 525024993231765504, "text": "@GeatanD @CFRASnow @ArmedResearch  Piece of Shit, Burn in hell", "type": "direct_reply"}, {"index": 8, "attribution": -0.03224297612905502, "tweet_id": 525025328033705984, "text": "@GeatanD @ScottBilleck  This is the POS !", "type": "direct_reply"}, {"index": 4, "attribution": -0.039917826652526855, "tweet_id": 525065221682253824, "text": "@GeatanD @Crackmacs @ArmedResearch may his name and image be quickly forgotten.  Think of the hero's on this day", "type": "direct_reply"}, {"index": 7, "attribution": -0.044185932725667953, "tweet_id": 525044676328706048, "text": "@GeatanD @charlesadler well Mr. Trudeau should we still go offer bottles of maple syrup and hugs to #ISIS  #getyourheadouttayourassjustin", "type": "direct_reply"}]}