{"thread_id": "525055879545380864", "gold_label": 0, "predicted_label": 0, "tweet_attributions": [{"index": 0, "attribution": 0.29162535071372986, "tweet_id": 525055879545380864, "text": "Our thoughts are with the family and friends of Cpl. Nathan Cirillo and all those affected by the events in Ottawa today. #OttawaStrong", "type": "source"}, {"index": 1, "attribution": 0.024653026834130287, "tweet_id": 525059793401442305, "text": "@VanCanucks #Canadastrong", "type": "direct_reply"}, {"index": 2, "attribution": 0.0007024705410003662, "tweet_id": 525063091546234880, "text": "@VanCanucks thank you guys in Vancouver for all your love and support #canadastrong #truenorthstrongandfree", "type": "direct_reply"}]}