{"thread_id": "525021132022628353", "gold_label": 0, "predicted_label": 0, "tweet_attributions": [{"index": 0, "attribution": 0.3131774365901947, "tweet_id": 525021132022628353, "text": "The important name right now is Cpl. Nathan Cirillo. #ottawa", "type": "source"}, {"index": 1, "attribution": 0.03160534054040909, "tweet_id": 525023101772247041, "text": "\"@zchamu: The important name right now is Cpl. Nathan Cirillo. #ottawa\"  #OttawaTerrorAttack", "type": "direct_reply"}, {"index": 2, "attribution": -0.0023331495467573404, "tweet_id": 525060283057078272, "text": "Yes. Let our thoughts be with his friends and family. RT @zchamu: The important name right now is Cpl. Nathan Cirillo. #OttawaShooting", "type": "direct_reply"}, {"index": 3, "attribution": -0.007789269555360079, "tweet_id": 525025399211048960, "text": "\u201c@zchamu: The important name right now is Cpl. Nathan Cirillo. #ottawa\u201d", "type": "direct_reply"}]}