{"thread_id": "525002842021445632", "gold_label": 0, "predicted_label": 0, "tweet_attributions": [{"index": 0, "attribution": 0.37807750701904297, "tweet_id": 525002842021445632, "text": "Condolences to the family of the fallen officer in #Ottawa He was a hero who bravely stood in defence of our country and our freedoms", "type": "source"}, {"index": 1, "attribution": 0.01209388766437769, "tweet_id": 525016918332538880, "text": "@SuzanneAnton. How is guarding a statue heroic??? Merely being dead doesn't make you a hero........", "type": "direct_reply"}, {"index": 2, "attribution": -0.006938294041901827, "tweet_id": 525004121724956673, "text": "@suzanneanton @cbcnews Murdered soldier.", "type": "direct_reply"}]}