{"thread_id": "525046443103354880", "gold_label": 0, "predicted_label": 2, "tweet_attributions": [{"index": 16, "attribution": 2.1122307777404785, "tweet_id": 525129930938810369, "text": "@fwhatworld @antonemus @cnni Its the words.They r Terrorists, yes! But dont connect them with Islam. When u do harm is done to innocent ppl!", "type": "lower_reply"}, {"index": 26, "attribution": 2.0854074954986572, "tweet_id": 525076803862667264, "text": "@antonemus @weeshawnaMarie @cnni the fact he was an islamist is very relevant.#isis are extreme right wing facists. The new nazis", "type": "lower_reply"}, {"index": 43, "attribution": 1.7454184293746948, "tweet_id": 525124984214388736, "text": "@fwhatworld @antonemus @cnni Someone who believes/ practices Islam or Christianity will not be violent. The teachings are against violence.", "type": "lower_reply"}, {"index": 40, "attribution": 0.8006944060325623, "tweet_id": 525137055274508289, "text": "@weeshawnaMarie @fwhatworld @antonemus @cnni Theyre Terrorists who SAY they kill in name of Allah b'cuz of Islam. Wheres the problem w truth", "type": "lower_reply"}, {"index": 11, "attribution": 0.6721477508544922, "tweet_id": 525486254562242560, "text": "@1summerstar1 @fwhatworld @antonemus @cnni Christian terrorists came to N. America n murdered/abused, enslaved/raped Indigenous/ African ppl", "type": "lower_reply"}, {"index": 36, "attribution": 0.6166439652442932, "tweet_id": 525182135054118912, "text": "@weeshawnaMarie @antonemus @cnni the majority of victims of Islamists are other Muslims .an islamist is not the same thing as a Muslim", "type": "lower_reply"}, {"index": 53, "attribution": 0.5123195052146912, "tweet_id": 525975444068507648, "text": "@weeshawnaMarie yip .i know what it does,I'm Irish", "type": "lower_reply"}, {"index": 33, "attribution": 0.411075621843338, "tweet_id": 525581404382707712, "text": "@weeshawnaMarie my point is that all!patriarchal religions should be critiqued.none should be given a 'pass'for misogny or anti secular view", "type": "lower_reply"}, {"index": 7, "attribution": 0.36830994486808777, "tweet_id": 525867825886289921, "text": "@fwhatworld http://t.co/6doYdetI7H", "type": "lower_reply"}, {"index": 32, "attribution": 0.28610703349113464, "tweet_id": 525047013369344001, "text": "@cnni is it very important to mention him as a muslim convert, CNN? it's just labelling and stereotyping isn't?", "type": "direct_reply"}, {"index": 49, "attribution": 0.23372365534305573, "tweet_id": 525125596498886656, "text": "@fwhatworld @antonemus @cnni We dont call all those who abused/killed the children in residential schools Christian extremists.", "type": "lower_reply"}, {"index": 23, "attribution": 0.23363156616687775, "tweet_id": 525180743828668416, "text": "@weeshawnaMarie @antonemus @cnni no.we call them catholic priests,never any problems with calling Catholics priests paedophiles as thoallare", "type": "lower_reply"}, {"index": 10, "attribution": 0.23328475654125214, "tweet_id": 525136052835852288, "text": "@weeshawnaMarie @fwhatworld @antonemus @cnni facts are what they are. Never mind words games.", "type": "lower_reply"}, {"index": 17, "attribution": 0.22318534553050995, "tweet_id": 525487457102749696, "text": "@1summerstar1 @fwhatworld @antonemus @cnni In the name of God, Indigenous children/babies were murdered/abused/raped in residential schools.", "type": "lower_reply"}, {"index": 45, "attribution": 0.2206852287054062, "tweet_id": 525578884650373120, "text": "@weeshawnaMarie I agree , the history of white Christians in America /worldwide colonisation /destruction is a disgrace.arabs were big part", "type": "lower_reply"}, {"index": 21, "attribution": 0.19832275807857513, "tweet_id": 525126011034546176, "text": "@fwhatworld @antonemus @cnni Repeatedly calling ppl \"Islamist terrorists\" when Islam is against Islam creates hate, stereotypes, &amp; racism", "type": "lower_reply"}, {"index": 38, "attribution": 0.19409973919391632, "tweet_id": 525168857145569280, "text": ".@antonemus So we ignore reality to not offend? @snrsnap @cnni", "type": "lower_reply"}, {"index": 6, "attribution": 0.19308654963970184, "tweet_id": 525171312738988032, "text": "@weeshawnaMarie @antonemus @cnni \"..if he followed Islam..\" ?!? Have you ever read the Quran and Hadiths?", "type": "lower_reply"}, {"index": 34, "attribution": 0.17237909138202667, "tweet_id": 525046825632677888, "text": "@cnni \u0643\u0645\u0644 \u0627\u0644\u0646\u0642\u0644 \u0628\u0627\u0644\u0632\u0639\u0631\u0648\u0631", "type": "direct_reply"}, {"index": 31, "attribution": 0.16550110280513763, "tweet_id": 525073724899610624, "text": "@antonemus @cnni All of you politically correct idiots are going to get us all killed. We are at war with Muslim Extremists!!! #HELLO", "type": "lower_reply"}, {"index": 52, "attribution": 0.1653873771429062, "tweet_id": 525052283692662784, "text": "@maggietanquary @cnni It was a Canadian CNN", "type": "lower_reply"}, {"index": 55, "attribution": 0.16067640483379364, "tweet_id": 525057159571054592, "text": "@antonemus @cnni As I said, it's relevant - recent muslim convert suggests motivation for attack. Otherwise it's just a random attack.", "type": "lower_reply"}, {"index": 41, "attribution": 0.14318718016147614, "tweet_id": 525869469847941120, "text": "@fwhatworld The shooter was mentally ill. This is what racism/stereotypes created by Othering does-  http://t.co/bIO2PXc9G3", "type": "lower_reply"}, {"index": 28, "attribution": 0.14057351648807526, "tweet_id": 525065015292739585, "text": "@antonemus @cnni This is poor reporting looking for ratings! If he followed Islam he wouldn't of done this. Educate yourself CNN b4 reportn", "type": "lower_reply"}, {"index": 44, "attribution": 0.13980206847190857, "tweet_id": 525051898056175616, "text": "@cnni Gosh! Even CNN is admitting its a Muslim convert who murdered those poor men for NOTHING.End all Muslim immigration.Who converted him?", "type": "direct_reply"}, {"index": 2, "attribution": 0.12014279514551163, "tweet_id": 525487667468050432, "text": "@1summerstar1 @fwhatworld @antonemus @cnni This is not a Christian teachhing. But they said they were doing God's work. Canada's genocide.", "type": "lower_reply"}, {"index": 35, "attribution": 0.11124729365110397, "tweet_id": 525047646751178753, "text": "@antonemus @cnni Had he been a convert to Buddhism we wouldn't even know his name.", "type": "lower_reply"}, {"index": 19, "attribution": 0.10624348372220993, "tweet_id": 525504977012527105, "text": "@weeshawnaMarie @fwhatworld @antonemus @cnni actually they weren't here, they were brought here. I'm sure you studied history so you know al", "type": "lower_reply"}, {"index": 20, "attribution": 0.0755004808306694, "tweet_id": 525047998099636224, "text": "@cnni must remember, one bad apple in a barrel doesn't mean all the apples are rotten", "type": "direct_reply"}, {"index": 51, "attribution": 0.07307903468608856, "tweet_id": 525047882206814209, "text": "Here comes the hysteria. MT @cnni: Canada identifies Muslim convert Michael Zehaf-Bibeau as suspected shooter in Ottawa attack.", "type": "direct_reply"}, {"index": 1, "attribution": 0.0684940367937088, "tweet_id": 525070136076935168, "text": "@antonemus @cnni Because converts to Buddhism don't go around carrying out these type of atrocities #ThinkBeforeYouRetweet", "type": "lower_reply"}, {"index": 47, "attribution": 0.04376782849431038, "tweet_id": 525127826887163904, "text": "@fwhatworld @antonemus @cnni  Are the KKK or neo-Nazi s called Christian terrorists? That's crazy! So is calling ppl Islamist terrorists.", "type": "lower_reply"}, {"index": 18, "attribution": 0.04217905178666115, "tweet_id": 525137564647583744, "text": "@weeshawnaMarie @fwhatworld @antonemus @cnni they r Islamic terrorist when they so themselves.The left loves playing word games.nit reality", "type": "lower_reply"}, {"index": 8, "attribution": 0.031927887350320816, "tweet_id": 525048444801392640, "text": "@snrsnap @cnni not every fact is relevant for the news. journalism is about sorting and telling relevant facts.", "type": "lower_reply"}, {"index": 48, "attribution": 0.015344488434493542, "tweet_id": 525048148100530176, "text": "@cnni it is time that the true Muslim communities stop all terrorist acts before they are even a thought - you are responsible -speak out", "type": "direct_reply"}, {"index": 50, "attribution": 0.013905643485486507, "tweet_id": 525046674872631296, "text": "NOWE \u201c@cnni: Canada identifies Muslim convert Michael Zehaf-Bibeau as suspected shooter in #Ottawa attack, U.S. officials tell CNN\u201d", "type": "direct_reply"}, {"index": 56, "attribution": 0.011923999525606632, "tweet_id": 525047502546812928, "text": "@antonemus @cnni It's reporting the facts... It plays to possible motivation for attacks.", "type": "lower_reply"}, {"index": 15, "attribution": -0.006898440886288881, "tweet_id": 525048514926350337, "text": "@cnni A defining moment for Canada? No more Mr. Nice Guy!", "type": "direct_reply"}, {"index": 14, "attribution": -0.007797637488692999, "tweet_id": 525505378302558208, "text": "@weeshawnaMarie @fwhatworld @antonemus @cnni continued: all races were slaves and America was NOT Nearly close to other nations. Ironic that", "type": "lower_reply"}, {"index": 13, "attribution": -0.008853564038872719, "tweet_id": 525077735509471232, "text": "@maggietanquary @cnni the internet.", "type": "lower_reply"}, {"index": 3, "attribution": -0.03133424371480942, "tweet_id": 525059041114857472, "text": "@tolovana66 @cnni but one bad apple can spoil the bunch", "type": "lower_reply"}, {"index": 24, "attribution": -0.04059646651148796, "tweet_id": 525172269891743744, "text": "@weeshawnaMarie @antonemus @cnni He WAS following Islam. It's the \"moderates\" who don't.", "type": "lower_reply"}, {"index": 9, "attribution": -0.042406562715768814, "tweet_id": 525505555415457792, "text": "@weeshawnaMarie @fwhatworld @antonemus @cnni continued: ironic that we discuss America's faults particularly when the republicans were forme", "type": "lower_reply"}, {"index": 54, "attribution": -0.04308857396245003, "tweet_id": 525579252629262336, "text": "@weeshawnaMarie of slave trade too.and as late as 1700,s Arabs raided uk fishing villages to capture white ppl to enslave/sell in turkey", "type": "lower_reply"}, {"index": 22, "attribution": -0.05031867325305939, "tweet_id": 525168174879088641, "text": ".@tolovana66 no, but a tree with rotten roots needs to be removed. #Islam @cnni", "type": "lower_reply"}, {"index": 29, "attribution": -0.056006599217653275, "tweet_id": 525181008254341120, "text": "@weeshawnaMarie @antonemus @cnni the evidence is to the contrary", "type": "lower_reply"}, {"index": 12, "attribution": -0.07676946371793747, "tweet_id": 525505708591431681, "text": "@weeshawnaMarie @fwhatworld @antonemus @cnni continued: formed to stop slavery that liberal democrats so desperately tried to cling to", "type": "lower_reply"}, {"index": 37, "attribution": -0.10985472798347473, "tweet_id": 525048717066661890, "text": "@cnni how many Christian shooters were not reported as \"Christian convert\"?", "type": "direct_reply"}, {"index": 25, "attribution": -0.1510481983423233, "tweet_id": 525054474977828864, "text": "@mi2guys @cnni that explains it! Canadians are common sense people. So sorry about the 2 soldiers!", "type": "lower_reply"}, {"index": 5, "attribution": -0.15150390565395355, "tweet_id": 525505949323493376, "text": "@weeshawnaMarie @fwhatworld @antonemus @cnni by the way did you hear what happened in NYC with another Islam terrorist?", "type": "lower_reply"}, {"index": 27, "attribution": -0.19999319314956665, "tweet_id": 525871149922521092, "text": "@fwhatworld http://t.co/ALvkuLZXQL", "type": "lower_reply"}, {"index": 46, "attribution": -0.20412610471248627, "tweet_id": 525125295322726400, "text": "@fwhatworld @antonemus @cnni The shooter in Moncton who killed 3 police officers was not called a Christian extremist?", "type": "lower_reply"}, {"index": 4, "attribution": -0.22738267481327057, "tweet_id": 525069339788316672, "text": "@antonemus @quqa_ @cnni CNN is very selective with words to influence minds. That's bias...not journalism!", "type": "lower_reply"}, {"index": 39, "attribution": -0.24437932670116425, "tweet_id": 525057639651082240, "text": "@cdmcdonald53 @cnni no more mister nice guy when this is the 2nd terrorist attack in 3 days by muslim extremists", "type": "lower_reply"}, {"index": 42, "attribution": -0.2847382724285126, "tweet_id": 525077220125978624, "text": "@shenyueadam @cnni but are there \"christian converts\" going on a shooting spree?", "type": "lower_reply"}, {"index": 30, "attribution": -0.32764866948127747, "tweet_id": 525486807908372480, "text": "@1summerstar1 @fwhatworld @antonemus @cnni We dont say that;we know the teachings r bout peace/love. Words do matter if ur r the victim!!", "type": "lower_reply"}, {"index": 0, "attribution": -0.36352017521858215, "tweet_id": 525046443103354880, "text": "Canada identifies Muslim convert Michael Zehaf-Bibeau as suspected shooter in Ottawa attack, U.S. officials tell CNN. #OttawaShooting", "type": "source"}]}