{"thread_id": "525052223030845440", "gold_label": 0, "predicted_label": 2, "tweet_attributions": [{"index": 25, "attribution": 2.633434534072876, "tweet_id": 525137752535597056, "text": "@YungTrillLord @PzFeed We are Canada. Not America", "type": "lower_reply"}, {"index": 10, "attribution": 2.1012346744537354, "tweet_id": 525234223121465344, "text": "@hfxnewsie @PzFeed Well Canada is part of North \"America\"", "type": "lower_reply"}, {"index": 26, "attribution": 1.192245364189148, "tweet_id": 525052499120889857, "text": "@PzFeed \n\nJust use his American name. You media people are just using his over seas alias to make people even more scared.", "type": "direct_reply"}, {"index": 9, "attribution": 1.1908129453659058, "tweet_id": 525180610533654528, "text": "@YungTrillLord @PzFeed well  zehaf and bibeau are the last names of his parents so its likely a legitimate Canadian name for him.", "type": "lower_reply"}, {"index": 20, "attribution": 0.8444540500640869, "tweet_id": 525052371336839169, "text": "@PzFeed wow", "type": "direct_reply"}, {"index": 3, "attribution": 0.6439975500106812, "tweet_id": 525056089461882880, "text": "@PzFeed  Hate for assassins or terrorists to gain any personal fame, even posthumously, such as did Booth, Princip &amp; Oswald.", "type": "direct_reply"}, {"index": 2, "attribution": 0.5890150666236877, "tweet_id": 525299317532557312, "text": "@YungTrillLord @PzFeed Canadians spell words differently and we use different words to express ourselves. There is no North American speak", "type": "lower_reply"}, {"index": 4, "attribution": 0.5876849889755249, "tweet_id": 525137659933757440, "text": "@YungTrillLord @PzFeed Dumb fuck. The attack was in Canada and he was Canadian. If you follow anything, he went by different names.", "type": "lower_reply"}, {"index": 24, "attribution": 0.39104557037353516, "tweet_id": 525052396062261248, "text": "@PzFeed the type of nigga to put his cat in the microwave", "type": "direct_reply"}, {"index": 15, "attribution": 0.19436047971248627, "tweet_id": 525234125683585024, "text": "@Gingerwombat @PzFeed Oh, did not know that. Maybe It is. I heard they were Canadian last names, so I guess your right.", "type": "lower_reply"}, {"index": 11, "attribution": 0.19223396480083466, "tweet_id": 525061235763847168, "text": "@YungTrillLord @PzFeed isn't that his north america name?", "type": "lower_reply"}, {"index": 1, "attribution": 0.17754410207271576, "tweet_id": 525086185648316417, "text": "@Gingerwombat @PzFeed No? It's Michael Hall", "type": "lower_reply"}, {"index": 5, "attribution": 0.1732601374387741, "tweet_id": 525053562397544448, "text": "@PzFeed That looks like a lever action rifle he's holding. Unusual for this kind of attack.", "type": "direct_reply"}, {"index": 27, "attribution": 0.01738169975578785, "tweet_id": 525058960462974976, "text": "@PzFeed Bastard, what a twisted fecker!", "type": "direct_reply"}, {"index": 21, "attribution": -0.00165306415874511, "tweet_id": 525249903359197185, "text": "@YungTrillLord @Gingerwombat @PzFeed He changed his name when he converted", "type": "lower_reply"}, {"index": 6, "attribution": -0.007545730099081993, "tweet_id": 525301186673770496, "text": "@hfxnewsie @PzFeed I do realize that. The point is Canada is apart of the Americas that's why the continent is  called North \"America\"", "type": "lower_reply"}, {"index": 7, "attribution": -0.029007352888584137, "tweet_id": 525056625917165570, "text": "@PzFeed @jlandmark who gives two shits what his name was &amp; what he looked like? Seriously. Media just loves glorifying villains.", "type": "direct_reply"}, {"index": 23, "attribution": -0.0511559396982193, "tweet_id": 525054512730361856, "text": "@PzFeed Bullshit", "type": "direct_reply"}, {"index": 13, "attribution": -0.15345491468906403, "tweet_id": 525059486487044096, "text": "@PzFeed is that a musket?", "type": "direct_reply"}, {"index": 0, "attribution": -0.16371393203735352, "tweet_id": 525052223030845440, "text": "BREAKING NEWS: CBC confirms photo of Michael Zehaf-Bibeau, the gunman in the Ottawa shooting - http://t.co/58IK7FMcA1 http://t.co/HmCjJGCn0F", "type": "source"}, {"index": 14, "attribution": -0.17089106142520905, "tweet_id": 525053224076976128, "text": "@PzFeed what a chode", "type": "direct_reply"}, {"index": 17, "attribution": -0.1916406750679016, "tweet_id": 525057652687376386, "text": "@PzFeed @DatGuyWarby coward", "type": "direct_reply"}, {"index": 8, "attribution": -0.21433426439762115, "tweet_id": 525057399518801920, "text": "@PzFeed @emjay505 mentally I'll no doubt however people &amp; simplistic media will focus on islam. #religions #spreadinghate", "type": "direct_reply"}, {"index": 18, "attribution": -0.2394363433122635, "tweet_id": 525067834066358272, "text": "@PzFeed is that a musket?", "type": "direct_reply"}, {"index": 22, "attribution": -0.26323649287223816, "tweet_id": 525052671724892160, "text": "ayy that's my nigga @PzFeed", "type": "direct_reply"}, {"index": 12, "attribution": -0.28984183073043823, "tweet_id": 525052832248893441, "text": "@PzFeed. They said he had a shotgun that's no shot gun that looks like a lever action 30-30 to me .", "type": "direct_reply"}, {"index": 19, "attribution": -0.37138187885284424, "tweet_id": 525052721133813760, "text": "@CorAssassin @PzFeed 2.5/10", "type": "lower_reply"}, {"index": 16, "attribution": -0.611912727355957, "tweet_id": 525052544952057858, "text": "@PzFeed coward", "type": "direct_reply"}]}