{"thread_id": "525036393983381504", "gold_label": 0, "predicted_label": 2, "tweet_attributions": [{"index": 6, "attribution": 4.287769794464111, "tweet_id": 525054087562551296, "text": "@whipple_marie @kevinkrasnow @dexybailman @globeandmail he was guarding the memorial I think", "type": "lower_reply"}, {"index": 7, "attribution": 0.9047777056694031, "tweet_id": 525060253809799168, "text": "@CodyL1997 @dexybailman @whipple_marie @kevinkrasnow @globeandmail Yes they are stationed their.", "type": "lower_reply"}, {"index": 5, "attribution": 0.8807078003883362, "tweet_id": 525036761144360960, "text": "@globeandmail sigh. Such a nice photo of him and his dog.  Awful. Just awful.", "type": "direct_reply"}, {"index": 3, "attribution": 0.39013656973838806, "tweet_id": 525054524776800256, "text": "@CodyL1997 @whipple_marie @dexybailman @globeandmail thanks, cody. Whether he was armed or unarmed, a tragedy. -kevin, Bethesda, Maryland.", "type": "lower_reply"}, {"index": 0, "attribution": 0.303841769695282, "tweet_id": 525036393983381504, "text": "Soldier killed at war memorial identified as Cpl. Nathan Cirillo #ottawashooting http://t.co/oSR91Uxgm3 http://t.co/UyftuUod27", "type": "source"}, {"index": 17, "attribution": 0.2055969089269638, "tweet_id": 525054679307517953, "text": "@kevinkrasnow @whipple_marie @dexybailman @globeandmail Ya its fucked up someone shoots a soldier at a war memorial at that", "type": "lower_reply"}, {"index": 19, "attribution": 0.1706201285123825, "tweet_id": 525041538674733056, "text": "@kevinkrasnow @dexybailman @globeandmail Was this solider armed?", "type": "lower_reply"}, {"index": 18, "attribution": 0.13491973280906677, "tweet_id": 525040641601179648, "text": "My thoughts and prayers go out to his family @globeandmail:Soldier killed at war memorial identified as Cpl. Nathan Cirillo #ottawashooting", "type": "direct_reply"}, {"index": 21, "attribution": 0.09113756567239761, "tweet_id": 525039206293590017, "text": "\u201c@globeandmail: Soldier killed at war memorial identified as Cpl. Nathan Cirillo #ottawa http://t.co/RBQwWt6JK9 http://t.co/7ZCKLPqpxa\u201d", "type": "direct_reply"}, {"index": 4, "attribution": 0.08351839333772659, "tweet_id": 525061091702108160, "text": "@wspickerman @CodyL1997 @dexybailman @whipple_marie @globeandmail Thx. All of us in U.S. are mourning his loss as if he was one of our own.", "type": "lower_reply"}, {"index": 1, "attribution": 0.03692108020186424, "tweet_id": 525041345824833537, "text": "@globeandmail RIP Nathan", "type": "direct_reply"}, {"index": 11, "attribution": 0.0247382503002882, "tweet_id": 525037877650923520, "text": "\u201c@globeandmail:  #ottawashooting http://t.co/Z3bE4OQg4D http://t.co/41TwEFONiS\u201d. Condolences to his family. What a terrible tragedy!", "type": "direct_reply"}, {"index": 9, "attribution": 0.0038161471020430326, "tweet_id": 525042714904371200, "text": "@globeandmail Such a shame...", "type": "direct_reply"}, {"index": 10, "attribution": -0.02286789007484913, "tweet_id": 525037556732538880, "text": "@globeandmail I will never understand how shooting somebody, at a war memorial no less, furthers any cause.", "type": "direct_reply"}, {"index": 12, "attribution": -0.028393125161528587, "tweet_id": 525046893320343555, "text": "\u201c@globeandmail: Soldier killed at war memorial identified as Cpl. Nathan Cirillo http://t.co/JVrhzSy6Sn http://t.co/oJAgHZMLb4\u201d RIP, Soldier", "type": "direct_reply"}, {"index": 2, "attribution": -0.030286036431789398, "tweet_id": 525041154602332162, "text": "@globeandmail @wmcgregor1 \ud83d\ude14\ud83d\udc94", "type": "direct_reply"}, {"index": 15, "attribution": -0.053372208029031754, "tweet_id": 525042485392068609, "text": "@globeandmail  Always good solid people taken down. God Bless him", "type": "direct_reply"}, {"index": 8, "attribution": -0.05473260581493378, "tweet_id": 525040408985092096, "text": "RIP :( \n\nliterally Heart broken &lt;/3\n\"@globeandmail: Soldier killed at war memorial identified as Cpl. Nathan Cirillo http://t.co/2vcQJMjq81\"", "type": "direct_reply"}, {"index": 16, "attribution": -0.0711727887392044, "tweet_id": 525042916113534978, "text": "@whipple_marie @dexybailman @globeandmail Not sure.", "type": "lower_reply"}, {"index": 20, "attribution": -0.09588634222745895, "tweet_id": 525037894248185856, "text": "@globeandmail wow -knew him when he was a young kid. Always had lots of energy. Was a great kid.praying for his family right now. #hamont", "type": "direct_reply"}, {"index": 13, "attribution": -0.1425297111272812, "tweet_id": 525039291328901120, "text": "@globeandmail @VivianBercovici may he rest in peace", "type": "direct_reply"}, {"index": 14, "attribution": -0.19219820201396942, "tweet_id": 525039431175385089, "text": "@globeandmail Our sincere condolences.", "type": "direct_reply"}, {"index": 22, "attribution": -0.2560596764087677, "tweet_id": 525038595628077057, "text": "@globeandmail  My Thoughts and Prayers go out to Cpl. Nathan Cirillo who was killed today.", "type": "direct_reply"}]}