{"thread_id": "525022663102963712", "gold_label": 0, "predicted_label": 0, "tweet_attributions": [{"index": 0, "attribution": 0.31835681200027466, "tweet_id": 525022663102963712, "text": "#HamOnt reservist Nathan Cirillo was on duty in Ottawa today when he was fatally shot. http://t.co/ChPobw7w2x", "type": "source"}, {"index": 2, "attribution": 0.05784957483410835, "tweet_id": 525022875380903936, "text": "@EmmaatTheSpec RIP Nathan. How tragic.", "type": "direct_reply"}, {"index": 4, "attribution": 0.03490126505494118, "tweet_id": 525024218380242946, "text": "@EmmaatTheSpec @HamOntNews32 God Bless Nathan Cirillo! A true Canadian hero! He will be remembered!", "type": "direct_reply"}, {"index": 5, "attribution": 0.028545593842864037, "tweet_id": 525026981604114432, "text": "So sad! \u201c@EmmaatTheSpec: #HamOnt reservist Nathan Cirillo was on duty in Ottawa today when he was fatally shot. http://t.co/fTC2sxPSe1\u201d", "type": "direct_reply"}, {"index": 1, "attribution": -0.006592473015189171, "tweet_id": 525031519866601472, "text": "@EmmaatTheSpec So very sad. :(", "type": "direct_reply"}, {"index": 6, "attribution": -0.037842269986867905, "tweet_id": 525030349055602689, "text": "@EmmaatTheSpec He's always smiling in all his photos", "type": "direct_reply"}, {"index": 3, "attribution": -0.05741756036877632, "tweet_id": 525023439577690113, "text": "@EmmaatTheSpec @TheSpec May our lost soldier's family find comfort from us all xo", "type": "direct_reply"}]}