{"thread_id": "525025463648137216", "gold_label": 0, "predicted_label": 0, "tweet_attributions": [{"index": 0, "attribution": 0.3062448799610138, "tweet_id": 525025463648137216, "text": "BREAKING: A source confirms to CP24 that the deceased soldier in Ottawa is Cpl. Nathan Cirillo. Cirillo was a member of the Hamilton Argylls", "type": "source"}, {"index": 5, "attribution": 0.06286008656024933, "tweet_id": 525037638898954240, "text": "Condolences to Cpl.'s family/friends \u201c@CP24: BREAKING: deceased soldier in Ottawa is Cpl. Nathan Cirillo...member of the Hamilton Argylls\u201d", "type": "direct_reply"}, {"index": 6, "attribution": 0.03317198157310486, "tweet_id": 525026071457300480, "text": "@CP24 R IP NATHAN !", "type": "direct_reply"}, {"index": 2, "attribution": 0.026156045496463776, "tweet_id": 525025722466058240, "text": "@CP24 this is heartbreaking.", "type": "direct_reply"}, {"index": 8, "attribution": 0.007224485743790865, "tweet_id": 525026551411519488, "text": "@CP24 I teared up when I heard. \n\nRIP Cpl Cirillo.", "type": "direct_reply"}, {"index": 7, "attribution": 0.006487252656370401, "tweet_id": 525026196451782656, "text": "@CP24 So sad. Too close to home. He's in God's hands now.", "type": "direct_reply"}, {"index": 4, "attribution": 0.004285749979317188, "tweet_id": 525027625329508352, "text": "@CP24 RIP", "type": "direct_reply"}, {"index": 9, "attribution": -0.01941448263823986, "tweet_id": 525031063178211330, "text": "@CP24 very sad news. RIP \ud83d\ude4f", "type": "direct_reply"}, {"index": 1, "attribution": -0.025521663948893547, "tweet_id": 525032025238294528, "text": "@CP24 @aliimariano Rest in peace soldier. \u2764", "type": "direct_reply"}, {"index": 3, "attribution": -0.02786877192556858, "tweet_id": 525027171321282560, "text": "@CP24 #RIPNathanCirillo http://t.co/EkA41ho0UB", "type": "direct_reply"}, {"index": 10, "attribution": -0.041024766862392426, "tweet_id": 525029708384468994, "text": "@CP24 Rip :(", "type": "direct_reply"}]}