{"thread_id": "525017500061536258", "gold_label": 0, "predicted_label": 2, "tweet_attributions": [{"index": 3, "attribution": 2.4128787517547607, "tweet_id": 525061457944526849, "text": "@liberalgirl4 @phg199 @CBCAlerts @CBCNews there's a big difference.One is mostly ignored while the other is used to justify us going to war", "type": "lower_reply"}, {"index": 15, "attribution": 1.6980112791061401, "tweet_id": 525021041685716995, "text": "@dogsandguns @CBCAlerts but u also give Canadian aboriginals oppression and assimilation, don't be surprised about homegrown insurgents", "type": "lower_reply"}, {"index": 17, "attribution": 1.3409250974655151, "tweet_id": 525023493843607552, "text": "@BennettJoeSmith @CBCAlerts violence should be the last resort in Canada", "type": "lower_reply"}, {"index": 20, "attribution": 1.131798505783081, "tweet_id": 525022713660706816, "text": "@phg199 @CBCAlerts @CBCNews. is there a difference", "type": "lower_reply"}, {"index": 38, "attribution": 1.0126992464065552, "tweet_id": 525018299709796353, "text": "@CBCAlerts this man was Canadian in name only, shame on any homegrown terrorist, we have given u freedom and piece &amp; u give us death!", "type": "direct_reply"}, {"index": 33, "attribution": 0.8110783100128174, "tweet_id": 525066144147705856, "text": "@HardScience @phg199 @CBCAlerts @CBCNews. Canada is smarter than that. #Hopefully", "type": "lower_reply"}, {"index": 0, "attribution": 0.4338178336620331, "tweet_id": 525017500061536258, "text": "Gunman killed in Parliament attack named as Michael Zehaf-Bibeau, a Canadian born in 1982, American media report claims. #cdnpoli #Ottawa", "type": "source"}, {"index": 45, "attribution": 0.4217466115951538, "tweet_id": 525504762729758720, "text": "@Sacky_McSack @NadineLumley @CBCAlerts @CBCNews Ahh, but when our backs were turned, another Omnibus Bill was presented ...", "type": "lower_reply"}, {"index": 40, "attribution": 0.3271917998790741, "tweet_id": 525018540286676992, "text": "@CBCAlerts That's him.", "type": "direct_reply"}, {"index": 30, "attribution": 0.3251851201057434, "tweet_id": 525019493085769728, "text": "@CBCAlerts @CBCNews how did the Americans get that before Canadians?", "type": "direct_reply"}, {"index": 4, "attribution": 0.32149413228034973, "tweet_id": 525024656303349760, "text": "@scfeek @CBCAlerts what does that tell you when a foreign news outlet is able to identity the shooter before any of the Canadian media can", "type": "lower_reply"}, {"index": 32, "attribution": 0.24999810755252838, "tweet_id": 525020020527878144, "text": "@CBCAlerts With an event like this can you please go with official confirmed reports. Its important to get it right. http://t.co/Vlg9Vmnxnd", "type": "direct_reply"}, {"index": 37, "attribution": 0.2466898113489151, "tweet_id": 525018797624004609, "text": "@CBCAlerts Can \"Canadian media\" confirm this? Because, frankly, I don't trust \"American media\" to get our story right.", "type": "direct_reply"}, {"index": 22, "attribution": 0.22156506776809692, "tweet_id": 525020151901855745, "text": "@CBCAlerts @CBCCalgary How about the part -- \"reportedly of Algerian decent\"", "type": "direct_reply"}, {"index": 14, "attribution": 0.19197367131710052, "tweet_id": 525504435720822785, "text": "@Norlaine @NadineLumley @softgrasswalker @CBCAlerts The Five Eyes MSM stick together, but other EU/Russ/S.Am/ countries give media balance", "type": "lower_reply"}, {"index": 34, "attribution": 0.16451606154441833, "tweet_id": 525067824398471168, "text": "@phg199 @liberalgirl4 @HardScience Trudeau's back door was left open while he wasn't home, Harper was home and left the front door wide open", "type": "lower_reply"}, {"index": 16, "attribution": 0.16139808297157288, "tweet_id": 525017926014074880, "text": "@CBCAlerts don't let the #StupidAmericans get involved with our news reports. Get your own facts straight before reporting their guesses.", "type": "direct_reply"}, {"index": 41, "attribution": 0.15393851697444916, "tweet_id": 525023877865689088, "text": "@dogsandguns @CBCAlerts I agree, but I'm not surprised about this and how the attacker is Canadian", "type": "lower_reply"}, {"index": 26, "attribution": 0.14761923253536224, "tweet_id": 525141978376601600, "text": "@Sacky_McSack @CBCAlerts @CBCNews #CIA with #RCMP helped set up the October crisis - Do we really expect a real CONvenient Cdn threat? #Not", "type": "lower_reply"}, {"index": 2, "attribution": 0.1372481882572174, "tweet_id": 525021426001391618, "text": "@SuzannaRegina2 @CBCAlerts Homeland Security probably identified his pic from their data base of suspected terrorists.", "type": "lower_reply"}, {"index": 35, "attribution": 0.13119733333587646, "tweet_id": 525067096380952577, "text": "@liberalgirl4 @HardScience @CBCAlerts @CBCNews I hope U R right but Harper has substantial core support for his R wing agenda #cdnpoli", "type": "lower_reply"}, {"index": 31, "attribution": 0.1294241100549698, "tweet_id": 525023340399169536, "text": "@BennettJoeSmith @CBCAlerts Canada has sinned and is doing wrong by following America's agenda but there are other ways here", "type": "lower_reply"}, {"index": 24, "attribution": 0.12941981852054596, "tweet_id": 525022297061474304, "text": "@sarahjanesroom @CBCAlerts good attitude!", "type": "lower_reply"}, {"index": 9, "attribution": 0.10153862833976746, "tweet_id": 525020444030939136, "text": "@CBCAlerts @CBCNews is he a terrorist or just a lunatic? #cdnpoli", "type": "direct_reply"}, {"index": 36, "attribution": 0.10030540823936462, "tweet_id": 525020701808656384, "text": "@SuzannaRegina2 @CBCAlerts exactly", "type": "lower_reply"}, {"index": 25, "attribution": 0.05800913646817207, "tweet_id": 525019466611298304, "text": "@CBCAlerts @CBCNews Confirm first!", "type": "direct_reply"}, {"index": 44, "attribution": 0.05069424584507942, "tweet_id": 525510355746062336, "text": "@granfem @NadineLumley @Sacky_McSack @CBCAlerts @CBCNews Even worse, the darned thing was passed.", "type": "lower_reply"}, {"index": 11, "attribution": 0.013208643533289433, "tweet_id": 525018944680505344, "text": "MT @CBCAlerts: Gunman killed Michael Zehaf-Bibeau, a Canadian born in 1982, American media report claims. @cnnbrk #Ottawa #OttawaShooting", "type": "direct_reply"}, {"index": 6, "attribution": -0.010032916441559792, "tweet_id": 525020013800222720, "text": "@CBCAlerts er....where did US media get his name and why is CBC reporting US reports??", "type": "direct_reply"}, {"index": 42, "attribution": -0.024146517738699913, "tweet_id": 525051298333605888, "text": "@jaymleung @messy2220 @scfeek @CBCAlerts You are assuming 'is able'. We like due process here. (unless you are a seal. But another day)", "type": "lower_reply"}, {"index": 21, "attribution": -0.030105076730251312, "tweet_id": 525020112349560834, "text": "RT @CBCAlerts Gunman killed in Parliament attack named as Michael Zehaf-Bibeau, a Canadian born 1982, American media report claims #Ottawa", "type": "direct_reply"}, {"index": 7, "attribution": -0.04879315569996834, "tweet_id": 525020586108788736, "text": "@CBCAlerts @CBCNews which American media? this guy is non-existent online", "type": "direct_reply"}, {"index": 13, "attribution": -0.06230996921658516, "tweet_id": 525510302813913088, "text": ".@granfem On day \"terrorism\" was alleged in Quebec, Harper passed Bill C-13 w/o much notice from the peanut gallery http://t.co/6a3lgHmx3B", "type": "lower_reply"}, {"index": 19, "attribution": -0.08731556683778763, "tweet_id": 525018136274153477, "text": "Anyone find him on FB yet? \"@CBCAlerts: Terrorist killed in Parliament attack named as Michael Zehaf-Bibeau  #cdnpoli #OttawaTerrorAttack\"", "type": "direct_reply"}, {"index": 23, "attribution": -0.08773215860128403, "tweet_id": 525047072505225216, "text": ":-)@scfeek @CBCAlerts", "type": "lower_reply"}, {"index": 27, "attribution": -0.12478353828191757, "tweet_id": 525063145896038400, "text": "@HardScience @liberalgirl4 @CBCAlerts @CBCNews i agree.  But no real difference beyond terminology!", "type": "lower_reply"}, {"index": 39, "attribution": -0.16086341440677643, "tweet_id": 525021851597434882, "text": "@YMeu9999 @CBCAlerts it's irresponsible of CBC to release any name without confirmation from @rcmpgrcpolice", "type": "lower_reply"}, {"index": 18, "attribution": -0.17916248738765717, "tweet_id": 525026594520588288, "text": "@liberalgirl4 @CBCAlerts @CBCNews perhaps not but we seem less concerned cllectively when murder occurs every day in this country #cdnpoli", "type": "lower_reply"}, {"index": 10, "attribution": -0.19724170863628387, "tweet_id": 525021018494992385, "text": "@softgrasswalker @CBCAlerts Why do we have to get important news about Canada from US media? Why do they know first?", "type": "direct_reply"}, {"index": 29, "attribution": -0.20465773344039917, "tweet_id": 525047117568835586, "text": ":-)@jaymleung @scfeek @CBCAlerts", "type": "lower_reply"}, {"index": 28, "attribution": -0.21284104883670807, "tweet_id": 525019368393289728, "text": "@CBCAlerts How do we know this is true? And is it right to publish this yet?", "type": "direct_reply"}, {"index": 1, "attribution": -0.23473788797855377, "tweet_id": 525065131420815360, "text": "@jaymleung @CBCAlerts it tells you they have no respect for the families of the deceased. They have no respect for anything Canadian.", "type": "lower_reply"}, {"index": 8, "attribution": -0.24742154777050018, "tweet_id": 525049382446858240, "text": "@phg199 @CBCAlerts @CBCNews @LIVE_COVERAGE The two are not necessarily mutually exclusive. #cdnpoli", "type": "lower_reply"}, {"index": 12, "attribution": -0.24906760454177856, "tweet_id": 525019870057205761, "text": "@CBCAlerts - Have you confirmed this for yourself? If not why are you repeating it?", "type": "direct_reply"}, {"index": 43, "attribution": -0.28563591837882996, "tweet_id": 525032207375949825, "text": "@Norlaine @softgrasswalker @CBCAlerts @RosieBarton\nwhy would they give the name to CBC after their performance on Monday on P&amp; P", "type": "lower_reply"}, {"index": 5, "attribution": -0.34716716408729553, "tweet_id": 525020113037434880, "text": "@CBCAlerts @josiedye did they not read their history books and realize Canadians don't loose wars. They're really just screwing themselves", "type": "direct_reply"}]}