{"thread_id": "525006356731166720", "gold_label": 0, "predicted_label": 0, "tweet_attributions": [{"index": 0, "attribution": 0.33049851655960083, "tweet_id": 525006356731166720, "text": "Ottawa shooting: Soldier dies of injuries, gunman shot dead http://t.co/6D9NofyId5 http://t.co/IO19HlsUms", "type": "source"}, {"index": 3, "attribution": 0.023812023922801018, "tweet_id": 525007156039262209, "text": "O.O OMG... prayers for the families... RT @CBCNews Ottawa shooting: Soldier dies of injuries, gunman shot dead http://t.co/1a4CntdL4P \u2026", "type": "direct_reply"}, {"index": 1, "attribution": 0.018616875633597374, "tweet_id": 525035017194725376, "text": "@CBCNews I'm heartbroken at the loss of this young soldier in Ottawa! My condolences to his family! Thanx CBC for your delicate reporting.", "type": "direct_reply"}, {"index": 4, "attribution": -0.02424754947423935, "tweet_id": 525009332757602304, "text": "@CBCNews Please don't show images of our soldier dying and receiving CPR, invasive and disrespectful #OttawaShooting", "type": "direct_reply"}, {"index": 5, "attribution": -0.04086964949965477, "tweet_id": 525007204852989953, "text": "@CBCNews thoughts and prayers with our Neighbors to the North\n#StaySafeOttawa", "type": "direct_reply"}, {"index": 2, "attribution": -0.06343002617359161, "tweet_id": 525009202247249920, "text": "@CBCNews   Too bad .@he should have had to face our rage .", "type": "direct_reply"}]}