{"thread_id": "525036240848945152", "gold_label": 0, "predicted_label": 0, "tweet_attributions": [{"index": 0, "attribution": 0.32442253828048706, "tweet_id": 525036240848945152, "text": "Sergeant-at-Arms Kevin Vickers hailed as hero for shooting Canadian Parliament gunman: http://t.co/09FfLbM475 http://t.co/A6bY6M4HtE", "type": "source"}, {"index": 9, "attribution": 0.06732027232646942, "tweet_id": 525039552185249792, "text": "\u201c@ABC: Sergeant-at-Arms Kevin Vickers hailed as hero for shooting Canadian Parliament gunman: http://t.co/bKLbPUHfZ5 http://t.co/wegygltDwp\u201d", "type": "direct_reply"}, {"index": 5, "attribution": 0.05423891171813011, "tweet_id": 525040656390311936, "text": "\"@ABC: Sergeant-at-Arms Kevin Vickers hailed as hero for shooting Canadian Parliament gunman: http://t.co/omjW7NoC9T http://t.co/TYIHjqnexk\"", "type": "direct_reply"}, {"index": 10, "attribution": 0.04986042156815529, "tweet_id": 525120673338101760, "text": "@ABC", "type": "direct_reply"}, {"index": 1, "attribution": 0.033111926168203354, "tweet_id": 525037695668457472, "text": "\u201c@ABC: Sergeant-at-Arms Kevin Vickers hailed as hero for shooting Canadian Parliament gunman: http://t.co/tFxfF9r1C4 http://t.co/JooxDxQDfA\u201d", "type": "direct_reply"}, {"index": 2, "attribution": 0.02609368972480297, "tweet_id": 525045991842807808, "text": "@ABC @WNTonight a true hero well done sir.", "type": "direct_reply"}, {"index": 11, "attribution": -0.00263373670168221, "tweet_id": 525038705422376960, "text": "@ABC there is a typo in your article..  Smh on the editors part. \"Not been, not been\" how could you miss that", "type": "direct_reply"}, {"index": 12, "attribution": -0.015878649428486824, "tweet_id": 525069218929467392, "text": "@ABC. All this violence needs to stop. Peace to all people in the world... it is time for no violence and no terrorism.", "type": "direct_reply"}, {"index": 13, "attribution": -0.019383180886507034, "tweet_id": 525039488209129472, "text": "@ABC @WNTonight Kudos, Kevin Vickers!  Thank you!", "type": "direct_reply"}, {"index": 4, "attribution": -0.029125235974788666, "tweet_id": 525039459838865408, "text": "@ABC Just glad he had a gun...", "type": "direct_reply"}, {"index": 7, "attribution": -0.029250120744109154, "tweet_id": 525070934953041920, "text": "@ABC   Glad Mr. Vickers was armed.  If he tried to negotiate I hate to think how many others would have died.", "type": "direct_reply"}, {"index": 6, "attribution": -0.03784382715821266, "tweet_id": 525040585254907904, "text": "@ABC @WNTonight will this be another work place violence?", "type": "direct_reply"}, {"index": 8, "attribution": -0.03962075710296631, "tweet_id": 525038205721407489, "text": "@ABC #SergeantatArmsKevinVickers We would like to have the I.D. of the killer &amp; why can Canadian Soldier wear there uniform in public.", "type": "direct_reply"}, {"index": 14, "attribution": -0.04199366271495819, "tweet_id": 525069280640249856, "text": "@ABC", "type": "direct_reply"}, {"index": 16, "attribution": -0.04524548724293709, "tweet_id": 525040571052617728, "text": "@ABC Thank you Kevin Vickers... We could use u at the Whitehouse.", "type": "direct_reply"}, {"index": 15, "attribution": -0.04581471160054207, "tweet_id": 525040177928876033, "text": "@ABC @SusanFelicity #OttawaShooting Aftermat Videos all vids copyright Paul Lauzon     http://t.co/geVRZDzB4Z", "type": "direct_reply"}, {"index": 3, "attribution": -0.05459420382976532, "tweet_id": 525037803042639872, "text": "@ABC Give that man a raise!", "type": "direct_reply"}]}