{"thread_id": "525047349757100034", "gold_label": 0, "predicted_label": 0, "tweet_attributions": [{"index": 0, "attribution": 0.26803824305534363, "tweet_id": 525047349757100034, "text": "Cpl. Nathan Cirillo identified as victim of #ottawashooting at National War Memorial http://t.co/EhkRJEKpuu http://t.co/2xTzLKoltL", "type": "source"}, {"index": 4, "attribution": 0.04057693853974342, "tweet_id": 525051716841275392, "text": "\u201c@globeandmail: Cpl. Nathan Cirillo identified as victim of #ottawashooting  http://t.co/CPXUWD2qr9 http://t.co/nfvlRAZRlz\u201d RIP Nathan", "type": "direct_reply"}, {"index": 7, "attribution": 0.02633070759475231, "tweet_id": 525048614104485888, "text": "@globeandmail RIP", "type": "direct_reply"}, {"index": 9, "attribution": 0.0260698813945055, "tweet_id": 525049677734223872, "text": "@globeandmail my condolences to his family and friends.", "type": "direct_reply"}, {"index": 5, "attribution": 0.01517868135124445, "tweet_id": 525048250190299136, "text": "@globeandmail Heartbreaking", "type": "direct_reply"}, {"index": 6, "attribution": 0.01232200488448143, "tweet_id": 525047957218156545, "text": "@globeandmail every picture I've seen he has a smile,he enjoyed like", "type": "direct_reply"}, {"index": 8, "attribution": -0.0009855496464297175, "tweet_id": 525048432554418176, "text": "#AttackInOttawa\n@globeandmail: Cpl. Nathan Cirillo victim of #ottawashooting at War Memorial\nhttp://t.co/8KgbHxJCa7\nhttp://t.co/hjKofPrCov", "type": "direct_reply"}, {"index": 10, "attribution": -0.005560882855206728, "tweet_id": 525048291739062272, "text": "@globeandmail @kirstinestewart heartbreaking: https://t.co/Tlg0gu72dt via @megunder", "type": "direct_reply"}, {"index": 3, "attribution": -0.013447736389935017, "tweet_id": 525083483493117952, "text": "@globeandmail sad to have another victim by some Loser who thought that Islam is the greatest.", "type": "direct_reply"}, {"index": 2, "attribution": -0.036311741918325424, "tweet_id": 525048118400659457, "text": "@globeandmail What a tragic day.", "type": "direct_reply"}, {"index": 1, "attribution": -0.0374760664999485, "tweet_id": 525054406468063232, "text": "@globeandmail - so sad, so tragic.", "type": "direct_reply"}]}