{"thread_id": "524947870735429632", "text_thread": [[524947870735429632, "LATEST: Numerous gunmen involved in #Ottawa shooting attacks, manhunt is on - police spokesman http://t.co/Zp9AKplH9p http://t.co/hji1netpU8"], [524949509462577152, "\u201c@RT_com: Numerous gunmen involved in #Ottawa shooting attacks, manhunt is onhttp://on.rt.com/vwyokk http://t.co/hujcwacOww\u201d\nHunt Them Down"], [524947993062293505, "@RT_com Cue the bombardment now."], [524949277995724800, "@RT_com @HerMajestyVi"], [524951461441323010, "@RT_com these fuckin scum need exterminated off the face of the planet.  Isis SCUM SCUM SCUM"], [524954864808628224, "@RT_com I Sverige \u00e4gnar sig milit\u00e4ren \u00e5t att jaga #UFO medans somliga #svenskar \u00e4gnar sig \u00e5t krigsf\u00f6rbrytelser f\u00f6r #ISIS r\u00e4kning. #svpol"], [524955380011778048, "@RT_com isis? Or just madmen?"]], "node_mapping": {"524947870735429632": 0, "524949509462577152": 1, "524947993062293505": 2, "524949277995724800": 3, "524951461441323010": 4, "524954864808628224": 5, "524955380011778048": 6}, "edges": [[0, 2], [0, 3], [0, 1], [0, 4], [0, 5], [0, 6]]}