{"thread_id": "524934827909210112", "text_thread": [[524934827909210112, "We are hearing a shooter is still on the loose here in DT Ottawa with a rifle please pray for our police and soldiers #PrayForOttawa"], [524935008424062976, "@GongshowGear \ud83d\ude33 unreal"], [524935828733440001, "@GongshowGear http://t.co/1sWdBhv4Le"], [524935725570330624, "@GongshowGear MP at Hill reports deceased shooter."]], "node_mapping": {"524934827909210112": 0, "524935008424062976": 1, "524935828733440001": 2, "524935725570330624": 3}, "edges": [[0, 1], [0, 3], [0, 2]]}