{"thread_id": "524950899899113473", "text_thread": [[524950899899113473, "EXTENDED: Dramatic video of gunfire inside hallways of Parliament Hill. (The Globe and Mail) http://t.co/SbOu4rAp96 http://t.co/71rNixs3Eb"], [524966168772485120, "\u201c@ctvottawa: Gunfire inside hallways of Parliament Hill.\u201d GIRL ARE YOU GOOD @Tthaixo"], [524957878768394240, "@ctvottawa so proud of our parliament security police and military"], [524954849637847040, "@ctvottawa @DerianPlouffe"], [525005502468849664, "@ctvottawa two attacks on CAF personnel in two days seems like more than a coincidence."], [524973422682853376, "@ctvottawa cool!"], [524984876874080257, "@ctvottawa @Mr_Burundi"], [524951548460552192, "RT @ctvottawa EXTENDED: Dramatic video of gunfire inside hallways of Parliament Hill. (The Globe and Mail) http://t.co/6wjreJMf9a \u2026"], [524985155858231296, "@htchngs yeah, thanks girl \u2764\ufe0f"], [524952361601859586, "@ctvottawa sounds like a shotgun blast followed by officers returning fire."], [524953369719627778, "@ctvottawa this is so scary!"]], "node_mapping": {"524950899899113473": 0, "524966168772485120": 1, "524957878768394240": 2, "524954849637847040": 3, "525005502468849664": 4, "524973422682853376": 5, "524984876874080257": 6, "524951548460552192": 7, "524985155858231296": 8, "524952361601859586": 9, "524953369719627778": 10}, "edges": [[0, 7], [0, 9], [0, 10], [0, 3], [0, 2], [0, 1], [0, 5], [0, 6], [0, 4], [1, 8]]}