{"thread_id": "524931913426157568", "text_thread": [[524931913426157568, "UPDATED: Shots fired on Parliament Hill, soldier injured at National War Memorial http://t.co/eyhV6c2yiv http://t.co/wy63eYJbB1"], [524937260371046400, "\u201c@CP24: UPDATED: Shots fired -Parliament Hill, soldier injured at National War Memorial http://t.co/nDFb0XEbUB http://t.co/27sMaSyFPG\u201d\nScary"], [524964119506866176, "@NADEENNQ @rockqli yes but the vast majority of these terrorist groups also happen to be Islamic."], [525008230012162048, "@Signorile21 \u274c While they kill &amp; murder in the name of Islam they are fundamentally un-Islamic. Get informed &gt;&gt; http://t.co/WEyHKBcQ5p"], [524960648367996928, "\u201c@Signorile21: @CP24 I bet the \"religion of peace\" had something to do with this.\u201d What does religion have to do with any of this..."], [524937316750880768, "@Crickey13 @CP24 ya very scary! @KellaOnair"], [524933456137310208, "RT @CP24: UPDATED: Shots fired on Parliament Hill, soldier injured at National War Memorial http://t.co/OcogO31Jk5 http://t.co/93klgktUJx"], [524937061057703936, "\u201c@CP24: UPDATED: Shots fired on Parliament Hill, soldier injured at National War Memorial http://t.co/cBSvFRhA5h http://t.co/1si7q6APjz\u201d"], [524938850121310208, "@manof1000 @CP24 haha wait until they release the shooter's name and you'll see."], [524934645390258176, "@Neiler_1 @CP24 Gunman is on the loose apparently..."], [524963687707447296, "@rockqli @Signorile21 these are terrorist groups and not Islamic groups, 2 complete different things"], [525045540850266112, "@Signorile21 Absolutely!! The point is that these are not Islamic groups. Continuing to say so is to engender Islam w/ such actions. \u274c\u274c\u274c"], [524933887311740928, "@CP24 @runcanucksrun dammit! :("], [524941039304704001, "@CP24 oh shit nvm @haileyhutul"], [524944289043066880, "@manof1000 @CP24 2 soldiers got run over yesterday \"in the name of Allah\" do you not think this could be related?"], [525041907312107521, "@thehalalgourmet cool. Still doesn't defer from the fact that they are killing in the name of Islam."], [524934118367580161, "@CP24 @999virginTO what the hell is wrong with people?!"], [524962959035232256, "@Signorile21 @NADEENNQ threat levels were increased yesterday due to internal chatter of ISIS and other Islamic groups. No coincidence"], [524961237701251075, "@NADEENNQ @CP24 2 soldiers run over \"in the name of Allah\" yesterday do you not think these 2 incidences are related?"], [524967341139197952, "@NADEENNQ @Signorile21 are you just ignorant to the fact that they're RADICAL islams? You think ISIS and Al'Qaeda are terrorists for fun?"], [524943646999605249, "@Dwubaseballmom not good at all!"], [524932939793313793, "@CP24 Please tell me the Police took care of him/her with an empty magazine in return fire!"], [524950098573524992, "@Neiler_1 @CP24 gunmen now\u2026."], [524933934363058178, "@CP24"], [524950713550790656, "@RebeccaErol @CP24 Yes, it is believed that there are 2 more on the loose or hiding at the Rideau Center."], [524943032936693760, "@Dwubaseballmom multiple shooters too"], [524933999467450368, "\u201c@CP24: UPDATED: Shots fired on Parliament Hill, soldier injured at National War Memorial http://t.co/uHX1znkPyU http://t.co/teexDg6ooH\u201d"], [524948390002823168, "@RebeccaErol @CP24 Gunman is CONFIRMED DEAD!!!!!!!!!! Sgt.at Arms Kevin Vickers shot him!!! WAY TO GO KEVIN."], [524942224446857216, "@Dwubaseballmom not good at all! Let me know what happens!"], [524932680480473088, "@CP24 I bet the \"religion of peace\" had something to do with this."]], "node_mapping": {"524931913426157568": 0, "524937260371046400": 1, "524964119506866176": 2, "525008230012162048": 3, "524960648367996928": 4, "524937316750880768": 5, "524933456137310208": 6, "524937061057703936": 7, "524938850121310208": 8, "524934645390258176": 9, "524963687707447296": 10, "525045540850266112": 11, "524933887311740928": 12, "524941039304704001": 13, "524944289043066880": 14, "525041907312107521": 15, "524934118367580161": 16, "524962959035232256": 17, "524961237701251075": 18, "524967341139197952": 19, "524943646999605249": 20, "524932939793313793": 21, "524950098573524992": 22, "524933934363058178": 23, "524950713550790656": 24, "524943032936693760": 25, "524933999467450368": 26, "524948390002823168": 27, "524942224446857216": 28, "524932680480473088": 29}, "edges": [[0, 29], [0, 21], [0, 6], [0, 12], [0, 23], [0, 26], [0, 16], [0, 7], [0, 1], [0, 13], [29, 4], [4, 18], [18, 17], [17, 10], [10, 2], [10, 19], [2, 3], [3, 15], [15, 11], [21, 9], [9, 27], [27, 22], [22, 24], [16, 5]]}