{"thread_id": "524933657493250048", "text_thread": [[524933657493250048, "Two Tory MPs say gunman at Parliament Hill has been 'shot and killed' http://t.co/r2qnyftxXF http://t.co/mksfPjJ73r"], [524934259371704322, "\u201c@nationalpost: Two Tory MPs say gunman at Parliament Hill has been 'shot and killed' http://t.co/SIymvQvye8 http://t.co/DX2PHCiDgl\u201d OH MY"], [524940127265902592, "@nationalpost Other outlets reporting multiple assailants"], [524936742366093313, "@nationalpost not what CBC is reporting. But hope so."], [524935981754224640, "Wow. \u201c@nationalpost: Two Tory MPs say gunman at Parliament Hill has been 'shot and killed' http://t.co/oHIuqnVcQf http://t.co/qRuh3vZnet\u201d"], [524934879117860864, "RT \u201c@nationalpost: Two Tory MPs say gunman at Parliament Hill has been 'shot and killed' http://t.co/hNk3Hxwdhs http://t.co/mLNSSqKWI7\u201d"], [524935145099235329, "@nationalpost @JammieWF nice."], [524940973659684865, "\u201c@nationalpost: Two Tory MPs say gunman at Parliament Hill 'shot &amp; killed' http://t.co/lk56CqIjx3 http://t.co/TMz7CGkia8\u201d @A__Sarmed"], [524933924888514560, "@nationalpost @petermansbridge @CBCNews"], [524947862900473856, "@nationalpost @glenncalderwood good on you #Canada terrorists should be killed at point."], [524937453720072192, "@nationalpost @M_Ivancicevic and tory MPs never lie, so we can totally believe that this is not an orchestration by the govn't/police"], [524935019652198402, "@nationalpost sending thoughts n prayers"], [524942647736422400, "@nationalpost we won't get all the info until they are absolutely certain that the area is clear, most likely."]], "node_mapping": {"524933657493250048": 0, "524934259371704322": 1, "524940127265902592": 2, "524936742366093313": 3, "524935981754224640": 4, "524934879117860864": 5, "524935145099235329": 6, "524940973659684865": 7, "524933924888514560": 8, "524947862900473856": 9, "524937453720072192": 10, "524935019652198402": 11, "524942647736422400": 12}, "edges": [[0, 8], [0, 1], [0, 5], [0, 11], [0, 6], [0, 4], [0, 3], [0, 10], [0, 2], [0, 7], [0, 12], [0, 9]]}