{"thread_id": "524987851046658048", "text_thread": [[524987851046658048, "Police hold news conference on #OttawaShooting - follow our coverage here: http://t.co/0YmuK6kMQM"], [524989182411042816, "@BBCBreaking  we want is to achieve peace security and love among peoples and to renounce violence and terrorism in the world"], [524997249206878208, "@jimec65 @BBCBreaking Islam is a religion of love and harmony, because he calls for peace and peaceful coexistence for all"], [524997590115692545, "@jimec65 @BBCBreaking  To be that everyone knows and understands the meaning of Islam, humanity and high-end service to humanity"], [524997707400622081, "@BBCBreaking  How could #Canada say it took them By surprise, when Australia's PM was threatened by #ISIS , HUGE SECURITY MISTAKE #CANADA"], [524996928472637441, "@jimec65 @BBCBreaking what?"], [524999898719338498, "@jimec65 @BBCBreaking Islamic religion that respects all religions and we say yes to interfaith and intercultural dialogue"], [524997477473456128, "@jimec65 @BBCBreaking  Islam is the making of the greatest civilization in Andalusia in Granada and Toledo, etc.1"], [525221154089627648, "@alizinaty @jimec65 @BBCBreaking"], [524988144241106946, "@BBCBreaking Follow--&gt;HISTORIC #CHILDABUSE COVER-UP #CSAinquiry @rights_victims  #CUSIPnumber #BREAKING #news  #building7  #OttawaShooting"], [525277403099455489, "@liessn @jimec65 @BBCBreaking Islamic civilization in Andalusia - Alhambra 2/5 - YouTube\n\u25ba 10: 00\u25ba 10:00\nhttp://t.co/YITqreIQlX"], [525278355621683200, "@liessn @jimec65 @BBCBreaking http://t.co/ViX7bMlzpN"], [525281545792544768, "@liessn @jimec65 @BBCBreaking Video images of Islamic civilization in Alandls\u25ba 6: 18\u25ba 6:18\nhttp://t.co/CpDzrO9m8p"], [524997527180165121, "@jimec65 @BBCBreaking  and landmarks such as Alhambra and the fountain and the time remaining to the water so far2"], [524997658948423680, "@alizinaty @BBCBreaking Depends who is reading the book"], [524990246598225920, "@BBCBreaking you going to report on Israelis shooting at Gaza fishermen . Or Israeli settlers running over and killing children ? #bbcbias"], [525288740701605888, "@jimec65 @BBCBreaking Video images of Islamic civilization in Alandls\u25ba 6: 18\u25ba 6:18 http://t.co/CpDzrO9m8p \u2026 \u2026 \u2026"], [524998947849658368, "@jimec65 @BBCBreaking Yes to love, peace and distribute roses to the whole world"], [524989084599844865, "@BBCBreaking  we live in the era of spaces, regions and the world has become a small village"], [524999101193400320, "@alizinaty @BBCBreaking in all religions there is people who will twist the meaning to corrupt the weak minded and willed to cause trouble"], [524997900938805248, "@jimec65 @BBCBreaking HI James how is your uncle"], [524989131936780288, "@BBCBreaking We want justice freedom equality and education for all in accordance with the unified global strategy"], [524998267093123072, "@jimec65 @BBCBreaking But from acts that apply inside the book, which calls for love and peace"], [524993342434967553, "@ticgran @BBCBreaking or the Palestinian terror attack in Jerusalem today! #bbcbias"], [525288801368047616, "@jimec65 @BBCBreaking Islamic civilization in Andalusia - Alhambra 2/5 - YouTube \u25ba 10: 00\u25ba 10:00 http://t.co/YITqreIQlX \u2026 \u2026 \u2026"], [524991981777584128, "@BBCBreaking @BBCWorld Please don't turn the volume down when they speak French? I'd like to hear what they're saying."], [525288865121456128, "@jimec65 @BBCBreaking  YouTube Images of Islamic civilization in Alandls\u25ba 1: 14\u25ba 1:14 http://t.co/xiVfVc4Wl6 \u2026 \u2026 \u2026 \u2026"], [525281654152388608, "@liessn @jimec65 @BBCBreaking YouTube\n  Images of Islamic civilization in Alandls\u25ba 1: 14\u25ba 1:14\nhttp://t.co/xiVfVc4Wl6"]], "node_mapping": {"524987851046658048": 0, "524989182411042816": 1, "524997249206878208": 2, "524997590115692545": 3, "524997707400622081": 4, "524996928472637441": 5, "524999898719338498": 6, "524997477473456128": 7, "525221154089627648": 8, "524988144241106946": 9, "525277403099455489": 10, "525278355621683200": 11, "525281545792544768": 12, "524997527180165121": 13, "524997658948423680": 14, "524990246598225920": 15, "525288740701605888": 16, "524998947849658368": 17, "524989084599844865": 18, "524999101193400320": 19, "524997900938805248": 20, "524989131936780288": 21, "524998267093123072": 22, "524993342434967553": 23, "525288801368047616": 24, "524991981777584128": 25, "525288865121456128": 26, "525281654152388608": 27}, "edges": [[0, 9], [0, 18], [0, 21], [0, 1], [0, 15], [0, 25], [0, 4], [15, 23]]}