{"thread_id": "524932792925569024", "text_thread": [[524932792925569024, "Recap: Parliament Hill in lockdown after uniformed Canadian soldier shot at War Memorial. Suspect on loose; witnesses say he had rifle."], [524944452100816896, "@CBCAlerts @milnews_ca 2 witnesses say he kicked them out of their car &amp; drove off in it. (NPR)"], [524933518233985024, ".@CBCAlerts Any word on soldier's condition? They must've let an ambulance in."], [524934184700493825, "@CBCAlerts are the \"Terrorists \" being followed by CSIS?  That's what they say they are doing"], [524934507036942336, "@CBCAlerts the while diwntown is on lockdown!"], [524940312406654976, "\u201c@CBCAlerts: Parliament Hill in lockdown after uniformed Canadian soldier shot at War Memorial.Suspect on loose;witnesses say he had rifle.\u201d"], [524933375149473794, "\u201c@CBCAlerts: How does this happen? Shooting a soldier who served our great nation. Radical? #Ottawa #Canada"], [524937704791085056, "@CBCAlerts @JeffreyGuterman Very sad week for Canada. Our #CanadianForces aren't safe in their own country."], [524933821859643393, "@CBCAlerts  I am sickened. This has to stop.  It's murder. Soldiers have families, they have Mothers."], [524937503888117761, "MT @CBCAlerts Parliament Hill on lockdown after uniformed Canadian soldier shot at War Memorial. Suspect on loose witnesses say he had rifle"], [524935981615820800, "@CBCAlerts @JeffreyGuterman unconfirmed but reliable source /Ottawa and RCMP not commenting police/Suspect has been killed inside Parliament"], [524934035832074243, "@CBCAlerts Got it.\nhttps://t.co/FhROjvDoeF"], [524934252925050880, "@CBCAlerts"]], "node_mapping": {"524932792925569024": 0, "524944452100816896": 1, "524933518233985024": 2, "524934184700493825": 3, "524934507036942336": 4, "524940312406654976": 5, "524933375149473794": 6, "524937704791085056": 7, "524933821859643393": 8, "524937503888117761": 9, "524935981615820800": 10, "524934035832074243": 11, "524934252925050880": 12}, "edges": [[0, 6], [0, 2], [0, 8], [0, 3], [0, 12], [0, 4], [0, 10], [0, 9], [0, 7], [0, 5], [0, 1], [2, 11]]}