{"thread_id": "524995771587108864", "text_thread": [[524995771587108864, "This afternoon we've lowered our flags to half mast in honour of the Canadian Reservist who lost his life in Ottawa. http://t.co/3oTF5sd2Lf"], [525000464593858561, "@MikeSavageHFX Iam very sad !!! My heart broken ."], [525299114922496000, "@JMBlais1 @HfxRegPolice @MikeSavageHFX \n#heroesinlifenotdeath"], [525036307173879808, "@MikeSavageHFX  The @HfxRegPolice flags are also at half-mast. RIP Cpl. Nathan Cirillo. Our thoughts and prayers are with his family &amp; CAF"], [525015793374101506, "@MikeSavageHFX @HfxRegPolice @hfxgov Please take a minute to hug your loved ones today. God's speed to the family and first responders."], [525008964409638912, "@MikeSavageHFX @paigemacp How about giving them bullets before they are shot instead of honours after"], [525047302663442433, "@MikeSavageHFX a bit of joy in a gloomy day here at #coady55  celebrating remarkable legacy of Coady."]], "node_mapping": {"524995771587108864": 0, "525000464593858561": 1, "525299114922496000": 2, "525036307173879808": 3, "525015793374101506": 4, "525008964409638912": 5, "525047302663442433": 6}, "edges": [[0, 1], [0, 5], [0, 4], [0, 3], [0, 6], [3, 2]]}