{"thread_id": "524947502903345153", "text_thread": [[524947502903345153, "shooting someone is already bad enough, shooting a soldier guarding a war memorial is just disgusting #PrayForOttawa"], [524958704928845824, "@samtremblay97 it is the lowest of the low lower than scum more evil than satan himself #Coward shoots guard in back #PrayForOttawa #Canada"], [525019202282086400, "\u201c@samtremblay97: shooting someone is already bad enough, shooting a soldier guarding a war memorial is just disgusting #PrayForOttawa\u201d"], [524959064581603328, "\u201c@samtremblay97: shooting someone is already bad enough, shooting a soldier guarding a war memorial is just disgusting #PrayForOttawa\u201d"]], "node_mapping": {"524947502903345153": 0, "524958704928845824": 1, "525019202282086400": 2, "524959064581603328": 3}, "edges": [[0, 1], [0, 3], [0, 2]]}