{"thread_id": "524966392702189569", "text_thread": [[524966392702189569, "NORAD has gone on a high alert posture as a result of the shootings in Ottawa, U.S. military officials say - @JimMiklaszewski"], [524969312080371713, "@nbcnightlynews @jimmiklaszewski @todayshow"], [524973167765643264, "@NBCNightlyNews @TODAYshow @JimMiklaszewski WTF?"], [524968052014981120, "@NBCNightlyNews That's really not unusual. Crisis Action Teams at that lvl are activated all the time. #Scaretactics #Mediahype - MSgt...."], [524968871166742528, "@NBCNightlyNews @TODAYshow @JimMiklaszewski I can see why the cowards at NORAD are afraid."], [524967431182090242, "@NBCNightlyNews @JimMiklaszewski Cheyenne Mtn Calling Scramble 2-The 147th Fighter Wing faithfully did for 60 years while Houstonians slept!"]], "node_mapping": {"524966392702189569": 0, "524969312080371713": 1, "524973167765643264": 2, "524968052014981120": 3, "524968871166742528": 4, "524967431182090242": 5}, "edges": [[0, 5], [0, 3], [0, 4], [0, 1], [0, 2]]}