{"thread_id": "524942548066791424", "text_thread": [[524942548066791424, "IN PICTURES: Shots fired on Parliament Hill, soldier shot at National War Memorial   http://t.co/wdKEiy9P8e http://t.co/uQ4yY2Nw9c"], [524944717998342145, "@ctvottawa My app is mapping tweets from Ottawa shotting area http://t.co/VlcPC99uBJ"], [524954873658626048, "@ctvottawa please spread the word to not display or tell police positions and police doings.  #KeepATightLidMedia thank you."], [524969335434260480, "\u201c@ctvottawa: Shots fired on Parliament Hill, soldier shot at National War Memorial   http://t.co/tvJe5PQyHZ http://t.co/DX8jlCGnWC\u201d"], [524944432408567809, "@ctvottawa Praying for victim(s) in #Ottawa Parliament Hill shootings in Canada."]], "node_mapping": {"524942548066791424": 0, "524944717998342145": 1, "524954873658626048": 2, "524969335434260480": 3, "524944432408567809": 4}, "edges": [[0, 4], [0, 1], [0, 2], [0, 3]]}