{"thread_id": "524980219749597185", "text_thread": [[524980219749597185, "Harper cancels Malala citizenship event in wake of Ottawa shootings http://t.co/jZGipsGIK6 #OttawaShooting http://t.co/FG7pcHuDmK"], [524988048459984896, "@globeandmail This is what they want!"], [524998375364894722, "@globeandmail reschedule."], [524986998613114880, "@globeandmail so does she get the honorary citizenship or not?"], [525025390168145920, "@globeandmail too bad Malala came to our country on such a day. She knows first hand what these really horrible people can do."], [524989308336222208, "@globeandmail  Good.Instead of preaching Pokistan to stop cross-border terrorism, she was preaching India to hold talks with Pokis."], [524985187219030017, "@globeandmail Is there a theory or discussion that the #ottawashooting and #Malala event are connected?"], [524981188046643201, "@globeandmail ...really?"], [524987920222916608, "@globeandmail Cancel the citizenship \nrather than cancelling the event"], [525016834060611584, "@globeandmail Look, I hate Harper too, but I suspect ALL events were cancelled today."], [524984011291377664, "@globeandmail @robyndoolittle Malala must surely be impressed by our lack of bravery in the face of threats."], [525112589299482624, "@dianescrazy  Who is \"they\"?"], [524980678178635778, "@globeandmail Postponed would be the word you're looking for."], [524982212794781699, "@globeandmail @robyndoolittle Um, why are we giving her citizenship?"], [524982232067620864, "@globeandmail @annispice There's always a downside to everything... x. #StaySafeMalala."], [524991282016690178, "of course \u201c@globeandmail: Harper cancels Malala citizenship event in wake of Ottawa shootings http://t.co/cnXeNIFk4c http://t.co/V7pCFRn7e5\u201d"], [524981062779543552, "@globeandmail I'm not sure if this counts as \"ironic\", but it sure feels like it."], [524985575573827584, "@globeandmail @Harper @MarcGarneau Give her our citizenship asap. Do NOT let the terrorists win. @ThomasMulcair #OttawaShooting"], [524981945017831424, "@globeandmail @NeelakshiGswm what did she did for this to happen? #nothing"], [525005144031649794, "@globeandmail I'm sure he cancelled due to what's happening, because Ottawa is more important at the moment"]], "node_mapping": {"524980219749597185": 0, "524988048459984896": 1, "524998375364894722": 2, "524986998613114880": 3, "525025390168145920": 4, "524989308336222208": 5, "524985187219030017": 6, "524981188046643201": 7, "524987920222916608": 8, "525016834060611584": 9, "524984011291377664": 10, "525112589299482624": 11, "524980678178635778": 12, "524982212794781699": 13, "524982232067620864": 14, "524991282016690178": 15, "524981062779543552": 16, "524985575573827584": 17, "524981945017831424": 18, "525005144031649794": 19}, "edges": [[0, 12], [0, 16], [0, 7], [0, 18], [0, 13], [0, 14], [0, 10], [0, 6], [0, 17], [0, 3], [0, 8], [0, 1], [0, 5], [0, 15], [0, 2], [0, 19], [0, 9], [0, 4], [1, 11]]}