{"thread_id": "524936872666353664", "text_thread": [[524936872666353664, "More shots fired just off Parliament Hill. Police telling everyone to take cover."], [524937314708242432, "@CBCAlerts my god, sending prayers. Has he been shot dead I just read on Twitter"], [524936987070189568, "De nouveaux coups de feu \u00e0 #Ottawa  \u201c@CBCAlerts: More shots fired just off Parliament Hill. Police telling everyone to take cover.\u201d"], [524937518547206144, "RT @CBCAlerts: More shots fired just off Parliament Hill. Police telling everyone to take cover."], [524937966615920640, "3,854,082 square mile gun-free zone... | MT @CBCAlerts \"More shots fired just off Parliament Hill...\"\n#gunowners"], [524937849633009664, "\u201c@CBCAlerts: More shots fired just off Parliament Hill. Police telling everyone to take cover.\u201d"], [524937325252313088, "RT \"@CBCAlerts: More shots fired just off Parliament Hill. Police telling everyone to take cover.\u201d"], [524962446017302528, "@gygymelle Likely, but not confirmed yet. 3 shooting locations so far. Obviously planned &amp; coordinated"], [524949525644201985, "@905fishingguy @CBCAlerts How can you shoot the guard at a war memorial.  #HonorThoseThatServed"], [524966316302934016, "@905fishingguy Be safe &amp; vigilant\u2764\ufe0f\ud83c\uddfa\ud83c\uddf8"], [524937401597427712, "RT @CBCAlerts: More shots fired just off Parliament Hill. Police telling everyone to take cover. @Midiinfo"], [524937375865401344, "\u201c@CBCAlerts: More shots fired just off Parliament Hill. Police telling everyone to take cover.\u201d Oh my goodness \ud83d\ude33"], [524939448199692288, "@905fishingguy I believe if us from terrorists! Aren't you more fed up with that?!!"], [524937381024378880, "\u201c@CBCAlerts: More shots fired just off Parliament Hill. Police telling everyone to take cover.\u201d Scary... Keep safe everyone"], [524937374841987072, "\u201c@CBCAlerts: More shots fired just off Parliament Hill. Police telling everyone to take cover.\u201d What the fuck\ud83d\ude29\ud83d\ude29\ud83d\ude29"], [524937639989092352, "@CBCAlerts @Crackmacs Dear People I see on the news with your phones out taking pics - PLEASE get off the streets and take cover!! #Ottawa"], [524937229001842688, "\u201c@CBCAlerts: More shots fired just off Parliament Hill. Police telling everyone to take cover.\u201d"], [524937867685289984, "\u201c@CBCAlerts: More shots fired just off Parliament Hill. Police telling everyone to take cover.\u201d \nWTF is wrong with the world?!"], [524950411950948352, "@905fishingguy @CBCAlerts Yes they do."], [524939845840678912, "@gygymelle That didn't make sense."], [524941538111922178, "@trianglman @jxchristopher @CBCAlerts until there's a terrorist attack on a legal shooting range they may as well be."], [524937735518564352, "@CBCAlerts @905fishingguy Stay safe up there."], [524937045064818688, "\u201c@CBCAlerts: More shots fired just off Parliament Hill. Police telling everyone to take cover.\u201d"], [524950283244544002, "@WestAugusta @CBCAlerts Added to what happened in Quebec on Monday, the people who protect our nations need our full support."], [524961418370899969, "@905fishingguy sorry! Do they think it's terrorism? Or do they have an idea who ?"], [524939593196793856, "@HSolway @CBCAlerts we are with you! \ud83c\uddfa\ud83c\uddf8\ud83c\udf41"], [524937277081145345, "\u201c@CBCAlerts: More shots fired just off Parliament Hill. Police telling everyone to take cover.\u201d #Ottawa #Parliament"], [524937721383755776, "@CBCAlerts Canadians will be vigilant and strong. We won't be 'bullied' and intimidated. #ParliamentHill"], [524938245017436160, "@WestAugusta @CBCAlerts Like most good citizens, I'm awfully fed up with gun violence in both Canada and the USA. Senseless and brutal."], [524940069942358016, "@jxchristopher @CBCAlerts psst. Guns aren't banned in Canada. #educateYourself"]], "node_mapping": {"524936872666353664": 0, "524937314708242432": 1, "524936987070189568": 2, "524937518547206144": 3, "524937966615920640": 4, "524937849633009664": 5, "524937325252313088": 6, "524962446017302528": 7, "524949525644201985": 8, "524966316302934016": 9, "524937401597427712": 10, "524937375865401344": 11, "524939448199692288": 12, "524937381024378880": 13, "524937374841987072": 14, "524937639989092352": 15, "524937229001842688": 16, "524937867685289984": 17, "524950411950948352": 18, "524939845840678912": 19, "524941538111922178": 20, "524937735518564352": 21, "524937045064818688": 22, "524950283244544002": 23, "524961418370899969": 24, "524939593196793856": 25, "524937277081145345": 26, "524937721383755776": 27, "524938245017436160": 28, "524940069942358016": 29}, "edges": [[0, 2], [0, 22], [0, 16], [0, 26], [0, 1], [0, 6], [0, 14], [0, 11], [0, 13], [0, 10], [0, 3], [0, 15], [0, 27], [0, 21], [0, 5], [0, 17], [0, 4], [27, 25], [21, 28], [28, 12], [28, 8], [12, 19], [19, 24], [24, 7], [7, 9], [8, 23], [23, 18], [4, 29], [29, 20]]}