{"thread_id": "524923676484177920", "text_thread": [[524923676484177920, "BREAKING - Shooting on Parliament Hill. RCMP have weapons drawn #cdnpoli http://t.co/38qOgXcuet"], [524925154800181248, "@RichardMadan @ladykitchenless lock it down! find the criminals.. wait, the buildings full of criminals! #cdnpoli"], [524926568171577345, "\u201c@RichardMadan: BREAKING - Shooting on Parliament Hill. RCMP have weapons drawn #cdnpoli http://t.co/VSOYzKOTaV\u201d"], [524924021608284160, "@RichardMadan any updates?"], [524932346961985536, "\u201c@RichardMadan: BREAKING - Shooting on Parliament Hill. RCMP have weapons drawn #cdnpoli http://t.co/gYkprr50hG\u201d #shocking"], [524925449068355584, "\u201c@RichardMadan: BREAKING - Shooting on Parliament Hill. RCMP have weapons drawn #cdnpoli http://t.co/41zh7DWtfS\u201d holy shit"], [524924651080650752, "@RichardMadan @rebeccamakonnen Targeting the soldiers is a stupid act. They have not decided to go in #Irak..."], [524941166505373697, "@RichardMadan uOttawa is lockdown http://t.co/x9XwjRHa10"], [524925391266664448, "\u201c@RichardMadan: BREAKING - Shooting on Parliament Hill. RCMP have weapons drawn #cdnpoli http://t.co/RzWnoOV4Sr\u201d sirens galore down here"], [524924074087436289, "@RichardMadan @CTVMelissaLamb AND war memorial, or is this same?"], [524925539996667904, "\u201c@RichardMadan: BREAKING - Shooting on Parliament Hill. RCMP have weapons drawn #cdnpoli http://t.co/GRnmSXzgTr\u201d Oh Canada!"]], "node_mapping": {"524923676484177920": 0, "524925154800181248": 1, "524926568171577345": 2, "524924021608284160": 3, "524932346961985536": 4, "524925449068355584": 5, "524924651080650752": 6, "524941166505373697": 7, "524925391266664448": 8, "524924074087436289": 9, "524925539996667904": 10}, "edges": [[0, 3], [0, 9], [0, 6], [0, 1], [0, 8], [0, 5], [0, 10], [0, 2], [0, 4], [0, 7]]}