{"thread_id": "524950404283772930", "text_thread": [[524950404283772930, "Shooting soldiers guarding the war memorial....terrorism really doesn't get much more cowardly than that. Bastards."], [524951022322851840, "@20committee It actually wasn't \"guarding\"; they hold vigil in the weeks leading up to Remembrance Day. That makes it all the worse. :-("], [524953466075373568, "@20committee exactly."], [524950750133514240, "@InfoSomniac2 bingo"], [524951497097097216, "@20committee i agree its disgusting and more as cowardly !!!!"], [524960544617668609, "@fireandskill @20committee was anyone hurt? At work so I can't turn on a tv...wait I have internet on my phone...brain fart!"], [524951774432858112, "@20committee @onlyothershoe shit"], [524951949595410432, "@sarahle00464480 @20committee it's happening now Ottawa Canada"], [524951161846382592, "@20committee Hope JTF2 was able to establish a timely perimeter...no small task in a densely urban environment."], [524953925917868033, "@20committee Goes to show they oppose everything we fought for in those wars"], [524950844014211072, "@20committee I thought so but wasn't sure thanks."], [524951508102950913, "@20committee @fireandskill what???? When did this happen?"], [524951615879778304, "@20committee this is not a safe world as some \"end-of-history\" folks think. The old Latin \"si vis pacem, para bellum\" still applies"], [524951816174583808, "@20committee @HumanGrip Putin did much worse to children and civilians in East Ukraine - thousands of victims+ cold winter + food scarce"], [524954814804148224, "@20committee @HumanGrip Let's hope each terrorist gets what he deserves - a bullet!"], [524954273181102080, "@rouquinne @20committee the soldiers are an Honour Guard, hence guarding, although purely ceremonial."], [524952353368465408, "@20committee that's tyranny. crucifying teenagers. chopping children in half. nuclear threats. denying people right to choose a leader."], [524957012845932544, "@20committee @Cameron_Gray Any bets on Canada labeling this Workplace Violence?"], [524951427496419328, "@20committee A moving, evocative memorial ... the Tomb of the Unknown Soldier ... been to Nov 11 ceremonies there often ... I am furious."], [524963908600487936, "@sarahle00464480 @20committee it's all ongoing but a soldier guarding war memorial was shot, 1 gunman killed and possible others at large."]], "node_mapping": {"524950404283772930": 0, "524951022322851840": 1, "524953466075373568": 2, "524950750133514240": 3, "524951497097097216": 4, "524960544617668609": 5, "524951774432858112": 6, "524951949595410432": 7, "524951161846382592": 8, "524953925917868033": 9, "524950844014211072": 10, "524951508102950913": 11, "524951615879778304": 12, "524951816174583808": 13, "524954814804148224": 14, "524954273181102080": 15, "524952353368465408": 16, "524957012845932544": 17, "524951427496419328": 18, "524963908600487936": 19}, "edges": [[0, 1], [0, 8], [0, 18], [0, 4], [0, 11], [0, 12], [0, 6], [0, 13], [0, 16], [0, 2], [0, 9], [0, 14], [0, 17], [1, 15], [11, 7], [7, 5], [5, 19]]}