{"thread_id": "524949628689461249", "text_thread": [[524949628689461249, "LIVE:Coverage of \"several shooting incidents\" at and near Canadian Parliament: http://t.co/0nuzHcvr2J http://t.co/ZJO2hQqtLF"], [524952748232826881, "@ABCNewsLive @ABC2020 @SpaceNigs hey remember that question you got on Ask.fm about nothing going on in Canada?  here's something"], [524950400416620544, "@ABCNewsLive @ABC These Jihad Jack Asses are everywhere, thanks to Our Wide open Borders, and just taking temperatures. POTUS don't Care."], [524965981534576640, "@sirbrickrock @ABCNewsLive @ABC2020 I live 8 hours away from there. I think I'm good."], [524959959935877120, "@Patriot715 @ABCNewsLive @ABC \nNo rush to judgement.  There is crazy everywhere and don't carry titles.  Let's pray  in this trying times."], [524968807643639808, "@ABCNewsLive wakeup world we are all going to hell ."], [524950463364726784, "@ABCNewsLive is someone trying to over throw the government or other crazy thing?"], [524952289807990784, "\u201c@ABCNewsLive: LIVE:Coverage of \"several shooting incidents\" at and near Canadian Parliament: http://t.co/peKaBIlMLE http://t.co/EwpfJMyHGz\u201d"], [525003380322603008, "@ABCNewsLive Holy ALMIGHTY GOD please forgive &amp; pardon us who are ignorant to your Holy words and forgive every soul you've created"], [524952532523970560, "\u201c@ABCNewsLive: LIVE:Coverage of \"several shooting incidents\" at and near Canadian Parliament: http://t.co/XrPQOdNtQa http://t.co/riKYuvxM0W\u201d"]], "node_mapping": {"524949628689461249": 0, "524952748232826881": 1, "524950400416620544": 2, "524965981534576640": 3, "524959959935877120": 4, "524968807643639808": 5, "524950463364726784": 6, "524952289807990784": 7, "525003380322603008": 8, "524952532523970560": 9}, "edges": [[0, 2], [0, 6], [0, 7], [0, 9], [0, 1], [0, 5], [0, 8], [2, 4], [1, 3]]}