{"thread_id": "524938857180303360", "text_thread": [[524938857180303360, "UPDATE | Shots were fired inside Parliament Hill and gun fire was exchanged with hill security. #cbcOTT #OTTnews"], [524939037480853504, "\u201c@CBCOttawa: UPDATE | Shots were fired inside Parliament Hill and gun fire was exchanged with hill security. #cbcOTT #OTTnews\u201d"], [524940097914167296, "@CBCOttawa I believe the soldier had died"], [524943363683123200, "\u201c@CBCOttawa: UPDATE | Shots were fired inside Parliament Hill and gun fire was exchanged with hill security. #cbcOTT #OTTnews\u201d OMG!"], [524940417394282496, "@CBCOttawa I just heard that the soldier has died."]], "node_mapping": {"524938857180303360": 0, "524939037480853504": 1, "524940097914167296": 2, "524943363683123200": 3, "524940417394282496": 4}, "edges": [[0, 1], [0, 2], [0, 4], [0, 3]]}