{"thread_id": "524947149134774272", "text_thread": [[524947149134774272, "UPDATED | Attacker shot dead in Parliament after soldier shot at National War Memorial: http://t.co/4kP3Lib1dS #cbcOTT #OTTnews"], [524948435649462272, "#Ottawa Attacker shot dead in Parliament after soldier shot at National War Memorial: http://t.co/Dlqhm2K9zS  #cbcOTT #OTTnews v. @CBCOttawa"], [524968863067566080, "@CBCOttawa @JohnnyJesus gunman walked right passed the Conservative and NDP caucus meeting rooms , didn't make it to the FIBERALS,AT THE END"]], "node_mapping": {"524947149134774272": 0, "524948435649462272": 1, "524968863067566080": 2}, "edges": [[0, 1], [0, 2]]}