{"thread_id": "524940716733370374", "text_thread": [[524940716733370374, "WATCH: Shots are fired inside Ottawa's Parliament building. Canadian police say shooting suspect is still at large. https://t.co/mzxG4e8m84"], [524942058675793920, "@SkyNews whooo"], [524945739957669888, "@SkyNews this makes me so fucking mad! There are no words !"], [524945812447830017, "@SkyNews @EricAmey2 that's some stellar security goin' on in the Canadian Parliament I see, much like the WH Secret disService is here!"], [524943217478078464, "@ShaneStephens @SkyNews I'm listening to it on the radio it's scary stuff. I was only up there at the start of September"], [524987171376492546, "@SkyNews scary!!!"], [524946812512534529, "@SkyNews @heatherfoxnews that's what there going to do in the WH, because nobody cares, oh it's not gonna happen here WAKE UP!"], [524941053020078080, "@SkyNews wait,things like that don't happen in #Canada \ud83d\ude31\ud83d\ude33"], [524943111068602368, "@SkyNews Whoever invented the gun needs shooting."], [524942977027022848, "@SkyNews @Lily_jordanx"], [524940948577738753, "@SkyNews shooting suspect at large, not a medium or small then?"], [524951309955256320, "@SkyNews: Shots fired inside Ottawa's Parliament building. Canadian police say shooting suspect is still at large. https://t.co/xHzfDR6C3v"], [524945019837636608, "@SkyNews the solider was receiving emergency CPR any news on his condition now."], [524967025350041600, "@SkyNews @willy_cole15  Watching it out my window at work #alittletooclose"], [524945326307045376, "@SkyNews Somebody at Our Congress and you Parliament should reinforce security now! This might be the start of it!"], [524943875908321281, "@SkyNews @heatherfoxnews God help them find this perpetrator."], [524943240446095360, "@c_fluffinfluff @SkyNews Yup. Must be the end of the world."], [524941819964956674, "Shots are fired inside Ottawa's Parliament building. Canadian police say shooting suspect is still  large https://t.co/1iv0CDY5xb  @SkyNews"], [524942298850004993, "@SkyNews Good luck guy and gals, don't take chances take them out!"], [524942219216969728, "@SkyNews More shootings! @bpmacd"]], "node_mapping": {"524940716733370374": 0, "524942058675793920": 1, "524945739957669888": 2, "524945812447830017": 3, "524943217478078464": 4, "524987171376492546": 5, "524946812512534529": 6, "524941053020078080": 7, "524943111068602368": 8, "524942977027022848": 9, "524940948577738753": 10, "524951309955256320": 11, "524945019837636608": 12, "524967025350041600": 13, "524945326307045376": 14, "524943875908321281": 15, "524943240446095360": 16, "524941819964956674": 17, "524942298850004993": 18, "524942219216969728": 19}, "edges": [[0, 10], [0, 7], [0, 17], [0, 1], [0, 19], [0, 18], [0, 9], [0, 8], [0, 15], [0, 12], [0, 2], [0, 3], [0, 6], [0, 11], [0, 13], [0, 5], [7, 16], [19, 4], [18, 14]]}