{"thread_id": "524967376719466496", "text_thread": [[524967376719466496, "Canada's Minister of Employment Jason Kenney says the soldier shot in Ottawa has died - @TorontoStar http://t.co/YXHpFMqGic"], [524967588452126720, "@BreakingNews @TorontoStar confirm it first"], [524968016690569216, "@BreakingNews @TorontoStar he was talking about the soldier that passed on Monday in Quebec"], [524968548847063040, "Damn RT @BreakingNews: Canada's Minister of Employment Jason Kenney says the soldier shot in Ottawa has died - @TorontoStar"], [524967463709319170, "@BreakingNews @TorontoStar oh no...."], [524967642592215040, "@BreakingNews @TorontoStar no"], [524967745549398016, "@BreakingNews @TorontoStar"], [524967580067721216, "@BreakingNews @TorontoStar Can someone please confirm and not go by Kenney who may or may not no."], [524967977188614144, "@BreakingNews @TorontoStar heard he is fine. Soooo which one is it?"], [524967820715892737, "@BreakingNews @TorontoStar He died in his country if not for his country."], [524968270516854784, "@BreakingNews @TorontoStar prayers!"], [524967708694028288, "@BreakingNews. Oh nooooo oh my God"], [524968402272940032, "@BreakingNews  @CBCAlerts"], [524967666562633728, "\u201c@BreakingNews: Canada's Minister of Employment Jason Kenney says the soldier shot in Ottawa has died - @TorontoStar http://t.co/Cr9zFPAB8i\u201d"], [524967933072928768, "@BreakingNews @TorontoStar this has been retracted by many news outlets. Please confirm and correct."], [524967609062948865, "\u201c@BreakingNews: Canada's Minister of Employment Jason Kenney says the soldier shot in Ottawa has died - @TorontoStar http://t.co/MkglOvK14D\u201d"], [524968059229188096, "@BreakingNews @TorontoStar The minister of employment? So... Bullish? Seriously why is it this guy who says this..."], [524968061179539457, "@BreakingNews rest in peace"], [524967641325502464, "\u201c@BreakingNews: Canada's Minister of Employment Jason Kenney says the soldier shot in Ottawa has died - @TorontoStar http://t.co/a1LexzUbnV\u201d"]], "node_mapping": {"524967376719466496": 0, "524967588452126720": 1, "524968016690569216": 2, "524968548847063040": 3, "524967463709319170": 4, "524967642592215040": 5, "524967745549398016": 6, "524967580067721216": 7, "524967977188614144": 8, "524967820715892737": 9, "524968270516854784": 10, "524967708694028288": 11, "524968402272940032": 12, "524967666562633728": 13, "524967933072928768": 14, "524967609062948865": 15, "524968059229188096": 16, "524968061179539457": 17, "524967641325502464": 18}, "edges": [[0, 4], [0, 7], [0, 1], [0, 15], [0, 18], [0, 5], [0, 13], [0, 11], [0, 6], [0, 9], [0, 14], [0, 8], [0, 2], [0, 16], [0, 17], [0, 10], [0, 12], [0, 3]]}