{"thread_id": "524990163446140928", "text_thread": [[524990163446140928, "Police have clarified that there were two shootings in Ottawa today, not three: at the War Memorial and Parliament Hill."], [524990764049522688, "@CTVNews get it right. http://t.co/GHYxMuzPG9"], [524990563217838081, "@CTVNews you guys \"confirmed\" there were 3 shootings not long ago. How about you wait for official reports before saying things."], [525003827494531073, "@CTVNews @ctvsaskatoon so what happened at Rideau? Nothing?"], [524992704673890304, "RT @CTVNews Police have clarified that there were two shootings in Ottawa today, not three: at the War Memorial and Parliament Hill. #Canada"], [524992603000143872, "\u201c@CTVNews: Police have clarified that there were two shootings in Ottawa today, not three: at the War Memorial and Parliament Hill.\u201d wow"]], "node_mapping": {"524990163446140928": 0, "524990764049522688": 1, "524990563217838081": 2, "525003827494531073": 3, "524992704673890304": 4, "524992603000143872": 5}, "edges": [[0, 2], [0, 1], [0, 5], [0, 4], [0, 3]]}