{"thread_id": "524962748237889536", "text_thread": [[524962748237889536, "Kevin Vickers, head of security in parliament &amp; 29 yr vet of RCMP. Being credited for taking down shooter #Ottawa http://t.co/LpAUkIqwvi"], [524963603662000128, "@affanchowdhry @JohnnyJesus and a damn good shot, still...."], [524967190362333184, "@affanchowdhry @MattAdamowski Hero!"], [524964982522671105, "@affanchowdhry Captain Canada"], [524963881509482497, "@affanchowdhry @RayHeard Looks like this guy is the hero of the day."], [524965928489213952, "Real hero here. RT @affanchowdhry Kevin Vickers head of parliament security credited for taking down shooter #Ottawa http://t.co/AIQCGKsSYF"], [524966548515979265, "@daveaiello @affanchowdhry @ChrisWasselTHW All Canadians should be able to carry guns after this incident."], [524970043122393089, "@doug_faulkner The guy's a public figure."], [524966227572432896, "@daveaiello @affanchowdhry Definitely...the utmost of respect and reverence."], [524967478569734144, "@affanchowdhry The Mounties always get their man. Well done."], [524970318235176960, "@LyYvLa @daveaiello @affanchowdhry @ChrisWasselTHW its time for CCW in Canada."], [524967924247707649, "@affanchowdhry Congrats on your 250\u2605 tweet! http://t.co/895KU14nMf"], [524964752921874433, "@affanchowdhry @DamoSpin give the guy life long tax break, he's a National Hero. #Canada #cdnpoli"], [524969418426953728, "@LyYvLa @daveaiello @affanchowdhry @ChrisWasselTHW Don't be ridiculous. We won't all be carrying guns, but no doubt higher security to come."], [524966972053012480, "@affanchowdhry @sportsnetmurph Is it wise to ID him like this?"], [524969882660515840, "@affanchowdhry @nickyrobertso Well done"], [524969982057119745, "@affanchowdhry @GreatDismal Disturbing how many people want to add more guns to the equation."], [524967051589611520, "@affanchowdhry @DamoSpin  Deserves the Order of Canada, for putting himself in the line of fire. Saved multiple lives."], [524964126779789312, "@affanchowdhry @robyndoolittle A TRUE Canadian Hero!!!! God Bless and Thank You for being there!"], [524964073491144704, "@affanchowdhry @robyndoolittle that doesn't look like a dude that should be trifled with #Ottawa"], [524964901585174528, "@affanchowdhry This man is a hero, and should carry his gun at all times. (Said with utmost respect by an American.) @ChrisWasselTHW"]], "node_mapping": {"524962748237889536": 0, "524963603662000128": 1, "524967190362333184": 2, "524964982522671105": 3, "524963881509482497": 4, "524965928489213952": 5, "524966548515979265": 6, "524970043122393089": 7, "524966227572432896": 8, "524967478569734144": 9, "524970318235176960": 10, "524967924247707649": 11, "524964752921874433": 12, "524969418426953728": 13, "524966972053012480": 14, "524969882660515840": 15, "524969982057119745": 16, "524967051589611520": 17, "524964126779789312": 18, "524964073491144704": 19, "524964901585174528": 20}, "edges": [[0, 1], [0, 4], [0, 19], [0, 18], [0, 12], [0, 20], [0, 3], [0, 5], [0, 14], [0, 17], [0, 2], [0, 9], [0, 11], [0, 15], [0, 16], [20, 8], [20, 6], [6, 13], [6, 10], [14, 7]]}