{"thread_id": "524935216134369281", "text_thread": [[524935216134369281, "Witnesses say several dozen shots fired inside Parliament buildings after Canadian soldier shot at nearby War Memorial. #cbcOTT #OTTnews"], [524938153430646784, "@CBCOttawa I hope these idiots know they are the people who should be frightened. We're just angry, and they will pay!#Canadian"], [524936855067033600, "@CBCOttawa several dozen?"], [524939157102424064, "@CBCOttawa @Raffi_RC do we have status of victim?"]], "node_mapping": {"524935216134369281": 0, "524938153430646784": 1, "524936855067033600": 2, "524939157102424064": 3}, "edges": [[0, 2], [0, 1], [0, 3]]}