{"thread_id": "524959836778536961", "text_thread": [[524959836778536961, "UPDATE: Ottawa police confirm gunman in Canada shooting shot and killed. Search on for possible additional gunmen. http://t.co/sV7ZH50tlf"], [524960162327834625, "@CBSNews where are the police helicopters"], [524960075136663552, "@CBSNews @JoeyBats19"], [524967668684951552, "@CBSNews GOOD! STOPPLAYING AROUND  WIH THES SCUMBAGS KILL THEM.NO JAIL NO COURTS, SHOT TO KILL!! GOD BLESS THE HEROS!!!"], [524973284547653633, "@CBSNews wake up call for canada"]], "node_mapping": {"524959836778536961": 0, "524960162327834625": 1, "524960075136663552": 2, "524967668684951552": 3, "524973284547653633": 4}, "edges": [[0, 2], [0, 1], [0, 3], [0, 4]]}