{"thread_id": "524964989975937024", "text_thread": [[524964989975937024, "Canadian authorities 'were aware of potential #Isis-style attacks for weeks'\nhttp://t.co/AEMhmInJxm #OttawaShooting http://t.co/TDL4Wl1lFL"], [524973324913639425, "\u201c@IBTimesUK: Canadian authorities 'potential #Isis-style attack\nhttp://t.co/CPvv0SplOq #OttawaShooting http://t.co/v8QVKO5JuZ\u201d\n#Ottawa"], [524975549215555584, "@IBTimesUK How can they fight ISIS in Iraq when they have so many in Canada."], [525085458628235264, "@IBTimesUK  Ah that's how they're going to get into the USA  through Canada &amp; not through Mexico."], [524992402625687552, "@IBTimesUK Entire free world aware of possibility of attack for months.Great story,keep digging, when's recess for Gr.7 journalism class?"], [524965842145259520, "@IBTimesUK @MarianneSansum Zippy's Canada pals were supposed to lay low til AFTER election. Now there's \"workplace violence\" in Canada!"]], "node_mapping": {"524964989975937024": 0, "524973324913639425": 1, "524975549215555584": 2, "525085458628235264": 3, "524992402625687552": 4, "524965842145259520": 5}, "edges": [[0, 5], [0, 1], [0, 2], [0, 4], [0, 3]]}