{"thread_id": "524948268355051520", "text_thread": [[524948268355051520, "BREAKING: @ctvottawa CONFIRMS: One shooter dead.  Police working under assumption more than one shooter.  3 shooting incidents #ottnews"], [524950509908922370, "@CatherineCTV @JSB_FOX @ctvottawa be safe Canada."], [524951818632437760, "@CatherineCTV @bruce_arthur @ctvottawa Still can't believe it."], [524948391503998977, "@CatherineCTV @DenVan @ctvottawa  Hump Day Halfway There, Rock it!"]], "node_mapping": {"524948268355051520": 0, "524950509908922370": 1, "524951818632437760": 2, "524948391503998977": 3}, "edges": [[0, 3], [0, 1], [0, 2]]}