{"thread_id": "524927288077746176", "text_thread": [[524927288077746176, "RT @WatchCTVNews: LIVE NOW: Cops swarm Parliament Hill following reports of a shooting http://t.co/ekj0wMrYdV http://t.co/55Iz2M0542"], [524946523424325632, "@CTVNews @WatchCTVNews shooting done?"], [524929735542185985, "@CTVNews @WatchCTVNews My prayers go out to the soldier and his familly"], [524959435878576129, "When you harm yourself by taking in #immigration #diversity, it's your own damn fault. @Zinner2dot1 #Canuckistan"], [524946791339286528, "@CTVNews @WatchCTVNews I am Canadian and these attacks on our soil are bullshit. My prayers to the soldier."], [524932752358260737, "@CTVNews @WatchCTVNews @cnnbrk @wolfblitzer @andersoncooper @donlemon @CNNAshleigh @CarolCNN"], [524935023427067904, "@KraftyWurker @CTVNews @OfficeofSteve @WatchCTVNews http://t.co/QUxiLNNnV0"], [524959934585532416, "@Zinner2dot1 When you harm yourself by taking in #immigration #diversity, it's your own damn fault. #Canuckistan"], [524933925609938944, "@CTVNews @OfficeofSteve @WatchCTVNews  Trouble in Canuckistan, how's that #diversity working out for you? #Canada"], [524934749014736896, "@jasoncole123 @CTVNews  @WatchCTVNews Trouble in Canuckistan, how's that #diversity working out for you? #Canada"], [524933342656200704, "@CTVNews @TSNBobMcKenzie @WatchCTVNews"], [524929244628267008, "Soldiers in our prayers @CTVNews @CTVNewsHeather @WatchCTVNews"], [524931869159079936, "@CTVNews @WatchCTVNews"], [524933057544212481, "@CTVNews @WatchCTVNews get them RCMP and army."], [524934395938230272, "@KraftyWurker @CTVNews @OfficeofSteve @WatchCTVNews Do you know how much of an idiot you are? No, I guess being an American you don't."], [524958295639863296, "@KraftyWurker wow fuck you, you American piece of shit"], [524934129587326977, "@CTVNews @TSNBobMcKenzie @WatchCTVNews"], [524959679433412610, "@KraftyWurker *refer to previous tweet*"], [524955934310035456, "@CTVNews @WatchCTVNews so...implications: more security? I just hope it doesn't make us Canadians less trusting, kind, or more narrow minded"], [524936207168716802, "@KraftyWurker @CTVNews @WatchCTVNews At least when I leave my country I don't have to pretend I'm from somewhere else."], [524932669692706816, "@CTVNews @TSNBobMcKenzie @WatchCTVNews Please tell me the Police took care of him/her with an empty magazine in return fire!!!"]], "node_mapping": {"524927288077746176": 0, "524946523424325632": 1, "524929735542185985": 2, "524959435878576129": 3, "524946791339286528": 4, "524932752358260737": 5, "524935023427067904": 6, "524959934585532416": 7, "524933925609938944": 8, "524934749014736896": 9, "524933342656200704": 10, "524929244628267008": 11, "524931869159079936": 12, "524933057544212481": 13, "524934395938230272": 14, "524958295639863296": 15, "524934129587326977": 16, "524959679433412610": 17, "524955934310035456": 18, "524936207168716802": 19, "524932669692706816": 20}, "edges": [[0, 11], [0, 2], [0, 12], [0, 20], [0, 5], [0, 13], [0, 10], [0, 8], [0, 16], [0, 1], [0, 4], [0, 18], [8, 14], [8, 6], [8, 15], [14, 9], [9, 19], [15, 3], [3, 17], [17, 7]]}