{"thread_id": "524943132409212928", "text_thread": [[524943132409212928, "University of Ottawa is in lockdown, classes are cancelled"], [524967518751174656, "@gardiner91 @CTVNews let's not get ahead of ourselves"], [524945526492762112, "\u201c@CTVNews: University of Ottawa is in lockdown, classes are cancelled\u201d\n\n@JohnnyBerhane @calebagada33 @MoeIsmail31 are mans safe tho? Link me"], [524945997760589824, "@gardiner91 @CTVNews ya right"], [524945346628427776, "@CTVNews"], [524943521393180672, "\u201c@CTVNews: University of Ottawa is in lockdown, classes are cancelled\u201d"], [524945681765912576, "@ViktaPaulo @CTVNews @JohnnyBerhane @calebagada33 all mans are bless bro Thank God!!"], [524953418503565312, "\u201c@CTVNews: University of Ottawa is in lockdown, classes are cancelled\u201d"], [524945455101530112, "\u201c@CTVNews: University of Ottawa is in lockdown, classes are cancelled\u201d lol I was actually going to go today"], [524977858452926464, "@Sablecorby @CTVNews Carleton is fine, since it's not downtown"], [524943753963126785, "@CTVNews  RT \"We are all infidels\" #outlawIslam"], [524944958336552960, "@CTVNews @pmharper Get the military!  Don't turn a blind eye. Don't allow us to turn into England.  Will give up liberties to protect others"], [524945583833112576, "\u201c@CTVNews: University of Ottawa is in lockdown, classes are cancelled\u201d stay safe everyone"], [524946438795837440, "\u201c@MoeIsmail31: @ViktaPaulo @CTVNews @JohnnyBerhane @calebagada33 all mans are bless bro Thank God!!\u201d\n\nAll thanks to God S/O my Gee Gees"], [524943701249114112, "@CTVNews @leilamqbali"], [524943920082731008, "\u201c@CTVNews: University of Ottawa is in lockdown, classes are cancelled\u201d #shooting #cdnpoli #parliament"], [524943966135795712, "\u201c@CTVNews: University of Ottawa is in lockdown, classes are cancelled\u201d@tannanirali"], [524943239682744320, "\u201c@CTVNews: University of Ottawa is in lockdown, classes are cancelled\u201d"], [524943872246697984, "@CTVNews"]], "node_mapping": {"524943132409212928": 0, "524967518751174656": 1, "524945526492762112": 2, "524945997760589824": 3, "524945346628427776": 4, "524943521393180672": 5, "524945681765912576": 6, "524953418503565312": 7, "524945455101530112": 8, "524977858452926464": 9, "524943753963126785": 10, "524944958336552960": 11, "524945583833112576": 12, "524946438795837440": 13, "524943701249114112": 14, "524943920082731008": 15, "524943966135795712": 16, "524943239682744320": 17, "524943872246697984": 18}, "edges": [[0, 17], [0, 5], [0, 14], [0, 10], [0, 18], [0, 15], [0, 16], [0, 11], [0, 4], [0, 8], [0, 2], [0, 12], [0, 7], [8, 3], [8, 1], [2, 6], [6, 13]]}