{"thread_id": "524969137660231680", "text_thread": [[524969137660231680, "Chaos broke out in Ottawa after a shooting at the war memorial and reports of gunfire in Parliament http://t.co/pVOh34l2ea"], [524969775068635136, "@washingtonpost You ARE SO LATE, Why not wait and just print it Tomorrow????"], [524978445873598464, "@washingtonpost In Ottawa the situation sounds political and related to ISIS just by the nature of events"], [524975805580210176, "@washingtonpost 13 favorites?! Really? Not sure you understand twitter people."], [525002109171671041, "@washingtonpost CANADIAN COPS INSIST THEY DID NOT DO IT!  BLAME IT ON AMERICAN TERRORISTS COPS."]], "node_mapping": {"524969137660231680": 0, "524969775068635136": 1, "524978445873598464": 2, "524975805580210176": 3, "525002109171671041": 4}, "edges": [[0, 1], [0, 3], [0, 2], [0, 4]]}