{"thread_id": "524944637489086464", "text_thread": [[524944637489086464, "#OTTAWA SHOOTING: Police killed 1 guman, believe 2 or 3 still at large - reports http://t.co/Zp9AKplH9p http://t.co/f5jsyOog9b"], [524947185713283073, "@RT_com apparently he came to shore from his submarine after sightseeing in Sweden."], [524945086702825472, "@RT_com Guman? Can you please correct?"], [524946698637152256, "@RT_com Gunman!"], [524945105095249920, "@RT_com can't be very good gunmen if they have only managed to shoot a statue lol"], [524950548697849856, "@RT_com @Swamy39 @HMOIndia @PMOIndia @SushmaSwaraj\nIt was eminant for Canada being safe haven &amp; a sanctuary for these jihadis &amp; terrorists"], [524970798042583040, "@RT_com damn, Canada ain't safe no more? Smh"]], "node_mapping": {"524944637489086464": 0, "524947185713283073": 1, "524945086702825472": 2, "524946698637152256": 3, "524945105095249920": 4, "524950548697849856": 5, "524970798042583040": 6}, "edges": [[0, 2], [0, 4], [0, 3], [0, 1], [0, 5], [0, 6]]}