{"thread_id": "524971124845985792", "text_thread": [[524971124845985792, "My heart aches for the family of the Canadian Soldier murdered this morning in Ottawa. RIP \u2764\ufe0f"], [524971399690342400, "@dallassmith The death is not officially confirmed yet."], [525068100363091969, "@dallassmith @COUNTRYMUSICRD So sad. May he rest in peace."], [524972972734291968, "@dallassmith yes it is. They just confirmed it."], [524975503544176640, "@dallassmith No he is alive.  Wrong info given out!!!"], [524976280999976960, "@dallassmith CNN and CBC confirmed death."], [524974447288385536, "@dallassmith I'm just glad dallas your safe and not touring near the area\ud83d\ude22 #CanadaStrong"], [524973304537288704, "@dallassmith Reports are varying.....believe the solder is still alive."], [524983667803033602, "@dallassmith Ottawa Police confirm the Canadian soldier is dead.  Conflicting news reports...this being the latest update."], [524974399422623744, "@dallassmith News just confirmed it....the soldier has indeed passed away. RIP"], [525027267165323264, "@paigeecrossman You young lady need to grow up. #SMRT"]], "node_mapping": {"524971124845985792": 0, "524971399690342400": 1, "525068100363091969": 2, "524972972734291968": 3, "524975503544176640": 4, "524976280999976960": 5, "524974447288385536": 6, "524973304537288704": 7, "524983667803033602": 8, "524974399422623744": 9, "525027267165323264": 10}, "edges": [[0, 1], [0, 3], [0, 7], [0, 6], [0, 4], [0, 5], [0, 2], [7, 9], [4, 8]]}