{"thread_id": "524988712367955970", "text_thread": [[524988712367955970, "MORE: Canadian soldier shot at war memorial has died; one of three suspected gunmen also dead, police say: http://t.co/uFsW7vHPRi"], [525003886210596864, "@nachos710 @KatyKatopodis @AP  my issue is with the one sided reporting not with the death of a baby."], [525004199298617344, "@HussainD1 @KatyKatopodis @AP and yet you ONLY spoke of your disinterest in the death of the child and never mentioned the reporting at all"], [525002281247580160, "@nachos710 @KatyKatopodis @AP oh please. Settlers have been tormenting Palestinian residents for weeks. Killing 3 kids in the last 2 weeks"], [525005995089870850, "@nachos710 @KatyKatopodis @AP lets not forget who the occupying power enforcing martial law here. Palestinian kids are killed weekly."], [524999580296183808, "RT @AP: MORE: Canadian soldier shot at war memorial has died; one of three suspected gunmen also dead, police say: http://t.co/t7iwVftpYB"], [524989918880485377, "@AP there's gonna be a meeting today about it, cool them jets boi"], [525002081791651840, ".@nachos710 @KatyKatopodis @AP why can't it be an official story?"], [525006169308676096, "@HussainD1 @KatyKatopodis funny how you never seemed to mention that first becoz I agree with that, but I dont believe thats what u feel"], [525002940315348993, "@AP GOD Bless this soldier and all soldiers that stand bravely knowing many in the world want to kill them."], [524991521188491264, "@AP CBC Ottawa @CBCOttawa 11m11 minutes ago\n\nThere was no mention of another gunman in Bordeleau's talk."], [524997933297844225, "@KCTVPhotogBrett @AP RCMP in charge, not Ottawa police: one soldier dead, shooter dead. All else is speculation - talking heads."], [524995572852219904, "@AP ,...--- ((( O people! Say \"No God But Allah\" To Obtain Salvation )))\n\nTHE MEANING OF LIFE \"SPOKEN WORD\"\n\nhttps://t.co/YBaU294GFx"], [525005528435798017, "@HussainD1 @KatyKatopodis @AP 2/2 other sad stories never made the news?? That's a little ridiculous on the face of it don't you think"], [525005358805561348, "@HussainD1 @KatyKatopodis @AP and therefore you chose to mention how you dont care that a 3 month old was murdered as if who cares becoz 1/2"], [525003669096628225, "@HussainD1 @KatyKatopodis @AP learn your facts my friend, even if you right your response to a baby been killed says it all#murderingisfine"], [525006347608522752, "@HussainD1 @KatyKatopodis @AP occupying force- so now a child is killed and you worried about the land issue- you see you don't care"], [525001875800993792, "@KatyKatopodis #respect"], [524988898049806336, "\u201c@AP: MORE: Canadian soldier shot at war memorial has died; one of three suspected gunmen also dead, police say: http://t.co/uJ7Nk4mTHN\u201d"], [524999920462618624, "@KatyKatopodis @AP eh"], [525000637491462145, "@KatyKatopodis @AP maybe this story also deserves some focus heres the video you decide https://t.co/2Fe5wssR6P terror attack in Israel 2day"], [525004844755861504, "@nachos710 @KatyKatopodis @AP cos I've been following actual reports of harassment, detention, murder for weeks. Nothing in media."], [524988952303112192, "Rt&gt;@AP:MORE: Canadian soldier shot at war memorial has died; one of three suspected gunmen also dead, police say: http://t.co/AiBrOLb95k #p2"], [525002870652145667, "@HussainD1 @KatyKatopodis @AP that settler to whom you refer turned HIMSELF into police @ first police station in a safe place,he didnt run"], [524989307548078080, "@AP Heard the suspect a Muslim"], [525006466970025986, "@HussainD1 @KatyKatopodis @AP you can lie to yourself and tell yourself you do but an Israeli life or even jewish anywhere is not NB to u"], [525005056199122944, "@nachos710 @KatyKatopodis @AP so now we should all cry because its Israeli deaths. All deaths are wrong. Not just one side."], [524988972787724289, "\u201c@AP: MORE: Canadian soldier shot at war memorial has died; one of three suspected gunmen also dead, police say: http://t.co/HZKW1FN2tV\u201d RIP"]], "node_mapping": {"524988712367955970": 0, "525003886210596864": 1, "525004199298617344": 2, "525002281247580160": 3, "525005995089870850": 4, "524999580296183808": 5, "524989918880485377": 6, "525002081791651840": 7, "525006169308676096": 8, "525002940315348993": 9, "524991521188491264": 10, "524997933297844225": 11, "524995572852219904": 12, "525005528435798017": 13, "525005358805561348": 14, "525003669096628225": 15, "525006347608522752": 16, "525001875800993792": 17, "524988898049806336": 18, "524999920462618624": 19, "525000637491462145": 20, "525004844755861504": 21, "524988952303112192": 22, "525002870652145667": 23, "524989307548078080": 24, "525006466970025986": 25, "525005056199122944": 26, "524988972787724289": 27}, "edges": [[0, 18], [0, 22], [0, 27], [0, 24], [0, 6], [0, 10], [0, 12], [0, 5], [0, 9], [18, 11], [5, 19], [5, 20], [20, 17], [20, 7], [20, 3], [3, 23], [3, 15], [15, 1], [1, 2], [2, 21], [2, 26], [21, 14], [21, 13], [13, 4], [4, 16], [4, 25], [26, 8]]}