{"thread_id": "524965775036387329", "text_thread": [[524965775036387329, "Hero. @affanchowdhry: Kevin Vickers, head of security in parliament, being credited for taking down shooter #Ottawa http://t.co/rVYetE0KYq\""], [525005729938554882, "@LindaFrum @affanchowdhry The real hero is the soldier who lost his life doing his job and serving his country."], [524972195978964993, "@LindaFrum @LeBlancJpl @affanchowdhry good for Vickers"], [524974387125317633, "@LindaFrum @affanchowdhry  absolutely!"], [525015279387299840, "@LindaFrum @affanchowdhry.. \nThis was an attack on all Canadians whatever stripe \nObviously these despicable acts are from cowardly cretins."]], "node_mapping": {"524965775036387329": 0, "525005729938554882": 1, "524972195978964993": 2, "524974387125317633": 3, "525015279387299840": 4}, "edges": [[0, 2], [0, 3], [0, 1], [0, 4]]}