{"thread_id": "524948264148160513", "text_thread": [[524948264148160513, "BREAKING: One gunman has been killed following a shooting on Parliament Hill, sources confirm to CTV News."], [524948633670914048, "\u201c@CP24: BREAKING: One gunman has been killed following a shooting on Parliament Hill, sources confirm to CTV News.\u201d"], [524977106904948737, "@CP24 thoughts and prayers  to everyone in Ottawa. Very tragic :("], [524980473848930304, "\u201c@CP24: One gunman has been killed following a shooting on Parliament Hill, sources confirm to CTV..\u201d What the fuck is wrong with the world"], [524948682677161984, "\u201c@CP24: BREAKING: One gunman has been killed following a shooting on Parliament Hill, sources confirm to CTV News.\u201d"], [524950840789200896, "Thoughts w #Ottawa peeps RT @CP24: BREAKING: 1 gunman has been killed following a shooting on Parliament Hill, sources confirm to CTV News."], [524949752249876480, "@CP24 what are the chances his name has an Ahmed/Mohammed in it?"], [524949202582110208, "RT @CP24: BREAKING: One gunman has been killed following a shooting on Parliament Hill, sources confirm to CTV News."], [524950224864051200, "@CP24 @globalnewsto @CSIS \nJournalist on CNN who witnessed scene telling the world that Soldiers Guns are for show only @ Memorial???"], [524949172391518208, "\u201c@CP24: BREAKING: One gunman has been killed following a shooting on Parliament Hill, sources confirm to CTV News.\u201d"], [524949665259995136, "@CP24 @globalnewsto \nWhy would anyone let the World know that the Guns held by Soldiers at Memorial are Symbolic only?\nTime to load them!"]], "node_mapping": {"524948264148160513": 0, "524948633670914048": 1, "524977106904948737": 2, "524980473848930304": 3, "524948682677161984": 4, "524950840789200896": 5, "524949752249876480": 6, "524949202582110208": 7, "524950224864051200": 8, "524949172391518208": 9, "524949665259995136": 10}, "edges": [[0, 1], [0, 4], [0, 9], [0, 7], [0, 10], [0, 6], [0, 5], [0, 2], [0, 3], [10, 8]]}