{"thread_id": "524928878075457536", "text_thread": [[524928878075457536, "Soldier shot at National War Memorial in Ottawa http://t.co/WABNVkk7wA http://t.co/SRMYiIoOY9"], [525120517096108033, "@Bioware_Gaming How did he get into Canada?"], [525120302754586624, "@Iran_Photos Sweet dreams for you &amp; remember to turn off car engine!!! Newspaper on windows keeps warmth inside!!!"], [524930680925736961, "Stay safe, Ottawa friends. \u201c@CBCNews: Soldier shot at National War Memorial in Ottawa http://t.co/nVq1n1qcLw http://t.co/bIUXe5Efq2\u201d"], [524930974111760384, "It's happening. RT @CBCNews: Soldier shot at National War Memorial in Ottawa http://t.co/3CqXFICtm8"], [524959960338558976, "@Iran_Photos @Buzzy14 If you are a journalist then you are not much of one. You are closed minded and rude."], [524934190941626368, "@CBCNews ok Canada shut the border and arrest the suspected 99 home bread suspected ISIS. Act now ask questions later."], [525122203906752513, "@Buzzy14 I don't think he is"], [524929340900118528, "@CBCNews why is this not on channel 9 right now??? Breaking news"], [524930617117777921, "@Iran_Photos @CBCNews this crazy ex  Iranian criminal thinks he can can get free ride in canada"], [525126378245849088, "@Bioware_Gaming  I did,nt think so its a mental case &amp; best to block!"], [524931001924202496, "\u201c@CBCNews: Soldier shot at National War Memorial in Ottawa http://t.co/0XNNY6XtGD http://t.co/PsfQRpffT6\u201dare the pandas out too?"], [524961950548385793, "@Bioware_Gaming @Buzzy14 http://t.co/9EUFeyNkb2"], [524930995683065857, "\u201c@CBCNews: Soldier shot at National War Memorial in Ottawa http://t.co/Vj7rZf3oE0 http://t.co/NDABrInGaC\u201d"], [525141133631172608, "@Buzzy14 I agree. You can't negotiate or come to terms with ppl like that."], [524929426606555136, "@CBCNews Stay Safe all CF members"], [524934105629483009, "@iran_photos Come to South Africa where many Iranians are ripping off the locals in spaza shops!!!!!"], [524934551035187200, "@Iran_Photos @BriRawk @CBCNews You am illiterate."], [524935809599033346, "@Buzzy14 Iranian are mostly lazy fucking people and why government of Iran punishing this people you right"], [524951550485987328, "@Iran_Photos @CBCNews y don't u go back to the sand where u came from then. Bitch ass pussy"], [524931905490530304, "@BriRawk @CBCNews I am journalist"], [524930918134611968, "@CBCNews @CBCTheNational Are the pandas out of the building too?"], [524930222115004416, "@Iran_Photos @CBCNews Pardon my language but please kindly go fuck yourself, Iran_Photos. How can you be so heartless!"], [524929254031888385, "@CBCNews last night sleeping in car 80 days Vancouver  I told god please give Canadian hard times because they are not good people"], [524934283962875904, "\u201c@CBCNews: Soldier shot at National War Memorial in Ottawa http://t.co/1Uan4TiyYx http://t.co/MzlUN8ba1F\u201d for anyone in Ottawa :/"]], "node_mapping": {"524928878075457536": 0, "525120517096108033": 1, "525120302754586624": 2, "524930680925736961": 3, "524930974111760384": 4, "524959960338558976": 5, "524934190941626368": 6, "525122203906752513": 7, "524929340900118528": 8, "524930617117777921": 9, "525126378245849088": 10, "524931001924202496": 11, "524961950548385793": 12, "524930995683065857": 13, "525141133631172608": 14, "524929426606555136": 15, "524934105629483009": 16, "524934551035187200": 17, "524935809599033346": 18, "524951550485987328": 19, "524931905490530304": 20, "524930918134611968": 21, "524930222115004416": 22, "524929254031888385": 23, "524934283962875904": 24}, "edges": [[0, 23], [0, 8], [0, 15], [0, 3], [0, 21], [0, 4], [0, 13], [0, 11], [0, 6], [0, 24], [23, 22], [23, 9], [23, 19], [9, 20], [20, 16], [20, 17], [16, 18], [18, 5], [5, 12], [5, 1], [12, 2], [1, 7], [7, 10], [10, 14]]}