{"thread_id": "524945170777645059", "text_thread": [[524945170777645059, "Watch Live: Manhunt for Canadian Parliament shooting suspect http://t.co/oWI4Jj0X5i via @CTVNews http://t.co/iqiSSYHWP2"], [524945374625017856, "@NBCNews narcissistic stalker, what does it mean, who r the examples n does it mean that they believe victims r following the stalker!!?!??!"], [524947078389059584, "@NBCNews @CTVNews I swear, Canada looks so calm and pretty in that pic. I want to visit!"], [524956229257666560, "\u201c@NBCNews: Watch Live: Manhunt for Canadian Parliament shooting suspect http://t.co/K8rD3eCr6y via @CTVNews http://t.co/e5JsXDQtYp\u201d #9NEWS"], [524954255816663040, "@NBCNews @CTVNews Horrifying but I doubt it will have anything to do with Islam"], [524960449818009600, "@NBCNews @CTVNews Canadian Parliament should must be secured immediately &amp; all terrorist should be taken to task."], [524946466293698560, "@NBCNews @RobertAlai @CTVNews http://t.co/zezljjXNwp"], [524971252323459073, "\"@NBCNews: Watch Live: Manhunt for Canadian Parliament shooting suspect http://t.co/e5kNmPrDuy via @CTVNews http://t.co/qrUTv0f13a\""], [525015550401847296, "@NBCNews @CTVNews  May we be of any assistance? http://t.co/u0y3A3OaC7"], [524947927262040064, "\u201c@NBCNews: Watch Live: Manhunt for Canadian Parliament shooting suspect http://t.co/uDilLRskh3 via @CTVNews http://t.co/UgPz31rU2k\u201d"], [524945609233817600, "@NBCNews @CTVNews #CBC confirmed one shooter is dead. There is probably more than one shooter."], [524947730465292289, "\u201c@NBCNews: Watch Live: Manhunt for Canadian Parliament shooting suspect http://t.co/KBH35zFfAc via @CTVNews http://t.co/rtMQfcRg2C"], [524952014644871168, "\u201c@NBCNews: Watch Live: Manhunt for Canadian Parliament shooting suspect http://t.co/MCzhBeuDC8 via @CTVNews http://t.co/ycO7dshUhK\u201d"]], "node_mapping": {"524945170777645059": 0, "524945374625017856": 1, "524947078389059584": 2, "524956229257666560": 3, "524954255816663040": 4, "524960449818009600": 5, "524946466293698560": 6, "524971252323459073": 7, "525015550401847296": 8, "524947927262040064": 9, "524945609233817600": 10, "524947730465292289": 11, "524952014644871168": 12}, "edges": [[0, 1], [0, 10], [0, 6], [0, 2], [0, 11], [0, 9], [0, 12], [0, 4], [0, 3], [0, 5], [0, 7], [0, 8]]}