{"thread_id": "524942353355005952", "text_thread": [[524942353355005952, "#canada unreal. --&gt; Footage from Globe reporter captures exchange of gun fire in Parliament Hill building http://t.co/IBB9WTc3Nh"], [524944017654824961, "@haralddoornbos Initial gunshot sounds like a hunting rifle or shotgun. Wonder what the suspect was carrying."], [524943058551713792, "@HaraldDoornbos Bloody hell that's not good. I thought they'd raised terror threat?!  BBC reporting upto 30 shots heard inside parliament."], [524971236040790018, "@haralddoornbos Horrible and scary. A brutal and saddening reminder of the threat of terrorism, domestic or abroad. #Ottawa #Canada"], [524946057512230912, "@redpenguin01 @HaraldDoornbos Jihadists are stupid loosers.Lock all jihadists in prison cell made of Bacon&amp;pork chops"], [524945665533546496, "@HaraldDoornbos #isis as a scary boogeyman.Cant do any worse than couple of teenagers in USA on rampage.#ISIS all big talkers but die easily"], [524944243564240896, "Ay.. RT @HaraldDoornbos: Footage from Globe reporter captures gun fire in Parliament Hill building http://t.co/iuOTqeiTFL #Canada #Ottawa"], [524943645456494593, "Wow. #Ottawa RT @HaraldDoornbos Footage from Globe reporter captures exchange of gun fire in Parliament Hill building http://t.co/TVN0t5ksaY"]], "node_mapping": {"524942353355005952": 0, "524944017654824961": 1, "524943058551713792": 2, "524971236040790018": 3, "524946057512230912": 4, "524945665533546496": 5, "524944243564240896": 6, "524943645456494593": 7}, "edges": [[0, 2], [0, 7], [0, 1], [0, 6], [0, 5], [0, 3], [1, 4]]}