{"thread_id": "524926235030589440", "text_thread": [[524926235030589440, "BREAKING NEWS: At least 3 shots fired at Ottawa War Memorial. One soldier confirmed shot - http://t.co/wiPaKVPSDb http://t.co/vwxeqj8xe9"], [524926674417500160, "@PzFeed @Rui_Castro All our domestic military should be armed, now."], [524926750506377216, "@PzFeed can't believe it I was there less then 24 hours ago"], [524937952820883456, "@PzFeed so who is the brainiac on the right that looks like he's taking a picture?"], [524926344992686081, "@PzFeed Gee, I thought Canadians are supposed to be polite for once...."], [524946118774620161, "@PzFeed sickening"], [524929568327888896, "@PzFeed @AbideSam That's disgusting tbh..."]], "node_mapping": {"524926235030589440": 0, "524926674417500160": 1, "524926750506377216": 2, "524937952820883456": 3, "524926344992686081": 4, "524946118774620161": 5, "524929568327888896": 6}, "edges": [[0, 4], [0, 1], [0, 2], [0, 6], [0, 3], [0, 5]]}