{"thread_id": "524957566502445056", "text_thread": [[524957566502445056, "Reports of a shooting at Rideau Centre have misstated the shooting location."], [524957813416947713, "NO shooting @RideauCentre. #ottawa"], [524959270891421697, "@RideauCentre so...."], [524958734083457024, "\u201c@RideauCentre: Reports of a shooting at Rideau Centre have misstated the shooting location.\u201d"], [524957936645582848, "@RideauCentre they are saying it was outside the mall? Is this not accurate?"], [524962937782669312, "\u201c@RideauCentre: Reports of a shooting at Rideau Centre have misstated the shooting location.\u201d Scary stuff"], [524958103176232961, "@RideauCentre You should let @OttawaPolice make the statements. #crisiscomms"], [524962669183664129, "@RideauCentre @CBCTheNational guys i know this is a tragedy but please keep shopping at our mall please"], [524960299942965248, "\u201c@RideauCentre: Reports of a shooting at Rideau Centre have misstated the shooting location.\u201d"]], "node_mapping": {"524957566502445056": 0, "524957813416947713": 1, "524959270891421697": 2, "524958734083457024": 3, "524957936645582848": 4, "524962937782669312": 5, "524958103176232961": 6, "524962669183664129": 7, "524960299942965248": 8}, "edges": [[0, 1], [0, 4], [0, 6], [0, 3], [0, 2], [0, 8], [0, 7], [0, 5]]}