{"thread_id": "524938107142283264", "text_thread": [[524938107142283264, "Canada's parliament building in Ottawa is on lockdown after reports of an active shooter http://t.co/oKneosRl04 http://t.co/JIW3PIeeMj"], [524947194554880001, "@mashable   1400's 1500's 1600's castle"], [524938912331214849, "@mashable My first thought is: That's a beautiful building!"], [524940279913000960, "@mashable http://t.co/UBaqBgScut"], [524947388205924354, "@mashable  10 minute showers in denver aurora and i revelings to peoples so maybe its viao vaio able"], [524941160000024576, "@mashable Tragedy aside,  must say its a beautiful building. #Ottawa"], [524947605768638464, "@mashable Muggles are storming Hogwarts.\n#Canada #Ottawa"], [524938730176790528, "@mashable more than one SHOOTER"], [524938601315201025, "@mashable Hope everyones ok"], [524944337176895488, "@mashable @massmedic1980 well so much for saying that this only happens in the US or that extreme gun control works"], [524947136707067907, "@mashable  castle  transport that to colorado aill put in on kingston and  bridge to it and a tunnel to it for me and woman Dog too"]], "node_mapping": {"524938107142283264": 0, "524947194554880001": 1, "524938912331214849": 2, "524940279913000960": 3, "524947388205924354": 4, "524941160000024576": 5, "524947605768638464": 6, "524938730176790528": 7, "524938601315201025": 8, "524944337176895488": 9, "524947136707067907": 10}, "edges": [[0, 8], [0, 7], [0, 2], [0, 3], [0, 5], [0, 9], [0, 10], [0, 1], [0, 4], [0, 6]]}