{"thread_id": "524966770428243968", "text_thread": [[524966770428243968, "#BREAKING: @kenneyjason confirms the soldier shot this morning has died, a Parliamentary Guard has also been wounded. #OttawaShooting"], [524968571508895745, "@newstalk1010 @kenneyjason Terrible, our thoughts with soldiers family"], [524967834120912896, "@newstalk1010 @LeafsKarl @kenneyjason  Omg...horrible!!!!"], [524967490821308416, "@newstalk1010 @kenneyjason this is NOT correct."], [524967138985910272, "@newstalk1010 @kenneyjason I've seen that announcement has been retracted"]], "node_mapping": {"524966770428243968": 0, "524968571508895745": 1, "524967834120912896": 2, "524967490821308416": 3, "524967138985910272": 4}, "edges": [[0, 4], [0, 3], [0, 2], [0, 1]]}