{"thread_id": "524983146266505216", "text_thread": [[524983146266505216, "Ottawa police confirm 1 male shooting suspect died; no one in custody - @OttawaPolice http://t.co/9emMsGE1FZ"], [524995957356650496, "@BreakingNews ,. ((( O people! Say \"No God But Allah\" To Obtain Salvation )))\n\nTHE MEANING OF LIFE \"SPOKEN WORD\"\n\nhttps://t.co/YBaU294GFx\n::"], [524991264702611456, "\u201c@BreakingNews Ottawa police confirm 1 male shooting suspect died; no one in custody - @OttawaPolice http://t.co/Z89gCRSq6S\u201d"], [525017061765185536, "@BreakingNews @OttawaPolice sounds like things are changing in Canada  where is Michael Moore?"]], "node_mapping": {"524983146266505216": 0, "524995957356650496": 1, "524991264702611456": 2, "525017061765185536": 3}, "edges": [[0, 2], [0, 1], [0, 3]]}