{"thread_id": "524944569528750080", "text_thread": [[524944569528750080, "Incidents occurred at National War Memorial, near the Rideau Centre and Parliament Hill this morning. #ottnews"], [524956987550105600, "RT @OttawaPolice \u4eca\u671d\uff08\u30aa\u30bf\u30ef\u6642\u9593\uff09\u6226\u4e89\u8a18\u5ff5\u7891\u3001\u56fd\u4f1a\u8b70\u4e8b\u5802\u3067\u9283\u6483\u4e8b\u4ef6"], [524962390707019776, "@gkelly49 @OttawaPolice @jaketapper But it's perfectly fine to shoot unarmed CITIZENS. #MoralInsanityRULES"], [524950180651884546, "@OttawaPolice @jerryarcher stay safe men and women at parliament hill today"], [524968216255553537, "@KDVatEastern @OttawaPolice Umm...can I help you?"], [524962150910279680, "@PixelGhost25 @OttawaPolice It's designed for media. Now we watch the Hegelian Dialectic operate OPENLY in Canadian news!  Right @PMHarper?"], [524950797885640704, "Mt \"@OttawaPolice: Incidents occurred at National War Memorial, near the Rideau Centre and Parliament Hill this morning. #ottnews\u201d"], [524953689644355585, "\u201c@OttawaPolice: Incidents occurred at National War Memorial, near the Rideau Centre and Parliament Hill this morning. #ottnews\u201d"], [524967943445417985, "@OttawaPolice @RCMP_Nat_Div All the best to our police forces and secuirty personnel as they deal with the tragedy unfolding in Ottawa 2day"], [524961236899725312, "@OttawaPolice Great for the globalists. This WILL lead to talk of a \"North American Union\" in short order. PAY ATTENTION! #AntiSovereignty"], [524962121562734592, "@OttawaPolice anxious to know the reason for their attack."], [524953853251571712, "@OttawaPolice Thats a really condensed area! :("], [524952325878980608, "@OttawaPolice be safe"], [524952404706340864, "@OttawaPolice @jaketapper  Global News reported soldier shot in back 4 times. How cowardly to shoot an unarmed soldier in the back."], [524945884380139520, "@OttawaPolice be safe boys and girls..get the bastards...my thoughts are with all of you...so angry...not in my country..please be safe"], [524948776956751872, "\u201c@OttawaPolice: Incidents occurred at National War Memorial, near the Rideau Centre and Parliament Hill this morning. #ottnews\u201d \ud83d\udc94"], [524945156995170304, "\u201c@OttawaPolice: Incidents occurred at National War Memorial, near the Rideau Centre and Parliament Hill this morning. #ottnews\u201d"], [524963143630741504, "@PixelGhost25 @OttawaPolice DUFUS-You try doing a room by room,potential hostages search in old buildings shooters don't intend to surrender"]], "node_mapping": {"524944569528750080": 0, "524956987550105600": 1, "524962390707019776": 2, "524950180651884546": 3, "524968216255553537": 4, "524962150910279680": 5, "524950797885640704": 6, "524953689644355585": 7, "524967943445417985": 8, "524961236899725312": 9, "524962121562734592": 10, "524953853251571712": 11, "524952325878980608": 12, "524952404706340864": 13, "524945884380139520": 14, "524948776956751872": 15, "524945156995170304": 16, "524963143630741504": 17}, "edges": [[0, 16], [0, 14], [0, 15], [0, 3], [0, 6], [0, 12], [0, 13], [0, 7], [0, 11], [0, 1], [0, 9], [0, 10], [0, 8], [13, 2], [11, 5], [11, 17], [17, 4]]}