{"thread_id": "524969201102901248", "text_thread": [[524969201102901248, "MPs credit sergeant-at-arms for saving lives in Parliament Hill shootings\nhttp://t.co/3NfiSwTwPt http://t.co/V5tIbCQgj9"], [524983303599054850, "@CP24 that gaze alone will make most people wet their pants #donoteffwithourguys"], [524971262071033857, "@CP24 thank God for that hero"], [524976794198638592, "@CP24 need more men like this"], [524990593895002112, "@CP24 Its time for Canada to start making new Laws .In a world of so much evil ! Be careful of who coming in to Canada !!"], [524976232266731520, "@CP24 he's a hero!"], [524975741306298368, "@CP24 good guy with a gun stops bad guy with a gun...."], [524972839078985728, "@CP24 I Guess that mace isnt for show"], [524979444881313792, "@CP24 he is a good man. He has worked to keep the place open."], [524986956409614336, "@CP24 @marstu67 He looks tough and square-edged. Could we get this guy to hold classes for our Secret Service?"], [524971066943602688, "#BAMF #hero \"@CP24: MPs credit sergeant-at-arms for saving lives in Parliament Hill shootings\nhttp://t.co/g6NinaNjdv http://t.co/xIQjRmmReO\u201d"], [524971630678642688, "@CP24 Thanks Sergeant!"], [524970440285249536, "Incredible day for S-A-A. Between a lot of bland days. \"@CP24: MPs credit sergeant-at-arms for saving lives in Parliament Hill shootings."], [524989506509103105, "@CP24 Canada is telling the World that we are up to the task of defending !"], [524971350881218560, "\u201c@CP24: MPs credit sergeant-at-arms for saving lives in Parliament Hill shootings\nhttp://t.co/h6XhSZUj5g http://t.co/bp6k6Ebedb\u201d #Hero"], [524970364771000320, "#HERO - \u201c@CP24: MPs credit sergeant-at-arms for saving lives in Parliament Hill shootings\nhttp://t.co/Mye8U2wN4p http://t.co/GXSVm0zI75\u201d"], [524975896432611328, "\"MPs credit sergeant-at-arms for saving lives in Parliament Hill shootings GREAT JOB!!\nhttp://t.co/PMjdeHQ1U7 http://t.co/8SsWo2SVtX\u201d @CP24"], [524986499411226624, "\u201c@CP24: MPs credit sergeant-at-arms for saving lives in Parliament Hill shootings\nhttp://t.co/LfR4kFpkrD http://t.co/HdRmNxigi7\u201d"]], "node_mapping": {"524969201102901248": 0, "524983303599054850": 1, "524971262071033857": 2, "524976794198638592": 3, "524990593895002112": 4, "524976232266731520": 5, "524975741306298368": 6, "524972839078985728": 7, "524979444881313792": 8, "524986956409614336": 9, "524971066943602688": 10, "524971630678642688": 11, "524970440285249536": 12, "524989506509103105": 13, "524971350881218560": 14, "524970364771000320": 15, "524975896432611328": 16, "524986499411226624": 17}, "edges": [[0, 15], [0, 12], [0, 10], [0, 2], [0, 14], [0, 11], [0, 7], [0, 6], [0, 16], [0, 5], [0, 3], [0, 8], [0, 1], [0, 17], [0, 9], [0, 13], [0, 4]]}