{"thread_id": "524935791794221057", "text_thread": [[524935791794221057, "#OTTAWA SHOOTING: Police claim multiple suspects at large, ask people to avoid Paraliment area http://t.co/Zp9AKplH9p http://t.co/b3yQV4ewOs"], [524937006489825280, "@RT_com chickens coming home to roost?"], [524937098445746176, "@nakedshortkilla @RT_com #Reminder :) http://t.co/nfzlloc7vN"], [524986311422525440, "@RT_com @EnaLolena it's over already."], [524939112814358529, "@DashaTurkey @nakedshortkilla @RT_com iknow that because he is mason man and they who created the terrorist in the world like mafia isis!!!!"], [524936161412644865, "Good god \"@RT_com #OTTAWA SHOOTING: Police claim multiple suspects at large, ask people to avoid Paraliment area http://t.co/mNbMsZr8Zy\""], [524937591934578689, "@RT_com IS IT CANADA'S 26/11 MUMBAI?"], [524936228387700736, "@RT_com @DashaTurkey Avoid #Parliament Area So #WhiteHats Can Make Arrests"], [524943251972038656, "@RT_com @ClarkKentwars these dirty stupid cops trip over their own Dick and step on their busums"], [524942257636769792, "@RT_com @sharonePack pray for Parliament Hill"], [524987056183709696, "@RT_com \n\nCIA Propaganda in blood to scare nationsto justfy invading Syria.The thugs who carried the attack r the CIA Terror operative"], [524937781492350976, "@DashaTurkey @RT_com #ArrestNaziyahu"]], "node_mapping": {"524935791794221057": 0, "524937006489825280": 1, "524937098445746176": 2, "524986311422525440": 3, "524939112814358529": 4, "524936161412644865": 5, "524937591934578689": 6, "524936228387700736": 7, "524943251972038656": 8, "524942257636769792": 9, "524987056183709696": 10, "524937781492350976": 11}, "edges": [[0, 5], [0, 7], [0, 1], [0, 6], [0, 9], [0, 8], [0, 3], [0, 10], [7, 2], [2, 11], [2, 4]]}