{"thread_id": "524947424482435073", "text_thread": [[524947424482435073, "#BREAKING: Shooter is dead, according to sources on Parliament Hill"], [524963030199988225, "@nochillmariam fuck. I told my teacher that and he almost let us out. He's a dumbass"], [524949698667626496, "@TarrahHarvey @CTVNews there is more than one"], [524949072520957952, "@CTVNews good! Don't let these bastards live long enough to wate taxpayer money in courts and jails."], [524951540378116097, "@CTVNews @alixwala There is more than one shooter, not over yet."], [524947933515743232, "@CTVNews which one?"], [524962899526430720, "@HibaqJaamac there's more than one"], [524975523760713729, "RT\u201c@CTVNews: #BREAKING: Shooter is dead, according to sources on Parliament Hill\u201d #PrayForOttawa #ppsmnight"], [524975332701794304, "Jimmy Pardo nooooooooooo\n\n\u201c@CTVNews: #BREAKING: Shooter is dead, according to sources on Parliament Hill\u201d"], [524951118770491392, "\u201c@CTVNews: #BREAKING: Shooter is dead, according to sources on Parliament Hill\u201d one of two?"], [524947600920043520, "@CTVNews @CTVKitchener multiple shooters...."], [524947530274992128, "\u201c@CTVNews: #BREAKING: Shooter is dead, according to sources on Parliament Hill\u201d UNCONFIRMED by police."], [524947897373048834, "\u201c@CTVNews: #BREAKING: Shooter is dead, according to sources on Parliament Hill\u201d is it confirmed?"], [524963853315358720, "@nochillmariam @HibaqJaamac there's 3 different shooters, but 1 is dead"], [524962667321384960, "\u201c@CTVNews: #BREAKING: Shooter is dead, according to sources on Parliament Hill\u201d Can we leave now?"], [524949397344645120, "@CTVNews one is. Other still on the loose"], [524951060964999168, "@CTVNews  but they are saying there are 2 more"], [524961301580496896, "@CTVNews @adamadonaldson good."], [524948022497538048, "@CTVNews @CTVCalgary - Multiple gunmen - no??? So \"Shooter is dead\" is misleading to say the least..."]], "node_mapping": {"524947424482435073": 0, "524963030199988225": 1, "524949698667626496": 2, "524949072520957952": 3, "524951540378116097": 4, "524947933515743232": 5, "524962899526430720": 6, "524975523760713729": 7, "524975332701794304": 8, "524951118770491392": 9, "524947600920043520": 10, "524947530274992128": 11, "524947897373048834": 12, "524963853315358720": 13, "524962667321384960": 14, "524949397344645120": 15, "524951060964999168": 16, "524961301580496896": 17, "524948022497538048": 18}, "edges": [[0, 11], [0, 10], [0, 12], [0, 5], [0, 18], [0, 3], [0, 15], [0, 16], [0, 9], [0, 4], [0, 17], [0, 14], [0, 8], [0, 7], [14, 6], [6, 1], [6, 13]]}