{"thread_id": "524951893467234304", "text_thread": [[524951893467234304, "CXN: 1 gunman shot dead in Parliament Hill attack, soldier shot in Ottawa http://t.co/pp6hcfWcRw No report soldier dead. #OttawaShooting"], [524953301880938498, "\u201c@CBCNews: 1 gunman shot dead in Parliament Hill attack, soldier shot in Ottawa http://t.co/48k8mtpWRB No report soldier dead. @nytimes"], [524956831102537729, "OMG! @CBCNews @tbeaudrymellor CXN: 1 gunman shot dead in Parliament Hill attack, soldier shot Ottawa  http://t.co/rkzy5NRHq5 #OttawaShooting"], [524957801727008768, "@CBCNews European news reporting soldiers gun was not loaded?"], [524952124082229248, "@CBCNews ctv reporting he's alive"], [524953064214913024, "@CBCNews horrible... all the best to the injured soldier!"], [524952694427881472, "@CBCNews stop showing clip of the CPR for the solider at the War Memorial on the online feed. Not necessary, old, move on."]], "node_mapping": {"524951893467234304": 0, "524953301880938498": 1, "524956831102537729": 2, "524957801727008768": 3, "524952124082229248": 4, "524953064214913024": 5, "524952694427881472": 6}, "edges": [[0, 4], [0, 6], [0, 5], [0, 1], [0, 2], [0, 3]]}