{"thread_id": "524943504192311296", "text_thread": [[524943504192311296, "All Ottawa police stations are closed. University of Ottawa in lockdown. Campus closed."], [524950243864244224, "\u201c@ClaudiaCTV: All Ottawa police stations are closed. University of Ottawa in lockdown. Campus closed.\u201d #OHSTF"], [524946192342720512, "@ClaudiaCTV @ctvottawa classrooms are but buildings aren't?"], [524949556304551937, "\u201c@ClaudiaCTV: All Ottawa police stations are closed. University of Ottawa in lockdown. Campus closed.\u201d"]], "node_mapping": {"524943504192311296": 0, "524950243864244224": 1, "524946192342720512": 2, "524949556304551937": 3}, "edges": [[0, 2], [0, 3], [0, 1]]}