{"thread_id": "524933380929245184", "text_thread": [[524933380929245184, "DEVELOPING story: Shots fired on Parliament Hill, soldier shot at War Memorial http://t.co/5fZ7wO6Gm4 #Ottawa http://t.co/Jb1pi3IysA"], [524938325493166080, "@CTVNews @TSNBobMcKenzie one of those days where I wish there was a dislike button."], [524933921788923905, "@CTVNews give me a  break Parlement Hill is NOT protected at all, stop the lies lol White House is GARDED and so should be PARLEMENT Hill !"], [524946983757557760, "@RyanRente @CTVNews yaand made it just passed front door and was caught lol these guys shot30 times and are STILLat large henseNOT GUARDED !"], [524935422045327360, "@CTVNews @MissVioletVega and let the fear mongering BEGIN!!"], [524939464385495040, "\u201c@CTVNews: DEVELOPING story: Shots fired on Parliament Hill, soldier shotWar Memorial http://t.co/gyqtRC6fZ4 #Ottawa #WTF"], [524935881925603328, "@CTVNews @CortneywithnoU What possesses people to do this sh\u2026?"], [524937409344307201, "@CTVNews @CTVCalgary #praying"], [524941477341036546, "\u201c@CTVNews: Shots fired on Parliament Hill, soldier shot at War Memorial http://t.co/AKDrKpNHCF #Ottawa http://t.co/2JjaFsYeYq\u201d goodluck"], [524945893867659264, "\u201c@CTVNews: DEVELOPING story: Shots fired on Parliament Hill, soldier shot at War Memorial http://t.co/sPgr6sVIMZ\" What is wrong with people"], [524961798290960386, "@stephiloo @CTVNews no one WANTS guards lol however they way the world is now and only to get worse, WE NEED THEM!!!! unfortunately!!!!"], [524934308700893184, "@CTVNews And people have a problem with Canada being involved with air strikes against ISIS. Ridiculous!!!!"], [524937077624803330, "@cdnmickeyfan @CTVNews Not anymore."], [524934572497436672, "\u201c@CTVNews: DEVELOPING story: Shots fired on Parliament Hill, soldier shot  http://t.co/3oNT7zB1OT #Ottawa http://t.co/VDKVy8Do0J\u201d holy crap"], [524956407511400448, "@mercedes8118 @CTVNews the U.S. has terrible gun laws &amp; even worse healthcare/support for the mentally ill. I'd rather not REQUIRE guards."], [524934579908784128, "@CTVNews WHY ARE U NOT CARRYING LIVE ON CFTO TORONTO!!????"], [524948213028388865, "@liteyourlife @CTVNews @CortneywithnoU Islam"], [524934355383500800, "RT \u201c@CTVNews: Shots fired on Parliament Hill, soldier shot at War Memorial http://t.co/FpeMzJjqvU #Ottawa http://t.co/MwNve4PZi0\u201d"], [524966820785430529, "@stephiloo @CTVNews lol I agree \ud83d\ude0a\ud83d\udc4d however with ALL that is happining that our Country as well as Theirs is involved with, WE NEED GUARDS!"], [524964298733666304, "@mercedes8118 @CTVNews White House needs them more though. Im proud to be from a country that doesn't discuss weapons in the national anthem"], [524937725661962240, "@mercedes8118 @CTVNews garded?"], [524948156132655105, "@GodlessDino @CTVNews @MissVioletVega how is this fear mongering if it's actually happening you nitwit?"], [524939840375521280, "@AmeetRules @CTVNews ya auto correct lol regardless you can't just walk into the White House should be same way here Period!"], [524943091820945408, "@mercedes8118 @CTVNews Some guy walked into the white house a few weeks ago"]], "node_mapping": {"524933380929245184": 0, "524938325493166080": 1, "524933921788923905": 2, "524946983757557760": 3, "524935422045327360": 4, "524939464385495040": 5, "524935881925603328": 6, "524937409344307201": 7, "524941477341036546": 8, "524945893867659264": 9, "524961798290960386": 10, "524934308700893184": 11, "524937077624803330": 12, "524934572497436672": 13, "524956407511400448": 14, "524934579908784128": 15, "524948213028388865": 16, "524934355383500800": 17, "524966820785430529": 18, "524964298733666304": 19, "524937725661962240": 20, "524948156132655105": 21, "524939840375521280": 22, "524943091820945408": 23}, "edges": [[0, 2], [0, 11], [0, 17], [0, 13], [0, 15], [0, 4], [0, 6], [0, 7], [0, 1], [0, 5], [0, 8], [0, 9], [2, 20], [2, 23], [2, 14], [20, 22], [23, 3], [14, 10], [10, 19], [19, 18], [11, 12], [4, 21], [6, 16]]}