{"thread_id": "524977651476623360", "text_thread": [[524977651476623360, "Soldier shot at War Memorial in Ottawa has died. Live coverage: http://t.co/pQpji0hgFI"], [524978929497800704, "So sad... Prayers go to family \u201c@globeandmail: Soldier shot at War Memorial in Ottawa has died. Live coverage: http://t.co/V7Mm2M1hVS\u201d"], [524977902564429824, "\u201c@globeandmail: Soldier shot at War Memorial in Ottawa has died. Live coverage: http://t.co/foJ2IQwYtq\u201d RIP to this soldier \ud83d\ude1e #PrayForOttawa"], [524981730600439810, "@globeandmail Very very sad news  it should not be repeated."], [524978572415729664, "\u201c@globeandmail: Soldier shot at War Memorial in Ottawa has died. Live coverage: http://t.co/WrG9pXyNZE\u201d may he RIP :( So sad and tragic!"], [524980660134772736, "\u201c@globeandmail: Soldier shot at War Memorial in Ottawa has died. Live coverage: http://t.co/UyIdLIVbpD\u201d sad, RIP"], [524978894555062273, "Very sad news \u201c@globeandmail: Soldier shot at War Memorial in Ottawa has died. Live coverage: http://t.co/PIRb5EQGvj\u201d"], [525003885224534017, "@globeandmail"], [524979214534336513, "This is so terribly upsetting. @globeandmail: Soldier shot at War Memorial in Ottawa has died."], [524978566090743808, "In thoughts with his family \u201c@globeandmail: Soldier shot at War Memorial in Ottawa has died. Live coverage: http://t.co/RriQpuu0Ry\u201d"], [524981213279182852, "@globeandmail Our Condolences to our neighbors and ally to the North."], [524978715512823810, "\u201c@globeandmail: Soldier shot at War Memorial in Ottawa has died. Live coverage: http://t.co/p3ZbKh6XkQ\u201d oh man the worst outcome"], [524978497077661697, "@globeandmail wow sad to hear that.is this terrorism?"], [524979068148920321, "@globeandmail Do you not have the respect to say \"rest in peace\" before you use the term LIVE COVERAGE? Not very professional"], [524978115081433088, "Sad News from #parlimenthill our thoughts r w you, stay strong #Ottawa @globeandmail"], [524978125449744385, "\u201c@globeandmail: Soldier shot at War Memorial in Ottawa has died. Live coverage: http://t.co/cEfczxspVr\u201d my my condolences to his family"]], "node_mapping": {"524977651476623360": 0, "524978929497800704": 1, "524977902564429824": 2, "524981730600439810": 3, "524978572415729664": 4, "524980660134772736": 5, "524978894555062273": 6, "525003885224534017": 7, "524979214534336513": 8, "524978566090743808": 9, "524981213279182852": 10, "524978715512823810": 11, "524978497077661697": 12, "524979068148920321": 13, "524978115081433088": 14, "524978125449744385": 15}, "edges": [[0, 2], [0, 14], [0, 15], [0, 12], [0, 9], [0, 4], [0, 11], [0, 6], [0, 1], [0, 13], [0, 8], [0, 5], [0, 10], [0, 3], [0, 7]]}