{"thread_id": "524925215235911680", "text_thread": [[524925215235911680, "#BREAKING news: Shots fired at Parliament Hill. Follow developing story: http://t.co/gPg9nujRvk http://t.co/H0Hw24j5ma"], [524933596113801218, "@globeandmail"], [524927455715663872, "@globeandmail @ggreenwald I'm taking bets on how quick #ISIS or #Syria will be blamed. After all #Syria is where the US want to bomb next."], [524935939077206016, "@globeandmail @ggreenwald looks like American values are heading north"], [524928075981918209, "@globeandmail trying to but got this - shameful behaviour http://t.co/BsGTnvDyhc"], [524934180548124672, "@globeandmail Stay safe police and soldiers protecting us all! @rcmpgrcpolice @OttawaPolice"], [524935683908333569, "@globeandmail"], [524929949258768384, "#BreakingNews RT \u201c@globeandmail: Shots fired at Parliament Hill. Follow developing story: http://t.co/odhUy8kXPZ http://t.co/pGcQ8KBZKm\u201d"], [524941120636469248, "@globeandmail Probably another \"false flag\" on the Canadian side!"], [524937817924067328, "@globeandmail"], [524926300990214144, "Yikes rt:@globeandmail : #BREAKING news: Shots fired at Parliament Hill. http://t.co/1wfX85AkBj http://t.co/52jzBjj1lA"], [524925724499935232, "RT @globeandmail: #BREAKING news: Shots fired at Parliament Hill. Follow developing story: http://t.co/izPAUV0qd4 http://t.co/rM0ext7FAF"], [524928329468870657, "Sending thoughts and prayers. \"@globeandmail: #BREAKING: Shots fired at Parliament Hill. http://t.co/hvTLvS7PF3 http://t.co/0qSanyC0vx\u201d"], [524925756087214082, "@globeandmail"], [524940919494426624, "Canada: \u201c@globeandmail: BREAKING: Shots fired at Parliament Hill. Follow developing story: http://t.co/lJrDWxgxQz http://t.co/zUEKo0sT5T\u201d"], [524937442655477761, "@globeandmail #Islamic_State\nMessage from Mujahid\nhttp://t.co/dSOluMUy6d"], [524931144476028928, "\u201c@globeandmail: #BREAKING news: Shots fired at Parliament Hill. Follow developing story: http://t.co/0xTrHyIlG6 http://t.co/1P0LA8mxfM\u201d"], [524926377481736192, "@globeandmail @JennReed4 ! be careful!"], [524926127174078464, "\u201c@globeandmail: #BREAKING news: Shots fired at Parliament Hill. http://t.co/Gtg62UeZ3b http://t.co/pOLTF1F0t1\u201d @Tark31"]], "node_mapping": {"524925215235911680": 0, "524933596113801218": 1, "524927455715663872": 2, "524935939077206016": 3, "524928075981918209": 4, "524934180548124672": 5, "524935683908333569": 6, "524929949258768384": 7, "524941120636469248": 8, "524937817924067328": 9, "524926300990214144": 10, "524925724499935232": 11, "524928329468870657": 12, "524925756087214082": 13, "524940919494426624": 14, "524937442655477761": 15, "524931144476028928": 16, "524926377481736192": 17, "524926127174078464": 18}, "edges": [[0, 11], [0, 13], [0, 18], [0, 10], [0, 17], [0, 2], [0, 4], [0, 12], [0, 7], [0, 16], [0, 1], [0, 5], [0, 6], [0, 3], [0, 15], [0, 9], [0, 14], [0, 8]]}