{"thread_id": "524991844292521984", "text_thread": [[524991844292521984, "Ottawa Police won't say if there are still suspects at large; say it is still an active operation - live video http://t.co/aF9HyT9BgX"], [524994948303962112, "Won't say - or don't know, so can't say? @BreakingNews"], [524993555925053440, "@BreakingNews @TheoFleury14 Then why is the Rideau Center re-opened which is kitty corner 2 the Chateau Laurier where the Leafs are holed up"], [524992400218128384, "@breakingnews that's SMART, and the right move, no matter who it upsets."], [525022312668483584, "@BreakingNews very sad about the military person being dead. Let's say a prayer for him and his family."], [524995745414258688, "@BreakingNews coming from the guys who shot a lone guy on a bus with a knife, for laughing at them.what do you call a dudley dooright = PIG"], [524994240053792770, "@BreakingNews  What about the rest of Ottawa, nowhere near the event, we have families to go home to."], [525003750013169666, "@BreakingNews more violence from Islam"], [524995834799083520, "@BreakingNews ::: ((( O people! Say \"No God But Allah\" To Obtain Salvation )))\n\nTHE MEANING OF LIFE \"SPOKEN WORD\"\n\nhttps://t.co/YBaU294GFx\n:"], [524992583081021440, "@BreakingNews ~ One gunman was still inside the Parl bldg - TV news chnl. said half an hour ago."], [524993802948583424, "@BreakingNews @TheoFleury14 4 those who do not know the Chateau Laurier is right next door 2 Parliament and across street from War Memorial"], [525001921334378497, "@BreakingNews @nangyigorgeous Multiple shooting incidents near Canada parliament, thanks for the tweet"]], "node_mapping": {"524991844292521984": 0, "524994948303962112": 1, "524993555925053440": 2, "524992400218128384": 3, "525022312668483584": 4, "524995745414258688": 5, "524994240053792770": 6, "525003750013169666": 7, "524995834799083520": 8, "524992583081021440": 9, "524993802948583424": 10, "525001921334378497": 11}, "edges": [[0, 3], [0, 9], [0, 2], [0, 6], [0, 1], [0, 5], [0, 8], [0, 11], [0, 7], [0, 4], [2, 10]]}