{"thread_id": "524952995034042368", "text_thread": [[524952995034042368, "CLARIFICATION | The shooting was near the Rideau Centre, police say. Not inside it. #cbcOTT #OTTnews"], [524958507519729664, "@saraAxxoo I'm on the Ottawa u campus in lockdown!"], [524955065883557889, "[correction] RT @CBCOttawa: CLARIFICATION | The shooting was near the Rideau Centre, police say. Not inside it. #cbcOTT #OTTnews"], [524954623850053632, "@CBCOttawa @curryb  https://t.co/DrmhQ5Nf6i"], [524953614423695360, "@CBCOttawa @CBCNews Naive Canadians are what is really scary."], [524964623884513280, "@CBCOttawa @mouthnoize there is crime in canada?"], [524955727992213507, "\u201c@CBCOttawa: CLARIFICATION | The shooting was near the Rideau Centre, police say. Not inside it. #cbcOTT #OTTnews\u201d"], [524956295003385856, "@kristabaumgart I hope you're not still near there!!!!!"], [524955474148737025, "@CBCOttawa can u please take the film of our soldier being given first aid off the air.  Ur disgusting. The family may not even been told"], [524953099564486657, "@CBCOttawa @BeccaBabe_"], [524954851663675392, "@CBCOttawa @CBCNews tell your radio reporters to correct their report because they're reporting the shooting was inside"], [524954182856753152, "\u201c@CBCOttawa: CLARIFICATION | The shooting was near the Rideau Centre, police say. Not inside it. #cbcOTT #OTTnews\u201d. THEY SENT US OUTSIDE"], [524953208712867840, "@CameronRooney1 @CBCOttawa was anyone hurt?"]], "node_mapping": {"524952995034042368": 0, "524958507519729664": 1, "524955065883557889": 2, "524954623850053632": 3, "524953614423695360": 4, "524964623884513280": 5, "524955727992213507": 6, "524956295003385856": 7, "524955474148737025": 8, "524953099564486657": 9, "524954851663675392": 10, "524954182856753152": 11, "524953208712867840": 12}, "edges": [[0, 9], [0, 4], [0, 11], [0, 3], [0, 10], [0, 2], [0, 8], [0, 6], [0, 5], [9, 12], [11, 7], [7, 1]]}