{"thread_id": "524934381828603904", "text_thread": [[524934381828603904, "Canadian media: Gunman shot soldier at war memorial. http://t.co/zNhxK6wBoy"], [524934633176059904, "@cnnbrk So Canada's strict gun control policies have failed again"], [524935525661425664, "OMG!!! I don't think of this kind of thing in Canada. RT @cnnbrk Canadian media: Gunman shot soldier at war memorial. http://t.co/FOhdzj2rof"], [524934948122558464, "@CutGovtSpending @cnnbrk oh puhleeez  one gun death for every couple of thousands in the us - and probably terrorist"], [524935687339274240, "\u201c@cnnbrk: Canadian media: Gunman shot soldier at war memorial. http://t.co/U1k0RqJuv0\u201d what"], [524963857572593664, "@schwaid @CutGovtSpending @cnnbrk exactly. Safer there than here in the States by far."], [524935663427543040, "@cnnbrk and so it begins ISIS invades Our Peaceful country starting with the ones we let in"], [524945476559183872, "\u30ab\u30ca\u30c0\u306e\u30aa\u30bf\u30ef\u306e\u8b70\u4f1a\u5468\u8fba\u3001\u6226\u4e89\u8ffd\u60bc\u65bd\u8a2d\u3067\u9283\u6483\u3001\u5175\u58eb1\u4eba\u8ca0\u50b7\u3002@cnnbrk Canadian media: Gunman shot soldier at war memorial. http://t.co/fJ39PwvEtr"], [524934810695774208, "Non terrorism by definition @cnnbrk: Canadian media: Gunman shot soldier at war memorial. http://t.co/L5km1a7ui9\u201d"], [524964132433698817, "@ericabecks @cnnbrk do you really think that it's possible to stop everyone?"]], "node_mapping": {"524934381828603904": 0, "524934633176059904": 1, "524935525661425664": 2, "524934948122558464": 3, "524935687339274240": 4, "524963857572593664": 5, "524935663427543040": 6, "524945476559183872": 7, "524934810695774208": 8, "524964132433698817": 9}, "edges": [[0, 1], [0, 8], [0, 2], [0, 6], [0, 4], [0, 7], [1, 3], [3, 5], [6, 9]]}