{"thread_id": "524941727753568257", "text_thread": [[524941727753568257, "We r being told it's still not safe outside downtown. Shooter on the loose. University of Ottawa shut down."], [524944469959770112, "@jenditchburn @BabujiHDL Jihad has come to Canada, I reckon."], [524961523471761408, "@jenditchburn do stay safe...."], [524948832669278208, "@jenditchburn @SCalaisS I'm so sorry to hear this violence has reached Canada. I wish you all safety."], [524948978908266496, "@jenditchburn Hi Jennifer - could you follow me so I can message you? thanks so much"], [524941859471495168, "@jenditchburn i am hearing cell phone service is shut down"], [524946909773852672, "@jenditchburn kindly followback wanna ask u something(private) through DM please"], [524942907556786176, "@jenditchburn @CdnPress scary! My thoughts and prayers are with you!"], [524942450868387840, "@jenditchburn @CdnPress today's events should not break our resolve"], [524943456050106368, "@jenditchburn Welcome to The American Century"], [524949899222077441, "@jenditchburn Hope people of Ottawa are safe\nLets not shield terrorism &amp; d religion that perpetrates it just 4 sake of political correctness"]], "node_mapping": {"524941727753568257": 0, "524944469959770112": 1, "524961523471761408": 2, "524948832669278208": 3, "524948978908266496": 4, "524941859471495168": 5, "524946909773852672": 6, "524942907556786176": 7, "524942450868387840": 8, "524943456050106368": 9, "524949899222077441": 10}, "edges": [[0, 5], [0, 8], [0, 7], [0, 9], [0, 1], [0, 6], [0, 3], [0, 4], [0, 10], [0, 2]]}