{"thread_id": "524974779540197376", "text_thread": [[524974779540197376, "White House says US ready to offer Canada any necessary assistance after shootings in #Ottawa. #BarackObama to speak with PM Harper today."], [524975943983837184, "@CBCAlerts thank god!! \ud83d\udc4c\ud83d\udc4c"], [524976454392500224, "@CBCAlerts  Didn't take long for Obama to stick his big snout into this.  Help?? They don't even know how to lock the White House doors."], [524975083278696448, "@CBCAlerts uh oh when you get both it's not good.."], [524977052458696704, "\u201c@CBCAlerts: White House says US ready to offer Canada any necessary assistance after shootings in #Ottawa.\"\n\n#NoThanks #NSA #TSA #CIA"], [524976896476344320, "@CBCAlerts Yep...First of all...lets call it 'workspace accident'... @jihadwartracker"], [524977404779827201, "@InDobbyWeTrust obama can't look after his own wh when attack cause he's off golfing an does nothin .. but when harper gts his obama is"], [524975183405535232, "@CBCAlerts I think we are all wondering if ISIS is behind these shootings."], [524998034527363072, "@SeanHChin @CBCAlerts amen! Now canada is a target for isis"], [524975819190325249, "@CBCAlerts #neighbourlyhelp"], [524980064208039936, "@usurytiger @CBCAlerts The canadians aren't giant cunts like our leaders."], [524974947643711488, "@CBCAlerts good"], [524977343795044352, "@CBCAlerts \n\"we don't need your war machines\nwe don't need your ghetto scenes.\""], [524977038474903552, "Obama's dope \u201c@CBCAlerts: White House says US ready to offer Canada any necessary assistance after shootings in #Ottawa.\u201d"], [524988503675764736, "@jihadwartracker I hope so. @CBCAlerts"], [524975320345374720, "@CBCAlerts thanks america!"], [524977344143192064, "@COCAPTEA  Go fuck yourself."], [524975347536633856, "@CBCAlerts funny when obama get his wh attack he does nothin but when harper gets his attack obama is there with assistence.."], [524976116688486400, "@CBCAlerts Thanks but no thanks.  Our PM kissed up to you and look where it got us. Stay away from Canada."], [524975550490636289, "@CBCAlerts obama better look after his own before assistening another.."]], "node_mapping": {"524974779540197376": 0, "524975943983837184": 1, "524976454392500224": 2, "524975083278696448": 3, "524977052458696704": 4, "524976896476344320": 5, "524977404779827201": 6, "524975183405535232": 7, "524998034527363072": 8, "524975819190325249": 9, "524980064208039936": 10, "524974947643711488": 11, "524977343795044352": 12, "524977038474903552": 13, "524988503675764736": 14, "524975320345374720": 15, "524977344143192064": 16, "524975347536633856": 17, "524976116688486400": 18, "524975550490636289": 19}, "edges": [[0, 11], [0, 3], [0, 7], [0, 15], [0, 17], [0, 19], [0, 9], [0, 1], [0, 18], [0, 2], [0, 5], [0, 13], [0, 4], [0, 12], [18, 8], [5, 10], [10, 14]]}