{"thread_id": "524952341561491459", "text_thread": [[524952341561491459, "#OTTAWA FOOTAGE: Video captures moment shots fired in Canadian Parliament http://t.co/Zp9AKplH9p http://t.co/CkAO04v5gm"], [524956614319566849, "@ADWAyAM  You are right. Even animals are ashamed of them. Bloody bloodsucking devils"], [524954909448613890, "@RT_com Pretty cool vid but I couldnt help LoL'in at the fat assed police womin waddling along tryin to look useful."], [524954109343178752, "@RT_com what goes around usually comes around, sad though! I blame dumb twit @pmharper !! @georgegalloway"], [524967094409261058, "@RT_com In the U.S. this can't ever happen. Our legislators never show up for work. Too busy being prostitutes for their campaigns to work."], [524955117616103424, "@wortonLOVESGAZA @RT_com Naw it was just that fat assed police womin at the rear farting."], [524959326914752512, "\u201c@RT_com: #OTTAWA FOOTAGE: Video captures moment shots fired in Canadian Parliament http://t.co/GOLXIFkYaE http://t.co/KJS5XwT2Ui\u201d"], [524953311506857984, "@RT_com did a bomb go off!!   violent shaking on the footage"], [524953983387828224, "\"@RT_com: #OTTAWA FOOTAGE: Video captures moment shots fired in Canadian Parliament http://t.co/qArIR1sudS http://t.co/gema5yAbAA\""], [524954620020285441, "@YuddhishthirS @RT_com shame on these guys. CANADA is among top most country where people r peace n fun loving. Get of the land u dirty guys"], [524955496973746177, "@ADWAyAM @RT_com These militants are worse than animals"], [524952827131461632, "\u201c@RT_com: #OTTAWA FOOTAGE: Video captures moment shots fired in Canadian Parliament http://t.co/rQ1Dmykfza http://t.co/dsqAGTzk8N\u201d\n\nCrazy."], [524955819180167169, "@YuddhishthirS @RT_com you are ridiculing animals. Animals are faithful creatures."]], "node_mapping": {"524952341561491459": 0, "524956614319566849": 1, "524954909448613890": 2, "524954109343178752": 3, "524967094409261058": 4, "524955117616103424": 5, "524959326914752512": 6, "524953311506857984": 7, "524953983387828224": 8, "524954620020285441": 9, "524955496973746177": 10, "524952827131461632": 11, "524955819180167169": 12}, "edges": [[0, 11], [0, 7], [0, 8], [0, 3], [0, 2], [0, 6], [0, 4], [7, 5], [8, 9], [9, 10], [10, 12], [12, 1]]}