{"thread_id": "524950887119482882", "text_thread": [[524950887119482882, "Police in pursuit of multiple shooters in Ottawa; PM safe; downtown buildings in lockdown http://t.co/3FCWaFPA4y http://t.co/Si3yY0BRRd"], [524953578293964800, "@globeandmail good Prime Minister Harper is ok"], [524957417407545347, "@globeandmail Scary situation on Parliament Hill in Ottawa."], [524952456393138176, "\u201c@globeandmail: Police in pursuit of multiple shooters in Ottawa; PM safe; downtown buildings in lockdown\u201d WTF!? This is out of control."], [524970215407632385, "@darianhart @globeandmail I apologize I was hacked"], [524996751774982144, "@globeandmail Press conference a non event. People need reassurance and these guys couldn't wait to leave building. No info at all"], [524953141666512896, "Praying for safety in Ottawa today @globeandmail Police in pursuit of multiple shooters in Ottawa; PM safe; http://t.co/7JZOwzunix"], [524955067645165568, "@globeandmail The CNN news thread on Twitter has a bunch of people writing posts in Arabic on it"], [524958441195192325, "@globeandmail \nThis is now personal you sons of bitches! #CANADA is our Country &amp; we can't/won't tolerate this kind of threat! #Ottawa"], [524967354443522048, "@globeandmail @sonofselassie Thank God I can go back to sleep @pmharper is safe: And people say there is no God? Praise Our Fearless Leader!"], [524956157170180096, "Great coverage\n@globeandmail"], [524964611444191232, "@Prokopsteph @globeandmail They're trained for this kind of stuff. Give them time and they'll have them either in handcuffs or a bodybags."], [524967160498896896, "@globeandmail Sorry for your predicament. God Bless Canada and its beautiful citizens."], [524965096720961536, "@biebersrih @globeandmail Aren't you funny? You're heartless and stupid."], [524961090292424704, "@globeandmail @Nisha_Hindu kill the lot of the peace loving religion \ud83d\udc4d"], [524960645528453120, "@globeandmail   How dare they!! I am so angry. Thanks for your coverage."]], "node_mapping": {"524950887119482882": 0, "524953578293964800": 1, "524957417407545347": 2, "524952456393138176": 3, "524970215407632385": 4, "524996751774982144": 5, "524953141666512896": 6, "524955067645165568": 7, "524958441195192325": 8, "524967354443522048": 9, "524956157170180096": 10, "524964611444191232": 11, "524967160498896896": 12, "524965096720961536": 13, "524961090292424704": 14, "524960645528453120": 15}, "edges": [[0, 3], [0, 6], [0, 1], [0, 7], [0, 10], [0, 2], [0, 8], [0, 15], [0, 14], [0, 12], [0, 9], [0, 5], [3, 11]]}