{"thread_id": "524935769614331904", "text_thread": [[524935769614331904, "UPDATE: Reports of gunfire inside the halls of the Canadian Parliament building in #Ottawa: http://t.co/tjycT5YQcv"], [524936508680445953, "@FoxNews How can that be isn't Canada a 'gun free zone' pretty much everywhere?"], [524949010511962112, "@FoxNews spread your fear fox.you GOP member are afraid of your own shadow.must be hell going though life afraid.\nBig pussys"], [524959310678605824, "RT @FoxNews: UPDATE: Reports of gunfire inside the halls of the Canadian Parliament building in #Ottawa: http://t.co/reyfVo9qJ7"], [524935872941395968, "@FoxNews shooter inside was killed. More than 10 shots were fired."], [524936267021045760, "@FoxNews Get the top rated necklaces here!! Check em out here --&gt; http://t.co/AMv5X4cQKn"], [524946354100264961, "@FoxNews #Ottawa A very serious security matter. Whoever is the culprit, should be nabbed quickly. Pl see whether it's a terrorist attack?"], [524943343533715456, "@FoxNews \n\nWhy do we tell the public about underground tunnels and where they lead!?"], [524942313454567424, "@retakethestate could be..."], [524940857741291520, "@rickswift @tahDeetz @FoxNews @ImitationJordan Another attack focused on #Military, inspired by #ISIS directive 2 followers?"], [524938345261318144, "@FoxNews They obviously forgot to read the 'No Guns Allowed' sign"], [524936107532619778, "@FoxNews 30 - 50 shots fired in the Parliament of Canada"], [524935943560888320, "@FoxNews possibility if three shooters."], [524938436344811520, "\u201c@FoxNews: UPDATE: Reports of gunfire inside halls of the Canadian Parliament building in #Ottawa: http://t.co/H2ZckFMY3q\u201d @ImitationJordan"], [524936179855425537, "@FoxNews @Wetaskijen one shooter dead one still on the loose according to police."], [524951478188773376, "@FoxNews spread your fear fox.\nGrow a set."]], "node_mapping": {"524935769614331904": 0, "524936508680445953": 1, "524949010511962112": 2, "524959310678605824": 3, "524935872941395968": 4, "524936267021045760": 5, "524946354100264961": 6, "524943343533715456": 7, "524942313454567424": 8, "524940857741291520": 9, "524938345261318144": 10, "524936107532619778": 11, "524935943560888320": 12, "524938436344811520": 13, "524936179855425537": 14, "524951478188773376": 15}, "edges": [[0, 4], [0, 12], [0, 11], [0, 14], [0, 5], [0, 1], [0, 10], [0, 13], [0, 7], [0, 6], [0, 2], [0, 15], [0, 3], [13, 9], [9, 8]]}