{"thread_id": "524979133366165504", "text_thread": [[524979133366165504, "Tonight's game between Maple Leafs &amp; Senators has been postponed after shootings in Ottawa this morning. \u00bb http://t.co/OXpRxAjwCE"], [524981249668943872, "@marcHall_ @SportsCenter figured I'd tag ya"], [524987417326260226, "@Haydar_runs @SportsCenter every place on the earth is violent"], [524982333058088960, "\u201c@SportsCenter: Tonight's game between Maple Leafs &amp; Senators has been postponed after shootings in Ottawa. \u00bb http://t.co/Cl5uKUKdlo\u201d"], [524981379272957953, "@SportsCenter canada is getting violent \ud83d\ude33"], [524980806071386112, "@SportsCenter Shootings so rare... Hockey Postponed in CANADA?! The states would just detour the traffic! #bemorelikecanada\n@ThatKevinSmith"], [524980225256325120, "@SportsCenter Swift justice for all of the bastards that had anything to do with this senseless killing in Ottawa.  No OJ or Oscar justice!"], [524981168517943296, "@jGrinz @SportsCenter wow now I'm fucking pissed off"], [524979389856223232, "@SportsCenter @marcHall_"], [524979400388149248, "@SportsCenter people actually shoot eachother in Canada? #GodDammitDrake"], [524979246633336832, "@SportsCenter Bruh\ud83d\ude33"]], "node_mapping": {"524979133366165504": 0, "524981249668943872": 1, "524987417326260226": 2, "524982333058088960": 3, "524981379272957953": 4, "524980806071386112": 5, "524980225256325120": 6, "524981168517943296": 7, "524979389856223232": 8, "524979400388149248": 9, "524979246633336832": 10}, "edges": [[0, 10], [0, 8], [0, 9], [0, 6], [0, 5], [0, 4], [0, 3], [8, 7], [7, 1], [4, 2]]}