{"thread_id": "524940659778920448", "text_thread": [[524940659778920448, "Attack on Parliament: Soldier shot; gunman on the loose. Follow our developing story: http://t.co/bo99C9HqJE http://t.co/2FXEYtTl8w"], [524941666411872256, "Soldier shot, shooter still at large MT @globeandmail: Attack on Parliament: Follow our developing story http://t.co/g1FW17t0yP"], [525100398718484481, "@globeandmail Please remove this picture of Cpl Nathan Cirillo. Let's show this hero some dignity and the respect he deserves!!"], [524966301085995008, "\u201c@globeandmail: Attack on Parliament: Soldier shot; gunman on the loose.\u201d Thinking of everyone back home."], [524943514686464000, "\u201c@globeandmail: Attack on Parliament: Soldier shot; gunman on the loose: http://t.co/tIHEot5TXR http://t.co/HqN84tRbcT\u201d"], [524943452786929664, "\u201c@globeandmail: Attack on Parliament: Soldier shot; gunman on the loose. http://t.co/h61LKMHmrK \" Not a good week to be a Can soldier :-("], [524971253388816385, "@globeandmail R.I.P\ud83d\ude4f"]], "node_mapping": {"524940659778920448": 0, "524941666411872256": 1, "525100398718484481": 2, "524966301085995008": 3, "524943514686464000": 4, "524943452786929664": 5, "524971253388816385": 6}, "edges": [[0, 1], [0, 5], [0, 4], [0, 3], [0, 6], [0, 2]]}