{"thread_id": "524970097711267841", "text_thread": [[524970097711267841, "Conservative caucas informed soldier shot at War Memorial in Ottawa this morning has died.  A sad development on a shocking day."], [524970479405510656, "So sad :-( \u201c@cbcJillDempsey: Conservative caucas informed soldier shot at War Memorial in Ottawa this morning has died.\u201d"], [524975735245529088, "@cbcJillDempsey @dangles70 RIP"], [524974794853588992, "@VibezMediaIntl @cbcJillDempsey @CBCNews no info is sadly true"], [524971387598168064, "@cbcJillDempsey @mmdenisrc MP Kenney withdrew his tweet...confusion around..."], [524974489210486785, "@Mabergeron1974 @cbcJillDempsey @mmdenisrc info is sadly true"], [524971361890889728, "@cbcJillDempsey @CBCNews \n\ndid the DND tell you this?"], [524971801827614721, "@cbcJillDempsey @CBCNews It's NOT up to MP's to release any info on anyone shot, let alone a Canadian Soldier. Think of the family!"], [524976180781649921, "@cbcJillDempsey @CBCNews Such sad news - thoughts and prayers to his family, friends, and military family. #dnd #military #hamilton"], [524973387329048576, "@cbcJillDempsey @CBCNews has this been confirmed? Apparently Mr Kenny may be combining the 2 incidents from today and the other day in Qc"], [524970692727808001, "@cbcJillDempsey @CBCNews news doesn't say that ????"], [524971369063522304, "@cbcJillDempsey @CBCNews  so sad :("], [524970609420562432, "@cbcJillDempsey @CBCNews very sad news."], [524970504051249152, "@cbcJillDempsey @CBCNews many thoughts and prayers to his family"], [524970933145325568, "\u201c@cbcJillDempsey: Conservative caucas informed soldier shot at War Memorial in Ottawa has died.  A sad development on a shocking day.\u201d"], [524970464968318976, "@cbcJillDempsey @CBCNews sad"]], "node_mapping": {"524970097711267841": 0, "524970479405510656": 1, "524975735245529088": 2, "524974794853588992": 3, "524971387598168064": 4, "524974489210486785": 5, "524971361890889728": 6, "524971801827614721": 7, "524976180781649921": 8, "524973387329048576": 9, "524970692727808001": 10, "524971369063522304": 11, "524970609420562432": 12, "524970504051249152": 13, "524970933145325568": 14, "524970464968318976": 15}, "edges": [[0, 15], [0, 1], [0, 13], [0, 12], [0, 10], [0, 14], [0, 6], [0, 11], [0, 4], [0, 7], [0, 9], [0, 2], [0, 8], [4, 5], [9, 3]]}