{"thread_id": "524945879455653889", "text_thread": [[524945879455653889, "According to reports, one gunman is dead in #Ottawa Parliament shooting. LIVE coverage: http://t.co/NZrpLq5Coo http://t.co/f6PV2xgRBh"], [524947732927352832, "@FoxNews The perfect story allowing Fox to continue running the 'opinion molding' Fear/Warmongering Domestic Terrorist Propaganda Campaign"], [524948437150625792, "@CaptainStewbing @FoxNews Wow! They are seriously well armed. Good for them, it's a better guarantee that they'll return home safely."], [524948270985281536, "@FoxNews y does it seem all news reports of the shooters iv seen avoid skin color n the description? That might b important to know"], [524951446291480576, "@FoxNews Were the 2 Afghan soldiers trying to flee US via NY early this year trying to join terrorists in Canada?Just a thought. #Ottawa"], [524948958615855106, "@FoxNews @Chris_1791 THIS SHOOTING MAY INVOLVE \"JIHADIST\" POLITICALLY INCORRECT PRESS WILL NOT USE WORDS, BUT POLICE SOURCES SAYS JIHADIST"], [524984151129477120, "@beezee49 @FoxNews BS. Everyone at Fox is far far and away left of this Religious/Traditional/Survivalist Conservative from Military Family"], [524948077069611009, "@FoxNews @Chris_1791 Armed citizens, not hired goons keeps people safe."], [524950187027218432, "\u201c@FoxNews:..one gunman is dead in #Ottawa Parliament shooting..\" #FilthyCanadaUnderSiege #GodIsUrTerrorist #HarborGodEnemies #CanadaNeedsWBC"], [524947187940478976, "@FoxNews wow!!!"], [524964402144239618, "@FoxNews Yeah! Right on!"], [524945998653972480, "@FoxNews portatelo in Italia .....ci serve! :-)"], [524948005276090368, "@GRAMZ_21 @FoxNews that is the police."], [524948679997022208, "@FoxNews @Terral03 &lt;------ Lib in denial, even as it's happening, lol"], [524946717058150400, "@FoxNews Those people look like they're ready to take on a army. Are police useless now or what?"], [524953451013210113, "@FoxNews Bad news, but l like the outfit."], [524967907298910209, "@FoxNews"], [524945963253657600, "@FoxNews The viewers have picked the top  accessories you can get!!! Check it out here --&gt; http://t.co/AMv5X4cQKn"]], "node_mapping": {"524945879455653889": 0, "524947732927352832": 1, "524948437150625792": 2, "524948270985281536": 3, "524951446291480576": 4, "524948958615855106": 5, "524984151129477120": 6, "524948077069611009": 7, "524950187027218432": 8, "524947187940478976": 9, "524964402144239618": 10, "524945998653972480": 11, "524948005276090368": 12, "524948679997022208": 13, "524946717058150400": 14, "524953451013210113": 15, "524967907298910209": 16, "524945963253657600": 17}, "edges": [[0, 17], [0, 11], [0, 14], [0, 9], [0, 1], [0, 7], [0, 3], [0, 13], [0, 5], [0, 8], [0, 4], [0, 15], [0, 10], [0, 16], [14, 12], [12, 2], [13, 6]]}