{"thread_id": "524923293711998976", "text_thread": [[524923293711998976, "At the war memorial in. Ottawa. A soldier has been shot. They are giving him treatment now. #breaking http://t.co/cTmlb1LvgG"], [524924577424879616, "@evansolomoncbc cowardly as as most terrorist acts are"], [524945970065584128, "@Gomba13 @evansolomoncbc @chextv Because soldiers and police are always running towards what we are running away from! That's a hero!"], [524925725317795840, "@evansolomoncbc @chextv This makes me so angry!! Hope he is ok. Who would do this to one of our heroes? #HeroesInRealLife"], [524925998538981376, ".@evansolomoncbc I hope a PC back bencher doesn't mention terrorism. Because that would irresponsible and wrong, right?"], [524923864007331840, "@evansolomoncbc @HuffPostCanada Has the uniform become a bulls-eye?"], [524925584191664128, "@evansolomoncbc call everyone or we are all dead http://t.co/bj9ONV2BJY"], [524935580996894720, "@Kigo_1 @llootsteen39 Um, no. Our soldiers' job is to keep US safe. I respect them, but let's not forget they are the means, not the end."], [524925084163514369, "@llootsteen39 @Beari8it @evansolomoncbc HEY LARRY don't worry about him worry about your KIDS WIFE http://t.co/bj9ONV2BJY"], [524934695520600066, "@WoollardRob @evansolomoncbc @chextv Why is he a hero? His life is worth nothing more than the life of a civilian would be..."], [524926167569022977, "@evansolomoncbc @AmandaWills wasn't there an attack in Quebec earlier this week?"], [524925943597789184, "\u201c@evansolomoncbc: At war memorial in. Ottawa. A soldier has been shot. They are giving him treatment now. #breaking http://t.co/xK1ZI2YvhH\u201d"], [524933988050534400, "@rcs11411 @evansolomoncbc Careful with words you use. Calling him lunatic shields him from legal punishment. He shouldn't get off that easy!"], [524926238243049473, "@evansolomoncbc @CBCNews Unbelievable."], [524926994497024000, "@llootsteen39 this is a form of terrorism-our soldiers should be the safest on our own soil"], [524926749508132864, "2nd in 48h :( #terrorism RT @evansolomoncbc: At the war memorial in Ottawa. A soldier has been shot. #breaking http://t.co/uPbZej7rET"], [524923813931540480, "@evansolomoncbc very  frightening! I hope the soldier is ok and they catch the lunatic who did this"], [524924798993199105, "@evansolomoncbc @nspector4 Are we \"at war\" yet?"], [524926214281383936, "@evansolomoncbc @CBCNews Is this the same gunman being chased through parliament at this hour?"], [524925268553904128, "@evansolomoncbc @CBCNews Please contact CJAD Amanda Kline (514) 207-2173"], [524935076413734913, "@gioman62 @evansolomoncbc @AmandaWills Yes, in Saint-Jean-sur-Richelieu. One RCMP died. Careful, might have nothing to do with terrorism!"], [524923725976965120, "@evansolomoncbc Hopefully the soldier is okay.  Wondering how long before this is also labeled terrorism.  #cdnpoli"], [524923810303057920, "What. The.... \u201c@evansolomoncbc: At the war memorial in. Ottawa. A soldier has been shot. http://t.co/XrdXULsAbc\u201d"], [524923941589364736, "\u201c@evansolomoncbc: At the war memorial in Ottawa. A soldier has been shot. They are giving him treatment #breaking\u201d wow."]], "node_mapping": {"524923293711998976": 0, "524924577424879616": 1, "524945970065584128": 2, "524925725317795840": 3, "524925998538981376": 4, "524923864007331840": 5, "524925584191664128": 6, "524935580996894720": 7, "524925084163514369": 8, "524934695520600066": 9, "524926167569022977": 10, "524925943597789184": 11, "524933988050534400": 12, "524926238243049473": 13, "524926994497024000": 14, "524926749508132864": 15, "524923813931540480": 16, "524924798993199105": 17, "524926214281383936": 18, "524925268553904128": 19, "524935076413734913": 20, "524923725976965120": 21, "524923810303057920": 22, "524923941589364736": 23}, "edges": [[0, 21], [0, 22], [0, 16], [0, 5], [0, 23], [0, 1], [0, 17], [0, 19], [0, 6], [0, 3], [0, 11], [0, 4], [0, 10], [0, 18], [0, 13], [0, 15], [21, 8], [21, 14], [14, 7], [16, 12], [3, 9], [9, 2], [10, 20]]}