{"thread_id": "524961362448240642", "text_thread": [[524961362448240642, "Breaking: Shots were fired at three separate locations in Ottawa, say Ottawa police  http://t.co/64ryfqadX1"], [524961822995013632, "@WSJ I THINK POWER STRUGGLE,BETWEEN GENERALS/ARMY SOLDIERS,GET ANGRY QUICK"], [524973024207179776, "@WSJ #Absent2032 is a story about a global pandemic, mandatory vaccines,1st Grade at Freedom Elementary http://t.co/2Nrl9PouCo"], [524966271528357888, "@WSJ question Drake !?!"]], "node_mapping": {"524961362448240642": 0, "524961822995013632": 1, "524973024207179776": 2, "524966271528357888": 3}, "edges": [[0, 1], [0, 3], [0, 2]]}