{"thread_id": "524922729485848576", "text_thread": [[524922729485848576, "Only photo I will tweet. CPR being performed on the soldier now. I heard four shots. #ottawa http://t.co/cqdw1yx8AI"], [524923432933552128, "@Henderburn thank you for posting. It may just be hard to tell in the picture but bystanders look quite calm considering gunfire in area."], [525020495759282176, "@DriesBrent @tdgecas @Henderburn You have a phone! Did you call for help? Nope. I took pics to sell and tweeted that I'm on CNN and ABC."], [524935781643980800, "@cholmes96 I was there before the police were"], [524935505755254786, "@Henderburn why are there no police ??"], [525000276894572546, "@BigDilbertFan Call 911? Signal for help? Keep an eye out for the rescuers? Simply ask the people if there's anything he can do?"], [525017113618956290, "@Henderburn I have no issue with warning people whatsoever. But to take a photo, please!"], [524938364743876608, "@tdgecas Fuck you idiot"], [524938903762268160, "@Henderburn stay safe. Hope you're never in the same situation."], [525023805572648960, "@Henderburn my main issue was the picture. Heard your reporting on cnn thought you did a good job. Continue to be safe."], [525000734992248832, "@BigDilbertFan we won't agree on this and that's okay. If you're in Ottawa stay safe."], [524924489058889728, "@Henderburn @sherrilynne Who the hell would shoot a protector of our freedoms, not a Canadian I hope !"], [524996775049191424, "@tdgecas @Henderburn \"professional, adjective: engaged in a specified activity as one's main paid occupation rather than as a pastime\""], [525018964364382209, "@DriesBrent the photo does not show the soldier. It shows the response. Brave bystanders trying to save him"], [524943557657133056, "@skobos Yeah, sure. Please credit me though."], [524940813089144833, "@Henderburn @nomedeplume84 ...seriously?! You're trying to profit from this? Think about it..."], [525003648104161281, "@tdgecas You don't have any evidence that he didn't do any of these things in addition to taking a picture, but you accuse away."], [524929863333842944, "@Henderburn Hi Peter, this is Marta, reporter from Demotix. Did you take the photo? Would be ok for us to use? Can you send it? thanks"], [524935834941001728, "@Henderburn so.. Instead of helping you took a picture for profit?"], [524996902832852992, "@tdgecas @Henderburn so yeah, expecting to get paid for doing his job seems pretty professional to me"], [524941702046707712, "@Henderburn I'm a Photo Editor @ ABC- Would you be willing to share this with all ABC News platforms and with partners if we credit?"], [525016388457738241, "@DriesBrent do you think I shouldn't have used social media to warn people? What should I have done?"], [524964692423630849, "@tdgecas @Henderburn well said @tdgecas"], [524935320786456578, "@nomedeplume84 I would like to be paid for it, on account of being a journalist."], [524927409100193792, "@Henderburn @alimhaider wow. Prayers for the soldier."], [524943846711754752, "@skobos Will both fit on the lower thirds? I would appreciate name, then handle."], [524943951472906240, "@Henderburn Yep, I can add both for sure. Thank you!"], [524998240262180865, "@BigDilbertFan photography is his job? My whole issue was a man needed help. There are ways to help if you don't know cpr"], [524938343180931073, "@tdgecas yeah posting information about an evolving shooter situation is less worthwhile than an untrained journalist performing CPR"], [525014151161081856, "@tdgecas @Henderburn I agree Tyler, have some respect.That man shot is servicing your country and all you want to do is snap a pic.Pity you!"], [524998898117779456, "@tdgecas @henderburn I didn't realize you were on the scene and could verify that he could have saved the life of the guy shot four times."], [524999052367527937, "@tdgecas @Henderburn Getting the word out about an active shooter situation seems pretty helpful, but please, tell us what you'd have done."], [524923106289516546, "Reports of gunshots unconfirmed RT @Henderburn: Only photo I will tweet. CPR being performed on the soldier #ottawa http://t.co/zO6CGFl7QR"], [524943685264629760, "@Henderburn Will do! Would you Prefer your name or your handle?"], [525003675685888000, "@tdgecas Way to care for people."], [524938764616204290, "@Henderburn don't have to give cpr. Other ways to help. But yeah keep looking for profit. Great professionalism."], [524949065469923328, "@Henderburn could you email me please to subeditors@demotix.com and I'll explain better, thx"]], "node_mapping": {"524922729485848576": 0, "524923432933552128": 1, "525020495759282176": 2, "524935781643980800": 3, "524935505755254786": 4, "525000276894572546": 5, "525017113618956290": 6, "524938364743876608": 7, "524938903762268160": 8, "525023805572648960": 9, "525000734992248832": 10, "524924489058889728": 11, "524996775049191424": 12, "525018964364382209": 13, "524943557657133056": 14, "524940813089144833": 15, "525003648104161281": 16, "524929863333842944": 17, "524935834941001728": 18, "524996902832852992": 19, "524941702046707712": 20, "525016388457738241": 21, "524964692423630849": 22, "524935320786456578": 23, "524927409100193792": 24, "524943846711754752": 25, "524943951472906240": 26, "524998240262180865": 27, "524938343180931073": 28, "525014151161081856": 29, "524998898117779456": 30, "524999052367527937": 31, "524923106289516546": 32, "524943685264629760": 33, "525003675685888000": 34, "524938764616204290": 35, "524949065469923328": 36}, "edges": [[0, 32], [0, 1], [0, 11], [0, 24], [0, 17], [0, 4], [0, 18], [0, 20], [17, 23], [23, 15], [23, 36], [4, 3], [18, 28], [18, 7], [18, 29], [7, 35], [7, 8], [35, 12], [12, 19], [19, 27], [27, 30], [30, 31], [31, 5], [31, 10], [5, 16], [16, 34], [8, 22], [29, 21], [29, 2], [21, 6], [6, 13], [13, 9], [20, 14], [14, 33], [33, 25], [25, 26]]}