{"thread_id": "524946921547628545", "text_thread": [[524946921547628545, "Updated: Canadian soldier killed in attack at Parliament Hill in Ottawa http://t.co/tMfDn2GAbh"], [524952841602215936, "@KraftyWurker @nytimes Beautifully thank you very much.  Our diversity and resiliency will help us overcome this."], [524948318288244736, ".@nytimes No local confirmation that shot soldier has died. One gunman reported dead, shot inside Cdn Parliament. Search for other shooters."], [524947276259946496, "@nytimes Big Trouble in Canuckistan, how's that #diversity #immigration working out for you up there in #Canada?"], [524953318846918657, "@KraftyWurker @nytimes still are the great white North.  Our diversity makes our stronger."], [524957553969868800, "@KraftyWurker @nytimes before Upper/Lower Canada, this place was plenty brown. But, whatever, good job being a piece of shit."], [524949223608184832, "@nytimes You're the only ones saying the soldier has died, what is your source? Can't find it in the article."], [524955031309922304, "@dacksworth @nytimes Do you remember when #Canada was White. The Great White North. Before #immigration #diversity? #Canuckistan"], [524953135312551936, "@Richard_Jacobs @nytimes Do you remember when #Canada was White. The Great White North. Before #immigration #diversity? #Canuckistan"], [524947415166492672, "You may want to confirm this, @nytimes."], [524947451648942081, "\ud83d\ude25 RT @nytimes: Updated: Canadian soldier killed in attack at Parliament Hill in Ottawa http://t.co/lgF4KEbzv0"], [524953927469768704, "@Richard_Jacobs Tell that to your #Rabbi. #kosher  @nytimes"], [524954579247853568, "@oord_van @nytimes CTV Reporting soldier who was gunned down at the War Memorial is ALIVE. Thank God. Good news."], [524947462432489472, "Killed?? \"@nytimes: Updated: Canadian soldier killed in attack at Parliament Hill in Ottawa http://t.co/Dvvto0cqPo\u201d"], [524947141819899904, "@nytimes this is not confirmed.  Shot yes, killed?"], [524949999894163457, "@meredithmartin @nytimes"], [524947625582530560, "Oh no. RT @kyjl89 \ud83d\ude25 RT @nytimes: Updated: Canadian soldier killed in attack at Parliament Hill in Ottawa http://t.co/RhcZ8adXC2"], [524955369781870592, "@KraftyWurker @nytimes Canada was white? like, the land? trees? flag? sorry, don't follow..."], [524949965773475840, "@nytimes @oord_van  Havent heard any confirmation of that"], [524951609827397632, "@ayrporte @nytimes I know...find this interesting"], [524947515083210752, "@nytimes http://t.co/q7haREBU1h"], [524947504136466432, "\u201c@nytimes: Updated: Canadian soldier killed in attack at Parliament Hill in Ottawa http://t.co/m6lMtJIUGN\u201d"], [524949815524737024, "\u201c@nytimes: Updated: Canadian soldier killed in attack at Parliament Hill in Ottawa http://t.co/yiaYHP2LFR\u201d"], [524947426793111552, "\u30ab\u30ca\u30c0\u3001\u30aa\u30bf\u30ef\u306e\u8b70\u4f1a\u9283\u6483\u4e8b\u4ef6\u3001\u30ab\u30ca\u30c0\u8ecd\u5175\u58eb1\u4eba\u6b7b\u4ea1\u3002@nytimes Canadian soldier killed in attack at Parliament Hill in Ottawa http://t.co/GbHELPEQIs"], [524954520544362496, "@KraftyWurker @nytimes it's working great."], [524954162388549632, "@KraftyWurker @nytimes I'm not Jewish but if I manage to find one I will relay the message."], [524948377495425027, "@nytimes You seem to be the only outlet saying this, pls make sure you're corrwct #OttawaShooting"], [524956823615725568, "@dacksworth @nytimes Yep, before immigration-diversity has browned and paganized #Canada and its thinking."], [524954860882780161, "@Richard_Jacobs Yeah, sure and go have a pork sandwich...@nytimes"], [524953243613679616, "@nytimes Please stop spreading misinformation. The soldier was shot and taken to hospital ALIVE."]], "node_mapping": {"524946921547628545": 0, "524952841602215936": 1, "524948318288244736": 2, "524947276259946496": 3, "524953318846918657": 4, "524957553969868800": 5, "524949223608184832": 6, "524955031309922304": 7, "524953135312551936": 8, "524947415166492672": 9, "524947451648942081": 10, "524953927469768704": 11, "524954579247853568": 12, "524947462432489472": 13, "524947141819899904": 14, "524949999894163457": 15, "524947625582530560": 16, "524955369781870592": 17, "524949965773475840": 18, "524951609827397632": 19, "524947515083210752": 20, "524947504136466432": 21, "524949815524737024": 22, "524947426793111552": 23, "524954520544362496": 24, "524954162388549632": 25, "524948377495425027": 26, "524956823615725568": 27, "524954860882780161": 28, "524953243613679616": 29}, "edges": [[0, 14], [0, 3], [0, 9], [0, 23], [0, 10], [0, 13], [0, 21], [0, 20], [0, 2], [0, 26], [0, 6], [0, 22], [0, 18], [0, 29], [14, 15], [3, 1], [3, 24], [1, 8], [8, 4], [4, 11], [11, 25], [25, 28], [24, 7], [7, 17], [17, 27], [27, 5], [10, 16], [18, 19], [19, 12]]}