{"thread_id": "524982699220803586", "text_thread": [[524982699220803586, "#Ottawa police confirm fatal shooting of Canadian soldier at War Memorial, and shooting death of gunman in Parliament. No one in custody."], [524986274483281921, "@CBCAlerts @CBCVancouver My thoughts are with the soldier's family &amp; friends. :("], [524982979802988544, "@CBCAlerts @CBCNews He was From Hamilton,Ont."], [524983593266065408, "@CBCAlerts please consider stopping showing video of victim over and over again, his face is recgonizable. #respectforfamily"], [524984682627477504, "@CBCAlerts terrible news"], [524983872849580032, "@CBCAlerts My prayers and sympathy for his family, friends and fellow servicemen. His service to his country is honorable and respected."], [524986262705672192, "@CBCAlerts - Our deepest sympathies and condolences go out to the family of the slain Soldier."], [524990635413995520, ".@CBCAlerts @GCGATOR24 Terrorism?"], [524991122029178880, "@RichardLloydUSA It was declared a Terrorist attack by Canadien officials"], [524986886863851521, "@CBCAlerts My thoughts are with family, friends and fellow servicemen &amp; women of the soldier killed. A true Canadian hero."], [524997508792332289, "@CBCAlerts @GCGATOR24 Attack in Ottawa didn't happen in U.S., Canadians called it what it was, a terrorist act, NOT \"workplace violence\""], [524984860478562305, "@CBCAlerts The cowardly bastards.If you believe in honour in the fight, then fight on the battlefield, dont do it in a place of rememberance"]], "node_mapping": {"524982699220803586": 0, "524986274483281921": 1, "524982979802988544": 2, "524983593266065408": 3, "524984682627477504": 4, "524983872849580032": 5, "524986262705672192": 6, "524990635413995520": 7, "524991122029178880": 8, "524986886863851521": 9, "524997508792332289": 10, "524984860478562305": 11}, "edges": [[0, 2], [0, 3], [0, 5], [0, 4], [0, 11], [0, 6], [0, 1], [0, 9], [0, 7], [0, 10], [7, 8]]}