{"thread_id": "524945665827545089", "text_thread": [[524945665827545089, "#BREAKING Soldier shot in the Canadian capital of Ottawa and a gunman is believed to have entered Parliament.\nhttp://t.co/3DWYnF22aI"], [525126534311739392, "@shomaristone World News \"world of news\" \nhttp://t.co/K8S3mlJQIR"], [524960611935850496, "@shomaristone Sunny leone in kbc\n\n http://t.co/YvxeXS3oy5"], [524974153548709889, "@shomaristone I thought guns were illegal in Canada? #FlipTheSenate"], [524952967779467264, "@shomaristone 3 CONFIRMED SHOOTING SITES. UP TO 5 SHOOTERS."], [524967885182365696, "@shomaristone Who the hell is this brave enough to do this! In Parliament! Wow what is wrong with this world! http://t.co/SqHO5TEAmb"], [524967139372191744, "TY. You're doing an Excellent Job, @shomaristone \nHeartily #appreciationtweet from #GloriaLawSunShines :)))"], [524981278077382656, "\u201c@shomaristone: #BREAKING Soldier shot in the Canadian capital of Ottawa and a gunman is believed to have entered Parliament.\nExtremely sad!"]], "node_mapping": {"524945665827545089": 0, "525126534311739392": 1, "524960611935850496": 2, "524974153548709889": 3, "524952967779467264": 4, "524967885182365696": 5, "524967139372191744": 6, "524981278077382656": 7}, "edges": [[0, 4], [0, 2], [0, 6], [0, 5], [0, 3], [0, 7], [0, 1]]}