{"thread_id": "524980504324358144", "text_thread": [[524980504324358144, "Terror in #Canada &amp; #Israel today. A soldier murdered in Ottawa, a baby murdered in Jerusalem. Extremist terror is scourge of modern world"], [524983060027027456, "@jmschrch @michaeldickson  Your words say it all!"], [525007230417252352, "@michaeldickson with one big  difference the killer of Israeli baby is the Hamas and Obama and Europeans leaders support him"], [524984418167844864, "@michaeldickson agreed it's horrible!"], [525000596848254976, "@michaeldickson @pmatons GOD TAKE IN HIS ARMS THE OTTAWA SOLDIER AND THE JERUSALEM BABY. MA THEY BOTH RIP"], [524989649266413568, "@chianneed @michaeldickson time for tears will come later, now is the time to stand up and hunt this scum down #CDAshouldertoshoulderUS"], [524983491231240193, "@jmschrch @michaeldickson Sadly Islamism is a bad name for Muslims. An 'ebola' that must be destroyed before it takes over the West."], [524989947686957057, "@jmschrch @michaeldickson I stand by ur side with no hesitations"], [524987446984204288, ".@Jewpac_Shalom @michaeldickson Stop it. You're going to make me laugh, and I am too angry! I don't want to laugh! ;-)"], [524990190017085440, "@chianneed @michaeldickson right back at ya friend"], [524985603902169089, ".@michaeldickson \"Extremist terror\"? Is there a less-extreme terror? Never mind. Just one of those days."], [524990630607716352, "@jmschrch @michaeldickson thanks. Together there is nothing we can't do"], [524987265823801344, "@LaDonnaRae1961 @michaeldickson one up from mild terror."], [524986855046250497, "@LaDonnaRae1961 @michaeldickson moderate terror."], [525000051005722625, "@michaeldickson @pmatons IT SEEMS SOMETIMES TERROR STRIKES LIKE THE SHOOTING STARS, NOW HERE NOW THERE,V KNOW NOT WHERE: OTTAWA OR JERUSALEM"], [524987031794221056, ".@Jewpac_Shalom @michaeldickson Yeah. Whatever that is supposed to be. lol"], [524988853414019072, "@jmschrch @michaeldickson from Texas and am sorry that they have found you all up there. Am praying for all of you. I am crying for all"], [524981019137822720, "@michaeldickson we in Canada just got a small taste of the terrorist scum that Israel has endured for decades, #CanadastandswithIsrael"]], "node_mapping": {"524980504324358144": 0, "524983060027027456": 1, "525007230417252352": 2, "524984418167844864": 3, "525000596848254976": 4, "524989649266413568": 5, "524983491231240193": 6, "524989947686957057": 7, "524987446984204288": 8, "524990190017085440": 9, "524985603902169089": 10, "524990630607716352": 11, "524987265823801344": 12, "524986855046250497": 13, "525000051005722625": 14, "524987031794221056": 15, "524988853414019072": 16, "524981019137822720": 17}, "edges": [[0, 17], [0, 3], [0, 10], [0, 14], [0, 4], [0, 2], [17, 1], [17, 6], [17, 16], [16, 5], [5, 7], [7, 9], [9, 11], [10, 13], [13, 15], [15, 12], [12, 8]]}