{"thread_id": "524949021744713728", "text_thread": [[524949021744713728, "Ottawa Police report a third shooting incident at the Rideau Centre. No word on injuries."], [524949575820668928, "\u201c@CFRAOttawa: Ottawa Police report a third shooting incident at the Rideau Centre. No word on injuries.\u201d Next door. I'm not moving."], [524950274474266624, "\u201c@CFRAOttawa: Ottawa Police report a third shooting incident at the Rideau Centre. No word on injuries.\u201d\ud83d\ude14\ud83d\ude14"], [524950484868943873, "\u201c@CFRAOttawa: Ottawa Police report a third shooting incident at the Rideau Centre. No word on injuries.\u201dOMGG"], [524951140086325248, "\u201c@CFRAOttawa: Ottawa Police report a third shooting incident at the Rideau Centre. No word on injuries.\u201d Holy fuck"]], "node_mapping": {"524949021744713728": 0, "524949575820668928": 1, "524950274474266624": 2, "524950484868943873": 3, "524951140086325248": 4}, "edges": [[0, 1], [0, 2], [0, 3], [0, 4]]}