{"thread_id": "524941529928839168", "text_thread": [[524941529928839168, "#Canada journalist captures outbreak of small-arms fire inside Parliament building in #Ottawa: http://t.co/oFsOV9xva2"], [524942747804123137, "\u201c@Charles_Lister: #Canada journalist captures video in  Parliament building in #Ottawa: http://t.co/NN4vviym1y\u201d @NBCNews @cnnbrk @CNN"], [524943863392120833, "@Charles_Lister Notice how they went right into active shooter protocol. They will not permit a protracted Mumbai style attack."], [524943460034678784, "\u201c@Charles_Lister: #Canada journalist captures outbreak of small-arms fire inside Parliament building in #Ottawa: http://t.co/wCodPjFwUO\u201d"], [524943546227245056, "@Charles_Lister @sqwerin Ran like soldiers right at the gunfire."], [524942498620522498, "\"@Charles_Lister #Canada journalist captures outbreak of small-arms fire inside Parliament building in #Ottawa: http://t.co/fBuIiqP3Xk \""], [524951098042638336, "@charles_lister @clareyh I hope they catch the perps and KILL them. Nobody needs an extended court case trying to prove they broke a law or2"]], "node_mapping": {"524941529928839168": 0, "524942747804123137": 1, "524943863392120833": 2, "524943460034678784": 3, "524943546227245056": 4, "524942498620522498": 5, "524951098042638336": 6}, "edges": [[0, 5], [0, 1], [0, 3], [0, 4], [0, 2], [0, 6]]}