{"thread_id": "524935345998422016", "text_thread": [[524935345998422016, "Snipers now on top of Ottawa's National Art Gallery after gunfire at parliament http://t.co/bEFu7HisyW (@dmatthewmillar pic)"], [524936453105922049, "Dope \u201c@PzFeed: Snipers now on top of Ottawa's National Art Gallery after gunfire at parliament http://t.co/Up8woGPh5A (@dmatthewmillar pic)\u201d"], [524946058196303872, "@PzFeed @AaronWorthing @dmatthewmillar isn't a glass roof a really dumb place to hang out if you're worried about gunfire?"], [524937327047901184, "\u201c@PzFeed: Snipers now on top of Ottawa's National Art Gallery after gunfire at parliament http://t.co/lTBXjXX92q (@dmatthewmillar pic)\""], [524936012141981697, "New Canadian reality. \u201c@PzFeed: Snipers now on top of Ottawa's National Art Gallery after gunfire at parliament http://t.co/cI2fY8qQar\u201d"], [524947378764521472, "@PzFeed @postedeveille @dmatthewmillar D\u00c9PORT\u00c9 LES TOUS!"], [524944515355115520, "@PzFeed @xinfamousjoe"], [524937807702528001, "@PzFeed @dmatthewmillar stop tweeting positions, how ab a little thing called opsec to help members end this"], [524936867956142080, "@MapleLeafsHH @PzFeed Harper's justification for increasing military spending :("], [524936336307138560, "@PzFeed @dmatthewmillar DO NOT tweet locations of police officers! Your compromising security!"], [524935561950560256, "Wait, wat? Canada?  Must be an American tourist! @PzFeed @dmatthewmillar"], [524935649124966400, "@PzFeed @dmatthewmillar Please don't tweet police positions at this time."]], "node_mapping": {"524935345998422016": 0, "524936453105922049": 1, "524946058196303872": 2, "524937327047901184": 3, "524936012141981697": 4, "524947378764521472": 5, "524944515355115520": 6, "524937807702528001": 7, "524936867956142080": 8, "524936336307138560": 9, "524935561950560256": 10, "524935649124966400": 11}, "edges": [[0, 10], [0, 11], [0, 4], [0, 9], [0, 1], [0, 3], [0, 7], [0, 6], [0, 2], [4, 8]]}