{"thread_id": "524951419175309312", "text_thread": [[524951419175309312, "#BREAKING : 3rd shooting incident reported in #ottawa at Rideau Centre Mall"], [524952877760917504, ".@cbcsaltzman and now reported as false.  No shooting at mall"], [524953225016123393, "\u201c@cbcsaltzman: #BREAKING : 3rd shooting incident reported in #ottawa at Rideau Centre Mall\u201d Stay safe everyone involved!"], [524954023947149312, "@cbcsaltzman Now they say not inside the Rideau Centre."], [524952484574674945, "@cbcsaltzman @CBCNews INSIDE the rideau centre or outside BY the mall????"], [524956171309166592, "@cbcsaltzman @CBCNews There is an entrance to DND through the Rideau Centre."], [524953968871743489, "@cbcsaltzman @kellyoxford This was refuted by the mall it self."], [524951575958413313, "@cbcsaltzman Do you think this could be #IS / #ISIS related?"]], "node_mapping": {"524951419175309312": 0, "524952877760917504": 1, "524953225016123393": 2, "524954023947149312": 3, "524952484574674945": 4, "524956171309166592": 5, "524953968871743489": 6, "524951575958413313": 7}, "edges": [[0, 7], [0, 4], [0, 1], [0, 2], [0, 6], [0, 3], [0, 5]]}