{"thread_id": "524991576163250176", "text_thread": [[524991576163250176, "MORE: Police believe three gunmen were involved in shootings in Ottawa this morning and are looking for two shooters. http://t.co/IHV4galEtC"], [524992137260453888, "RT @CBSNews: Police believe 3 gunmen were involved in shootings in Ottawa and are looking for two shooters. http://t.co/ezPjE4zAcW"], [524993836050042880, "@CBSNews  It appears now it was only 1 shooter and the shots were heard at nearby hotel/shopping cntr causing reports of more shootings"], [524992668301262848, "@CBSNews Your info is out of date. Rideau shooting didn't happen. Police press conference says nothing about number of shooters."], [524993314207305729, "@CBSNews And when will you be announcing they are Muslims? http://t.co/lZwUzG0nAI"], [524993414056927232, "@CBSNews Probably a drill."], [524993079603130368, "@CBSNews Check @CBCNews for updates from police that are current."], [524991797630865408, "@CBSNews The police chief just totally dodged that question and wouldn't say there was more than 1..jUst FYI"], [524991671218745344, "@CBSNews Lies and propaganda are traditionally the tools of theocracy, fascism, and totalitarianism. Stop build terrorism &amp; #Isis's fame!"], [524991949917663232, "@CBSNews That's not what they just said at the Press Conference!"]], "node_mapping": {"524991576163250176": 0, "524992137260453888": 1, "524993836050042880": 2, "524992668301262848": 3, "524993314207305729": 4, "524993414056927232": 5, "524993079603130368": 6, "524991797630865408": 7, "524991671218745344": 8, "524991949917663232": 9}, "edges": [[0, 8], [0, 7], [0, 9], [0, 1], [0, 3], [0, 4], [0, 5], [0, 2], [3, 6]]}