{"thread_id": "524951625556066304", "text_thread": [[524951625556066304, "CTV reports that soldier shot at war memorial still alive."], [524952676493045760, "@Justin_Ling @jm_mcgrath that is very good news if true."], [524986052277465089, "@Lisa00249251 @RJennromao @Justin_Ling CNN link I tweeted confirmst.  These things happen when news agencies report 1st soundbite they hear"], [524951872168136704, "@Justin_Ling thanks for this first bit of good news today. Really hope the only people killed are those responsible."], [524990583480516608, "@Lisa00249251 @QuornDawg @Justin_Ling when I wrote that there was no report of death an hour ago, approx 45 min agous press release re death"], [524951845660528640, "Please be accurate. \u201c@Justin_Ling: CTV reports that soldier shot at war memorial still alive.\u201d"], [524991171731673089, "@QuornDawg @Lisa00249251 @Justin_Ling the assailant is also now deceased both were alive upon arrival. #RIP #Hamilton #Highlander #Soldier"], [524954710722510848, "Thank God RT @Justin_Ling: CTV reports that soldier shot at war memorial still alive."], [524953528054583297, "@Justin_Ling  I'm so happy to hear that. Hope for his improvement!"], [524970779747033088, "\u201c@Justin_Ling: CTV reports that #soldier shot at war memorial still alive.\u201d #ThankGod @QuornDawg"], [524973173268553729, "@RJennromao @QuornDawg @Justin_Ling Is this true cos according to the news coverage Im watching his death has just been confirmed?"], [524952064531910656, "@Justin_Ling @paigemacp thank goodness"], [524952955288842241, "I really hope so. RT @Justin_Ling: CTV reports that soldier shot at war memorial still alive."], [524952257260187648, "@Justin_Ling New York Times is reporting his death. Obv hard to get accurate info"], [524985414479003648, "@RJennromao @Justin_Ling http://t.co/gHrtGclhx2"], [524952674345959425, "@rthonb @Justin_Ling a soldier was killed to days ago in an attack in Quebec, NYTimes may be confusing incidents."]], "node_mapping": {"524951625556066304": 0, "524952676493045760": 1, "524986052277465089": 2, "524951872168136704": 3, "524990583480516608": 4, "524951845660528640": 5, "524991171731673089": 6, "524954710722510848": 7, "524953528054583297": 8, "524970779747033088": 9, "524973173268553729": 10, "524952064531910656": 11, "524952955288842241": 12, "524952257260187648": 13, "524985414479003648": 14, "524952674345959425": 15}, "edges": [[0, 5], [0, 3], [0, 11], [0, 13], [0, 1], [0, 12], [0, 8], [0, 7], [0, 9], [13, 15], [9, 10], [9, 14], [10, 2], [10, 4], [2, 6]]}