{"thread_id": "524969963850051584", "text_thread": [[524969963850051584, "#PrayForOttawa As an American Veteran, my prayers are w/ the Canadian soldier who died in today's shooting standing duty at a war memorial \ud83d\ude4f"], [524970620229283840, "@Montel_Williams It is very hard for me as a Canadian who lives here in the US to hear about this. Thank you for your very kind words."], [524994713049661440, "@Montel_Williams is this a terrorist thing,or a crazy person deal? Havent seen any news yet."], [524971822904004608, "#FF @Montel_Williams @FightExtremism Would be interested in your views on countering #ISIS recruitment on #socialmedia &amp; youth alienation"], [524971913689325569, "@Montel_Williams Me too Montel and the killer is a low life scumbag. Acts like this only unify us more, and we have to fight back."], [524972055817887744, "@Montel_Williams Respect."], [524970462124593152, "@Montel_Williams Ty Montel *Crying* \nCanada Needs the People's Prayers.\nO'Canada what has happen to my beautiful Country!! \ud83c\udf41"], [524972205659414529, "@Montel_Williams #PrayForOttawa and his family and friends! Thank You To The Sgt At Arms Who had a Gun and Shot one of these Terrorists!"], [524970446974746624, "@Montel_Williams AMEN! May God protect all Military personnel in Canada and America!"], [525010980636745728, "@Montel_Williams @DHoltSzcinski condolences to the family &amp; hope that they get the support they deserve to find closure..."], [524997826019749888, "@Montel_Williams Just a tragedy."], [524970383049756672, "@Montel_Williams prayers for our fallen Brother in Arms,  and his family."], [524970128761708544, "@Montel_Williams RIP"], [525162895047684097, "@Montel_Williams So horrible. Terror has spread all over the globe."]], "node_mapping": {"524969963850051584": 0, "524970620229283840": 1, "524994713049661440": 2, "524971822904004608": 3, "524971913689325569": 4, "524972055817887744": 5, "524970462124593152": 6, "524972205659414529": 7, "524970446974746624": 8, "525010980636745728": 9, "524997826019749888": 10, "524970383049756672": 11, "524970128761708544": 12, "525162895047684097": 13}, "edges": [[0, 12], [0, 11], [0, 8], [0, 6], [0, 1], [0, 3], [0, 4], [0, 5], [0, 7], [0, 2], [0, 10], [0, 9], [0, 13]]}