{"thread_id": "524939378552864768", "text_thread": [[524939378552864768, "Reports now police suspect two or three shooters on Parliament Hill. Sergeant at Arms Kevin Vickers shot one assailant."], [524942860429561856, "RT \u201c@BCheadle: Reports now police suspect two or three shooters on Parliament Hill. Sergeant at Arms, Kevin Vickers, shot one assailant.\u201d"], [524947324972564481, "@BCheadle @ArponBasu  tweeting his name is unwise."], [524942124991934464, "Wow RT @BCheadle: Reports now police suspect two or three shooters on Parliament Hill. Sergeant at Arms Kevin Vickers shot one assailant.\u201d"], [525397630793572352, "@BCheadle you're the best"], [524944835690901504, "@BCheadle @LawScribes Are Canadian Returning immoderate tunnelling jihardis involved working/not working 4FBI in a #drill @adamcurry #ottawa"], [524941066240548864, "\u201c@BCheadle: Reports now police suspect two or three shooters on Parliament Hill. Sergeant at Arms Kevin Vickers shot one assailant.\u201d"], [524943016373784576, "\u201c@BCheadle: now police suspect two or three shooters on Parliament Hill. Sergeant at Arms KVickers shot 1assailant.\u201d +shooters @luvlealife"], [524940999802765312, "@BCheadle @CdnPress woah he carries a gun?"]], "node_mapping": {"524939378552864768": 0, "524942860429561856": 1, "524947324972564481": 2, "524942124991934464": 3, "525397630793572352": 4, "524944835690901504": 5, "524941066240548864": 6, "524943016373784576": 7, "524940999802765312": 8}, "edges": [[0, 8], [0, 6], [0, 3], [0, 1], [0, 7], [0, 5], [0, 2], [0, 4]]}