{"thread_id": "524934673760530432", "text_thread": [[524934673760530432, "Canadian parliament on lockdown after shooting \u2013 live updates http://t.co/PBLZPFqhAP"], [524943819327148032, "@guardian That's very sad, RIP may gd lord ve mercy on u"], [524935286892269568, "\u201c@guardian: Canadian parliament on lockdown after shooting \u2013 live updates http://t.co/b0V61RxZ0i\u201d"], [524937877575446528, "@guardian @acoyne \"We are all infidels\" #outlawIslam"]], "node_mapping": {"524934673760530432": 0, "524943819327148032": 1, "524935286892269568": 2, "524937877575446528": 3}, "edges": [[0, 2], [0, 3], [0, 1]]}