{"thread_id": "524970966842376192", "text_thread": [[524970966842376192, "Conservative caucus told Canadian soldier shot at War Memorial has died, Soldier has not been named, but was a reservist based in #Hamilton."], [524972714155868160, "@CBCAlerts RIP to the honoured dead."], [524972373519654912, "@CBCAlerts @CBCTheNational :( so sorry.#sadinns"], [524972182884323328, "@CBCAlerts Cdn PM Harper has blood on his OWN hands 4 provoking terrorist attacks on Canadians by joining US war to fix Iraq mess US created"], [524971132404109312, "@CBCAlerts so sad. #rip #OttawaShooting"], [524971703718641664, "@CBCAlerts @DamoSpin RIP-the ultimate sacrifice. #OttawaShooting #Ottawa #CanadaUnderAttack #parliamentsquare #parlimentshooting #parliament"], [524972438367776769, "\u201c@CBCAlerts: Conservative caucus told Canadian soldier shot at War Memorial has died. My thoughts are with all our armed forces &amp; families"], [525043740943978497, "@Bobb999 @CBCAlerts You are a disgusting individual. Turning a senseless tragedy into a political statement."], [524972502574178305, "@CBCAlerts the death of the soldier has not been confirmed.  You're info is from an mp who has no intel on the matter #professionals?"], [524972435100426240, "@CBCAlerts Thoughts and prayers go out to the fallen soldiers family. Sad this has to happen."], [524972606131568640, "@CBCAlerts @DamoSpin I blame Ottawa for this attack because it seems they don't take this stuff serious and look whats happened"], [524971330870202368, "@CBCAlerts @PerthCoEMS"], [524972252203200512, "@CBCAlerts @DamoSpin R.I.P"], [524971564094468097, "@CBCAlerts no, kenney said condolences to the soldier who died from car incident, thoughts go out to today's soldier. misinterpreted tweet"], [525100406779969536, "@imanz90 @CBCAlerts Is it mere\"politics\"to be concerned Cdn citizens are now less safe in their own country due to the PM's recklessness?No."], [524972895936987136, "@CBCAlerts : May the sold\u0131er rest \u0131n perfect peace. D\u0131dn't deserve th\u0131s cruel end."], [524971897302548481, "@CBCAlerts so sad about this."], [524971490446684162, "\u201c@CBCAlerts: Conservative caucus told Canadian soldier shot at War Memorial has died\". This just turned a new shade of ugly!"], [524972586544164865, "@CBCAlerts glued to the television so sad RIP young man Canada is proud of you"]], "node_mapping": {"524970966842376192": 0, "524972714155868160": 1, "524972373519654912": 2, "524972182884323328": 3, "524971132404109312": 4, "524971703718641664": 5, "524972438367776769": 6, "525043740943978497": 7, "524972502574178305": 8, "524972435100426240": 9, "524972606131568640": 10, "524971330870202368": 11, "524972252203200512": 12, "524971564094468097": 13, "525100406779969536": 14, "524972895936987136": 15, "524971897302548481": 16, "524971490446684162": 17, "524972586544164865": 18}, "edges": [[0, 4], [0, 11], [0, 17], [0, 13], [0, 5], [0, 16], [0, 3], [0, 12], [0, 2], [0, 9], [0, 6], [0, 8], [0, 18], [0, 10], [0, 1], [0, 15], [3, 7], [7, 14]]}