{"thread_id": "524955062486196224", "text_thread": [[524955062486196224, "Rideau Centre general manager tell @globeandmail there was no shooting inside the mall. But people can't leave or enter. #OttawaShooting"], [524958277420204032, "@Alice_Chiche @ErinAnderssen @globeandmail hi"], [524957217225588737, "@ErinAnderssen @ShreeyaSinha @globeandmail shooter is dead!!!!"], [524957579722498049, "@ErinAnderssen @ShreeyaSinha @globeandmail http://t.co/PKKNLhhJ1R"], [525013727968366592, "@ErinAnderssen @KayBurley @globeandmail \u060chi"]], "node_mapping": {"524955062486196224": 0, "524958277420204032": 1, "524957217225588737": 2, "524957579722498049": 3, "525013727968366592": 4}, "edges": [[0, 2], [0, 3], [0, 1], [0, 4]]}