{"thread_id": "524968205690089472", "text_thread": [[524968205690089472, "Update from Ottawa:\n-Cdn soldier dies from shooting\n-Parliamentary guard wounded\n-Parliament Hill still in lockdown\nhttp://t.co/chbTWxVN0q"], [524968868465639425, "@KristineHartlin @TorontoStar It looks like confirmations are coming in now."], [524983568146382848, "@bazmeg6969 @torontostar @rrrrnessa Come to the battlefield we will deliver you to the hellfire"], [524970752127565824, "@TorontoStar Jason Kenney removes tweet @CBCNews"], [524969040310444033, "@TorontoStar no confirmation on the solider.  As far as anyone knows, he is still fighting.  Statement was been retracted"], [524969558864834560, "#AttackInOttawa\n@TorontoStar: Update\n-Cdn soldier dies \n-ParliamentGuard wounded\n-ParliamentHill still in lockdown\nhttp://t.co/31Pkg1wKsx"], [524975316213964800, "Hope all my friends and colleagues in Ottawa are safe. Terrible that this is happening in Canada...@TorontoStar \nhttp://t.co/8dNjGhMpcx"], [524969464337809408, "@TorontoStar I don't think the soldier is dead. You guys are mistaking the soldier from Monday in Quebec"], [524979834079162368, "@TorontoStar Ok, time to take it to the fucking muslims. Look out Allah, here comes the revenge. KILL MUSLIMS, KILL MUSLIMS."], [524968603452715008, "@TorontoStar the civic hospital has not released any information on the status of the injured soldier."], [524984720976019456, "@Bazmeg6969 @Rrrrnessa @TorontoStar damn this asses"], [524971465209573377, "@TorontoStar @CTVNationalNews"], [524970533461712896, "@TorontoStar I am so sorry to hear that Ottawa is going through this. My prayers are with all of you for the wounded and the capture of shts"], [524969069481828352, "@TorontoStar Soldiers death is UNCONFIRMED"], [524969065920884736, "@TorontoStar Where is confirmation coming from? Jason Kenney posted about but Global said it was false, who's right?"]], "node_mapping": {"524968205690089472": 0, "524968868465639425": 1, "524983568146382848": 2, "524970752127565824": 3, "524969040310444033": 4, "524969558864834560": 5, "524975316213964800": 6, "524969464337809408": 7, "524979834079162368": 8, "524968603452715008": 9, "524984720976019456": 10, "524971465209573377": 11, "524970533461712896": 12, "524969069481828352": 13, "524969065920884736": 14}, "edges": [[0, 9], [0, 4], [0, 14], [0, 13], [0, 7], [0, 5], [0, 12], [0, 3], [0, 11], [0, 6], [0, 8], [9, 1], [8, 2], [8, 10]]}