{"thread_id": "524948206023880704", "text_thread": [[524948206023880704, "The latest @CBCNews on #Ottawa shootings. Gunman killed inside Parliament, soldier shot at War Memorial. http://t.co/kngapKTSCe #cdnpoli"], [524999801973506048, "@Trial_Watcher1 @CBCAlerts @CBCNews And the news I'm watching right now are saying so much different than what you're posting in here LOL"], [524978844155912193, "@CBCAlerts @CBCNews whats happening at the Ottawa Airport."], [524951904212615168, "@CBCAlerts tragic. Stay safe our law informers and partner dogs"], [524996856431251456, "@Trial_Watcher1 @CBCAlerts @CBCNews Better not believe what we read on internet... or Tweeter  LOL"], [524997490035404800, "@Trial_Watcher1 @CBCAlerts @CBCNews We, or better say, NOBODY can say for sure if these attack were jihadists acts or a crazy canadian..."], [524952081036496897, "\u201c@CBCAlerts: The latest @CBCNews on #Ottawa shootings. Gunman killed inside Parliament, soldier shot at War Memorial. http://t.co/6p2G5V2F4I"], [524950833088458752, "@JamirSafi This is what happens when you have a Dicktator for a leader! People get crazy when SH pokes his nose where it doesn't belong!"], [524951832280707073, "@CBCAlerts @CBCNews let's cancel moose hunting for Isis hunting#that religion"], [524952544595177474, "@CBCAlerts @PnPCBC @CBCNews Round up these assholes and send them all to hell..."], [524996329307906048, "@CBCAlerts @ImStillSassy @CBCNews There were two gunmen apparently. One was shot dead, the other is still at large. according to Sun News"], [524998424379523072, "@Trial_Watcher1 @CBCAlerts @CBCNews Like I said before... I don't believe what I read on internet or Tweeter or FB... LMAO ;)"], [524998076164214784, "@ImStillSassy @CBCAlerts @CBCNews The one yesterday we sure can, Todays remains to be confirmed, but prob. is as well, not that cbc wld say"], [524951432332451840, "@CBCAlerts @CBCNews glad the shooter is dead. Praying for our security personnel Praying for Canada now."], [524997088325955584, "@CBCAlerts @ImStillSassy @CBCNews There are tons of Jihadists in Canada. Que., Ont. especially.Ont/US border in buffalo is a Muzzie corridor"], [524999012538408963, "@ImStillSassy @CBCAlerts @CBCNews One parelent guard was killed today, two wounded. Attack was from 2 gunmen"], [524948450665050112, "@CBCAlerts @CBCNews wtf this is canada"], [524948710942588928, "@CBCAlerts @CBCNews any word on the condition of the soldier?\ud83d\ude4f"], [524949649065779201, "@CBCAlerts @CBCNews Everything has changed now..God be with us as we change everything and stand on guard for Canada."], [524948601831956480, "@CBCAlerts @CBCNews RT PRAY FOR OUR SOLDIER"], [524950324604592128, "\u201c@CBCAlerts: #Ottawa shootings. Gunman killed inside Parliament, soldier shot at War Memorial.\" @PoirierJeffrey U OK? \ud83d\ude26\ud83d\ude28 #workfromhomesvp"], [524979403403444224, "@CBCAlerts @CBCNews I wirk security so am imagining what must be happening there abd the airport."], [524977952505606144, "@CBCAlerts @CBCNews we love our country and military personnel !! Keep safe"], [524950962373287936, "@CBCAlerts @RepMattSalmon @CBCNews Obviously, I spoke too soon.  They got him.  Good job.  Hope the soldier is OK."], [524996510132744192, "@CBCAlerts @ImStillSassy @CBCNews One parlemetry guard was shot dead, two other wounded"]], "node_mapping": {"524948206023880704": 0, "524999801973506048": 1, "524978844155912193": 2, "524951904212615168": 3, "524996856431251456": 4, "524997490035404800": 5, "524952081036496897": 6, "524950833088458752": 7, "524951832280707073": 8, "524952544595177474": 9, "524996329307906048": 10, "524998424379523072": 11, "524998076164214784": 12, "524951432332451840": 13, "524997088325955584": 14, "524999012538408963": 15, "524948450665050112": 16, "524948710942588928": 17, "524949649065779201": 18, "524948601831956480": 19, "524950324604592128": 20, "524979403403444224": 21, "524977952505606144": 22, "524950962373287936": 23, "524996510132744192": 24}, "edges": [[0, 16], [0, 19], [0, 17], [0, 18], [0, 20], [0, 23], [0, 13], [0, 8], [0, 3], [0, 6], [0, 9], [0, 22], [0, 2], [0, 21], [0, 10], [0, 24], [0, 14], [16, 7], [24, 4], [14, 5], [5, 12], [12, 11], [11, 15], [15, 1]]}