{"thread_id": "524953918166794240", "text_thread": [[524953918166794240, "Confirmed reports that there were three shootings in Ottawa: at a War memorial, at the Parliament and at a shopping mall."], [524956660842762240, "@samueloakford \nTeach more appeasement"], [524954744943816704, "@righteousaxe dont follow them then dickhead"], [524977585197830144, "RT@samueloakford: Confirmed reports that there were three shootings in Ottawa: at a War memorial, at the Parliament and at a shopping mall."], [524954415615049728, "@samueloakford @vicenews &lt;----- nothing but jihad supporting cunts"], [524954846634332162, "@samueloakford @zachandcoke"], [524962124083499008, "Aching\u00e1: \u201c@samueloakford: Confirmed reports that there were 3 shootings in Ottawa: at a War memorial, at the Parliament and at a mall.\u201d"], [524954872127717376, "@samueloakford @vicenews 3 consecutive shootings? Planned attacks by a particular group?"]], "node_mapping": {"524953918166794240": 0, "524956660842762240": 1, "524954744943816704": 2, "524977585197830144": 3, "524954415615049728": 4, "524954846634332162": 5, "524962124083499008": 6, "524954872127717376": 7}, "edges": [[0, 4], [0, 5], [0, 7], [0, 1], [0, 6], [0, 3], [4, 2]]}