{"thread_id": "524983403775799297", "text_thread": [[524983403775799297, "Tragedy mounts as soldier shot this AM dies of his wounds in an Ottawa Hospital. Deep sympathy to his family and friends. #shooting #ottawa"], [525015158364839936, "@ElizabethMay this is surreal"], [524983850913763329, "@ElizabethMay \nCheck the #boots. \nThis could be #Montebello all over again."], [524983821444595713, "@ElizabethMay remember my advice to have the Force go with you @rcmpgrcpolice : No more wandering the sticks and boonies without protection."]], "node_mapping": {"524983403775799297": 0, "525015158364839936": 1, "524983850913763329": 2, "524983821444595713": 3}, "edges": [[0, 3], [0, 2], [0, 1]]}