{"thread_id": "524947971679744000", "text_thread": [[524947971679744000, "BREAKING: Police source has told The Globe that a second shooter has been shot. #OttawaShooting"], [524983554326151169, "@Breaking911 @ChantalHbert Thank you Mr. Harper for getting us involved in this American ISIS folly."], [524948471846305793, "\u201c@Breaking911: BREAKING: Police source has told The Globe that a second shooter has been shot. #OttawaShooting\u201d\nGOOD."], [524953182930501632, "\u201c@Breaking911: : Police source has told The Globe that a second shooter has been shot. #OttawaShooting\u201dBless the Canadian police force"], [524948789178544128, "@Breaking911 My map app shows tweets from #Ottawa shooting site http://t.co/VlcPC99uBJ \u2026 #ParliamentHill"], [524954489363914752, "@chasmarang @Breaking911 TY!"], [524953789108080640, "@Breaking911 @pjamesjp1\nA car hits people waiting at the Ammunition Hill station\nof Jerusalem's light rail\ndriver shot trying to flee..."], [524955105783996417, "@Breaking911\nYou're welcome --&gt; @pjamesjp1"], [524952653730963456, "\u201c@Breaking911: BREAKING: Police source has told The Globe that a second shooter has been shot. #OttawaShooting\u201d"]], "node_mapping": {"524947971679744000": 0, "524983554326151169": 1, "524948471846305793": 2, "524953182930501632": 3, "524948789178544128": 4, "524954489363914752": 5, "524953789108080640": 6, "524955105783996417": 7, "524952653730963456": 8}, "edges": [[0, 2], [0, 4], [0, 8], [0, 3], [0, 6], [0, 1], [6, 5], [5, 7]]}