{"thread_id": "524950584349454337", "text_thread": [[524950584349454337, "VIDEO Just on CBC NN: @globeandmail video showing shots fired inside Parliament Hill. #cdnpoli http://t.co/jT71xTmLEt http://t.co/qLQGMLA6ZT"], [524952230362116096, "@CBCTheNational @CBCPEI @globeandmail"], [524952589356785665, "@CBCTheNational this is really chilling."], [524952845024780289, "@CBCTheNational l irac and syria embassy? What are they saying?"], [524953398404055041, "Scary day in Canada.@CBCTheNational @globeandmail"], [524956572200730625, "@CBCTheNational @globeandmail Salute the Guard who was shot at tomb of the unknown solder, It's time we Canadians start being more #Vigilant"], [524951512976723968, "@CBCTheNational @cbcnewsbc @globeandmail"], [524951514561802240, "@CBCTheNational @cbcnewsbc @globeandmail That is absolutely terrifying to see that happen in such an emblematic place."]], "node_mapping": {"524950584349454337": 0, "524952230362116096": 1, "524952589356785665": 2, "524952845024780289": 3, "524953398404055041": 4, "524956572200730625": 5, "524951512976723968": 6, "524951514561802240": 7}, "edges": [[0, 6], [0, 7], [0, 1], [0, 2], [0, 3], [0, 4], [0, 5]]}