{"thread_id": "524945676443340800", "text_thread": [[524945676443340800, "Police confirm multiple suspects involved in shooting incident at Ottawa War Memorial - @VassyKapelos, @amyminsky http://t.co/aF9HyT9BgX"], [525080292038410240, "@BreakingNews @VassyKapelos @amyminsky @rcallimachi  go after the suspect til the end"], [524946396441374720, "@BreakingNews @VassyKapelos @amyminsky Probably Buddhists or Hassidic Jews."], [524947280185790465, "@BreakingNews @VassyKapelos @amyminsky http://t.co/TLWek8ao8V"], [524945997315989504, "@BreakingNews @VassyKapelos @amyminsky @SeanSchoferTVN"], [524987052287619073, "@BreakingNews @VassyKapelos @amyminsky"], [524993450702561282, "@BreakingNews @amyminsky @VassyKapelos \u201cPolice are unwilling to confirm multiple suspects\u201d."]], "node_mapping": {"524945676443340800": 0, "525080292038410240": 1, "524946396441374720": 2, "524947280185790465": 3, "524945997315989504": 4, "524987052287619073": 5, "524993450702561282": 6}, "edges": [[0, 4], [0, 2], [0, 3], [0, 5], [0, 6], [0, 1]]}