{"thread_id": "524934941914968064", "text_thread": [[524934941914968064, "Scene outside Canada's parliament where soldier shot by gunman at National War Memorial, http://t.co/t1HQMYQ6QB http://t.co/bMzDnPL1NX"], [524936027408846850, "\u201c@BBCBreaking: Scene outside Canada's parliament where soldier shot by gunman at National War Memorial. -Canada has a war memorial?!?"], [524938783683538944, "@BBCBreaking disgraceful! Hope he recovers soon x"], [524938020802547712, "@macgregor63 why?"], [524937496904617985, "@BBCBreaking snapping, left and right.  This is what happens when a species lives for thousands of years, it goes crazy!"], [524937004916936704, "@BBCBreaking Wow, this is crazy.  I can't believe Canada is having nasty issues like us over here in America.  Not cool.  Canada is"], [524937175151161344, "@BBCBreaking peaceful nation.  This is not cool.  I think people are just over-the-top filled so much anger and anxiety that they are"], [524937640567910400, "@BBCBreaking We are self-destructing and we will cause our own demise and that will be the end of humanity.  I swear we're going to the"], [524938281910149120, "@BBCBreaking"], [524943918740545536, "@ryanhoussein @macgregor63 because Canada is attacking IS in coalition IS gave warning recently..."], [524935820059615232, "@BBCBreaking damn.. I hope our Canadian friends are okay. They've been hanging out with the US for too long."], [524935582464868352, "@BBCBreaking PLEASE SIGN &amp; RT UK\n\nFOLLOW @justiceforBigAl \n\nhttp://t.co/Ig6pyUfNVd\n\nhttp://t.co/uVSThNo4gU\n\n#FreeMarineA"], [524937011871117312, "@BBCBreaking @AlexisPavlich - are you ok? was this where you work?? Terrible news:-("], [524946139938693120, "@ryanhoussein @BBCBreaking It was implied by your statement ..irrespective of whatever Canadian govt does..it doesn't give right to kill"], [524937144889262080, "@BBCBreaking @911BreakingNow In Gina's Dream, the story of earth is coming true.....Save our planet...http://t.co/ETY8isEJx8"], [524937734050570240, "@BBCBreaking Mad Max way of life, it will be a rogue society."], [524935524159881216, "@BBCBreaking"], [524942123117068288, "RT @BBCBreaking: Scene outside Canada's parliament where soldier shot by gunman at National War Memorial, http://t.co/JUBhmrMTnS"], [524935507831439361, "@BBCBreaking Live updates from here\nhttp://t.co/s7O7kPgd5i"], [524944226032050176, "@4Humanity2869 no shit? Didn't see that. That's scary."], [524944403153297408, "@ryanhoussein just search it they announced it clearly..."], [524939967618097152, "@macgregor63 I know. It was just a joke about how they're our neighbor so our bad behavior is rubbing off on the good kid next door."], [524937186865868800, "@BBCBreaking another one @glorytotheboys"]], "node_mapping": {"524934941914968064": 0, "524936027408846850": 1, "524938783683538944": 2, "524938020802547712": 3, "524937496904617985": 4, "524937004916936704": 5, "524937175151161344": 6, "524937640567910400": 7, "524938281910149120": 8, "524943918740545536": 9, "524935820059615232": 10, "524935582464868352": 11, "524937011871117312": 12, "524946139938693120": 13, "524937144889262080": 14, "524937734050570240": 15, "524935524159881216": 16, "524942123117068288": 17, "524935507831439361": 18, "524944226032050176": 19, "524944403153297408": 20, "524939967618097152": 21, "524937186865868800": 22}, "edges": [[0, 18], [0, 16], [0, 11], [0, 10], [0, 1], [0, 5], [0, 12], [0, 14], [0, 6], [0, 22], [0, 4], [0, 7], [0, 15], [0, 8], [0, 2], [0, 17], [10, 13]]}