{"thread_id": "524943114885427203", "text_thread": [[524943114885427203, "There is something profoundly sinister about a shooting on Parliament Hill. It is a sacred space, where we use words, not weapons."], [524944455414337536, "@MattCampbellca @JadenFitz ....well, we use words to plan wars and order bombings...."], [524970011635765248, "* @MattCampbellca @kay_seven Words as weapons, sharper than knives\nMakes you wonder, how the other half die... INXS\nhttps://t.co/3nIaol2rU0"]], "node_mapping": {"524943114885427203": 0, "524944455414337536": 1, "524970011635765248": 2}, "edges": [[0, 1], [0, 2]]}