{"thread_id": "524955557686284288", "text_thread": [[524955557686284288, "Police are now investigating three shooting incidents in Ottawa at Parliament, shopping mall and War Memorial. http://t.co/1cKIHwuCzl"], [524955670899343360, "@Reuters \u0647\u0647\u0647\u0647\u0647\u0647 \u0648\u0631\u0628\u064a \u062d\u0633\u0627\u0628 \u0639\u062c\u064a\u0628 \u0634\u0648\u0641\u0648\u0622 \u0628\u0627\u0644\u0644\u0647 - @Question_arab"], [524957471777886209, ".@Reuters 'Merica....oh, wait."], [524956206851317760, "@Reuters Canada invited Wahhabbi-Soonni terror attacks. Public money used to sponsor Jehadi Mural? I don't sympathize with Canada any more"]], "node_mapping": {"524955557686284288": 0, "524955670899343360": 1, "524957471777886209": 2, "524956206851317760": 3}, "edges": [[0, 1], [0, 3], [0, 2]]}