{"thread_id": "524954586696933377", "text_thread": [[524954586696933377, "Ottawa police confirm 3 separate shooting incidents today; 1 on Parliament Hill, 1 at War Memorial and 1 near area mall - @CP24, @CBCNews"], [524960418557886465, "@WardM313 @BreakingNews @CP24 @CBCNews #Holder's goal which he cldn't pull off, was to take guns away from citizens. #DOJ creating laws? NOT"], [525002600199245825, "@BreakingNews Doesn't sound like a coincidence to me,  at all. Looking forward to finding out more."], [524955051736182787, "@BreakingNews @CP24 @CBCNews jtf is on they're ass now."], [524974338500730880, "@BreakingNews @CP24 @CBCNews muslims?"], [524955232825249792, "@BreakingNews @shark_nieto @CP24 @CBCNews i hope everyone is ok"], [524957143502684161, "@andref1989 @BreakingNews @WhatTheBit @CP24 @CBCNews Who is \"they\" that you're referring to @andref1989 ?"], [524955719318392832, "RT @BreakingNews: Ottawa police confirm 3 separate shooting incidents today; 1 on Parliament Hill, 1 at War Memorial and 1 near area mall"], [524957682747580418, "@jchamas @BreakingNews @WhatTheBit @CP24 @CBCNews http://t.co/vP0WxVmiol"], [524960033998917632, "@BreakingNews @CP24 @CBCNews This time it is Canada not US"], [524955701287067650, "@BreakingNews @WhatTheBit @CP24 @CBCNews they did raise their terror warning in the past 24hours so they must've gotten word of this"], [524958308948787203, "@jchamas @andref1989 @BreakingNews @WhatTheBit @CP24 @CBCNews Dressed in Black with a covered face... 1 guess."], [524962457069314048, "@WardM313 @BreakingNews @CP24 @CBCNews Hey, #Dems, how'd'ya like those open borders now? Your heads will roll, same as everyone else!"], [524958513848930304, "@BreakingNews @CP24 @CBCNews Why must there be shooting in US everytime"], [524959932039593985, "@usarubric @BreakingNews @CP24 @CBCNews Testing the waters... but for sure, they are getting ready here. LOTS of insurgents here thanks 2..."], [524958078056558593, "@BreakingNews @usarubric @CP24 @CBCNews WAKE UP Folks... it's on the way!!!"], [524959550676668416, "@WardM313 @BreakingNews @CP24 @CBCNews To tell the truth, every morning wondered, is it today? They kicked off in Canada because no #guns."]], "node_mapping": {"524954586696933377": 0, "524960418557886465": 1, "525002600199245825": 2, "524955051736182787": 3, "524974338500730880": 4, "524955232825249792": 5, "524957143502684161": 6, "524955719318392832": 7, "524957682747580418": 8, "524960033998917632": 9, "524955701287067650": 10, "524958308948787203": 11, "524962457069314048": 12, "524958513848930304": 13, "524959932039593985": 14, "524958078056558593": 15, "524959550676668416": 16}, "edges": [[0, 3], [0, 5], [0, 10], [0, 7], [0, 15], [0, 13], [0, 4], [0, 2], [10, 6], [6, 8], [6, 11], [15, 16], [15, 1], [16, 14], [14, 12], [13, 9]]}