{"thread_id": "524925553489760256", "text_thread": [[524925553489760256, "So I am locked down in Centre Block on Parliament Hill after at least one shooter burst in and opened fire"], [524926490535006209, "@josh_wingrove @journodave stay safe"], [524926486931730433, "\u201c@josh_wingrove: So I am locked down in Centre Block on Parliament Hill after at least one shooter burst in and opened fire\u201d"], [524926120316383232, "@josh_wingrove Burst into where?"], [524925911205158912, "@josh_wingrove Burst in? Into HOC?"], [524926095553216512, "In Ottawa.  RT @josh_wingrove: So I am locked down in Centre Block on Parliament Hill after at least one shooter burst in and opened fire"], [524926144018415616, "\u201c@josh_wingrove: So I am locked down in Centre Block on Parliament Hill after at least one shooter burst in and opened fire\u201d @normwilner"], [524926765827751936, "Follow for details MT @josh_wingrove: I'm locked down in Centre Block on Parliament Hill after at least one shooter burst in and opened fire"], [524925609768910848, "@josh_wingrove Stay safe sir."], [524953619553349632, "@alainparadis @josh_wingrove ummm Centre Block on Parliament Hill? Like he just said?"]], "node_mapping": {"524925553489760256": 0, "524926490535006209": 1, "524926486931730433": 2, "524926120316383232": 3, "524925911205158912": 4, "524926095553216512": 5, "524926144018415616": 6, "524926765827751936": 7, "524925609768910848": 8, "524953619553349632": 9}, "edges": [[0, 8], [0, 4], [0, 5], [0, 3], [0, 6], [0, 2], [0, 1], [0, 7], [3, 9]]}