{"thread_id": "524926184069808129", "text_thread": [[524926184069808129, "#DEVELOPING story here: Soldier shot in Ottawa at War Memorial http://t.co/jjL9ezaDjt"], [524927350522523648, "\u201c@CTVNews: #DEVELOPING story here: Soldier shot in Ottawa at War Memorial http://t.co/M3Mp3IUPyP\u201d\n\nWhat the fuck!? Please catch this fucker!"], [524939698205388801, "\u201c@CTVNews: #DEVELOPING story here: Soldier shot in Ottawa at War Memorial http://t.co/HyZl7fIMeg\u201d this makes me sick! So sad sending prayers"], [524926793506373633, "@CTVNews Also there is currently a gunman in the parliament block. @josh_wingrove is covering that"], [524926312071176192, "Rt \u201c@CTVNews: #DEVELOPING story here: Soldier shot in Ottawa at War Memorial http://t.co/IshY4TO7Ag"], [524926727538352129, "Thoughts go out to the victim.  RT @CTVNews #DEVELOPING story here: Soldier shot in Ottawa at War Memorial http://t.co/pkLfJ3BEAd"], [524926840247709697, "#PrayForCanada\n\u201c@CTVNews: #DEVELOPING story here: Soldier shot in #Ottawa at War Memorial http://t.co/lgarRyAg82\u201d"], [524927683248279552, "\u201c@CTVNews: #DEVELOPING story here: Soldier shot in Ottawa at War Memorial http://t.co/95EUgUDph8\u201d"], [524933014737137664, "@CTVNews @cnnbrk @wolfblitzer @andersoncooper @CNNAshleigh @CarolCNN"]], "node_mapping": {"524926184069808129": 0, "524927350522523648": 1, "524939698205388801": 2, "524926793506373633": 3, "524926312071176192": 4, "524926727538352129": 5, "524926840247709697": 6, "524927683248279552": 7, "524933014737137664": 8}, "edges": [[0, 4], [0, 5], [0, 3], [0, 6], [0, 1], [0, 7], [0, 8], [0, 2]]}