{"thread_id": "524927695633666049", "text_thread": [[524927695633666049, "UPDATE: Shots fired on Parliament Hill, soldier injured at National War Memorial in Ottawa http://t.co/6IRrutW1PI"], [524935570381086720, "@satyaolivier \u201c@CdnPress: UPDATE: Shots fired on Parliament Hill, soldier injured at National War Memorial in Ottawa http://t.co/UORoNt573g\u201d"], [524933202801336320, "@CdnPress @TSNBobMcKenzie"], [524928272887742464, "\u201c@CdnPress: UPDATE: Shots fired on Parliament Hill, soldier injured at National War Memorial in Ottawa http://t.co/eUj4IRQeWx\u201d #WorldNews"], [524936501080391680, "@WahtswithAndy O.o"], [524928573954863104, "RT @CdnPress: UPDATE: Shots fired on Parliament Hill, soldier injured at National War Memorial in Ottawa http://t.co/2ylneIBVU2"], [524947099532918785, "@CdnPress: Listening to @1310news via @tunein. Praying for every1 in #Ottawa &amp; #Canada. #PrayersForOttawa"], [524950615722819584, "@CdnPress @TSNBobMcKenzie What???"], [524928175311446017, "@CdnPress"], [524941574170742784, "\u201c@CdnPress: UPDATE: Shots fired on Parliament Hill, soldier injured at National War Memorial in Ottawa http://t.co/gjWxCou4Qp\u201d"], [524928091479867392, "\u201c@CdnPress: UPDATE: Shots fired on Parliament Hill, soldier injured at National War Memorial in Ottawa http://t.co/LHpMaHZBtX\u201d.  WTF"]], "node_mapping": {"524927695633666049": 0, "524935570381086720": 1, "524933202801336320": 2, "524928272887742464": 3, "524936501080391680": 4, "524928573954863104": 5, "524947099532918785": 6, "524950615722819584": 7, "524928175311446017": 8, "524941574170742784": 9, "524928091479867392": 10}, "edges": [[0, 10], [0, 8], [0, 3], [0, 5], [0, 2], [0, 1], [0, 9], [0, 6], [0, 7], [1, 4]]}