{"thread_id": "524949733983657984", "text_thread": [[524949733983657984, "Ottawa police now say there are 3 shootings in Ottawa:  Parliament, War Memorial and Rideau Centre Mall http://t.co/s0bE3BaNn7"], [524964397102678016, "\u201c@globalnewsto: Ottawa police now say there are 3 shootings in Ottawa:  Parliament, War Memorial &amp; Rideau Centre http://t.co/Wcnf8topWW\u201d"], [524950708974391296, "\u201c@globalnewsto: Ottawa police now say there are 3 shootings in Ottawa:  Parliament, War Memorial, Rideau Centre Mall http://t.co/xmp4LGloJT\u201d"], [524950350089162752, "\u201c@globalnewsto: Ottawa police say there are 3 shootings in Ottawa:  Parliament, War Memorial &amp; Rideau Centre Mall http://t.co/phwTiV5V4w\u201d"], [524950629568217088, "#AttackInOttawa\n@globalnewsto: #Ottawa police say there r 3 shootings: #Parliament, War Memorial and Rideau Centre\nhttp://t.co/pHzJMdzmQm"], [524950430724665344, "@globalnewsto:Ottawa police now say there are 3 shootings in Ottawa:  Parliament, War Memorial and Rideau Centre Mall http://t.co/9pAAliP1p4"]], "node_mapping": {"524949733983657984": 0, "524964397102678016": 1, "524950708974391296": 2, "524950350089162752": 3, "524950629568217088": 4, "524950430724665344": 5}, "edges": [[0, 3], [0, 5], [0, 4], [0, 2], [0, 1]]}