{"thread_id": "524972166006464512", "text_thread": [[524972166006464512, "DEVELOPING story here: Gunman killed in Ottawa; 3 shootings confirmed http://t.co/AmIGGlYu4l"], [524983941699502081, "\u201c@CTVNews: DEVELOPING story here: Gunman killed in Ottawa; 3 shootings confirmed http://t.co/XW4HHbOcz3\u201dActually Ridiculous #StaySafeOttawa"], [524976305566388224, "\u201c@CTVNews: DEVELOPING story here: Gunman killed in Ottawa; 3 shootings confirmed http://t.co/SZtYnehXAr\u201d @CanadaTomK"], [524974562145230848, "@CTVNews @TheSocialCTV the soldier has passed?! This is such a sad day. Prayers to his family and friends."]], "node_mapping": {"524972166006464512": 0, "524983941699502081": 1, "524976305566388224": 2, "524974562145230848": 3}, "edges": [[0, 3], [0, 2], [0, 1]]}