{"thread_id": "524967620588896256", "text_thread": [[524967620588896256, "Ottawa Hospital has received 3 patients, 2 of whom are in stable condition. Won't give update on soldier, deferring to DND. #cbcOTT #OTTnews"], [524971242944987136, "@CBCOttawa @CBCNews very sad is that the soldier died, hope they will find the culprits"], [524968713863577600, "@CBCOttawa @CBCNews  Reports are stating that the solider passed away  :("], [524969010526715904, "@christinasauve @CBCOttawa Yeah saw that.  Kenney stated it, not hospital."], [524969566426763265, "@CBCOttawa @CBCNews Just confirmed that the soldier has died in hospital. Very sad news."], [524968331590520833, "@CBCOttawa @CBCNews reports now soldier has died from injuries"], [524968684394405888, "@irrellenphant Indeed. Which is why we're not reporting it."], [524968469461487616, "@christinasauve @CBCOttawa DND may want to notify family before official announcement. :((("], [524969289926053890, "@craignorriscbc I was just going to say. \nVery tense downtown here. uOttawa is having all flaws in lockdown procedure revealed. Not good."], [524969550195216384, "@CBCOttawa @CBCNews thoughts and wishes go out to Ottawa this morning. *shocking*"], [524970217769021440, "@CBCOttawa : prayers to the v\u0131ct\u0131ms and the\u0131r fam\u0131l\u0131es. Well w\u0131shes for the\u0131r qu\u0131ck recovery. Pray\u0131ng for dt sold\u0131er and sold\u0131er's fam\u0131ly."], [524969286834880513, "@mtnbvan @CBCOttawa Good point :)"], [524968489787088896, "@CBCOttawa @craignorriscbc grain of salt as always though as we have heard nothing from DND"], [524970017721290752, "@CBCOttawa @CBCNews Sky News is reporting soldier has died. http://t.co/YFwlxgPR0N . Such a sad day for everyone."], [524969003031486465, "@irrellenphant Well, now we are."], [524968362531880960, "@CBCOttawa @craignorriscbc Jason Kenney stating that the soldier has passed away"], [524974360827015168, "@CBCOttawa @saveusrepublic2 my thoughts and prayers to the people of Ottawa so sorry u have to go through this"], [524970145052389376, "@CBCOttawa @CBCNews"], [524969600505884672, "@QueenofSheba1 @CBCOttawa @CBCNews for real? That's so sad. I was hoping he would make it #PrayForOttawa"]], "node_mapping": {"524967620588896256": 0, "524971242944987136": 1, "524968713863577600": 2, "524969010526715904": 3, "524969566426763265": 4, "524968331590520833": 5, "524968684394405888": 6, "524968469461487616": 7, "524969289926053890": 8, "524969550195216384": 9, "524970217769021440": 10, "524969286834880513": 11, "524968489787088896": 12, "524970017721290752": 13, "524969003031486465": 14, "524968362531880960": 15, "524974360827015168": 16, "524970145052389376": 17, "524969600505884672": 18}, "edges": [[0, 5], [0, 15], [0, 2], [0, 9], [0, 4], [0, 13], [0, 17], [0, 10], [0, 1], [0, 16], [5, 18], [15, 12], [12, 6], [12, 14], [14, 8]]}