{"thread_id": "524949828711620608", "text_thread": [[524949828711620608, "UPDATE: One shooter possibly on the loose in #Ottawa amid reports of shootings in the city: http://t.co/tjycT5YQcv"], [524954903861792768, "@FoxNews suggest all countries put government buildings on special alert. even countries not friendly to US should do so also"], [524954342236094464, "@FoxNews The PIGS called me a shooter when I was taking drugs."], [524949933439209473, "@FoxNews The best rated  online store of the season has been chosen!!! Check them out here ---&gt; http://t.co/AMv5X4cQKn"], [524957366207254528, "\u201c@FoxNews: UPDATE: One shooter possibly on the loose in #Ottawa amid reports of shootings in the city: http://t.co/bSk1ndGWZm\u201d"], [524953311729176576, "@FoxNews Prayers for safety."], [524952758974418947, "\u201c@FoxNews:..One shooter possibly on loose in #Ottawa amid reports of shootings..\u201d #FilthyCanadaUnderSiege  #HarborGodEnemies #HidingWontHelp"], [524950885433356289, "@FoxNews See they made Public to target American Military and then thy Hit the Canadian Military! Code Talking Maybe!"], [524951563329347585, "@FoxNews 25 US Citizens are killed by Obama's illegal aliens EVERY DAY, but Fox is glued to anything smelling like Domestic Terrorism...."], [524950638254649345, "\u201c@FoxNews: UPDATE: One shooter possibly on the loose in #Ottawa amid reports of shootings in the city: http://t.co/yjPVHMNor1\u201d yikes! \ud83d\ude2c"], [524950087680532480, "@FoxNews shooter in teh building has been shot,,,"], [524959427875844097, "RT @FoxNews: UPDATE: One shooter possibly on the loose in #Ottawa amid reports of shootings in the city: http://t.co/reyfVo9qJ7"], [524950839073705984, "\u201c@FoxNews: UPDATE: One shooter possibly on the loose in #Ottawa amid reports of shootings in the city: http://t.co/C8HeEWRyCf\u201d"]], "node_mapping": {"524949828711620608": 0, "524954903861792768": 1, "524954342236094464": 2, "524949933439209473": 3, "524957366207254528": 4, "524953311729176576": 5, "524952758974418947": 6, "524950885433356289": 7, "524951563329347585": 8, "524950638254649345": 9, "524950087680532480": 10, "524959427875844097": 11, "524950839073705984": 12}, "edges": [[0, 3], [0, 10], [0, 9], [0, 12], [0, 7], [0, 8], [0, 6], [0, 5], [0, 2], [0, 1], [0, 4], [0, 11]]}