{"thread_id": "524976486902951936", "text_thread": [[524976486902951936, "Map of three #Ottawa locations where police say shots have been fired http://t.co/QrP5bauJcR http://t.co/nutT2VYvpD"], [524980159775248385, "@BBCNewsGraphics you should try that at venezuela......"], [524980444186423297, "\u201c@BBCNewsGraphics: Map of three #Ottawa locations where police say shots have been fired http://t.co/7xuYkMiyhg http://t.co/lp7Dk4kNRm\u201d"], [524976996716015620, ".@CarrieOh_77 Another: MT @BBCNewsGraphics: Map of 3 Ottawa spots where cops say shots fired http://t.co/9GRoVF3ROj http://t.co/VMAy28URe3"], [524984794699288576, "@BBCNewsGraphics @BBCWorld BBC calls it a shooting until they know it was brown people, then it will be a terrorist attack!"], [524980870554607616, "@BBCNewsGraphics @BBCWorld  30+ shots fired- 1 Military reservist confirmed dead, 2 others injured,  # of shooters unknown. #OttawaStrong"], [524981114889580545, "@BBCNewsGraphics @BBCWorld thank you for your coverage. Help keep the focus on the victims not the perpetrators. #OttawaShooting"], [524978973231828994, "\u201cMap of three #Ottawa locations where police say shots have been fired http://t.co/1rEZaY70As http://t.co/Nht2Qz37W6\u201d rt@BBCNewsGraphics"], [524983424659226625, "@BBCNewsGraphics @BBCWorld \n psychopathic viruses called #IslamicState\n R danger 4 every civil society\nCivilized #world must support #Kobani"]], "node_mapping": {"524976486902951936": 0, "524980159775248385": 1, "524980444186423297": 2, "524976996716015620": 3, "524984794699288576": 4, "524980870554607616": 5, "524981114889580545": 6, "524978973231828994": 7, "524983424659226625": 8}, "edges": [[0, 3], [0, 7], [0, 1], [0, 2], [0, 5], [0, 6], [0, 8], [0, 4]]}