{"thread_id": "524953840127574016", "text_thread": [[524953840127574016, "Police confirm 3rd shooting in area of Rideau Centre, mall in downtown #Ottawa east of Parliament Hill. #cdnpoli"], [524954311021711360, "RT @CBCAlerts: Police confirm 3rd shooting in area of Rideau Centre, mall in downtown #Ottawa east of Parliament Hill. #cdnpoli\u201d"], [524954090380328960, "@CBCAlerts"], [524956974635839488, "@ESHDrexxin @CBCAlerts Oh, just Ottawa."], [524955093016539136, "@cbcalerts @refforlife Any of our family in Ottawa now?"], [524955700766584832, "@Andromehda @CBCAlerts Oh...:("], [524955412953432064, "@CBCAlerts @Andromehda People shoot things in Canada?"], [524955733457387520, "@CBCAlerts what the actual Fuck."], [524955274742734849, "@scottgware fortunately not. although do have some friends in the area @CBCAlerts"], [524955771659096064, "@CBCAlerts"], [524955591119503360, "@ESHDrexxin @CBCAlerts Ottawa and Toronto are under terrorist attacks by ISIS"], [524955220359786496, "@CBCAlerts is this any part of the ISIS crap?! What the hell is going on?!?!"], [524954816410554368, "\u201c@CBCAlerts: Police confirm 3rd shooting in area of Rideau Centre, in downtown #Ottawa east of Parliament Hill\u201d you're FUCKING kidding me"], [524955117553192960, "@CBCAlerts: Police confirm 3rd shooting in area of Rideau Centre, mall in downtown #Ottawa east of Parliament Hill.#cdnpoli @Santi__Acevedo"], [524954220962017281, "@CBCAlerts oh dear"], [524956780531843073, "@Marie_Habs1993 @CBCAlerts @FriedgeHNIC Been there... Done that !  Sucks. #thoughtsandprayers"], [524956893346033665, "@bostonsportsdsk @CBCAlerts @FriedgeHNIC thanks buddy!"], [524955503588548609, "@bostonsportsdsk @CBCAlerts @FriedgeHNIC thanks!!! We're in lockdown right now!!!"], [524954724182024192, "@CBCAlerts @FriedgeHNIC Best of luck to our friends up North ! Stay safe"]], "node_mapping": {"524953840127574016": 0, "524954311021711360": 1, "524954090380328960": 2, "524956974635839488": 3, "524955093016539136": 4, "524955700766584832": 5, "524955412953432064": 6, "524955733457387520": 7, "524955274742734849": 8, "524955771659096064": 9, "524955591119503360": 10, "524955220359786496": 11, "524954816410554368": 12, "524955117553192960": 13, "524954220962017281": 14, "524956780531843073": 15, "524956893346033665": 16, "524955503588548609": 17, "524954724182024192": 18}, "edges": [[0, 2], [0, 14], [0, 1], [0, 18], [0, 12], [0, 4], [0, 13], [0, 11], [0, 6], [0, 7], [0, 9], [18, 17], [17, 15], [15, 16], [4, 8], [6, 10], [10, 5], [5, 3]]}