{"thread_id": "524941041301225472", "text_thread": [[524941041301225472, "A Canadian soldier has been shot at the country's National War Memorial near Parliament. http://t.co/5UE8YlRluE http://t.co/wZRSqS5X26"], [524980090048770048, "@CBSNews"], [524949060428771328, "\u201c@CBSNews: A Canadian soldier has been shot  http://t.co/JnTNbBxEyy http://t.co/gMdJnYSGiL\u201d #PSUCOMM260"], [524977749983629314, "@superten67 @CBSNews Hang on. We don't know why and why yet."], [524951422572711936, "@CBSNews what a world?surely now is the time to return the death sentence for murder.liberalism a step to far."], [524971441050382337, "@CBSNews @LauraBoustani dirty bastards,we  need to crush them like cockroaches."], [524960826168336384, "@CBSNews My map app shows tweets from #Ottawa shooting site http://t.co/VlcPC99uBJ \u2026 #ParliamentHill"], [524997395441278976, "@CBSNews"], [524953546538487808, "Our borders are secure? #Liberalism is gonna kill us. #Democrats support #Obama! https://t.co/Nf801dEzC6 @CBSNews #ISIS #BorderCrisis #ebola"], [524954074244866048, "@CBSNews @TarekFatah is it true?"], [524968647325130752, "@CBSNews cdn soldier confirmed dead. Sad day in Canada."], [524959917761781760, "@CBSNews"], [524971661108731904, "@stevedawson17 @CBSNews if there were a referendum in the uk on the death penalty i for one would vote yes."]], "node_mapping": {"524941041301225472": 0, "524980090048770048": 1, "524949060428771328": 2, "524977749983629314": 3, "524951422572711936": 4, "524971441050382337": 5, "524960826168336384": 6, "524997395441278976": 7, "524953546538487808": 8, "524954074244866048": 9, "524968647325130752": 10, "524959917761781760": 11, "524971661108731904": 12}, "edges": [[0, 2], [0, 4], [0, 8], [0, 9], [0, 11], [0, 6], [0, 10], [0, 5], [0, 1], [0, 7], [4, 12], [5, 3]]}