{"thread_id": "524926279309860864", "text_thread": [[524926279309860864, "Shots are fired outside Canadian parliament in Ottawa and a soldier is wounded, local media report http://t.co/Ygpjna1CRG"], [524927396290756609, "#AttackInOttawa\n@BBCBreaking: Shots  outside Cndn parliament in #Ottawa and a soldier is wounded, local media report\nhttp://t.co/iyGmtDPqYI"], [524929484022378496, "@BBCBreaking I'm guessing they ran out of beer \"A\""], [524927667297320960, "@BBCBreaking stop killing baby seals please Canada they belong to the world!"], [524926673188581376, "@BBCBreaking whats it all aboot"], [524930368710144000, "@CrystalMacIntos @BBCBreaking you got a point"], [524926518787858432, "\u201c@BBCBreaking: Shots are fired outside Canadian parliament in Ottawa and a soldier is wounded, local media report http://t.co/S26D8pOyjn\u201d"], [525049411672735745, "@LeoHainey @BBCBreaking it's \"eh\"... some of us are sober in #canada. A 24-year-old father &amp; soldier died today. Our nation will morn him."], [524926899890704384, "@BBCBreaking Reports are that Sidney Crosby is being blamed"], [524929527873802240, "@sophie__malik @BBCBreaking I agree!"], [524926553395040256, "\u201c@BBCBreaking: Shots fired outside Canadian parliament in Ottawa, soldier is wounded, local media report http://t.co/kdJX343RYs\u201d WTF CANADA"], [524926694646222848, "@BBCBreaking jkow-jk, jng me naikkan harga BBM,,konsekwen,,masyarakat tdk  memerlukan ideku,,,, Jangan me naikkan BBM http://t.co/lQIcekm0Jz"], [524928720042483714, "@BBCBreaking \u00bfin Canada? That's amazing !!"], [525070230931140608, "@Thiraya_photo @BBCBreaking and morn you should! My comment was not meant to disrespect a fallen solider."], [524927198461820928, "@BBCBreaking \nNo #Muslims plz"], [524929369756942336, "@BBCBreaking Canada is supposed to be a happy place -__-"], [524927286504849409, "@BBCBreaking shots fired INSIDE the Centre Block of Parliament. Staff and MPs are in lockdown."], [524926671485272064, "@BBCBreaking that's a worry shots on outside , are not the communists in side shooting there best call"], [525513576510156800, "This was @BBCBreaking's first tweet when the story broke; tragically, Cpl #NathanCirillo died of his injuries. @robynlogan94 @sophie__malik"], [524926458515697664, "@BBCBreaking what's going on with Canada lately, it's usually so quiet over there"], [524942959167291392, "@Derrah @jamesalvahaye @BBCBreaking Hey man, you gotta be consistent with your message, even if it seems asinine #saveonlythecutethings"], [524926771842793472, "@BBCBreaking when did canada turn so violent"], [524942176888057856, "@jamesalvahaye @BBCBreaking Stop your Gun-Man and I will stop Canada  from clubbing the babies seals. Deal?"], [524928419159883776, "@BBCBreaking I used to feel so safe when I lived in Ottawa! It seems no where is safe these days from terrorism. It's a sad time we live in"]], "node_mapping": {"524926279309860864": 0, "524927396290756609": 1, "524929484022378496": 2, "524927667297320960": 3, "524926673188581376": 4, "524930368710144000": 5, "524926518787858432": 6, "525049411672735745": 7, "524926899890704384": 8, "524929527873802240": 9, "524926553395040256": 10, "524926694646222848": 11, "524928720042483714": 12, "525070230931140608": 13, "524927198461820928": 14, "524929369756942336": 15, "524927286504849409": 16, "524926671485272064": 17, "525513576510156800": 18, "524926458515697664": 19, "524942959167291392": 20, "524926771842793472": 21, "524942176888057856": 22, "524928419159883776": 23}, "edges": [[0, 19], [0, 6], [0, 10], [0, 17], [0, 4], [0, 11], [0, 21], [0, 8], [0, 14], [0, 16], [0, 1], [0, 3], [0, 23], [0, 12], [0, 15], [0, 2], [19, 9], [9, 18], [3, 22], [22, 20], [2, 7], [7, 13]]}