{"thread_id": "524964929083023360", "text_thread": [[524964929083023360, "This is #MyCanada .. Passing woman valiantly tries to save #Hamilton Reservist shot in #Ottawa .. #OttawaShooting http://t.co/0uHEdCAylc"], [524978156139454464, "@dexterdyne #MyCanada Thanking that woman for trying to save this young man. So sad he has passed photo represents our true heart - helping."], [524977919156703232, "@dexterdyne #MyCanada #UpYoursTerrorist #StandUpForCanada"], [524979967487410176, "@dexterdyne @CaptBeezer OMG.   Bless her &amp; him."], [524983291645272065, "@dexterdyne awful news RIP #OttawaShooting"], [524981128240066562, "@dexterdyne @StuMillsCBC This is horrible. Cut down while standing guard for the memory of those who faught &amp; fell to keep us safe &amp; free."], [524977860361338880, "@dexterdyne Powerful stuff."], [524978943984562176, "@dexterdyne Fucking terrorists. Kill em all"], [524992396875276288, "@thepoliticalcat @dexterdyne Ottawa Ontario Quebec Canada US Britain all allied NATO countries don't give in 2terrorists #UpYoursTerrorist"], [524984478578393090, "THIS is #myCanada @dexterdyne"], [524983060962758657, "@dexterdyne Heroes among us.  Prayers for her and this young man's family.  May he rest in peace.  So tragic &amp; horrible. Can't imagine."], [524980204733992960, "\u201c@dexterdyne: This is #MyCanada .. Passing woman valiantly tries to save #Hamilton Reservist shot in #OttawaShooting http://t.co/zcvsF9Agie\u201d"], [524984162282119169, "@dexterdyne These animals do not need to be in the west, they are as satanic as their demon god."], [524971901702377473, "This is #MyCanada .. https://t.co/7BOSBbxy0m via @dexterdyne cc: @YourAnonCentral @YourAnonLive @AnonMedics @YourAnonNews"], [524984307543461888, "@dexterdyne @JeffersonObama This strange Woman heroic act to save Honor Guard Truly Heroic Her action of Good Slaps Evil in Face #BRAVO"], [524983889929187330, "@dexterdyne @helynbolanis"], [524980749028823041, "@dexterdyne @SeanParnellUSA prayers for these people"], [524983125710213120, "\u201c@dexterdyne: Passing woman valiantly tries to save #Hamilton Reservist shot in #Ottawa .. #OttawaShooting http://t.co/CjSf5RHLlb\u201d POP \u270a"], [524979183257411584, "@dexterdyne @LCplSwofford RIP young man #sadtimes"]], "node_mapping": {"524964929083023360": 0, "524978156139454464": 1, "524977919156703232": 2, "524979967487410176": 3, "524983291645272065": 4, "524981128240066562": 5, "524977860361338880": 6, "524978943984562176": 7, "524992396875276288": 8, "524984478578393090": 9, "524983060962758657": 10, "524980204733992960": 11, "524984162282119169": 12, "524971901702377473": 13, "524984307543461888": 14, "524983889929187330": 15, "524980749028823041": 16, "524983125710213120": 17, "524979183257411584": 18}, "edges": [[0, 13], [0, 6], [0, 2], [0, 1], [0, 7], [0, 18], [0, 3], [0, 11], [0, 16], [0, 5], [0, 10], [0, 17], [0, 4], [0, 15], [0, 12], [0, 14], [0, 9], [2, 8]]}