{"thread_id": "524976980799000578", "text_thread": [[524976980799000578, "BREAKING NEWS: OTTAWA POLICE CONFIRM TO ABC NEWS THEY ARE LOOKING FOR 3 SUSPECTS, ONE HAS BEEN 'DEALT WITH' - http://t.co/lXFiYaVImZ"], [524986041120620544, "@PzFeed totally just followed you"], [524995105820659712, "@PzFeed @chFthemango DrPres, Starfall and Daniel Cardlucci on the run, chF tango'd."], [524977148625289216, "@PzFeed that'd make two then"], [524979364463915008, "@CDNGunner00 Here we should be able to execute them send them on to their 72 Virginians if we can PROVE Bypassing death ROW,"], [524996089360183296, "@PzFeed allah hu akbar"], [524978345885577216, "@PzFeed I hope they turn those jihadist cowards into swish cheese."], [524977328074809345, "@PzFeed dead faggot"], [524978194102108160, "RT \u201c@PzFeed: BREAKING NEWS: OTTAWA POLICE CONFIRM TO ABC NEWS THEY ARE LOOKING FOR 3 SUSPECTS, ONE HAS BEEN 'DEALT WITH' \u201d"], [524977521889411072, "@PzFeed @CDNGunner00 I love that word when dealing with Terrorist- \" Dealt With\" Not arrested, not on trial BUT DEAD FUCKING DEADIE DEAD"], [524977643499044865, "@Fractrdinsanity amen to that brother"], [524978021447778304, "@PzFeed kill them all"]], "node_mapping": {"524976980799000578": 0, "524986041120620544": 1, "524995105820659712": 2, "524977148625289216": 3, "524979364463915008": 4, "524996089360183296": 5, "524978345885577216": 6, "524977328074809345": 7, "524978194102108160": 8, "524977521889411072": 9, "524977643499044865": 10, "524978021447778304": 11}, "edges": [[0, 3], [0, 7], [0, 9], [0, 11], [0, 8], [0, 6], [0, 1], [0, 2], [0, 5], [9, 10], [10, 4]]}