{"thread_id": "524990180034609152", "text_thread": [[524990180034609152, "Sergeant-at-Arms of Canada's parliament called a hero for shooting gunman who entered building http://t.co/n7Uyuj8zgu http://t.co/kfV2La0M7m"], [524991830199644160, "@ceddkay @SkyNews  Idiot. Very hard to do knowing you could take someone's life. All credit to him."], [524990968660238336, "@SkyNews #Heroes Come in every shape size true character of humanity at it's very finest when others need them most Thank God for courage&gt;&gt;&gt;"], [524994916355940352, "@nduna_lux @skynews I found your tweet subtly imprudent and irritating,must you mention muslim which should uncalled for."], [524990480032227328, "@SkyNews That's for sure! He should be given a raise in his pension for this one."], [524991744124157953, "@skynews Britain has to be on alert. Too many muslims in the country"], [524997038665396224, "@SkyNews What a hero!!! Salute! Sir"], [524993990865993728, "@SkyNews why dont you call that 'called' to an 'is'"], [524991300962357248, "@ceddkay stupid comment"], [524995452518010882, "@SkyNews well done.  Good thing he had a gun &amp; knew how to use it properly."], [525002419974201344, "@SkyNews Just like that."], [524994883384532992, "@ceddkay @SkyNews lol. Under stress and hit your target and not innocents? Damn tough."], [524991024922628096, "@SkyNews a true hero"], [524995566720548864, "@SkyNews @sixthunderbirds Here he is Canada's Hero."], [525012136016506880, "@Adesh_ka @Nduna_lux @SkyNews @SkyNews Guess who could it be . The religion of peace , seculars will now shout"], [525141503543218176, "@nikkyboy22 @nduna_lux @skynews Sercastically xtian promote peace,who is kiling ppl in Iraq,Syria by bomb MUSLIM?End of the Discusion."], [524997466249519105, "@SkyNews top bloke!"], [525002470431670273, "@adesh_ka @skynews what's prudent? Abductions, terror tunnels and beheadings?"], [524994239495553024, "@SkyNews You guys are not ready for what's happening in the world. How do you let a gunman reach your Parliament?"]], "node_mapping": {"524990180034609152": 0, "524991830199644160": 1, "524990968660238336": 2, "524994916355940352": 3, "524990480032227328": 4, "524991744124157953": 5, "524997038665396224": 6, "524993990865993728": 7, "524991300962357248": 8, "524995452518010882": 9, "525002419974201344": 10, "524994883384532992": 11, "524991024922628096": 12, "524995566720548864": 13, "525012136016506880": 14, "525141503543218176": 15, "524997466249519105": 16, "525002470431670273": 17, "524994239495553024": 18}, "edges": [[0, 4], [0, 2], [0, 12], [0, 5], [0, 7], [0, 18], [0, 9], [0, 13], [0, 6], [0, 16], [0, 10], [5, 3], [3, 17], [3, 14], [14, 15]]}