{"thread_id": "524944006577668096", "text_thread": [[524944006577668096, "RT @CBCOttawa: CONFIRMED | 1 shooter shot dead at Parliament Hill, but there is more than 1 suspect. #cbcOTT #OTTnews"], [524945612643794944, "@CBCOttawa All Government Buildings on lockdown as precaution. Employees told to stay way from windows. #parliament"], [524944149427281920, "@CBCOttawa"], [524944488469655552, "@CBCOttawa #staysafe #Ottawa #prayers"]], "node_mapping": {"524944006577668096": 0, "524945612643794944": 1, "524944149427281920": 2, "524944488469655552": 3}, "edges": [[0, 2], [0, 3], [0, 1]]}