{"thread_id": "524943490887991296", "text_thread": [[524943490887991296, "CONFIRMED | 1 shooter shot dead at Parliament Hill, but there is more than 1 suspect. #cbcOTT #OTTnews"], [524943794702401536, "@CBCOttawa @TheLeeWilliams :-(("], [524944680971415552, "\u201c@CBCOttawa: CONFIRMED | 1 shooter shot dead at Parliament Hill, but there is more than 1 suspect. #cbcOTT #OTTnews\u201d @JohnJeddore"], [524943652138016768, "\u201c@CBCOttawa: CONFIRMED | 1 shooter shot dead at Parliament Hill, but there is more than 1 suspect. #cbcOTT #OTTnews\u201d \ud83d\ude2d\ud83d\ude2d"], [524943686032175104, "\u201c@CBCOttawa: CONFIRMED | 1 shooter shot dead at Parliament Hill, but there is more than 1 suspect. #cbcOTT #OTTnews\u201d #staysafeottawa"], [524944687053152256, "Dear Canada, what are you doing??? MT @CBCOttawa CONFIRMED | 1 shooter shot dead at Parliament Hill. #cbcOTT #OTTnews"], [524944020276256768, "\u201c@CBCOttawa: CONFIRMED | 1 shooter shot dead at Parliament Hill, but there is more than 1 suspect. #cbcOTT #OTTnews\u201d"], [524945168277852160, "@ac360 @cnn\"@CBCOttawa: CONFIRMED | 1 shooter shot dead at Parliament Hill, but there is more than 1 suspect. #cbcOTT #OTTnews\u201d"]], "node_mapping": {"524943490887991296": 0, "524943794702401536": 1, "524944680971415552": 2, "524943652138016768": 3, "524943686032175104": 4, "524944687053152256": 5, "524944020276256768": 6, "524945168277852160": 7}, "edges": [[0, 3], [0, 4], [0, 1], [0, 6], [0, 2], [0, 5], [0, 7]]}