{"thread_id": "524937542131793920", "text_thread": [[524937542131793920, "We are in full lock down until further notice from Ottawa Police."], [524962719980879872, "@mercy2us @RideauCentre Glad you guys are ok."], [524953732480794624, "@RideauCentre any reports of shots fired inside the Rideau Centre or just nearby?"], [524954077072228352, ".@RideauCentre Conflicting reports regarding a possible shooting on/near the Centre, but your GM said no shooting. Can you clarify at all?"], [524959677827014656, "@RideauCentre @bernardcolin we were near here trying to drive to Wakefield. Stuck in tfc now"], [524953098201362432, "Stay safe my friends. RT @RideauCentre: We are in full lock down until further notice from Ottawa Police."], [524981938038534147, "@bernardcolin glad you're safe too!! Was weird to be only car on rideau &amp; not know about the #ottawashooting til afterwards"]], "node_mapping": {"524937542131793920": 0, "524962719980879872": 1, "524953732480794624": 2, "524954077072228352": 3, "524959677827014656": 4, "524953098201362432": 5, "524981938038534147": 6}, "edges": [[0, 5], [0, 2], [0, 3], [0, 4], [4, 1], [1, 6]]}