{"thread_id": "524926445496197120", "text_thread": [[524926445496197120, "BREAKING: There have been two shootings on Parliament Hill. One of the victims is believed to be a member of the Canadian Forces."], [524929909190569984, "\u201c@CP24: BREAKING: Der have been 2 shootings on Parliament Hill. One of the victims is believed to be a member of the Canadian Forces.\u201d @CNN"], [524937292134486016, "@Jubels13 it's complicated. I lived in Madrid when the terrorist attack at the train station and the whole city feels weird for a while"], [524928606372634625, "@CP24 @PepAiello This is the tweet."], [524926646806396928, "RT @CP24: BREAKING: There have been two shootings on Parliament Hill. One of the victims is believed to be a member of the Canadian Forces."], [524935829689741312, "@evatxudm yes very scary. Last I heard they are still looking. Very active scene(s). Not sure of much right now."], [524927074776383488, "RT @CP24: BREAKING: There have been two shootings on Parliament Hill. One of the victims is believed to be a member of the Canadian Forces."], [525014134879170560, "@evatxudm it's awful. Horrible world we live in."], [524927306197114881, "@CP24 and the planes over gta doing donuts? Wtf???"], [524927040282460160, "Wat @CP24 BREAKING: There have been two shootings on Parliament Hill. One of the victims is believed to be a member of the Canadian Forces."], [524927834733936640, "RT @CP24: BREAKING: There have been two shootings on Parliament Hill. One of the victims is believed to be a member of the Canadian Forces."], [524926980450709504, "\u201c@CP24: BREAKING:  two shootings on Parliament Hill. One of the victims is believed to be a member of the Canadian Forces.\u201d#cdnpoli"], [524931485007372290, "@evatxudm hunting rifles yes. Not AK47 type guns or high powered handguns. But people get them illegally."], [524927273947115520, "\u201c@CP24: BREAKING: There have been two shootings on Parliament Hill. One of the victims is believed to be a member of the Canadian Forces.\""], [524932385222430721, "@Jubels13 hunting is an exception here as well. This is so scary, really ... Do they police know who &amp; why they did it?"], [524930380512919552, "@CP24 @Steve_Dangle"], [524927080015085568, "RT @CP24 \"BREAKING: There have been two shootings on Parliament Hill. One of the victims is believed to be a member of the Canadian Forces.\""], [524931534760198144, "@Luxshia_07 @CP24 looool sorry my friends gay \ud83d\ude05\ud83d\ude02"], [524929940828196864, "@Jubels13 are you allowed to own guns in Canada?"], [524932145455071232, "@MarcusAwsum @CP24 thx. Monitoring 1010.\nI"], [524940322296836097, "@Luxshia_07 Lool okok \ud83d\ude02"]], "node_mapping": {"524926445496197120": 0, "524929909190569984": 1, "524937292134486016": 2, "524928606372634625": 3, "524926646806396928": 4, "524935829689741312": 5, "524927074776383488": 6, "525014134879170560": 7, "524927306197114881": 8, "524927040282460160": 9, "524927834733936640": 10, "524926980450709504": 11, "524931485007372290": 12, "524927273947115520": 13, "524932385222430721": 14, "524930380512919552": 15, "524927080015085568": 16, "524931534760198144": 17, "524929940828196864": 18, "524932145455071232": 19, "524940322296836097": 20}, "edges": [[0, 4], [0, 11], [0, 9], [0, 6], [0, 16], [0, 13], [0, 8], [0, 10], [0, 3], [0, 1], [0, 15], [10, 18], [18, 12], [12, 14], [14, 5], [5, 2], [2, 7], [3, 19]]}