{"thread_id": "524935816603107328", "text_thread": [[524935816603107328, "BREAKING UPDATE: Soldier shot at National War Memorial in Ottawa, Canada, police tell @ABC News - http://t.co/wg7WHTjJGI"], [524935929421516800, "@ABC multiple shots fired in parliament hill"], [524936138159427585, "@ABC Is there truth on the US Embassy getting hit in Baghdad?"], [524936235304120320, "@ABC thats so so sad people are dumb if they do that! (shoot pople is dumb)"], [524936319764819968, "#BREAKING UPDATE: #Soldier shot at National War Memorial in Ottawa, #Canada, police tell @ABC News - http://t.co/NpQryYZJCS"], [524937050747723777, "RT @ABC: BREAKING UPDATE: Soldier shot at National War Memorial in Ottawa, Canada, police tell @ABC News - http://t.co/sV8ItmP2fu"]], "node_mapping": {"524935816603107328": 0, "524935929421516800": 1, "524936138159427585": 2, "524936235304120320": 3, "524936319764819968": 4, "524937050747723777": 5}, "edges": [[0, 1], [0, 2], [0, 3], [0, 4], [0, 5]]}