{"thread_id": "524944399890124801", "text_thread": [[524944399890124801, "Recap: Gunman shot dead inside Parliament buildings; police believe there may be others on loose. Cdn soldier shot earlier at War Memorial."], [524967855105007616, "@cdnmickeyfan @CBCAlerts all I am trying to point out is that #sensationalism has never been very useful to anyone. #Canada #terror"], [524952198170836992, "@CBCAlerts @Finlaure13 Oh no! :("], [524946767209459712, "RT \"@CBCAlerts: Gunman shot dead inside Parliament; police believe there may be others on loose. Cdn soldier shot earlier at War Memorial.\u201d"], [524945376911314945, "@CBCAlerts @CBCNews"], [524952535548063745, "@CynleeF @CBCAlerts This is the second soldier killed this week by possible \"terrorists\" now under investigation."], [524971261005660160, "@PrideSky @CBCAlerts You should see how many have retweeted and favourited my tweet. I think I am expressing what a lot want to. Wake up!!"], [524953373200891904, "@Finlaure13 Scary stuff..."], [524970090912313345, "@cdnmickeyfan @CBCAlerts I think that what you are saying is very dangerous, and exactly what is wrong with the world we are living in."], [524945108291297280, "@CBCAlerts Honte a nous, les americains doivent rire de nous, notre parlement est facile dacces en plus des armes"], [524949253312217088, "@cdnmickeyfan @CBCAlerts there is far more tragedy than raw, unclothed, animality here."], [524945130113863680, "\u201c@CBCAlerts: Recap: Gunman shot dead inside Parliament buildings; police believe there may be others on loose...\u201d #Ottawa"], [524969433308340224, "@PrideSky @CBCAlerts I think that what they are doing around the world is \"sensational\". It's about time we matched it."], [524970408479850496, "@cdnmickeyfan @CBCAlerts more than anything we need sobriety, not sensationalism. #terror #Canada #cbc #parliament #harper #war #peace"], [524971624093982721, "@PrideSky @CBCAlerts So what they are doing is right??? You're wacked!!! You should be on a list!!!"], [524953954111995904, "@CynleeF Agreed."], [524946868887756801, "#Ottawa MT @CBCAlerts: Gunman shot dead inside Parliament; police believe there may be others on loose. Soldier shot earlier at War Memorial"], [524948340057047040, "@CBCAlerts \nOk so he is dead, understanding he was a huge threat....BUT now WE will NOT know~who or why? #CANADIANSneedTOknow"], [524972557116915712, "@PrideSky @CBCAlerts Blah blah....bleeding heart!!!!"], [524951483872444416, "@PrideSky @CBCAlerts The tragedy is that we are allowing these people in to our country. Don't know what the hell you're talking about!!"], [524948893633871872, "@CBCAlerts @jbenton a safe bet?"], [524946532416884736, "@CBCAlerts Hunt them down like the animals that they are!!"], [524971862682767360, "@cdnmickeyfan @CBCAlerts Fear has always been easier to manipulate than courage."]], "node_mapping": {"524944399890124801": 0, "524967855105007616": 1, "524952198170836992": 2, "524946767209459712": 3, "524945376911314945": 4, "524952535548063745": 5, "524971261005660160": 6, "524953373200891904": 7, "524970090912313345": 8, "524945108291297280": 9, "524949253312217088": 10, "524945130113863680": 11, "524969433308340224": 12, "524970408479850496": 13, "524971624093982721": 14, "524953954111995904": 15, "524946868887756801": 16, "524948340057047040": 17, "524972557116915712": 18, "524951483872444416": 19, "524948893633871872": 20, "524946532416884736": 21, "524971862682767360": 22}, "edges": [[0, 9], [0, 11], [0, 4], [0, 21], [0, 3], [0, 16], [0, 17], [0, 20], [0, 2], [21, 10], [10, 19], [19, 1], [1, 12], [12, 8], [12, 13], [8, 6], [8, 14], [6, 22], [22, 18], [2, 5], [5, 7], [7, 15]]}