{"thread_id": "524953391634866176", "text_thread": [[524953391634866176, "Here's the footage shot by Globe reporter @josh_wingrove of gun fire in Parliament Hill building https://t.co/FOu4PbNCDq"], [524971750959095808, "MT Cops running towards gunfire #heroes #Ottawa \n@globeandmail: Here's the footage shot in Parliament Hill building https://t.co/TuRQNLp8r1"], [524975810604961792, "@globeandmail @EuromaidanPR @josh_wingrove Starting to remind me of #Libya"], [524954026878984192, "@globeandmail @josh_wingrove Thanks for posting, Josh. Stay safe!"], [524957322859532290, "RT @globeandmail Here's the footage shot by Globe reporter @josh_wingrove of gun fire in Parliament Hill building https://t.co/PsJda3XGq2"], [524958165750669312, "@globeandmail @josh_wingrove  -- so sad that this has occurred."], [524955493996191744, "@globeandmail @josh_wingrove stay safe"], [524954378852392960, "@globeandmail @josh_wingrove are the fbi involved or is there a drill on as per #usualsuspects"]], "node_mapping": {"524953391634866176": 0, "524971750959095808": 1, "524975810604961792": 2, "524954026878984192": 3, "524957322859532290": 4, "524958165750669312": 5, "524955493996191744": 6, "524954378852392960": 7}, "edges": [[0, 3], [0, 7], [0, 6], [0, 4], [0, 5], [0, 1], [0, 2]]}