{"thread_id": "524949073154301952", "text_thread": [[524949073154301952, "BREAKING: @ottawapolice confirm one death on Parliament Hill. 3 separate shootings: War Memorial, Hill and \"near Rideau Centre\" @ctvottawa"], [524951682711830528, "@grahamctv @OttawaPolice @ctvottawa wonder if this is at all connected to Canada sending planes for airstrikes in Iraq/Syria?"], [524952686828191745, ".@grahamctv @ottawapolice @ctvottawa Has \"near\" been clarified? @RideauCentre gm told @CFRAOttawa no shooting there."], [524951172550250496, "@grahamctv @OttawaPolice @ctvottawa ctv national say 1 shooter shot"], [524954934270492672, "@grahamctv @TheLeeWilliams @OttawaPolice @ctvottawa Please let the innocent ones be safe, and our wounded soldier. This is so sickening."], [524949588332269568, "From @grahamctv: @ottawapolice confirm one death on Parliament Hill. 3 separate shootings: War Memorial, Hill and \"near Rideau Centre\""], [524952562341273600, "@grahamctv @ctvottawa @OttawaPolice @LeifLeclair"], [524949595538063360, "@grahamctv @cfhorgan @OttawaPolice @ctvottawa @melissagrelo Did you see this report?"], [524952223189860352, "@@Ihave6kids @grahamctv @ctvottawa @OttawaPolice"], [524949611664789504, "@grahamctv @ctvottawa @OttawaPolice am watching CBC news on tv and they are slow with news. Ty for update!"], [524956281296388096, "MT @grahamctv: BREAKING @ottawapolice confirm one death on Parliament Hill. 3 separate shootings: War Memorial, Hill and \"near Rideau Centre"]], "node_mapping": {"524949073154301952": 0, "524951682711830528": 1, "524952686828191745": 2, "524951172550250496": 3, "524954934270492672": 4, "524949588332269568": 5, "524952562341273600": 6, "524949595538063360": 7, "524952223189860352": 8, "524949611664789504": 9, "524956281296388096": 10}, "edges": [[0, 5], [0, 7], [0, 9], [0, 3], [0, 1], [0, 8], [0, 6], [0, 2], [0, 4], [0, 10]]}