{"thread_id": "524975847846203393", "text_thread": [[524975847846203393, "NHL says date of rescheduled game TBD. NHL  ``wishes to express its sympathy and prayers to all affected by the tragic events in Ottawa''"], [524977137670164482, "@Real_ESPNLeBrun thank you NHL."], [524976082576228352, "@Real_ESPNLeBrun a little surprised they just didnt move it to tomorrow, but it shouldnt be too hard for these 2 teams to find a mutual date"], [524976420574216192, "@Real_ESPNLeBrun dois \u00eatre vraiment stressant pour les joueurs \u00e0 l'h\u00f4tel et leur famille"], [524976165178470401, "@Real_ESPNLeBrun My thoughts and prayers to Ottawa including the soldier who survived. Our lord and savior was there for him #PrayForOttawa"], [524976034383290368, "@Real_ESPNLeBrun Definitely the right call."]], "node_mapping": {"524975847846203393": 0, "524977137670164482": 1, "524976082576228352": 2, "524976420574216192": 3, "524976165178470401": 4, "524976034383290368": 5}, "edges": [[0, 5], [0, 2], [0, 4], [0, 3], [0, 1]]}