{"thread_id": "524936966492942336", "text_thread": [[524936966492942336, "Canada's parliament in lockdown after shooting - follow our live coverage here:\nhttp://t.co/1AhAZAaFUW http://t.co/Sf7EkD4PEB"], [524943109046956033, "@BBCBreaking @tatianamaslany This is just across the street from my office. I can see police everywhere!"], [524939859732230145, "Why cant u say terrorism?? @bbcbreaking"], [524938141346828288, "@BBCBreaking \"Welcome to our live coverage of the shooting near parliament in Ottawa. We'll bring you the latest as it happens.\" ???"], [524942854129725440, "@BBCBreaking @tatianamaslany This is just happening everywhere \ud83d\ude1eso horrible"], [524958514759106561, "@pokemanzbattlez @BBCBreaking that's intense"], [524937653704470528, "@BBCBreaking Canada Shooting distraction from MASSIVE story breaking in UK #CSAinquiry #childabuse #CUSIPnumber @GlobalRevLive @EXPATS4HK"], [524944818947227649, "@BBCBreaking Not only the shooting places but the entire country need to be in watch out.Extremist are home/visitors."], [524939640709869569, "@BBCBreaking Abu Nasir is back!"], [524939272567406592, "@BBCBreaking \"FIGHT FOR NEW WORLD ORDER\"....\n\n\"WE NEED TO END WEAPON PRODUCTION\" AND WE NEED TO BEGIN A, \"WEAPON EVACUATION VERIFICATION\"..."], [524937092963790848, "@BBCBreaking Clique, acesse e leia em http://t.co/DPeyQj53zz Muito obrigadoo."], [524937203622109185, "\u201c@BBCBreaking: Canada's parliament in lockdown after shooting -follow our live coverage here:\nhttp://t.co/Fpwo0pTQZK http://t.co/pGGdU7MIDe\u201d"], [524940715034697728, "@BBCBreaking Religion of Pieces..."], [524941632291225601, "@BBCBreaking #OscarPistorius at it again"], [524937713695592448, "@BBCBreaking more shots reported within the parliament building, an \"agent\" down and shooter reported dead."], [524946045524901888, "\u30ab\u30ca\u30c0\u306e\u30aa\u30bf\u30ef\u3001\u8b70\u4f1a\u5468\u8fba\u65bd\u8a2d\u306e\u9283\u6483\u4e8b\u4ef6\u3092\u53d7\u3051\u3066\u3001\u8b70\u4f1a\u3092\u9589\u9396\u3002@BBCBreaking Canada's parliament in lockdown after shooting  http://t.co/AbbgToFnsl"], [524938220652728320, "@BBCBreaking hey @BlueSpartain u heard about this"]], "node_mapping": {"524936966492942336": 0, "524943109046956033": 1, "524939859732230145": 2, "524938141346828288": 3, "524942854129725440": 4, "524958514759106561": 5, "524937653704470528": 6, "524944818947227649": 7, "524939640709869569": 8, "524939272567406592": 9, "524937092963790848": 10, "524937203622109185": 11, "524940715034697728": 12, "524941632291225601": 13, "524937713695592448": 14, "524946045524901888": 15, "524938220652728320": 16}, "edges": [[0, 10], [0, 11], [0, 6], [0, 14], [0, 3], [0, 16], [0, 9], [0, 8], [0, 2], [0, 12], [0, 13], [0, 4], [0, 1], [0, 7], [0, 15], [16, 5]]}