{"thread_id": "524926472432410625", "text_thread": [[524926472432410625, "One person shot outside Centre Block, a second wounded inside the building in Parliament Hill shooting http://t.co/zng0g0aelU"], [524928143229190145, "@CTVMontreal @careysmithctv if @JustinTrudeau reacts same as his home break in he will want full on Armed Forces assault on ISIS."], [524928355016396800, "@CTVMontreal When will Canadians wake up and realize this war on the Islamist rapist slavers is no game, no joke.  Arrest them NOW !!!"], [524926985454518272, "\"@CTVMontreal: One person shot outside Centre Block, 2nd wounded inside the building in Parliament Hill shooting http://t.co/YaZ5ptIm5y\" &gt;:("]], "node_mapping": {"524926472432410625": 0, "524928143229190145": 1, "524928355016396800": 2, "524926985454518272": 3}, "edges": [[0, 3], [0, 1], [0, 2]]}