{"thread_id": "524983325275197440", "text_thread": [[524983325275197440, "#RCMP news conference on #Ottawa shootings expected to begin momentarily. Watch live @ http://t.co/kngapKTSCe"], [524986339272720387, "@CBCAlerts @CBCTheNational that link doesnt lead to a live feed"], [524990925798641664, "@cbcalerts Our gratitude to Sgt-at-Arms Kevin Vickers for his selfless duty in the defence of Parliament Hill, and to those security forces."], [524985179333730305, "FYI #ottcity! @CBCAlerts: #RCMP news conference on #Ottawa shootings expected to begin momentarily. Watch live @ http://t.co/chEpjRW069\u201d"]], "node_mapping": {"524983325275197440": 0, "524986339272720387": 1, "524990925798641664": 2, "524985179333730305": 3}, "edges": [[0, 3], [0, 1], [0, 2]]}