{"thread_id": "524937594090844160", "text_thread": [[524937594090844160, "More shots being fired near parliament in Ottawa, suspect still at large: TV"], [524938672475754496, "@Reuters @michellemalkin Hunting season?"], [524937778250125313, "@Reuters \u0641\u0627\u064a\u0632 \u0627\u0644\u0645\u0627\u0644\u0643\u064a: \u0631\u062c\u0644 \u0627\u0644\u0627\u0645\u0647 - \u0648\u064a\u0646\u0635\u062d \u0628\u0645\u062a\u0627\u0628\u0639\u0647 \u0630\u0627 \u0627\u0644\u062d\u0633\u0627\u0628 @Question_arab"], [524938738082660352, "@Reuters he is already dead"], [524940021733003265, "@Reuters @michellemalkin  so is this next domino? Australia, England, gun control, confiscation. Let's hope cool heads in Ottawa prevail."], [524937704992419840, "@Reuters Clique, acesse e leia em http://t.co/DPeyQj53zz Muito obrigadoo."], [524937703381811201, "\u201c@Reuters: More shots being fired near parliament in Ottawa, suspect still at large: TV\u201d"], [524940523363368961, "@Reuters @michellemalkin  Bloomberg &amp; Obama will not waste time to push that agenda and if Canada falls in line they'll make hay to that end"], [524937952930308096, "OMFG RT @Reuters: More shots being fired near parliament in Ottawa, suspect still at large: TV"], [524938306271068160, "@reuters a once peaceful city! #Ottawa"], [524937833375887360, "@Reuters suspect has now be killed. Unconfirmed"], [524937865537798145, "@Reuters  Big Trouble in Canuckistan, how's that #diversity &amp; #immigration working out for you? #Canada"], [524937986421436416, "\u201c@Reuters: More shots being fired near parliament in Ottawa, suspect still at large: TV"], [524963253387272192, "@Reuters @michellemalkin If it were america \" they \" would be down playing it."], [524939482647523328, "@Reuters the bastard is gone! Dead! Cold and ready to be burned and buried in unknown site :-)"], [524951650109497344, "@Reuters"], [524942377417707520, "\u201c@Reuters: More shots being fired near parliament in Ottawa, suspect still at large: TV\u201d stay safe"], [524938817816788992, "\"@Reuters: More shots being fired near parliament in Ottawa, suspect still at large: TV\u201d"]], "node_mapping": {"524937594090844160": 0, "524938672475754496": 1, "524937778250125313": 2, "524938738082660352": 3, "524940021733003265": 4, "524937704992419840": 5, "524937703381811201": 6, "524940523363368961": 7, "524937952930308096": 8, "524938306271068160": 9, "524937833375887360": 10, "524937865537798145": 11, "524937986421436416": 12, "524963253387272192": 13, "524939482647523328": 14, "524951650109497344": 15, "524942377417707520": 16, "524938817816788992": 17}, "edges": [[0, 6], [0, 5], [0, 2], [0, 10], [0, 11], [0, 8], [0, 12], [0, 9], [0, 1], [0, 3], [0, 17], [0, 14], [0, 4], [0, 16], [0, 15], [0, 13], [4, 7]]}