{"thread_id": "524935246647926784", "text_thread": [[524935246647926784, "Shots were fired at Canada's national war memorial in Ottawa and a ceremonial guard was shot, police say. http://t.co/9KkQ1apxxW"], [524938417818578944, "@WSJ @macdonaldajm Canada has been to war..?"], [524953964702625793, "@WSJ You have to ask yourself. How does someone get past the front doors of Parliament with a rifle? Where was the security?"], [524936786665938944, "@WSJ always bad news and not any good news unfortunately"], [524974063140106241, "@WSJ Thought and prayers for everyone over there with high hopes that everyone is alright"]], "node_mapping": {"524935246647926784": 0, "524938417818578944": 1, "524953964702625793": 2, "524936786665938944": 3, "524974063140106241": 4}, "edges": [[0, 3], [0, 1], [0, 2], [0, 4]]}