{"thread_id": "524981436252950528", "text_thread": [[524981436252950528, "Canadian authorities have given name of suspect in Ottawa attacks to U.S. feds; ask for FBI assistance: Sr U.S. law enforcement official"], [524982163456786432, "@RamCNN My map app shows tweets from #Ottawa shooting site http://t.co/VlcPC99uBJ \u2026 \u2026"], [524981904131764224, "@RamCNN @20committee any timeline on when the general public gets the name?"], [525541364927574016, "@RamCNN Follow Official account @Riconymous"], [524981780122972161, "@RamCNN @shephardm The FBI probably already knew him quite well, if past incidents are anything to go by."], [524982686369472512, "\u201c@RamCNN: Canadian authorities have given name of suspect in #Ottawa to U.S. feds; ask for FBI help: Sr U.S. law enforcement official\u201d"], [525554047408160768, "@RamCNN Follow Official account @Riconymous"], [524982445469622272, "@RamCNN @HuffPostCanada what is happening in Ottawa today is devastating. This is Canada, peace loving!!"]], "node_mapping": {"524981436252950528": 0, "524982163456786432": 1, "524981904131764224": 2, "525541364927574016": 3, "524981780122972161": 4, "524982686369472512": 5, "525554047408160768": 6, "524982445469622272": 7}, "edges": [[0, 4], [0, 2], [0, 1], [0, 7], [0, 5], [0, 3], [0, 6]]}