{"thread_id": "524927281048080385", "text_thread": [[524927281048080385, "Snipers set up on National Art Gallery as we remain barricaded in Centre Block on Parliament Hill #cdnpoli. http://t.co/lWKaxLI9jO"], [524965532211351552, "@Ont_Ombudsnanny @dmatthewmillar @devo1400 @spaikin \nvery rare. but it has been increasingly likely as we chop away at ment hlth services"], [524966130700791808, "@Russell_Barth @dmatthewmillar @devo1400 @spaikin 1/2 Violence doesn't automatically indicate a relationship to MH."], [524936606516801536, "Suivi - Des snipers positionn\u00e9s sur le toit de la national gallery en face du parlement #cdnpoli via @dmatthewmillar http://t.co/cwx0nDbkm4"], [524967669083414528, "@Ont_Ombudsnanny @dmatthewmillar @devo1400 @spaikin \n364 days a year, the cops are 100% unbelievable. today, everyone lines up to suck them"], [524942146475163649, "@devo1400 @dmatthewmillar @spaikin \nhow the guy got that far leads me to suspect this is not what it seems."], [524968348468412416, "@Ont_Ombudsnanny @dmatthewmillar @devo1400 @spaikin \nthe truth will never come out. martial law is coming"], [524931933168746496, "@dmatthewmillar Stay safe, Matt!"], [524927826718638081, ".@dmatthewmillar What a silly response. They are targets 2 an embedded sniper. #Canada needs a #Security make-over. #Fail #CdnPoli #Design"], [524967144367591425, "@Ont_Ombudsnanny @dmatthewmillar @devo1400 @spaikin \ni am only saying that all three scenarios are plausible."], [524968082083958784, "@Russell_Barth @dmatthewmillar @devo1400 @spaikin Ah true. Problem now is we'll probably only get coroner's details \ud83d\ude01 they won't make it."], [524941965012795393, "@Maritimes_HOME @dmatthewmillar because canada doesnt fuck around with security"], [524966555072094208, "@Russell_Barth @dmatthewmillar @devo1400 @spaikin 2/2 If it did, every guy in the NHL would be institutionalized."], [524967132090888192, "@Russell_Barth @dmatthewmillar @devo1400 @spaikin That's why there are professionals. Average citizen can only currently make a guess."], [524942844499619841, "@Russell_Barth @devo1400 @spaikin I've had concerns about that for a while"], [524936956225282048, "@dmatthewmillar showing the shooter where those police are???  @TSNBobMcKenzie"], [524928498771972096, "@dmatthewmillar @LRyck why would you tweet the location of snipers? Who does that help? #cdnpoli"], [524969935383326721, "@Ont_Ombudsnanny @dmatthewmillar @devo1400 @spaikin \nfrom the same cops and government who tell us that cancer-curing marijuana is evil."], [524939504982167552, "@dmatthewmillar @Jaclyn_Colville Twice in one week!?!?!?! #Toclosetohomeforcomfort"], [524965546379739136, "@dmatthewmillar @Russell_Barth @devo1400 @spaikin In historical terms this is a blip. Screw those losers."], [524970281379823616, "@Russell_Barth @dmatthewmillar @devo1400 @spaikin Call me bad Canuck, I hope those fucktards get their asses kicked. http://t.co/Xwl6nPO3UQ"], [524966881573470208, "@Russell_Barth @dmatthewmillar @devo1400 @spaikin That's rather specious. We don't know t MH situation. Can't b determined from a distance."], [524934820124975106, "@dmatthewmillar @gregobr Might be a good idea to not tweet about police movement/location?"], [524971151693729792, "@Russell_Barth @dmatthewmillar @devo1400 @spaikin The science is ongoing, it can't cure, I got a link hang on...http://t.co/MmfTP5usPH"], [524971471501021184, "@Russell_Barth @dmatthewmillar @devo1400 @spaikin This one was pretty good. Stay strong! Odd day, but have a good one anyways."], [524970687803715584, "@Russell_Barth @dmatthewmillar @devo1400 @spaikin And I know they will too :) #stupidattack"], [524928326566412289, "@dmatthewmillar  Stay safe."], [524931034329395200, "@dmatthewmillar very helpful why would you tweet that!!??"], [524929656190148609, "@dmatthewmillar Stay safe, Matt."], [524950880681201664, "@dmatthewmillar email me at dcdesk@cctv-america.com when you get a chance - good to know you are safe -Nathan"], [524939756455477249, "@dmatthewmillar delete this you idiot"], [524938376735379457, "@dmatthewmillar @FionaMcK also, maybe just window cleaners- https://t.co/QAhDtpg5bv"], [524934434404192256, "@dmatthewmillar @spaikin odd how they happened to be already ready for this, eh? doesn't look staged at all. nope. totally believable."], [524969635410870273, "@Russell_Barth @dmatthewmillar @devo1400 @spaikin Not EVERYTHING will come out. But we will get details, especially these days."], [524965141268692993, "@dmatthewmillar @Russell_Barth @devo1400 @spaikin Sure but in how many years has this happened? This is extremely unusual."], [524947016238268416, "@_spookyboobs @dmatthewmillar right &amp; terrorist don't have access to social media to find out where we have placed that valuable security!"], [524965821337329666, "@Ont_Ombudsnanny @dmatthewmillar @devo1400 @spaikin a) actual \"terror\", b) nutbars, c) false flag. all 3 r plausible http://t.co/6ZWDCGXXPw"], [524966663251566594, "@Ont_Ombudsnanny @dmatthewmillar @devo1400 @spaikin true enough"], [524948547750621184, "@Maritimes_HOME @dmatthewmillar lmao you expect social media to shut down during a shooting? thats when most tweets happen fuckboi"], [524928510654443520, "@Rory_Johnston @zoewhittall @elamin88 @dmatthewmillar holy shit, i would never have known that was possible"], [524942493050494976, "@devo1400 @dmatthewmillar @spaikin \nfunny, a guy with a joint can't make it past the memorial flame, but a gunman, whoosh, right inside"], [524941897266397184, "@Russell_Barth @dmatthewmillar @spaikin you're an idiot its parliament hill. Of course they're prepared for situations like this you idiot!"], [524936331605323776, "#AttackInOttawa\nPolice action\n@dmatthewmillar: Snipers NationalArtGallery\nwe r barricadedCentreBlock ParliamentHill\nhttp://t.co/HvykTnlcuz"]], "node_mapping": {"524927281048080385": 0, "524965532211351552": 1, "524966130700791808": 2, "524936606516801536": 3, "524967669083414528": 4, "524942146475163649": 5, "524968348468412416": 6, "524931933168746496": 7, "524927826718638081": 8, "524967144367591425": 9, "524968082083958784": 10, "524941965012795393": 11, "524966555072094208": 12, "524967132090888192": 13, "524942844499619841": 14, "524936956225282048": 15, "524928498771972096": 16, "524969935383326721": 17, "524939504982167552": 18, "524965546379739136": 19, "524970281379823616": 20, "524966881573470208": 21, "524934820124975106": 22, "524971151693729792": 23, "524971471501021184": 24, "524970687803715584": 25, "524928326566412289": 26, "524931034329395200": 27, "524929656190148609": 28, "524950880681201664": 29, "524939756455477249": 30, "524938376735379457": 31, "524934434404192256": 32, "524969635410870273": 33, "524965141268692993": 34, "524947016238268416": 35, "524965821337329666": 36, "524966663251566594": 37, "524948547750621184": 38, "524928510654443520": 39, "524942493050494976": 40, "524941897266397184": 41, "524936331605323776": 42}, "edges": [[0, 8], [0, 26], [0, 16], [0, 28], [0, 27], [0, 7], [0, 32], [0, 22], [0, 42], [0, 3], [0, 15], [0, 31], [0, 18], [0, 30], [27, 11], [11, 35], [35, 38], [32, 41], [41, 5], [41, 40], [40, 14], [14, 29], [14, 34], [34, 1], [34, 19], [1, 2], [2, 12], [2, 37], [19, 36], [36, 21], [21, 13], [21, 9], [13, 4], [9, 10], [10, 6], [6, 33], [33, 17], [33, 20], [17, 23], [17, 24], [20, 25]]}