{"thread_id": "524940030109036544", "text_thread": [[524940030109036544, "My thoughts and prayers are with injured soldier. And such deep thanks to the security and RCMP on the Hill. #shooting #parliament"], [524940939111186432, "@ElizabethMay How is everyone doing right now in the House?"], [524952105640292352, "@ElizabethMay So the soldier has been injured only?I mean that's awful, but I read reports of him bein dead..does anyone know his condition?"], [524980024659968001, "@ElizabethMay This will surely result in an fully armed Hill will it not?"], [524957102234939392, "@ElizabethMay My thoughts exactly. Thinking of each of you directly experiencing this right now."], [524940234732351489, "@ElizabethMay stay safe!"], [524940917590200320, "@ElizabethMay thank you, no one else seems to be talking about the soldier, prayers that  he will be ok."], [524942366579650560, "@ElizabethMay Will Canadians realize that bombing ISIS fighters is what brings fanatics here? Will we now care for youth before they turn?"], [524942552634753024, "@ElizabethMay Heartbreaking that such senseless violence has reached \"our home and native land.\""], [524941124667191296, "@Raffi_RC @ElizabethMay Very relieved to know that you are ok."], [524945234539864064, "@ElizabethMay very many prayers for you all there and for the heroic solider! May god help you all there!#parlement ottawa shooting"], [524978991925833729, "@ElizabethMay I hope you are safe in all this may- ham?"], [524940980475412480, "@ElizabethMay stay safe!!"]], "node_mapping": {"524940030109036544": 0, "524940939111186432": 1, "524952105640292352": 2, "524980024659968001": 3, "524957102234939392": 4, "524940234732351489": 5, "524940917590200320": 6, "524942366579650560": 7, "524942552634753024": 8, "524941124667191296": 9, "524945234539864064": 10, "524978991925833729": 11, "524940980475412480": 12}, "edges": [[0, 5], [0, 6], [0, 1], [0, 12], [0, 7], [0, 8], [0, 10], [0, 2], [0, 4], [0, 11], [0, 3], [12, 9]]}