{"thread_id": "524947744809418752", "text_thread": [[524947744809418752, "#RIGHTNOW all bridges from #Ottawa #Gatineau are NOW CLOSED! Active search still underway (11:37est) #ParliamentHill http://t.co/FMpAcCAI2b"], [524949058591670272, "@1310NewsDay @WeeonePat May The Lord grant the capture and punishment of these Terrorists who cowardly attack our beloved neighbor, Canada!"], [525036901380526081, "@1310NewsDay I guess that is the only way they know how to catch a killer? Violate everybody to find him/her?"], [524948328728248321, "@1310NewsDay @TanyaNews1130 RT \"We are all infidels\" #outlawIslam #cdnpoli"], [524948540720951297, "RT @1310NewsDay: #RIGHTNOW all bridges from #Ottawa  are NOW CLOSED! #ParliamentHill http://t.co/zso4V0w9tK\u201d"]], "node_mapping": {"524947744809418752": 0, "524949058591670272": 1, "525036901380526081": 2, "524948328728248321": 3, "524948540720951297": 4}, "edges": [[0, 3], [0, 4], [0, 1], [0, 2]]}