{"thread_id": "524982531075371008", "text_thread": [[524982531075371008, "BREAKING NEWS: Ottawa police now confirm one suspect has been killed. 2 suspects remain at large."], [524986663722692608, "@PzFeed @5_ahmeti wud gladly exchange soldiers life 4 corrupt politicians life. always the good &amp; young who pass, not the old &amp; corrupt. smh"], [524983228516814848, "@PzFeed kill them all plz."]], "node_mapping": {"524982531075371008": 0, "524986663722692608": 1, "524983228516814848": 2}, "edges": [[0, 2], [0, 1]]}