{"thread_id": "524947867975561216", "text_thread": [[524947867975561216, "Ottawa Police Service: There were \"numerous gunmen\" at the Canada War Memorial shooting. One person was shot. http://t.co/zNhxK6wBoy"], [524949153424879617, "\u201c@cnnbrk: Ottawa Police..: \"numerous gunmen\" at the Canada War Memorial shooting...\" #GodIsUrTerrorist #CanadaNeedsWBC #LiftTheBan #Repent"], [524951486338715648, "@povprod @cnnbrk @DamoSpin They have - however - confirmed 3 separate shootings. So there's that."], [524949161830260736, "@cnnbrk Numerous? More than three?"], [524954646394445824, "@cnnbrk @CNN Good thing all those police with guns were there!"], [524948444302286849, "@cnnbrk 2nd suspect parrantly shot behind parliament. Lockdown almost everywhere... third suspect on the loose.  That s heavy."], [524974129930592256, "@Flogistonmannen @cnnbrk hard to say yet but note that similar incident also happened this week where some islam convert attacked military"], [524973362607845376, "@JF_LaRue What's the reason behind the attack? @cnnbrk"], [524948946360483840, "@cnnbrk Ottawa was always such a safe city. This is madness."], [524974577081126912, "@Flogistonmannen @cnnbrk But clearly they aim for a military representative at a well known military statue downtown Ottawa.  Still lockdown"], [524961635136704512, "@zachjgodin @cnnbrk @DamoSpin they hadn't at the time I posted. Ever changing news for sure. Scary times"], [524962293499822080, "@povprod @cnnbrk @DamoSpin Scary times indeed."], [524949316134535169, "@cnnbrk @CNN @BasedChasen"], [524949399286579201, "@cnnbrk @DamoSpin Ottawa police have NOT confirmed multiple shooters based on Canadian reporters on scene but they are still looking in case"], [524975028124016640, "@JF_LaRue I read about that. Maybe this is also an islamic attack. \n@cnnbrk"], [524978305272135681, "@JF_LaRue Yes thats interesting. Scary attack though, I'm glad that we only have non-identified submarines here in Sweden. @cnnbrk"], [524976013047263232, "@Flogistonmannen @cnnbrk The issue is whether an independent cell (isolated wakos) or else part of a larger plot First attack suggest latter"], [524974903683203072, "@Flogistonmannen @cnnbrk most likely terrorism pure and simple and certainly confirming american warnings that potential threats now inside."]], "node_mapping": {"524947867975561216": 0, "524949153424879617": 1, "524951486338715648": 2, "524949161830260736": 3, "524954646394445824": 4, "524948444302286849": 5, "524974129930592256": 6, "524973362607845376": 7, "524948946360483840": 8, "524974577081126912": 9, "524961635136704512": 10, "524962293499822080": 11, "524949316134535169": 12, "524949399286579201": 13, "524975028124016640": 14, "524978305272135681": 15, "524976013047263232": 16, "524974903683203072": 17}, "edges": [[0, 5], [0, 8], [0, 1], [0, 3], [0, 12], [0, 13], [0, 4], [5, 7], [7, 6], [7, 9], [7, 17], [6, 14], [14, 16], [16, 15], [13, 2], [2, 10], [10, 11]]}