{"thread_id": "524991067675189250", "text_thread": [[524991067675189250, "UPDATE: Parliament Hill attack: Soldier dies of injuries, gunman shot dead http://t.co/pp6hcfWcRw #OttawaShooting http://t.co/P0DfYqt63V"], [524991666139443201, "@tarastrong @CBCNews :( #PrayForOttawa"], [524996633906675712, "@sunkistdaisy absolutely! It's very scary."], [524991977281302528, "@tarastrong @CBCNews so sad some people refuse the magic of friendship"], [524993775790477315, "@tarastrong @CBCNews Thanks Tara. I was really impressed at how quickly our law enforcement acted in the chaos. #ottawashooting"], [524995169918406656, "@tarastrong @CBCNews Thoughts and prayers go out to all my Canadian friends. #PrayForOttawa"], [524991360688861185, "\u201c@CBCNews: UPDATE: Soldier dies of injuries,http://t.co/O1TIRqMVAO #OttawaShooting http://t.co/7kYfOIxBp0\u201d so tragic #PrayForOttawa"], [524992104603602944, "@tarastrong @CBCNews even though I don't live in Canada, it's sad to see a Canadian soldier die"], [524992169485271040, "@tarastrong @CBCNews  damn someone's rollin on Ottawa. :-(\nStay safe."], [524993093632675840, "@CBCNews @sunkistdaisy This is terrible to hear, I'm sorry to hear this is happening to Canada.My heart goes out to the soldier &amp; his family"], [524995337627664384, "@KarlaSolano1525 me too. Scary to think there may be a violent suspect still out there"], [524992221263966209, "@CBCNews stay safe"], [524999816057982977, "@tarastrong @CBCNews it really hits our hearts when this happen in our own home province..."], [524991256389488640, "@CBCNews Tragic Day. # Ottawa Shooting #StaySafeOttawa"], [524995043443376129, "@sunkistdaisy glad to hear your fine. I hope they catch the other perpetrators for everyone's safety."], [525445869550993408, "@tarastrong @CBCNews I'm so sorry, Tara..."], [525051472728190976, "@tarastrong @CBCNews it's so sad #PrayForOttawa"], [524994430517121025, "@KarlaSolano1525 yes I'm ok. I live on the other side of the country. As of now I believe there hasn't been any further shootings"], [524994027855552512, "@sunkistdaisy are you safe? I hope everyone you know is safe too."], [524992535283113984, "@tarastrong I'm just really shocked. I've seen the footage in the Parliament building on BBC News and I just couldn't believe it."], [524992504408842240, "@tarastrong @CBCNews So sad."], [525012339742244865, "@tarastrong I know you're from Toronto like me, but if you have family/friends living in Ottawa, I hope they're safe."], [524993689656233985, "@KarlaSolano1525 yes it's awful. Police are still looking for another suspect &amp; that's disconcerting. Ppl are still in lock down in bldgs"], [524998494772555776, "@tarastrong @CBCNews. I couldn't believe something like this could happen in Canada. My prayers are with Canada. \ud83d\ude22"], [524991749950046210, "@CBCNews why are we killing ppl in the middle east for American political gain, making us a ripe target for his kind of revenge attack"], [525000121222971393, "@tarastrong @CBCNews Heartbreaking...my thoughts with his family &amp; friends."]], "node_mapping": {"524991067675189250": 0, "524991666139443201": 1, "524996633906675712": 2, "524991977281302528": 3, "524993775790477315": 4, "524995169918406656": 5, "524991360688861185": 6, "524992104603602944": 7, "524992169485271040": 8, "524993093632675840": 9, "524995337627664384": 10, "524992221263966209": 11, "524999816057982977": 12, "524991256389488640": 13, "524995043443376129": 14, "525445869550993408": 15, "525051472728190976": 16, "524994430517121025": 17, "524994027855552512": 18, "524992535283113984": 19, "524992504408842240": 20, "525012339742244865": 21, "524993689656233985": 22, "524998494772555776": 23, "524991749950046210": 24, "525000121222971393": 25}, "edges": [[0, 13], [0, 6], [0, 24], [0, 11], [0, 9], [6, 1], [6, 3], [6, 7], [6, 8], [6, 20], [6, 19], [6, 4], [6, 5], [6, 23], [6, 12], [6, 25], [6, 21], [6, 16], [6, 15], [9, 22], [22, 18], [18, 17], [17, 14], [14, 10], [10, 2]]}