{"thread_id": "524927356830760961", "text_thread": [[524927356830760961, "#BREAKING news: Shots fired at Parliament Hill. Follow developing story: http://t.co/3k0YV9dfLq http://t.co/atLjT75nz0"], [524931435786813441, "\u201c@globeandmail: #BREAKING news: Shots fired at Parliament Hill.\u201d Stay away from #ParliamentHill &amp; stay safe #Ottawa"], [524931167045578754, "\u201c@globeandmail: #BREAKING news: Shots fired at Parliament Hill. Follow developing story: http://t.co/K9dVVTcBDb http://t.co/3o0RqSwfWO\u201d"], [524952665437249536, "@globeandmail can you spread the word to the rest of your competitors to not give up any info on he positions and on police doings. Plz!!!"]], "node_mapping": {"524927356830760961": 0, "524931435786813441": 1, "524931167045578754": 2, "524952665437249536": 3}, "edges": [[0, 2], [0, 1], [0, 3]]}