{"thread_id": "524978526974668800", "text_thread": [[524978526974668800, "NHL postpones tonight's Leafs-Senators game because of #OttawaShooting http://t.co/a6JxXm20nZ http://t.co/G80SbMBTlv"], [524979157734666240, "\u201c@hockeynight: NHL postpones tonight's Leafs-Senators game because of #OttawaShooting http://t.co/WlWu8qjtbE http://t.co/ayoJjboaYH\u201d"], [525005325880291328, "@hockeynight Jeez! What is wrong with the world these days. All this shooting anywhere has GOT TO STOP!"], [524980766950699009, "\u201c@hockeynight: NHL postpones tonight's Leafs-Senators game because of #OttawaShooting http://t.co/gPSkwWK59v http://t.co/ZVRcAXfpAb\u201d"], [524981481966690304, "RT @hockeynight: NHL postpones tonight's Leafs-Senators game because of #OttawaShooting http://t.co/1S31l8VxyF http://t.co/1RUKYOlIjS"], [524979598266990592, "\u201c@hockeynight: NHL postpones tonight's Leafs-Senators game because of #OttawaShooting http://t.co/83IStwnHWw wow sad &amp; scary"], [525021588333531136, "@hockeynight And we even have a hashtag for it."], [525021718625398784, "@PrinceofPop8 @hockeynight World =/= like three people."], [525001538646077441, "@hockeynight @s_fedyk they made the right move"]], "node_mapping": {"524978526974668800": 0, "524979157734666240": 1, "525005325880291328": 2, "524980766950699009": 3, "524981481966690304": 4, "524979598266990592": 5, "525021588333531136": 6, "525021718625398784": 7, "525001538646077441": 8}, "edges": [[0, 1], [0, 5], [0, 3], [0, 4], [0, 8], [0, 2], [0, 6], [2, 7]]}