{"thread_id": "524959630158725120", "text_thread": [[524959630158725120, "These are the areas where the #OttawaShootings have been reported.  http://t.co/KkgffESRD5 http://t.co/Vvyip1FQjm"], [524964793065951232, "@CNN hmm. Shocking. Who would do such a thing?"], [524960019377577984, "@CNN NEAR Rideau Centre, not in. Please look at local Ottawa news b4 u report things"], [524966465061937152, "@cheesecake1589 yes!"], [524960745725763585, "\u201c@CNN: These are the areas where the #OttawaShootings have been reported.  http://t.co/elWl5dIYoH http://t.co/MWzeIjQxFj\u201d a triangle...fishy"], [525343837095354368, "@Inspectorcritic @CNN i guess you've not taken your meds in a few days....or years."], [524961998736351232, "@CNN @RealAlexJones @infowarsstories @AnonyPress Canada is under attack now by ISIS. Yesterday in #Calgary a Canadian troop was killed also."], [524964992043335681, "@CNN \n\nOh yaw there was so much shooting going on we zought it was zee old war."], [524960190534533120, "\u201c@CNN: These are the areas where the #OttawaShootings have been reported.  http://t.co/TjEYJo7DoB http://t.co/ezYpUV9KJh\u201d #JTFAM please pray"], [524960138604859393, "@CNN the shooting was near the Rideau Centre not inside it the police say."], [524967193948082176, "@CNN errrg I don't want this sort of thing happening especially not in Canada!! ;("], [524959708785180672, "\u201c@CNN: These are the areas where the #OttawaShootings have been reported.  http://t.co/vqDZwAq5Z6 http://t.co/zzgFsTp8Kh\u201d"], [524960258167275520, "@CNN SUCH A SECURE AREA,USUALY,FIGHTS,BETWEEN ARMY GENERALS,POWER GAINS"], [524965785341788160, "@CNN @actual_teeth is this the thing ur talking about"], [525343211276214272, "@ladnertim @CNN LDS zoo prudes invaded towers slaughter tenets looted pirated Towers 911 copcorrupt help them use place of worship nonehuman"], [524961366529306624, "very very different nice in side you have that's murder @cnn"], [525338877780045824, "@ladnertim @CNN People die everywhere everyday this is the malta newspaper black sheep count millions never reported &amp; never got a headstone"], [524960663479664641, "@CNN This is unacceptable. Why can't they let us live peacefully. What are these people"], [524959654686629888, "@CNN The results are in!!! Our viewers voted on the best online store!! Check them out   --&gt; http://t.co/AMv5X4cQKn"], [524963960064602112, "\u201c@CNN: These are the areas where the #OttawaShootings have been reported.  http://t.co/yWSrvPqrVv http://t.co/lOB7yDz14h\u201d allegedly"], [525339944705724416, "@Inspectorcritic @CNN so when 9/11 occurred in the USA you fekt the same way?"], [524960149988204544, "@CNN News is talking about terrorism...so this is a big deal. Possible terror attack"], [525050076251439105, "@Inspectorcritic @CNN what the hell? People died here today you knob!"], [524963107181846528, "@CNN"], [524960092740145154, "@CNN wow"]], "node_mapping": {"524959630158725120": 0, "524964793065951232": 1, "524960019377577984": 2, "524966465061937152": 3, "524960745725763585": 4, "525343837095354368": 5, "524961998736351232": 6, "524964992043335681": 7, "524960190534533120": 8, "524960138604859393": 9, "524967193948082176": 10, "524959708785180672": 11, "524960258167275520": 12, "524965785341788160": 13, "525343211276214272": 14, "524961366529306624": 15, "525338877780045824": 16, "524960663479664641": 17, "524959654686629888": 18, "524963960064602112": 19, "525339944705724416": 20, "524960149988204544": 21, "525050076251439105": 22, "524963107181846528": 23, "524960092740145154": 24}, "edges": [[0, 18], [0, 11], [0, 2], [0, 24], [0, 9], [0, 21], [0, 8], [0, 12], [0, 17], [0, 4], [0, 15], [0, 6], [0, 23], [0, 19], [0, 1], [0, 7], [0, 13], [0, 10], [7, 22], [22, 16], [16, 20], [20, 14], [14, 5], [13, 3]]}