{"thread_id": "524976963862429697", "text_thread": [[524976963862429697, "The Canadian soldier shot at the War Memorial has died, officials reported. http://t.co/uKQg1qVQm6 #OttawaShooting http://t.co/bbG09qLY26"], [525022150252855296, "\u201c@CNN: The Canadian soldier shot at the War Memorial has died, officials reported. http://t.co/JXaMrmrvFP http://t.co/uJmA4zaUqa\u201d #Rip \ud83d\ude25\ud83d\udc94\ud83c\udf41"], [524980377656778752, "@CNN Hectic ... who would believe this could happen in #Canada!  Om mane padme hung."], [524977331442819073, "\u201c@CNN: The #Can-adian soldier shot at the War Memorial has died. | #RIP http://t.co/ucyjFcpwux #OttawaShooting http://t.co/yUDk91nXK9\u201d"], [524979827699621888, "@TattooQ @CNN\nNo one is carrying this\nhorrible (not sure if terrorist) attack..."], [524986077384548353, "@gelosoil They haven't realeased his name because they want to ensure his next of kin are notified first. @CNN"], [524978514018447361, "@CNN Doesnt he have a name??? can we believe this?try harder next time you set up an attack to terrorise people into war/lockdowns"], [524983175618244608, "Alav hashalom. @CNN: The Canadian soldier shot at the War Memorial has died. http://t.co/wkn9hqznXo #OttawaShooting http://t.co/NRbcqyYPSt"], [524978567650631681, "@CNN A sad day for all of us #Canadains today and yest. Two soldiers killed in two terrorist attacks on Canadian soil."], [524980671820095489, "@chasmarang @CNN Has the hallmarks.Truck hits bus. Forklift tries to tip over bus, car strikes on people, yesterday rail Security incident."], [524978703248670720, "\u201c@CNN: Canadian soldier shot at the War Memorial has died, officials reported... #OttawaShooting ..\" #GodIsIdolBusting #FilthyCanadaNeedsWBC"], [524983755510136832, "RT @CNN: The Canadian soldier shot at the War Memorial has died\n\nhttp://t.co/jtObxncMtW #OttawaShooting http://t.co/LwworBRPqe"], [524991336466759682, "Devastated right now. Thoughts and prayers with my home town. #OttawaShooting #RT @CNN: Canadian soldier shot: http://t.co/E3NoQoBhKi"], [524981969054994432, "Awful @CNN: The Canadian soldier shot at the War Memorial has died, officials reported. http://t.co/1SeLj90AhB  http://t.co/b9STbs208g"], [524977167890124801, "RT @CNN The Canadian soldier shot at the War Memorial has died, officials reported. http://t.co/gaW6fTVGzs  #OttawaShooting"], [524978011188527104, "@CNN @TattooQ\nA car hits people waiting at the Ammunition Hill station\nof Jerusalem's light rail\ndriver shot trying to flee..."], [524986829444251648, "@CNN oh my god this is so sad"], [524979132384686080, "@chasmarang @CNN Automobiles as a weapon yet again. Not first time. Tractors , cars, trucks, you name it. Jihadi 101 ."], [524988498684964866, "@elliottkrista @CNN indeed saw it on the canadian police tweet !:)well done then!!:)"], [524977216996663296, "\u4ea1\u304f\u306a\u3063\u305f\u306e\u306f\u5175\u58eb\u304b\u201c@CNN: The Canadian soldier shot at the War Memorial has died, officials reported. http://t.co/fDMtxCvju2 http://t.co/MMRYCOjXbr\u201d"]], "node_mapping": {"524976963862429697": 0, "525022150252855296": 1, "524980377656778752": 2, "524977331442819073": 3, "524979827699621888": 4, "524986077384548353": 5, "524978514018447361": 6, "524983175618244608": 7, "524978567650631681": 8, "524980671820095489": 9, "524978703248670720": 10, "524983755510136832": 11, "524991336466759682": 12, "524981969054994432": 13, "524977167890124801": 14, "524978011188527104": 15, "524986829444251648": 16, "524979132384686080": 17, "524988498684964866": 18, "524977216996663296": 19}, "edges": [[0, 14], [0, 19], [0, 3], [0, 15], [0, 6], [0, 8], [0, 10], [0, 2], [0, 13], [0, 7], [0, 11], [0, 16], [0, 12], [0, 1], [15, 17], [17, 4], [4, 9], [6, 5], [5, 18]]}