{"thread_id": "524943812339437569", "text_thread": [[524943812339437569, "Global News camera man reporting shots fired by Chateau Laurier hotel #ottawa"], [524948937355296768, "@l_stone warning shots as reported on CNN to get people to stay away to sort people out"], [524945198837940224, "RT \"@l_stone: Global News camera man reporting shots fired by Chateau Laurier hotel #ottawa\u201d"], [524944505364283392, "@l_stone @GlobalNational @CTVNews Global News camera man reporting shots fired by Chateau Laurier hotel #ottawa"], [524947786195030016, "@l_stone @keithbaldrey #ottawaterror Omigish My Capitol city will never be the same!"], [524951018774085632, "@l_stone @joe_nuzz multiple shooting in Ottawa parliament"]], "node_mapping": {"524943812339437569": 0, "524948937355296768": 1, "524945198837940224": 2, "524944505364283392": 3, "524947786195030016": 4, "524951018774085632": 5}, "edges": [[0, 3], [0, 2], [0, 4], [0, 1], [0, 5]]}