{"thread_id": "524948264886759424", "text_thread": [[524948264886759424, "Dramatic video of gunfire from inside Parliament Hill: http://t.co/8xCefbbnZa http://t.co/SYydkfOxAI"], [524957269185032192, "@CTVVancouver @EmaanKazemi @bfinskars @_btomas shots fired for reals"], [524949167593234432, "@CTVVancouver insane!!"], [524949110731079680, "\u201c@CTVVancouver: Dramatic video of gunfire from inside Parliament Hill: http://t.co/tsWgup6CGN http://t.co/QGFTMMaeSQ\u201d this is scary stuff"], [524948619699302400, "@CTVVancouver @ctvedmonton brave RCMP."], [524949252842463233, "@CTVVancouver did they at least hit @pmharper ?"], [524967285208129536, "\u201c@CTVVancouver: Dramatic video of gunfire from inside Parliament Hill: http://t.co/4c6Ycg3kvs http://t.co/cNIygBlT7C\u201d wtf"], [524979138353188864, "\u201c@CTVVancouver: Dramatic video of gunfire from inside Parliament Hill: http://t.co/9AmXaeGahs http://t.co/nVnzwSgMUk\u201d this is terrifying"], [524949691952558080, "@Goobleheimen @CTVVancouver"]], "node_mapping": {"524948264886759424": 0, "524957269185032192": 1, "524949167593234432": 2, "524949110731079680": 3, "524948619699302400": 4, "524949252842463233": 5, "524967285208129536": 6, "524979138353188864": 7, "524949691952558080": 8}, "edges": [[0, 4], [0, 3], [0, 2], [0, 5], [0, 1], [0, 6], [0, 7], [3, 8]]}