{"thread_id": "524979946218061824", "text_thread": [[524979946218061824, "Leafs-Sens game postponed after shootings on Parliament Hill http://t.co/19SAtvFFKT"], [524980348682530817, "@CP24 stay safe"], [525004559958425600, "\u201c@CP24: Leafs-Sens game postponed after shootings on Parliament Hill http://t.co/EI7DW4cZ97\u201dwhat the fuuck \ud83d\ude33"], [524990917904977921, "\u201c@CP24: Leafs-Sens game postponed after shootings on Parliament Hill http://t.co/LYqf6HMjan\u201d@bsampsz"]], "node_mapping": {"524979946218061824": 0, "524980348682530817": 1, "525004559958425600": 2, "524990917904977921": 3}, "edges": [[0, 1], [0, 3], [0, 2]]}