{"thread_id": "524975093966209025", "text_thread": [[524975093966209025, "#BREAKING : NHL : The game between the Toronto Maple Leafs and Ottawa Senators, scheduled for tonight in Ottawa, has been postponed"], [524975786936520705, "@cbcsaltzman @CBCNews I understand the precaution should we then cancel all future games, events, concerts as this could happen at any time"], [524975973851467776, "#AttackInOttawa\n@cbcsaltzman: #BREAKING : NHL: Game betwToronto MapleLeafs &amp; #Ottawa Senators for tonight in #Ottawa, has been postponed"], [524977630895177728, "@cbcsaltzman @CBCNews And that's the final straw!!! Nobody messes with out game!!!"], [524983697343512576, "@wsoccer10 @cbcsaltzman fuck!"], [524975336770252801, "@cbcsaltzman @CBCNL @TelegramJames  Ya called it."], [524975649191366656, "\u201c@cbcsaltzman: NHL : The game between the Toronto Maple Leafs and Ottawa Senators, scheduled for tonight in Ottawa, has been postponed\u201d"], [524976025550471168, "@cbcsaltzman @snic14"], [524980724806717440, "@cbcsaltzman @Axel_Asen"], [524977208184803328, "@cbcsaltzman @colormered canada has alot to answer for letting gunmen get in to the law offices of govt."], [524978551108673536, "@cbcsaltzman @ExtraPtbo I guess security is a major issue hate to have terrorists control us!"], [524975394710360064, "@cbcsaltzman @CBCNews @680News"], [524976129380454400, "@cbcsaltzman @CBCNews Wow the Leaf's Dodged a Bull/ no a Puck there !!"]], "node_mapping": {"524975093966209025": 0, "524975786936520705": 1, "524975973851467776": 2, "524977630895177728": 3, "524983697343512576": 4, "524975336770252801": 5, "524975649191366656": 6, "524976025550471168": 7, "524980724806717440": 8, "524977208184803328": 9, "524978551108673536": 10, "524975394710360064": 11, "524976129380454400": 12}, "edges": [[0, 5], [0, 11], [0, 6], [0, 1], [0, 2], [0, 7], [0, 12], [0, 9], [0, 3], [0, 10], [0, 8], [8, 4]]}