{"thread_id": "524969501704855552", "text_thread": [[524969501704855552, "Jason Kenney says Canadians soldier shot at War Memorial today has died. Employment Minister also says Parliamentary guard wounded. #cdnpoli"], [524969686467751936, "@CBCAlerts Lieutenant Colonel Lawrence Hatfield...."], [524975801624977410, "@BPLeaf Why the reference to the commander?"], [524970150144262145, "Oh no. MT @CBCAlerts Jason Kenney says Cdn soldier shot at War Memorial today has died. Emp. Minister also says Parliamentary guard wounded."], [524970069223559168, "\u201c@CBCAlerts: Jason Kenney says Canadians soldier shot at War Memorial today has died. #cdnpoli\u201d"], [524970125670486017, "@Trilliumgyal @CBCAlerts Tragic news for sure."], [524970283333988352, "@KrissyT_13 Thinking of you!"], [524979698011750400, "@SAndrewSmith @KMKeshavjee @CBCAlerts FYI Kenney confirmed the original report via Twitter. The soldier passed away :/"], [524969977267650562, "@CBCAlerts @Luccidor very sad."], [524972179780558849, "@tailormann @CBCAlerts Has anyone else confirmed this? No word from DND or Ottawa emerg services yet as far as I know..."], [524984994067148802, "@BPLeaf Thx. Unfortunate day."], [524973606841774081, "@CBCAlerts has there been any reports about if the shooter or shooters being  shot or captured?"], [524970455271473153, "@markdjarvis @CBCAlerts I trust the family was informed first! If not this a a breech of protocol!"], [524970040450633728, "RT @CBCAlerts: Jason Kenney says CDN soldier shot at War Memorial today has died. Employment Minister also says Parliamentary guard wounded."], [524972142317023232, "@CBCAlerts @bruce_arthur No one else is saying the solder died, this is all coming from Jason Kenney. #unconfirmed"], [524972410953793536, "@KMKeshavjee @tailormann @CBCAlerts I've heard it's incorrect and has been rescinded. Clearly nobody knows what's happening."], [524981159256948736, "@tailormann @KMKeshavjee @CBCAlerts Globe has the story now too. May he rest in peace. \nhttp://t.co/SSFu6k6RDq"], [524973436717002752, "@tailormann @sandrewsmith @kmkeshavjee @cbcalerts At least we know that after school activities are cancelled. Thanks CBC!"], [524969813769482241, "@CBCAlerts Jason Kenney needs to learn his role...."], [524984672783450112, "@lajeer Reading breaking news too quickly. I thought it was the name of the deceased CBC didn't have the identity of. \nTerrible tragedy..."], [524972885518331904, "@SAndrewSmith @KMKeshavjee @CBCAlerts  either way, if it's in question I'm taking it down. Thanks for the heads up."], [524969912440483841, "@CBCAlerts @jpbevi CTV news just said that was false. and they have no official word on the condition of the solider."], [524973803391447040, "@CBCAlerts \nThe despicable act in Ottawa proves that we are the most Naive Country in the West with respect to safety from Terror\nTighten up"], [524971381780643840, "\u201c@CBCAlerts: Jason Kenney says Canadians soldier shot at War Memorial today has died. #cdnpoli\u201d. Heartbreaking :("]], "node_mapping": {"524969501704855552": 0, "524969686467751936": 1, "524975801624977410": 2, "524970150144262145": 3, "524970069223559168": 4, "524970125670486017": 5, "524970283333988352": 6, "524979698011750400": 7, "524969977267650562": 8, "524972179780558849": 9, "524984994067148802": 10, "524973606841774081": 11, "524970455271473153": 12, "524970040450633728": 13, "524972142317023232": 14, "524972410953793536": 15, "524981159256948736": 16, "524973436717002752": 17, "524969813769482241": 18, "524984672783450112": 19, "524972885518331904": 20, "524969912440483841": 21, "524973803391447040": 22, "524971381780643840": 23}, "edges": [[0, 1], [0, 18], [0, 21], [0, 8], [0, 13], [0, 4], [0, 3], [0, 23], [0, 14], [0, 11], [0, 22], [1, 2], [2, 19], [19, 10], [8, 5], [13, 12], [3, 6]]}