{"thread_id": "524929106987991040", "text_thread": [[524929106987991040, "BREAKING: Soldier shot at War Memorial in Ottawa, Hill on lockdown, shooter at large http://t.co/64V216TLzO #ottnews"], [524937542593167361, "\u201c@OttawaCitizen: BREAKING: Soldier shot at War Memorial in Ottawa, Hill on lockdown, shooter at large http://t.co/w3YhVYDb9A #ottnews\u201d &lt; wow"], [524939489907855360, "@projmgr trying to get coverage on this. @dish not providing CNN so have watch msnbc,"], [524939214056873985, "\u201c@OttawaCitizen: BREAKING: Soldier shot at War Memorial in Ottawa, Hill on lockdown, shooter at large http://t.co/KUC43uiPFo #ottnews\u201d"], [524930714765373440, "@OttawaCitizen shooter at large? Stay safe everyone"], [524969772598194177, "@OttawaCitizen Reporting that an unnamed bystander thought the suspect was wearing an \"Arabic scarf\" isn't news. It's racism. Do better."], [524930012693409792, "@OttawaCitizen devastating :( #staysafe"], [524929639203229696, "Was a witness. So scary \u201c@OttawaCitizen: BREAKING: Soldier shot at War Memorial in Ottawa, Hill on lockdown http://t.co/QHw13UgbYl #ottnews\u201d"], [524996197116030976, "\u201c@OttawaCitizen: BREAKING: Soldier shot at War Memorial in Ottawa, Hill on lockdown, shooter at large http://t.co/vARRHqnLnY #ottnews\u201d \ud83d\ude31\ud83d\ude30"], [524934509687742464, "@OttawaCitizen @meghan_hurley"]], "node_mapping": {"524929106987991040": 0, "524937542593167361": 1, "524939489907855360": 2, "524939214056873985": 3, "524930714765373440": 4, "524969772598194177": 5, "524930012693409792": 6, "524929639203229696": 7, "524996197116030976": 8, "524934509687742464": 9}, "edges": [[0, 7], [0, 6], [0, 4], [0, 9], [0, 1], [0, 3], [0, 5], [0, 8], [1, 2]]}