{"thread_id": "524961721744900097", "text_thread": [[524961721744900097, "Canadian soldier who was shot at #Ottawa's War Memorial is a reservist serving with the Argyll and Sutherland Highlanders in #Hamilton, Ont."], [524965748268343296, "\u201c@CBCAlerts: Canadian soldier shot at #Ottawa's War Memorial is a reservist serving w/ Argyll and Sutherland Highlanders in #Hamilton, Ont.\u201d"], [525178631208075264, "@Curlyloxxx @CBCAlerts At the time I posted Cpl Cirillo was alive. Unfortunately we know now he passed away. I, as many, am heartbroken."], [524965639677825024, "@FletJan @2010redmittens @CBCAlerts Thank you for the update."], [524962161026924544, "@CBCAlerts @ArponBasu Is he ok? American news sources say he was killed but I have not seen any Canadian reports indicating his condition."], [524965242691141632, "@2010redmittens @TundraGlobal @CBCAlerts The soldier is a member of the Argyle &amp; Sutherland Highlanders from Hamilton.  No word yet."], [524968554131898368, "@TundraGlobal @FletJan @CBCAlerts Leslie on Global just retracted tht! Soldier is still alive! Jason kenny twt misunderstanding of some sort"], [524964096886599681, "@CBCAlerts has his family been notified?"], [524973909930569728, "@JakeWideman @CBCAlerts @ArponBasu apparently he has been shot dead :-("], [524962305571033089, "@CBCAlerts @stephenlautens He is one of yours!"], [524963431821377537, "MT \u201c@CBCAlerts: soldier who was shot at #Ottawa's War Memorial is a reservist serving with the Argyll and Sutherland Highlanders in #HamOnt\u201d"], [524967988114755584, "@CBCAlerts @kshaidle Jason Kenney said deceased. RIP  dear soldier."], [524967314262081536, "@CBCAlerts @CBCTheNational according to reports on Twitter the soldier has passed away"], [524965802647519232, "@TundraGlobal @2010redmittens @CBCAlerts Just announced that the soldier has succumbed to his injuries."], [524963597454438400, "@CBCAlerts @Y108Rocks jesus"], [524969490149560321, "@2010redmittens @UncleRee1 @TundraGlobal @FletJan @CBCAlerts \nWhy are we paying attention to anything Kenney has to say?Is he the Deputy PM?"], [524962533472731137, "@CBCAlerts @CBCTheNational NationalPost reported him as deceased but I hope they are wrong."], [524962170166317056, "@CBCAlerts my thoughts and prayers and with him and his family"], [524962763362144256, "@CBCAlerts pls tell us how our soldier is doing? Please tell us he will be allright. #cdnpoli #ottawa"], [525244532929994752, "@nikkivancouver @CBCAlerts  it is so incredibly sad. I have a son named Nathan around  the same age. My heart goes out to his family."], [524974145583345665, "@nikkivancouver @CBCAlerts ive only hears several times he was shot dead. But would be wonderful if they are wrong"], [524963568534700032, "@CBCAlerts @CBCNews Hope he is going to be OK."], [524966142654578688, "@FletJan @2010redmittens @CBCAlerts May he rest in peace.\n\nSad. No other words. Just sad."], [524962458864476161, "@CBCAlerts and is alive, per latest update."]], "node_mapping": {"524961721744900097": 0, "524965748268343296": 1, "525178631208075264": 2, "524965639677825024": 3, "524962161026924544": 4, "524965242691141632": 5, "524968554131898368": 6, "524964096886599681": 7, "524973909930569728": 8, "524962305571033089": 9, "524963431821377537": 10, "524967988114755584": 11, "524967314262081536": 12, "524965802647519232": 13, "524963597454438400": 14, "524969490149560321": 15, "524962533472731137": 16, "524962170166317056": 17, "524962763362144256": 18, "525244532929994752": 19, "524974145583345665": 20, "524963568534700032": 21, "524966142654578688": 22, "524962458864476161": 23}, "edges": [[0, 4], [0, 17], [0, 9], [0, 23], [0, 16], [0, 18], [0, 10], [0, 21], [0, 14], [0, 7], [0, 1], [0, 12], [0, 11], [4, 8], [23, 20], [20, 2], [2, 19], [18, 5], [5, 3], [3, 13], [13, 22], [22, 6], [6, 15]]}