{"thread_id": "524955620538343426", "text_thread": [[524955620538343426, "AP VIDEO: Gunman shoots a Canadian soldier standing guard at the National War Memorial in Ottawa: http://t.co/ELdZHZa0Q9"], [524971733024264192, "@ScottyHarm @katenugent its called journalism you idiots...."], [524974156291772417, "@ScottyHarm um yes there is. Its literally the whole point. Are you dumb? It brings a weight of reality to the situation; recording history"], [524955826021466113, ". @AP This has no place being put on the internet for glorification. Shame on you."], [524956168826138624, "@AP Why would someone shoot a Canadian? Arguably the nicest country in the world."], [524974345358422016, "@ScottyHarm did you even watch the video? That clip is about 3 seconds long."], [524956851780464640, "@ScottyHarm @AP they make it sound so mundane... That's a human life lost it's not just something u post on the internet for more traffic"], [524974527202467840, "@ScottyHarm I guess people shouldn't have recorded 9/11? There should be no WW2 videos? Video journalism preserves history."], [524974987070152704, "@ScottyHarm I'm calling you stupid because you are. This is THE ASSOCIATED PRESS. A NATIONAL NEWS ORGANIZATION. THEY COVER NATIONAL NEWS."], [524959268408401920, "@AP Prayers to Canada. Terrorists hate God and Freedom. Stay strong, God Bless and keep you."], [524956431791820801, "Frightening @AP"], [524975495390449664, "@ScottyHarm lack of integrity? You are bitching at a news organization to stop reporting the news. That makes sense."], [524955913338490880, "@AP All the hallmarks of an #OperationChaos #falseflag attk by those who believe \"from chaos comes order\": US journo http://t.co/a94wJvDnTL"], [524956969548140544, "@katenugent @AP He's still alive, but it's an INCREDIBLY disrespectful thing to do in a time of crisis for Canada."], [524958131990716416, "@JRogers304 @AP why? because we are a free civilized who despise terrorism"]], "node_mapping": {"524955620538343426": 0, "524971733024264192": 1, "524974156291772417": 2, "524955826021466113": 3, "524956168826138624": 4, "524974345358422016": 5, "524956851780464640": 6, "524974527202467840": 7, "524974987070152704": 8, "524959268408401920": 9, "524956431791820801": 10, "524975495390449664": 11, "524955913338490880": 12, "524956969548140544": 13, "524958131990716416": 14}, "edges": [[0, 3], [0, 12], [0, 4], [0, 10], [0, 9], [3, 6], [3, 1], [6, 13], [4, 14]]}