{"thread_id": "524928119955013632", "text_thread": [[524928119955013632, "Police say they have located car belonging to suspect in #Ottawa shooting. Uniformed soldier shot at War Memorial, condition unknown."], [524932290347290624, "@CBCAlerts @CBCVancouver horrendous"], [524928886782832640, "@CBCAlerts"], [524929564708184064, "@CBCAlerts @CBCNews stay away from the car. #ottawa"], [524938436323848192, "@CBCAlerts time to lock down suspected radical element in Canada and throw away the key"], [524930197389582339, "@CBCAlerts @KVasilas @Chloekinng"], [524928710693388289, "@CBCAlerts Was the Prime Minister on the hill this morning?"], [524928958748708864, "@CBCAlerts"], [524930277060403200, "#cdnpoli\n@CBCAlerts \n#LordHaveMercy"], [524928518480986113, "@CBCAlerts @CBCNews That car may not be safe."], [524928994391908352, "@CBCAlerts @CBCNews why is this not breaking news on CBC right now on TV....really???"]], "node_mapping": {"524928119955013632": 0, "524932290347290624": 1, "524928886782832640": 2, "524929564708184064": 3, "524938436323848192": 4, "524930197389582339": 5, "524928710693388289": 6, "524928958748708864": 7, "524930277060403200": 8, "524928518480986113": 9, "524928994391908352": 10}, "edges": [[0, 9], [0, 6], [0, 2], [0, 7], [0, 10], [0, 3], [0, 5], [0, 8], [0, 1], [0, 4]]}