{"thread_id": "524932574909857792", "text_thread": [[524932574909857792, "Parliament was stormed by at least one gunman who shot a soldier standing guard at Canada's war memorial. #cbcOTT #OTTnews"], [524935419935608832, "@CBCOttawa two guys are in with him , they saw the shooter get out of a car"], [525018610075328512, "@CBCOttawa my buddy is still in lockdown, he emailed me a few mins ago"], [524938449619804160, "@CBCOttawa gunman also has a machete"], [524935269779525632, "\u201c@CBCOttawa: Parliament was stormed by at least one gunman who shot a soldier standing guard at Canada's war memorial.\""], [524935260057128961, "@CBCOttawa gunman is in parliament , buddy if mine is locked in a room inside"], [525018739763187716, "@CBCOttawa if I were to guess there's more than one of these bastards on the loose"], [524934728508792835, "\u201c@CBCOttawa: Parliament was stormed by at least one gunman who shot a soldier standing guard at Canada's war memorial. #cbcOTT #OTTnews\u201d"], [524933682759753728, "@CBCOttawa Most/all NCR federal buildings locked down. Told to stay inside. Need pass card to enter. @GiacomoPanico"], [524941793453154305, "@CBCOttawa \nMadness! I am so sorry dear neighbors..."]], "node_mapping": {"524932574909857792": 0, "524935419935608832": 1, "525018610075328512": 2, "524938449619804160": 3, "524935269779525632": 4, "524935260057128961": 5, "525018739763187716": 6, "524934728508792835": 7, "524933682759753728": 8, "524941793453154305": 9}, "edges": [[0, 8], [0, 7], [0, 5], [0, 4], [0, 1], [0, 3], [0, 9], [0, 2], [0, 6]]}