{"thread_id": "524930575472136192", "text_thread": [[524930575472136192, "#ottnews #ctvottawa  Reports man has been apprehended on Parliament Hill.  As many as 30 shots fired  - soldier shot at War Memorial."], [524945298087739392, "@CarolAnneCTV @TSNBobMcKenzie \nWTF. This is unthinkable. What's in store for our future?"], [524938578972123136, "@CarolAnneCTV slight exageration maybe?"], [524936133638373376, "@CarolAnneCTV @TSNBobMcKenzie Still one on the loose"], [524931964978331648, "#AttackInOttawa\n@CarolAnneCTV: Report: man apprehended on Parliament Hill.  As many as 30 shots fired  - soldier shot at War Memorial"], [524936075534663682, "@CarolAnneCTV @TSNBobMcKenzie what about low income housing news did you hear any things"], [524936114860478464, "@CarolAnneCTV @TSNBobMcKenzie Lots of other reports say there's still a shooter loose."], [524930817177690113, "@CarolAnneCTV hope these reports are true. Quick response from all personnel thank you!"]], "node_mapping": {"524930575472136192": 0, "524945298087739392": 1, "524938578972123136": 2, "524936133638373376": 3, "524931964978331648": 4, "524936075534663682": 5, "524936114860478464": 6, "524930817177690113": 7}, "edges": [[0, 7], [0, 4], [0, 5], [0, 6], [0, 3], [0, 2], [0, 1]]}