{"thread_id": "524948866773184512", "text_thread": [[524948866773184512, "Ottawa police issued a statement. Three separate shooting incidents. Once inside parliament. One at the war memorial. One at Rideau Centre"], [525062819411419136, "@beingbrad @A_G_Moore ugh my heart goes out. And southerners in the us want to be able to pack heat in church, at the library, etc. Idiots"], [524951869664133120, "@beingbrad @SeedyRoads Bloody hell! That was my hang out in Ottawa 25 years ago! This smacks of Harper's foreign policy payback \ud83d\ude1e"], [524952352470495233, "@beingbrad @SeedyRoads @AJEnglish showed footage of shooting inside parliament : I found it quite disturbing \ud83d\ude1e"]], "node_mapping": {"524948866773184512": 0, "525062819411419136": 1, "524951869664133120": 2, "524952352470495233": 3}, "edges": [[0, 2], [0, 3], [0, 1]]}