{"thread_id": "524977669902172160", "text_thread": [[524977669902172160, "NHL postpones Wednesday's Leafs-Senators game due to tragedy in Ottawa  http://t.co/Ohec0ceae7 http://t.co/sLeiCmoUN6"], [524990187865001985, "\u201c@Sportsnet: NHL postpones Wed's Leafs game due to tragedy in Ott http://t.co/MlSmmggLiS http://t.co/wZA33H8ZUu\u201d #KeepPhilSafe #TMLtalk"], [525006874023038976, "@martyzylstra @Sportsnet - Seriously? Wow. Only a Leaf fan. #pureclass"], [524998389734596608, "@Sportsnet"]], "node_mapping": {"524977669902172160": 0, "524990187865001985": 1, "525006874023038976": 2, "524998389734596608": 3}, "edges": [[0, 1], [0, 3], [1, 2]]}