{"thread_id": "524957647653863424", "text_thread": [[524957647653863424, "Harper to make statement today after gunman shot dead in #Parliament. PM safe, not on Parliament Hill, being briefed by security officials."], [524965196641869824, "@CBCAlerts Some security, pathetic. Should stop spending $B on spying on everyone &amp; start looking at what's under their nose."], [524957921533501441, "@CBCAlerts God bless you all."], [524959177593331712, "@CBCAlerts @NBCNews how sad that NBC is providing more detailed information on this than CBC."], [525061487035822082, "Wik kaqua yaqua. Ikta kata ukuk ilahi. \u201cMT @CBCAlerts: Harper to make statement gunman shot dead in #Parliament. \u201d"], [524958674876649473, "@CBCAlerts did they know about these guys too?"]], "node_mapping": {"524957647653863424": 0, "524965196641869824": 1, "524957921533501441": 2, "524959177593331712": 3, "525061487035822082": 4, "524958674876649473": 5}, "edges": [[0, 2], [0, 5], [0, 3], [0, 1], [0, 4]]}