{"thread_id": "524965723672961024", "text_thread": [[524965723672961024, "#BREAKING Canada soldier shot near parliament has died, an official says"], [524966043547336706, "@AFP -- definitely the slowest #Breaking news agency."], [524967652511744000, "\u201c@AFP: #BREAKING Canada soldier shot near parliament has died, an official says\u201d Heartbreaking :'("], [524966878406389760, "\u201c@AFP: #BREAKING Canada soldier shot near parliament has died, an official says\u201d my heart is breaking."], [524967403718209536, "#BREAKING Canadian soldier shot near parliament has died, an official says v @AFP #Ottawa"], [524966958291496962, "@AFP @EWErickson All this man was doing was honoring the war dead. And he is shot and killed by a cowardly punk.  Terrorist have no honor"], [524966342319800322, "\u201c@AFP: #BREAKING Canada soldier shot near parliament has died, an official says\u201d"], [524967358407114753, "@AFP @LauraBabcock fuck."], [524966084097884160, "=( RT @AFP: #BREAKING Canada soldier shot near parliament has died, an official says"], [524967140458115072, "@AFP So sad, take a moment"], [524966042125090816, "\u201c@AFP: #BREAKING Canada soldier shot near parliament has died, an official says\u201d -- Peaceful Canada no more? :("], [524966057673756672, "\u201c@AFP: #BREAKING Canada soldier shot near parliament has died, an official says\u201d"], [524968675624112128, "@Mrs__Met @GayPatriot @AFP The Soldier was shot in the chest. It was civilians who have rec'd non-life-threatening injuries."], [524982071992008704, "@theloon @GayPatriot @AFP he died.\n:-("], [524967331256995840, "\u201c@AFP: #BREAKING Canada soldier shot near parliament has died, an official says\u201d"], [524967494725824512, "\u201c@AFP: #BREAKING Canada soldier shot near parliament has died, an official says\u201d. Heartbreaking. What is wrong with people???"], [524967867285250048, "@theloon @GayPatriot @AFP I just heard on live Canada non life threatening injuries."], [524966910128324609, "@AFP how very sad. RIP hero."], [524970412816732162, "@theloon @GayPatriot @AFP \n&gt;&gt;The soldier's condition is not known as this time."], [524967489445564416, "@AFP @GayPatriot - This has NOT been confirmed by RCMP, Ottawa Police, Canadian Army, or Canadian news agencies."]], "node_mapping": {"524965723672961024": 0, "524966043547336706": 1, "524967652511744000": 2, "524966878406389760": 3, "524967403718209536": 4, "524966958291496962": 5, "524966342319800322": 6, "524967358407114753": 7, "524966084097884160": 8, "524967140458115072": 9, "524966042125090816": 10, "524966057673756672": 11, "524968675624112128": 12, "524982071992008704": 13, "524967331256995840": 14, "524967494725824512": 15, "524967867285250048": 16, "524966910128324609": 17, "524970412816732162": 18, "524967489445564416": 19}, "edges": [[0, 10], [0, 1], [0, 11], [0, 8], [0, 6], [0, 3], [0, 17], [0, 5], [0, 9], [0, 14], [0, 7], [0, 4], [0, 19], [0, 15], [0, 2], [19, 16], [16, 12], [12, 18], [18, 13]]}