{"thread_id": "524936793633083394", "text_thread": [[524936793633083394, "Very tense situation in Ottawa this morning.  Multiple gun shots fired outside of our caucus room.  I am safe and in lockdown. Unbelievable."], [525360304646266881, "@YehonasanEaston So this is why \"The Secret\" and \"The Law of Attraction\" never worked for me! Check this out... http://t.co/frHVjK0OhO"], [524962958754205698, "@markstrahl @GreatDismal Security note: your doors should have bars that drop down, so you don't need to pile furniture to block them."], [524948091561324545, "@markstrahl thank God! Cc @intelwire"], [524938264575508482, "Stay Safe Mark @markstrahl @Wetaskijen Live coverage here: http://t.co/XYz8dPaiTY"], [524937115503566848, "@markstrahl this is crazy.  Hope you all stay safe."], [524938640435068930, "@markstrahl glad to hear you are safe - are thoughts are with u all #ableg"], [524939219865972736, "@markstrahl I hope you are safe - stay strong. Thoughts are with you and everyone at Parliament."], [524942228074926080, "@markstrahl what is recent? any breaking news? is the gunman dead?"], [524939768828686337, "@BlueGood2 @markstrahl Watching on CBC"], [524938161072242688, "@markstrahl Thank you. R all CPC Caucus Members safe? My MP is silent."], [524967738926981121, "@markstrahl Glad you are o.k! Must be nerve racking...Wow. . ."], [524937839960928256, "MP \u201c@markstrahl: Multiple gun shots fired outside of our caucus room.  I am safe and in lockdown. Unbelievable.\u201d #ottawa #fb"], [524940028108353536, "@markstrahl. Stay safe sir!"], [524944354465841152, "@markstrahl @MasonAdamsVA blessings &amp; well-wishes to all affected"], [524944007848550400, "@markstrahl @mattdpearce i know you were busy studying the #tarsands pollution report that your colleagues are trying to ignore"], [524946091444146177, "@markstrahl @IsraelSpeaker Welcome to the new world order of Arab terror."], [524937930184597504, "@markstrahl great to hear Mark - stay safe and prayers for everyone's safety ! Wow, this changes our country :("], [524960126084866048, "@markstrahl Hi Mark - could you follow me so I can message you? Glad you're ok. Many thanks"], [524944059844931585, "@markstrahl @mattdpearce y dont u protect ur own self instead of gettin young good men shot for you, pussy! lawyer scum!"]], "node_mapping": {"524936793633083394": 0, "525360304646266881": 1, "524962958754205698": 2, "524948091561324545": 3, "524938264575508482": 4, "524937115503566848": 5, "524938640435068930": 6, "524939219865972736": 7, "524942228074926080": 8, "524939768828686337": 9, "524938161072242688": 10, "524967738926981121": 11, "524937839960928256": 12, "524940028108353536": 13, "524944354465841152": 14, "524944007848550400": 15, "524946091444146177": 16, "524937930184597504": 17, "524960126084866048": 18, "524944059844931585": 19}, "edges": [[0, 5], [0, 12], [0, 17], [0, 10], [0, 4], [0, 6], [0, 7], [0, 13], [0, 8], [0, 15], [0, 19], [0, 14], [0, 16], [0, 3], [0, 18], [0, 2], [0, 11], [4, 9], [16, 1]]}