{"thread_id": "524940077978640384", "text_thread": [[524940077978640384, "Police say the shooter is on roof of building at Metcalfe and Sparks 1 block from Parliament Hill #ottnews #cbcott http://t.co/ZZiMUgj69H"], [524941700129898496, "@cbcjlong @sportsbuzzTO That's the British High Commission."], [524941868526997504, "@cbcjlong @Incidentpost on roof of British High Commission? Really? Careful what you tweet, folks."], [524944658552475648, "@cbcjlong My app is mapping tweets from Ottawa shotting area http://t.co/VlcPC99uBJ"], [524951927722106881, "@cbcjlong @DamoSpin Isn't that the British High Commission?"], [524941512962871297, "@NFB84 @cbcjlong more than one"], [524942757140639744, "@cenquist Fair enough. I see @cbcjlong is stepping back from that tweet a bit."], [524942310707306496, "@eyamie @cbcjlong I get the thought. But giving away police position and knowledge can worsen the situation."], [524941405702356993, "@cbcjlong @eyamie and now if he\u2019s checking twitter he knows they know\u2026"], [524944000240087040, "@cbcjlong stop giving out possible police locations!!!!"], [524941509427474433, "@cbcjlong @uglykev Get a Copter up there &amp; take him OUT! We don't coddle Terrorists in Canada @HonJohnBaird"], [524951370345242624, "@cbcjlong @andreabellemare @lmcdougall3"], [524940913668538369, "@cbcjlong @Patrick_leger that's the British high commission that building is in lock down for sure."], [524940807522889728, "@cbcjlong This is literally minutes from my home, unbelievable this is #NotOurOttawa"], [524941166102716416, "@cbcjlong @ryanpaulgibson Careful with that. https://t.co/kMBbTwi5oe"], [524942796017659904, "@cbcjlong this is the british consulate and it is not located at that intersection. @BambiBlue"], [524941331924525056, "@cbcjlong @James_J_Gordon if the same one from the block - how does he make it there?"], [524940564329136129, "@Painchaud03 live"], [524941975397879808, "@cenquist @cbcjlong Do a lot of rooftop gunmen spend their time checking twitter feeds? Also, I'm more concerned about my friends in Ottawa"], [524940413073756160, "@cbcjlong That's the UK High Commission building."]], "node_mapping": {"524940077978640384": 0, "524941700129898496": 1, "524941868526997504": 2, "524944658552475648": 3, "524951927722106881": 4, "524941512962871297": 5, "524942757140639744": 6, "524942310707306496": 7, "524941405702356993": 8, "524944000240087040": 9, "524941509427474433": 10, "524951370345242624": 11, "524940913668538369": 12, "524940807522889728": 13, "524941166102716416": 14, "524942796017659904": 15, "524941331924525056": 16, "524940564329136129": 17, "524941975397879808": 18, "524940413073756160": 19}, "edges": [[0, 19], [0, 13], [0, 12], [0, 14], [0, 16], [0, 8], [0, 10], [0, 1], [0, 2], [0, 15], [0, 9], [0, 3], [0, 11], [0, 4], [16, 5], [8, 18], [18, 7], [7, 6]]}