{"thread_id": "524958743000125440", "text_thread": [[524958743000125440, "BREAKING: #Ottawa Civic Hosp official says TWO NEW PATIENTS are enroute to hospital. 1 w/gunshot wounds. Both stable. @ctvottawa #ottnews"], [524962755049439233, "@CatherineCTV @ctvottawa That makes four in total?"], [524960213762588672, "#AttackInOttawa\n@CatherineCTV: BREAKING: #Ottawa CivicHosp official: TWO NEW PATIENTS are enroute to hospital\n1 w/gunshot wounds\nBoth stable"]], "node_mapping": {"524958743000125440": 0, "524962755049439233": 1, "524960213762588672": 2}, "edges": [[0, 2], [0, 1]]}