{"thread_id": "524959332656349187", "text_thread": [[524959332656349187, "Police in Canada have confirmed to NBC that multiple gunmen were involved in what appears to be coordinated series of shootings in #Ottawa"], [524960606865358849, "@LukeRussert a coordinated attack may not necessarily mean a terrorist attack in the context that people generally think of - NA. 2early2no"], [524959985483399169, "@LukeRussert call it what it is... Terrorism"], [524998360739348480, "@LukeRussert Well, Canadians have not been told this by our national media, specifically the CBC. ???? #Ottawa"], [524998667485601792, "@meileiend @LukeRussert @ott_deb Soldiers of your main ally due, and you use it as a moment to b this disrespectful abt us AND Potus? Wow."], [524974459740884992, "@LukeRussert @ddiamond isis recruits?"], [524969972196712449, "@LukeRussert @ott_deb obama said just coincidence, and be quiet he's teeing off."], [524982441006891008, "@LukeRussert when will @mitchellreports @chucktodd n @morning_joe blame this on Obama?"], [525010966443225088, "@vancouverboomer @LukeRussert @ott_deb duh huh?"]], "node_mapping": {"524959332656349187": 0, "524960606865358849": 1, "524959985483399169": 2, "524998360739348480": 3, "524998667485601792": 4, "524974459740884992": 5, "524969972196712449": 6, "524982441006891008": 7, "525010966443225088": 8}, "edges": [[0, 2], [0, 1], [0, 6], [0, 5], [0, 7], [0, 3], [6, 4], [4, 8]]}