{"thread_id": "524932935137628160", "text_thread": [[524932935137628160, "The gunman in Ottawa has been shot and killed. I'm at a loss for words this morning. That isn't my Canada."], [524944658992865280, "@HDMcC @kellyoxford @obiterdictayo CBC news is reporting the gunman has been shot. Are you bitching at them also?"], [524946023165460480, "@subloke @HDMcC @kellyoxford @obiterdictayo they confirm facts before 'reporting'."], [524946657755299840, "@HDMcC maybe people shouldn't look to the tweets of comedy writers for their news facts?"], [524933431793553408, "@kellyoxford the gunman is still on the loose."], [524941900223381504, "@subloke @kellyoxford @obiterdictayo Not a comment. Stated  gunman had been neutralized.Simply not true. Over 500k followers.Irresponsible."], [524962247563431936, "@HDMcC @kellyoxford exactly, because they are \"journalists\" and \"dems the rules\" Kelly is a \"comedic writer\" no rules. Go police journalists"], [524962953695858689, "@daxshepard1 @HDMcC THANK YOU."], [524940223160287232, "@HDMcC @kellyoxford @obiterdictayo why shouldn't a private citizen make a comment on a news event?"], [524939588406878208, "@alcanlin @kellyoxford great response bro."], [524993526564929536, "@jeremysale @daxshepard1 @HDMcC seeing as though I was 100% correct, yes."], [524933486407602176, "@kellyoxford please wait on this. Also sounds like multiple suspects. People need to stay vigilant."], [524943005313409025, "@HDMcC @kellyoxford @obiterdictayo the news report I'm watching currently reported the same thing before Kelly tweeted it."], [524958146343624704, "@kellyoxford @HDMcC I had heard the same before I saw you &amp; many others tweet."], [524939106367721472, "@kellyoxford my thoughts also"], [524957372369108993, "@subloke @HDMcC I had confirmed the first gunman was dead when I tweeted."], [524935670260047872, "@kellyoxford It's Harper's Canada though"], [524940370321629184, "@TwitchieRich @kellyoxford I try\u2026. Unfortunately I don\u2019t think it\u2019d protect me against bullets"], [524933274444238848, "@kellyoxford what's your source? That's not confirmed!"], [524933385010290688, "@kellyoxford Was it your Canada when that guy beheaded that other guy on the bus? Shit happens, but we're mostly still fine up here"], [524934003892432896, "@kellyoxford might want to actually confirm shit like that before tweeting."], [524960764503674880, "@kellyoxford @HDMcC maybe you should have a news crew on retainer just in case. Rapid deploy anywhere breaking news happens."], [524945080613093376, "@subloke @kellyoxford @obiterdictayo Stated as fact before news outlets even suggested.Still uncertain.Leave news to news pros.Done here."], [524959184928768002, "@HDMcC @kellyoxford where's the \"(sigh) I give up\" emoticon? Do you not understand twitter?"], [524996012847665152, "@jeremysale @daxshepard1 @HDMcC hey kid, go enjoy this weird sense of power I've afforded you this morning. Spend it wisely!!"], [524970141189431296, "@HDMcC @kellyoxford @subloke Perhaps all of Twitter should follow HDM so we can learn the proper ways of Tweeting responsibly."], [525522784748060672, "@kellyoxford @daxshepard1 yes from her newly decorated LA living room. Just like Egypt."], [524959735091847168, "@HDMcC @subloke I can get confirmation and video from witnesses and pass info along without a news producer. Simple stuff."], [524933148380237825, "@kellyoxford agreed"], [524994047451332608, "@kellyoxford @daxshepard1 @HDMcC Kudos to your relaying of second-hand information! Do you have an app?"], [524933104742723584, "@kellyoxford Oh Canada\u2026."], [524990987308134400, "@daxshepard1 @HDMcC @kellyoxford No, you're right. We should follow comedic writers and trust their sources. That's my first instinct."], [524934776940412929, "@obiterdictayo I know what I'm doing here, thanks."], [524936650087231488, "@kellyoxford @obiterdictayo there has been zero confirmation that gunman is down. Maybe let news outlets on scene handle the reporting."], [524958563312357376, "@kellyoxford @subloke you managed to confirm before any other news outlet in Canada. Bravo."], [524996728811175936, "@kellyoxford @daxshepard1 @HDMcC Thanks, that was considerate of you! All the best."]], "node_mapping": {"524932935137628160": 0, "524944658992865280": 1, "524946023165460480": 2, "524946657755299840": 3, "524933431793553408": 4, "524941900223381504": 5, "524962247563431936": 6, "524962953695858689": 7, "524940223160287232": 8, "524939588406878208": 9, "524993526564929536": 10, "524933486407602176": 11, "524943005313409025": 12, "524958146343624704": 13, "524939106367721472": 14, "524957372369108993": 15, "524935670260047872": 16, "524940370321629184": 17, "524933274444238848": 18, "524933385010290688": 19, "524934003892432896": 20, "524960764503674880": 21, "524945080613093376": 22, "524959184928768002": 23, "524996012847665152": 24, "524970141189431296": 25, "525522784748060672": 26, "524959735091847168": 27, "524933148380237825": 28, "524994047451332608": 29, "524933104742723584": 30, "524990987308134400": 31, "524934776940412929": 32, "524936650087231488": 33, "524958563312357376": 34, "524996728811175936": 35}, "edges": [[0, 30], [0, 28], [0, 18], [0, 19], [0, 4], [0, 11], [0, 20], [0, 16], [0, 14], [30, 9], [9, 17], [20, 32], [32, 33], [33, 8], [8, 5], [5, 12], [5, 1], [12, 22], [22, 3], [1, 2], [1, 15], [2, 6], [6, 7], [6, 31], [7, 26], [31, 10], [10, 29], [29, 24], [24, 35], [15, 13], [15, 34], [34, 23], [34, 27], [34, 25], [27, 21]]}