{"thread_id": "524982066564567040", "text_thread": [[524982066564567040, "BREAKING: Ottawa Police confirm that a member of the Canadian Forces has succumbed to injuries in hospital following shooting..."], [524984420189872128, "RIP \ud83d\ude14\ud83c\udf39 \u201c@CP24: Ottawa Police confirm that a member of the Canadian Forces has succumbed to injuries in hospital following shooting...\u201d"], [524983319935848448, "@CP24 @metrowinnipeg rest in peace."], [524993984524193793, "@CP24  Have we not learned from 9/11? Stop letting these terrorists into Canada.  DEPORTATION! if he was Canadian &amp; he became radicalised..."], [524983876536795138, "@imafan4you @CP24 are you out of your mind - terrorist rest in peace? No, may he burn in hell"], [524982401735622657, "\u201c@CP24: BREAKING: Ottawa Police confirm that a member of the Canadian Forces has succumbed to injuries in hospital following shooting...\u201d \ud83d\ude22\ud83d\ude22"], [524982425034960896, "\"This is an ongoing joint police operation and there is no one in custody at this time,\" a press release from Ottawa Police reads."], [524982904234188800, "@CP24 so sad. rest in peace"], [524983081238028288, "@CP24 Rest in peace \ud83d\ude14"], [524985160119631873, "@CP24 Such a dark and sad day for Canada! A strip of our innocence ripped off.Deepest sympathy to the family of the fallen soldier.\ud83d\ude22"], [524982601505710081, "@CP24"], [524985822341509120, "\u201c@CP24: BREAKING: Ottawa Police confirm that a member of the Canadian Forces has succumbed to injuries in hospital following shooting...\u201d"], [524998711118934017, "@7PinkPanther7 @CP24 I thought it was about the soldier that was shot and has passed."], [524986106748874753, "@CP24 Simply heartbreaking"], [524985532942934016, "@CP24 My prayers and heart goes out  for the family of the slain soldier. God Bless his family."], [524983454728208384, "@CP24 CONFIRMED there were ONLY 2 shooting sites, War Monument and Parliament in Ottawa. NOT in the Rideau Center Mall"], [524997721955254274, "@K3y53rS0ze @CP24 oh I read it wrong. I thought this was about the soldier. Sorry."], [524998797693550592, "@imafan4you @CP24 No problem! :)"], [524982160969961472, "\u201c@CP24: BREAKING: Ottawa Police confirm that a member of the Canadian Forces has succumbed to injuries in hospital following shooting...\u201dRIP"], [524994295292772354, "@CP24  Then send him to the country where he thinks terrorism is how Canadians live...evict him for good..mistakes cost lives"], [524982567339327488, "@CP24 @Tweetbrk #OneBastardBitesTheDust"], [524997942944731137, "@7PinkPanther7 @CP24 no I'm sorry read it wrong. Not at all."], [524998072523583489, "@imafan4you @CP24 Ok no problem"], [524983288734433281, "\u201c@CP24: BREAKING: Ottawa Police confirm that a member of the Canadian Forces has succumbed to injuries in hospital following shooting...\u201d"], [524994269120323584, "@CP24 who was the suspect???"], [524982172789510144, "\u201c@CP24: BREAKING: Ottawa Police confirm that a member of the Canadian Forces has succumbed to injuries in hospital following shooting...\u201d \ud83d\ude22\ud83c\udf41"], [524982643008733184, "@imafan4you @CP24 You support terrorists???"], [524982197573672961, "Ottawa Police also say that one male suspect has also been confirmed deceased."]], "node_mapping": {"524982066564567040": 0, "524984420189872128": 1, "524983319935848448": 2, "524993984524193793": 3, "524983876536795138": 4, "524982401735622657": 5, "524982425034960896": 6, "524982904234188800": 7, "524983081238028288": 8, "524985160119631873": 9, "524982601505710081": 10, "524985822341509120": 11, "524998711118934017": 12, "524986106748874753": 13, "524985532942934016": 14, "524983454728208384": 15, "524997721955254274": 16, "524998797693550592": 17, "524982160969961472": 18, "524994295292772354": 19, "524982567339327488": 20, "524997942944731137": 21, "524998072523583489": 22, "524983288734433281": 23, "524994269120323584": 24, "524982172789510144": 25, "524982643008733184": 26, "524982197573672961": 27}, "edges": [[0, 18], [0, 25], [0, 27], [0, 5], [0, 10], [0, 7], [0, 8], [0, 23], [0, 2], [0, 1], [0, 9], [0, 14], [0, 11], [0, 13], [27, 6], [27, 20], [27, 3], [27, 24], [27, 19], [6, 15]]}