{"thread_id": "524935758143324160", "text_thread": [[524935758143324160, "Update: Reuters reports a witness who says police chased a suspect into Candian parliament in #Ottawa &amp; then heard 30 shots fired inside"], [524935960065495040, "@SkyNewsBreak only 30...."], [524938653173547008, "@SkyNewsBreak  \nbetter updates here http://t.co/s7O7kPgd5i"], [524941024796631040, "@SkyNewsBreak bit weird  a witness counting the shots and being specific with that number. Most people would be hiding for cover? Hmmmm?"], [524937541435551745, "@SkyNewsBreak shouts of \"I'm not your buddy,guy !\" Were heard"]], "node_mapping": {"524935758143324160": 0, "524935960065495040": 1, "524938653173547008": 2, "524941024796631040": 3, "524937541435551745": 4}, "edges": [[0, 1], [0, 4], [0, 2], [0, 3]]}