{"thread_id": "524958227768020992", "text_thread": [[524958227768020992, "BREAKING: Two new patients coming to Ottawa hospital civic campus. One with gunshot wounds. Just confirmed #ottnews"], [524958453295353856, "@stefankeyesCTV stay safe Stefan.."], [524961802279731200, "\u201c@stefankeyesCTV: BREAKING: Two new patients coming to Ottawa hospital civic campus. One with gunshot wounds. Just confirmed #ottnews\u201d"], [524995126993887232, "@stefankeyesCTV @Donna_West Prayers for Canada."], [524960447574081536, "RT\u201c@stefankeyesCTV: BREAKING: Two new patients coming to Ottawa hospital civic campus. One with gunshot wounds. Just confirmed #ottnews\u201d"], [524962858522931201, "RT @stefankeyesCTV Two new patients coming to Ottawa hospital civic campus. One with gunshot wounds. Just confirmed #ottawashootings"], [524958690424930304, "@stefankeyesCTV Stay safe Stefan"]], "node_mapping": {"524958227768020992": 0, "524958453295353856": 1, "524961802279731200": 2, "524995126993887232": 3, "524960447574081536": 4, "524962858522931201": 5, "524958690424930304": 6}, "edges": [[0, 1], [0, 6], [0, 4], [0, 2], [0, 5], [0, 3]]}