{"thread_id": "524943012602716160", "text_thread": [[524943012602716160, "OTTAWA! Sending postive vibes. Stay away from rooftops and windows in downtown. Shooter still in Parliament Hill: http://t.co/WzBRh1x9sq"], [524943428254453762, "@ThatKevinSmith thanks for the tweet. You're the only US celeb I've seen say anything. You're incredible #Ottawa #staysafe"], [524943663734861827, "@ThatKevinSmith This is lunacy.  This shit just doesn't happen in Canada.  Please let this be the galvanizing incident that unifies us."], [524944278125285376, "@ThatKevinSmith Thanks for the info."], [524943786615795712, "@ThatKevinSmith stay low and dont \"skyline\"yourselves. Watch a few shows/listen to a podcast or two *Know anyone who does one?* be safe"], [524944516919603200, "@ThatKevinSmith Thanks for caring about us Hosers.  \ud83d\udc9c"], [524943732190490624, "@ThatKevinSmith : all on lockdown here. Praying this gets sorted ASAP."], [524943217910095872, "@ThatKevinSmith damn. there goes my kite-flying lunch"], [524943493459087360, "@ThatKevinSmith it's pretty intense in Ottawa, a lot of people don't even know what happening. I can hear the sirens from Algonquin College."], [524943489671634946, "@ThatKevinSmith it's pretty scary up here Kevin, all on lockdown."], [524943477797552128, "@ThatKevinSmith One gunman down, other supposedly still on run, shots fired."], [524943289146146817, "@ThatKevinSmith Im a block away from the shooting area. Its a gong show out there. Be safe everyone!!!  #ottawa #shooting"], [524943517781479424, "@ThatKevinSmith same here send up prayers for all."], [524943582143471616, "@ThatKevinSmith thanks Kev, we appreciate the love. Still a few gunmen at large"], [524943336961212417, "@ThatKevinSmith Oh no. How awful."], [524943543392276480, "@ThatKevinSmith Office is on lockdown and the perimeter keeps moving further and further- awful freaky around here."], [524943615010037760, "@ThatKevinSmith thanks for caring! You're welcome here anytime"]], "node_mapping": {"524943012602716160": 0, "524943428254453762": 1, "524943663734861827": 2, "524944278125285376": 3, "524943786615795712": 4, "524944516919603200": 5, "524943732190490624": 6, "524943217910095872": 7, "524943493459087360": 8, "524943489671634946": 9, "524943477797552128": 10, "524943289146146817": 11, "524943517781479424": 12, "524943582143471616": 13, "524943336961212417": 14, "524943543392276480": 15, "524943615010037760": 16}, "edges": [[0, 7], [0, 11], [0, 14], [0, 1], [0, 10], [0, 9], [0, 8], [0, 12], [0, 15], [0, 13], [0, 16], [0, 2], [0, 6], [0, 4], [0, 3], [0, 5]]}