{"thread_id": "524947674164760577", "text_thread": [[524947674164760577, "BREAKING NEWS: New York Times is reporting the Canadian soldier who was shot has died from their injuries. Heartbreaking. #cdnpoli #ableg"], [524964193813155841, "@DaPro63  https://t.co/5I32TfCGta @DaveBeninger"], [524961467431665664, "@Donnajcherold @doctorfullerton @DaveBeninger hi Donna I think we are talking 2 different incidents now the quebec one is what I referred 2"], [524960914450415617, "@doctorfullerton @DaveBeninger me either. There are reports he is still alive. But not looking good! #OttawaShooting"], [524952396259409920, "@DaveBeninger @cherylnorrad Ugh, CTV is reporting he's ALIVE. http://t.co/CprCsb3ES9"], [524956642454941696, "@DaveBeninger @bebeasley Careful when reporting on life and death. Let's wait until we really know... when the news is not so chaotic"], [524961925239959552, "@NatriceR @doctorfullerton @DaveBeninger ??????"], [524955418955902976, "@DaveBeninger  maybe you should get your info a little more locally"], [524959514995724288, "@DaveBeninger @doctorfullerton no report he has died!"], [524947899982290944, "@DaveBeninger My heart goes out to the family."], [524962300466569216, "@Donnajcherold @doctorfullerton @DaveBeninger Donna - the rcmp incident in Quebec versus today in ottawa"], [524962753036185600, "@DaveBeninger @SheilaGunnReid Perhaps wait for Canadian source."], [524960036179968001, "@Donnajcherold @DaveBeninger New report indicates he is alive but obviously gravely injured. I'm not sure where New York Times got that."], [524964141296259072, "@TimothyEWilson  https://t.co/5I32TfCGta @DaveBeninger"], [524964503579262976, "@SheilaGunnReid @DaveBeninger perhaps wishful thinking on my part but still hopeful it is not true. TV still not reporting any CF deaths"], [524952460897828865, "@DaveBeninger @frednewschaser  CTV just said he is being treated and is stable ?"], [524952276109373442, "@DaveBeninger Not according to what I've just heard on CTV."], [524962626615664640, "@DaveBeninger @SheilaGunnReid Canadian news contradicts this"], [524953683172524032, "@DaveBeninger @big_rudo NYT may be wrong, bcuz CTV news1 has said that the soldier at Memorial is alive at hospital!"], [524962623562186752, "@NatriceR @Donnajcherold @DaveBeninger But both would indicate there is need to increase surveillance &amp; ability to detain"], [524948114113703936, "@DaveBeninger prayers and thoughts to his family and friends...."]], "node_mapping": {"524947674164760577": 0, "524964193813155841": 1, "524961467431665664": 2, "524960914450415617": 3, "524952396259409920": 4, "524956642454941696": 5, "524961925239959552": 6, "524955418955902976": 7, "524959514995724288": 8, "524947899982290944": 9, "524962300466569216": 10, "524962753036185600": 11, "524960036179968001": 12, "524964141296259072": 13, "524964503579262976": 14, "524952460897828865": 15, "524952276109373442": 16, "524962626615664640": 17, "524953683172524032": 18, "524962623562186752": 19, "524948114113703936": 20}, "edges": [[0, 9], [0, 20], [0, 16], [0, 4], [0, 15], [0, 18], [0, 7], [0, 5], [0, 8], [0, 17], [0, 11], [8, 12], [12, 3], [3, 2], [2, 6], [6, 10], [10, 19], [17, 1], [1, 14], [11, 13]]}