{"thread_id": "524949026064850944", "text_thread": [[524949026064850944, "CTV has received confirmation from Ottawa Police that there have been three different shooting incidents #ottnews #ottawashooting"], [524954833171009536, "@CFRAOttawa"], [524949551334326272, "\u201c@CFRAOttawa: CTV has received confirmation from Ottawa Police that there have been three different shooting incidents #ottawashooting\u201d"], [524950534219132928, "\u201c@v_couture: @RavenMontreal As-tu vu \u00e7a? :O https://t.co/m7PUzlIxFd\u201d Wow j'ai mal au coeur \ud83d\udc94"], [524949745186652162, "@RavenMontreal As-tu vu \u00e7a? :O https://t.co/v6pQcO9IfL"], [524949556346507264, "\u201c@CFRAOttawa: CTV has received confirmation from Ottawa Police that there have been three different shooting incidents #ottawashooting\u201d \ud83d\ude12"], [525288639555977217, "@CFRAOttawa 3 , now 1 ?"], [524950706030387200, "@RavenMontreal Pas d'allure!!!! La s\u00e9curit\u00e9 \u00e9tait faible!!!"]], "node_mapping": {"524949026064850944": 0, "524954833171009536": 1, "524949551334326272": 2, "524950534219132928": 3, "524949745186652162": 4, "524949556346507264": 5, "525288639555977217": 6, "524950706030387200": 7}, "edges": [[0, 2], [0, 5], [0, 1], [0, 6], [5, 4], [4, 3], [3, 7]]}