{"thread_id": "524936365427806208", "text_thread": [[524936365427806208, "DEVELOPING: Shooting suspect at large inside Canadian Parliament: reports\nhttp://t.co/hU0OfoOGEC http://t.co/5fkHcPaK97"], [524956706783395841, "@PartPhil @NBCNews there have been many. Many more prevented by taking out the shooter before they can kill more."], [524936684756946944, "@NBCNews How glamorous they look?"], [524941786813173760, "@NBCNews I THOUGHT WE WERE SAFE IN CANADA...ALAS EVIL EXEMPTS NONE.."], [524936487553728512, "RT @NBCNews: DEVELOPING: Shooting suspect at large inside Canadian Parliament: reports\nhttp://t.co/yKkdH4M2Wh http://t.co/LtdGgv0Stw"], [524956225579282432, "@61Webhead @NBCNews what..."], [524957677773148161, "@61Webhead @NBCNews  that is the dumbest conclusion you could have made. Give your head a shake."], [524957147596324864, "@tomzedd @NBCNews This was the 2nd terrorist attack in 3 days with 3 dead now. Gun laws kept citizens from shooting back at the terrorist"], [524936779661840385, "@NBCNews illuminati"], [524958336262094849, "@PartPhil @NBCNews go cower behind your \"Gun Free Zone\" sign while calling 9-1-1, hippie."], [524937681944334336, "@NBCNews they already shot him"], [524954049238810626, "@61Webhead @NBCNews only 1 so far and that's the shooter..."], [524957728440352768, "\u201c@NBCNews: DEVELOPING: Shooting suspect at large inside Canadian Parliament: reports\nhttp://t.co/vUi8ccO227 http://t.co/Dk2uo41chN\u201d"], [524943088360644608, "@NBCNews ISIS + gun laws = lots of dead people"], [524937135934427136, "@NBCNews @KING5Seattle put a bullet in his head!"], [524955793855377408, "@tomzedd @NBCNews yeah, use your kind words to stop terrorists! better yet, put up another \"Gun Free Zone\" sign!"], [524955415910834176, "@PartPhil @NBCNews how many citizens were firing back? A: 0. Took cops a good while to get to shooter. Go ahead and be a helpless victim"], [524957683590631425, "@PartPhil @NBCNews go back to riding your unicorn in Utopia. May your kind words stop the mean terrorists."], [524958109312491520, "@61Webhead @NBCNews go back to being scared and quivering beside your guns. May your fear and composite metals keep you warm at night"], [524944576767737856, "@NBCNews @MarkMullenNBC \n\nDoes anyone know where Ted Cruz is?"]], "node_mapping": {"524936365427806208": 0, "524956706783395841": 1, "524936684756946944": 2, "524941786813173760": 3, "524936487553728512": 4, "524956225579282432": 5, "524957677773148161": 6, "524957147596324864": 7, "524936779661840385": 8, "524958336262094849": 9, "524937681944334336": 10, "524954049238810626": 11, "524957728440352768": 12, "524943088360644608": 13, "524937135934427136": 14, "524955793855377408": 15, "524955415910834176": 16, "524957683590631425": 17, "524958109312491520": 18, "524944576767737856": 19}, "edges": [[0, 4], [0, 2], [0, 8], [0, 14], [0, 10], [0, 3], [0, 13], [0, 19], [0, 12], [13, 11], [11, 15], [15, 5], [5, 7], [7, 6]]}