{"thread_id": "524933399828369409", "text_thread": [[524933399828369409, "WATCH LIVE: The scene outside Parliament Hill where a soldier has been shot http://t.co/k1d6G8HR0o"], [524933930068480000, "@CP24 please don't broadcast location of officers for their safety"], [524933876347863041, "@CP24 all of Canada needs to pray."], [524937166171152384, "@CP24 sound is not working"], [524939617737662465, "@CP24 sound?"], [524937429065936896, "@CP24 @CBCAlerts  Note to all those concerned, in moments of #nationalSecurity GPS &amp; CellularNetworks are jammed in response @CSIS #weUnite"], [524941959170121728, "@CP24 should have got them all #FuckTheForces"], [524936755288743936, "@CP24 Theres no sound."]], "node_mapping": {"524933399828369409": 0, "524933930068480000": 1, "524933876347863041": 2, "524937166171152384": 3, "524939617737662465": 4, "524937429065936896": 5, "524941959170121728": 6, "524936755288743936": 7}, "edges": [[0, 2], [0, 1], [0, 7], [0, 3], [0, 5], [0, 4], [0, 6]]}