{"thread_id": "524937204552843268", "text_thread": [[524937204552843268, "BREAKING: Soldier shot at Canadian parliament, authorities say\nhttp://t.co/Dg2QJtPZ6B http://t.co/cslSESe9V2"], [524938761504038913, "@StephenDennehy @NBCNews Stephen Dennehy has a brain?"], [524945695107989504, "@Canuckmaiden @NBCNews Canada has Soldiers?"], [524938496898007040, "@StephenDennehy @NBCNews You are an ignoramus. We were in WW II before the US and our soldiers have been fighting and dying in Afghanistan."], [524945163949727744, "@StephenDennehy @NBCNews Sorry, I don't find anything funny about a soldier being shot at."], [524939502113284097, "@tgrunfeld @NBCNews Thomas Grunfeld has a sense of humor?"], [524939385993965569, "@Canuckmaiden @NBCNews it's a joke. Relax!"], [524946719185063936, "@NBCNews how is the soldier &amp; is gun man in custody?"], [524939548523257856, "@AlexHoegs27"], [524939539425792000, "@AlexHoegs27 lol"], [524937732158943232, "@NBCNews whoa, that's an awesome picture."], [524938933722165248, "Typical Yankee RT @StephenDennehy Canada has a war memorial?"], [524941078756356096, "@tgrunfeld @NBCNews ok let me know when it's safe to joke again."], [524943763161223168, "\u201c@NBCNews: BREAKING: Soldier shot at Canadian parliament, authorities say\nhttp://t.co/6k3zrhsNyu http://t.co/cXBigYLQor\u201d"], [524937977064329217, "Oh no! @NBCNews: BREAKING: Soldier shot at Canadian parliament, authorities say\nhttp://t.co/ca6NfcGM6M http://t.co/1QzkVJMeYx"], [524939999842938880, "@StephenDennehy @NBCNews Active act of terrorism in progress. Make your jokes some other time."], [524937771912556546, "\u201c@NBCNews: BREAKING: Soldier shot at Canadian parliament, authorities say\nhttp://t.co/V9HCiLfTFd http://t.co/1OoRZjbkAr\u201d"], [524937768963940354, "@NBCNews Canada has a war memorial?"], [524938544503341056, "\u201c@NBCNews: BREAKING: Soldier shot at Canadian parliament, authorities say\nhttp://t.co/gvR30y7M48 http://t.co/P1GdYZIs4H\u201d Misleading headline"]], "node_mapping": {"524937204552843268": 0, "524938761504038913": 1, "524945695107989504": 2, "524938496898007040": 3, "524945163949727744": 4, "524939502113284097": 5, "524939385993965569": 6, "524946719185063936": 7, "524939548523257856": 8, "524939539425792000": 9, "524937732158943232": 10, "524938933722165248": 11, "524941078756356096": 12, "524943763161223168": 13, "524937977064329217": 14, "524939999842938880": 15, "524937771912556546": 16, "524937768963940354": 17, "524938544503341056": 18}, "edges": [[0, 10], [0, 17], [0, 16], [0, 14], [0, 18], [0, 13], [0, 7], [17, 3], [17, 1], [17, 11], [3, 6], [3, 4], [4, 2], [1, 5], [5, 15], [15, 12], [11, 9], [11, 8]]}