{"thread_id": "524966582544781313", "text_thread": [[524966582544781313, "AFP: an official says a Canadian soldier has died after being shot in #OttawaShooting"], [524966697095417857, "\u201c@SkyNewsBreak: AFP: an official says a Canadian soldier has died after being shot in #OttawaShooting\u201d #RIP \ud83d\ude2a"], [524967592101163008, "@SkyNewsBreak very sad :("], [524967027723993089, "@SkyNewsBreak no suprise there....  after 30 or more bullets were shot."], [524982917781782528, "\u201c@SkyNewsBreak: AFP: an official says a Canadian soldier has died after being shot in #OttawaShooting\u201d very sad condolences 2the family RIP"], [524967527773130752, "\u201c@SkyNewsBreak: AFP: an official (Min Kenney) says a Canadian soldier has died after being shot in #OttawaShooting\u201d @MAJIC100Ottawa"], [524968875625295872, "RIP to the brave soldier. \u201c@SkyNewsBreak: AFP: an official says a Canadian soldier has died after being shot in #OttawaShooting\u201d"], [524968385344716800, "@SkyNewsBreak #RIP Canadian soldier. \ud83d\ude22"], [524967046652911616, "@SkyNewsBreak RIP"], [524974486379311104, "@SkyNewsBreak Islam, the so called religion of peace, as if!!!"], [524967230044258305, "An official?  What organization and do you have two independent sources? @SkyNewsBreak @AFP"], [524967527219478528, "@SkyNewsBreak thinking of his family at this time. Another victim of brainwashed psychopaths. #Islamic #pureevil"], [524966732763770880, "\u201c@SkyNewsBreak: AFP: an official says a Canadian soldier has died after being shot in #OttawaShooting\u201d"], [524968907405545472, "@SkyNewsBreak Peace be upon him."], [524967361448013824, "\u201c@SkyNewsBreak: AFP: an official says a Canadian soldier has died after being shot in #OttawaShooting\u201d. RIP this is greeting serious"], [524968664651812864, "\u201c@SkyNewsBreak: AFP: an official says a Canadian soldier has died after being shot in #OttawaShooting\u201d RIP x"], [524967200978137088, "@SkyNewsBreak &gt; Very sad. R.I.P brave soldier. Tragic."]], "node_mapping": {"524966582544781313": 0, "524966697095417857": 1, "524967592101163008": 2, "524967027723993089": 3, "524982917781782528": 4, "524967527773130752": 5, "524968875625295872": 6, "524968385344716800": 7, "524967046652911616": 8, "524974486379311104": 9, "524967230044258305": 10, "524967527219478528": 11, "524966732763770880": 12, "524968907405545472": 13, "524967361448013824": 14, "524968664651812864": 15, "524967200978137088": 16}, "edges": [[0, 1], [0, 12], [0, 3], [0, 8], [0, 16], [0, 10], [0, 14], [0, 11], [0, 5], [0, 2], [0, 7], [0, 15], [0, 6], [0, 13], [0, 9], [0, 4]]}