{"thread_id": "524994747883323392", "text_thread": [[524994747883323392, "I am so saddened by the death of a young man serving us and our great nation. God bless him #Ottawa #OttawaShooting"], [525020661379780608, "@GeneralHillier @markcritch A cowardly act on one of our own. Sad day for Canada!"], [525000029103472641, "@GeneralHillier  General, we're with you on that sir!"], [525025101310226433, "@GeneralHillier @markcritch just devastating.  God bless."]], "node_mapping": {"524994747883323392": 0, "525020661379780608": 1, "525000029103472641": 2, "525025101310226433": 3}, "edges": [[0, 2], [0, 1], [0, 3]]}