{"thread_id": "524983366261936130", "text_thread": [[524983366261936130, "BREAKING: Police say soldier, 1 suspected gunman dead in Ottawa shootings."], [524983541009244160, "\u201c@AP: BREAKING: Police say soldier, 1 suspected gunman dead in Ottawa shootings.\u201d Wow \u2026"], [524984975431856129, "@thetorse @AP wow dam  terrorist"], [524996916401426433, "@AP https://t.co/8jMhL2fC0O"], [524986081914413056, "\u201c@AP: BREAKING: Police say soldier, 1 suspected gunman dead in Ottawa shootings.\u201dan act of evil"], [524985056675512320, "@RBPundit @AP Yeah, I'm down with that."], [525419695118495746, "@AP http://t.co/dNsCpMAQWD"], [524987609106616321, "@AP"], [524984938865909761, "Which is fine. Just don't call it \"BREAKING\" RT @NoChromeHD @RBPundit @AP In fairness, I'd rather they get it right than just go with rumors"], [524983843913486336, "What I've learned from Twitter: The @AP is usually around 30 minutes behind reporting news. https://t.co/Hlxu8Qinrq"], [524983599997915136, "RT \"@AP: BREAKING: Police say soldier, 1 suspected gunman dead in Ottawa shootings.\u201d"], [524983550374719488, "\u201c@AP: BREAKING: Police say soldier, 1 suspected gunman dead in Ottawa shootings.\u201d"], [524984524070191104, "\u00daLTIMA HORA: @AP reporta que un soldado y el sospechoso han muerto en balaceras en Ottawa, Canad\u00e1."], [524986342884012033, "@RBPundit and that is on a good day."], [524987018590564353, "@AP Probably a drill."], [524984731524681728, "@RBPundit @AP In fairness, I'd rather they get it right than just go with rumors."], [525036788172488705, "@AP  dang shame. didn't have to be this way"], [524984878677647360, "@RBPundit @AP and about an hour behind reporting the truth."], [524983446259916800, "RT\u201c@AP: BREAKING: Police say soldier, 1 suspected gunman dead in Ottawa shootings.\u201d"], [524984252208005121, ":( \u201c@AP: BREAKING: Police say soldier, 1 suspected gunman dead in Ottawa shootings.\u201d"]], "node_mapping": {"524983366261936130": 0, "524983541009244160": 1, "524984975431856129": 2, "524996916401426433": 3, "524986081914413056": 4, "524985056675512320": 5, "525419695118495746": 6, "524987609106616321": 7, "524984938865909761": 8, "524983843913486336": 9, "524983599997915136": 10, "524983550374719488": 11, "524984524070191104": 12, "524986342884012033": 13, "524987018590564353": 14, "524984731524681728": 15, "525036788172488705": 16, "524984878677647360": 17, "524983446259916800": 18, "524984252208005121": 19}, "edges": [[0, 18], [0, 1], [0, 11], [0, 10], [0, 9], [0, 19], [0, 12], [0, 4], [0, 14], [0, 7], [0, 3], [0, 16], [0, 6], [18, 2], [9, 15], [9, 17], [9, 13], [15, 8], [8, 5]]}