{"thread_id": "524975705206304769", "text_thread": [[524975705206304769, "#NHL cancels tonight's game between #Ottawa and #Toronto due to today's shootings. Senators were to host Maple Leafs."], [524975967073488896, "\u201c@CBCAlerts: #NHL cancels tonight's game between #Ottawa and #Toronto due to today's shootings. Senators were to host Maple Leafs.\u201d"], [524977413038817280, "@thejpiga You need to flake off ass...."], [524975860185825281, "@CBCAlerts FACK!!!!"], [524976279150657536, "@CBCAlerts How unfortunate, but understandable."], [524976291905552385, "@CBCAlerts #NHL #Ottawa #Toronto that makes no sense"], [524977226820104192, "@TweetFreak73 @CBCAlerts you need to re-evaluate...."], [524976999929237505, "@thejpiga @CBCAlerts Ya it does bother me.  Was looking forward to tonight's game."], [524976772535037952, "@CBCAlerts Elderly people are subjected to toxic poison 10.2 times legal limits but that does not seem important to CBC, CBS, or TC."], [524977621281824770, "@TweetFreak73 stay classy.... I'm sorry that a tragedy ruined your ability to watch a sporting event."], [524976050481422336, "@TweetFreak73 @CBCAlerts that disappoints you.... today? Wow..."], [524976661058826240, "You know it's serious when they cancel hockey \"@CBCAlerts: #NHL cancels tonight's game between Ottawa and Toronto due to today's shootings.\""], [524977773958684673, "@thejpiga Didn't I say \"FLAKE OFF\""], [524976688275673088, "@CBCAlerts I had a feeling that was going to happen,  would of been a big risk for all fans.  Safety first!"], [524975908432928768, "@CBCAlerts game postponed, not cancelled."], [524976564405276672, "@CBCAlerts this was the right thing to do"], [524976422377775104, "@CBCAlerts as they should!!!!"], [524975791688654850, "\u201c@CBCAlerts: #NHL cancels tonight's game between #Ottawa and #Toronto due to today's shootings. Senators were to host Maple Leafs.\u201d"], [524978635498082305, "@CBCAlerts You can add A Chanel News &amp; Chek News to that group also. \nLetting people be subject to toxic poison is such a Victoria thing."], [524978385660153856, "@thejpiga So now you judge me for 1 fucking RT with comment, one.  Why don't you look at yourself in the mirror and judge that instead"], [524975857778298880, "\u201c@CBCAlerts: #NHL cancels tonight's game between #Ottawa and #Toronto due to today's shootings. Senators were to host Maple Leafs.\u201d #WERE"], [524977952640221184, "@TweetFreak73 at least your polite self absorbed person."], [524977527362953218, "@CBCAlerts Now i's confirmed as a  National Emergency.  #HockeyNightInCanada"], [524976240051367937, "@CBCAlerts As it should be, having a #hockey game on the same day as a #shooting is just asking for trouble."]], "node_mapping": {"524975705206304769": 0, "524975967073488896": 1, "524977413038817280": 2, "524975860185825281": 3, "524976279150657536": 4, "524976291905552385": 5, "524977226820104192": 6, "524976999929237505": 7, "524976772535037952": 8, "524977621281824770": 9, "524976050481422336": 10, "524976661058826240": 11, "524977773958684673": 12, "524976688275673088": 13, "524975908432928768": 14, "524976564405276672": 15, "524976422377775104": 16, "524975791688654850": 17, "524978635498082305": 18, "524978385660153856": 19, "524975857778298880": 20, "524977952640221184": 21, "524977527362953218": 22, "524976240051367937": 23}, "edges": [[0, 17], [0, 20], [0, 3], [0, 14], [0, 1], [0, 23], [0, 4], [0, 5], [0, 16], [0, 15], [0, 11], [0, 13], [0, 8], [0, 22], [3, 10], [10, 7], [7, 6], [6, 2], [2, 9], [9, 12], [12, 21], [21, 19], [8, 18]]}