{"thread_id": "524974106308251648", "text_thread": [[524974106308251648, "#BREAKING: Soldier shot at the National War Memorial has died, CTV has confirmed"], [524974216853356544, "RT @CTVNews #BREAKING: Soldier shot at the National War Memorial has died, CTV has confirmed"], [524974497527758848, "Sadly, there it is RT  \"@CTVNews #BREAKING: Soldier shot at the National War Memorial has died, CTV has confirmed\""], [524976124120813568, "\u201c@CTVNews: #BREAKING: Soldier shot at the National War Memorial has died, CTV has confirmed\u201d such a tragedy!"], [524974305848098816, "@CTVNews payers to the family \ud83d\ude4f"], [524975326284492801, "@JennAnnis @CTVNews my heart goes out to the Canadian Military, the solider's family, and all of my fellow Canadians. #OttawaShooting"], [524976507257499650, "@Keri_Adams So sad.  Veterans Day will take on such an important meaning."], [524974595292823552, "\u201c@CTVNews: #BREAKING: Soldier shot at the National War Memorial has died, CTV has confirmed\u201d"], [524974952655912960, "Utterly heartbroken: RT @CTVNews: #BREAKING: Soldier shot at the National War Memorial has died, CTV has confirmed"], [524974420751048705, "@CTVNews confirmed how?  Seemed to be uncertainty"], [524975259393724416, "@CTVNews prayers to the family"], [524979746481115136, "This is awful RT\u201c@CTVNews: #BREAKING: Soldier shot at the National War Memorial has died, CTV has confirmed\u201d"], [524975043710038016, "\u201c@SimonOstler: \u201c@CTVNews: #BREAKING: Soldier shot at the National War Memorial has died, CTV has confirmed\u201d @NormanJamesCTV"], [524975220609011713, "@CTVNews confirmed by ? and was it on an official statement?  @althiaraj #BREAKING"], [524975767500111873, "@Keri_Adams @CTVNews Terrible! Strength &amp; sincere condolences to his family."], [524975333393448960, "@CTVNews Source?"], [524975520942145536, "@CTVNews Confirmed with WHO???"], [524977265025634304, "@CTVNews heartbreaking news...we are all feeling it today :("], [524975091549888512, "\u201c@CTVNews: #BREAKING: Soldier shot at the National War Memorial has died, CTV has confirmed\u201d.  How awful."], [524974502627663872, "#OttawaShooting RT @CTVNews Soldier shot at the National War Memorial has died, CTV has confirmed"]], "node_mapping": {"524974106308251648": 0, "524974216853356544": 1, "524974497527758848": 2, "524976124120813568": 3, "524974305848098816": 4, "524975326284492801": 5, "524976507257499650": 6, "524974595292823552": 7, "524974952655912960": 8, "524974420751048705": 9, "524975259393724416": 10, "524979746481115136": 11, "524975043710038016": 12, "524975220609011713": 13, "524975767500111873": 14, "524975333393448960": 15, "524975520942145536": 16, "524977265025634304": 17, "524975091549888512": 18, "524974502627663872": 19}, "edges": [[0, 1], [0, 4], [0, 9], [0, 2], [0, 19], [0, 7], [0, 8], [0, 18], [0, 13], [0, 10], [0, 15], [0, 16], [0, 3], [0, 17], [0, 11], [7, 12], [8, 5], [18, 14], [18, 6]]}