{"thread_id": "524937968138878976", "text_thread": [[524937968138878976, "BREAKING: Soldier shot near Canada's parliament; active shooter at large.  http://t.co/ldO9r3y0JQ http://t.co/5Ssy2fEmSb"], [524945652334477312, "@Reuters it is not allowed to attack Christians anywhere in the world this shooting is unislamic http://t.co/6jGzIdxFPk"], [524941773223632896, "\u201c@Reuters: BREAKING: Soldier shot near Canada's parliament; active shooter at large.  http://t.co/kUz6Svh3xz http://t.co/Gx84uVByNS\u201d"], [524948865900740609, "@Hz_Mehdi_Mahdi @Reuters \nYeah Yeah right maybe the Jews did it\ud83d\ude48\ud83d\ude49\ud83d\ude4a"], [524943607917473793, "@Cyremad d'o\u00f9 savez-vous que le tireur revenait de Syrie ?  @senateur61 @Reuters"], [524941919991119872, "@Reuters @senateur61 Deux soldats ont d\u00e9j\u00e0 \u00e9t\u00e9 des cibles, l'un est d\u00e9c\u00e9d\u00e9. Le tireur revenait de Syrie..."], [524944050668183552, "@SophieReynal @Cyremad @senateur61 @Reuters La Turquie a choisi de soutenir l\u2019EIIL plut\u00f4t que les kurdes\nhttp://t.co/j537hxvDQH"], [524941088625131523, "@benoitbruneau @Reuters Developing story. Soldier shot at war memorial, shots inside Parliament. Multiple shooters (i.e. more than 1)."], [524946637630607360, "@Reuters omg"], [524947175261077504, "@Reuters @PaulaMeese  shooters were trained by the institution to make it easy for doctors to steal inherited prodigal wealth"], [524938199760900096, "@Reuters was it a camera shot like this one"], [524938969172017153, "Religion of peace at work ?@Reuters: BREAKING: Soldier shot near Canada's parliament; active shooter at large."], [524941701702373376, "@benoitbruneau @Reuters This is unbelievable - inside parliament. https://t.co/ZxBb04ALtX"], [524939105533444096, "@benoitbruneau @Reuters Reports of multiple shooters around Canadian Parliament. Awful. Ongoing."], [524950782563876865, "@SophieReynal @maria91luis @senateur61 @Reuters Et ce n'est pas ce que j'ai dit."], [524947282341679104, "@maria91luis \u00e7a ne nous dit pas si le tireur d'ottawa venait de Syrie... @Cyremad @senateur61 @Reuters"], [524938647653863424, "WTF? \u201c@Reuters: BREAKING: Soldier shot near Canada's parliament; active shooter at large.  http://t.co/xAAHvOsS6h http://t.co/7eO9ZCgwkI\u201d"], [524938321303465984, "RT @Reuters: BREAKING: Soldier shot near Canada\u2019s parliament; active shooter at large.  http://t.co/dD2rHxnnie http://t.co/EfSQafinqg"], [524944250576707584, "\u30ab\u30ca\u30c0\u9996\u90fd\u30aa\u30bf\u30ef\u306e\u8b70\u4f1a\u3067\u9283\u6483\u3001\u5175\u58eb1\u4eba\u8ca0\u50b7\u3002\u30c6\u30ed\u304b\u3002@Reuters Soldier shot near Canada's parliament; active shooter at large. http://t.co/xmDyZupV4w"], [524944285033312256, "@SophieReynal @senateur61 @Reuters La semaine derni\u00e8re c'\u00e9tait le cas. Aujourd'hui je n'en sais rien."], [524940061255950338, "@jwoodgett @Reuters multiple now? Only read report of one. What the hell?"]], "node_mapping": {"524937968138878976": 0, "524945652334477312": 1, "524941773223632896": 2, "524948865900740609": 3, "524943607917473793": 4, "524941919991119872": 5, "524944050668183552": 6, "524941088625131523": 7, "524946637630607360": 8, "524947175261077504": 9, "524938199760900096": 10, "524938969172017153": 11, "524941701702373376": 12, "524939105533444096": 13, "524950782563876865": 14, "524947282341679104": 15, "524938647653863424": 16, "524938321303465984": 17, "524944250576707584": 18, "524944285033312256": 19, "524940061255950338": 20}, "edges": [[0, 10], [0, 17], [0, 16], [0, 11], [0, 2], [0, 5], [0, 18], [0, 1], [0, 8], [0, 9], [16, 13], [13, 20], [20, 7], [7, 12], [5, 4], [4, 6], [4, 19], [6, 15], [15, 14], [1, 3]]}