{"thread_id": "524979668282519552", "text_thread": [[524979668282519552, "Ottawa hospital confirms it's treating 3 #OttawaShooting victims - 2 in stable condition\nhttp://t.co/IbLAWEjEeD http://t.co/zSoC0VxOKN"], [524984686305878018, "@BBCBreaking They kill in an open liberal society. A society which is too liberal and too open for its own good."], [525018048940744704, "@BBCBreaking"], [524982075670417408, "@BBCBreaking"], [524990469441617921, "@BBCBreaking 2 delle tre vittime in condizioni stabil\u00ec?"], [524980367854682113, "@BBCBreaking Giralo a politici e sindacalisti: https://t.co/7A7Y8Q3HH3"], [524986962361712640, "@BBCBreaking @holly1950 So what has Canada done to provoke attacks? Tired of the BS excuses for terror. Man up, LET'S ROLL!"], [524979996189020160, "@BBCBreaking How about you stop showing pictures of the bald guy running around like hes fucking John McClane"], [524984760230498304, "@BBCBreaking @BBCWorld BBC calls it a shooting until they know it was brown people, then it will be a terrorist attack"], [524994967992012800, "@reuvenir @BBCBreaking @pinksliptv BBC see clearly not without taking off it blinkers"], [524981387258912768, "@BBCBreaking http://t.co/yN7dL9dFzU"], [524990920740319232, "@BBCBreaking"], [524980352247672833, "@BBCBreaking the wars borders have been extended to Canada now"], [524979772225748993, "@BBCBreaking @piersmorgan"], [524992458954788864, "@BBCBreaking @pinksliptv SAY IT CLEARLY - TERROR ATTACK!!!"], [524979890836484099, "@BBCBreaking more senseless violence #OttawaShooting #Ottawa"]], "node_mapping": {"524979668282519552": 0, "524984686305878018": 1, "525018048940744704": 2, "524982075670417408": 3, "524990469441617921": 4, "524980367854682113": 5, "524986962361712640": 6, "524979996189020160": 7, "524984760230498304": 8, "524994967992012800": 9, "524981387258912768": 10, "524990920740319232": 11, "524980352247672833": 12, "524979772225748993": 13, "524992458954788864": 14, "524979890836484099": 15}, "edges": [[0, 13], [0, 15], [0, 7], [0, 12], [0, 5], [0, 10], [0, 3], [0, 1], [0, 8], [0, 6], [0, 4], [0, 11], [0, 14], [0, 2], [14, 9]]}