{"thread_id": "524925033626738688", "text_thread": [[524925033626738688, "Scene at Ottawa war memorial. Soldier on duty shot. http://t.co/QvXGDUM4NC"], [524925832972996608, "Live update from Parliament.. \u201c@KatieSimpson24: Scene at Ottawa war memorial. Soldier on duty shot. http://t.co/HVW1tcIrVy\u201d"], [524975283250929664, "@KatieSimpson24 @CBezaireCTV Gunman was spotted running toward the Centre Block on #ParliamentHill where he was shot. http://t.co/WPtntMcP7t"], [524927937682747394, "@KatieSimpson24 @LauraWalkerKC Who does that?! How mentally ill do you have to be, seriously \u2026 hope the soldier pulls through."], [524937556463742976, "@KatieSimpson24 @BenCTV  prayers for our soldier. We have no updates as to his status. Thoughts and prayers for safely"], [524935357817958400, "@KatieSimpson24 Round up traitors and intern or expel them. Capital punishment for murderers. Cowardly attack."], [524927413663576064, "@KatieSimpson24 @CTVAtlantic they are saying over 50 shots fired inside the parliament in Ottawa"], [524927400422178816, "@KatieSimpson24 @CJBK this to do with sending our forces over to war"]], "node_mapping": {"524925033626738688": 0, "524925832972996608": 1, "524975283250929664": 2, "524927937682747394": 3, "524937556463742976": 4, "524935357817958400": 5, "524927413663576064": 6, "524927400422178816": 7}, "edges": [[0, 1], [0, 7], [0, 6], [0, 3], [0, 5], [0, 4], [0, 2]]}