{"thread_id": "524971492820647936", "text_thread": [[524971492820647936, "\"I saw one of the soldiers laying on the ground.\" Witnesses depict chaos in #OttawaShooting http://t.co/VeZxrHnPCd http://t.co/1hhIi1ykh2"], [524972351155617792, "@CNN shoot the person  that shot the soldier right in the head poor family my thoughts are with them all away from the UK"], [524974499486531584, "@CNN Terrible"], [524975975466295297, "@pothen the link doesn't work he deserves it my thoughts are with the poor family that had to be told that sad news"], [524974412702167040, "@CNN maybe the Terrorist are practicing?  A real terror attack would be much bigger than a couple of guards, , 7 shots to our WH,"], [524982272681070592, "@pothen aww am sorry to hear that \ud83d\ude2e what is this world comeing to \ud83d\ude23"], [524976377112846337, "@CNN Today is a sad day for Canada, but it should be a wake up call to expand national security efforts to avoid any other cold blooded act."], [524978219146280960, "@pothen av just looked at his twitter he shouldn't have a job if he's saying stuff like al keep my fingers crossed for the soldier \ud83d\ude10"], [524974390065504256, "@CNN seems as though our country is under attack, not just another random shooting #cdnpoli"], [524972797647671296, "@liam23OFFICAL It appears that *this* gentleman DID kill the shooter. http://t.co/nffJIY1jGx #cdnpoli"], [524971567831187456, "@CNN The results are in!! Our viewers voted on the top online store! Check them out   --&gt; http://t.co/AMv5X4cQKn"], [524974935379542016, "@CNN This is a red flag for all government agencies, ISIS growth must be taken seriously around the world!"], [524975607197622272, "\u201c@CNN: \"I saw one of the soldiers laying on the ground.\" Witnesses depict chaos in #OttawaShooting http://t.co/1XdSeOzzdx\u201d"], [524977251482624003, "@liam23OFFICAL The parliamentary official who dispatched the shooter is this elderly gentlemen w the golden mace: http://t.co/3VygF6MnsO"], [524971767094599680, "@CNN #Canada nut opens fire...who shoots people there? #Canadians don't hurt anyone! That's like shooting a kitten. #PrayForOttawa @cnnbrk"], [524972020074037249, "@CNN Oh boy, such an ordinary episode in Brasil. :("], [524972604353163265, "@CNN Lies and propaganda are traditionally the tools of theocracy, fascism, and totalitarianism."], [524976436504199168, "@liam23OFFICAL It appears the soldier is alive, so don't give up hope yet.  Conservative MP Jason Kenney put that incorrect info out there."], [524971971780837376, "@CNN be strong Ottawa medics and police. Tough day at work.\nBe safe!\n#ivegotyourback911"], [524974444989513731, "@CNN has there been any reports about if the shooter or shooters being  shot or captured?"], [524981818182098944, "@liam23OFFICAL Sigh.  He just passed."], [524972719205801984, "@CNN aha and this soldier is dead."], [524972042186399744, "@CNN can we get some physical descriptions ?  or is that too politically incorrect ?  we wouldn't want to hurt libs in the midterms....smh"], [524976921776783360, "@pothen I see well it all over the news in UK that he's has died \ud83d\ude15"], [524973409844080640, "@CNN It is new turn muslim, is it? Why the hell do it? What kind of brain washing it is?"]], "node_mapping": {"524971492820647936": 0, "524972351155617792": 1, "524974499486531584": 2, "524975975466295297": 3, "524974412702167040": 4, "524982272681070592": 5, "524976377112846337": 6, "524978219146280960": 7, "524974390065504256": 8, "524972797647671296": 9, "524971567831187456": 10, "524974935379542016": 11, "524975607197622272": 12, "524977251482624003": 13, "524971767094599680": 14, "524972020074037249": 15, "524972604353163265": 16, "524976436504199168": 17, "524971971780837376": 18, "524974444989513731": 19, "524981818182098944": 20, "524972719205801984": 21, "524972042186399744": 22, "524976921776783360": 23, "524973409844080640": 24}, "edges": [[0, 10], [0, 14], [0, 18], [0, 15], [0, 22], [0, 1], [0, 16], [0, 21], [0, 24], [0, 8], [0, 4], [0, 19], [0, 2], [0, 11], [0, 12], [0, 6], [1, 9], [9, 3], [3, 17], [17, 23], [17, 13], [13, 7], [7, 20], [20, 5]]}