{"thread_id": "524953110285152256", "text_thread": [[524953110285152256, "EXTENDED VIDEO: Numerous gunshots heard inside Centre Block on Parliament Hill http://t.co/PVcAGKdahe"], [524954414193577984, "@CP24 Why are you sharing this video?!  Shouldn't be allowed! Stop Glorifying these maniacs!"], [524954406094372864, "@CP24 how sad for the soldier and his family"], [524978180898443264, "\u201c@CP24: EXTENDED VIDEO: Numerous gunshots heard inside Centre Block on Parliament Hill http://t.co/kJv4NWYUI6\u201dThats so scary"], [524953397313929216, "@CP24 Stay Safe everyone in #Ottawa Praying for everyone's safety"], [524957548479545344, "\ud83d\ude31 \ud83d\ude31 \u201c@CP24: EXTENDED VIDEO: Numerous gunshots heard inside Centre Block on Parliament Hill http://t.co/tFhI1LmIVF\u201d"], [524954022957289472, "\u201c@CP24: EXTENDED VIDEO: Numerous gunshots heard inside Centre Block on Parliament Hill http://t.co/mO5ucHAgWg\u201d oh my god. How can this be?!?"], [524995097071714305, "This is insane \u201c@CP24: Numerous gunshots heard inside Centre Block on Parliament Hill\""], [524970303869304832, "@komie_ @CP24 omg I hope no causality ...."], [524984416737570816, "@komie_ hope every things goes normal soon"], [524959433030631424, "What the heck RT\u201c@CP24: EXTENDED VIDEO: Numerous gunshots heard inside Centre Block on Parliament Hill http://t.co/t9kpOyCURK\u201d"], [524976564870868992, "@SohailNazish 1 so far :( :( :( :("]], "node_mapping": {"524953110285152256": 0, "524954414193577984": 1, "524954406094372864": 2, "524978180898443264": 3, "524953397313929216": 4, "524957548479545344": 5, "524954022957289472": 6, "524995097071714305": 7, "524970303869304832": 8, "524984416737570816": 9, "524959433030631424": 10, "524976564870868992": 11}, "edges": [[0, 4], [0, 6], [0, 2], [0, 1], [0, 5], [0, 10], [0, 3], [0, 7], [6, 8], [8, 11], [11, 9]]}