{"thread_id": "524929497205055488", "text_thread": [[524929497205055488, "Canada's Parliament Hill is on lockdown as police hunt shooting suspect; at least 1 injured - @CBCNews, @TorontoStar http://t.co/aF9HyT9BgX"], [524930598733758465, "@BreakingNews @CBCNews @TorontoStar praying for all affected by this shooting"], [524929713014181890, "@BreakingNews @CBCNews @TorontoStar So Canada's strict gun control policies have failed"], [524931726699954178, "\u201c@BreakingNews: Canada's Parliament Hill is on lockdown as police hunt shooting suspect; at least 1 injured http://t.co/kvitVgSx6j\u201d O.O"], [524930854335053824, "@CutGovtSpending @BreakingNews @CBCNews @TorontoStar you stupid fuck"], [524929931634286592, "@CutGovtSpending @BreakingNews @CBCNews @TorontoStar this is probably ISIS. canadas gun control hasnt failed at all."], [524930529637175296, "@CutGovtSpending @BreakingNews @CBCNews @TorontoStar that is such a stupid, uneducated comment"], [524930767810756608, "@BreakingNews @CBCNews @TorontoStar get well soon"], [525030609757151232, "@BreakingNews @CBCNews @TorontoStar \nI'm guessing Obama will probably apologize to the terrorists on Canada's behalf."], [524930719077122048, "@CutGovtSpending @BreakingNews @CBCNews @TorontoStar it's Isis fucktard"], [524951847472488448, "@BreakingNews @mkernohan what? You have only been there a week! How did you manage this! Stay safe."], [524930651964051456, "@CutGovtSpending @BreakingNews @CBCNews @TorontoStar Hardly, dont hear about a school shooting or spree every 5 mins do we?"], [524931961744142338, "@BreakingNews @SanaMerza @CBCNews @TorontoStar http://t.co/1Zu6gdZQfK \nNews,darams,cric,funny \nhttp://t.co/1Zu6gdZQfK"]], "node_mapping": {"524929497205055488": 0, "524930598733758465": 1, "524929713014181890": 2, "524931726699954178": 3, "524930854335053824": 4, "524929931634286592": 5, "524930529637175296": 6, "524930767810756608": 7, "525030609757151232": 8, "524930719077122048": 9, "524951847472488448": 10, "524930651964051456": 11, "524931961744142338": 12}, "edges": [[0, 2], [0, 1], [0, 7], [0, 3], [0, 12], [0, 10], [0, 8], [2, 5], [2, 6], [2, 11], [2, 9], [2, 4]]}