{"thread_id": "524924619812511746", "text_thread": [[524924619812511746, "Witness tells #CBCNews suspected shooter of uniformed soldier at #Ottawa's War Memorial was carrying rifle."], [524925023552020480, "@CBCAlerts We are not obligated to sit passively, just waiting for these rapists to tear up our society!  Arrest them NOW!!!"], [524925487941160960, "@ivoirien_com @CBCAlerts Can you lay off the politics right now? We know *nothing* about who did this, what's going on."], [524925154611441664, "@CBCAlerts Change the laws, change the reckless immigration policies!  Sensitize people to be on the look-out!  Get real, folks!"], [524926393394933760, "@ivoirien_com @CBCAlerts I know I can't be insightful yet - that's the bloody point, neither can you, and by trying to, you lose ground."], [524927041599447040, "@ashleyjmorton @CBCAlerts Give it one hour and my points will be confirmed."], [524924867825913856, "@CBCAlerts Canada needs to get real and recognize that this war is REAL; it's no joke.  Arrest these monsters BEFORE they murder more of us!"], [525256528337854465, "@ivoirien_com @CBCAlerts could nt agree more we need to speak up when we see something"], [524926050351185920, "@ashleyjmorton @CBCAlerts Right, there is no obvious context.  How insightful of you!"], [524925152430403584, "\u201c@CBCAlerts: Witness tells #CBCNews suspected shooter of uniformed soldier at #Ottawa's War Memorial was carrying rifle.'"]], "node_mapping": {"524924619812511746": 0, "524925023552020480": 1, "524925487941160960": 2, "524925154611441664": 3, "524926393394933760": 4, "524927041599447040": 5, "524924867825913856": 6, "525256528337854465": 7, "524926050351185920": 8, "524925152430403584": 9}, "edges": [[0, 6], [0, 1], [0, 9], [0, 3], [1, 7], [3, 2], [2, 8], [8, 4], [4, 5]]}