{"thread_id": "524962199543230464", "text_thread": [[524962199543230464, "No one hurt in shooting at Ottawa's Rideau Centre -- scene of 1 of 3 attacks, Canadian police say. http://t.co/qsAnGNqBEw #ottawashooting"], [524976464136257536, "@cnni 1 dead 2 injured"], [524966927567839232, "@cnni Your anchor called an image of the Valiants Memorial (also in confederation square) the Nat'l War Memorial. http://t.co/RnBiz8foqG"], [524970070477656064, "@cnni R.I.P to those killed except the shooter, burn in hell"], [524963264069775360, "@cnni OTTAWA CANADA UNDER ATTACK..MULTIPLE SHOOTERS..PLEASE MR. PRESIDENT CHANGE YOUR POLICY..UNLEASH HELL ON ISIS NOW..STOP THEM PLEASE."], [524968046788870146, "@cpcolinchau Thanks brother for your good judgement."], [524965016890781698, "@cnni @CNN sad for Canada, we are used to this like Americans are with guns etc"], [524964484616847360, "@cnni ISIS, baby. ISIS, baby."], [524970636146266112, "@Karentalk 4 many of us it is our job to deal w/ this stuff daily.there's a bigger picture w/ many mving parts.let'em work w/out the noise."], [524968048185204738, "@cpcolinchau witness statements...highly descriptive..driving a car..no plates..multiple shooters..on the roofs..entered parliment..lockdown"], [524967291893460992, "@Karentalk no confirmation it is sanctioned, funded, or inspired by ISIS (now IS) yet. could be anything or anyone, with any motivation."], [524969033783726080, "@Karentalk no need to spec. x likely env. activists, or animal rights actvs. won't be long before details r out. wait http://t.co/7N3PubQdDN"], [524964009401790464, "@cnni @CNN There were reports on one being injured, I acquire."], [524968424821096449, "@cpcolinchau keep watching the news..this is ISIS..and they are here..targeted soldier guarding war memorial..other soldiers.."], [524969694487248896, "@Karentalk y did u wait for today to say this? and it's IS now, not ISIS. there are many oth things we need to stop too. we're working on it"], [524962612996751360, "@cnni Do we now fear Guns or perceive African Ebola."], [524967426257993729, "@bunyatta the ebola scare is definitely overblown."], [524969404115611648, "@Karentalk Yes, high likelihood. but just wait like a few hours for the confirmation. no need to emotional about it."], [524964390114566146, "@cnni the work of muslim fundos"], [524968745832153088, "@cpcolinchau PLEASE PRAY FOR OTTAWA CANADA..AND ALL THOSE WHO ARE BEING ATTACKED BY ISIS..THE WORLD NEEDS TO STOP ISIS NOW"]], "node_mapping": {"524962199543230464": 0, "524976464136257536": 1, "524966927567839232": 2, "524970070477656064": 3, "524963264069775360": 4, "524968046788870146": 5, "524965016890781698": 6, "524964484616847360": 7, "524970636146266112": 8, "524968048185204738": 9, "524967291893460992": 10, "524969033783726080": 11, "524964009401790464": 12, "524968424821096449": 13, "524969694487248896": 14, "524962612996751360": 15, "524967426257993729": 16, "524969404115611648": 17, "524964390114566146": 18, "524968745832153088": 19}, "edges": [[0, 15], [0, 4], [0, 12], [0, 18], [0, 7], [0, 6], [0, 2], [0, 3], [0, 1], [15, 16], [16, 5], [4, 10], [10, 9], [10, 13], [10, 19], [9, 11], [13, 17], [19, 14], [19, 8]]}