{"thread_id": "524969144832491520", "text_thread": [[524969144832491520, "Soldier shot at Canada National War Memorial has died; police are looking for several suspects http://t.co/dQYFsfKGHx http://t.co/qwjAU3SliB"], [524979024951795712, "@SkyNews @RockScorpion59 We wondered what was being planed at the end of Pistorius trial."], [524972395715903488, "@SkyNews Beautiful building, country and people. Like shooting a mockingbird. Muslims, don't let your religion be used for this! Inform!"], [524975191534104576, "@SkyNews why ???????"], [524977823183032320, "@SkyNews @annispice You've misspelled \"Murderous un-evolved cowards\"\" as \"suspects\"."], [524969926780796928, "@SkyNews What a sad moment in history this is,some young man misguided by fear and lies and hatred takes someone elses life away"], [524978142306643968, "@SkyNews so sad RIP! Complete and utter disgrace"], [524975041050861569, "@SkyNews MUSLIMS?? Probably....they are at war with us...wake up"], [524970385230819329, "@SkyNews RIP hopefully now they will allow ammunition for their rifles! Poor kid"], [524974219667722240, "@SkyNews The so called religion of peace strikes again!"], [524979454003912705, "@SkyNews so many religious nutjobs out there, sad it's spreading to other countries"], [524970762672041984, "@SkyNews wish @skymartinbrunt was back at work; my family and I really miss his reporting!"], [524969342036103168, "@SkyNews  this is so sad - cannot believe happening in my country"], [524980141135769600, "@SkyNews All of the coalition must stand shoulder to shoulder with Canada !! There can be no hiding place for foreign or domestic terrorists"], [524980544632000513, "@SkyNews Very sorry this dear, selfless man has died today in Ottawa in such circumstances. Naturally one prays for family, friends a.t.t."], [524969343999029248, "@SkyNews tragic RIP"], [524976158174347264, "@SkyNews So sad, What is wrong with people!"], [524972939813605376, "@Nduna_lux @SkyNews Religion. People who can't compartmentalise their personal beliefs in everyday life. Myth and reality don't mix."]], "node_mapping": {"524969144832491520": 0, "524979024951795712": 1, "524972395715903488": 2, "524975191534104576": 3, "524977823183032320": 4, "524969926780796928": 5, "524978142306643968": 6, "524975041050861569": 7, "524970385230819329": 8, "524974219667722240": 9, "524979454003912705": 10, "524970762672041984": 11, "524969342036103168": 12, "524980141135769600": 13, "524980544632000513": 14, "524969343999029248": 15, "524976158174347264": 16, "524972939813605376": 17}, "edges": [[0, 12], [0, 15], [0, 5], [0, 8], [0, 11], [0, 2], [0, 9], [0, 7], [0, 3], [0, 16], [0, 4], [0, 6], [0, 1], [0, 10], [0, 13], [0, 14]]}