{"thread_id": "524998906799988736", "text_thread": [[524998906799988736, "Full White House statement on Obama's call to #Ottawa http://t.co/7UAGgehJms"], [525005934255673346, "#Respect #Obama \"@MPwrites: Full White House statement on Obama's call to #Ottawa http://t.co/yAwVhjbt0F\u201d"], [525007095843004416, "@TigerStripe72 @MPwrites Thanks Obama but we got this. Now pass the beer n ammo eh?"], [525004127848656896, "@MPwrites @TorontoStar Did they talk at all about how they can prevent this from occurring again? Hope they do! #PublicSafety"]], "node_mapping": {"524998906799988736": 0, "525005934255673346": 1, "525007095843004416": 2, "525004127848656896": 3}, "edges": [[0, 3], [0, 1], [1, 2]]}