{"thread_id": "524996383120818176", "text_thread": [[524996383120818176, "Ottawa shooting: Kevin Vickers labelled 'hero' after taking down gunman in Canadian Parliament http://t.co/z3r8w1DIr1 http://t.co/68ckieXIsf"], [525000437087625217, "@Independent Harrison Ford in the movie"], [524996712390467584, "@Independent old boy done it."], [525005430825951232, "@Independent Well done Mr Vickers as if he hadn't it could have been much worse"], [525009609514184704, "@Independent @jashsf Don't mess w/old guy wearing medals&amp;funny hats. There's a reason why he's secure in his manhood wearing that ensemble."], [524996954884161536, "RT @Independent Ottawa shooting: Kevin Vickers labelled 'hero' after taking down gunman in Canadian Parliament http://t.co/Q6T4Vu9fnZ"], [525402386769387520, "@Independent @HarrietBaldwin Clapping for a good guy with a gun. Cheers to him. Well deserved, bummer this is not the normal response  #2A"], [524996946801745921, "@Independent very brave gunman. He probably shot the idiots while they were discussing nothing. LoooooL"]], "node_mapping": {"524996383120818176": 0, "525000437087625217": 1, "524996712390467584": 2, "525005430825951232": 3, "525009609514184704": 4, "524996954884161536": 5, "525402386769387520": 6, "524996946801745921": 7}, "edges": [[0, 2], [0, 7], [0, 5], [0, 1], [0, 3], [0, 4], [0, 6]]}