{"thread_id": "524932056560963584", "text_thread": [[524932056560963584, "BREAKING: At least 20 shots have been fired in the Canadian parliament in Ottawa, according to witnesses."], [524933566405562368, "@JFXM wats happening?@AbuSaalihah1"], [524941386231971841, "@jfxm @locustiya may secularism thrive! Order more investigations against those oppose terrorism"], [524932989613256705, "@JFXM: BREAKING: At least 20 shots have been fired in the Canadian parliament in Ottawa, according to witnesses."]], "node_mapping": {"524932056560963584": 0, "524933566405562368": 1, "524941386231971841": 2, "524932989613256705": 3}, "edges": [[0, 3], [0, 1], [0, 2]]}