{"thread_id": "524949837729787905", "text_thread": [[524949837729787905, "#BREAKING: Ottawa police confirm to CTV news there were at least three separate shootings"], [524950282518941696, "RT @stephaniesmyth: #BREAKING: Ottawa police confirm to CTV news there were at least three separate shootings"], [524950856584953856, "RT @stephaniesmyth: #BREAKING: Ottawa police confirm to CTV news there were at least three separate shootings #cdnpoli #ottawa"], [524950469442297856, "@stephaniesmyth wait...is that including the shooting of the perpetrator?"]], "node_mapping": {"524949837729787905": 0, "524950282518941696": 1, "524950856584953856": 2, "524950469442297856": 3}, "edges": [[0, 1], [0, 3], [0, 2]]}