{"thread_id": "524929796862918656", "text_thread": [[524929796862918656, "Soldier shot at National War Memorial in Ottawa http://t.co/9jLwNdsKp2 http://t.co/0a3tmPyUw9"], [524932112387174400, "\u201c@CP24: Soldier shot at National War Memorial in Ottawa http://t.co/abpWnLiU8V http://t.co/jgSO8cxNB2\u201d be safe Ottawa!!!"], [524931721708716032, "\u201c@CP24: Soldier shot at National War Memorial in Ottawa http://t.co/PybLQoluYf http://t.co/iufQCGqFGV\u201d #cdnpoli"], [524930159397580800, "\u201c@CP24: Soldier shot at National War Memorial in Ottawa http://t.co/3mCW43eaDd http://t.co/bYd1g4bEpE\u201d"], [524947887567171584, "Fuckinggg ridiculous \u201c@CP24: Soldier shot at National War Memorial in Ottawa http://t.co/OELksFUPBU http://t.co/mYZ5guZqp8\u201d"], [524942114283851776, "@CP24  Pray that everyone will be safe."], [524930635375603712, "@CP24 I hope everyone is alright and they find whoever did this."], [524929870682681344, "\u201c@CP24: Soldier shot at National War Memorial in Ottawa http://t.co/z1SbvGuKOp http://t.co/mXOZ90CR1Q\u201d wtf stop this nonsense :("], [524930754397351938, "@CP24 Please tell me the Police took care of him/her with an empty magazine in return fire!!!"], [524931687579652096, "\u201c@CP24: Soldier shot at National War Memorial in Ottawa http://t.co/VF3UlRVHV5 http://t.co/wt0ixrrTvK\u201d special place in hell for this prick"], [524935619869687808, "\u201c@CP24: Soldier shot at National War Memorial in Ottawa http://t.co/Jh9ftFX0Ns http://t.co/9JV3aUuYqC\u201d\n\nEverything's fucked up lately"], [524933855095320576, "\u201c@CP24: Soldier shot at National War Memorial in Ottawa http://t.co/WkR3ApVyEV http://t.co/TDUAiq0enm\u201d I hate people"], [524933924653629441, "I'm at a total loss for words. :( @CP24 : Soldier shot at National War Memorial in Ottawa http://t.co/XYRxJCEFEC http://t.co/9ochukDUrf"], [524930340507615232, "@CP24 our prayers go out to the family of the soldier. These people are so pathetic to want to hurt anyone in our beautiful Canada ."], [524930603851190272, "Scary scene unfolding in Ottawa \u201c@CP24: Soldier shot at National War Memorial in Ottawa http://t.co/jip22VuGbA http://t.co/WrxI0DV8ym\u201d"], [524931259391545344, "@CP24 speechless, this is the second attack to our armed forces in one week. Smh"], [524930057606029312, "@CP24 wtf"], [524931845335826433, "@CP24 ARE THE FORDS OKAY"], [524931844383735808, "\u201c@CP24: Soldier shot at National War Memorial in Ottawa http://t.co/helCn5c68a http://t.co/1cPM1hPoOV\u201d OH CANADA! Get your guard up!"]], "node_mapping": {"524929796862918656": 0, "524932112387174400": 1, "524931721708716032": 2, "524930159397580800": 3, "524947887567171584": 4, "524942114283851776": 5, "524930635375603712": 6, "524929870682681344": 7, "524930754397351938": 8, "524931687579652096": 9, "524935619869687808": 10, "524933855095320576": 11, "524933924653629441": 12, "524930340507615232": 13, "524930603851190272": 14, "524931259391545344": 15, "524930057606029312": 16, "524931845335826433": 17, "524931844383735808": 18}, "edges": [[0, 7], [0, 16], [0, 3], [0, 13], [0, 14], [0, 6], [0, 8], [0, 15], [0, 9], [0, 2], [0, 18], [0, 17], [0, 1], [0, 11], [0, 12], [0, 10], [0, 5], [0, 4]]}