{"thread_id": "524975552638504960", "text_thread": [[524975552638504960, "BREAKING: NHL postpones tonight's Senators-Leafs game in Ottawa"], [524976549020594176, "Prayers going up to everyone in Ottawa. \u201c@hockeynight: BREAKING: NHL postpones tonight's Senators-Leafs game in Ottawa\u201d"], [524975678601850880, "@hockeynight Smart Move"], [524998058296487936, "@hockeynight As they should have. #Ottawa"], [525004255267405825, "\u201c@hockeynight: BREAKING: NHL postpones tonight's Senators-Leafs game in Ottawa\u201d"], [525011929639550976, "@hockeynight our thoughts and prayers to Ottawa."], [524975897179602945, "\u201c@hockeynight: BREAKING: NHL postpones tonight's Senators-Leafs game in Ottawa\u201d glad they did this, wouldn't have been respectful to play."], [524976860967763968, "\u201c@hockeynight: BREAKING: NHL postpones tonight's Senators-Leafs game in Ottawa\u201d the right thing to do \ud83d\udc4c"], [525079936537993217, "\u201c@hockeynight: BREAKING: NHL postpones tonight's Senators-Leafs game in Ottawa\u201d you know Canada is hurting. Postponing Hockey never happens!"], [524976463036964864, "@hockeynight well done @NHL #staystrongCanada #CanadaStrong #StandtallCanada"], [524981227171090433, "@hockeynight @SamDFriedman The absolute correct move. Let Ottawa heal and play some other time."]], "node_mapping": {"524975552638504960": 0, "524976549020594176": 1, "524975678601850880": 2, "524998058296487936": 3, "525004255267405825": 4, "525011929639550976": 5, "524975897179602945": 6, "524976860967763968": 7, "525079936537993217": 8, "524976463036964864": 9, "524981227171090433": 10}, "edges": [[0, 2], [0, 6], [0, 9], [0, 1], [0, 7], [0, 10], [0, 3], [0, 4], [0, 5], [0, 8]]}