{"thread_id": "524954028287877121", "text_thread": [[524954028287877121, "Police in Ottawa are searching for suspected gunmen who shot a solider and fired shots in Parliament this morning. http://t.co/1cKIHwuCzl"], [524975705063690240, "@Reuters  Definitely will shake Canadian complacency and make it a meaner place to live."], [524955850121961473, "@Reuters Cue the bombardment now."], [524954130335690752, "@Reuters \u062d\u0633\u0627\u0628 \u0641\u064a\u0647 \u0627\u0633\u0626\u0644\u0629 \u0633\u062d\u0631\u064a\u0647 -_- !! - @Question_arab"], [524954134496411648, "@Reuters \u064a\u0627\u0631\u062c\u0627\u0644 \u0648\u0634 \u0647\u0627\u0644\u062d\u0633\u0627\u0628 \u061f - \u062a\u0627\u0628\u0639\u0648\u0647 @Question_arab"], [524954240083828736, "@Reuters CONFIRMED 1 gunman SHOT DEAD, 2 MORE on the loose in Ottawa near the Rideau Center Mall."], [524954331351904256, "@Reuters LIVE COVERAGE: http://t.co/g3QaJKWZ35"], [524967517199282177, "@Reuters @IslamZimbabwe How many politicians needed clean underwear? Easy 2  send soldiers into war but shuts down a state becoz of gunshots"]], "node_mapping": {"524954028287877121": 0, "524975705063690240": 1, "524955850121961473": 2, "524954130335690752": 3, "524954134496411648": 4, "524954240083828736": 5, "524954331351904256": 6, "524967517199282177": 7}, "edges": [[0, 3], [0, 4], [0, 5], [0, 6], [0, 2], [0, 7], [0, 1]]}