{"thread_id": "524926643325132800", "text_thread": [[524926643325132800, "Watch live: CBC NN coverage of shooting of soldier at Ottawa Cenotaph; shooter still on loose around Parliament Hill: http://t.co/16oYL4awFM"], [524927492524892160, "@CBCAlerts I ask for welfare and medical after I am free from political jail in Iran RCMP send me in court and jail http://t.co/hioEnDUwmU"], [524933454048550914, "@vonch @CBCAlerts Looks very bad."], [524931392656777219, "@CBCAlerts @CBCNews The transformation of a country before our very eyes. Get used to this kind of stuff cause it's gonna be commonplace."], [524928824006688768, "@CBCAlerts Wake up, people!  These Islamist rapist slavers are coming for you, taking advantage of your laws and loop-holes! Arrest them NOW"], [524934258318917633, "@CBCAlerts it doesnt work"], [524937970441519104, "@vonch Thanks!!!"], [524937782813556737, "@MaldwynDobbs it is and scary,the other day a shooting incident in Quebec"], [524931800863608832, "\u201c@CBCAlerts: Watch live: CBC coverage of shooting of soldier at Ottawa shooter still on loose around Parliament Hill: http://t.co/byRRHIoSbR"], [524927413138907137, "@CBCAlerts @instapundit Good thing its easy for Canadian citizens to arm and protect themselves."], [524927910587944961, "@CBCAlerts this is ridiculously close to my house"], [524929355362099200, "@CBCAlerts @yatesey"], [524929170573635584, "@CBCAlerts @CBCNews if you do this act, is it more of frustration in life or financial frustration. I wonder???"], [524929503106449408, "\u201c@CBCAlerts: coverage of shooting of #soldier at #Ottawa Cenotaph; shooter still on loose around Parliament Hill: http://t.co/WUKsHunRAY\u201d"], [524940021535887361, "@CBCAlerts ok...WTF? ON CDN SOIL - thoughts &amp; prayers go out to Soldier's Family."], [524957109725966338, "@CBCAlerts Trouble with liberal ideas is it assumes everyone holds similar views.THEY DO NOT.And those so inclined take advantage like this."], [524929897995964416, "@CBCAlerts this breaks my heart"]], "node_mapping": {"524926643325132800": 0, "524927492524892160": 1, "524933454048550914": 2, "524931392656777219": 3, "524928824006688768": 4, "524934258318917633": 5, "524937970441519104": 6, "524937782813556737": 7, "524931800863608832": 8, "524927413138907137": 9, "524927910587944961": 10, "524929355362099200": 11, "524929170573635584": 12, "524929503106449408": 13, "524940021535887361": 14, "524957109725966338": 15, "524929897995964416": 16}, "edges": [[0, 9], [0, 1], [0, 10], [0, 4], [0, 12], [0, 11], [0, 13], [0, 16], [0, 3], [0, 8], [0, 5], [0, 14], [0, 15], [8, 2], [2, 7], [7, 6]]}