{"thread_id": "524957752138149888", "text_thread": [[524957752138149888, "NORAD increases number of planes on higher alert status ready to respond if necessary, official says. http://t.co/qsAnGNqBEw #OttawaShooting"], [524964325606572032, "@matt_nett 2 shooters &amp; no SU 24 can can fly the distance from Syria (IS says they have 3 of them but no pilots yet ) NORAD useless for this"], [524965195144519680, "@journeyheart kidding me?  If it wasn't for NORAD, us and Canada could have been invaded by Russia or even China. NORAD is more important.."], [524968001867894784, "@journeyheart though about invading America and probably Canada."], [524967558886477824, "@matt_nett In a hypothetical attack planes would'nt come our way ICBM with MERV would fly over aiming at Tactical military &amp; political targe"], [524962486576218113, "@journeyheart better than nothing."], [524965924554964992, "@matt_nett lol we're talkin about 2 jihadists here as for ur assesment of an invasion by China &amp; Russia ur dreaming or having nightmares"], [524959374494543872, "\u30aa\u30bf\u30ef\u9283\u6483\u4e8b\u4ef6\u3092\u53d7\u3051\u3001NORAD\u304c\u822a\u7a7a\u6a5f\u306e\u8b66\u6212\u30ec\u30d9\u30eb\u30a2\u30c3\u30d7\u3092\u6e96\u5099\u3002@cnni NORAD increases number of planes on higher alert status ready to respond if necessary,"], [524961678094770177, "@cnni @joshrogin NORAD higher alert is a bit excessive"], [524969249442643968, "@journeyheart Russians have outdated shit. They could launch 20 ICBMs at us and we can shoot em down."], [524968357637160961, "@journeyheart and I don't mean to argue. I am just wondering why NORAD would be on very high alert."], [524966547094503425, "@matt_nett Cdn pilots have been taking pictures of Russian pilots &amp; vice versa up north smiling at each others ever since the 60s"], [524968090615152640, "@journeyheart yeah. I know."], [524966675054358529, "@matt_nett But Russia never thout about invading Canada or the US"], [524969025596837889, "@journeyheart yeah true. But Russia could have a sub with WMDs on it not far off east coast."], [524963166821048320, "@cnni"], [524967203570204674, "@matt_nett No Russia not a threat of invasion Russia DOD is $88 Billions US DOD is $600 Billions Total security in US is over $900 Billions"], [524969684089991168, "@matt_nett No nothing like that"], [524967957521518592, "@matt_nett Anecdoticaley the US HAVE dropped a nuke once in the St-Lawrence river accidentaly"], [524970076970426368, "@matt_nett Nuclear programs both in US &amp; Russia are planned to be modernised US will spend $355 Billion next decade $1Trillion over 30 yrs"], [524967715967352832, "@matt_nett 99% surte they have WHAT??"], [524967092509241344, "@journeyheart I know. But Russia is the main threat of aviation attack. And they would attack Alaska first. But Canada's jets would kill em"], [524966233977159681, "@matt_nett Been following information for 40 yrs &amp; believe me there was never any intent by China ever to invade Canada"], [524967531237617664, "@journeyheart True. The would nuke us first. And I am 99% sure they have."], [524957994237591552, "@cnni Ukraine is Europe http://t.co/62lkdQKyxf"], [524958236798365697, "@cnni A person who commits a violent extremist act has no ties in violent extremism? See the problem there. @CNNAshleigh"], [524959307851661312, "@cnni @CNN what's going on? Is it all planes in US AND CANADA?"], [524969396880826369, "@journeyheart oh. I thought they found out aircraft was being used."], [524966771284262912, "@journeyheart it's a threat honestly. But china wouldn't do it. Too much of economic relations with us. And Russia would first."], [524968642694615040, "@matt_nett Only at reentry could the ICBM or SLBM possibly be taken down &amp; that would happen overland !!!"], [524959246048571392, "@cnni @CNNAshleigh There are many \"types\" of extremists. Violence is what makes them \"extreme.\""], [524968950300688385, "@matt_nett Just a n automaticly triggered under security agreements of mutual protection at given level of alert"], [524968370350096384, "@matt_nett Humm From the Oural to Washington ICBM would take approximately 40 minutes &amp; time to take it down would last maybe 7-8 minutes"], [524967865808879616, "@journeyheart Our satellites would see them coming first. And we have state of art military the to see them first."], [524965229621678080, "@journeyheart than Homeland security."], [524958174387118080, "@cnni http://t.co/jxb1ebO7a2"], [524969491491721216, "@matt_nett s'what i meant by SLBM &amp; that would be much faster But no one wants to trigger an Holocaust of world proportion in US or Russia"], [524960363125551104, "@cnni  least I was able  to text my hubby   \"Be Safe\"  &amp; theres been a possible Terrorist attack @ Canadas Parliament  Prayer to All"]], "node_mapping": {"524957752138149888": 0, "524964325606572032": 1, "524965195144519680": 2, "524968001867894784": 3, "524967558886477824": 4, "524962486576218113": 5, "524965924554964992": 6, "524959374494543872": 7, "524961678094770177": 8, "524969249442643968": 9, "524968357637160961": 10, "524966547094503425": 11, "524968090615152640": 12, "524966675054358529": 13, "524969025596837889": 14, "524963166821048320": 15, "524967203570204674": 16, "524969684089991168": 17, "524967957521518592": 18, "524970076970426368": 19, "524967715967352832": 20, "524967092509241344": 21, "524966233977159681": 22, "524967531237617664": 23, "524957994237591552": 24, "524958236798365697": 25, "524959307851661312": 26, "524969396880826369": 27, "524966771284262912": 28, "524968642694615040": 29, "524959246048571392": 30, "524968950300688385": 31, "524968370350096384": 32, "524967865808879616": 33, "524965229621678080": 34, "524958174387118080": 35, "524969491491721216": 36, "524960363125551104": 37}, "edges": [[0, 24], [0, 35], [0, 25], [0, 26], [0, 7], [0, 37], [0, 8], [0, 15], [25, 30], [8, 5], [5, 1], [1, 2], [1, 34], [34, 6], [34, 22], [34, 11], [34, 13], [6, 28], [28, 16], [16, 33], [33, 32], [33, 29], [32, 14], [29, 9], [9, 19], [11, 21], [21, 4], [13, 23], [23, 20], [23, 18], [20, 3], [18, 12], [18, 10], [10, 31], [10, 36], [31, 27], [27, 17]]}