{"thread_id": "524958599433691136", "text_thread": [[524958599433691136, "Police confirm 'several' shootings in Ottawa; PM safe; downtown buildings in lockdown http://t.co/WX22NpkCFs http://t.co/FlvvBW7Cu2"], [524968970244595712, "@globeandmail this is an act of war.  We will not tolerate terrorism in  Canada or anywhere else. We value peace."], [524961802036072448, "@globeandmail @USATODAY A few more guys, sharpshooters on the roof and a tank and it's Ferguson!"], [524965305186283520, "@globeandmail @USATODAY. US gun culture is moving north."], [524958940229275648, "@globeandmail please stop posting pictures of the army deployement..."], [524962988533768192, "@globeandmail insane to do this in Canada. There will be consequences. We take peace keeping very serious. They have disrupted our peace."], [524965554583793664, "@globeandmail  @neilinozone I'm so glad the PM is safe. Hell with the 3month old."], [524964756411924481, "@globeandmail anything to do with Middle East issues? Ban all flights to &amp; from the region? Canadians don't do this kind of insanity."], [524967947996246016, "@globeandmail deport anyone showing violent tendencies to Canada on behalf of the insanity taking place in the Middle East. Keep it there."], [524989797929349120, "@globeandmail if there are web sites brainwashing people into joining aq &amp; isis or encouraging terrorism shut them down. Be proactive?"]], "node_mapping": {"524958599433691136": 0, "524968970244595712": 1, "524961802036072448": 2, "524965305186283520": 3, "524958940229275648": 4, "524962988533768192": 5, "524965554583793664": 6, "524964756411924481": 7, "524967947996246016": 8, "524989797929349120": 9}, "edges": [[0, 4], [0, 2], [0, 5], [0, 3], [0, 6], [5, 7], [7, 8], [7, 1], [8, 9]]}