{"thread_id": "524951711941922818", "text_thread": [[524951711941922818, "BREAKING: CTV Ottawa confirms there were 3 separate shootings. One on Parliament Hill, one at National War Memorial, one near Rideau Centre"], [524952398654373888, "@CP24 @justcallmeLanez"], [524956281950724097, "@CP24 this shouldn't happen in Canada \ud83d\ude48"], [524952348943482881, "@CP24  Video of Parliament Hill shooting via Glob reporter http://t.co/fYxWmVXciP"], [524956941555351552, "@CP24 A shooting in #Toronto and no one bats an eye. A shooting in #Ottawa and everyone loses their minds."], [524958148423991298, "\u201c@CP24: CTV Ottawa confirms there were 3 separate shootings. One on Parliament Hill, one at National War Memorial, one near Rideau Centre\u201d"], [524958890585493505, "@lindsapedia @mummamandy @CP24 since when is 3 shootings 'a large scale'?"], [524957931356577792, "@mummamandy @CP24 yea, because a shooting in Toronto is totally random."], [524953071739473920, "\u201c@CP24 CTV Ottawa confirms there were 3 separate shootings. One on Parliament Hill, one at National War Memorial, one near Rideau Centre\u201d\ud83d\ude14"], [524951973536489472, "@CP24 LAWWWWWDDD"], [524961047321382912, "@GuyNamedTim @lindsapedia @CP24 it's not just 3 shootings... Are you paying attention to what is going on? Get informed"], [524954187017506816, "@CP24 wow"], [524953922419851264, "@CP24 disgusting"], [524954288846802944, "\u201c@jankelekvan: @CP24  Video of Parliament Hill shooting via Glob reporter http://t.co/8fE7NrMSZn\u201d holy shit"], [524958480869101568, "@GuyNamedTim @mummamandy @CP24 this is a large scale organized, targeted shooting so yah it's a little different than street gun violence.."], [524957591814680576, "@GuyNamedTim @CP24 are you fucking stupid. This is a little different than a random shooting. How about pull your head out of your ass thanx"], [524953126689050624, "@CP24 What happened?"]], "node_mapping": {"524951711941922818": 0, "524952398654373888": 1, "524956281950724097": 2, "524952348943482881": 3, "524956941555351552": 4, "524958148423991298": 5, "524958890585493505": 6, "524957931356577792": 7, "524953071739473920": 8, "524951973536489472": 9, "524961047321382912": 10, "524954187017506816": 11, "524953922419851264": 12, "524954288846802944": 13, "524958480869101568": 14, "524957591814680576": 15, "524953126689050624": 16}, "edges": [[0, 9], [0, 3], [0, 1], [0, 8], [0, 16], [0, 12], [0, 11], [0, 2], [0, 4], [0, 5], [3, 13], [4, 15], [15, 7], [7, 14], [14, 6], [6, 10]]}