{"thread_id": "524981557770350592", "text_thread": [[524981557770350592, "BREAKING: Ottawa police say they believe there is more than one shooter."], [524984250547060736, "@ap muslim terrorists at it again"], [524984654001344512, "@AP Kenya should issue travel advisories against this gun totting country"], [524983222988709890, "Those conspiracy theorists... @AP @harryfear"], [524982043521064960, "RT @AP BREAKING: Ottawa police say they believe there is more than one shooter."], [524982225247678468, "\u201c@AP: BREAKING: Ottawa police say they believe there is more than one shooter.\u201d"], [524981724573609984, "\u201c@AP: BREAKING: Ottawa police say they believe there is more than one shooter.\u201d"], [524982112735084544, "@AP My map app shows tweets from #Ottawa shooting site http://t.co/VlcPC99uBJ \u2026 \u2026"], [524983189815971840, "@AP @harryfear yes, 3"], [524981807973150720, "BREAKING: Ottawa police say they believe there is more than one shooter. (@AP)"], [524982006124642305, "@AP Media giants are slow. You could infer this from the streams when the cops were still searching despite apprehending one. #Slowpoke"], [524981847781289985, "#CanadaShooting RT \u201c@AP: BREAKING: Ottawa police say they believe there is more than one shooter.\u201d"], [524982884869095426, "@AP @BillGRinehart @onthemedia\nSee #4: http://t.co/gjAXerDsjs"], [525006429162569728, "\u201c@AP: BREAKING: Ottawa police say they believe there is more than one shooter.\u201d #Ottawa #CanadaShooting"], [524981925853675520, "@AP I wonder if it was those 3 afghan soldiers that crossed into their borders after leaving the USA.. Hmmmm"], [524983409286733824, "@taestell That's why I thought that headline was interesting."], [524998384747573248, "\u201c@AP: BREAKING: Ottawa police say they believe there is more than one shooter.\u201d Pretty sure this HASN'T been confirmed, Wait for better info"], [524982605406818304, "\u201c@AP: BREAKING: Ottawa police say they believe there is more than one shooter.\u201d\n\nwhat"], [525002400864546816, "\u201c@AP: BREAKING: Ottawa police say they believe there is more than one shooter.\u201d #uaj307"], [524990343037857792, "@AP I hope they don't issue a \"Lock Down\" if this happens is U.S. cities. Hope they issue a \"Lock &amp; Load\". Stay home, protect my family."]], "node_mapping": {"524981557770350592": 0, "524984250547060736": 1, "524984654001344512": 2, "524983222988709890": 3, "524982043521064960": 4, "524982225247678468": 5, "524981724573609984": 6, "524982112735084544": 7, "524983189815971840": 8, "524981807973150720": 9, "524982006124642305": 10, "524981847781289985": 11, "524982884869095426": 12, "525006429162569728": 13, "524981925853675520": 14, "524983409286733824": 15, "524998384747573248": 16, "524982605406818304": 17, "525002400864546816": 18, "524990343037857792": 19}, "edges": [[0, 6], [0, 9], [0, 11], [0, 14], [0, 10], [0, 4], [0, 7], [0, 5], [0, 17], [0, 12], [0, 8], [0, 3], [0, 1], [0, 2], [0, 19], [0, 16], [0, 18], [0, 13], [12, 15]]}