{"thread_id": "524961408740380672", "text_thread": [[524961408740380672, "OTTAWA SHOOTING\n- Soldier shot at memorial\n- Gunfire in Parliament\n- PM safe, will speak later today http://t.co/DkNJOduorR"], [524965763493277696, "@HuffingtonPost @HuffPostCanada @RanaAyyub  who do you think might be behind these shootings ??Sikulars like yourself ??"], [524962563835310080, "@HuffPostCanada @HuffingtonPost  a bit late #HuffPost sadly I might add. #cbc #ctv beat you out"], [524990341867638786, "praying for Canada \u201c@HuffPostCanada: OTTAWA SHOOTING\n- Soldier shot at memorial\n- Gunfire in Parliament\n- PM safe, will speak later today\u201d"]], "node_mapping": {"524961408740380672": 0, "524965763493277696": 1, "524962563835310080": 2, "524990341867638786": 3}, "edges": [[0, 2], [0, 1], [0, 3]]}