{"thread_id": "524987184836005889", "text_thread": [[524987184836005889, "The RCMP and Ottawa police news conference is beginning now. Watch live: http://t.co/alz6qu6Mca #cbcOTT #OTTnews"], [524989569947947008, "@CBCOttawa Prayers for the fallen soldier &amp; his family. Hope his death isn't used to advertise the shooter's lame ideas, whatever they were."], [524991240295575552, "@CBCOttawa @daybreaknorth dear Toronto star lady, we don't want the steps necessary in order for the police to know of every attack :("]], "node_mapping": {"524987184836005889": 0, "524989569947947008": 1, "524991240295575552": 2}, "edges": [[0, 1], [0, 2]]}