{"thread_id": "524944881941495809", "text_thread": [[524944881941495809, "UPDATE: Attacker shot dead in Parliament after soldier shot at War Memorial http://t.co/pp6hcfWcRw #OttawaShooting http://t.co/tx8j82FOYc"], [524953632761196544, "@LeslieAllain Apparently more than one shooter."], [524946411088248832, "@CBCNews How does someone with a long rifle manage to brazenly walk to the war memorial or the hill without being wrestled down by someone."], [524946610795470848, "@CBCNews @CBC The Canadians are showing us how to nip it in the bud."], [524952789135261696, "super scary @CBCNews @Jmyers01 glad you are now where near parliament Janice !"], [524949803130966016, "@CBCNews good lord."], [525449352962408450, "@Paulkezza @CBCNews if only captured Isis could be entered into UFC. Could try to beat the crazy outta them. Could try very hard. . ."], [524951372161380352, "@CBCNews It's not write solgers are there to help us and protect our Country !"], [525013749535887360, "@Karensreal all safe and away from the downtown lockdown but wish we knew if there is another shooter out there."], [524946724465692672, "Podiam chamar a Dilma pra negociar \u201c@CBCNews: Attacker shot dead in Parliament after soldier shot at War Memorial http://t.co/7McMv3a5KL"], [524945878076100608, "@CBCNews #OttawaShooting"], [524953566604427264, "@CBCNews hope it was a slow, painful death. try to look surprised when you're greeted in the afterlife not by 72 virgins but by satan."], [524952953485295617, "@CBCNews #soldier thank u to all soldiers and police officers who try to keep us safe.  May God look after u and keep u safe."], [524946673722982400, "@CBCNews @CBC this is gut wrenching..."], [524952561888276480, "\u201c@CBCNews: UPDATE: Attacker shot dead in Parliament after soldier shot at War Memorial\""], [524951615292592128, "@CBCNews kill all these Isis bastards"], [525013336795402242, "@ctpministries @CBCNews Its very serious matter of security breach as attack is on temple of democracy Parl should be strongly cordoned"], [524945388487606272, "@CBCNews @ABBestphotos NICE ONE"], [524945766167875584, "@CBCNews @GCGATOR24 fantastic  !!!"], [524953424186839041, "\u201c@CBCNews: UPDATE: Attacker shot dead in Parliament after soldier shot at War Memorial http://t.co/ztHwla2qSp. Thank God!"], [524952501926526977, "\u201c@CBCNews: UPDATE: Attacker shot dead in Parliament after soldier shot at War Memorial http://t.co/3Y511XEQqm #OttawaShooting"], [525014967087398913, "@Jmyers01 oh seriously I am reading everything online it is unclear from the reports exactly how many, two or three or just 1 they killed ?"], [524946916640292865, "@CBCNews #isis related or extreme Muslim!"]], "node_mapping": {"524944881941495809": 0, "524953632761196544": 1, "524946411088248832": 2, "524946610795470848": 3, "524952789135261696": 4, "524949803130966016": 5, "525449352962408450": 6, "524951372161380352": 7, "525013749535887360": 8, "524946724465692672": 9, "524945878076100608": 10, "524953566604427264": 11, "524952953485295617": 12, "524946673722982400": 13, "524952561888276480": 14, "524951615292592128": 15, "525013336795402242": 16, "524945388487606272": 17, "524945766167875584": 18, "524953424186839041": 19, "524952501926526977": 20, "525014967087398913": 21, "524946916640292865": 22}, "edges": [[0, 17], [0, 18], [0, 10], [0, 2], [0, 3], [0, 13], [0, 9], [0, 22], [0, 5], [0, 7], [0, 15], [0, 20], [0, 14], [0, 4], [0, 12], [0, 19], [0, 11], [2, 16], [15, 6], [4, 8], [8, 21], [19, 1]]}