{"thread_id": "524974318087061504", "text_thread": [[524974318087061504, "BREAKING: the most terrible news of the day so far: soldier has died of his injuries #OttawaShooting @ctvnews @ctvottawa"], [524977189637615618, "@grahamctv @CTVNews @ctvottawa Heartbreaking news.  I am so very sad for him, for his family, and for our country."], [524975587174002688, "\u201c@grahamctv: BREAKING: the most terrible news of the day so far: soldier has died of his injuries #OttawaShooting @ctvnews @ctvottawa\u201d \ud83d\ude14\ud83d\ude1e\ud83d\ude23"], [524975722012893184, "\u201c@grahamctv: BREAKING: the most terrible news of the day so far: soldier has died of his injuries #OttawaShooting @ctvnews @ctvottawa\u201d \ud83d\udc94"], [524975424468942849, "@grahamctv @ctvottawa @CTVNews Our condolences go out to this soldier's family. This was a senseless act if violance"], [524974883428892672, "@grahamctv @CTVNews @ctvottawa very sad indeed"], [524977598750023680, "\u201c@grahamctv: BREAKING: the most terrible news of the day so far: soldier has died of his injuries #OttawaShooting @ctvnews @ctvottawa\u201d- SAD"], [524975622582722562, "@grahamctv Does it have to be deemd \"most terrible news?\"  Many children have also died today @reallisa @CTVNews @ctvottawa"], [524976409518014464, "@grahamctv @CTVNews @ctvottawa Has CTV confirmed this with the DND, or is this based on what @kenneyjason said on Twitter?"], [524975269078401024, "\u201c@grahamctv: BREAKING: the most terrible news of the day so far: soldier has died of his injuries #OttawaShooting @ctvnews @ctvottawa\u201d\ud83d\ude22RIP\u2764\ufe0f"], [524975062483730433, "\u201c@grahamctv: BREAKING: the most terrible news of the day so far: soldier has died of his injuries #OttawaShooting @ctvnews @ctvottawa\u201d"], [524975144243306496, "@grahamctv @ctvottawa @CTVNews may he rest in peace"], [524975035266920448, "\u201c@grahamctv:the most terrible news of the day so far: soldier has died of his injuries #OttawaShooting @ctvnews @ctvottawa\u201d Absolutely true."], [524975835644960768, "@grahamctv @CTVNews @ctvottawa heartbreaking..."], [524976312457248768, "\u201c@grahamctv: BREAKING: the most terrible news of the day so far: soldier has died of his injuries #OttawaShooting @ctvnews @ctvottawa\u201d \ud83d\ude10"], [524975381309579265, "@rsbmiller @grahamctv @CTVNews @ctvottawa yes Scott he was from #HamOnt - our city in mourning and hoping your city is safe"], [524976195742744577, "@grahamctv @AmyFerguson2 @CTVNews @ctvottawa @mwkoop he died not long ago but before they said he was alright"], [524978346006831104, "RIP Soldier @grahamctv @CTVNews @ctvottawa"], [524974705670119426, "RT\u201c@grahamctv: BREAKING: the most terrible news of the day so far: soldier has died of his injuries #OttawaShooting @ctvottawa\u201d #smem"]], "node_mapping": {"524974318087061504": 0, "524977189637615618": 1, "524975587174002688": 2, "524975722012893184": 3, "524975424468942849": 4, "524974883428892672": 5, "524977598750023680": 6, "524975622582722562": 7, "524976409518014464": 8, "524975269078401024": 9, "524975062483730433": 10, "524975144243306496": 11, "524975035266920448": 12, "524975835644960768": 13, "524976312457248768": 14, "524975381309579265": 15, "524976195742744577": 16, "524978346006831104": 17, "524974705670119426": 18}, "edges": [[0, 18], [0, 5], [0, 12], [0, 10], [0, 11], [0, 9], [0, 4], [0, 2], [0, 7], [0, 3], [0, 13], [0, 16], [0, 14], [0, 8], [0, 1], [0, 6], [0, 17], [10, 15]]}