{"thread_id": "524956294395224064", "text_thread": [[524956294395224064, "Here are the 3 locations of shootings in #Ottawa around Parliament Hill (GoofleEarth)\nFrom: @CNNJason\nhttp://t.co/DSyNgBC02U"], [524958963046313984, "@montfordgreenwo @gjhall @1310NewsDay @SMLBound @CNNJason You are a profoundly stupid asshole, using today's events to grind political axes."], [524992995041366017, "@FilozofA @gjhall @1310NewsDay @SMLBound @CNNJason Oh boy, you're rubber and I'm glue? Guess what shit bag, you're also blocked."], [524959553494843392, "@justaguytoronto @gjhall @1310NewsDay @SMLBound @CNNJason supposed safety these \"governments\" seem to think they are giving us."], [524959602001977344, "@justaguytoronto @gjhall @1310NewsDay @SMLBound @CNNJason Death is not safety."], [524959057955012608, "@montfordgreenwo @justaguytoronto @1310NewsDay @SMLBound @CNNJason suck a bag of dicks buddy"], [524958889641381888, "@justaguytoronto @gjhall @1310NewsDay @SMLBound @CNNJason And the left rolled out their gun control after the notional \"kids\" at sandy hook"], [524972775824314368, "@FilozofA @gjhall @1310NewsDay @SMLBound @CNNJason Bullshit. There is indeed a human right to self defense you senseless commie fuck"], [524957660018642944, "@montfordgreenwo @1310NewsDay @SMLBound @CNNJason hey how about FUCK YOU and your cheap shots"], [524959081132335105, "@justaguytoronto @gjhall @1310NewsDay @SMLBound @CNNJason Fuck Canadian law, I know about HUMAN RIGHTS you prog fuck"], [524959358564585472, "@gjhall @justaguytoronto @1310NewsDay @SMLBound @CNNJason I'm not a prog fag lover like you seem to be."], [524992128028381184, "@montfordgreenwo @gjhall @1310NewsDay @SMLBound @CNNJason Yes you are!"], [524959275714486272, "@justaguytoronto @gjhall @1310NewsDay @SMLBound @CNNJason YOu are a pathetic piece of shit, revealing  your love of slavery."], [524958961804398592, "@justaguytoronto @gjhall @1310NewsDay @SMLBound @CNNJason were supposedly shot up. So yeah, don't get mad because I got there first."], [524977980033232896, "@montfordgreenwo @SMLBound @gjhall @1310NewsDay @CNNJason Most definitely a right to self defense! Stop all this pc indoctrination"], [524974833205907456, "@FilozofA @gjhall @1310NewsDay @SMLBound @CNNJason Dumbass @FilozofA"], [524958581347872768, "@montfordgreenwo @gjhall @1310NewsDay @SMLBound @CNNJason People may have died, and you're using it as an excuse for cheap political shots."], [524959216482918400, "@montfordgreenwo @gjhall @1310NewsDay @SMLBound @CNNJason Honestly, go back to whatever hole you crawled out of."], [524958704052228096, "@montfordgreenwo @gjhall @1310NewsDay @SMLBound @CNNJason And I can guarantee you know fuck all about Canadian law."], [524958802303807488, "@1310NewsDay @News1130radio @CNNJason goofleearth"], [524957833763119104, "@gjhall @1310NewsDay @SMLBound @CNNJason Hey, I'm just pointing out that liberty is more safe that totalitarianism."], [524964781979996160, "@montfordgreenwo @gjhall @1310NewsDay @SMLBound @CNNJason There is no \"human right\" to self defense, check the Declaration, but legal right!"], [524959523313029122, "@montfordgreenwo @justaguytoronto @1310NewsDay @SMLBound @CNNJason what a gem you are. blocked."], [524992055806672896, "@montfordgreenwo @gjhall @1310NewsDay @SMLBound @CNNJason Give a quote?"], [524957905120813056, "@gjhall @1310NewsDay @SMLBound @CNNJason People have a RIGHT a HUMAN RIGHT, to self defense."], [524956845652185088, "@1310NewsDay @SMLBound @CNNJason How are those \"common sense\" gun legislations working Canada? As well as in Chicago I see."], [524958777703800832, "@justaguytoronto @gjhall @1310NewsDay @SMLBound @CNNJason I'm using it to point out that the goal of the left leads to death."], [524959481180868608, "@justaguytoronto @gjhall @1310NewsDay @SMLBound @CNNJason No, I will not accept people being murdered as a thing we have to have for this"]], "node_mapping": {"524956294395224064": 0, "524958963046313984": 1, "524992995041366017": 2, "524959553494843392": 3, "524959602001977344": 4, "524959057955012608": 5, "524958889641381888": 6, "524972775824314368": 7, "524957660018642944": 8, "524959081132335105": 9, "524959358564585472": 10, "524992128028381184": 11, "524959275714486272": 12, "524958961804398592": 13, "524977980033232896": 14, "524974833205907456": 15, "524958581347872768": 16, "524959216482918400": 17, "524958704052228096": 18, "524958802303807488": 19, "524957833763119104": 20, "524964781979996160": 21, "524959523313029122": 22, "524992055806672896": 23, "524957905120813056": 24, "524956845652185088": 25, "524958777703800832": 26, "524959481180868608": 27}, "edges": [[0, 25], [0, 19], [25, 8], [8, 20], [8, 24], [20, 16], [20, 18], [16, 26], [16, 6], [16, 13], [26, 1], [1, 12], [6, 5], [5, 10], [10, 22], [13, 17], [17, 27], [17, 3], [17, 4], [18, 9], [24, 21], [24, 14], [21, 7], [21, 15], [7, 23], [15, 11], [11, 2]]}