{"thread_id": "524959027516932096", "text_thread": [[524959027516932096, "In response to Ottawa incidents, NORAD increased number of planes on higher alert status ready to respond if needed. http://t.co/q98AMohu7T"], [524995696223858688, "@cnnbrk @Karentalk please shake your head.... it was confirmed that non of the shooters were from the middle east/muslim. This wasn't ISIS."], [525040278173126656, "@HalaykoOfficial @cnnbrk They dont have to be...to be RADICALIZED..IN ISIS IDEOLOGY...are you unaware of the ISIS recruits worldwide?"], [524964792230895616, "@cnnbrk Prayers going out to all those affected by the Ottawa shooting in Canada this morning.\ud83d\ude22\ud83d\ude14\ud83d\udc4f"], [524964451209195520, "@Nicest_Girl_Evr @cnnbrk wo events on LAND."], [524959219968405504, "@cnnbrk Good."], [524960758325444608, "@cnnbrk CANADA'S CAPITAL UNDER ATTACK..OTTAWA..MULTIPLE SHOOTERS..DOES THIS CHANGE ANYTHING AT ALL FOR YOU MR. PRESIDENT..PLEASE STOP ISIS."], [525040667593289728, "@Karentalk @cnnbrk your preaching to a preacher of this stuff."], [524960579287810048, "RT @cnnbrk:In response #Ottawa incidents, NORAD increased number of planes on higher alert status ready to respond. http://t.co/2EUTJ4EOfI"], [524965389076541440, "@Nicest_Girl_Evr Norad couldn't even stop 911. How they fuck are they gonna stop some crazed gunman on the ground?"], [524963727142322176, "Oh, FFS MT @cnnbrk In response to Ottawa incidents, NORAD increased number of planes on higher alert status  http://t.co/sit9CKgp9b"], [524965865393905665, "@cnnbrk Respectfully this is not an incident..this is ISIS...POLICY NOW MUST BE CHANGED..THEY ARE HERE..MULTIPLE SHOOTERS..SHOOTING SOLDIERS"], [525040878466117632, "@Karentalk @cnnbrk just because an attack happened doesn't not automatically mean Isis or any other group. The profiling needs to stop"], [525041384253038594, "@Karentalk @cnnbrk Isis needs to be stopped 100% yes. But facts need to be presented before fingers are pointed and accusations made."], [524960273342275584, "@cnnbrk ISIS IS CHANGING OUR WORLD..AND WE ARE LETTING THEM..OTTAWA CANADA UNDER ATTACK....MULTIPLE SHOOTERS..UNLEASH HELL ON ISIS"], [524961629482782720, "Really, NORAD? &lt;headdesk&gt; @cnnbrk"], [524963821266665472, "@tim_bousquet @cnnbrk #falseflag here we go!"], [525041107504496641, "@Karentalk @cnnbrk this is part of why we are having racial wars. Everyone's to quick to point a finger without facts."], [524959258480476161, "@cnnbrk All the hallmarks of  #OperationChaos #falseflag attk by those who believe\"from chaos comes order\":USjrno http://t.co/a94wJvDnTL"]], "node_mapping": {"524959027516932096": 0, "524995696223858688": 1, "525040278173126656": 2, "524964792230895616": 3, "524964451209195520": 4, "524959219968405504": 5, "524960758325444608": 6, "525040667593289728": 7, "524960579287810048": 8, "524965389076541440": 9, "524963727142322176": 10, "524965865393905665": 11, "525040878466117632": 12, "525041384253038594": 13, "524960273342275584": 14, "524961629482782720": 15, "524963821266665472": 16, "525041107504496641": 17, "524959258480476161": 18}, "edges": [[0, 5], [0, 18], [0, 14], [0, 8], [0, 6], [0, 15], [0, 10], [0, 3], [0, 11], [0, 1], [10, 16], [1, 2], [2, 7], [2, 12], [2, 17], [2, 13]]}