{"thread_id": "524987107081977856", "text_thread": [[524987107081977856, "\"I saw a long gun, I heard one shot\" - eye witness to #OttawaShooting at Canadian Parliament http://t.co/509yRD4iCn http://t.co/YmMtvZDLom"], [525121794773372928, "@BBCWorld #OttawaShooting #ATerroristIsATerrorist  #StephenHarper no liberal #WorkplaceViolence excuses http://t.co/0ajGZMXlvR"], [524989643578937344, "@MastaOfMp3s it's sad, not just in Canada, but in the US, mass shootings will initially be seen and linked to terrorism at first glance."], [524988241788018688, "@BBCWorld our scary world \ud83d\ude29"], [525011093748711424, "@BBCWorld Moslems attack our Sacred Place, Our War Memorial\n#OttawaShooting #CanadaStrong Time to Nuke Mecca and Madina\nX-terimanate Moslems"], [524988915129004032, "@TwistAnonymous yea the us gov drags them into alot lol i just find the reaction to shootings different then in the us"], [525015421431603200, "@BBCWorld I saw a big gun to, maybe was the guy dick, fuckkk the world is coming to a and?"], [524987543650308097, "@BBCWorld BBC calls it a \"shooting\" until they know it was brown people, then it will be a \"terrorist attack\"! #OttawaShooting"], [524987368676532224, "@BBCWorld Lies and propaganda are traditionally the tools of theocracy, fascism, and totalitarianism. #ISIS CANCER #US #SYRIA #IRAQ #KOBANI"], [524987913495674882, "@BBCWorld @TwistAnonymous canada dont play"], [525012779418148865, "@BBCWorld HI THERE. IT'S SUZIQ. REMEMBER 6MOS AGO,SUZIQ PREDICTED ISIS WAS ALREADY HERE!ANOTHER TRUE FOR SUZIQ, AGAIN! GODBLESSAMERICA SUZIQ"], [524988164566315011, "@BBCWorld Republic of Korea, Seoul citizens 122 minutes massacred. Please help. http://t.co/wpZZQetYi3"], [524988644772564995, "@MastaOfMp3s @BBCWorld not a lot of people know Canada was involved in the wars in the middle east. #Ottawa #OttawaShooting #PrayForOttawa"], [524988533321519106, "@BBCWorld Stayed in Ottawa 3 years ago lovely city terrible to see what is happening"], [524989622884249600, "@BBCWorld"]], "node_mapping": {"524987107081977856": 0, "525121794773372928": 1, "524989643578937344": 2, "524988241788018688": 3, "525011093748711424": 4, "524988915129004032": 5, "525015421431603200": 6, "524987543650308097": 7, "524987368676532224": 8, "524987913495674882": 9, "525012779418148865": 10, "524988164566315011": 11, "524988644772564995": 12, "524988533321519106": 13, "524989622884249600": 14}, "edges": [[0, 8], [0, 7], [0, 9], [0, 11], [0, 3], [0, 13], [0, 14], [0, 4], [0, 10], [0, 6], [0, 1], [9, 12], [12, 5], [5, 2]]}