{"thread_id": "524972443308683264", "text_thread": [[524972443308683264, "Statement from Ottawa Hospital: received 3 patients. 2 in stable condition. http://t.co/zu5hYPrGDL"], [524975119438200833, ".@mariaenchanted @cherylfolland  yes, certainly a typo. @GlobalNational"], [524975009488330756, "@amyminsky @althiaraj Thank you for up date ---  great job --Thank you ------pnp---canada"], [524995006088896513, "@Olternaut The terrorists bit has not been confirmed as far as I'm aware. Last guy who shot up Parliament 29 yrs ago was a nutcase. #waiting"], [524974351095832578, "@amyminsky @GlobalNational 12:50am??"], [524990464970489856, "@amyminsky @cindyreddeer Okay did quick search.  Seems these are low level wannabe terrorists retaliating for Canada's stand against ISIS."], [524996595021283328, "@cindyreddeer Everything needs to be confirmed of course.  It would make sense though if true though."], [524989861087158272, "@amyminsky @cindyreddeer Okay, so what's been happening in Canada?"], [524995496944087040, "@amyminsky @BretBaier this is s dry run for what that have planned for us in USA."], [524974608286359552, "@cherylfolland @amyminsky @GlobalNational Probably meant PM, in the afternoon &gt;.&lt;"], [524995354539085826, "@cindyreddeer True.  But I hear there was a similar incident this past Monday. Is that correct?  That makes me think its low level terrorism"], [524996070972358656, "@Olternaut A soldier was intentionally hit by a car driven by a radicalized person, also not really confirmed yet. http://t.co/5g4OhXoh2t"]], "node_mapping": {"524972443308683264": 0, "524975119438200833": 1, "524975009488330756": 2, "524995006088896513": 3, "524974351095832578": 4, "524990464970489856": 5, "524996595021283328": 6, "524989861087158272": 7, "524995496944087040": 8, "524974608286359552": 9, "524995354539085826": 10, "524996070972358656": 11}, "edges": [[0, 4], [0, 2], [0, 7], [0, 8], [4, 9], [9, 1], [7, 5], [5, 3], [3, 10], [10, 11], [11, 6]]}