{"thread_id": "524949069945634816", "text_thread": [[524949069945634816, "Watch as bullets fly inside hallways of Parliament Hill http://t.co/R8BUhfrvX2 #Ottawa"], [524973690988298241, "@caitlinquarry @CTVNews Could not agree more."], [524949257468784640, "@CTVNews This isn't a movie, have some respect."], [524959724434104320, "@CTVNews that is not the way to tweet about this event. Incredibly unimpressed."], [524949450419351552, "@CTVNews Nice tone, jerks"], [524951762051272704, "@CTVNews \"watch bullets fly \" don't think appropriate title by CTV."], [524949879781855232, "\u201c@CTVNews: Watch as bullets fly inside hallways of Parliament Hill http://t.co/Y97b8RyfjE #Ottawa\u201d unbelievably terrifying #OttawaShooting"], [524951555879870464, "@CTVNews really offensive tone here. Try to have some compassion for the people subjected to the trauma."], [524949422372040704, "\u201c@CTVNews: Watch as bullets fly inside hallways of Parliament Hill http://t.co/WVB9xb2E82 #Ottawa\u201d BE SAFE W EVERYONE IF YOU ARE DOWNTOWN!"], [524955872741437441, "\u201c@CTVNews: Watch as bullets fly inside hallways of Parliament Hill http://t.co/pNTCVTzk6S #Ottawa\u201d. \ud83d\ude48This doesn't happen in Canada!!!!"], [524950639332569089, "@CTVNews Please don't glamorize the situation to get clicks. Your tweet is completely inappropriate. This isn't a video game description."], [524973916901879808, "@CTVNews @Gary_Archibald no thanks."], [524974734405304320, "\u201c@MatthewPerry @CTVNews: Watch as bullets fly inside hallways of Parliament Hill http://t.co/mloARQQWO0 #Ottawa\u201d"]], "node_mapping": {"524949069945634816": 0, "524973690988298241": 1, "524949257468784640": 2, "524959724434104320": 3, "524949450419351552": 4, "524951762051272704": 5, "524949879781855232": 6, "524951555879870464": 7, "524949422372040704": 8, "524955872741437441": 9, "524950639332569089": 10, "524973916901879808": 11, "524974734405304320": 12}, "edges": [[0, 2], [0, 8], [0, 4], [0, 6], [0, 10], [0, 7], [0, 5], [0, 9], [0, 3], [0, 11], [0, 12], [10, 1]]}