{"thread_id": "524947196131966976", "text_thread": [[524947196131966976, "Credible sources tell @SunNewsNetwork there may be as many as five active shooters in #Ottawa http://t.co/riheafK9WV http://t.co/stc2O4WlcS"], [525034818044960768, "\u201c@CriticalHerald: Credible sources tell @SunNewsNetwork they are neither a source nor credible.\u201d #cdnpoli #TOpoli"], [524984723928776706, "@BadNewsCentral @SunNewsNetwork Then I guess the past 4 hours hve been 'irresponsible' bc everytime the situation changes, so do the reports"], [524984980620181504, "@BadNewsCentral @SunNewsNetwork Confirmation is given slowly, events change quickly. C'mon u know the drill."], [524985375857856513, "OMG fear-mongering much? \u201c@SunNewsNetwork: Credible sources say there may be as many as 5 active shooters in #Ottawa http://t.co/09X7C6gCGt\u201d"], [524952807766777856, "@BadNewsCentral @SunNewsNetwork It's called breaking news dumbass."], [524949528060133377, "@SunNewsNetwork @andrewnepean..See..keep our kids SAFE!!"], [524953349662068736, "@AnneCatharine and @SunNewsNetwork is irresponsibly fuelling paranoia for mouse clicks"], [525141172877262848, "@SunNewsNetwork how credible?"], [524976603248357376, "@SunNewsNetwork @schtev69 armed citizens would have stopped or slowed the bastards down, argument against gun control"], [524951662155161601, "\"There is no confirmation of the whereabouts of other suspects, or how many there may be.\" @SunNewsNetwork contradicts it's own headline"], [524956188782632960, "@SunNewsNetwork @alimhaider cc: @theblaze POSSIBLY FIVE #Canada"], [524950237337878528, "@SunNewsNetwork @Martinbosma_pvv Lang  leve multikult"], [525027407280209920, "Credible sources tell @SunNewsNetwork they are neither a source nor credible."], [524957106621779968, "\u201c@SunNewsNetwork: Gunna\u00ed sa rialtas i gCeanada C\u00e9ard at\u00e1 ag tarl\u00fa? @SunNewsNetwork #Ottawa http://t.co/zuGpkk2pmT http://t.co/rQ4PTKt0KH\u201d"], [524970066149130241, "@SunNewsNetwork What's a centre block?"], [525004491603460097, "@SunNewsNetwork further proof this a tabloid network &amp; completely unreliable for legitimate news."], [524950182241533952, "MT @SunNewsNetwork: Credible sources tell @SunNewsNetwork there may be as many as five active shooters in #Ottawa"], [524948234868105217, "@SunNewsNetwork @inky_mark Sorry but  the words 'credible' and 'Sun News' don't belong in the same sentence."]], "node_mapping": {"524947196131966976": 0, "525034818044960768": 1, "524984723928776706": 2, "524984980620181504": 3, "524985375857856513": 4, "524952807766777856": 5, "524949528060133377": 6, "524953349662068736": 7, "525141172877262848": 8, "524976603248357376": 9, "524951662155161601": 10, "524956188782632960": 11, "524950237337878528": 12, "525027407280209920": 13, "524957106621779968": 14, "524970066149130241": 15, "525004491603460097": 16, "524950182241533952": 17, "524948234868105217": 18}, "edges": [[0, 18], [0, 6], [0, 17], [0, 12], [0, 10], [0, 11], [0, 14], [0, 15], [0, 9], [0, 4], [0, 16], [0, 13], [0, 8], [10, 5], [5, 7], [7, 2], [7, 3], [13, 1]]}