{"thread_id": "524943721302089728", "text_thread": [[524943721302089728, "Stay with us for LIVE coverage on the active shooting at Canadian parliament: http://t.co/vglAGcuBQZ http://t.co/cI7IXtJc82"], [524945412252499968, "@FaithBased92 @ReutersLive @Reuters Monday a radicalized canadian killed one Canadian soldier and now that .... I am pretty sure its one."], [525041607310311425, "@ReutersLive #weneedironmanandorsentinels"], [524953293483556865, "@ReutersLive @Reuters Those IS pigs plan multiple attacks in one day. That:s their modus operandi."], [524945256446693377, "@JWadeMoses @ReutersLive @Reuters What are the odds this is terrorism?"], [524947069908549632, "@JWadeMoses @ReutersLive @Reuters However there is a power plant a couple miles away, and I live in the hot zone if it blew."], [524944791252238336, "@ReutersLive It looks like the ISIS disease is spreading..."], [524947193913147392, "@JWadeMoses @ReutersLive @Reuters Would need potassium iodide pills and would have to go west to get away."], [524944209980448768, "@ReutersLive @Reuters Shooter inside the parliament has been killed, second one dtill on the loose"], [524953059684651008, "@ReutersLive @Reuters This could very well be a \"decoy\", the first of many more terrorist plots in other Canadian provinces. This is jihad"], [524944115738632194, "\u201c@ReutersLive: Stay with us for LIVE coverage on the active shooting at Canadian parliament: http://t.co/UbU1uAXLUm http://t.co/nBlBhrNdZu\u201d"], [524946687157370880, "@JWadeMoses @ReutersLive @Reuters I live in a podunk little town that hasn't been targeted since WWII."], [524945118579916801, "@ReutersLive We need some chemo or radiation or something to kill the tumours."], [524957887123054593, "@ReutersLive @ReutersIndia World should punish the offenders.I know the feelings of inside people.I was inside indian parliamen duringattack"], [524944944344338433, "@FaithBased92 @ReutersLive @Reuters Possibility of a third one too"], [524946097161392128, "@JWadeMoses @ReutersLive @Reuters I know about monday. I agree. This is too well done. And if it happened in Canada...it can happen here in"], [524946189134102528, "@FaithBased92 @ReutersLive @Reuters Can happen everywhere, stay safe."], [524947995683725312, "@ReutersLive A video seized from the Ukrainian troops is showing Nazi battalion Donbass executing Donbass... http://t.co/HfS3Fubj0k"], [524944836378775552, "@JWadeMoses @ReutersLive @Reuters There's two?"], [524946124315324416, "@JWadeMoses @ReutersLive @Reuters the USA."]], "node_mapping": {"524943721302089728": 0, "524945412252499968": 1, "525041607310311425": 2, "524953293483556865": 3, "524945256446693377": 4, "524947069908549632": 5, "524944791252238336": 6, "524947193913147392": 7, "524944209980448768": 8, "524953059684651008": 9, "524944115738632194": 10, "524946687157370880": 11, "524945118579916801": 12, "524957887123054593": 13, "524944944344338433": 14, "524946097161392128": 15, "524946189134102528": 16, "524947995683725312": 17, "524944836378775552": 18, "524946124315324416": 19}, "edges": [[0, 10], [0, 8], [0, 6], [0, 12], [0, 17], [0, 9], [0, 3], [0, 13], [8, 18], [18, 14], [14, 4], [4, 1], [1, 15], [1, 19], [15, 16], [16, 11], [16, 5], [16, 7], [6, 2]]}