{"thread_id": "524930293921107969", "text_thread": [[524930293921107969, "Soldier shot at National War Memorial in Ottawa http://t.co/atjCEAGiHB"], [524932605083668480, "\u201c@CBCOttawa: Soldier shot at National War Memorial in Ottawa http://t.co/TPKrwPf562\u201d"], [524931365134159872, "\u201c@CBCOttawa: Soldier shot at National War Memorial in Ottawa http://t.co/zv39XfiWA3\u201d Can't believe it."], [524930630438883328, "@CBCOttawa The Islamists among us, shouldn't be among us!"], [524931692709281792, "Stay safe, Ottawa! RT @CBCOttawa: Soldier shot at National War Memorial in Ottawa http://t.co/HZah2xkjdV"], [524930569797632000, "@CBCOttawa They are walking all over Canada's laws and loop-holes!  It's time to cut them out of society completely!"], [524932276174729216, "Juz got evacuated at Rideau Centre \u201c@CBCOttawa: Soldier shot at National War Memorial in Ottawa http://t.co/rwEsixDqsr\u201d"], [524933486311112704, "\u201c@CBCOttawa:#Soldier#shot at WarMemorial#Ottawa http://t.co/qn9pgu9P2Q\u201d @VeteransFR_CA @ShyMoonEyes  3 #soldiers attacked in 2 days #cdnpoli"], [524932271728783360, "@ivoirien_com @CBCOttawa The OPS needs more funds for stormtrooper gear and mp5s to catch these scurytrrrsts!"], [524930447063912449, "@CBCOttawa Arrest or neutralize these Islamist rapists, these chanting bastard slavers, BEFORE they murder more citizens!"]], "node_mapping": {"524930293921107969": 0, "524932605083668480": 1, "524931365134159872": 2, "524930630438883328": 3, "524931692709281792": 4, "524930569797632000": 5, "524932276174729216": 6, "524933486311112704": 7, "524932271728783360": 8, "524930447063912449": 9}, "edges": [[0, 9], [0, 5], [0, 3], [0, 2], [0, 4], [0, 6], [0, 1], [0, 7], [9, 8]]}