{"thread_id": "524949526487265280", "text_thread": [[524949526487265280, "#BREAKING: Ottawa police confirm there were at least three separate shootings"], [524951665775214592, "\u201c@CTVNews: #BREAKING: Ottawa police confirm there were at least three separate shootings\u201d #PrayForOttawa"], [524953439823224832, "@CTVNews Malala is suppose to meet PM today in parliament"], [524951308298489856, "\u201c@CTVNews: #BREAKING: Ottawa police confirm there were at least three separate shootings\u201d In total shock, stay safe! #ParliamentHill #Ottawa"], [524953108934590464, "@aymac103 @CTVNews insanity is what is going on... #notmycanada"], [524950636602081280, "this is a coordinated attack :-( RT @CTVNews: #BREAKING: Ottawa police confirm there were at least three separate shootings"], [524954084781330432, "@alixwala Shootings at War Memorial, Parliament &amp; Rideau Centre"], [524950531174072320, "@CTVNews dyk  more than 1 shooter??"], [524952745967902720, "#PrayForOttawa #OttawaShooting \u201c@CTVNews: #BREAKING: Ottawa police confirm there were at least three separate shootings\u201d"], [524950226818580480, "@CTVNews Apparently, 2 dead, 3rd one caught, possibly 5 shooters in total."], [524949919887794179, "@CTVNews thoughts and prayers in Ottawa."], [524952895863918592, "@CTVNews Any slightest involvement in terrorism or aggression must be punished by stripping them from citizenship and sent home."], [524952389003280384, "@CTVNews @rokchikk wth is going on!? At work. Hope all is well w you."], [524951432605470720, "\u201c@CTVNews: #BREAKING: Ottawa police confirm there were at least three separate shootings\u201d Absolutely terrifying"], [524950277569650688, "\u201c@CTVNews: #BREAKING: Ottawa police confirm there were at least three separate shootings\u201d disgusting, he needs to be caught."], [524950519862013953, "Jesus. RT @CTVNews: #BREAKING: Ottawa police confirm there were at least three separate shootings"], [524953385041403904, "@rokchikk @CTVNews for real. The world is going to shit. \u2764\ufe0f you! take care!"], [524951033945276417, "Thoughts &amp; prayers @CTVNews: #BREAKING: Ottawa police confirm there were at least three separate shootings\u201d"], [524951346634829824, "@CTVNews apparently one at the rideau centre shopping mall near the hill"], [524951759257894912, "\u201c@CTVNews: #BREAKING: Ottawa police confirm there were at least three separate shootings\u201d@alixwala"]], "node_mapping": {"524949526487265280": 0, "524951665775214592": 1, "524953439823224832": 2, "524951308298489856": 3, "524953108934590464": 4, "524950636602081280": 5, "524954084781330432": 6, "524950531174072320": 7, "524952745967902720": 8, "524950226818580480": 9, "524949919887794179": 10, "524952895863918592": 11, "524952389003280384": 12, "524951432605470720": 13, "524950277569650688": 14, "524950519862013953": 15, "524953385041403904": 16, "524951033945276417": 17, "524951346634829824": 18, "524951759257894912": 19}, "edges": [[0, 10], [0, 9], [0, 14], [0, 15], [0, 7], [0, 5], [0, 17], [0, 3], [0, 18], [0, 13], [0, 1], [0, 19], [0, 12], [0, 8], [0, 11], [0, 2], [19, 6], [12, 4], [4, 16]]}