{"thread_id": "524989654995849216", "text_thread": [[524989654995849216, "Police in #Ottawa call situation 'fluid,' 'dynamic,' 'unfolding.' Confirm deaths of soldier, gunman. #cdnpoli"], [524992104351940608, "@CBCAlerts Basically, police won't disclose anything more than what we've already pieced together for ourselves."], [525001924718772224, "@CBCAlerts is the situation over or is it still \"unfloding\"?"], [524996865536704514, "@CBCAlerts Keep the situation in Ottawa in your prayers."], [525000930807537664, "@CBCAlerts ans tmorrow lits raining ,badluck"], [525004654761873408, "@CBCAlerts @CBCEdmonton Another bad guy in Rideau Hull RCMP friend confirms"], [524989867810631680, "@CBCAlerts what about the other confirmed gunmen?"]], "node_mapping": {"524989654995849216": 0, "524992104351940608": 1, "525001924718772224": 2, "524996865536704514": 3, "525000930807537664": 4, "525004654761873408": 5, "524989867810631680": 6}, "edges": [[0, 6], [0, 1], [0, 3], [0, 4], [0, 2], [0, 5]]}