{"thread_id": "524930538009006081", "text_thread": [[524930538009006081, "Canada police say suspect in Ottawa shooting still at large, tactical units on scene."], [524931863920771072, "@Reuters Please tell me the Police took care of him/her with an empty magazine in return fire!!!"], [524930917966823424, "What's going on? \u201c@Reuters: Canada police say suspect in Ottawa shooting still at large, tactical units on scene.\u201d"], [524931189111816192, "@cneldred @Reuters CBCNN reporting gunman still at large 10:32 am. I just came home to this!"], [524940720050696192, "@randomnessIsIs @Reuters a full tactical assault"], [524930611107344384, "\u201c@Reuters: Canada police say suspect in Ottawa shooting still at large, tactical units on scene.\u201d"], [524930812265787392, "@Reuters i am in Canada.  CTV news are reporting a tweet from a NDP MP inside building saying shooter arrested."], [524930744855322625, "@Reuters http://t.co/GbF4gMifEZ"], [524931957097234432, "@cneldred @Reuters Please tell me the Police took care of him/her with an empty magazine in return fire!!! FORGET ARRESTING."], [524930996832329728, "@Reuters \u062d\u0633\u0627\u0628 \u0645\u064f\u062a\u0627\u0628\u0639 \u0645\u0646 \u0627\u0644\u0648\u0644\u064a\u062f \u0628\u0646 \u0637\u0644\u0627\u0644 - @Question_arab"], [524931547179528192, "\u201c@Reuters: Canada police say suspect in Ottawa shooting still at large, tactical units on scene.\u201d@MTanquita"], [524931443429220353, "@cneldred @Reuters I hope that's true.."], [524931447359299584, "@AnkithL I don't know."], [524932980494458880, "@Reuters 3 Tips of Life - Bubblews http://t.co/2WocnfepHa"], [524936687303270400, "@Reuters  they have guns in canada, black powder muskets?"]], "node_mapping": {"524930538009006081": 0, "524931863920771072": 1, "524930917966823424": 2, "524931189111816192": 3, "524940720050696192": 4, "524930611107344384": 5, "524930812265787392": 6, "524930744855322625": 7, "524931957097234432": 8, "524930996832329728": 9, "524931547179528192": 10, "524931443429220353": 11, "524931447359299584": 12, "524932980494458880": 13, "524936687303270400": 14}, "edges": [[0, 5], [0, 7], [0, 6], [0, 2], [0, 9], [0, 10], [0, 1], [0, 13], [0, 14], [6, 3], [6, 11], [6, 8], [2, 4]]}