{"thread_id": "524935633463037953", "text_thread": [[524935633463037953, "OTTAWA SHOOTING\n- Soldier shot at memorial\n- Parliament Hill on lockdown\n- Harper, Mulcair, Trudeau, safe\nhttp://t.co/rrG871HBGv"], [524937069445918720, "@HuffPostCanada My twitter app shwos Ottawa shotting http://t.co/VlcPC99uBJ"], [524936755989217281, "@HuffPostCanada That's great. The important question is how is the soldier?"]], "node_mapping": {"524935633463037953": 0, "524937069445918720": 1, "524936755989217281": 2}, "edges": [[0, 2], [0, 1]]}