{"thread_id": "524976929703997441", "text_thread": [[524976929703997441, "BREAKING: Hospital says it has received 3 victims from Ottawa shootings, 2 are in stable condition."], [524977298316218368, "RT \"@AP: BREAKING: Hospital says it has received 3 victims from Ottawa shootings, 2 are in stable condition.\u201d"], [524977393019420673, "BREAKING: Hospital says it has received 3 victims from #Ottawa shootings, 2 are in stable condition. @ap"], [524977290737106948, "\u201c@AP: BREAKING: Hospital says it has received 3 victims from Ottawa shootings, 2 are in stable condition.\u201d"], [525029792803196928, "Bozmaz dedik bozdu da, onun bu bozu\u015funa bile kurban. @besirfethiye"], [524980153055969281, "#ottawashooting! \u201c@AP: BREAKING: Hospital says it has received 3 victims from #Ottawa shootings, 2 are in stable condition.\u201d"], [524981576950480897, "@AP http://t.co/yN7dL9dFzU"], [524978595207196673, "@zackwheeler @AP how many dead? If any."], [524979928069341184, "\u201c@AP: BREAKING: Hospital says it has received 3 victims from Ottawa shootings, 2 are in stable condition.\u201d"], [524979187170676736, "@AP very sad news!"], [524983648144359424, "Senin memlekette sapitti, @melisada @AP: BREAKING: Hospital says it has received 3 victims from Ottawa shootings, 2 are in stable condition."], [524977528885497856, "\u201c@AP: BREAKING: Hospital says it has received 3 victims from Ottawa shootings, 2 are in stable condition.\u201d#fox35"], [524981352379465728, "@AP @TB_Times  hey Obama are u going to send staff to Canada for the soldiers funeral like u did in ferguson?"], [524988022010683392, "@AP @DAVIDMDRAIMAN if 1 was 1 of the shooters why stabilize him? Pull the plug."], [524977506483732480, "RT @AP BREAKING: Hospital says it has received 3 victims from Ottawa shootings, 2 are in stable condition."], [524979483712176128, "\u201c@bobbydtv: \u201c@AP: BREAKING: Hospital says it has received 3 victims from Ottawa shootings, 2 are in stable condition.\u201d"], [524981351469314048, "@AP"], [524984028076965888, "@richardmacbeth @AP is reporting \"Police say soldier, 1 suspected gunman dead in Ottawa shootings.\u201d"], [524986443995676672, "@AP I'm sorry for this tragedy in Ottawa hope they catch the person who did this and throw away the key"]], "node_mapping": {"524976929703997441": 0, "524977298316218368": 1, "524977393019420673": 2, "524977290737106948": 3, "525029792803196928": 4, "524980153055969281": 5, "524981576950480897": 6, "524978595207196673": 7, "524979928069341184": 8, "524979187170676736": 9, "524983648144359424": 10, "524977528885497856": 11, "524981352379465728": 12, "524988022010683392": 13, "524977506483732480": 14, "524979483712176128": 15, "524981351469314048": 16, "524984028076965888": 17, "524986443995676672": 18}, "edges": [[0, 3], [0, 1], [0, 2], [0, 14], [0, 11], [0, 9], [0, 8], [0, 5], [0, 16], [0, 12], [0, 6], [0, 10], [0, 18], [0, 13], [3, 15], [1, 7], [7, 17], [10, 4]]}