{"thread_id": "524923341359300608", "text_thread": [[524923341359300608, "Uniformed Canadian soldier shot at War Memorial in #Ottawa."], [524929829620432896, "\u201c@CBCAlerts: Uniformed Canadian soldier shot at War Memorial in #Ottawa.\u201d @megzmcmillz"], [524926110123839489, "@CBCAlerts @CBCMontreal ...what is wrong with the people in the world these days?? #Ottawa soldier shot"], [524936095826731008, "@MarkMAWalchuk @AeroConnor101 you are a total ass. You don't shoot a fellow Cdn cause politics."], [524929528029011969, "\u201c@CBCAlerts: Uniformed Canadian soldier shot at War Memorial in #Ottawa.\u201d @gillsimons"], [524925136743702528, "@CBCAlerts @CBCNews Please contact CJAD Amanda Kline (514) 207-2173"], [524924651081060352, "@CBCAlerts what...? Are they targetting men in uniform? Getting scary now...."], [524925090488938496, "@CBCAlerts @CBCNews this is insane!! Wtf"], [524934785031221248, "@Stuthefarmer @CBCAlerts \nThat is horrendous! Gave me creeps even when read in another continent... \n\nNOW World has really gone crazy."], [524929050276814848, "@CBCAlerts @CBCNews brutal! How could Canadians do this?"], [524925025741455360, "@CBCAlerts"], [524927351818559488, "\u201c@CBCAlerts: Uniformed Canadian soldier shot at War Memorial in #Ottawa.\u201d Sickening \ud83d\ude14"], [524924081242914817, "\u201c@CBCAlerts: Uniformed Canadian soldier shot at War Memorial in #Ottawa.\u201d I get a sense that Canada is about to be on a very High alert"], [524924220296679425, "\u201c@CBCAlerts: Uniformed Canadian soldier shot at War Memorial in #Ottawa.\u201d What the fuck is going on"], [524925385575006208, "\u201c@CBCAlerts: Uniformed Canadian soldier shot at War Memorial in #Ottawa.\u201d Terrible!"], [524924901090938880, "\u201c@CBCAlerts: Uniformed Canadian soldier shot at War Memorial in #Ottawa.\u201d So insane."], [524924309135818752, "\u201c@CBCAlerts: Uniformed Canadian soldier shot at War Memorial in #Ottawa.\u201d Absolutely disgusting ... #CantBelieveIt"], [524925268465831936, "@AeroConnor101 This is what happens when Harper pokes his nose where it doesn't belong! Heave Steve!"], [524924408323125248, "@CBCAlerts What is going on in our country!?"], [524925753302208513, "\u201c@CBCAlerts: Uniformed Canadian soldier shot at War Memorial in #Ottawa.\u201d!?!?!?!?!?!???!?"], [525016832101875712, "@lbcalgary_leah @MarkMAWalchuk There's no excuse to why an innocent person who devotes their life to keeping Canadians safe has to die. Ever"], [524923775553634304, "\"@CBCAlerts  Uniformed Canadian soldier shot at War Memorial in #Ottawa.\" First the Montreal murder of a soldier, now Ottawa."], [524923587434926080, "RT @CBCAlerts: Uniformed Canadian soldier shot at War Memorial in #Ottawa."]], "node_mapping": {"524923341359300608": 0, "524929829620432896": 1, "524926110123839489": 2, "524936095826731008": 3, "524929528029011969": 4, "524925136743702528": 5, "524924651081060352": 6, "524925090488938496": 7, "524934785031221248": 8, "524929050276814848": 9, "524925025741455360": 10, "524927351818559488": 11, "524924081242914817": 12, "524924220296679425": 13, "524925385575006208": 14, "524924901090938880": 15, "524924309135818752": 16, "524925268465831936": 17, "524924408323125248": 18, "524925753302208513": 19, "525016832101875712": 20, "524923775553634304": 21, "524923587434926080": 22}, "edges": [[0, 22], [0, 21], [0, 12], [0, 13], [0, 16], [0, 18], [0, 6], [0, 15], [0, 10], [0, 7], [0, 5], [0, 14], [0, 19], [0, 2], [0, 11], [0, 9], [0, 4], [0, 1], [13, 17], [17, 3], [3, 20], [19, 8]]}