{"thread_id": "524956383318650880", "text_thread": [[524956383318650880, "Photos of the scene in Ottawa, where police confirm 'several' shootings http://t.co/1vpA0rErQg http://t.co/djjyH5S30C"], [524957758538661888, "@globeandmail @JonathanHuntFNC National Gun control at it's finest!"], [524960976601632768, "@globeandmail @USATODAY   one respect for Kandas democratic (!) \nteo emeritus FR\u00c4MMESTAD sweden"], [524961226582134784, "@WheresSal I suspect too soon to tell"], [524961013637349377, "@globeandmail @Klarevas Wonder if they are related to the guy that follows #ISIS who ran down two RCMPs"], [524963813591093248, "@globeandmail this is so horrific, shocking shocking, praying for peace and safety for our police and guards"], [524959432024027138, "@MrCampese I think you have that backward... #tcot @globeandmail @acarvin"], [524960132330168320, "@globeandmail Thanks for sharing. I've added it to my Rebel Mouse page. http://t.co/35QAc9tXgY"], [524957387216932865, "@globeandmail @KokomoNews It's a very sad day. This is my nation's capital. I have walked along these streets."], [524964529323909120, "To @MrCampese &lt; Can't tell how many ways you're wrong.  @globeandmail @RonEClaiborne"], [524961651167346688, "@globeandmail i have walked in that area so many times alot tourists probs gonna actually put security there lol"], [524957357424803841, "\u201c@globeandmail: Photos of the scene in Ottawa, where police confirm 'several' shootings http://t.co/63oJizGpcE http://t.co/oTcFPn9uVm\u201d"], [524956765193273344, "\u201c@globeandmail: Photos of the scene in Ottawa, where police confirm 'several' shootings http://t.co/zYUMwWeYEv http://t.co/mmjAXLRDmR\u201d cmon"], [524964030746988544, "@globeandmail @RonEClaiborne Very sad. Will await updates. Prayers to all."], [524957379419320320, "Scary \u201c@globeandmail: Photos of the scene in Ottawa, where police confirm 'several' shootings http://t.co/W1KCYsaxNI http://t.co/KxxuSaXDkx\u201d"], [524962541198639104, "@globeandmail TERRORISM LIVE IN THE STREETS IN CANADA"], [524956959217557504, "@globeandmail @acarvin This is what happens when Canadian #guncontrol begins to look like US gun control. #cdnpoli #NotOneMore"], [524962178823364608, "=( \u201c@globeandmail: Photos of the scene in Ottawa, where police confirm 'several' shootings http://t.co/VNMJSIGATg http://t.co/EA26agyKAa\u201d"], [524956864149483521, "\u201c@globeandmail: Photos of the scene in Ottawa, where police confirm 'several' shootings http://t.co/LlN5pa5iXX http://t.co/7gtOUGxSfw\u201d"], [524964715936907264, "@globeandmail @KokomoNews The war memorial is very open and accessible very much like your own memorial in Indianapolis. Close to leg build"]], "node_mapping": {"524956383318650880": 0, "524957758538661888": 1, "524960976601632768": 2, "524961226582134784": 3, "524961013637349377": 4, "524963813591093248": 5, "524959432024027138": 6, "524960132330168320": 7, "524957387216932865": 8, "524964529323909120": 9, "524961651167346688": 10, "524957357424803841": 11, "524956765193273344": 12, "524964030746988544": 13, "524957379419320320": 14, "524962541198639104": 15, "524956959217557504": 16, "524962178823364608": 17, "524956864149483521": 18, "524964715936907264": 19}, "edges": [[0, 12], [0, 18], [0, 16], [0, 11], [0, 14], [0, 8], [0, 1], [0, 7], [0, 2], [0, 4], [0, 10], [0, 17], [0, 15], [0, 5], [0, 13], [0, 9], [16, 6], [8, 19], [4, 3]]}