{"thread_id": "524985325190656000", "text_thread": [[524985325190656000, "White House: Obama awaiting chance to speak with Harper about Ottawa shooting http://t.co/zOQGTf8NIO http://t.co/GIqcI75fhz"], [525056750924627969, "@CP24 where's Justin? Does he want to send more Aid Workers to deal with ISIL ? Understand what we have done to them ? He needs a Nobel PZ"], [524990563867967488, "\u201c@CP24: White House: Obama awaiting chance to speak with Harper about Ottawa shooting http://t.co/nySdkXcNiF http://t.co/0YPSbrRofR\u201d"], [524986828357894144, "@CP24 that's neither Obama nor Harper"], [524986466674696192, "@CP24 That conversation already took place about 20 mins. ago. Get with the program CP24 :-)"], [525020633588322305, "@CP24 ISIS captured heavy US-weapons \nhttp://t.co/83UH2fDy2j"], [524985660390649856, "@CP24 Harper has nothing to say to Omaggot."], [524986025182261248, "\u201c@CP24: White House: Obama awaiting chance to speak with Harper about Ottawa shooting http://t.co/pag0agoyYZ http://t.co/qzRtuGGVVh\u201d sigh"]], "node_mapping": {"524985325190656000": 0, "525056750924627969": 1, "524990563867967488": 2, "524986828357894144": 3, "524986466674696192": 4, "525020633588322305": 5, "524985660390649856": 6, "524986025182261248": 7}, "edges": [[0, 6], [0, 7], [0, 4], [0, 3], [0, 2], [0, 5], [0, 1]]}