{"thread_id": "524951585231994880", "text_thread": [[524951585231994880, "Police say there are 3 shooting scenes: Parliament, War Memorial, Rideau Centre. They happened close together, police say #cbcOTT #OTTnews"], [524953405232799745, "\u201c@CBCOttawa:Police say there are 3 shooting scenes: Parliament, War Memorial, Rideau Center.\" Can't believe this is happening in my country."], [524961954675580929, "@CynleeF @CBCOttawa They said two people were hit but not in serious condition."], [524952651046612992, "@CBCOttawa @SunnyFreeman"], [524963177256484864, "@CynleeF @CBCOttawa For certain!"], [525024623180931072, "@CBCOttawa @ViktaPaulo Rideau Center??!?"], [524953176005308416, "@CBCOttawa @YoniFreedhoff"], [524952652103565313, "\u201c@CBCOttawa: Police say there are 3 shooting scenes: Parliament, War Memorial, Rideau Centre. They happened close together @AdamBomb613"], [524952291976421376, "@CBCOttawa @katelalu"], [524953887975800832, "@cbcottawa @cbcnews just a suggestion, but it would be nice not to have to sit through three ads before watching footage on your web site."], [524973018196369409, "Shocked, sad news from Ottawa RT @CBCOttawa: Police say there are 3 shooting scenes: Parliament, War Memorial, Rideau Centre."], [524954393272418307, "@CBCOttawa @CBCNews Any news on the young soldier?"], [524962926537736193, "@Finlaure13 @CBCOttawa Hoping they'll be ok. Even if injuries aren't life-threatening, there is the trauma of being shot"], [524956775666425856, "@CBCOttawa @CBCNews"], [524952573682659328, "Jeez. \u201c@CBCOttawa: Police say there are 3 shooting scenes: Parliament, War Memorial, Rideau Centre. Happened close together, police say.\""], [524953194166636544, "\u201c@CBCOttawa: Police say there are 3 shooting scenes: Parliament, War Memorial, Rideau Centre. They happened close together, police say @cnn"], [524958063820689410, "#Ottawa MT @CBCOttawa: Police say there are 3 shooting scenes: Parliament, War Memorial, near Rideau Centre."], [524970849506693120, "@CBCOttawa @NGourd the french in canada provides support against attacks"], [524961581936152576, "@CBCOttawa @Finlaure13 Oh no! The mall too? There are always so many people in that area"]], "node_mapping": {"524951585231994880": 0, "524953405232799745": 1, "524961954675580929": 2, "524952651046612992": 3, "524963177256484864": 4, "525024623180931072": 5, "524953176005308416": 6, "524952652103565313": 7, "524952291976421376": 8, "524953887975800832": 9, "524973018196369409": 10, "524954393272418307": 11, "524962926537736193": 12, "524956775666425856": 13, "524952573682659328": 14, "524953194166636544": 15, "524958063820689410": 16, "524970849506693120": 17, "524961581936152576": 18}, "edges": [[0, 8], [0, 14], [0, 3], [0, 7], [0, 6], [0, 15], [0, 1], [0, 9], [0, 11], [0, 13], [0, 16], [0, 18], [0, 17], [0, 10], [0, 5], [18, 2], [2, 12], [12, 4]]}