{"thread_id": "524975642379816960", "text_thread": [[524975642379816960, "The NHL announces tonight's game between the #Leafs and #Sens in Ottawa has been postponed"], [524981356473110528, "@SportsCentre @NHL @MapleLeafs well done #respect @Senators"], [524976198418694144, "@SportsCentre @SusanneFox As it should be, having a #hockey game on the same day as a #shooting is just asking for trouble."]], "node_mapping": {"524975642379816960": 0, "524981356473110528": 1, "524976198418694144": 2}, "edges": [[0, 2], [0, 1]]}