{"thread_id": "524955159840182272", "text_thread": [[524955159840182272, "MORE: Police say shots fired at 3 places: The National War Memorial, on Parliament Hill and near Rideau Centre Mall: http://t.co/ZUIqFDn4nl"], [524999801294045186, "@AP @ShepNewsTeam With liberals in charge \u2026Sadly, it remains open season on th world"], [524957999966994432, "@AP it's must be losers terrorist again who thinks nothing but killings get them n arrest them dint kill them so straight t prison ha ha"], [524956880875974656, "\u30ab\u30ca\u30c0\u3001\u30aa\u30bf\u30ef\u306e\u8b70\u4f1a\u5468\u8fba\u9283\u6483\u4e8b\u4ef6\u30013\u30f5\u6240\u3067\u9283\u6483\u304c\u767a\u751f\u3002\u30aa\u30bf\u30ef\u8b66\u5bdf\u767a\u8868\u3002@AP Police say shots fired at 3 places: The National War Memorial, on Parliament Hill"], [524957278571880448, "\u201c@AP: Police say shots fired at 3 places: The National War Memorial, on Parliament Hill and near Rideau Centre Mall: http://t.co/PUmwUqpkV8\u201d"], [524957502702903296, "@AP another terrorist angry men's I wonder who are these no life just to know to kills losers"], [524956634766790656, "@AP @ShepNewsTeam Those official sites should have been 24/7 controlled by security cams. Police would be aware of suspicious movements live"], [524955547804905472, "@AP Canadian citizens tired of voting &amp; decided to \"storm the fort?\""], [524955396763820032, "Take a nap, miss a whole days news!~@AP"], [524957233357291521, "@AP seriously @LeifQuitlong god who is this crazy men's three separate shootings"], [524955594235871232, "@AP Clique, acesse e leia http://t.co/FERxQRS2n6 Muito obrigadoo."], [524955922360463360, "@AP @ShepNewsTeam That's a pretty big man-made disaster they got going on up there."]], "node_mapping": {"524955159840182272": 0, "524999801294045186": 1, "524957999966994432": 2, "524956880875974656": 3, "524957278571880448": 4, "524957502702903296": 5, "524956634766790656": 6, "524955547804905472": 7, "524955396763820032": 8, "524957233357291521": 9, "524955594235871232": 10, "524955922360463360": 11}, "edges": [[0, 8], [0, 7], [0, 10], [0, 11], [0, 6], [0, 3], [0, 9], [0, 4], [0, 5], [0, 2], [0, 1]]}