{"thread_id": "524966904885428226", "text_thread": [[524966904885428226, "BREAKING UPDATE: Canadian soldier injured at Parliament Hill shooting dies http://t.co/Zp9AKplH9p  #Ottawa"], [524977090140315648, "@RT_com The \"five eyes\" and western Europe \"invite\" this misery, still, the perpetrators are despicable."], [524967761110650880, "@RT_com @Incidentpost @OttFire @opffa @IAFFCanada @IAFFNewsDesk Sad day as soldier shot at War Memorial reportedly succumbs to injuries."], [524967134339022848, "@TheKirkness Radio Canada tweeting same. must be true :-("], [524969813865545729, "@RT_com yes parliament attached at 10 am eastern time"], [524973660311154688, "@RT_com @ShorealoneFilms Just read that Soldier may still be alive. #hoping"], [524966987169292288, "@RT_com SOURCE????"]], "node_mapping": {"524966904885428226": 0, "524977090140315648": 1, "524967761110650880": 2, "524967134339022848": 3, "524969813865545729": 4, "524973660311154688": 5, "524966987169292288": 6}, "edges": [[0, 6], [0, 2], [0, 4], [0, 5], [0, 1], [6, 3]]}