{"thread_id": "524975142641086465", "text_thread": [[524975142641086465, "The game between the Toronto Maple Leafs and Ottawa Senators scheduled for tonight in Ottawa has been postponed, the NHL says."], [524979249107992576, "\u201c@CP24: The game between the Toronto Maple Leafs and Ottawa Senators scheduled for tonight in Ottawa has been postponed, the NHL says.\u201d"], [524976237320876032, "\u201c@CP24: The game between the Toronto Maple Leafs and Ottawa Senators scheduled for tonight in Ottawa has been postponed, the NHL says.\u201dWowww"], [524975373805953024, "@CP24 What took them so long. #StaySafeOttawa"], [524975706141622272, "RT @CP24: The game between the Toronto Maple Leafs and Ottawa Senators scheduled for tonight in Ottawa has been postponed, the NHL says."], [524977689480802304, "@sueinwny Wow! How did you get that info?"], [524977437156069376, "@CP24 @TheCamMurphy"], [524975906649948160, "@CP24 good idea"], [524976061973811200, "\u201c@CP24: The game between the Toronto Maple Leafs and Ottawa Senators scheduled for tonight has been postponed\" that's probably a good idea."], [524978176305676288, "@Newsgirly On Local Reporters in OTTAWA LIVE News.Hotel is on Lock down with Maple Leafs being told to stay in their ROOMS."], [524994950929600512, "\u201c@CP24: The game between the Toronto Maple Leafs and Ottawa Senators scheduled for tonight in Ottawa has been postponed, the NHL says.\u201d"], [524990335949504513, "\u201c@CP24: The game between the Toronto Maple Leafs and Ottawa Senators scheduled for tonight in Ottawa has been postponed, the NHL says.\u201d"], [524975351286738945, "@CP24 good idea better safe then sorry!"], [524977080006893569, "@CP24 @HouseCracka Hotel is on LOCKED Down, as shots were fired inside Hotel where MapleLeafs are staying, they are inside their Rooms,.."]], "node_mapping": {"524975142641086465": 0, "524979249107992576": 1, "524976237320876032": 2, "524975373805953024": 3, "524975706141622272": 4, "524977689480802304": 5, "524977437156069376": 6, "524975906649948160": 7, "524976061973811200": 8, "524978176305676288": 9, "524994950929600512": 10, "524990335949504513": 11, "524975351286738945": 12, "524977080006893569": 13}, "edges": [[0, 12], [0, 3], [0, 4], [0, 7], [0, 8], [0, 2], [0, 13], [0, 6], [0, 1], [0, 11], [0, 10], [13, 5], [5, 9]]}