{"thread_id": "524957429889777665", "text_thread": [[524957429889777665, "Ottawa shootings reportedly at three locations - parliament, war memorial and shopping mall. http://t.co/fULkb6VpEv http://t.co/mL9Ivehy6Q"], [524958526582824961, "@SkyNews who's behind? Terrorist act? plse help if you know. Thanks #ottawashooting"], [524961619827515392, "MT\"@SkyNews: Ottawa shootings reportedly at three locations. http://t.co/jppFwoCQ59 http://t.co/P8uZ1nnibS\u201d Good God."], [524977291311710208, "@3CRKate a little to close to home isn't it."], [524961888317489153, "@balconyshirts @SkyNews ...time for some intervention."], [525199277165772801, "@SkyNews @Nisha_Hindu I Is Canada paying4 its appeasement of Islamists,&amp; being extra nice2 them? Sad ! Innocents &amp; security ppl paying4 it !"], [524961353794977792, "@SkyNews when the news video starts looping u know it over"], [524966222631149568, "@SkyNews haha very nice..you westerners should get nice doses before you learn about real enemy of humanity.stop being sickular"], [524961756150767616, "@3CRKate @SkyNews Naughty God."], [524962264156504064, "@3CRKate @SkyNews I'm washing my hair tonight mate."], [524957943922720768, "@SkyNews Cue the bombardment now."], [524965374803324929, "\u201c@SkyNews: Ottawa shootings reportedly at three locations - parliament, war memorial and shopping mall."], [524964600387997696, "@SkyNews @KorstenA @Nicolesandler We all look to Ottawa!"], [524959254663692289, ".@SkyNews @ostercywriter shame @SkyNews ignores what happens outside our own parliament  #OccupyDemocracy #parliamentsquare"], [524977373251665920, "@3CRKate ^^too!"]], "node_mapping": {"524957429889777665": 0, "524958526582824961": 1, "524961619827515392": 2, "524977291311710208": 3, "524961888317489153": 4, "525199277165772801": 5, "524961353794977792": 6, "524966222631149568": 7, "524961756150767616": 8, "524962264156504064": 9, "524957943922720768": 10, "524965374803324929": 11, "524964600387997696": 12, "524959254663692289": 13, "524977373251665920": 14}, "edges": [[0, 10], [0, 1], [0, 13], [0, 6], [0, 2], [0, 12], [0, 11], [0, 7], [0, 5], [2, 8], [2, 3], [2, 14], [8, 4], [4, 9]]}