{"thread_id": "524949439367380993", "text_thread": [[524949439367380993, "#OttawaShooting police say they are investigating 3 shootings, one at War Memorial, one on Parliament Hill and one near Rideau Centre"], [524950430522953728, "@erinanderssen"], [524951134105255936, "@ErinAnderssen @saleemkhan awful news for people who don't deserve such unusual occurrences there! Sad visitor"], [524950297601658881, "#AttackInOttawa\n@ErinAnderssen: police are investigating 3 shootings, one at War Memorial, one on Parliament Hill and one near Rideau Centre"]], "node_mapping": {"524949439367380993": 0, "524950430522953728": 1, "524951134105255936": 2, "524950297601658881": 3}, "edges": [[0, 3], [0, 1], [0, 2]]}