{"thread_id": "524965786059026432", "text_thread": [[524965786059026432, "BREAKING NEWS: ONE SOLDIER HAS DIED AFTER OTTAWA SHOOTING, SUSPECT(S) STILL AT LARGE - http://t.co/lXFiYaVImZ"], [524968491456421889, "@PzFeed @HuffPostCrime  2 of 3 patients in stable condition. Must wait for state of health from Dept National Defense."], [524966848954400769, "RIP - \ud83d\udc9c\ud83d\udc99 \u201c@PzFeed: BREAKING NEWS: ONE SOLDIER HAS DIED AFTER OTTAWA SHOOTING, SUSPECT(S) STILL AT LARGE - http://t.co/nx2x8qk223\u201d"], [524965837795782656, "@PzFeed get the army in"], [524966397223653376, "@PzFeed Soldier NOT dead... Shot and wounded, currently at hospital."], [524969011365548034, "\u201c@PzFeed: BREAKING NEWS: ONE SOLDIER HAS DIED AFTER OTTAWA SHOOTING, SUSPECT(S) STILL AT LARGE - http://t.co/BmW3O4IpGd\u201d &lt; Just crazy!!"], [524966199474786304, "@PzFeed Thanks to Harper warmongering... innocent people die not only in Iraq and Syria but in Canada now too..."]], "node_mapping": {"524965786059026432": 0, "524968491456421889": 1, "524966848954400769": 2, "524965837795782656": 3, "524966397223653376": 4, "524969011365548034": 5, "524966199474786304": 6}, "edges": [[0, 3], [0, 6], [0, 4], [0, 2], [0, 1], [0, 5]]}