{"thread_id": "524924034124107776", "text_thread": [[524924034124107776, "Witness says say three or four shots fired at #Ottawa's War Memorial, Soldier wounded, being treated by several paramedics."], [524941111706779648, "\u201c@CBCAlerts: Witness says say three or four shots fired at #Ottawa's War Memorial, Soldier wounded, being treated by paramedics.\u201d @SofiitaVN"], [524941249120595968, "\u201c@CBCAlerts: Witness says say three or four shots fired at #Ottawa's War Memorial, Soldier wounded, being treated by paramedics @lineman1960"], [524925527011102720, "@CBCAlerts @dexybailman Let me guess... It was the Canadian Tea Party."], [524924809004990464, "@CBCAlerts So sad\ud83d\udc94 Do we have video surveillance there? If not, then Canada needs to beef up it's surveillance in public places"], [524924287233585153, "Horrible. RT @CBCAlerts Three or four shots fired at #Ottawa's War Memorial, Soldier wounded, being treated by several paramedics."], [524925062563250177, "@CBCAlerts praying for the soldier and his family."], [524927141495177217, "@MrsLoulou just terrible!"], [524924456788316160, "@CBCAlerts Glad paramedics on the scene. First aid critical! Hope our soldier is okay."]], "node_mapping": {"524924034124107776": 0, "524941111706779648": 1, "524941249120595968": 2, "524925527011102720": 3, "524924809004990464": 4, "524924287233585153": 5, "524925062563250177": 6, "524927141495177217": 7, "524924456788316160": 8}, "edges": [[0, 5], [0, 8], [0, 4], [0, 6], [0, 3], [0, 1], [0, 2], [5, 7]]}