{"thread_id": "524935485370929152", "text_thread": [[524935485370929152, "Shooting in Canadian parliament comes day after ISIS-inspired radical drove in2 Canadian soldier. Also reports of shooting at War memorial/1"], [524938416086347776, "@rcallimachi @ummsalama15_ Any intelligent individual can understand your bullshit and where you're loyalty lies. It ain't rocket science"], [524936152902811648, "@rcallimachi @ummsalama15_ is that radical?"], [524936266517733376, "@rcallimachi @Sophia_MJones People R radicalising because their democracy is being radicalised by Elite."], [524936619879849985, "@rcallimachi @ummsalama15_ journalists are not innocent, hence the media blackout against IS by US. Journalism is a crime"], [524937423420411904, "@rcallimachi @Ahmed__Hussain_ @ummsalama15_ true BUT what about the one who presses the missile button knowing innocents will be slaughters?"], [524935938284486656, "@Ahmed__Hussain_ @ummsalama15_ One definition? A person that thinks its ok to decapitate innocent journalists / aid workers"], [524935836899766272, "@rcallimachi @Sophia_MJones CBC is running a live blog and tweet thing here on the shootings: http://t.co/M4Ul1K8vzI"], [524937953148403713, "@Ahmed__Hussain_ @ummsalama15_ To be a journalist, you have to have worked in the profession &amp; abide by its rules. Not just spew propaganda"], [524937325932212224, "@Ahmed__Hussain_ @ummsalama15_ There is no media blackout against IS in the US. Please open a newspaper for a change."], [524937553393512448, "@Eren__Jeager @Ahmed__Hussain_ @ummsalama15_ Foley, Sotloff, Haines, Henning etc are not enemy combatants. Their only weapon was a pen."], [524936372889853952, "@rcallimachi @ummsalama15_ how about dropping bombs on Muslims all over the world.  Not radical."], [524938564866682880, "@Ahmed__Hussain_ @ummsalama15_ Some media owned by Jews. Some by Christians. Many by Muslims. You just have 2 have actually worked"], [524936215637000192, "@rcallimachi Cue the \"we won't be cowed by such dastardly acts\" speechs. *yawn*"], [524938166688841730, "@Ahmed__Hussain_ @Eren__Jeager @ummsalama15_ Nope. Never agreed with you."], [524938104327905280, "@rcallimachi @ummsalama15_ sure, yiu just need to work for a jew"], [524937651229822976, "@rcallimachi @ummsalama15_ news reported by IS journalists dipstick"], [524935708814086144, "@rcallimachi @ummsalama15_ what's a radical"], [524938851622854657, "@rcallimachi @ummsalama15_ work for a liberal secular or state news company. Great"], [524937985192886273, "@rcallimachi @Eren__Jeager @ummsalama15_ you agree then, journalism is a war crime.. Thanks for agreeing"]], "node_mapping": {"524935485370929152": 0, "524938416086347776": 1, "524936152902811648": 2, "524936266517733376": 3, "524936619879849985": 4, "524937423420411904": 5, "524935938284486656": 6, "524935836899766272": 7, "524937953148403713": 8, "524937325932212224": 9, "524937553393512448": 10, "524936372889853952": 11, "524938564866682880": 12, "524936215637000192": 13, "524938166688841730": 14, "524938104327905280": 15, "524937651229822976": 16, "524935708814086144": 17, "524938851622854657": 18, "524937985192886273": 19}, "edges": [[0, 17], [0, 7], [0, 13], [0, 3], [17, 6], [6, 2], [6, 11], [6, 4], [6, 5], [4, 9], [9, 16], [16, 8], [8, 15], [8, 1], [15, 12], [12, 18]]}