{"thread_id": "524932327907270656", "text_thread": [[524932327907270656, "Shooting in downtown Ottawa, police evacuating Rideau Centre and closing off Wellington. Stay safe #uOttawa students"], [524934421074673664, "@SFUO_FEUO exactly! We tested the emergency alert system yesterday! Why haven't we got a notification?"], [524935829782007808, "@a_shaily Avoid Rideau Center and surroundings, @uOttawa Protection monitoring ~AJ"], [524935458695155712, "@lauren_616 We are monitoring all #uOttawa twitter feeds and will pass on information as we get it. You can follow @uOttawaAlert as well"], [524933858236854273, "@SFUO_FEUO @uOttawa why hasn't the university sent an emergency notification? Should have a while ago. #Ottawa #safety"], [524937183632056320, "@a_shaily @uOttawa We are monitoring all uOttawa and City of Ottawa social media pages and will pass on information as we get it"]], "node_mapping": {"524932327907270656": 0, "524934421074673664": 1, "524935829782007808": 2, "524935458695155712": 3, "524933858236854273": 4, "524937183632056320": 5}, "edges": [[0, 4], [0, 1], [4, 2], [4, 5], [1, 3]]}