{"thread_id": "524974885362479104", "text_thread": [[524974885362479104, "BREAKING: CTV News reports that a solider wounded in a shooting at the National War Memorial has died."], [524975377878618112, "\u201c@CP24: BREAKING: CTV News reports that a solider wounded in a shooting at the National War Memorial has died.\u201d R.I.P"], [524975800148561921, "@CP24 breaks our hearts #GodBless and our condolences to his family #truenorthstrongandfree"], [524975846579515392, "@CP24 so sad. Thoughts go out to the family."], [524975215282237440, "@CP24 On whose official confirmation?"], [524975588218789889, "\u201c@CP24: BREAKING: CTV News reports that a solider wounded in a shooting at the National War Memorial has died.\u201d let's hope this ends soon"], [524975375668224000, "@CP24 and cp24 with the late news"], [524975057526079488, "\u201c@CP24: BREAKING: CTV News reports that a solider wounded in a shooting at the National War Memorial has died.\u201d \ud83d\ude14\ud83d\ude14"], [524975611312607233, "\u201c@CP24: BREAKING: CTV News reports that a solider wounded in a shooting at the National War Memorial has died.\u201d \ud83d\ude2a"], [524975042250432512, "@CP24 so damn sad"], [524975977349525505, "\u201c@CP24: BREAKING: CTV News reports that a solider wounded in a shooting at the National War Memorial has died.\u201d  :( so sad"], [524979893168513026, "@coriferguson @CP24 Probably that arsehole @kenneyjason being a 'twat' on Twitter!!!"], [524975261276971010, "@CP24 2 soldiers in 3 days.... might wanna raise that threat level to high"], [524975393749876737, "\u201c@CP24: BREAKING: CTV News reports that a solider wounded in a shooting at the National War Memorial has died.\u201d Rest in peace."], [524998734636400641, "@coriferguson @CP24 chief of police"], [524975681604976640, "\u201c@CP24: BREAKING: CTV News reports that a solider wounded in a shooting at the National War Memorial has died.\u201d :'( this is heartbreaking."], [524975040908251137, "\u201c@CP24: BREAKING: CTV News reports that a solider wounded in a shooting at the National War Memorial has died.\u201d Praying for his family."], [524975736541560833, "@CP24 @andrewbostom so sad.  thoughts and prayers to his family."]], "node_mapping": {"524974885362479104": 0, "524975377878618112": 1, "524975800148561921": 2, "524975846579515392": 3, "524975215282237440": 4, "524975588218789889": 5, "524975375668224000": 6, "524975057526079488": 7, "524975611312607233": 8, "524975042250432512": 9, "524975977349525505": 10, "524979893168513026": 11, "524975261276971010": 12, "524975393749876737": 13, "524998734636400641": 14, "524975681604976640": 15, "524975040908251137": 16, "524975736541560833": 17}, "edges": [[0, 16], [0, 9], [0, 7], [0, 4], [0, 12], [0, 6], [0, 1], [0, 13], [0, 5], [0, 8], [0, 15], [0, 17], [0, 2], [0, 3], [0, 10], [4, 11], [4, 14]]}