{"thread_id": "524941132237910016", "text_thread": [[524941132237910016, "Here's that dramatic video via @josh_wingrove of shots fired inside parliament building: https://t.co/1waid25vOE #Ottawa #shooting"], [524944416721862656, "@affanchowdhry @josh_wingrove why does this idiot think it's ok to follow the police during a armed man hunt?"], [524941892115783680, "\u201c@affanchowdhry: Here's that dramatic video via @josh_wingrove of shots fired inside parliament building: https://t.co/RHGVpajcg4"]], "node_mapping": {"524941132237910016": 0, "524944416721862656": 1, "524941892115783680": 2}, "edges": [[0, 2], [0, 1]]}