{"thread_id": "524948554344054785", "text_thread": [[524948554344054785, "UPDATE: Reports of 1 more shooter being SHOT. This is in addition to one shot and killed earlier in Parliament Hill #ottnews #OttawaShooting"], [524950105850675200, "@GTMGQ @CFRAOttawa I want nothing to do with that RT &amp; you should learn proper conventions of Twitter."], [524949107522027522, "@CFRAOttawa @suepeac GOOD NEWS. Get them all."], [524949458610847745, "@CFRAOttawa @kimfox RT \"We are all infidels\" #outlawIslam #cdnpoli"], [524949347197534208, "\u201c@CFRAOttawa: UPDATE: Reports of 1 more shooter being SHOT. In addition to 1 shot and killed earlier in Parliament Hill #ottnews #edue"]], "node_mapping": {"524948554344054785": 0, "524950105850675200": 1, "524949107522027522": 2, "524949458610847745": 3, "524949347197534208": 4}, "edges": [[0, 2], [0, 4], [0, 3], [3, 1]]}