{"thread_id": "524987990524047361", "text_thread": [[524987990524047361, "Ottawa police chief confirms that both gunman and soldier at war memorial are dead."], [525025692342583296, "\u201c@CTVNews: Ottawa police chief confirms that both gunman and soldier at war memorial are dead.\u201d gunman? You mean terrorist..."], [524988074426499072, "\u201c@CTVNews: Ottawa police chief confirms that both gunman and soldier at war memorial are dead.\u201d Sad news"], [524996825527644160, "\u201c@CTVNews: Ottawa police chief confirms that both gunman and soldier at war memorial are dead.\u201dnot necessarily the same person ws the gunman"]], "node_mapping": {"524987990524047361": 0, "525025692342583296": 1, "524988074426499072": 2, "524996825527644160": 3}, "edges": [[0, 2], [0, 3], [0, 1]]}