{"thread_id": "524961908903149568", "text_thread": [[524961908903149568, "2 new victims en route to Ottawa hospital; 1 shot, both non-life-threatening, hospital says - @MICHAELCTV, @CBCNews https://t.co/wCqPcyqMxK"], [524962300310986752, "@BreakingNews @MICHAELCTV @CBCNews has terrorism came to Canada"], [524963284043456512, "@BreakingNews @MICHAELCTV @CBCNews omg \ud83d\ude1e"], [524962501126291456, "@Cosmi @BreakingNews @MICHAELCTV @CBCNews you can own guns in Canada."], [525007944526491648, "@Cosmi that's why there's so many mass shootings in countries with strict gun laws right?"], [524963053205749761, "@BreakingNews @MICHAELCTV @CBCNews God keep you all safe.Pray this deranged psychos are caught soonest."]], "node_mapping": {"524961908903149568": 0, "524962300310986752": 1, "524963284043456512": 2, "524962501126291456": 3, "525007944526491648": 4, "524963053205749761": 5}, "edges": [[0, 1], [0, 5], [0, 2]]}