{"thread_id": "524985687704338432", "text_thread": [[524985687704338432, "Updated: The shooting incident in Ottawa had the appearance of a coordinated attack http://t.co/brn047wYz8 http://t.co/rfCQHTUPft"], [524988472340512768, "@nytimes Your map is completely mislabeled."], [524987556837224449, "RT @nytimes: Updated: shooting incident in Ottawa had the appearance of a coordinated attack http://t.co/Lwx0zvNNDk http://t.co/Qw1MqHuANE"], [525090861814939648, "Thoughts to all those in Ottawa \ud83c\udf41\nMT @nytimes: Shooting incident in Ottawa had the appearance of a coordinated attack http://t.co/5uMbkNj47b"], [524991915704320000, "@nytimes pretty poor and irresponsible reporting considering the RCMP just confirmed there was no shooting at the Rideau Center."], [524996837317808128, "@nytimes @libraryyeti ok just from the map I know your story's inaccurate. Rideau Centre/DND were locked down but NO ATTACK."], [524992383679614977, "@nytimes It has also been reported that the suspect shot victim at the war memorial and became trapped in parliament hill where he was shot."], [524988940021792768, "@nytimes it would have been more uncoordinated if there were no guns. Plastic sporks &amp; jelly beans would've dramatically slowed things down."], [524986346171949056, "MT @nytimes: Updated Shooting in Ottawa had appearance of coordinated attack http://t.co/qkNqmkybTb http://t.co/OKBViScjgu cc: @CarrieOh_77"], [524989492982476800, "\"@nytimes: Updated The shooting incident in Ottawa had the appearance of a coordinated attack http://t.co/5XDQOq582u http://t.co/mLa3mS3YtM\""], [524996743633842176, "@nytimes @ElizabethMay \"Had the appearance\". In other words, \"Don't know, but someone somewhere says\" #cdnoli"], [525001232554156032, "Upsetting @nytimes: Updated: The shooting incident in Ottawa had the appearance of attack http://t.co/yAFXwKVbj6 http://t.co/Qx0McqUISg\u201d"], [524997114364170241, "@nytimes @Sioflynn The worst piece of journalism I've seen today. Wow. Just wow. Seriously. #pukingwithrage #whatarag #beashamed"], [525033549066289153, "Troubling. \u201c@nytimes:shooting incident in #Ottawa had the appearance of a coordinated attack http://t.co/eQsCcSLKZp http://t.co/IO28x4CRgx\u201d"], [524986430800400385, "@nytimes @brassardpatric1 Sadly typical. Don't they know we know?   #FalseFlag  #Fascists."], [524992739402719233, "@nytimes stop trying to drum up fear with your poor and misinformed 'conclusions'."], [524986755456704512, "@nytimes your graphic and reports say otherwise. There was only one gunman who was in both locations. stop sensationalizing the tragedy."], [524986867876659200, "\u201c@nytimes: Updated:The shooting incident in Ottawa had the appearance of a coordinated attack http://t.co/QZgfWLLb01 http://t.co/nxsnUw3Ce9\u201d"], [524987944307003393, "@nytimes Oh. Even though we don't even know how many people with guns there were?   @Only4RM"], [524995718147104768, "Our hearts are with our Canadian brethren \u201c@nytimes: shooting incident in Ottawa http://t.co/QqVYVXuQ1R http://t.co/BuY18Klu7I\u201d"], [525093770820595712, "@DrChrisLongo So sad. #worldpeace http://t.co/zwVQh9L0fV"]], "node_mapping": {"524985687704338432": 0, "524988472340512768": 1, "524987556837224449": 2, "525090861814939648": 3, "524991915704320000": 4, "524996837317808128": 5, "524992383679614977": 6, "524988940021792768": 7, "524986346171949056": 8, "524989492982476800": 9, "524996743633842176": 10, "525001232554156032": 11, "524997114364170241": 12, "525033549066289153": 13, "524986430800400385": 14, "524992739402719233": 15, "524986755456704512": 16, "524986867876659200": 17, "524987944307003393": 18, "524995718147104768": 19, "525093770820595712": 20}, "edges": [[0, 8], [0, 14], [0, 16], [0, 17], [0, 2], [0, 18], [0, 1], [0, 7], [0, 9], [0, 4], [0, 6], [0, 15], [0, 19], [0, 10], [0, 5], [0, 12], [0, 11], [0, 13], [0, 3], [3, 20]]}