{"thread_id": "524942470472548352", "text_thread": [[524942470472548352, "The University of Ottawa, just a five minute walk from the Hill, is now on lockdown."], [524943159726309376, "@ldobsonhughes @HuffPostCanada God Bless Heather !!"], [524943410520924161, "My Alma Mater. God. RT @ldobsonhughes: The University of Ottawa, just a five minute walk from the Hill, is now on lockdown."], [524944078870700032, "@ldobsonhughes @InklessPW is 2 km from nasty parliament not 2 minute only  chita to can run 120 km an hours"]], "node_mapping": {"524942470472548352": 0, "524943159726309376": 1, "524943410520924161": 2, "524944078870700032": 3}, "edges": [[0, 1], [0, 2], [0, 3]]}