{"thread_id": "524973811092193280", "text_thread": [[524973811092193280, "#OttawaShooting @RCMP_Nat_Div press conference will be held at 2 pm today"], [524974669863350273, "RT @ErinAnderssen:  #OttawaShooting @RCMP_Nat_Div press conference will be held at 2 pm today."], [524974459359617024, "@ErinAnderssen @globeandmail @RCMP_Nat_Div 5PM PST?"], [524975142305542144, "@ErinAnderssen So is it over? What about the one's still at large?"], [524975319925915648, "@ErinAnderssen @globeandmail Hope to say CDA recalling CF18s and ending foreign entanglements. #cdnpoli  http://t.co/tapy7HBoSW"]], "node_mapping": {"524973811092193280": 0, "524974669863350273": 1, "524974459359617024": 2, "524975142305542144": 3, "524975319925915648": 4}, "edges": [[0, 2], [0, 1], [0, 3], [0, 4]]}