{"thread_id": "524946336190586880", "text_thread": [[524946336190586880, "UPDATE: Police: \"Several shooting incidents\" being investigated in downtown Ottawa: http://t.co/9MAAywtu03 http://t.co/wW0aQmzRIb"], [524952847448682497, "@ABC Man after shaving ...\n\nhttp://t.co/4Cw21sdEy5"], [524947609635786752, "@ABC So Sad, there's no safe place. Prayers for our Canadian Friends."], [524947862837547008, "@Traceynyy @ABC its ongoing."], [525026652317687809, "@ABC"], [524964340873437184, "@ABC Why must there be so much violence againts our own people. Instead of compassion and love\ud83c\udf1f\ud83c\udf1f\ud83c\udf1f"], [524951513102548992, "Holy crap, I see! @philwcvb thanks Phil, just reading up now."], [524947074757165057, "@ABC @philwcvb WTFFFFFFF"], [524963291164995584, "\u201c@ABC: UPDATE: Police: \"Several shooting incidents\" being investigated in downtown Ottawa: http://t.co/BITpeOVgev http://t.co/6ofMTEBk6z\u201d"], [524951791725584385, "@ABC - let me guess, the shooters are black southern baptists, right?"]], "node_mapping": {"524946336190586880": 0, "524952847448682497": 1, "524947609635786752": 2, "524947862837547008": 3, "525026652317687809": 4, "524964340873437184": 5, "524951513102548992": 6, "524947074757165057": 7, "524963291164995584": 8, "524951791725584385": 9}, "edges": [[0, 7], [0, 2], [0, 9], [0, 1], [0, 8], [0, 5], [0, 4], [7, 3], [3, 6]]}