{"thread_id": "524962142563610625", "text_thread": [[524962142563610625, "#BREAKING Rick Hughes at CBC Hamilton: \n\nThe soldier who was shot in Ottawa Wednesday morning is a reservist serving in Hamilton"], [524975109023735808, "@cbcsaltzman @CBCNews He's an argyll  is the name of the unit"], [524963251181076481, "@cbcsaltzman @CBCNews  heartbreaking."], [524962753099075584, "@cbcsaltzman @CBCNews is he alright?"], [524968425685516288, "\u201c@cbcsaltzman: #BREAKING \n\nThe soldier who was shot in Ottawa Wednesday morning is a reservist serving in Hamilton\u201d @tidridge"], [524964642406535168, "@cbcsaltzman @mog7546 Well, what can you say? Spare a though for ALL who serve as reservists-they defend everyone's right to debate FREELY!"]], "node_mapping": {"524962142563610625": 0, "524975109023735808": 1, "524963251181076481": 2, "524962753099075584": 3, "524968425685516288": 4, "524964642406535168": 5}, "edges": [[0, 3], [0, 2], [0, 5], [0, 4], [0, 1]]}