{"thread_id": "524942149973188608", "text_thread": [[524942149973188608, "LOCKDOWN | Parliament, library main branch, U of O, downtown schools, Ottawa police HQ, CBC HQ, Rideau Centre, courthouse. #cbcOTT #OTTnews"], [524942927009947650, "@cbcottawa @cbcnews What about City Hall? Its 2 blocks from the War Memorial #ottcity #ottawa"], [525312440180162560, "@rizgarwelat @CBCOttawa @CBCNews Yeh right! Then stop sending troops 2 attack+kill Muslims in ME 4 Oil &amp; Israel Zion Ideology 2 conquer/rule"], [524944604844802048, "@CBCOttawa it's all Ottawa schools not just downtown"], [524954547136258048, "@CBCOttawa @BarbieGirl13xo Fuck... I have class!"], [524955278438334465, "@kukig7 @CBCOttawa yikes, be careful \ud83d\ude2a"], [524943482918821888, "@CBCOttawa @Aussiemandias lockdown? Canada is in lockdown? What happened?"], [524955784002957312, "@BarbieGirl13xo @CBCOttawa Im not moving from home..these terrorist arent loyal."], [525311634194325504, "@CBCOttawa all 2 justify Harper sending troops 2 Iraq/Syria for Oil &amp; Zionist Israeli Ideology to conquer &amp; rule Muslim ME Palestine 2 Yemen"], [524943988252770304, "@Mariam_Kobras @CBCOttawa Check CBC reports here: http://t.co/Kr7YZSL6RI"], [524943518595555328, "Is it ISIS attacking Canadian Land and Parliament?  @CBCOttawa @CBCNews"], [524943855691767809, "@CBCOttawa @CBCNews Lockdown the whole city until they catch him. Like in Boston and Moncton"], [524955938114256896, "@kukig7 @CBCOttawa lolll"], [524957477545463809, "@CBCOttawa @CBCNews love watching the liberal media!  \"Police with their guns drawn\"! What exactly do they expect?"], [524944105923964929, "@Aussiemandias thank you, my dear friend. What a horrible day for Canada :( @CBCOttawa"], [524983279158845440, "@CBCOttawa"], [524942935432122368, "@cbcottawa @cbcnews All gov't buildings as well"], [524943570101624832, "@CBCOttawa 1 day after threat level raised? Bets on Relgion of peace involvement"], [524943771608576000, "@CBCOttawa @CBCNews is Place du Portage on lockdown"], [524949152506339328, "@CBCOttawa @amyboughner the OCC as well"]], "node_mapping": {"524942149973188608": 0, "524942927009947650": 1, "525312440180162560": 2, "524944604844802048": 3, "524954547136258048": 4, "524955278438334465": 5, "524943482918821888": 6, "524955784002957312": 7, "525311634194325504": 8, "524943988252770304": 9, "524943518595555328": 10, "524943855691767809": 11, "524955938114256896": 12, "524957477545463809": 13, "524944105923964929": 14, "524983279158845440": 15, "524942935432122368": 16, "524943570101624832": 17, "524943771608576000": 18, "524949152506339328": 19}, "edges": [[0, 1], [0, 16], [0, 6], [0, 10], [0, 17], [0, 18], [0, 11], [0, 3], [0, 19], [0, 4], [0, 13], [0, 15], [0, 8], [6, 9], [9, 14], [10, 2], [4, 5], [5, 7], [7, 12]]}