{"thread_id": "524945197705461763", "text_thread": [[524945197705461763, "Soldier gets CPR after being shot at War Memorial in #Ottawa https://t.co/gifVPfCcBv"], [524976907855872000, "@globalnews @l_stone Still silent, are you? Spineless."], [524950935647559681, "@l_stone Are you serious.    Why would you post that.  Think of that poor soldiers family."], [524946261237981185, "\u201c@l_stone: Soldier gets CPR after being shot at War Memorial in #Ottawa https://t.co/ciUnKx0anc\u201d @hockeygrl87"], [524948258934620160, "@globalnews @l_stone Do you approve of this garbage being tweeted by an employee of yours? Unquestionably disrespectful. Un-Canadian."], [524946155495763968, "@l_stone @globalhalifax this should not be posted!"], [524949930864279553, "@l_stone @Zeisberger this is disgusting and should not be aired. Think of the family!!!!!"], [524947903165370369, "@l_stone I don't think it was necessary to film and share this, or be that close to the paramedics with a camera. Let him have his dignity"], [524960806375792641, "@l_stone @70torinoman why are soldiers there in the first place??? fishy?"], [524953880803958784, "@l_stone @joe_nuzz Hope this poor soldier pulls through"], [524946308734656512, "@l_stone @globalhalifax Really? This just had to be tweeted?  Think of the guy's family instead of trying to get the scoop."], [524948657125470208, "@l_stone @BKennedyStar Wow, thanks for posting this. I've always wanted to watch someone dying. I'm sure this isn't at all inappropriate."], [524948050708815873, "\u201c@l_stone: Soldier gets CPR after being shot in #Ottawa https://t.co/zf4VryueEr\u201d fuck, never good sign getting cpr going in ambulance."], [524946153998004224, "@l_stone Hi, I'm writing from euronews tv. Is this your material? Can we air it and credit you?"], [524946471255560192, "@l_stone @NatashaPace Unbelievable.  I can't believe this was posted or retweeted.  Completely inappropriate."], [524947725201453056, "@l_stone @MaxLandryTVA pas certain qu'un membre de sa famille voudrait voir \u00e7a! Mauvais go\u00fbt!"], [524946200525434881, "@l_stone @kimfox Just disgusting to be TAKING A VIDEO of this! And sharing it! Have some decency and respect."], [524950650937831424, "@l_stone @NancyHixt show a little respect to this soldier and his family. No one needs to see this. Disgusting"], [524946402279817216, "@l_stone Yeah\u2026I don't think this adds to the conversation. What's the goal of sharing this outside of shock value? Let's move along here."], [525103172361392128, "@globalnews Nothing to say in support of your employee? Not encouraging a retraction? Is this the standard we should expect?"]], "node_mapping": {"524945197705461763": 0, "524976907855872000": 1, "524950935647559681": 2, "524946261237981185": 3, "524948258934620160": 4, "524946155495763968": 5, "524949930864279553": 6, "524947903165370369": 7, "524960806375792641": 8, "524953880803958784": 9, "524946308734656512": 10, "524948657125470208": 11, "524948050708815873": 12, "524946153998004224": 13, "524946471255560192": 14, "524947725201453056": 15, "524946200525434881": 16, "524950650937831424": 17, "524946402279817216": 18, "525103172361392128": 19}, "edges": [[0, 13], [0, 5], [0, 16], [0, 3], [0, 10], [0, 18], [0, 14], [0, 15], [0, 7], [0, 12], [0, 4], [0, 11], [0, 6], [0, 17], [0, 2], [0, 9], [0, 8], [4, 1], [1, 19]]}