{"thread_id": "524958128392376320", "text_thread": [[524958128392376320, "Ottawa police confirm that there were multiple suspects in the shooting, saying there were \"possibly 3\" shooters. http://t.co/In9OgOxYXM"], [524981958753787904, "@Nan_Imburgia @WSJ @macdonaldajm terrorists all over the world no need for correction"], [524959339745140736, "@45_nabeel hahaha, you said far more than you think"], [524964808899428353, "@WSJ Happy the soldier is not injured seriously. Hope he recovers quickly. You're brave Canada. You can pull through #ottawashooting ."], [524972221484523520, "@WSJ Militant Muslims on the Rampage!!!"], [524961934064754688, "@WSJ @HeyTammyBruce I hope this isn't just a prelude to a bigger attack."], [524972546689892352, "@45_nabeel @WSJ @macdonaldajm Correction:  Armed Muslim Terrorists on the loose!"], [524972702931906560, "@FreedomBruce @WSJ @HeyTammyBruce I wouldn't put anything past a Muslim!"], [524959070407503873, "@WSJ @macdonaldajm terrorists in ottawa"], [525016147448836096, "@WSJ when Canadians of all people start shooting, well, \"c'est la fin du monde, non?\""], [524972391139930112, "@studentworks211 @WSJ That's Right!"], [524958600964239360, "@WSJ \u30aa\u30bf\u30ef\u8b66\u5bdf\u306f3\u4eba\u306e\u5bb9\u7591\u8005\u3092\u304a\u305d\u3089\u304f\u3067\u3059\u304c\u78ba\u8a8d\u3057\u3066\u3044\u308b\u306e\u3067\u3057\u3087\u3046\u304b\uff1f\u9283\u6483\u5f8c\u306e\u69d8\u5b50\u3092\u5199\u3057\u305f\u5199\u771f\u3067\u3059\u306d"], [524959896765079553, "@TechHelp maybe"], [524959028061798401, "@WSJ Killers go berserk when cornered.  Henceforth, no lapses in security should be there."]], "node_mapping": {"524958128392376320": 0, "524981958753787904": 1, "524959339745140736": 2, "524964808899428353": 3, "524972221484523520": 4, "524961934064754688": 5, "524972546689892352": 6, "524972702931906560": 7, "524959070407503873": 8, "525016147448836096": 9, "524972391139930112": 10, "524958600964239360": 11, "524959896765079553": 12, "524959028061798401": 13}, "edges": [[0, 11], [0, 13], [0, 8], [0, 5], [0, 3], [0, 4], [0, 9], [13, 10], [8, 2], [8, 6], [2, 12], [6, 1], [5, 7]]}