{"thread_id": "524925050739490816", "text_thread": [[524925050739490816, "BREAKING NEWS: Soldier shot at National War Memorial in Ottawa http://t.co/pp6hcfWcRw"], [524925341316689920, "@CBCNews \ud83d\ude31 why!!!"], [524930718645092353, "Christ. Ottawa friends, stay safe \u2764\ufe0f \"@CBCNews: BREAKING NEWS: Soldier shot at National War Memorial in Ottawa http://t.co/dNA1GVgARg\u201d"], [524930352000036864, "@CBCNews yessss!!"], [524932019248463872, "@CBCNews @michellemalkin 2nd ISIS attack in Canada in two days"], [524926357927903232, "Bizar..Gister Montr\u00e9al vandaag Ottawa. @CBCNews: BREAKING NEWS: Soldier shot at National War Memorial in Ottawa http://t.co/K7RVl9OYJV\u201d"], [524925775678816256, "Lord, have mercy. Protect those who protect us \"@CBCNews: Soldier shot at National War Memorial in Ottawa http://t.co/QigaeO0wo9\u201d"], [524925553070329856, "@CBCNews"], [524926310565814272, "\u201c@CBCNews: BREAKING NEWS: Soldier shot at National War Memorial in Ottawa http://t.co/rOSrLhBDt7\u201d. Be safe out there folks in Uniform"], [524926071599534080, "Ondertussen in Canada... \u201c@CBCNews: BREAKING NEWS: Soldier shot at National War Memorial in Ottawa http://t.co/bKjPZlkg3B\u201d"], [524929224260714499, "@CBCNews @KimSulli \ud83d\ude31omg hope !!!!!!"], [524929840173309952, "@CBCNews @michellemalkin \n\nAnd this: https://t.co/HSrkQbMfbn"]], "node_mapping": {"524925050739490816": 0, "524925341316689920": 1, "524930718645092353": 2, "524930352000036864": 3, "524932019248463872": 4, "524926357927903232": 5, "524925775678816256": 6, "524925553070329856": 7, "524926310565814272": 8, "524926071599534080": 9, "524929224260714499": 10, "524929840173309952": 11}, "edges": [[0, 1], [0, 7], [0, 6], [0, 9], [0, 8], [0, 5], [0, 10], [0, 11], [0, 3], [0, 2], [0, 4]]}