{"thread_id": "524956129017995264", "text_thread": [[524956129017995264, "Police say shots fired at 3 #Ottawa sites -  National War Memorial, Parliament Hill, and now Rideau shopping centre http://t.co/rOnqpUbuqc"], [524966291413561344, "@Gormanghast then educate me..???"], [524958112629809152, "@BBCBreaking @BBCWorld police is quite lazy."], [524956724311388161, "@BBCBreaking {Heaven and Hell is right here on earth... \ud83d\ude4f'ing}"], [524956946605309952, "@BBCBreaking Kindly verify your report of shooting at Rideau Centre Ottawa, Canada. Local reports state otherwise."], [524957420003803136, "@BBCBreaking And at a hotel too."], [524962985995821057, "@raymondillo @BBCBreaking Yes, :( Still looking for the others."], [524957131930624000, "@BBCBreaking oh god."], [524959489225940993, "@BBCBreaking what's happening in this world and why this so much haterage everywhere. So sickening\ud83d\ude24\ud83d\ude24\ud83d\ude24"], [524962037617938432, "@MystiRoz @BBCBreaking it's not a siege it's WAR This is the problem you and other are denying the fact we are at war WHY"], [524956507230593026, "@BBCBreaking Scary stuff in Ottawa"], [524965991072423936, "@MystiRoz they may not be radicalised. This is only what you are fed by media which governments control you need to open your mind to truth"], [524956728027512832, "@BBCBreaking Disgusting desert pigs. Why the peaceful, polite Canadians? #WearewithCanada"], [524964253418401792, "@MystiRoz slag the Islamic people then sit back and watch what happens. Bomb Islamic people and watch what happens,"], [524961283523612673, "@Gormanghast @BBCBreaking true..!!! bt its nt nice to say \"i told u so\"..wen ur country is at siege...!! we can say it later..!!"], [524957744319975425, "@BBCBreaking @raymondillo Yes, I can't believe this is happening..."], [524963581599547392, "@Gormanghast if we are WAR..!!! who are we against...? whom do u blame..?"], [524965013291679744, "@Gormanghast i knw u wld say tat...!! just becoz sum radicalised idiots are dng this doesnt mean tat we can blame d entire religion fr it.."], [524965291000750080, "@Gormanghast lets nt tag one religion like tat..as if other religions are holy..!!!"], [524957535925993472, "MT @BBCBreaking shots fired at 3 #Ottawa sites National War Memorial, Parliament Hill, and now Rideau shopping centre http://t.co/1MdVX1IHbw"], [524976163391696896, "@Gormanghast i wnt blame u fr saying this..bt u forgot hw many ppl's lives are being saved by these men...!!!"], [524957310024945665, "@bbcbreaking muslim terrorists"], [524957484336041984, "RT @BBCBreaking #Shots at 3 #Ottawa sites -National War Memorial, Parliament Hill, and Rideau shopping centre http://t.co/GF5Gt9D5uB #FB"], [524960426132791296, "@MystiRoz @BBCBreaking what's stupid is we are at war but moan when it's on our own soil now they are using chemicals so it's WHEN, BEWARE"], [524979653027856385, "@MystiRoz America BRITTIAN had supplied these men in Syria with the weapons to start with and now they are bombing them. Hmmmm hypocrisy"], [524961799641526273, "@Darke_Conteur BBC saying indications of more than one gunman. :( @BBCBreaking"], [524960171345592321, "@BBCBreaking sad world we live in most of the time."], [524959078229880832, "@Gormanghast @BBCBreaking there are times we shld put our stupidness aside nd be feel bad fr wats happening at the moment...!!!!"], [524960305466466304, "@raymondillo @BBCBreaking One shooter is dead. Shot by the Sargent at Arms."], [524960113732632576, "@Darke_Conteur We always feel the same over here when similar happens.  Hope its all over.soon. @BBCBreaking"], [524960172914266112, "@BBCBreaking #Ottawa"], [524956679025487872, "@BBCBreaking @BBCWorld Shit..."], [524967358528757761, "@MystiRoz easily. Don't go to war in other country's and think it won't come home to you. Police shot person in America with hands up."], [524957146656821249, "@BBCBreaking a bullet is just as evel as a bomb we bomb them they shot us but we make a big deal of both"]], "node_mapping": {"524956129017995264": 0, "524966291413561344": 1, "524958112629809152": 2, "524956724311388161": 3, "524956946605309952": 4, "524957420003803136": 5, "524962985995821057": 6, "524957131930624000": 7, "524959489225940993": 8, "524962037617938432": 9, "524956507230593026": 10, "524965991072423936": 11, "524956728027512832": 12, "524964253418401792": 13, "524961283523612673": 14, "524957744319975425": 15, "524963581599547392": 16, "524965013291679744": 17, "524965291000750080": 18, "524957535925993472": 19, "524976163391696896": 20, "524957310024945665": 21, "524957484336041984": 22, "524960426132791296": 23, "524979653027856385": 24, "524961799641526273": 25, "524960171345592321": 26, "524959078229880832": 27, "524960305466466304": 28, "524960113732632576": 29, "524960172914266112": 30, "524956679025487872": 31, "524967358528757761": 32, "524957146656821249": 33}, "edges": [[0, 10], [0, 31], [0, 3], [0, 12], [0, 4], [0, 7], [0, 33], [0, 21], [0, 5], [0, 22], [0, 19], [0, 15], [0, 2], [0, 8], [0, 26], [0, 30], [33, 27], [27, 23], [23, 14], [14, 9], [9, 16], [16, 13], [13, 17], [13, 18], [17, 11], [11, 1], [1, 32], [32, 20], [20, 24], [15, 29], [29, 28], [28, 25], [25, 6]]}