{"thread_id": "524938433262006272", "text_thread": [[524938433262006272, "#Ottawa: MP Gerry Byrne inside building on lockdown. Says this is tactical team. Live coverage http://t.co/HrGKEeJZL4 http://t.co/b7WVOT640l"], [524941116895141889, "@BBCNewsUS @BBCWorld #Islamic_State\nMessage from Mujahid\nhttp://t.co/dSOluMUy6d"], [524959970929160192, "@BBCNewsUS Prime Minister Harper is safe. #maybenexttime"], [524948536648294400, "@BBCNewsUS @BBCWorld A video seized from the Ukrainian troops is showing Nazi battalion Donbass executing Donbass.. http://t.co/HfS3Fubj0k"], [524939583788965891, "@BBCNewsUS @BBCWorld should he be giving out tactical information to would-be attackers?"], [524950697897230336, "@Gabriellelala @BBCNewsUS @bbcworldservice Obama Planners, my opinion.Seeking to take over US, world thru ISIS! http://t.co/hQk26P5072"], [524951779155664896, "@BBCNewsUS @BBCWorld Police are asking NOT to tweet pics of their locations!! Don't be an @$$#@T take pic down."], [524940783074705409, "@BBCNewsUS @bbcworldservice omg... What's going on with the world today!! Xx"]], "node_mapping": {"524938433262006272": 0, "524941116895141889": 1, "524959970929160192": 2, "524948536648294400": 3, "524939583788965891": 4, "524950697897230336": 5, "524951779155664896": 6, "524940783074705409": 7}, "edges": [[0, 4], [0, 7], [0, 1], [0, 3], [0, 6], [0, 2], [7, 5]]}