{"thread_id": "524984773211860994", "text_thread": [[524984773211860994, "Ottawa Police confirms 1 gunman dead, 1 soldier killed in #OttawaShooting  http://t.co/pI1qVrCQBe http://t.co/wDK64hpO7H"], [524985076703326208, "\u201c@BBCBreaking: Ottawa Police confirms 1 gunman dead, 1 soldier killed in #OttawaShooting  http://t.co/fcKsKrq5Lf http://t.co/DCtKBf2UD2"], [524986512450928641, "@BBCBreaking  These nutters  have achieved 1 thing today , more hate from #Canada towards mad #muslim #ISIS  terrorists !!"], [524985191815581696, "@BBCBreaking follow me i will follow you soon"], [524987083803611136, "@Josh_wills27 @BBCBreaking LOL"], [524986579312717824, "@bbcbreaking Canada is one of our great allies in the war on terror. Theses cowardly terrorists will be beaten. #ottawashootings"], [524987573609836544, "@ohgoditslexi @BBCBreaking Live CBC . http://t.co/WGq7dBe7zH statement live now..."], [524986867134263296, "\u201c@BBCBreaking: Ottawa Police say there were 2 #OttawaShooting sites - War Memorial, Parliament Hill... http://t.co/p2p5G0dKNe\u201d Evil happens"], [524986365369671681, "@BBCBreaking Was this work place violence like Obama called the Fort Hood massacre?"], [524985579575185408, "\u201c@BBCBreaking: Ottawa Police confirms 1 gunman dead, 1 soldier killed in #OttawaShooting  http://t.co/5MPIq4bQFD http://t.co/zgorMw6U2k\u201d"], [524986557170995200, "@BBCBreaking GOD BLESS KEVIN, EX RCMP, SGT. @ ARMS! BRAVE MAN!"], [524989132159082498, "@pdarmancour @BBCBreaking trust me, we should ban all work tools in case they can be used for terrorism :D"], [524985290436251649, "@BBCBreaking It has not been confirmed that the soldier has died."], [524988130580262912, "@jstyson \u201c@BBCBreaking: Ottawa Police say there were 2 #OttawaShooting sites - War Memorial, Parliament Hill .... http://t.co/qD9U2euz8M\u201d"], [524986968631808000, "@BBCBreaking  Very Sad"], [524987565192269824, "@BBCBreaking no sympathy for the gun man"], [524993911811751937, "@DYounger_ @BBCBreaking what group was driving?"], [524986197115158528, "@BBCBreaking \nI hope the gunman died slowly the cunt"], [524987265010122752, "@notatroll255 @DYounger_ @BBCBreaking by a terrorist driving into a crowd of people"], [524986312106205184, "@BBCBreaking Canadians ... mark this well.\n\n Your Govt will use this day's events to subjugate you.\n\n(see \"America\" for more details)"], [524985407151538176, "@BBCBreaking wjat about the 3 month old baby murdered in israel?"], [524987457704456192, "\u201c@BBCBreaking: Ottawa Police say there were 2 shooting sites http://t.co/hY2MJKqwXD\u201d thoughts and prayers for the families. Awful"], [524990180940206081, "@BBCBreaking Criminals don't hav race, caste,religion &amp; belong2 no nation.Take stern action against all criminals in prison 2 send msg 2 all"], [524985458527571968, "@algator2 @BBCBreaking Source?"], [524989512070725632, "@oshwm @BBCBreaking &gt;&gt;&gt; @seanhannity could commit terrorism with his NERF football."], [524991703036739585, "@BBCBreaking it's kind of sad to see what the shooting taken place in Canada innocent people of been killed"], [524986882468618240, "@BBCBreaking @BBCWorld dear BBC, it's just \"Rideau Centre\"...we use the same English"], [524986919785332737, "@bbcbreaking @bbcworld heart breaking news. May the brave and gentle soul of the soldier rest in perfect peace."], [524985177127538689, "Ottawa Police say there were 2 #OttawaShooting sites - War Memorial, Parliament Hill but not Rideau shopping centre http://t.co/TLq8c8sWrG"], [524987986577219586, "@pdarmancour @BBCBreaking yeh so they can sneak 'em through airports security and use the jigsaws to cut all our heads off!!!"], [524988319336509440, "@oshwm @BBCBreaking I doubt it."], [524987434829099008, "@oshwm @BBCBreaking Well, that's what's next: #ISIS armed with portable drills and jigsaws."], [524986011533987840, "@DYounger_ @BBCBreaking  by who?"], [524986910180409345, "@DYounger_ @BBCBreaking douche #edgy"], [524985089823080449, "@BBCBreaking Probably a drill."], [524995043405623297, "@BBCBreaking"], [525011666337931264, "@DYounger_ @BBCBreaking oh really what about the 13 year old boy killed by IDF and the little girl run over by a settler ??"], [524985051701063681, "@BBCBreaking"], [524985418446831616, "@pdarmancour @BBCBreaking sounded more liek a gun than a drill :D"]], "node_mapping": {"524984773211860994": 0, "524985076703326208": 1, "524986512450928641": 2, "524985191815581696": 3, "524987083803611136": 4, "524986579312717824": 5, "524987573609836544": 6, "524986867134263296": 7, "524986365369671681": 8, "524985579575185408": 9, "524986557170995200": 10, "524989132159082498": 11, "524985290436251649": 12, "524988130580262912": 13, "524986968631808000": 14, "524987565192269824": 15, "524993911811751937": 16, "524986197115158528": 17, "524987265010122752": 18, "524986312106205184": 19, "524985407151538176": 20, "524987457704456192": 21, "524990180940206081": 22, "524985458527571968": 23, "524989512070725632": 24, "524991703036739585": 25, "524986882468618240": 26, "524986919785332737": 27, "524985177127538689": 28, "524987986577219586": 29, "524988319336509440": 30, "524987434829099008": 31, "524986011533987840": 32, "524986910180409345": 33, "524985089823080449": 34, "524995043405623297": 35, "525011666337931264": 36, "524985051701063681": 37, "524985418446831616": 38}, "edges": [[0, 37], [0, 1], [0, 34], [0, 28], [0, 3], [0, 12], [0, 9], [0, 17], [0, 8], [0, 2], [0, 10], [0, 5], [34, 38], [38, 31], [31, 29], [29, 30], [30, 11], [11, 24], [28, 20], [28, 19], [28, 7], [28, 26], [28, 27], [28, 14], [28, 21], [28, 15], [28, 13], [28, 22], [28, 25], [28, 35], [20, 32], [20, 33], [20, 36], [32, 18], [18, 16], [12, 23], [23, 6], [17, 4]]}