{"thread_id": "524944544681705472", "text_thread": [[524944544681705472, "Ottawa police: Actively looking for one or more suspects in Canadian parliament shooting. http://t.co/UQ4xo5jvhF"], [524989382340931584, "@brahimelmaghrib @Reuters One day you'll be hearing the word \"you're the last Muslim left on earth\". #comingsoon"], [524944856951836672, "Big Trouble in Canuckistan, how's that #diversity #immigration working out for you up there in #Canada? @Reuters"], [524985394979684353, "@Reuters @TheMuslimIssue i think we very often hear the word CANADA"], [524945757682401280, "\u201c@Reuters: Ottawa police: Actively looking for one or more suspects in Canadian parliament shooting. http://t.co/ggMq8yCvyV\u201d\u2022\u2022@DeramosJen\ud83d\ude33"], [524945003228188673, "#AttackInOttawa\n@Reuters: #Ottawa police: Actively looking for one or more suspects in Canadian parliament shooting\nhttp://t.co/HJ2M2oEBrj"], [524945106357719040, "@Reuters Possibly more that one shooter? What are the odds this is terrorism?"], [524945195826044929, "@Reuters narcissistic stalker, what does it mean, who r the examples n does it mean that they believe victims r following the stalker!!?!??!"], [524950593878888448, "\u201c@Reuters:..Actively looking for 1 or more suspects in Canadian parliament shooting..\u201d #CanadaNeedsWBC #LiftTheBan #GodIsUrTerrorist #Repent"], [524989920679829504, "@TheMuslimIssue @Reuters go fock yourself son of a biaaatch"]], "node_mapping": {"524944544681705472": 0, "524989382340931584": 1, "524944856951836672": 2, "524985394979684353": 3, "524945757682401280": 4, "524945003228188673": 5, "524945106357719040": 6, "524945195826044929": 7, "524950593878888448": 8, "524989920679829504": 9}, "edges": [[0, 2], [0, 5], [0, 6], [0, 7], [0, 4], [0, 8], [0, 3], [3, 1], [1, 9]]}