{"thread_id": "524935085863481344", "text_thread": [[524935085863481344, "Witnesses say several dozen shots fired inside Parliament buildings after Canadian soldier shot at nearby War Memorial. #Ottawa #cdnpoli"], [524935395247919105, "@CBCAlerts it her stations reportons shooter was shot."], [524939760067170305, "!!!! \u201c@CBCAlerts: Witnesses say several dozen shots fired inside Parliament after Canadian soldier shot at War Memorial. #Ottawa #cdnpoli\u201d"], [524939337943633921, "@CBCAlerts so scary.  Be safe everyone in #ottawa and #canada and #ontArio  praying for you!!!"], [524936080265838594, "Were the soldiers guarding the War Memorial not armed? What did the second soldier do? @CBCAlerts #cdnpoli #Ottawa"], [524936465902747648, "@marcely034 @CBCAlerts @southsalem ::: douchebag."], [524937527804051457, "They looked armed to me, @cfitzge @CBCAlerts #cdnpoli #Ottawa http://t.co/eLvLNV3EHV"], [524935356584427520, "@CBCAlerts @southsalem MUSLIM TERRORIST ATTACK IN CANADA"], [524941664516055040, "@trevorjkramer @CBCAlerts if you read about the ceremonial guard, typically these aren't loaded bec public inspection of the gun is common"], [524936259190665216, "@CBCAlerts MP Bernard Trottier tweeting that suspect shot &amp; killed."], [524937047694651392, "@trevorjkramer @CBCAlerts they are honorary guards...so likely unarmed."], [524942384720007169, "@trevorjkramer @CBCAlerts regardless. .it's tragic :( my hometown will be forever changed"], [524935998896349184, "@CBCAlerts @volatilitysmile \"We are all infidels\". #waronfreedom #waronwomen #waronhumanity #kobani #pershmaga #Iran #Iraq #outlawIslam"], [524939432550342656, "Clearly that needs to change, @MY1K. @CBCAlerts #cdnpoli #Ottawa"], [524936187635830784, "@CBCAlerts @CBCPEI"], [524935738882662402, "@CBCAlerts @WilliamBDevittI i want to know, if that 'soldier' was an operative, and was he killed, or were the bullets blanks? #CPCTerrorism"], [524938238222675969, "@trevorjkramer @CBCAlerts they are \"armed\" in that they have ceremonial rifles."], [524936085412270080, "@CBCAlerts forces and city in lock down. Be safe!#ottawa #Canada"], [524935705592860672, "\u201c@CBCAlerts:several dozen shots fired inside Parliament buildings after Canadian soldier shot at nearby War Memorial\u201d - my brother is safe.."], [524942546393243648, "That isn't in question, @cfitzge @CBCAlerts"], [524935684931715072, "\u201c@CBCAlerts: Witnesses say several dozen shots fired inside Parliament buildings after Cdn soldier shot at War Memorial. #Ottawa #cdnpoli\u201d"], [524936412555399168, "\u201c@CBCAlerts: Witnesses say several dozen shots fired inside Parliament buildings after Canadian soldier shot nearby . #Ottawa #cdnpoli\u201d"]], "node_mapping": {"524935085863481344": 0, "524935395247919105": 1, "524939760067170305": 2, "524939337943633921": 3, "524936080265838594": 4, "524936465902747648": 5, "524937527804051457": 6, "524935356584427520": 7, "524941664516055040": 8, "524936259190665216": 9, "524937047694651392": 10, "524942384720007169": 11, "524935998896349184": 12, "524939432550342656": 13, "524936187635830784": 14, "524935738882662402": 15, "524938238222675969": 16, "524936085412270080": 17, "524935705592860672": 18, "524942546393243648": 19, "524935684931715072": 20, "524936412555399168": 21}, "edges": [[0, 7], [0, 1], [0, 20], [0, 18], [0, 15], [0, 12], [0, 4], [0, 17], [0, 14], [0, 9], [0, 21], [0, 3], [0, 2], [7, 5], [4, 10], [4, 16], [10, 6], [6, 8], [6, 11], [11, 19], [16, 13]]}