{"thread_id": "524961659685588995", "text_thread": [[524961659685588995, "Extended Video: Guns raised, officers rush towards @RideauCentre http://t.co/YHpG2o8XeH http://t.co/UsPYjU85AS"], [524974196020228096, "@ctvottawa @RideauCentre watched in tears..can't Belive this is happening in our Ottawa... :("], [524962655162101762, "#AttackInOttawa\n@ctvottawa: Extended Video: Guns raised, officers rush towards @RideauCentre\nhttp://t.co/LEW2A096X2 http://t.co/12FomLgxSR"], [524964401917751297, "@ctvottawa @Blazingcatfur @RideauCentre Multiple shootings\u2026take one guess about the shooter(s)!"], [524964948200288256, "@ctvottawa @RideauCentre haha very nice.you westerners should get nice doses before you learn abt real enemy of humanity.stop being sickular"]], "node_mapping": {"524961659685588995": 0, "524974196020228096": 1, "524962655162101762": 2, "524964401917751297": 3, "524964948200288256": 4}, "edges": [[0, 2], [0, 3], [0, 4], [0, 1]]}