{"thread_id": "524948703850029056", "text_thread": [[524948703850029056, "BREAKING NEWS: Ottawa police confirm at least 3 separate shooting sites and multiple suspects -  http://t.co/lXFiYaVImZ"], [524949100379508736, "BREAKING: Ottawa police confirm at least 3 separate shooting sites and multiple suspects -  http://t.co/H2H6Lg13mh\n\nvia @PzFeed"], [524950746060431360, "Oh Canada, that lone gunman is making the rounds. #punintended @PzFeed @LouisBrown16"], [524949022243815425, "\u201c@PzFeed: BREAKING NEWS: Ottawa police confirm at least 3 separate shooting sites and multiple suspects -  http://t.co/m0ecoYzyn5\u201d FFS"]], "node_mapping": {"524948703850029056": 0, "524949100379508736": 1, "524950746060431360": 2, "524949022243815425": 3}, "edges": [[0, 3], [0, 1], [0, 2]]}