{"thread_id": "524930671220105216", "text_thread": [[524930671220105216, "DEVELOPING NEWS: Soldier shot at War Memorial. Watch CBC NN for coverage. Or follow online: http://t.co/QSm0x0bM2K\nhttp://t.co/QcwgN8OgHB"], [524944870654242816, "TRAGIC\u201c@CBCTheNational: DEVELOPING NEWS: Soldier shot at War Memorial. Watch CBC NN for coverage. Or follow online: http://t.co/isw9it45HK\u201d"], [524934797991641088, "@SJCurrie23 @CBCTheNational @CBCNews I agree!  Horrible scene for family friends and colleagues to see!"], [524933348129779713, "@djvarley @NatopowerGaming Sorry! Try this: http://t.co/5hP6wYTykV"], [524933030004400129, "@CBCTheNational @NatopowerGaming Seems to be the same link. Doesn't work on mobile either."], [524932085963063296, "@CBCTheNational @CBCNews Gunman at Parliament's Centre Block has been shot and killed RT @btrottier"], [524932180158713856, "@NatopowerGaming Try this: http://t.co/9a8UAo1XQo"], [524941177230200832, "@CBCTheNational @CBCNews m'y god"], [525459831977963522, "@CBCTheNational you talked tonight about voyeurism given our soldiers last moments. Reflect on your own images broadcast yesterday."], [524931926868897792, "@CBCTheNational can't watch on mobile?"], [524931499809058816, "@CBCTheNational @CBCNews Rideau Centre nearby has been evacuated"], [524934475323801600, "@CBCTheNational @CBCNews running the footage of shot soldier's resuscitation is not cool. Her\\his family might be watching. Stop it."], [524940588656128001, "@CBCTheNational @CBCVancouver we need more gun free zones so the whackos can shoot without worry. Thank god no citizens were armed."], [524932511001227264, "@CBCTheNational @CBCNews  CBC.ca Online CBCNewsNetwork Channel 502\nWatching LIVE! Coverage \nCBC NEWS CHIEF CORRESPONDENT Peter MANSBRIDGE"], [524942351169372161, "@CBCTheNational @CBCVancouver We get the gist already.  Give us a break and talk about something else."], [524931073042833408, "@CBCTheNational @CBCRadioCanada 30 shots reported on Parliament Hill."], [524931345685180416, "@CBCTheNational @CBCNews stop showing the soldier being given CPR"], [524931840893652992, "@CBCTheNational @CBCNews @CJAY92 @Q107Calgary @JustinTrudeau \n\nHope Harper is happy, you have finally managed to bring this crap home"], [524931763421065216, "@CBCTheNational @CBCNews STOP showing the life saving efforts of the fallen soldier on TV. Show more respect to him and his family."], [524936828168986624, "@CBCTheNational @djvarley thanks."]], "node_mapping": {"524930671220105216": 0, "524944870654242816": 1, "524934797991641088": 2, "524933348129779713": 3, "524933030004400129": 4, "524932085963063296": 5, "524932180158713856": 6, "524941177230200832": 7, "525459831977963522": 8, "524931926868897792": 9, "524931499809058816": 10, "524934475323801600": 11, "524940588656128001": 12, "524932511001227264": 13, "524942351169372161": 14, "524931073042833408": 15, "524931345685180416": 16, "524931840893652992": 17, "524931763421065216": 18, "524936828168986624": 19}, "edges": [[0, 15], [0, 16], [0, 10], [0, 18], [0, 17], [0, 9], [0, 5], [0, 13], [0, 11], [0, 12], [0, 7], [0, 14], [0, 1], [16, 2], [18, 8], [9, 6], [6, 4], [4, 3], [3, 19]]}