{"thread_id": "524970731202166784", "text_thread": [[524970731202166784, "#BREAKING Canadian officials: Soldier shot in Ottawa has died http://t.co/ddbmihjxGB"], [524973125407367168, "@USATODAY Please God, let him now rest in peace."], [524973155182325760, "#SoSad #thoughtsandprayers for #Ottawa | RT @USATODAY #BREAKING Canadian officials: Soldier shot in Ottawa has died http://t.co/US1jtVn26v"], [524973807677632512, "@USATODAY has there been any reports about if the shooter or shooters being  shot or captured?"], [524976625142624257, "@USATODAY oh no"], [524974987237933056, "Incredible. Just heartbreaking. RT@USATODAY: #BREAKING Canadian officials: Soldier shot in Ottawa has died http://t.co/WxE0lsIaBb"], [524970866208415744, "@USATODAY oh, so sorry..."], [524971300767662081, "@USATODAY he should have! They fired a million shots at the suspect. Missing him would have been a disgrace for those cops"], [524972553337864192, "@USATODAY @Marykayb63  R.I.P. @msnbc"]], "node_mapping": {"524970731202166784": 0, "524973125407367168": 1, "524973155182325760": 2, "524973807677632512": 3, "524976625142624257": 4, "524974987237933056": 5, "524970866208415744": 6, "524971300767662081": 7, "524972553337864192": 8}, "edges": [[0, 6], [0, 7], [0, 8], [0, 1], [0, 2], [0, 3], [0, 5], [0, 4]]}