{"thread_id": "524946609453678593", "text_thread": [[524946609453678593, "University of Ottawa now in lockdown after earlier shooting at Canada's Parliament buildings, @uOttawaDirect says http://t.co/65JM05b8Ts"], [524946688570830848, "@BBCBreaking @uOttawaDirect wtf Canada"], [524946916246052864, "@BBCBreaking @uOttawaDirect Canada loosing its grasp upon multicultural inclusion?"], [524968508695015424, "@sophie__malik sister,don't know why u getting bent out of shape. A moron with a gun shots up the place. ... http://t.co/KLelwVNLAu"], [524947135222251520, "RT @BBCBreaking: University of Ottawa now in lockdown after earlier shooting at Canada\u2019s Parliament buildings, @uOttawaDirect"], [524947863592509440, "@BBCBreaking it appears the Islamic jhadist are in Canada and not Mexico. Time to secure our northern boarders! Oh snap they white folks!"], [524965739342876674, "@CBW059 whatever"], [524949646704386048, "@BBCBreaking @BBCWorld @uOttawaDirect. Shoot the scum."], [524948221354053632, "@CBW059 @BBCBreaking don't assume that it was Islamists!!"], [524947064887582721, "@BBCBreaking @uOttawaDirect I wish peace to the great Canadian Nation.Canada is the beautiful part on this planet due to the nice ppl there"], [524947673410199553, "@BBCBreaking @uOttawaDirect  Shooting is still active"], [524955932912922624, "@BBCBreaking this racism in this thread. and islamaphobia. more ppl have been killed by white people than any other ethnicity. rme."], [524950741870718977, "@BBCBreaking @uOttawaDirect After Quebec it brings to mind closing doors and bolting horses!"], [524947620855554048, "@FABOURGOGNE @BBCBreaking @defjux69 @uOttawaDirect @A_Addams_ ces salet\u00e9  l emporterons pas au paradis qu ils brulent"], [524947175596621824, "@BBCBreaking @defjux69 @uOttawaDirect @A_Addams_ @Maxou_Ranch"], [524947243238191105, "\u201c@BBCBreaking: University of Ottawa now in lockdown after earlier shooting at Canada's Parliament buildings, @uOttawaDirect"], [524965180372176896, "@sophie__malik put money on it! If not I will find this tweet and eat crow!"], [524947632746405888, "@BBCBreaking @uOttawaDirect very sad"], [524951300887543808, "@PaulRed82sed @BBCBreaking @BBCWorld @uOttawaDirect Military &amp; evry cop in Ottawa on it. One down, more to go.."], [524947362339627009, "@BBCBreaking @uOttawaDirect what is going on there?what happend basically?"], [524951053260038144, "@khalidgil322 @BBCBreaking @uOttawaDirect Terrorist attack on our Capital, still in progress."]], "node_mapping": {"524946609453678593": 0, "524946688570830848": 1, "524946916246052864": 2, "524968508695015424": 3, "524947135222251520": 4, "524947863592509440": 5, "524965739342876674": 6, "524949646704386048": 7, "524948221354053632": 8, "524947064887582721": 9, "524947673410199553": 10, "524955932912922624": 11, "524950741870718977": 12, "524947620855554048": 13, "524947175596621824": 14, "524947243238191105": 15, "524965180372176896": 16, "524947632746405888": 17, "524951300887543808": 18, "524947362339627009": 19, "524951053260038144": 20}, "edges": [[0, 1], [0, 2], [0, 9], [0, 4], [0, 14], [0, 15], [0, 19], [0, 17], [0, 10], [0, 5], [0, 7], [0, 12], [0, 11], [14, 13], [19, 20], [5, 8], [8, 16], [16, 6], [6, 3], [7, 18]]}