{"thread_id": "524941504796962816", "text_thread": [[524941504796962816, "BREAKING NEWS PHOTO GALLERY: Parliament Hill attacked, soldier shot at National War Memorial http://t.co/DWoevi7AZa http://t.co/0cSntg24dj"], [524942648969555968, "In Canada-how very sad! MT \u201c@CBCNews: BREAKING Parliament Hill attacked, soldier shot http://t.co/i1xPCR8sDq http://t.co/VRRaTnLAgb\u201d"], [524941906808438784, "RT @CBCNews BREAKING NEWS PHOTO GALLERY: Parliament Hill attacked, soldier shot at National War Memorial http://t.co/g3koP16XDi"], [524942052933783552, "@CBCNews #Islamic_State\nMessage from Mujahid\nhttp://t.co/dSOluMUy6d\n#ISIS"], [524947241010995201, "@CBCNews"], [524955504758779905, "@TheGreatKnuckle @catekustanczy frightening scene this morning."], [524942205530935298, "@catekustanczy you should've seen it. Dozens of emerg vehicles. I was 3 blocks away, knew something bad was happening."], [524949280889794562, "@catekustanczy we got the hell out of there when we saw the massive swat team trucks. Knew it was not good."], [524950853330165761, "@catekustanczy I caught myself after pressing the button. I can certainly believe it. You're right."], [524948096065609730, "@CBCNews nice to know same paramilitary response common in great white north"], [524967835353632769, "@phouse123 @LIVE_COVERAGE @CBCNews that is true, but I know there will be rethinking about how open Canada will be"], [524943023441203200, "@CBCNews cue the lefty \"the worst part about terrorism is the risk of islamophobia\""], [524949469830578176, "@spaveycracker good. Glad you're safe. x"], [524967764445122561, "\u201c@GHOST22223:@RJennromao @CBCNews  #Islamic_State\nMujahid http://t.co/rWJEjEIwri\u201d @cbcsaltzman @omarcbc @josh_wingrove who are these clowns?"], [524944322354216960, "@joebentstone @CBCNews yeah why blame the shooter, when you can cast a nation as a boogie man."], [524944128648695809, "\u201c@GHOST22223: @CBCNews #Islamic_State\nMessage from Mujahid\nhttp://t.co/Rdvj1f2rkG\n#ISIS\u201d what is this? @OROSAMARIA I can't read it ???"], [524943376630956032, "@CBCNews @OttawaMorning. God bless our soldiers &amp; keep them safe"], [524949967707045888, "@spaveycracker hate to say it, but... Canada is not immune. Canadians like to think we are so above violence, but... not in this world, no."], [524943653224337409, "@CBCNews was the soldier who was shot just injured or killed?  what's the update on the victim?"], [524949681093484544, "@catekustanczy it's just awful. I can't believe it."], [524943353323220992, "@CBCNews Canada is known around the world as one of the most tolerant nations in the world towards all races and religions."], [524942382077599744, "@CBCNews I don't care if he's a terrorist or a nut job.. If he killed a soldier put a bullet in his head."], [524947317674487808, "@CBCNews Thanks to @pmharper for making #Canada a target for #isis Our warmongering PM couldn't wait to Bomb #Iraq &amp; #Syria Stop the bombing"], [524964313417928706, "@RJennromao @CBCNews @OROSAMARIA #Islamic_State\nMessage from Mujahid\nhttp://t.co/fq0T6xffRr"], [524950064582893569, "@spaveycracker (&amp; yes it's horrible &amp; depressing.)"], [524959177454915584, "@spaveycracker @TheGreatKnuckle yes. And yes. Glad you and yours are okay."], [524981109172740096, "@katmchin @LIVE_COVERAGE @CBCNews Agreed. All the more reason why we can never relent in our resolve to maintain principles that define us."], [524968320584654848, "@zimsmz @LIVE_COVERAGE @CBCNews @pmharper that's just assisnine!"], [524942663624433664, "\u201c@CBCNews: BREAKING NEWS PHOTO GALLERY: Parliament Hill attacked, soldier shot at National War Memorial:\"Pray for this soldier\""], [524943690251636736, "@CBCNews I refuse to allow radical elements to negatively influence what makes us Canadian even with the rage I am feeling at this moment."], [524947382338076672, "@spaveycracker I hope you're indoors now. Supposedly message went out to stay away from windows, stay inside, etc."]], "node_mapping": {"524941504796962816": 0, "524942648969555968": 1, "524941906808438784": 2, "524942052933783552": 3, "524947241010995201": 4, "524955504758779905": 5, "524942205530935298": 6, "524949280889794562": 7, "524950853330165761": 8, "524948096065609730": 9, "524967835353632769": 10, "524943023441203200": 11, "524949469830578176": 12, "524967764445122561": 13, "524944322354216960": 14, "524944128648695809": 15, "524943376630956032": 16, "524949967707045888": 17, "524943653224337409": 18, "524949681093484544": 19, "524943353323220992": 20, "524942382077599744": 21, "524947317674487808": 22, "524964313417928706": 23, "524950064582893569": 24, "524959177454915584": 25, "524981109172740096": 26, "524968320584654848": 27, "524942663624433664": 28, "524943690251636736": 29, "524947382338076672": 30}, "edges": [[0, 2], [0, 3], [0, 21], [0, 1], [0, 28], [0, 11], [0, 20], [0, 16], [0, 18], [0, 29], [0, 4], [0, 22], [0, 9], [2, 6], [6, 30], [30, 7], [7, 12], [12, 19], [19, 17], [19, 24], [17, 8], [3, 15], [15, 23], [23, 13], [20, 10], [10, 26], [22, 27]]}