{"thread_id": "524940014065811456", "text_thread": [[524940014065811456, "BREAKING: \"Dozens\" of shots fired in Canada's Parliament after gunman entered main door, Ottawa journalist says. http://t.co/qsAnGNqBEw"], [524944028581003264, "@cnni Bound2happen w/ the way the Canadian politicians &amp; civil servants treat the tax payers of Canada Surprised it didn't happen sooner"], [524945505030529024, "@cnni Wait times at Canadian hospitals can reach 18 hours or more"], [524961526331887616, "@cnni My map app shows tweets from #Ottawa shooting site http://t.co/VlcPC99uBJ \u2026 #ParliamentHill"], [524940198673924096, "@cnni shooter inside the parliament has been killed but possible second shooter near the Chateau Laurier hotel."], [524944938317119488, "@cnni wsib in Ontario, Canada has ruined more injuried worker's lives than the work related injuries have While lining their pockets"], [524940558997807104, "@JWadeMoses @cnni Whoa! \ud83d\ude31"], [524940830470316032, "@cnni  word of police swarming hotel near parliament hill no word why"], [524963925025366016, "Kanada bile sapitti \u201c@cnni: BREAKING: \"Dozens\" of shots fired in Canada's Parliament after gunman entered main door http://t.co/K0wfxoqvpo\u201d"], [524946072352092160, "@cnni Canada's aboriginals live in intermittent camps with no clean water and no hope while new Immagrats get free health care and cash"], [524945310695837696, "@cnni Government of Canada ignores the veterans' needs to the point where they commit suicide"], [524965034095435776, "Exactly! @hoosercharles58"], [524946896365047809, "@cnni Government agencies do nothing to help and are only in existence for their salaries and out of control pensions"], [524946485239365632, "@cnni Federal politicians gave themselves, voted themselves a life time pension after 6 years in office"], [524966311126761473, "@worldmist1 Thanks...thought it an Oprah kinda moment...! LOL..!"], [524944290834026496, "@cnni  Don't they have strict gun laws there?"], [524942010080579584, "@cnni \"Breaking news\" is so played out now!  \ud83d\ude1e\ud83d\ude1e\ud83d\ude1e\ud83d\ude1e"], [524946661681143808, "@cnni What I do not get is they are saying that the Parliament Building doesn't have a metal detector. How can it not have a metal detector?"], [524953254765920256, "@cnni @worldmist1 @CNN Why do I see CNN as running \"toward\" the incident in Canada...yet...have seen CNN running \"away\" from Ferguson..?"], [524944390935310336, "@cnni Politicians in Canada line their pockets while the citizens go to under funded foodbanks"], [524941980673904640, "@cnni @CNN my goodness!"]], "node_mapping": {"524940014065811456": 0, "524944028581003264": 1, "524945505030529024": 2, "524961526331887616": 3, "524940198673924096": 4, "524944938317119488": 5, "524940558997807104": 6, "524940830470316032": 7, "524963925025366016": 8, "524946072352092160": 9, "524945310695837696": 10, "524965034095435776": 11, "524946896365047809": 12, "524946485239365632": 13, "524966311126761473": 14, "524944290834026496": 15, "524942010080579584": 16, "524946661681143808": 17, "524953254765920256": 18, "524944390935310336": 19, "524941980673904640": 20}, "edges": [[0, 4], [0, 7], [0, 20], [0, 16], [0, 1], [0, 15], [0, 19], [0, 17], [0, 18], [0, 3], [0, 8], [4, 6], [19, 5], [19, 10], [5, 2], [2, 9], [9, 13], [9, 12], [18, 11], [11, 14]]}