{"thread_id": "524924346411020288", "text_thread": [[524924346411020288, "RCMP yelling everyone to back away from Parliament Hill. Weapons out. Word of shooting inside. #cdnpoli http://t.co/aiXtvjlLP6"], [524926884938002432, "@RichardMadan @CJBK how did he get on property in the first place with rifle."], [524927753909698561, "RT @RichardMadan RCMP yelling everyone to back away from Parliament Hill. Weapons out. Word of shooting inside. http://t.co/BOhR4i2Nbx"], [524925763100094464, "@RichardMadan @CTVWindsor ........texting and shooting ?...."], [524926563364904961, "MT\"@RichardMadan: RCMP yelling everyone to back away from Parliament Hill. Weapons out. Word of shooting inside. http://t.co/hMJMaMLpNl\u201d"], [524927188957945856, "RT @RichardMadan: RCMP yelling everyone to back away from Parliament Hill. Weapons out. #breaking #cdnpoli http://t.co/50y1PbKZRQ"]], "node_mapping": {"524924346411020288": 0, "524926884938002432": 1, "524927753909698561": 2, "524925763100094464": 3, "524926563364904961": 4, "524927188957945856": 5}, "edges": [[0, 3], [0, 4], [0, 1], [0, 5], [0, 2]]}