{"thread_id": "524976773671292928", "text_thread": [[524976773671292928, "NHL postpones Maple Leafs-Senators game after tragic shootings in Ottawa. http://t.co/ANVfFm4Jca http://t.co/g60sdEUw6R"], [524977162714370049, "@RoniDubrovich @theScore woohoo !"], [524991837279625216, "\u201c@theScore: NHL postpones Maple Leafs-Senators game after tragic shootings in Ottawa. http://t.co/6Ueku1gcee http://t.co/vTPB3TecxY\u201d"], [524977013153857537, "@theScore @astruG93 enjoy work :)"]], "node_mapping": {"524976773671292928": 0, "524977162714370049": 1, "524991837279625216": 2, "524977013153857537": 3}, "edges": [[0, 3], [0, 2], [3, 1]]}