{"thread_id": "524969483317026816", "text_thread": [[524969483317026816, "Soldier shot by gunman outside Canada parliament dies, minister says, as police search for multiple suspects"], [524970071572357120, "\u201c@BBCBreaking: Soldier shot by gunman outside Canada parliament dies, minister says, as police search for multiple suspects\u201d \ud83d\ude14\ud83d\ude14\ud83d\ude14"], [524970103306481665, "@BBCBreaking.....  shame! I was hoping he would survive.  R.I.P"], [524973613490122752, "@BBCBreaking This has not been confirmed. An MP misunderstood a tweet and retweeted. Our soldier is still alive."], [524974009382092800, "\u201c@BBCBreaking: Soldier shot by gunman outside Canada parliament dies, minister says, as police search for multiple suspects\u201d"], [524970664915390464, "@BBCBreaking @JeremySinger Not confirmed."], [525006012122939392, "@Chrisgenge Yea same. And no worries!"], [524976140805754880, "@GenerationZedd I just saying what BBC is saying"], [524973601267924993, "@BBCBreaking that's what happen when you give space to muslims."], [524974273275121664, "@CindyLivingsto4 @BBCBreaking this is not confirmed."], [524970471511834624, "\u201c@BBCBreaking: Soldier shot by gunman outside Canada parliament dies, minister says, as police search for multiple suspects"], [524986091108306944, "@JeremySinger Nice work btw &amp; the for sharing."], [524974416141500416, "\u201c@BBCBreaking: Soldier shot by gunman outside Canada parliament dies, minister says, as police search for multiple suspects\u201d Terrible news"], [524969880584740864, "@BBCBreaking Look within their Corrupt system. Cops have been arresting people that are innocent!"], [524977319988174848, "@GenerationZedd,  thank goodness for that.... Prayers are with him and his family."], [524972891415527425, "@Chrisgenge The @TorontoStar reported too."], [524972203633545216, "@BBCBreaking Please STOP your reporting on Canadian Soldier, 'til anything's been confirmed by Canadian Army or PMHarper's Office."], [524972105260339202, "@BBCBreaking THIS HAS NOT BEEN CONFIRMED! @CTVNews has not confirmed! Stop reporting until you have the facts!!!#OttawaShootings"], [524974518209896448, "@laurenliek This is not confirmed. This tweet was an error by our Minister. Our soldier is alive."], [524974982548709376, "@trixywh stop retweeting this. He has not died. Send prayers!"], [524974765149536256, "@simslim He is still alive. Send prayers. That was a mis-tweet by our MP."], [524969730453831681, "RT @BBCBreaking: Soldier shot by gunman outside Canada parliament dies, minister says, as police search for multiple suspects"], [524970254179778560, "@Mainewatching @BBCBreaking you disgusting, deluded individual"], [524977259162386432, "@trixywh I understand...I won't acknowledge the rumor until confirmed by medical or police."], [524970009106579456, "\u201c@BBCBreaking: Soldier shot by gunman outside Canada parliament dies, minister says, as police search for multiple suspects\u201d"], [524970498376355841, "@BBCBreaking heartbreaking"], [524974235903881216, "@JeremySinger @TorontoStar Yeah just heard was hoping it was wrong."], [524979049677201409, "@GenerationZedd 2 MPs are saying it according to CNN"], [524969629689446401, "@BBCBreaking That is not confirmed yet."]], "node_mapping": {"524969483317026816": 0, "524970071572357120": 1, "524970103306481665": 2, "524973613490122752": 3, "524974009382092800": 4, "524970664915390464": 5, "525006012122939392": 6, "524976140805754880": 7, "524973601267924993": 8, "524974273275121664": 9, "524970471511834624": 10, "524986091108306944": 11, "524974416141500416": 12, "524969880584740864": 13, "524977319988174848": 14, "524972891415527425": 15, "524972203633545216": 16, "524972105260339202": 17, "524974518209896448": 18, "524974982548709376": 19, "524974765149536256": 20, "524969730453831681": 21, "524970254179778560": 22, "524977259162386432": 23, "524970009106579456": 24, "524970498376355841": 25, "524974235903881216": 26, "524979049677201409": 27, "524969629689446401": 28}, "edges": [[0, 28], [0, 21], [0, 13], [0, 24], [0, 1], [0, 2], [0, 10], [0, 25], [0, 5], [0, 17], [0, 16], [0, 8], [0, 3], [0, 4], [0, 12], [13, 22], [24, 9], [1, 18], [2, 20], [20, 14], [10, 19], [19, 7], [19, 23], [23, 27], [5, 15], [15, 26], [15, 11], [26, 6]]}