{"thread_id": "524993533212897281", "text_thread": [[524993533212897281, "FBI assisting in the case of the Ottawa shooting, sources have confirmed to CTV News"], [525031764155453441, "@CTVNews I want answers Why did I get netter News fom CNN And CBS ???"], [525023033585827840, "@CTVNews shooting suspect http://t.co/NIMwIg5Ewb"], [524994741180846080, "@CTVNews thankfully  the FBI is really good with lots of resources"], [524993786276220928, "@CTVNews WHY??? its not their country"], [524995135822905345, "@PC_Consult39 @CTVNews When it comes to security were all in it together you dope. In times of crisis we are as one."], [524994366541398017, "@PC_Consult39 because it is a possible terrorist threat that could expand into the US, and they are our closest (literally) allies."]], "node_mapping": {"524993533212897281": 0, "525031764155453441": 1, "525023033585827840": 2, "524994741180846080": 3, "524993786276220928": 4, "524995135822905345": 5, "524994366541398017": 6}, "edges": [[0, 4], [0, 3], [0, 2], [0, 1], [4, 6], [4, 5]]}