{"thread_id": "524925987239120897", "text_thread": [[524925987239120897, "Soldier shot at National War Memorial in Ottawa http://t.co/Sgmcq7gUzf #cdnpoli #hw"], [524938679958405120, "Our thoughts to all those in Ottawa \u201c@CBCPolitics: Soldier shot at National War Memorial in Ottawa http://t.co/WTkR1N0elc #cdnpoli #hw\u201d"], [524930594464362496, "Gunfire inside Canadian parliament; soldier shot at National War Memorial in Ottawa http://t.co/HlfE0oVrN7 #cdnpoli @CBCPolitics"], [524933733246574592, "@CBCPolitics Time to get snipers out on the roofs. Take him out, no talking!!!"], [524930943971504129, "RT @CBCPolitics Soldier shot at National War Memorial in #Ottawa http://t.co/I5GY1kEqfq #cdnpoli #hw"]], "node_mapping": {"524925987239120897": 0, "524938679958405120": 1, "524930594464362496": 2, "524933733246574592": 3, "524930943971504129": 4}, "edges": [[0, 2], [0, 4], [0, 3], [0, 1]]}