{"thread_id": "524929893759737856", "text_thread": [[524929893759737856, "#BREAKING: Soldier shot at war memorial near Canadian parliament: http://t.co/vAAbHQcZif"], [524986162101125120, "@SnakeReaper115 @FoxNews again* sorry for the typo?Happy to see you're proof reading it for me teach...."], [524932513631051776, "@FoxNews @AmericaNewsroom you never hear of anything bad coming out of Canada. This is troubling."], [524985061620580353, "@BlackFlagRising @FoxNews and yet farmers with pitch forks beat you a second time."], [524930381980917760, "@FoxNews The man is now inside the Parliament library with a hunting rifle."], [524939096477941760, "@FoxNews garuantee it's a Muslim!!! A Muslim ran over two soldiers yesterday in an act of terrorism! The shooter is a Koran follower!"], [524978030423576577, "@SnakeReaper115 @FoxNews We sell our oilsand to china. So china might have a problem with that...Jeez no wonder the usa is losing allies..."], [524930928704229376, "@FoxNews WOW those jihadi bastards are going hard in Oh, Canada..."], [524932064551133184, "@FoxNews @Mich_Robertson What this never happens in Canada..."], [524983604888498176, "@BlackFlagRising @FoxNews They've been doing that since 60's. Canada has enought oil reserves to solve even the U.S economic problem."], [524984285863100416, "@SnakeReaper115 @FoxNews Umm Google fracking then tell me agen why Russia is a threat to Canada"], [524946823765843968, "@BlackFlagRising @FoxNews Is this the same country who we patrol their own air border for them?"], [524938333261422592, "@KraftyWurker @FoxNews Pretty good actually. More problematic is when we get involved in your \"liberating\"."], [524939272168931328, "@KraftyWurker @FoxNews Ah a Fox News watcher."], [524932641624055808, "@FoxNews Is it terrorist or workplace violence?"], [524997253669601281, "@SnakeReaper115 @FoxNews look Canada gets attacked by an American made enemy! Why? For helping America! I don't get why we help you assholes"], [524974483107766272, "@SnakeReaper115 @FoxNews ummm russia has beef with you not us. We train with the russians and serve over in bosnia? How dumb are you?"], [524930396975550464, "\u201c@FoxNews: #BREAKING: Soldier shot at war memorial near Canadian parliament: http://t.co/Jmnhb3JW2N\u201d @LeeannWright4"], [524986240861765632, "@SnakeReaper115 @FoxNews http://t.co/wUPwtgjcAI"], [524982939575406592, "@SnakeReaper115 @FoxNews Russia threatened the US with nuclear war this year and yet you think it's Canada that they want to go to war with?"], [524971012371533824, "@SnakeReaper115 @FoxNews When have we ever asked you for military help? Canada trains your spies you retard lmfao!!"], [524931731485622272, "@FoxNews Serious stuff here Now pay attention!!"], [524978343738101760, "@BlackFlagRising @FoxNews Why buy it off you then make a deal with a country to take a cut?"], [524975568237125632, "@BlackFlagRising @FoxNews Do you really think Russia gives a damn about you? Russia wants your oil you dumb-ass."], [524985287777464320, "@BlackFlagRising @FoxNews Is that how you spell?  Yet, you were making fun of our country's education system."], [524948090051395584, "@BlackFlagRising @FoxNews problems first."], [524937935695929344, "@SnakeReaper115 @FoxNews Yep. Lost 155 of them in Afghanistan. Many others injured."], [524971631320764417, "@SnakeReaper115 @FoxNews I can see how well that american education is working for you lol"], [525098439789780993, "@Dirtbags_Pride sad day for Canada"], [525099574290305024, "@Mich_Robertson I know an American who will protect \ud83d\udc4a"], [524934085442277376, "So scary. \u201c@FoxNews: #BREAKING: Soldier shot at war memorial near Canadian parliament: http://t.co/8ug1Vj0YcE\u201d"], [524983909910872064, "@SnakeReaper115 @FoxNews just remember who it was that burnt your white house down. So so powerful lol"], [524947466802987009, "@SnakeReaper115 @FoxNews umm the usa did that in ww2 you idiot lol usa was the last to join the war.  Dumb american lol"], [524946410220027904, "@SnakeReaper115 @FoxNews yup. The Usa always comes crying for canadian forces to help them lol #pathetic"], [524958523260948480, "@BlackFlagRising @FoxNews America would still be the first country Canada ask help for."], [524946925288968193, "@BlackFlagRising @FoxNews Yeah we love it when Canada comes in at the last second and says the helped."], [524948043578503168, "@BlackFlagRising @FoxNews Yeah I admit we should have came in earlier. I think i found out the reason why we interfere with everyone's"], [524938797411475456, "@lenmac1 I seriously doubt the #diversity attacking your parliment is wearing kilts. @FoxNews"], [524972685479391232, "@BlackFlagRising @FoxNews The U.S is the only thing standing in the way of Russia invading Canada. That is when you will ask for our help."], [524979133869490176, "@BlackFlagRising @FoxNews Besides China would never go to war with Russia. They're to close."], [524930310375743488, "#ISIS RT @FoxNews #BREAKING: Soldier shot at war memorial near Canadian parliament: http://t.co/2xhbVbKyB9"], [524930034319233024, "@FoxNews \n\nAnd this:  https://t.co/HSrkQbMfbn"], [524931460550373377, "@FoxNews Problems in Canuckistan, how's that diversity working out for you?"], [524931419798532096, "@FoxNews Canada has soldiers?"], [524952295826784256, "@SnakeReaper115 @FoxNews I know it's hard being an American these days knowing 99% of the world wants to see you all dead. But c'mon now..."]], "node_mapping": {"524929893759737856": 0, "524986162101125120": 1, "524932513631051776": 2, "524985061620580353": 3, "524930381980917760": 4, "524939096477941760": 5, "524978030423576577": 6, "524930928704229376": 7, "524932064551133184": 8, "524983604888498176": 9, "524984285863100416": 10, "524946823765843968": 11, "524938333261422592": 12, "524939272168931328": 13, "524932641624055808": 14, "524997253669601281": 15, "524974483107766272": 16, "524930396975550464": 17, "524986240861765632": 18, "524982939575406592": 19, "524971012371533824": 20, "524931731485622272": 21, "524978343738101760": 22, "524975568237125632": 23, "524985287777464320": 24, "524948090051395584": 25, "524937935695929344": 26, "524971631320764417": 27, "525098439789780993": 28, "525099574290305024": 29, "524934085442277376": 30, "524983909910872064": 31, "524947466802987009": 32, "524946410220027904": 33, "524958523260948480": 34, "524946925288968193": 35, "524948043578503168": 36, "524938797411475456": 37, "524972685479391232": 38, "524979133869490176": 39, "524930310375743488": 40, "524930034319233024": 41, "524931460550373377": 42, "524931419798532096": 43, "524952295826784256": 44}, "edges": [[0, 41], [0, 40], [0, 4], [0, 17], [0, 7], [0, 43], [0, 42], [0, 21], [0, 8], [0, 2], [0, 14], [0, 30], [0, 5], [43, 26], [43, 33], [33, 11], [33, 35], [35, 32], [32, 36], [32, 25], [25, 44], [44, 34], [34, 20], [20, 27], [27, 38], [38, 16], [16, 23], [16, 6], [6, 22], [6, 39], [39, 19], [19, 9], [19, 31], [9, 10], [10, 24], [10, 1], [10, 18], [24, 15], [31, 3], [42, 12], [12, 37], [37, 13], [8, 28], [28, 29]]}