{"thread_id": "524954623145431041", "text_thread": [[524954623145431041, "Latest on shooting in Ottawa w/ dramatic video from inside Canadian Parliament building by @globeandmail http://t.co/iXfjOjwP6y"], [525055218879578112, "@nytimesworld @globeandmail. \n\nWHAT RANK OF PRIVILEGE TO INDESCRIMINATE MURDER OF A HUMAN BEING . SAD DAY.  CONDOLENCES TO ALL."], [524956365056671744, "@nytimesworld @globeandmail this is the equivalent of having armed terrorists roaming through the White House or Congress"], [524990316474929152, "@nytimesworld @globeandmail so HAPPY TO be able to Sing RAP and COUNTRY music on the short film FRIENDS ON HIGH search youtube benjyswann"], [524958868821270528, "@nytimesworld @nytimes @globeandmail , this prophecy for 2014 http://t.co/unt2RNouYX \u041a\u041d\u042b\u041a"]], "node_mapping": {"524954623145431041": 0, "525055218879578112": 1, "524956365056671744": 2, "524990316474929152": 3, "524958868821270528": 4}, "edges": [[0, 2], [0, 4], [0, 3], [0, 1]]}