{"thread_id": "524949306101743616", "text_thread": [[524949306101743616, "NEW: Ottawa police reporting 3rd shooting scene, at Rideau Centre Mall, close to Parliament Hill"], [524950796698673152, "\u201c@siomo: NEW: Ottawa police reporting 3rd shooting scene, at Rideau Centre Mall, close to Parliament Hill\u201d \ud83d\ude4a\ud83d\ude40\ud83d\ude16"], [524951123023892480, "@siomo Their tweet says \"near Rideau Centre,\" meaning it could be Chateau Laurier or other locations."], [524954177232179200, "@siomo @acoyne every Cnd needs to be armed with knowledge of 20th cent. fascist ideology Islamism (not Islam). Must all work to stop in Cnd"], [524955679669649408, "@siomo @geraldericsson If they're radical Muslims, deport them, along with neighbors, friends, employers and Imams. Time to clean house."], [524955333090107392, "@siomo @acoyne  as we did with Nazism. Can't fight if we minimize what it truly is. Calling it 'terrorism' or 'extremism' minimizes it"], [524951523932258304, "\u201c@siomo: NEW: Ottawa police reporting 3rd shooting scene, at Rideau Centre Mall, close to Parliament Hill\u201d"], [524950923215654912, "\u201c@siomo: NEW: Ottawa police reporting 3rd shooting scene, at Rideau Centre Mall, close to Parliament Hill\u201d"]], "node_mapping": {"524949306101743616": 0, "524950796698673152": 1, "524951123023892480": 2, "524954177232179200": 3, "524955679669649408": 4, "524955333090107392": 5, "524951523932258304": 6, "524950923215654912": 7}, "edges": [[0, 1], [0, 7], [0, 2], [0, 6], [0, 3], [0, 4], [3, 5]]}