{"thread_id": "524923678472286209", "text_thread": [[524923678472286209, "#BREAKING news: Shots fired at Parliament Hill. Follow developing story: http://t.co/B8LinPFjvj http://t.co/olsk7N4X5T"], [524924108446785536, "\u201c@globeandmail: #BREAKING news: Shots fired at Parliament Hill. Follow developing story: http://t.co/zs9vK6EcR1 http://t.co/5Rsagw4MY1\u201d"], [524928871033241601, "@linmcgowan @globeandmail  6 medics are performing CPR on a fallen Canadian soldier."], [524923945204465664, "\u201c@globeandmail: #BREAKING news: Shots fired at Parliament Hill. Follow developing story: http://t.co/b7FnZGuYeZ http://t.co/HfzK1SbrFH\u201d"], [524924656214888449, "@globeandmail omg I hope everyone's ok"], [524923965224263680, "@globeandmail @michale_carter"], [524923917635690496, "\u201c@globeandmail: #BREAKING news: Shots fired at Parliament Hill. Follow developing story: http://t.co/uYIjkQkuui http://t.co/3wIR2KFBhO\u201d"], [524929904006406144, "@shelliecorreia @globeandmail I can't even click on my news alert app news its so busy"], [524924848041369601, "\u201c@globeandmail: news: Shots fired at Parliament Hill. Follow developing story: http://t.co/MQ0F9Ycojd http://t.co/wjypk7jprx\u201d @rhs_trending"]], "node_mapping": {"524923678472286209": 0, "524924108446785536": 1, "524928871033241601": 2, "524923945204465664": 3, "524924656214888449": 4, "524923965224263680": 5, "524923917635690496": 6, "524929904006406144": 7, "524924848041369601": 8}, "edges": [[0, 6], [0, 3], [0, 5], [0, 1], [0, 4], [0, 8], [4, 2], [2, 7]]}