{"thread_id": "524980744658382848", "text_thread": [[524980744658382848, "#RCMP to hold news conference on #Ottawa shootings at 2 pm ET, 11 am PT. Watch live coverage @ http://t.co/kngapKTSCe"], [525001263922937857, "@CBCAlerts @CBC is it over or are they still looking for the gunmen?"], [524990946497531905, "@CBCAlerts @CBC let's hope the medias don't gratified these people by publicizing their names all over.. which is exactly what they want.!"], [524982162270220288, "@CBCAlerts @CBCNews @CBCTheNational @petermansbridge @BarackObama @DHSgov @FBI @TorontoPolice @OttawaPolice @rcmpgrcpolice 2P.M.Presser"], [524991474480730112, "@CBCAlerts @CBC our prayers are with our leaders &amp; authorities, may they return safely to their homes"], [524983426072731648, "@CBCAlerts @CBCNews What's the matter with ppl crazy fuck"], [525043841490251776, "@CBCAlerts @FriedgeHNIC let's cut off his head and send back to his family in the middle east."], [524981867876212736, "@CBCAlerts @CBCNews"], [524983145394110464, "@CBCAlerts \nHas car-jacking by suspects been confirmed?  Questionable."], [524983036098924545, "@CBCAlerts @SamHarrisOrg"]], "node_mapping": {"524980744658382848": 0, "525001263922937857": 1, "524990946497531905": 2, "524982162270220288": 3, "524991474480730112": 4, "524983426072731648": 5, "525043841490251776": 6, "524981867876212736": 7, "524983145394110464": 8, "524983036098924545": 9}, "edges": [[0, 7], [0, 3], [0, 9], [0, 8], [0, 5], [0, 2], [0, 4], [0, 1], [0, 6]]}