{"thread_id": "524948941956448257", "text_thread": [[524948941956448257, "RAW VIDEO : Parliament Hill shooting.\nVideo from inside Parliament Hill after shots were fired. #breaking http://t.co/sIwoId5RoH #CBCNews"], [524951159640162305, "@CBCNews Globe and Mail posted this one a little more dramatic. http://t.co/CoLvBrpqu7"], [524950681397239808, "@CBCNews  Mr Harper is responsible for this shooting after involving Canada in bombings to Siria and Iraq. @pmharper"], [524950706646966273, "Shocking @CBCNews Parliament Hill shooting. Video from inside Parliament Hill after shots were fired. #breaking http://t.co/lNBc1IFiuz"], [524985902708584448, "@alfonsotellezr thanks for not answering my question"], [524950618352267266, "@CBCNews Looks like  a movie scene on set!\n#toManyDonuts"], [524951544744378369, "@basznocz it's not our war."], [524950423862779904, "@CBCNews what is the door at the end of the hall during the shooting?  Is that the parliamentary library?"], [524951232176480256, "@alfonsotellezr so defending sinjar and kobane are unjustified?"]], "node_mapping": {"524948941956448257": 0, "524951159640162305": 1, "524950681397239808": 2, "524950706646966273": 3, "524985902708584448": 4, "524950618352267266": 5, "524951544744378369": 6, "524950423862779904": 7, "524951232176480256": 8}, "edges": [[0, 7], [0, 5], [0, 2], [0, 3], [0, 1], [2, 8], [8, 6], [6, 4]]}