{"thread_id": "524942946765131776", "text_thread": [[524942946765131776, "BREAKING: Peter Mansbridge now reporting one suspect shot dead inside Parliament Hill"], [524943843326967809, "@cbcsteve My niece works there. Hope she's oke. @jrdevrije"], [524943141225660418, "@cbcsteve @HuffPostCanada is it confirmed?"], [524943524287242240, "@LaComtess @HuffPostCanada yes"], [524943262449426432, "@cbcsteve @HuffPostCanada Good."]], "node_mapping": {"524942946765131776": 0, "524943843326967809": 1, "524943141225660418": 2, "524943524287242240": 3, "524943262449426432": 4}, "edges": [[0, 2], [0, 4], [0, 1], [2, 3]]}