{"thread_id": "524931019745812480", "text_thread": [[524931019745812480, "DEVELOPING STORY: Soldier shot in #Ottawa at War Memorial. http://t.co/mm5SwzQpyZ http://t.co/U94FCGWlsi"], [525229074265161730, "@KerriBennettW @CTVToronto enemies in our midst...it is very sad! And for what? Hard to understand! A precious life lost senselessly \ud83d\ude22"], [525470479143170049, "@KerriBennettW @CTVToronto that is the word....evil... no other explanation for such an act! :(( Prayers...only God can comfort &amp; heal..."], [525152813857255424, "@CTVToronto @Elisa_Lo_ So sad."], [525462653943037952, "@Elisa_Lo_ @CTVToronto Crazy evil. :( Prayers for comfort for all those harmed/hurt, body or soul."], [524934711656071168, "@CTVToronto We need to do something about this Canada!!"]], "node_mapping": {"524931019745812480": 0, "525229074265161730": 1, "525470479143170049": 2, "525152813857255424": 3, "525462653943037952": 4, "524934711656071168": 5}, "edges": [[0, 5], [0, 3], [3, 1], [1, 4], [4, 2]]}