{"thread_id": "524946179390701568", "text_thread": [[524946179390701568, "LATEST UPDATE: Attacker shot dead in Parliament after soldier shot at National War Memorial http://t.co/pp6hcfWcRw http://t.co/HxODwIZfj6"], [524948371933790208, "@CBCNews perhaps reporters and witnesses should not reveal where MPs and the PM have taken cover. Too much info"], [524947400000303104, "@CBCNews with him dead how do u know how many mor there r &amp; what nex can we expect!!!!??????"], [524950429487345664, "\u201c@CBCNews: LATEST UPDATE: Attacker shot dead in Parliament after soldier shot at National War Memorial http://t.co/3Y511XEQqm"], [524954772252917760, "@CBCNews please spread the word to not display or tell police positions and police doings.  #KeepATightLidMedia thank you."], [524947370044588032, "@CBCNews hopefully there were no other gunmen!"], [524948010653200384, "@CBCNews @JSB_FOX still working on clearing building. Possible others."], [524948057834545155, "@CBCNews bet he's a Muslim convert"], [524946394998915073, "@CBCNews Good."], [524952480367792128, "@CBCNews #soldier thank God one shooter down. How many more?   Get them all!!! Why do u come to Canada??  Keep away from us!"], [524949450557771776, "@CBCNews Greenwald: Canada, At War For 13 Years, Shocked That \u2018A Terrorist\u2019 Attacked Its Soldiers http://t.co/tapy7HBoSW"], [524946719562555392, "Stay safe, Ottawa. RT @CBCNews - UPDATE: Attacker shot dead in Parliament after soldier shot at National War Memorial http://t.co/WWeG0eQIeJ"], [524946561986736128, "#CBCNN #tunein RT @CBCNews: UPDATE: Attacker shot dead in Parliament after soldier shot at National War Memorial http://t.co/oyBRIcFU7x"]], "node_mapping": {"524946179390701568": 0, "524948371933790208": 1, "524947400000303104": 2, "524950429487345664": 3, "524954772252917760": 4, "524947370044588032": 5, "524948010653200384": 6, "524948057834545155": 7, "524946394998915073": 8, "524952480367792128": 9, "524949450557771776": 10, "524946719562555392": 11, "524946561986736128": 12}, "edges": [[0, 8], [0, 12], [0, 11], [0, 5], [0, 2], [0, 6], [0, 7], [0, 1], [0, 10], [0, 3], [0, 9], [0, 4]]}