{"thread_id": "524978172110987264", "text_thread": [[524978172110987264, "OTTAWA SHOOTING\n- Soldier shot at memorial has died: Globe, CTV\n- Harper to speak later today\nhttp://t.co/DkNJOduorR"], [524979820422131712, "@HuffPostCanada Rest now brother for you are with our kin in Valhalla. #VeteranToVeteran #RIP"], [524982242108768256, "MT \"@HuffPostCanada: OTTAWA SHOOTING\n- Soldier shot at memorial has died: Globe, CTV\". So sad and unnecessary-condolences to his family"], [524982615473143808, "@HuffPostCanada @HuffingtonPost So sad. This world is crazy."]], "node_mapping": {"524978172110987264": 0, "524979820422131712": 1, "524982242108768256": 2, "524982615473143808": 3}, "edges": [[0, 1], [0, 2], [0, 3]]}