{"thread_id": "524935586025861121", "text_thread": [[524935586025861121, "Witnesses say as many as 50 shots fired at Parliament Hill. Gunfire reported within the Parliament building. #ottawa http://t.co/HGevLjele0"], [524942748567502848, "@YahooCanadaNews @MaddieDiMuccio Sad this had to happen before many naive people were prepared to accept Canada is vulnerable to terror"], [524951740123459584, "@YahooCanadaNews @MaddieDiMuccio High time to take serious action!!!"], [524943189116190720, "@YahooCanadaNews @MaddieDiMuccio Perhaps @JustinTrudeau will NOW understand food parcels and blankets will not help"], [524941933916217344, "@YahooCanadaNews @DANEgerus Good luck Canada, stop them!"], [524936204727615489, "@YahooCanadaNews @Piet_Heyn godverdomme !!!"]], "node_mapping": {"524935586025861121": 0, "524942748567502848": 1, "524951740123459584": 2, "524943189116190720": 3, "524941933916217344": 4, "524936204727615489": 5}, "edges": [[0, 5], [0, 4], [0, 1], [0, 2], [1, 3]]}