{"thread_id": "524931324763992064", "text_thread": [[524931324763992064, "Very reliable source on Parliament Hill tells me the assailant has been killed. #cdnpoli #ottnews"], [524932714940862464, "@KrisReyes I'm not. I just received an email from someone in Centre Block."], [524932468437053440, "@_MarkSutcliffe are you inside PH? can we talk to you on Global News?"], [524934352845938689, "@_MarkSutcliffe @SensChirp Your source is half right, there are 2 of em."], [524936002297933824, "\u201c@_MarkSutcliffe: Very reliable source on Parliament Hill tells me the assailant has been killed. #cdnpoli #ottnews\u201d"], [524933622441476096, "@_MarkSutcliffe @nspector4 God I hope this is true."], [524932994553769984, "@_MarkSutcliffe thanks Mark, Are you in Ottawa? Stay safe"], [524931653781958656, "\u201c@_MarkSutcliffe: Very reliable source on Parliament Hill tells me the assailant has been killed. #cdnpoli #ottnews\u201d"]], "node_mapping": {"524931324763992064": 0, "524932714940862464": 1, "524932468437053440": 2, "524934352845938689": 3, "524936002297933824": 4, "524933622441476096": 5, "524932994553769984": 6, "524931653781958656": 7}, "edges": [[0, 7], [0, 2], [0, 5], [0, 3], [0, 4], [2, 1], [1, 6]]}