{"thread_id": "524926301678096384", "text_thread": [[524926301678096384, "MORE: @CTVNews reporting second shooting behind Peace Tower on Parliament Hill #ottnews SHOOTER IS ON THE LOOSE."], [524934652604461056, "\u201c@CFRAOttawa: MORE: @CTVNews reporting second shooting behind Peace Tower on Parliament Hill #ottnews SHOOTER IS ON THE LOOSE.\u201d @jackl74"], [524945073168195584, "\u201c@CFRAOttawa: MORE: @CTVNews reporting second shooting behind Peace Tower on Parliament Hill #ottnews SHOOTER IS ON THE LOOSE.\u201d Wtf??"]], "node_mapping": {"524926301678096384": 0, "524934652604461056": 1, "524945073168195584": 2}, "edges": [[0, 1], [0, 2]]}