{"thread_id": "524954833648771072", "text_thread": [[524954833648771072, "At least 30 more shots were fired inside Parliament in Ottawa. http://t.co/1cKIHwuCzl"], [524965089963966464, "KEEP CANADA IN YOUR PRAYERS \u201c@Reuters: At least 30 more shots were fired inside Parliament in Ottawa. http://t.co/jrNkLarZw5\u201d"], [524983670377955328, "\u201c@Reuters: At least 30 more shots were fired inside Parliament in Ottawa. http://t.co/8a4u9PFKzI\u201d Now, Canada !"], [524954992269336576, "\u201c@Reuters: At least 30 more shots were fired inside Parliament in Ottawa. http://t.co/nsKBoxzRCc\u201d WHUHHHH??!!"], [524958828367183872, "\u201c@Reuters: At least 30 more shots were fired inside Parliament in Ottawa. http://t.co/H33dmwgHGg\u201d unprecedented event in peace loving Canada"], [524960567526952961, "@Lisaraniray @Reuters They're probably American."], [524955744496779264, "\u201c@Reuters: At least 30 more shots were fired inside Parliament in Ottawa. http://t.co/N3jzyBGjQV\u201d"], [524960487319273472, "@Lisaraniray @Reuters  thanks to God that we are living in places \"safe\" !Troubled minds provoke hatred and destroy the peace we all deserve"], [524954907099815936, "@Reuters \u0627\u062f\u0639\u0645\u0648\u0648\u0648\u0646\u0627 @Question_arab"], [524966546985472000, "@lisaraniray hey , won't you say big hi to Turkish fans?x"], [524979670824275968, "@Reuters in a country with strict gun control"], [524955605824700416, "\u201c@Reuters: At least 30 more shots were fired inside Parliament..\" #HidingUnderDesks #PassAnotherBrutishLaw #GodIsUrTerrorist #CanadaNeedsWBC"], [524957603881693184, "\u30ab\u30ca\u30c0\u3001\u30aa\u30bf\u30ef\u306e\u8b70\u4f1a\u5468\u8fba\u9283\u6483\u4e8b\u4ef6\u300130\u767a\u4ee5\u4e0a\u306e\u9283\u5f3e\u304c\u767a\u5c04\u3055\u308c\u305f\u6a21\u69d8\u3002\u72af\u4eba\u9003\u8d70\u3001\u635c\u7d22\u7d99\u7d9a\u3002@Reuters At least 30 more shots were fired inside Parliament in Ottawa."]], "node_mapping": {"524954833648771072": 0, "524965089963966464": 1, "524983670377955328": 2, "524954992269336576": 3, "524958828367183872": 4, "524960567526952961": 5, "524955744496779264": 6, "524960487319273472": 7, "524954907099815936": 8, "524966546985472000": 9, "524979670824275968": 10, "524955605824700416": 11, "524957603881693184": 12}, "edges": [[0, 8], [0, 3], [0, 11], [0, 6], [0, 12], [0, 4], [0, 1], [0, 10], [0, 2], [4, 7], [4, 5], [4, 9]]}