{"thread_id": "524925124303396864", "text_thread": [[524925124303396864, "Parliament Hill in lockdown after soldier shot at #Ottawa's War Memorial, just south of East Block."], [524931391856074752, "@NATOCanada @CBCAlerts  #NorthAtlanticTerroristOrganization #Gladio #BolognaMassacre #Oktoberfestattentat #NATOFascism"], [524938692172189696, "Hold. I'm a Conservative. We prefer women with their own minds. U must be thinking Democrats. @Joanne_Alderson @CBCAlerts"], [524928789110087681, "@UmassAlum28 @CBCAlerts hahaha no that's too dangerous apparently. What a crock of shit it is"], [524930114694680576, "Are you whining? @kassandra_m @CBCAlerts"], [524925920227106816, "?? @UmassAlum28 @CBCAlerts"], [524933898338578432, "Pls be safe. @CDNGunner00 @CBCAlerts"], [524925595474726912, "\u201c@CBCAlerts: Parliament Hill in lockdown after soldier shot at #Ottawa's War Memorial, just south of East Block.\u201d wtf"], [524935674525270016, "@UmassAlum28 @CBCAlerts  I may not agree with all your views, but you are bang on with this one #ProtectOurProtectors"], [524936990945730560, "What!  You don't agree with ALL my views? Lol...joking. Thank You\ud83d\ude01 @Joanne_Alderson @CBCAlerts"], [524933644495118336, "\ud83d\udc4d\ud83d\udc4d Stay safe! @CDNGunner00 @CBCAlerts"], [524927808519548928, "Scroll up. @kassandra_m @CBCAlerts"], [524930565385240576, "\u201c@CBCAlerts: Parliament Hill in lockdown after soldier shot at #Ottawa's War Memorial, just south of East Block.\u201d What the fuck"], [524927755398680577, "Y'all need to keep your head on a swivel. Are u allowed to carry? @CDNGunner00 @CBCAlerts"], [524925593016864768, "!!!!! \u201c@CBCAlerts: Parliament Hill in lockdown after soldier shot at #Ottawa's War Memorial, just south of East Block.\u201d"], [524925337856405505, "\u201c@CBCAlerts: Parliament Hill in lockdown after soldier shot at #Ottawa's War Memorial, just south of East Block.\u201d Horrible news."], [524930434611044352, "@UmassAlum28 @CBCAlerts we have our ways mate, if you know what I mean"], [524925671244853248, "RT @CBCAlerts: Parliament Hill in lockdown after soldier shot at #Ottawa's War Memorial, just south of East Block.\u201d"], [524926897910988800, "@CBCAlerts @doctorfullerton Is ISIS a threat here yet? #cdnpoli"], [524930246202916864, "I'm sorry. Makes y'all sitting ducks. @CDNGunner00 @CBCAlerts"], [524933829677830145, "@UmassAlum28 @CBCAlerts roger that man"], [524937735555915776, "@UmassAlum28 @CBCAlerts RIIIGHT?! A woman with her own mind......we r a dying breed. You're welcome \ud83d\ude09"], [524928585669541888, "LMAO. Look at my tweets. Another Canadian Soldier attacked in Canada. @kassandra_m @CBCAlerts"], [524925668199759872, "@UmassAlum28 @CBCAlerts this is the fucking second attack on our soldiers here in 3 days. I'm livid."], [524929455152975874, "Parliament Hill in lockdown after soldier shot at #Ottawa's War Memorial, just south of East Block. Via @CBCAlerts"], [524925462586617856, "Military in America pls take note. This is coming here. @CBCAlerts"], [524925742539210754, "\u201c@CBCAlerts: Parliament Hill in lockdown after soldier shot at #Ottawa's War Memorial, just south of East Block.\u201d Whatttttt? Awful news."]], "node_mapping": {"524925124303396864": 0, "524931391856074752": 1, "524938692172189696": 2, "524928789110087681": 3, "524930114694680576": 4, "524925920227106816": 5, "524933898338578432": 6, "524925595474726912": 7, "524935674525270016": 8, "524936990945730560": 9, "524933644495118336": 10, "524927808519548928": 11, "524930565385240576": 12, "524927755398680577": 13, "524925593016864768": 14, "524925337856405505": 15, "524930434611044352": 16, "524925671244853248": 17, "524926897910988800": 18, "524930246202916864": 19, "524933829677830145": 20, "524937735555915776": 21, "524928585669541888": 22, "524925668199759872": 23, "524929455152975874": 24, "524925462586617856": 25, "524925742539210754": 26}, "edges": [[0, 15], [0, 25], [0, 14], [0, 7], [0, 17], [0, 26], [0, 18], [0, 24], [0, 12], [25, 23], [25, 5], [23, 13], [13, 3], [3, 19], [19, 16], [19, 8], [16, 10], [10, 20], [20, 6], [8, 9], [9, 21], [21, 2], [5, 11], [24, 1]]}