{"thread_id": "524981513637888000", "text_thread": [[524981513637888000, "UPDATE: This morning\u2019s shooting incidents occurred at the National War Memorial and on Parliament Hill.  Not Rideau Centre. #ottnews"], [524982111347163138, "RT @OttawaPolice  This morning\u2019s shooting incidents occurred at the National War Memorial and on Parliament Hill. Not Rideau Centre #ottnews"], [524983846958534656, "@OttawaPolice @Reenit Did the Soldier ... (military guard) have A loaded Rifle ?"], [524993561603739648, "@Reenit. Ok thanks...."], [525021853212233728, "@OttawaPolice this seemed like a clear terrorist attack http://t.co/AyDbT8xKCC"], [525812383382777858, "@DavidBowes6 @OttawaPolice yes there were"], [524988011738841088, "@OttawaPolice (Trad) Mise \u00e0 jour:Les fusillades ont eu lieu au monument comm\u00e9moratif de guerre et au Parlement. Pas au Centre Rideau #Ottawa"], [525010033843920896, "@AngStarGazer @OttawaPolice shots at 3rd location? Yes or no?"], [524984294151061505, "@OttawaPolice Thought from UK will the people of Ottawa shocking total shocking and well done to your emergency response teams"], [525005055507070978, "@OttawaPolice there were shots fired outside of the Rideau centre, not inside so ya, technically the Rideau Centre didn't have a shooting"], [524994538382036992, "@OttawaPolice @ibnlive its sad, but human rights is 4 humans not terrorists, punish all terrorists sheltered in canada under disguise of HR"], [524988507585273856, "@JimHumbert He was a Honor Guard so I'm not sure if he did or not. #OttawaShooting"], [524981685755326464, "\u201c@OttawaPolice: UPDATE: This morning\u2019s shootings occurred at the National War Memorial and on Parliament Hill.  Not Rideau Centre. #ottnews\u201d"], [524984248436920320, "@OttawaPolice How did Rideau Centre get mixed in? Maybe it's on lockdown only?"], [524986416640438272, "@OttawaPolice Any confirmation of the identity of these gunmen? Involvement of Al-queda or ISIS?"]], "node_mapping": {"524981513637888000": 0, "524982111347163138": 1, "524983846958534656": 2, "524993561603739648": 3, "525021853212233728": 4, "525812383382777858": 5, "524988011738841088": 6, "525010033843920896": 7, "524984294151061505": 8, "525005055507070978": 9, "524994538382036992": 10, "524988507585273856": 11, "524981685755326464": 12, "524984248436920320": 13, "524986416640438272": 14}, "edges": [[0, 12], [0, 1], [0, 2], [0, 13], [0, 8], [0, 14], [0, 6], [0, 10], [0, 9], [0, 4], [2, 11], [11, 3], [9, 7], [7, 5]]}