{"thread_id": "524957517294886912", "text_thread": [[524957517294886912, "Gunman on the loose in downtown Ottawa. Canadian citizens disarmed by their government. Target rich environment. #OttawaShooting"], [524958678198530049, "@PrisonPlanet  You are an idiot."], [524960344620269568, "@PrisonPlanet \"Target rich environment\". Sounds like you're planning something."], [524960583125590019, "@PrisonPlanet fuck you."], [524959187512860672, "@PrisonPlanet Stay classy."], [524967098687430656, "@PrisonPlanet @Atheist_Eh @DuncanWeston @AtheistEngineer this is why I will never relinquish my rights to bear arms"], [524960715191644160, "@PrisonPlanet @Mangan150 Oops, time to crack down on deer hunters. lol"], [524959094067957760, "@PrisonPlanet @billybatts6670 9.9 million squared miles of GUN SAFE ZONE."], [524965447154675712, "@PrisonPlanet @isapatriot \n#GunFreeCountry \n\u266a  Whatcha gonna do when they come for you?  \u266b"], [524966911277551616, "@PrisonPlanet If you pulled out your gun on Sparks Street today you would have been dead."], [524967334432501762, "This moron is an alex jones slim ball---&gt; @PrisonPlanet @mettawordlife83"], [524966726791098368, "@PrisonPlanet @mettawordlife83 You are an idiot! You REALLY want Canada to become psycho gun nut 30K a year killed America? You're deluded."], [524967026914516992, "@PatrickHenry999 @PrisonPlanet You are an idiot! You REALLY want Canada to become psycho gun nut 30K a year killed America? You're deluded."], [524959306467524608, "@PrisonPlanet We have more guns per capita than our neighbours down south #Canada #FromMyColdDeadHands"], [524957960393338880, "@PrisonPlanet So not the time, IMHO."], [524959752225587202, "@PrisonPlanet don't talk shite you bloody idiot."], [524966737432039424, "@PrisonPlanet Hundreds of armed cops on the scene dozens of armed rcmp on hill. Not having guns was not the prob today."], [524963793458434048, "@PrisonPlanet Barely an hour for you lot to politicize this shit, eh? Anything for money, I suppose."], [524958844133199872, "\u201c@PrisonPlanet: Gunman on loose in downtown Ottawa. Canadian citizens disarmed by their government. Target rich environment #OttawaShooting\u201d"]], "node_mapping": {"524957517294886912": 0, "524958678198530049": 1, "524960344620269568": 2, "524960583125590019": 3, "524959187512860672": 4, "524967098687430656": 5, "524960715191644160": 6, "524959094067957760": 7, "524965447154675712": 8, "524966911277551616": 9, "524967334432501762": 10, "524966726791098368": 11, "524967026914516992": 12, "524959306467524608": 13, "524957960393338880": 14, "524959752225587202": 15, "524966737432039424": 16, "524963793458434048": 17, "524958844133199872": 18}, "edges": [[0, 14], [0, 1], [0, 18], [0, 7], [0, 4], [0, 13], [0, 15], [0, 2], [0, 3], [0, 6], [0, 17], [0, 8], [0, 11], [0, 16], [0, 9], [0, 5], [0, 10], [18, 12]]}