{"thread_id": "524949887591653376", "text_thread": [[524949887591653376, "#BREAKING: Ottawa Police now confirming a 3rd shooting. This one at the Rideau Centre Mall. No word on injuries at that one.#OttawaShooting"], [524953002847641600, "@dave_bradley @NoahCRothman Sounds like MUSLIMS! Coordinated attack of ISIS sympathizers...soon in USA! Start packing heat folks!"], [525009647754018816, "@CounterJihad @dave_bradley http://t.co/p2Ey3AgaVE"], [524977202874843136, "@dave_bradley @pathomas626 USA needs to implement this. Shoot killers, shoot fleeing criminals, imprison gangsters, rapist, murderers,"], [524958095097602048, ".@dave_bradley @mletterle latest update is one soldier shot (maybe dead) and one shooter killed. #ottawa"], [524967803758317568, "@BrianTaxwhiz @dave_bradley @GCGATOR24 don't worry , we'll kill em"], [524952988021170176, "@dave_bradley @Olivianuzzi Apparently not? https://t.co/fM2wj2Rt8V"], [524953989306408962, "@dave_bradley @sophielui OMG, is Senator Duffy okay?"], [525385992178794499, "@dave_bradley @Steven31015146 Yes, just because they read the Qur'an and use Islamic theology to justify terror doesnt mean they're Muslims"], [524952175148277761, "@dave_bradley @GCGATOR24 sounds like the rag heads gone wild in Canada"], [524973554966597632, "@dave_bradley @Steven31015146 Now we cant profile here, just because these guys dressed like ISIS doesnt mean they are Muslim terrorists..."], [525376764647055360, "@BrianTaxwhiz @dave_bradley @GCGATOR24 they got him , we, in Canada , have no tolerance for this , just Trudeau wants their votes, we don't"], [524955083004735490, "holy hell. RT @dave_bradley: #BREAKING: Ottawa Police now confirming a 3rd shooting. This one at the Rideau Centre Mall."]], "node_mapping": {"524949887591653376": 0, "524953002847641600": 1, "525009647754018816": 2, "524977202874843136": 3, "524958095097602048": 4, "524967803758317568": 5, "524952988021170176": 6, "524953989306408962": 7, "525385992178794499": 8, "524952175148277761": 9, "524973554966597632": 10, "525376764647055360": 11, "524955083004735490": 12}, "edges": [[0, 9], [0, 6], [0, 1], [0, 7], [0, 12], [0, 4], [0, 10], [0, 3], [9, 5], [5, 11], [10, 2], [10, 8]]}