{"thread_id": "524960247518330881", "text_thread": [[524960247518330881, "Timing of Parliament shootings - an hour later and 200+ MPs and dozens of reporters would have been in hall where shooting took place"], [524972230615498752, "@Drew675r cooler heads being? What exactly does that mean in light of what has/is happening?"], [524964352395603969, "@nathancullen @WoodfordCKNW98"], [524961786542309376, "@nathancullen Pretty poorly planned attacks if you asked me.   Don't let the Gov't use this to railroad through their draconian legislation."], [524960458810605569, "@nathancullen My stomach just turned reading that."], [524966765286424576, "@Drew675r  Disgraceful. This just happened, to a Canadian, in Canada. Save your Harper hate for another day please. http://t.co/ZsL5iVMgDy"], [524970780782632961, "@RickFuerst I beg to differ.   This is exactly the time for cooler heads to prevail."], [524972559725756416, "@Drew675r there's a dead Canadian soldier. Today. Shot for no reason. I refuse to be cool today. I refuse to listen to apologists."], [524964442195623936, "@nathancullen @WoodfordCKNW980 not exactly classified information"], [524964832005865472, "@nathancullen Why not just hand the attacker(s) your personal itinerary? I'm sorry, but this isn't a smart tweet to make &amp; should be removed"], [524960491882700800, "@nathancullen Well that's good to know for the next attack"], [524961492022861826, "@nathancullen stay safe, Nathan!"], [524961908194299904, "@nathancullen @christofow that's a sobering thought. Wow."], [525063545893830657, "@nathancullen so if shooter came an hour later he might have killed multiple MP's &amp; reporters. Which Minister will resign? #ottawashooting"], [524963662721581057, "@nathancullen @CKNW dumbass"], [524962893725696000, "@nathancullen @althiaraj Perhaps that's the type of non-news info shouldn't be tweeted, for security reasons?"]], "node_mapping": {"524960247518330881": 0, "524972230615498752": 1, "524964352395603969": 2, "524961786542309376": 3, "524960458810605569": 4, "524966765286424576": 5, "524970780782632961": 6, "524972559725756416": 7, "524964442195623936": 8, "524964832005865472": 9, "524960491882700800": 10, "524961492022861826": 11, "524961908194299904": 12, "525063545893830657": 13, "524963662721581057": 14, "524962893725696000": 15}, "edges": [[0, 4], [0, 10], [0, 11], [0, 3], [0, 12], [0, 15], [0, 14], [0, 2], [0, 8], [0, 9], [0, 13], [3, 5], [5, 6], [6, 1], [6, 7]]}