{"thread_id": "524924225463668738", "text_thread": [[524924225463668738, "BREAKING: CTV News confirms that shots have been fired on Parliament Hill."], [524926943297142786, "@2Shae89 @CP24 seems to be still on the loose in parliament.."], [524926237832400897, "black Twitter or white Twitter shots fired .. RT \u201c@CP24: BREAKING: CTV News confirms that shots have been fired on Parliament Hill.\u201d"], [524924993025884161, "@morganparishh @CP24 for quoting a tweet?"], [524924637248233472, "SMH... RT \"@CP24: BREAKING: CTV News confirms that shots have been fired on Parliament Hill.\""], [524924734971342851, "@CSB1998 @CP24 cameron youre a bad person"], [524926233965236224, "\u201c@CP24: BREAKING: CTV News confirms that shots have been fired on Parliament Hill.\u201d  Wow..."], [524924531807625216, "\u201c@CP24: BREAKING: CTV News confirms that shots have been fired on Parliament Hill.\u201d"], [524926220216320001, "@CP24 Isis"], [524926084056637441, "@cp24 Yup thats great. IM LITERALLY 10 MINUTES AWAY"], [524925434979696640, "RT @CP24: BREAKING: CTV News confirms that shots have been fired on Parliament Hill.\u201d"], [524925839792943104, "@CP24 OMG"], [524925530156838912, "\u201c@CP24: BREAKING: CTV News confirms that shots have been fired on Parliament Hill.\u201d @amandaherdman"], [524925064547172352, "\u201c@CP24: BREAKING: CTV News confirms that shots have been fired on Parliament Hill.\u201d vat?"], [524925417044860928, "\u201c@CP24: BREAKING: CTV News confirms that shots have been fired on Parliament Hill.\u201d WOWZERS!"], [524924506427904000, "guess I left at the right time \u201c@CP24: BREAKING: CTV News confirms that shots have been fired on Parliament Hill.\u201d"], [524924308209270785, "\u201c@CP24: BREAKING: CTV News confirms that shots have been fired on Parliament Hill.\u201d"], [524924397682180096, "\u201c@CP24: BREAKING: CTV News confirms that shots have been fired on Parliament Hill.\u201d Wtf...."], [524930051381665792, "@F_ckYourWords @CP24 \ud83d\ude02\ud83d\ude02"]], "node_mapping": {"524924225463668738": 0, "524926943297142786": 1, "524926237832400897": 2, "524924993025884161": 3, "524924637248233472": 4, "524924734971342851": 5, "524926233965236224": 6, "524924531807625216": 7, "524926220216320001": 8, "524926084056637441": 9, "524925434979696640": 10, "524925839792943104": 11, "524925530156838912": 12, "524925064547172352": 13, "524925417044860928": 14, "524924506427904000": 15, "524924308209270785": 16, "524924397682180096": 17, "524930051381665792": 18}, "edges": [[0, 16], [0, 17], [0, 15], [0, 7], [0, 4], [0, 13], [0, 14], [0, 10], [0, 12], [0, 11], [0, 9], [0, 8], [0, 6], [0, 2], [7, 5], [5, 3], [6, 1], [2, 18]]}