{"thread_id": "524977321430630400", "text_thread": [[524977321430630400, "Ottawa Police spokesman tells @ABC News that 3 suspects are being sought following shootings in Canadian capital - @WorldNews"], [524980704870797312, "\u201c@ABC: Ottawa Police spokesman tells @ABC News that 3 suspects are being sought following shootings in Canadian capital - @WorldNews\u201d #MM330"], [524978578119610368, "@ABC @FaithBased92 @WorldNews Muslims I bet you"], [524977800537587713, "MT @ABC #Ottawa Police spokesman tells @ABC News that 3 suspects are being sought following shootings in Canadian capital"], [524996727456403457, "@ABC  Why does ABC insist on preemptive disruption of scheduled shows to rehash old news &amp; footage. Take a lead from CBS, NBC, &amp; FOX ..."], [524979528972906496, "@cindogg88 @ABC @WorldNews After the hit and run attack on a soldier yesterday? I believe it."], [524977588914384897, "RT @ABC Ottawa Police spokesman tells @ABC News that 3 suspects are being sought following shootings in Canadian capital."]], "node_mapping": {"524977321430630400": 0, "524980704870797312": 1, "524978578119610368": 2, "524977800537587713": 3, "524996727456403457": 4, "524979528972906496": 5, "524977588914384897": 6}, "edges": [[0, 6], [0, 3], [0, 2], [0, 1], [0, 4], [2, 5]]}