{"thread_id": "524970851675176960", "text_thread": [[524970851675176960, "Canada's parliament building locked down after shooting; at least one guard injured: http://t.co/Nrsnlg2s04 Photo: AP http://t.co/qPXF4IF6aM"], [525283443832541184, "@CallMeRage @WSJLive pastel killer"], [524972452464824320, "@WSJLive @WSJ Lies and propaganda are traditionally the tools of theocracy, fascism, and totalitarianism."], [524973084596375553, "RT @WSJLive  Canada's Parliament locked down after shooting; one guard injured: http://t.co/bpiwLvgM1A  Photo: AP http://t.co/93hlyvw95G"], [524973750694182912, "@WSJLive @WSJ wishing them our best."], [524973778439528450, "@WSJLive @WSJ ...you mean @ least 1 guard died"], [525118355964166144, "@CallMeRage @WSJLive I can't hear you over the sound of our schools and movie theaters not being shot the fuck up"], [525119258024767488, "@CallMeRage @WSJLive u mad bro? Thought u was hard core"], [524977026890211328, "@WSJLive @Vaibhavgupta44 THIS IS A SMALL LESSON TO CANADA ON HUMAN RIGHTS ! WHAT IT WAS TRYING TO PREACH TO INDIA IN LAST 10 YRS!"], [525120903064338432, "@CallMeRage @WSJLive 2/10 would not wear"]], "node_mapping": {"524970851675176960": 0, "525283443832541184": 1, "524972452464824320": 2, "524973084596375553": 3, "524973750694182912": 4, "524973778439528450": 5, "525118355964166144": 6, "525119258024767488": 7, "524977026890211328": 8, "525120903064338432": 9}, "edges": [[0, 2], [0, 3], [0, 4], [0, 5], [0, 8]]}