{"thread_id": "524943886553468929", "text_thread": [[524943886553468929, "Reuters: One gunman has been shot dead inside Canadian parliament building #OttawaShooting"], [524983378169581569, "@SkyNewsBreak Ottowa.bet it was D.despicable.I.indiscriminate.S.stupid IS.C.condemnated.O.ooo..oops that was Ottowan..they even attack music"], [524945497078116352, "\u201c@SkyNewsBreak: Reuters: One gunman has been shot dead inside Canadian parliament building #OttawaShooting\u201d"], [524944238661079040, "@SkyNewsBreak There was more than one?"], [524947211864801280, "\u201c@SkyNewsBreak: Reuters: One gunman has been shot dead inside Canadian parliament building #OttawaShooting\u201d #fuoriuno"], [524968614966091776, "@James_Aston_29 @SkyNewsBreak There is no concrete indication yet that this incident has any connection with ISIS, correct?"], [524967843079933953, "@sofiadmateus @SkyNewsBreak I expected it given ISIS threats I just wouldnt think Canada would be the first"], [524945538782097408, "@SkyNewsBreak sounds like a 2nd suspect shot now #OttawaShooting"], [524944052924710913, "@SkyNewsBreak hope it was @justinbieber"], [524944180339281922, "@SkyNewsBreak @SkyNews good!"], [524945769980497920, "\u201c@SkyNewsBreak: Reuters: One gunman has been shot dead inside Canadian parliament building #OttawaShooting\u201d wtffff"], [524947360456380416, "@James_Aston_29 @SkyNewsBreak Thanks. I can't believe it...."], [524968863331782656, "@sofiadmateus @SkyNewsBreak yeah but id be really suprised if its not, its not 1 crazy guy losing it is it"], [524944078480621568, "@SkyNewsBreak @BBCWorld So there is more than 1 shooter? https://t.co/39dZbPmEAJ"], [524944829453963264, "@sofiadmateus @SkyNewsBreak 3"], [524969357064278016, "@James_Aston_29 @SkyNewsBreak Not saying that it's that or that it isn't, just I'd rather wait to see what it is exactly..."], [524950898301493248, "@SkyNewsBreak If this turns out to be a Jihadist, may the world wake up !"]], "node_mapping": {"524943886553468929": 0, "524983378169581569": 1, "524945497078116352": 2, "524944238661079040": 3, "524947211864801280": 4, "524968614966091776": 5, "524967843079933953": 6, "524945538782097408": 7, "524944052924710913": 8, "524944180339281922": 9, "524945769980497920": 10, "524947360456380416": 11, "524968863331782656": 12, "524944078480621568": 13, "524944829453963264": 14, "524969357064278016": 15, "524950898301493248": 16}, "edges": [[0, 8], [0, 13], [0, 9], [0, 3], [0, 2], [0, 7], [0, 10], [0, 4], [0, 16], [0, 1], [3, 14], [14, 11], [11, 6], [6, 5], [5, 12], [12, 15]]}