{"thread_id": "524937330923417600", "text_thread": [[524937330923417600, "UPDATED: Gunman on the loose after soldier shot at Ottawa war memorial http://t.co/0XJ9qbOJ3G http://t.co/Mqgn3ouul8"], [524944459763437569, "@globeandmail ISIS has declared jihad on western soldiers. Is this &amp; the vehicular murder of the soldier connected? @WhiteHouse Are we next?"], [524939124093235201, "#AttackInOttawa\nDowntown\n@globeandmail: Gunman on loose aft soldier shot\n#Ottawa war memorial\nhttp://t.co/Lgu3eHZmxD\nhttp://t.co/xffx8QKUPd"], [524939622132895744, "@globeandmail My twitter app shwos Ottawa shotting http://t.co/VlcPC99uBJ"], [524947122802946049, "@Cuellar360 dis u?  @globeandmail"], [524938501381685248, "yikes \u201c@globeandmail: UPDATED: Gunman on the loose after soldier shot at Ottawa war memorial http://t.co/upd3YhrAtJ http://t.co/OOVpa11ijE\u201d"], [524953935711596544, "@FastFuriousBOLD @globeandmail this is the exact kind of statement that would come out of the mouth of an extremist. Very scary."], [524941478758727680, "\u201c@globeandmail: UPDATED: Gunman on the loose after soldier shot at Ottawa war memorial http://t.co/hewEzX0SDP http://t.co/5ooPhpQjgx\u201d"], [524938892483756032, "@globeandmail Thanks for useful map - non Ottawa people don't have a feel for the layout."], [524943094631108610, "\u201c@globeandmail: UPDATED: Gunman on the loose after soldier shot at #Ottawa war memorial http://t.co/jKne45gMhQ http://t.co/MvUxgzr2GR\u201d"], [524950846396579841, "@globeandmail STUPID CANADA IMPORT MUSLIMS &amp; BLACKS EVERY COUNTRY WILL BE DEVOURED DESTROYED BY WORLD VERMINTS \"COLONIZATION OF WHITE RACE\""], [524938406582050816, "\u201c@globeandmail: UPDATED: Gunman on the loose after soldier shot at Ottawa war memorial http://t.co/8bTTcZC1ld http://t.co/q7JWxe3UwX\u201d"], [524962195428622336, "@IZEDNECK @globeandmail EMAS"]], "node_mapping": {"524937330923417600": 0, "524944459763437569": 1, "524939124093235201": 2, "524939622132895744": 3, "524947122802946049": 4, "524938501381685248": 5, "524953935711596544": 6, "524941478758727680": 7, "524938892483756032": 8, "524943094631108610": 9, "524950846396579841": 10, "524938406582050816": 11, "524962195428622336": 12}, "edges": [[0, 11], [0, 5], [0, 8], [0, 2], [0, 3], [0, 7], [0, 9], [0, 1], [0, 4], [0, 10], [4, 12], [10, 6]]}