{"thread_id": "524968337747767298", "text_thread": [[524968337747767298, "BREAKING: A spokesperson for The Ottawa Hospital confirms that it has received three patients, two of which are in stable condition."], [524968923222257664, "@CP24 somebody tell us something. please"], [524969066302566400, "@CP24 I really hope no news is good news"], [524970226262487040, "@CP24 if any of those are the shooters, pls do not even think about saving their lives."], [524969801622777856, "@CP24 CBC is saying that the soldier has died"], [524968742246420480, "The spokesperson adds that all inquires about the status of a wounded soldier should be directed to the Department of National Defence."], [524968651573960704, "RT @CP24: BREAKING A spokesperson for The Ottawa Hospital confirms that it has received three patients, two of which are in stable condition"]], "node_mapping": {"524968337747767298": 0, "524968923222257664": 1, "524969066302566400": 2, "524970226262487040": 3, "524969801622777856": 4, "524968742246420480": 5, "524968651573960704": 6}, "edges": [[0, 6], [0, 5], [0, 4], [0, 3], [5, 1], [5, 2]]}