{"thread_id": "524945684966166528", "text_thread": [[524945684966166528, "BREAKING: Two or three gunmen were involved in shooting at Canada war memorial, Ottawa police say. http://t.co/qsAnGNqBEw"], [524946491870564352, "@cnni If it were one, I would say the person was crazy. Two or three? I call terrorism unless proven otherwise."], [524948134062219264, "Logo no Canad\u00e1! @cnni: BREAKING: Two or three gunmen were involved in shooting at Canada war memorial, Ottawa police say."], [524947473941282816, "@cnni: BREAKING: Two or three gunmen were involved in shooting at Canada war memorial, Ottawa police say. http://t.co/bV6YfbbV5A @tjbaker98"], [524947725784473600, "@cnni @BungeeWedgie A video seized from the Ukrainian troops is showing Nazi battalion Donbass executing Donbass... http://t.co/HfS3Fubj0k"], [524946544596754432, "\u30ab\u30ca\u30c0\u306e\u30aa\u30bf\u30ef\u3001\u8b70\u4f1a\u5468\u8fba\u65bd\u8a2d\u9283\u6483\u4e8b\u4ef6\u3001\u72af\u884c\u30b0\u30eb\u30fc\u30d7\u306f2\uff5e3\u4eba\u3001\u30aa\u30bf\u30ef\u8b66\u5bdf\u767a\u8868\u3002@cnni Two or three gunmen were involved in shooting at Canada war memorial, Ottawa police say."], [524957134463979520, "@cnni Not first time when highest body of democracy is attacked by militants. First in India and now in Canada both being easy targets."], [524946072284979200, "@cnni Solider was shot. One shooter was shot dead. There are still more shooters at large."], [524949785787133953, "@cnni @CNN india can boast that the Hymenoptera could not enter the Parliament and 6 of our martyrs laid their life to stop it."], [525433346651095041, "@cnni @vermontgmg @CNN rumour as news. You suck."], [524946612041580544, "\u201c@cnni: BREAKING: Two or three gunmen were involved in shooting at Canada war memorial, Ottawa police say. http://t.co/Ixhikcsq4Y"]], "node_mapping": {"524945684966166528": 0, "524946491870564352": 1, "524948134062219264": 2, "524947473941282816": 3, "524947725784473600": 4, "524946544596754432": 5, "524957134463979520": 6, "524946072284979200": 7, "524949785787133953": 8, "525433346651095041": 9, "524946612041580544": 10}, "edges": [[0, 7], [0, 1], [0, 5], [0, 10], [0, 3], [0, 4], [0, 2], [0, 8], [0, 6], [0, 9]]}