{"thread_id": "524950264303075328", "text_thread": [[524950264303075328, "CANADA PARLIAMENT SHOOTING:\n- Still active shooter\n- 3 separate shooting sites\n- Multiple gunmen\n- 1 gunmen dead\nhttp://t.co/lXFiYaVImZ"], [524951156729339905, "@PzFeed fuck ISIS it's on now you fucking pieces of shit"], [524958647416528896, "@coleenjud @PzFeed hey Col thanks. We are safe in our hotel. Not too far from the Parliament Buildings. All Gov. Buildings are locked down."], [524951701376483328, "@PzFeed @LouisCavaliere"], [524951014802067456, "@PzFeed @allahpundit Time to break out the German RAF manual from the 70's/80's."]], "node_mapping": {"524950264303075328": 0, "524951156729339905": 1, "524958647416528896": 2, "524951701376483328": 3, "524951014802067456": 4}, "edges": [[0, 4], [0, 1], [0, 3]]}