{"thread_id": "524949443607412737", "text_thread": [[524949443607412737, "Ottawa Police report a third shooting at Rideau Centre, no reports of injuries."], [524956714303754240, "@newhot899 \"Ottawa Police report a third shooting at Rideau Centre, no reports of injuries.\" Hoping everyone stays safe &lt;3"], [524956942926880768, "@newhot899 near, NEAR the Rideau Centre"], [524950200281202688, "\u201c@newhot899: Ottawa Police report a third shooting at Rideau Centre, no reports of injuries.\u201d Wtf is happening \ud83d\ude2d\ud83d\ude2d\ud83d\ude2d"], [524950874767249408, "@newhot899 your news coverage is all over the place and making it sound like there are hundreds of shootings happening. Please be carful."]], "node_mapping": {"524949443607412737": 0, "524956714303754240": 1, "524956942926880768": 2, "524950200281202688": 3, "524950874767249408": 4}, "edges": [[0, 3], [0, 4], [0, 1], [0, 2]]}