{"thread_id": "524974456851410944", "text_thread": [[524974456851410944, "Map of the locations of shootings in Ottawa, at War Memorial, House of Commons and nearby mall http://t.co/X88Z25p9Tx http://t.co/oFsyyJQ4Qp"], [525099898350215169, "@nytimesworld @nytimes god blesh them whose sufer from war"], [524975909150146560, "@nytimesworld @MikePMoffatt Something is spelled wrong, Rivi\u00e8re des Outaouais."], [524976314236010499, "@nytimesworld @nytimes"], [524976695947046912, "@MVLibertas @nytimesworld @MikePMoffatt How is it spelled wrong?"]], "node_mapping": {"524974456851410944": 0, "525099898350215169": 1, "524975909150146560": 2, "524976314236010499": 3, "524976695947046912": 4}, "edges": [[0, 2], [0, 3], [0, 1], [2, 4]]}