{"thread_id": "524952883343925249", "text_thread": [[524952883343925249, "Watch video showing gunfire inside Canada's parliament in Ottawa http://t.co/CJpXNAk8nS http://t.co/hxwr2NEr2K"], [525031846355435520, "@FlemosKing @BBCBreaking \nWHOOPS - Angry man looka silly on the internet.\n\n\"Ottawa suspect was 'Canadian convert to Islam'\""], [524961388532228098, "@BBCBreaking @TheMattB81 this is crazy..."], [524954368324288512, "Now what! \u201c@BBCBreaking: Watch video showing gunfire inside Canada's parliament in Ottawa http://t.co/AMraVs0bEg http://t.co/mu6FDnsUSd\u201d"], [524959930928070656, "\u201c@BBCBreaking:  gunfire inside Canada's parliament in Ottawa http://t.co/9XPzxYwFI2 http://t.co/5grXS1Fhd4\u201d @hughieb79 Tim Martin??"], [524953204224962560, "Super scary \u201c@BBCBreaking: Watch video showing gunfire inside Canada's parliament in Ottawa http://t.co/qL7qy8JTfz http://t.co/t4K5TtoIUC\u201d"], [524954979736379392, "\u201c@BBCBreaking: Watch video showing gunfire inside Canada's parliament in Ottawa http://t.co/xX5qB7L8KJ http://t.co/cAI5O1gOeA\u201d"], [524954362448449537, "@BBCBreaking @BBCWorld @cnnbrk @cnn @CNN @CBCNews It was eminent for Canada being safe haven &amp; a sanctuary for these jihadis &amp; terrorists"], [524960241340141568, "@danlouth90 @BBCBreaking definitely tank top. Chuck key ......use it."], [524956203294941184, "\u201c@BBCBreaking: Watch video showing gunfire inside Canada's parliament in Ottawa http://t.co/GPF3jvzlFG http://t.co/9c6QBSwr6m\u201d WTF \ud83d\ude33"], [524956639883837441, "@conormcdiarmid1 @kILLBenGregory Is that Stephan harper running by with a handgun around 18 seconds in? Kidding though, a horrible sight"], [524959159377080320, "@BBCBreaking @BBCWorld 2-3 means are controlling the whole police haha"], [524954074262011904, "@BBCBreaking The Religion of Peace I am guessing."], [524954461349752832, "@BBCBreaking Why are the enforcement folks not wearing bullet proof helmets, while they wear bullet proof vests?"], [525034103985684480, "@FlemosKing @BBCBreaking HAHAHA hes a muslim.   Fucktard"], [525019382490361856, "@Teknofish @BBCBreaking u dumb fuck before u open ur mouth u should get ur fact ta straight.. isn't it funny that it was white guy?"], [524961842603388928, "\ud83d\udea8\ud83d\udea8\ud83d\ude33 \u201c@BBCBreaking: Watch video showing gunfire inside Canada's parliament in Ottawa http://t.co/ZliVbLVzrp http://t.co/5bo39y5pHc\u201d"], [524954878138155008, "@Teknofish @BBCBreaking shooting randomly at defenseless ppl ...I'm would bet on it .."], [525030741252767744, "@FlemosKing @BBCBreaking Hey ill give you one.   Ill take the other dozen."], [524954684994629633, "@BBCBreaking cr@p, now for even more security.. what moron decided was a good thing to do? No, don't give him the publicity by telling us!!"], [524954311395405824, "\u201c@BBCBreaking: Watch video showing gunfire inside Canada's parliament in Ottawa http://t.co/O47xVihF1V http://t.co/M7R71czM6G\u201d\n\nOmg!"], [524956937667235840, "@MrJackNyren @conormcdiarmid1 I saw a tweet that was \"Oscar Pistorius at it again\" hahaha but ya terrible story"]], "node_mapping": {"524952883343925249": 0, "525031846355435520": 1, "524961388532228098": 2, "524954368324288512": 3, "524959930928070656": 4, "524953204224962560": 5, "524954979736379392": 6, "524954362448449537": 7, "524960241340141568": 8, "524956203294941184": 9, "524956639883837441": 10, "524959159377080320": 11, "524954074262011904": 12, "524954461349752832": 13, "525034103985684480": 14, "525019382490361856": 15, "524961842603388928": 16, "524954878138155008": 17, "525030741252767744": 18, "524954684994629633": 19, "524954311395405824": 20, "524956937667235840": 21}, "edges": [[0, 5], [0, 12], [0, 20], [0, 7], [0, 3], [0, 13], [0, 19], [0, 6], [0, 9], [0, 11], [0, 4], [0, 2], [0, 16], [12, 17], [12, 15], [15, 18], [15, 1], [15, 14], [4, 8]]}