{"thread_id": "524981689781870593", "text_thread": [[524981689781870593, "One shooting victim succumbed to injuries. He was a member of the Canadian Forces. Our thoughts and prayers are with him and his loved ones."], [524982151906066432, "Just awful. \u201c@OttawaPolice: One shooting victim succumbed to injuries. He was a member of the Canadian Forces.\""], [524982595147558913, ". @OttawaPolice just confirmed that a member of the Canadian Forces has \"succumbed to injuries\" #OttawaShooting"], [524985923147034624, "@OttawaPolice Congrats on your 250\u2605 tweet! http://t.co/O9vSt0wbgx"], [524982936710283264, "Sad. Very very sad MT \u201c@OttawaPolice: One shooting victim succumbed to injuries. He was a member of the Canadian Forces.\u201d"], [524982931820134400, "@englishoak @OttawaPolice hear hear"], [524982628240588800, "@OttawaPolice confirm one suspect and a victim - a CF member are dead #cdnpoli #ottnews"], [524984181659418624, "@OttawaPolice @nytimesworld My condolences"], [525481919366959105, "@OttawaPolice Congrats on your 500\u2605 tweet! http://t.co/KIrYbynKWm"], [524983070076567552, "MT @OttawaPolice: 1 shooting victim succumbed to injuries. He was a member of the C.F. Our thoughts and prayers are w him &amp; his loved ones."], [524982721563885568, "BREAKING @OttawaPolice confirm one shooting victim succumbed to injuries. He was a member of the Canadian Forces #OttawaShooting #cdnpoli"], [524982927864901632, "\u201c@OttawaPolice: One shooting victim succumbed to injuries. He was a member of the Canadian Forces.\" \ud83d\ude14"], [524982851398553600, "@OttawaPolice @tomchapman16  Sympathies to family from this family in England xx"], [524982151847358464, "@OttawaPolice @BuzzFeedNews Amen."], [524982034675273728, "BREAKING: @OttawaPolice have now confirmed death of soldier shot at war memorial #Ottawashooting"], [524983062204276736, "@OttawaPolice Just heartbreaking to read this. My deepest condolences to all &amp; prayers for your safety as suspects are pursued."]], "node_mapping": {"524981689781870593": 0, "524982151906066432": 1, "524982595147558913": 2, "524985923147034624": 3, "524982936710283264": 4, "524982931820134400": 5, "524982628240588800": 6, "524984181659418624": 7, "525481919366959105": 8, "524983070076567552": 9, "524982721563885568": 10, "524982927864901632": 11, "524982851398553600": 12, "524982151847358464": 13, "524982034675273728": 14, "524983062204276736": 15}, "edges": [[0, 14], [0, 13], [0, 1], [0, 2], [0, 6], [0, 10], [0, 12], [0, 11], [0, 4], [0, 15], [0, 9], [0, 7], [0, 3], [0, 8], [12, 5]]}