{"thread_id": "524956372199555072", "text_thread": [[524956372199555072, "Map of areas where Ottawa shootings were reported: National War Memorial, near the Rideau Centre and Parliament Hill. http://t.co/NcfNCR5VCV"], [524979272633831424, "@cnnbrk @CFLancop God have mercy on the victims. But, will this terrorism be termed, Workplace Violence?"], [524959373945479168, "@AllysonGrono supposed to be a Sens/Leafs game tonight here too. Should be cancelled."], [524959188959895552, "@AllysonGrono we like to pretend that too. Police seem to be doing a good job though."], [524957894765453313, "@AllysonGrono \u201c@cnnbrk: Map of areas where shootings reported: War Memorial, near Rideau Centre and Parliament Hill. http://t.co/V76QLuD5vQ\u201d"], [524957360776028160, "@cnnbrk  NORAD has increased it's alert level! Canada's security guards are unarmed .!!!!' Still active"], [524958800085024769, "@MezlO Holllyyyyy shit. I liked to pretend that things like this didn't happen in Canada. Wow."], [524963111263297536, "@AllysonGrono they're making an announcement this afternoon about whether the game is on."], [524962773533728768, "@MezlO I'm actually such a petty person, the second thing I did was check NHL website. Crazy."]], "node_mapping": {"524956372199555072": 0, "524979272633831424": 1, "524959373945479168": 2, "524959188959895552": 3, "524957894765453313": 4, "524957360776028160": 5, "524958800085024769": 6, "524963111263297536": 7, "524962773533728768": 8}, "edges": [[0, 5], [0, 4], [0, 1], [4, 6], [6, 3], [6, 2], [2, 8], [8, 7]]}