{"thread_id": "524983050187579393", "text_thread": [[524983050187579393, "Ottawa police correct their info. No shooting at the Rideau shopping centre. Everything now points to one gunman in two locations."], [524985614828339200, "@DonMartinCTV The media is doing the outrageous speculating not the police. Don't point a finger at them for your sensationalism pls."], [524995872413986818, "@DonMartinCTV @NadineBoudreau The reporters upset with lack of answers watch too much US news; this is Canada. We have different rules here."], [524983314269347840, "@DonMartinCTV \"everything now points\" is an interesting phrase under extant circumstances @jenditchburn @kady @CBCTerry"], [524983424365654016, "@DonMartinCTV who was down in parliament then?"], [524984321992826880, "@DonMartinCTV @CTVAtlantic Um, two people left the car.. Still looking for one"], [525004343087755265, "@DonMartinCTV @JulietONeill  But several witnesses saw two men emerge from parked car without plates"], [525005214508908544, "@RayHeard @DonMartinCTV @JulietONeill wanting to keep 'vigilance' w/o saying some crazed terrorist got away, maybe on a motorbike.."], [524983524961824768, "@DonMartinCTV Early this am had indicated BLACK vehicle w man with gun leaving downtown area. This doesn't jibe with Beige/Coffee Toyota???"], [524984092480503808, "@DonMartinCTV @DerekMacEwen that is good news, well less horrible news"], [525002514018865152, "@DonMartinCTV @trishyorke Trish, our love and prayers are with you and all Canadians.\ud83d\ude4f"], [524983519412367360, "\u201c@DonMartinCTV: Ottawa police correct their info. No shooting at Rideau shopping centre. Everything now points to 1 gunman in 2 locations.\u201d"]], "node_mapping": {"524983050187579393": 0, "524985614828339200": 1, "524995872413986818": 2, "524983314269347840": 3, "524983424365654016": 4, "524984321992826880": 5, "525004343087755265": 6, "525005214508908544": 7, "524983524961824768": 8, "524984092480503808": 9, "525002514018865152": 10, "524983519412367360": 11}, "edges": [[0, 3], [0, 4], [0, 11], [0, 8], [0, 9], [0, 5], [0, 1], [0, 2], [0, 10], [0, 6], [6, 7]]}