{"thread_id": "524967298604359684", "text_thread": [[524967298604359684, "WATCH: Sounds of apparent gunfire inside halls of Canada's Parliament Hill: http://t.co/KzOOm96NEL http://t.co/WOzpsb6dXi"], [524967423536287745, "@ABC sounds like terrorists. maybe ISIS"], [525061923264425984, "@ABC  SOLUTION?  2 A-Bombs. Let Our God and Their \"God\" sort it out."], [524968526961192960, "@ABC WOW"], [524968894784864256, "@ABC  rcmp should have put em down by now."], [524982176312332288, "\u201c@ABC: WATCH: Sounds of apparent gunfire inside halls of Canada's Parliament Hill: http://t.co/aMaLmACFy5 http://t.co/OnkriQEfK9\u201d"], [524969440647979009, "Wowww crazy \u201c@ABC: WATCH: Sounds of apparent gunfire inside halls of Canada's Parliament Hill http://t.co/k7AYE6Fnx0 http://t.co/1f63T9kQ96\u201d"], [524971884379521025, "@ABC why does it say apparent gunfire? Interesting"], [524996502205128704, "Scary news from Parliament Hill in Ottawa.  I was an intern once there - thinking of everyone today @abc @reuters @cnn"], [524970610112593921, "@ABC Our thoughts are with you Ottawa http://t.co/3GTYfDczty"]], "node_mapping": {"524967298604359684": 0, "524967423536287745": 1, "525061923264425984": 2, "524968526961192960": 3, "524968894784864256": 4, "524982176312332288": 5, "524969440647979009": 6, "524971884379521025": 7, "524996502205128704": 8, "524970610112593921": 9}, "edges": [[0, 1], [0, 3], [0, 4], [0, 6], [0, 9], [0, 7], [0, 5], [0, 8], [0, 2]]}