{"thread_id": "524923480173981696", "text_thread": [[524923480173981696, "#BREAKING: Reports of shots fired on Parliament Hill"], [524924943457198081, "RT @CTVNews: #BREAKING: Reports of shots fired on Parliament Hill"], [524932821379723264, "@rudysplace strong criticism from someone who thinks we're at war with frozen water."], [524947209989922816, "@CTVNews @JakeKock"], [524929472295079936, "@CTVNews cops better round up these nutjobs or they risk it being taken care of by the mob.  That would be ugly and swift."], [524923647849684992, "dunyanin en guvenli noktalarindan birinde neler oluyor?? \u201c@CTVNews: #BREAKING: Reports of shots fired on Parliament Hill\u201d"], [524925053847494656, "\u201c@CTVNews: #BREAKING: Reports of shots fired on Parliament Hill\u201d oh no"], [524923966608400384, "I hope everyone is ok. This is awful. \u201c@CTVNews: #BREAKING: Reports of shots fired on Parliament Hill\u201d"], [524939452775673856, "@rudysplace I don't get offended by illiterates"], [524923935696375809, "@CTVNews @TSNSteveLloyd"]], "node_mapping": {"524923480173981696": 0, "524924943457198081": 1, "524932821379723264": 2, "524947209989922816": 3, "524929472295079936": 4, "524923647849684992": 5, "524925053847494656": 6, "524923966608400384": 7, "524939452775673856": 8, "524923935696375809": 9}, "edges": [[0, 5], [0, 9], [0, 7], [0, 1], [0, 6], [0, 4], [0, 3]]}