{"thread_id": "524922507380670464", "text_thread": [[524922507380670464, "#Ottawa police confirm shooting at War Memorial. Reports say victim may be a soldier."], [524923112065081344, "@KathleenCanada @CBCAlerts Who did the shooting?"], [524923072852529152, "\u201c@CBCAlerts: #Ottawa police confirm shooting at War Memorial. Reports say victim may be a soldier.\u201d"], [524928726497525761, "@CBCAlerts"], [524922753066221568, "Ugh...please be safe RT@CBCAlerts: #Ottawa police confirm shooting at War Memorial. Reports say victim may be a soldier.\u201d"], [524925473986736128, "\"@CBCAlerts: #Ottawa police confirm shooting at War Memorial. Reports say victim may be a soldier.\" GODDAMNIT NOT IN MY FUCKING BACKYARD &gt;:("], [524924695356125184, "RT\u201c@CBCAlerts: #Ottawa police confirm shooting at War Memorial. Reports say victim may be a soldier.\u201d"]], "node_mapping": {"524922507380670464": 0, "524923112065081344": 1, "524923072852529152": 2, "524928726497525761": 3, "524922753066221568": 4, "524925473986736128": 5, "524924695356125184": 6}, "edges": [[0, 4], [0, 2], [0, 6], [0, 5], [0, 3], [4, 1]]}