{"thread_id": "524969679790817280", "text_thread": [[524969679790817280, "#leafs could hear shots from their rooms, I am told. #OttawaShooting"], [524973890208944128, "@kevin_mcgran Seriously? A soldier may have died; who cares what the Leafs heard. Get some perspective. #OttawaShooting"], [524984758657613825, "@kevin_mcgran @JeffMarek who cares? is that supposed to make the situation worse than it already is?"], [524972313234923520, "@kevin_mcgran @JeffMarek because that's what everyone wanted to know. #idiot"], [524970085237395457, "FYI @kevin_mcgran: #leafs could hear shots from their rooms, I am told. #OttawaShooting\u201d"], [524970859178786816, "\u201c@kevin_mcgran: #leafs could hear shots from their rooms, I am told. #OttawaShooting\u201d oh my god"], [524970098788798467, "@kevin_mcgran @JeffMarek how to make your self relevant."], [524973075461578752, "\u201c@kevin_mcgran: #leafs could hear shots from their rooms, I am told. #OttawaShooting\u201d that's scary #PrayForOttawa"], [524996174000816128, "\u201c@kevin_mcgran: #leafs could hear shots from their rooms, I am told. #OttawaShooting\u201d\n\nThat's fuckin scary"], [524970762672029696, "Omg RT @kevin_mcgran: #leafs could hear shots from their rooms, I am told. #OttawaShooting"]], "node_mapping": {"524969679790817280": 0, "524973890208944128": 1, "524984758657613825": 2, "524972313234923520": 3, "524970085237395457": 4, "524970859178786816": 5, "524970098788798467": 6, "524973075461578752": 7, "524996174000816128": 8, "524970762672029696": 9}, "edges": [[0, 4], [0, 6], [0, 9], [0, 5], [0, 3], [0, 7], [0, 1], [0, 2], [0, 8]]}