{"thread_id": "524947964620701696", "text_thread": [[524947964620701696, "Some Leaf players say they heard shots this morning from the Tomb of the Unknown Soldier. Scary events in Ottawa"], [524950803648622592, "\u201c@BonsieTweets: Some Leaf players say they heard shots this morning from the Tomb of the Unknown Soldier.\" @THNKenCampbell but Kanata right?"], [524949423580008448, "@BonsieTweets @L0velyMissJenn  omg...scary"], [524948410542338049, "\u201c@BonsieTweets: Some Leaf players say they heard shots this morning from the Tomb of the Unknown Soldier. Scary events in Ottawa\u201d : O"], [524948304380321794, "@BonsieTweets Awful ... just awful. Be safe all. Thoughts are with family of soldier :("], [524949873121300480, "@L0velyMissJenn it's unbelievable what this world is coming too."], [524948398886375424, "@BonsieTweets Stay Safe!"], [524960960038318080, "@VBroadbelt yes, I meant the one soldier that suffered injuries earlier in today's events"], [524951330868457472, "@L0velyMissJenn they better be! ..they need to be shot themselves !! Pricks"], [524951040513540096, "@L0velyMissJenn Omg I didn't hear that..good lord!! The city is in lock down i'm sure..prayers r with everyone there ."], [524957922087145473, "@Teaqueen180 @BonsieTweets it's the tomb of the unknown soldier meaning the soldiers they couldn't identify during/after WW1&amp;2 not a person"], [524950984670588930, "\u201c@BonsieTweets: Some Leaf players say they heard shots this morning from the Tomb of the Unknown Soldier. Scary events in Ottawa\u201d very scary"]], "node_mapping": {"524947964620701696": 0, "524950803648622592": 1, "524949423580008448": 2, "524948410542338049": 3, "524948304380321794": 4, "524949873121300480": 5, "524948398886375424": 6, "524960960038318080": 7, "524951330868457472": 8, "524951040513540096": 9, "524957922087145473": 10, "524950984670588930": 11}, "edges": [[0, 4], [0, 6], [0, 3], [0, 2], [0, 1], [0, 11], [4, 10], [10, 7]]}