{"thread_id": "524931110279852032", "text_thread": [[524931110279852032, "Soldier shot, Parliament locked down after gunfire erupts at war memorial. Developing story: http://t.co/ULAKX3dYO1 http://t.co/o5P3RDYb8C"], [524946627455631360, "@globeandmail props to your journalists for gaining amazing access to the scene in #ParliamentHill. Great work."], [524932041457291264, "\u201c@globeandmail: Soldier shot, Parliament locked down after gunfire erupts at war memorial. http://t.co/js9CLv0D4y http://t.co/oXYpP3T16m\u201d"], [524933298314039296, "#AttackInOttawa\n@globeandmail: Soldier shot; Parliament locked down; gunfire erupts\nhttp://t.co/snL5JwIKrg http://t.co/4GoYDx8dQ3"], [524932001720459264, "\u201c@globeandmail: Developing story: http://t.co/AMKw4uKBum http://t.co/pMTen98sBN\u201d. Soldiers shouldn't have this concern at home!!"]], "node_mapping": {"524931110279852032": 0, "524946627455631360": 1, "524932041457291264": 2, "524933298314039296": 3, "524932001720459264": 4}, "edges": [[0, 4], [0, 2], [0, 3], [0, 1]]}