{"thread_id": "524964223185850368", "text_thread": [[524964223185850368, "Canadian soldier shot in Ottawa a reservist from Hamilton http://t.co/MTYfpfQLJY #HamOnt #Canpoli #ottawashooting http://t.co/geEQSNG1mi"], [524969723705184256, "@CBCHamilton @LynneHolland11 R.I.P. young man. Deepest sympathies to those affected by these needless and tragic events, from the UK."], [524974339943587840, "@CBCHamilton @CBCNews #HamOnt #Canpoli #ottawashooting Prayers to the Family n Military family of the murdered reservists!"], [524976494347812864, "@CBCHamilton @CBCNews Harper brought war to Canada, open your eyes!!! We were peace keepers, gave aid. Then there was Harper who brought war"]], "node_mapping": {"524964223185850368": 0, "524969723705184256": 1, "524974339943587840": 2, "524976494347812864": 3}, "edges": [[0, 1], [0, 2], [0, 3]]}