{"thread_id": "524941720249978880", "text_thread": [[524941720249978880, "Footage from Globe reporter captures exchange of gun fire in Parliament Hill building https://t.co/FOu4PbNCDq"], [524944501052145664, "@globeandmail @exjon And this is literally at our door. Pres won't secure our borders from #ebola or #ISIS...why is that?"], [524942091634614273, "Holy shit!!! @globeandmail: Footage from Globe reporter captures exchange of gun fire in Parliament Hill building https://t.co/AQweBsfdTs\u201d"], [524944812752252928, "@dutchysc @globeandmail so scary."], [524941972788633600, "\u201c@globeandmail: Footage from Globe reporter captures exchange of gun fire in Parliament Hill building https://t.co/EFkaKoY3u1\u201d new link."], [524946060985532417, "@MissTaraTeng @globeandmail I say he was let in that is the only explanation. We have to b open If it is ISIS related they have supporters"], [524946564167397378, "@cfletch_13 @globeandmail @exjon Neither. Do you not understand how sarcasm works or are you merely obtuse?"], [524942600344571904, "@globeandmail How is the suspect STILL on the loose? And how was he able to drive right up to centre block, get inside &amp; start shooting?"], [524958721479155713, "@ericabecks @MissTaraTeng @globeandmail wat news agrees its isis ?  Im interested"], [524956095841050624, "@cdn_rob @MissTaraTeng @globeandmail Come on I know it's hard to imagine but we need to suspect the coinsedence. Even the news agrees."], [524942125553954816, "\u201c@globeandmail: Footage from Globe reporter captures exchange of gun fire in Parliament Hill building https://t.co/6SVYevOT4V\u201d Disturbing"], [524942059657244673, "Chilling footage: @globeandmail: Globe reporter captures exchange of gun fire in Parliament Hill building https://t.co/SIQyjpAKpB"], [524956259624054784, "@ericabecks @MissTaraTeng @globeandmail hey maybe its bin Laden"], [524943714029150209, "@davesquiresnl @globeandmail Seems surreal, doesn't it? Incredible professionalism to keep shooting &amp; share horrific scene."], [524956916305645568, "@cdn_rob @MissTaraTeng @globeandmail no he's already dead you obviously think this is a joke so I will end this now"], [524957228327907328, "@ericabecks @MissTaraTeng @globeandmail ya keep thinking its isis. Theres alot of fkd up people out there other then them idiots over there"], [524945172321538048, "@globeandmail \nFOX-7 News in Austin Tx here.. May we use you video on the air? We will credit The Globe and Mail."], [524955491965730818, "@cdn_rob @ericabecks @globeandmail // She's just saying that it could be anyone... We don't have the full story. No accusations here."], [524942599866830849, "Thoughts to all involved. \u201c@globeandmail: Footage fr Globe reporter captures exchange of gun fire in Parliament Hill https://t.co/tvhcyltFKf"], [524945273358139392, "@IStateYourName_ @globeandmail @exjon Are you on strong opiates or are you an idiot?"], [524946345271263234, "@MissTaraTeng @globeandmail that 1st gunman is dead his partner in crime is on a brown motorcycle and took shelter"], [524944527111757825, "\u201c@globeandmail: Footage from Globe reporter captures exchange of gun fire in Parliament Hill building https://t.co/qnOzl1GynU\u201d wow."], [524942687427121153, "Wow \"@globeandmail: Footage from Globe reporter captures exchange of gun fire in Parliament Hill building https://t.co/6XLV4cXBSj\u201d"], [524942613934141440, "@globeandmail Surreal video. Shocking. #cdnpoli"], [524943217947860992, "@globeandmail HOLY KRUD!"], [524945042574938113, "@globeandmail irresponsible use of fire arms creates laws that restrict them? Use your voice not your gun. Guns don't create solutions."], [524943390816079872, "\u201c@globeandmail: Footage from Globe reporter captures exchange of gun fire in Parliament Hill building https://t.co/bNqfhPI1mx\u201d"], [524942355175337984, "\u201c@globeandmail: Footage from Globe reporter captures exchange of gun fire in Parliament Hill building https://t.co/gisvSVGgvc\u201d here it is"], [524953928320831489, "@ericabecks @MissTaraTeng @globeandmail who said anything about isis?"], [524944194402795520, "@globeandmail sounded like 9 rest echoes"]], "node_mapping": {"524941720249978880": 0, "524944501052145664": 1, "524942091634614273": 2, "524944812752252928": 3, "524941972788633600": 4, "524946060985532417": 5, "524946564167397378": 6, "524942600344571904": 7, "524958721479155713": 8, "524956095841050624": 9, "524942125553954816": 10, "524942059657244673": 11, "524956259624054784": 12, "524943714029150209": 13, "524956916305645568": 14, "524957228327907328": 15, "524945172321538048": 16, "524955491965730818": 17, "524942599866830849": 18, "524945273358139392": 19, "524946345271263234": 20, "524944527111757825": 21, "524942687427121153": 22, "524942613934141440": 23, "524943217947860992": 24, "524945042574938113": 25, "524943390816079872": 26, "524942355175337984": 27, "524953928320831489": 28, "524944194402795520": 29}, "edges": [[0, 4], [0, 11], [0, 2], [0, 10], [0, 27], [0, 18], [0, 7], [0, 23], [0, 22], [0, 24], [0, 26], [0, 29], [0, 1], [0, 21], [0, 25], [0, 16], [27, 3], [7, 5], [7, 20], [5, 28], [28, 17], [28, 9], [9, 12], [12, 14], [14, 15], [15, 8], [22, 13], [1, 19], [19, 6]]}