{"thread_id": "524953604717686784", "text_thread": [[524953604717686784, "CANADIAN OFFICIALS NOW CALLING TODAY'S PARLIAMENT SHOOTING A TERRORIST ATTACK - http://t.co/5VYMWGWyx3 http://t.co/jQn39E7hTA"], [524953838835728385, "@Breaking911 Plausible. Multiple locations. Multiple gunmen. They've got to be motivated by something."], [524984366079148032, "@RobertH2334 @Breaking911 He is and has been a zero walking."], [524965748012507136, "@Breaking911 so was the WTC....not a MOSSAD setup...noooo"], [524981885005332480, "@Breaking911 @SemiAutoAZ  Glad to see SOMEBODY call terrorism what it is."], [524963651766468608, "@Breaking911 @RahnBForney Well, that seems to be the excuse to bring out the army, pretending to be police."], [524983084325036032, "@Breaking911 @shelliecorreia of course it terror premeated right out of #ottawa mosques that are #ISIS training centres to radicalize CDNs"], [524963597038809088, "@Breaking911 @RahnBForney \nDown here it would be called work violence!"], [524954408812302338, "@Breaking911 @gailtalk Do you remember when #Canada was White. The Great White North. Before #immigration #diversity? #Canuckistan"], [524964142290325504, "@Breaking911 @RahnBForney That's like a robber or murderer getting shot and complaining about gun violence."], [524954572511383552, "@Breaking911 I call the EXECUTION of #MikeBrown by #DarrenWilson a TERRORIST ATTACK against the people! @SleepySteve95 #OttawaShooting"], [524976581551603713, "@Breaking911 @im4tech73h Are they sure it's not workplace violence?  Maybe they should check with #Obama."], [524963171594141696, "@Breaking911 @GCGATOR24 OMG Don't tell me...The Religion of Peace again!"], [524956540424691712, "@Breaking911 @TMZ_Politics So, \"terrorist attack\" is Canadian for \"workplace violence\"?"], [524982007114522626, "@Breaking911 @AZWS Racists...  #ISIS #Bergdahl #Taliban5 #MuslimBrotherhood #Benghazi   We have your back. Unfortunately our Pres is MUSLIM."], [524963108817997824, "@Breaking911 @treesaree  They obviously didnt clear that w Obama since he thinks he rules the world!"], [524982227500007424, "@Breaking911 @AZWS Are you sure it wasn't a multiple sight work place violence type thing...ugh"], [524963665343422464, "@Breaking911 lets see if the lib media will pick this up. Finally someone calling this what it is."], [524954863793221632, "@Breaking911 @chazermann26 Could It Be That Their Coddling Of The Terrorists Streaming Into Their Nation ; Somehow Encouraged The Wolves ?"], [524977128035868672, "@SleepySteve95 @Breaking911 HATE."]], "node_mapping": {"524953604717686784": 0, "524953838835728385": 1, "524984366079148032": 2, "524965748012507136": 3, "524981885005332480": 4, "524963651766468608": 5, "524983084325036032": 6, "524963597038809088": 7, "524954408812302338": 8, "524964142290325504": 9, "524954572511383552": 10, "524976581551603713": 11, "524963171594141696": 12, "524956540424691712": 13, "524982007114522626": 14, "524963108817997824": 15, "524982227500007424": 16, "524963665343422464": 17, "524954863793221632": 18, "524977128035868672": 19}, "edges": [[0, 1], [0, 8], [0, 10], [0, 18], [0, 13], [0, 15], [0, 12], [0, 7], [0, 5], [0, 17], [0, 9], [0, 3], [0, 11], [0, 4], [0, 14], [0, 16], [0, 6], [1, 19], [15, 2]]}