{"thread_id": "524974975623892992", "text_thread": [[524974975623892992, "The NHL has decided to postpone tonight's #sens-#leafs game in Ottawa. The right decision. The only decision."], [524976268010602497, "@reporterchris agreed...just took too long to make it"], [524978857930027009, "@reporterchris seriously. Did you think it wasn't going to be cancelled?"], [524975233888182272, "@fagstein @reporterchris Good...."], [524976259030597632, "@reporterchris so sad and scary-hate this for all involved"], [524977565136474112, "@reporterchris @DVDVR_DFA How on Earth it was ever a question, I find disturbing."]], "node_mapping": {"524974975623892992": 0, "524976268010602497": 1, "524978857930027009": 2, "524975233888182272": 3, "524976259030597632": 4, "524977565136474112": 5}, "edges": [[0, 3], [0, 4], [0, 1], [0, 5], [0, 2]]}