{"thread_id": "524954630279925760", "text_thread": [[524954630279925760, "Shooting locks down Canadian parliament; one suspect reported dead http://t.co/H3Z4PtvSuU"], [524954869258784768, "@Reuters Soldier who has been shot is alive in the hospital"], [524966643857108992, "@Francolinie @putainovitsj @Reuters  zuid America heb je weer andere ellende maar allah zal daar niets voor elkaar krijgen #SchietenTerug"], [524955920783396866, "\u201c@Reuters: Shooting locks down Canadian parliament; 1 suspect reported dead..\" #GodIsUrTerrorist #HidingWontHelp #LiftTheBan #CanadaNeedsWBC"], [525004017467154432, "@spieringfl @Francolinie @putainovitsj @Reuters  en laat ik dat nou veel liever hebben #KiezenTussenTweeKwaden"], [524954755358289921, "@Reuters Possible five shooters."], [524964132513005568, "Now I am SURE the entire world has gone bonkers...  \u201c@Reuters: Shooting locks down Canadian parliament;  http://t.co/0KgfE5TBWm\u201d"], [524971863274180609, "@Reuters soldier in uniform dead\ud83c\udfba"], [524956029113491456, "oMG \"@Reuters: Shooting locks down Canadian parliament; one suspect reported dead http://t.co/NWInhJlq4B\u201d"], [525005229503553537, "Gheghe @putainovitsj @7E55E @spieringfl @Reuters"], [524968584385024000, "RT @AristeguiOnline \u201c@Reuters: Shooting locks down Canadian parliament; one suspect reported dead http://t.co/uhSd68EKkV\u201d"], [525005068731703296, "@7E55E @spieringfl @Francolinie @Reuters Wrijft de priester over je bolletje, let dan maar op voor je euh...\"holletje\" ;-) lol!"], [524954712895127553, "@Reuters \u062a\u0628\u064a \u064a\u0646\u0644\u062d\u0633 \u0645\u062e\u0643 \u061f \u062a\u0639\u0627\u0644 \u0647\u0627\u0644\u062d\u0633\u0627\u0628 - @Question_arab"], [524958718648410112, "@Reuters It wld surely some paki inspired by the way they had attacked Indian parliament, Canadian govt need to control this rats"], [524956031416565760, "Canada kan nu definitef v mijn lijst als veilig land om heen te vluchten wanneer het hier uit de hand gaat lopen #aanslagen #jihad @Reuters"]], "node_mapping": {"524954630279925760": 0, "524954869258784768": 1, "524966643857108992": 2, "524955920783396866": 3, "525004017467154432": 4, "524954755358289921": 5, "524964132513005568": 6, "524971863274180609": 7, "524956029113491456": 8, "525005229503553537": 9, "524968584385024000": 10, "525005068731703296": 11, "524954712895127553": 12, "524958718648410112": 13, "524956031416565760": 14}, "edges": [[0, 12], [0, 5], [0, 3], [0, 8], [0, 14], [0, 13], [0, 6], [0, 10], [0, 7], [5, 1], [14, 2]]}