{"thread_id": "524965165759221760", "text_thread": [[524965165759221760, "#BREAKING Minister of Employment Jason Kenney confirms the soldier shot in Ottawa is dead http://t.co/lKTCYy4qry http://t.co/COnhvF3DyU"], [524969439385878528, "@SkipStartsHere @TorontoStar Global discussed that tweet. I'm just going off what I'm hearing by them."], [524967728281825281, "@InsideOilers @TorontoStar he did tweet it though."], [524966339702980608, "This is heartbreaking \u201c@TorontoStar: #BREAKING Soldier shot in Ottawa is dead http://t.co/UKG0pcDCQO http://t.co/vM8j7ldCOC\u201d"], [524966948598054912, "@AndreaLakey @TorontoStar I'm not sure- it's been confirmed and then not. ?"], [524966820496039936, "@TorontoStar @LittleCityCharm We heard he is listed in critical condition..."], [524966557605462020, "\u201c@TorontoStar: #BREAKING Minister of Employment Jason Kenney confirms the soldier shot in Ottawa is dead http://t.co/ZXCgIOV9Ur &gt; My God."], [524966818184560641, "@TorontoStar @TrevorBoller Damn it."], [524965541149433858, "@TorontoStar @ryanpaulgibson how heartbreaking"], [524966078649081857, "\u201c@TorontoStar: #BREAKING Minister of Employment Jason Kenney confirms the soldier shot in Ottawa is dead http://t.co/dhR0dohtnh\u201d \ud83d\ude14\ud83d\ude14"], [524967135232421888, "@TorontoStar How does he know? Maybe he's wrong? I wouldn't call it confirmation."], [524965732585463809, "@TorontoStar heartbreaking. Thoughts are with the family."], [524968405137637376, "@TorontoStar My heart goes out to &amp; my thoughts are with fallen Soldier's family &amp; loved ones."], [524968489413791744, ":( :( :( @TorontoStar: #BREAKING Minister of Employment Jason Kenney confirms the soldier shot in Ottawa is dead http://t.co/udI7f2CZFO"], [524967667342385152, "Dammit. \u201c@TorontoStar: #BREAKING Minister of Employment Jason Kenney confirms the soldier shot in Ottawa is dead #RIP"], [524968576571408384, "@SkipStartsHere @TorontoStar Global reporting that the first part of tweet was in regards to previous solider incident in Quebec."], [524969822996922369, "@LittleCityCharm @TorontoStar i think they just confirmed it ; ( sad day sad day..."], [524967414304612352, ".@TorontoStar Retract your statement. This has NOT been confirmed. Erroneous report. Get it together, Canadian media."], [524965542994931712, "@TorontoStar crap. Very sad news"], [524967382469869568, "@TorontoStar: Minister of Employment Jason Kenney confirms the soldier shot in Ottawa is dead http://t.co/X37eJrH39q #RIP"], [524965707722002433, "@TorontoStar OMG"]], "node_mapping": {"524965165759221760": 0, "524969439385878528": 1, "524967728281825281": 2, "524966339702980608": 3, "524966948598054912": 4, "524966820496039936": 5, "524966557605462020": 6, "524966818184560641": 7, "524965541149433858": 8, "524966078649081857": 9, "524967135232421888": 10, "524965732585463809": 11, "524968405137637376": 12, "524968489413791744": 13, "524967667342385152": 14, "524968576571408384": 15, "524969822996922369": 16, "524967414304612352": 17, "524965542994931712": 18, "524967382469869568": 19, "524965707722002433": 20}, "edges": [[0, 8], [0, 18], [0, 20], [0, 11], [0, 9], [0, 3], [0, 6], [0, 7], [0, 5], [0, 10], [0, 19], [0, 17], [0, 14], [0, 12], [0, 13], [5, 4], [4, 16], [17, 2], [2, 15]]}