{"thread_id": "524972277406773248", "text_thread": [[524972277406773248, "Video: Reporter captures shoot-out in Ottawa's Parliament Hill building. Watch: http://t.co/BIemkWAVtc http://t.co/d0BakjCrAB"], [524985481336205313, "@TelegraphNews @FearDept Probably a drill."], [524975748650909696, "\u201c@TelegraphNews: Video: Reporter captures shoot-out in Ottawa's Parliament Hill building.  http://t.co/yUkWmEnreR http://t.co/sFRcKnS5MJ\u201d"], [524976309534228480, "@TelegraphNews I'm 99% sure first shot fired is from a rifle."], [525059907155148800, "@seemakalia It seems I was wrong. It was a shotgun. But still definitely a major difference in sound in that 1st shot &amp; the rest.\ud83d\ude2c"], [525062128341118978, "@seemakalia Absolutely. I was curious myself. Glad they stopped him before he did more damage."], [524985127248875520, "@seemakalia No I'm saying I shoot firearms a good bit and the first shot sounds (to me) like a rifle. Could've been anybody. @TelegraphNews"], [525060428292837377, "@ScottInSC Thank you for following up. I'd be curious to know who fired first shots."], [525062711164801025, "@seemakalia Also listen closely to how loud the first shot is. Definitely not a pistol caliber round. Bad guy shot first. Glad he's dead."], [525179599626731520, "@TelegraphNews @RISLEIMAN \u0627\u0644\u0645\u0634\u0643\u0644\u0629 \u0623\u0645\u0647 \u0643\u0646\u062f\u064a\u0629 \u0648\u0645\u0648\u0644\u0648\u062f \u0641\u064a \u0643\u0646\u062f\u0627 \u0648\u0639\u0645\u0631\u0647 \u0645\u0627\u0634\u0627\u0641 \u0644\u064a\u0628\u064a\u0627\n#\u0627\u0644\u0645\u0647\u0627\u062c\u0645 \u0644\u064a\u0628\u064a \u0645\u0646 \u0639\u0627\u0626\u0644\u0629 \u0627\u0644\u0632\u062d\u0627\u0641 #\u064a\u0642\u0627\u0644 \u0627\u0646\u0647 \u0634\u0627\u0631\u0643 \u0641\u064a \u0627\u0644\u062b\u0648\u0631\u0629 \u0627\u0644\u0644\u064a\u0628\u064a\u0629"], [524983999694110720, "@ScottInSC @TelegraphNews Meaning that would be the suspect shooting?"]], "node_mapping": {"524972277406773248": 0, "524985481336205313": 1, "524975748650909696": 2, "524976309534228480": 3, "525059907155148800": 4, "525062128341118978": 5, "524985127248875520": 6, "525060428292837377": 7, "525062711164801025": 8, "525179599626731520": 9, "524983999694110720": 10}, "edges": [[0, 2], [0, 3], [0, 1], [0, 9], [3, 10], [10, 6], [10, 4], [4, 7], [7, 5], [7, 8]]}