{"thread_id": "524925730053181440", "text_thread": [[524925730053181440, "Shooter still on loose after uniformed soldier shot at #Ottawa's War Memorial, across road from Parliament. MP's being taken out of offices."], [524928439678427136, "@CBCAlerts Chris. Not about guns. about Canada and Isis.Muslim extremist ran over two soldiers in Quebec. Blame Harper for allowing cars"], [524926598576099328, "\u201c@CBCAlerts: Shooter still on loose after uniformed soldier shot at War Memorial, across road from Parliament.  :( sad..."], [524926744714047488, "@CBCAlerts @CBCNews , well blame Steven Harper , he's all for guns , wants this country to become like the US of A"], [524926131032850432, "@CBCAlerts I hope they are being taken out of their offices and thrown out on to the street."], [524926297567293440, "RT @CBCAlerts: Shooter still on loose after uniformed soldier shot at #Ottawa's War Memorial, across road from Parliament."], [525047771221737472, "@cristinaresteve @tsklierenko , sorry about the soldier who died , terrible , no disrespect meant , don't believe gov't course is correct"], [524930715021213696, "@ChristoferU @CBCAlerts @CBCNews Seriously? Likelihood that it's an ISIS attack and THIS is your response???"], [525049327459504128, "@ChristoferU I definitely hear that and agree \ud83d\udc4d"], [524928009493827585, "@CBCAlerts reporting soldier shot in Ottawa. Very sad news."], [525046502474137600, "@cristinaresteve @tsklierenko , everyone is entitled to a opinion , no fight here , you don't know me , I don't know you"], [524930977211355136, "@ChristoferU @CBCAlerts @CBCNews You're an idiot."], [524932703682969601, "@CBCAlerts OMG."], [525004768415322112, "@lifebythecreek , you pick a fight with people you better expect something in return , we use to be peacekeepers ,so be careful what you get"], [524926749638131712, "@CBCAlerts @amberstefani"], [525013445184602112, "@ChristoferU Have u read this paper from Muslm Brthrhood? From 1991. We did NOT \"pick a fight\". They brought it HERE. http://t.co/lnffeP6qHf"], [525044903865511937, "@tsklierenko @ChristoferU things aren't as black and white as you may think. Picking a fight on Twitter isn't cool, bro."], [524993716336197632, "@tsklierenko  , I guess your a fan of the fascist Stevie and his band of crap , so that tells me what you are !"], [524926108257775617, "@CBCAlerts  this is just horrible :("]], "node_mapping": {"524925730053181440": 0, "524928439678427136": 1, "524926598576099328": 2, "524926744714047488": 3, "524926131032850432": 4, "524926297567293440": 5, "525047771221737472": 6, "524930715021213696": 7, "525049327459504128": 8, "524928009493827585": 9, "525046502474137600": 10, "524930977211355136": 11, "524932703682969601": 12, "525004768415322112": 13, "524926749638131712": 14, "525013445184602112": 15, "525044903865511937": 16, "524993716336197632": 17, "524926108257775617": 18}, "edges": [[0, 18], [0, 4], [0, 5], [0, 2], [0, 3], [0, 14], [0, 9], [0, 1], [0, 12], [3, 7], [3, 11], [7, 13], [13, 15], [11, 17], [11, 16], [16, 10], [16, 6], [10, 8]]}