{"thread_id": "524959809402331137", "text_thread": [[524959809402331137, "Senior U.S. official: Canadian government has informed U.S. that one shooter is dead in Ottawa. Live blog: http://t.co/q98AMohu7T"], [524960156669726720, "@cnnbrk \u0627\u0646\u062a \u0645\u062b\u0642\u0641 \u061f \u062d\u0627\u0635\u0644 \u0639\u0644\u0649 \u062f\u0643\u062a\u0648\u0631\u0627\u0647 \u061f \u062a\u0639\u0627\u0644 \u0647\u0646\u0627 \u0637\u064a\u0628 - @Question_arab"], [524960359388823552, "\u201c@cnnbrk: Senior U.S. official: Canadian government has informed U.S. that one shooter is dead in Ottawa. Live blog: http://t.co/bjWnX0FzOC"], [524985774224048129, "@NYWEC you're a scumbag for trying to profit off a tragedy."], [524961643688890368, "@cnnbrk US official - whatever. Take your source from the Canadian government what has your channel become"], [524960004529737728, "@cnnbrk @TheCurrentCBC: Police - more than 1 suspect, downtown remains in lockdown. LA http://t.co/TLbGZbQCj3 http://t.co/BkUpSsslXy"], [524959988956291074, "@cnnbrk War Memorial Soldier pronounced dead just now."], [524960274156371968, "Scary situation. RT @cnnbrk U.S. official: Canadian government has informed U.S. that one shooter is dead in Ottawa. http://t.co/6rcpmWTjRX"], [524960862248132608, "@cnnbrk Police searching and firing on Parliament Hill https://t.co/fjS8NPayIr"], [524960151871447040, "@cnnbrk \u0645\u0646 \u062c\u062f \u0648\u0631\u0628\u064a \u0647\u0627\u0644\u062d\u0633\u0627\u0628 \u0645\u062f\u0631\u064a \u0643\u064a\u0641 \u0627\u0644\u0646\u0627\u0633 \u062a\u062c\u0627\u0648\u0628 \u0639\u0644\u064a\u0647 @Question_arab"], [524961297721749505, "@cnnbrk There is no proof yet that the shooter(s) has anything to do with ISIL but A BANFIELD &amp; CNN are already dropping that scare message"], [524960034305114113, "@cnnbrk PLEASE help us spread the word for our fundraiser to kickstart our company https://t.co/liBfXjcv6y #ROC #SmallBusiness #the585"], [524960144858554368, "@cnnbrk \u0647\u0647\u0647\u0647\u0647 \u0634\u0648\u0641\u0648\u0622 \u0639\u0644\u0627 \u0627\u0644\u0641\u0627\u0631\u0633 \u0645\u064a\u0646 \u0645\u062a\u0627\u0628\u0639\u0647 \u061f @Question_arab"], [524961861406838784, "@cnnbrk we need d I.D of the shooter"], [524960144632070145, "@cnnbrk I hate to say that but maybe we should let Assad finish the job over there"], [524960960227078144, "@cnnbrk looks like Canada caught a case of the United States , \ud83d\udd2b"], [524960933211168770, "@cnnbrk Replies 2 this English post really need to be in English. Especially when  the world is assuming  this is yet another act of terror."], [524960409602650113, "@cnnbrk those gun crazy canadians need to be stopped, destroy all donuts"], [524961093496885248, "@cnnbrk The world has gone #MAD. http://t.co/78Q5v78rlO"], [524960097563590656, "@cnnbrk So sad. This is not right.\n\n#PrayForOttawa \n#Ottawa \n#ottawashooting \n#CanadaShooting"]], "node_mapping": {"524959809402331137": 0, "524960156669726720": 1, "524960359388823552": 2, "524985774224048129": 3, "524961643688890368": 4, "524960004529737728": 5, "524959988956291074": 6, "524960274156371968": 7, "524960862248132608": 8, "524960151871447040": 9, "524961297721749505": 10, "524960034305114113": 11, "524960144858554368": 12, "524961861406838784": 13, "524960144632070145": 14, "524960960227078144": 15, "524960933211168770": 16, "524960409602650113": 17, "524961093496885248": 18, "524960097563590656": 19}, "edges": [[0, 6], [0, 5], [0, 11], [0, 19], [0, 14], [0, 12], [0, 9], [0, 1], [0, 7], [0, 2], [0, 17], [0, 8], [0, 16], [0, 15], [0, 18], [0, 10], [0, 4], [0, 13], [11, 3]]}