{"thread_id": "524953017389707264", "text_thread": [[524953017389707264, "BREAKING NEWS: CANADIAN OFFICIALS NOW CALLING TODAY'S PARLIAMENT SHOOTING A TERRORIST ATTACK - http://t.co/lXFiYaVImZ"], [524955428539883521, "RT \u201c@PzFeed: BREAKING NEWS: CANADIAN OFFICIALS NOW CALLING TODAY'S PARLIAMENT SHOOTING A TERRORIST ATTACK - http://t.co/jBMdvgfZy8\u201d"], [525013399047274496, "@AHMagazine @FaithGoldy @PzFeed Like the 200-350 million jihadists who are bent on the destruction of our way of life."], [525017993559179265, "@AHMagazine @FaithGoldy @PzFeed they make no distinction between  Americans, Brits, French, Canadians.  They hate us all equally.  Wake Up"], [525014364559245312, "@Shemp_358 @FaithGoldy @PzFeed Not good enough. Saying something is a fact doesn't make it so. Back up your claims or not."], [525012170405593088, "@AHMagazine @FaithGoldy @PzFeed this started long before ISIL.  Have you been under a rock?  140 characters isn't enough to school you"], [525015240661303296, "@AHMagazine @FaithGoldy @PzFeed if you can't acknowledge the obvious, quit wasting my time"], [524955539839533056, "@PzFeed no somthings off on that.."], [525016906206822400, "@AHMagazine @FaithGoldy @PzFeed 10 years in Afghanistan, Libya, now Iraq, isn't a shooting war?  Terrorism is their chief weapon."], [524963087603204096, "\u201c@PzFeed: BREAKING NEWS: CANADIAN OFFICIALS NOW CALLING TODAY'S PARLIAMENT SHOOTING A TERRORIST ATTACK - http://t.co/azE7eL2dW4 Prayers f US"], [524954620444307456, "@FaithGoldy @PzFeed this is an unequivocal act of war.  We need to blood well wake up"], [524996795743870977, "CANADA PARLIAMENT SHOOTING:\n- Situation ongoing\n- 1 soldier dead\n- 1 suspect dead\n- No suspect in custody\n- 3 injured\nhttp://t.co/lXFiYaVImZ"], [524959853379215360, "@mistervermin @FaithGoldy @PzFeed This just in. The Liberal Party and the Left Media Consortium have confirmed that Omar Khadr is unharmed."], [524998393090023425, "@Shemp_358 @FaithGoldy @PzFeed Declare war on who: fucked up losers in Ottawa, internet jihadists from Quebec?"], [524971420254601216, "@FaithGoldy @PzFeed http://t.co/iwFqsqVY2n"], [525017517551783936, "@AHMagazine @FaithGoldy @PzFeed They aren't insurgents.  They're the army of the Kalifah.  Just asks them"], [525014024342474753, "@AHMagazine @FaithGoldy @PzFeed if you are blind to that, then I'm wasting my breath"], [524999072030396416, "@AHMagazine @FaithGoldy @PzFeed The war has been declared on us.  Happened a long time ago.  Or is this OUR fault?"], [524958267509080064, "@FaithGoldy @PzFeed Do you suppose this will wake up the Liberal &amp; Ndp naysayers? I have my doubt, they will blame CA joining coalition now!"], [524954407465914369, "@FaithGoldy No shit, Sherlock. @PzFeed"], [524956907166240769, "@PzFeed @MACKisTBE @KeaunKaz"], [525011529117487104, "@Shemp_358 @FaithGoldy @PzFeed Are you referring to ISIL threats? Our fault, no. Sounds like George W. Bush's 'War on Terror' pt 2"], [525017408520847360, "@AHMagazine @FaithGoldy @PzFeed The US asked us to go not as a sign of solidarity.  They asked us because they know they can count on us."], [525013233787473920, "@AHMagazine @FaithGoldy @PzFeed before I begin with that you have to acknowledge certain statements of fact."], [524955094458978304, "@FaithGoldy @PzFeed Remember when the media \"Consortium\" City, CTV, CBC, Global etc. mocked Harper when he would speak about Terror Threats?"], [524957999459082241, "\u201c@PzFeed: Ag briseadh. Ionsa\u00ed ar Cheanada le gunna\u00ed san rialtas http://t.co/pkitfwsWRA\u201d"], [525014085067603968, "@Shemp_358 @FaithGoldy @PzFeed When you say 'our' you mean Canadian? I don't believe 250 mil jihadists (source) are after us. US maybe."], [524953975649759232, "\u201c@PzFeed: BREAKING NEWS: CANADIAN OFFICIALS NOW CALLING TODAY'S PARLIAMENT SHOOTING A TERRORIST ATTACK - http://t.co/2NRoBHlIsb\u201d CANADA!?"], [525015730736336896, "@Shemp_358 @FaithGoldy @PzFeed Acts of terrorism. If 250 mil jihadists wanted us gone we'd be in a full blown shooting war, we're not."], [525016262481821696, "@Shemp_358 @FaithGoldy @PzFeed CF-18s sent to Kuwait sign of solidarity with US, not declaration of war against insurgents. Learn!"], [525015024977584128, "@AHMagazine @FaithGoldy @PzFeed what world do you live in?  The USS Cole, Kenyan Embassy, Spanish Train Station, London Bus, etc etc etc"], [524956299734573056, "@EasternOar @FaithGoldy @PzFeed  Remember when Justin told the press that the Boston Bombers were just misunderstood? What will he say now?"], [524962007133745152, "@PzFeed I'm not terrified. @souljourner14"], [524997419667582976, "Neslo @PzFeed"], [524954282391769088, "No shit. \"@PzFeed: BREAKING NEWS: CANADIAN OFFICIALS NOW CALLING TODAY'S PARLIAMENT SHOOTING A TERRORIST ATTACK - http://t.co/Wb6tzRwQMG\u201d"], [525012515173175297, "@Shemp_358 @FaithGoldy @PzFeed Oh please try... names and dates will suffice."]], "node_mapping": {"524953017389707264": 0, "524955428539883521": 1, "525013399047274496": 2, "525017993559179265": 3, "525014364559245312": 4, "525012170405593088": 5, "525015240661303296": 6, "524955539839533056": 7, "525016906206822400": 8, "524963087603204096": 9, "524954620444307456": 10, "524996795743870977": 11, "524959853379215360": 12, "524998393090023425": 13, "524971420254601216": 14, "525017517551783936": 15, "525014024342474753": 16, "524999072030396416": 17, "524958267509080064": 18, "524954407465914369": 19, "524956907166240769": 20, "525011529117487104": 21, "525017408520847360": 22, "525013233787473920": 23, "524955094458978304": 24, "524957999459082241": 25, "525014085067603968": 26, "524953975649759232": 27, "525015730736336896": 28, "525016262481821696": 29, "525015024977584128": 30, "524956299734573056": 31, "524962007133745152": 32, "524997419667582976": 33, "524954282391769088": 34, "525012515173175297": 35}, "edges": [[0, 27], [0, 34], [0, 1], [0, 7], [0, 20], [0, 25], [0, 32], [0, 9], [0, 11], [34, 19], [34, 10], [34, 24], [34, 18], [34, 14], [10, 13], [13, 17], [17, 21], [21, 5], [5, 35], [35, 23], [35, 2], [2, 16], [2, 26], [16, 4], [4, 30], [4, 6], [30, 28], [30, 29], [28, 8], [29, 22], [29, 15], [26, 3], [24, 31], [31, 12], [11, 33]]}