{"thread_id": "524938162900967424", "text_thread": [[524938162900967424, "DEVELOPING: Police: Shooting near Canadian Parliament; soldier wounded; active situation: http://t.co/9MAAywtu03 http://t.co/kZvFqw7p0v"], [524947791475666944, "@ABC @sgmb49 Check out my SF Giants anthem \"Im a San Francisco Giant\"RT let's get this heard around the city! https://t.co/MPH15wYWCK"], [524952671531565057, "@ABC DEVELOPING: Police: Shooting near Canadian Parliament; soldier wounded; active situation: http://t.co/yrazOGDVGo http://t.co/qIMzRCW6TZ"], [525011933909352448, "@_yanimalpls @ABC no it was Americans"], [524940653843988480, "\u201c@ABC: DEVELOPING: Police: Shooting near Canadian Parliament; soldier wounded; active situation\u201d\n\nThere is guns in Canada? @SRodpls"], [525014604704137216, "@SRodpls @ABC smh"], [525014744139583488, "@ABC r u dead @TYHiIton"]], "node_mapping": {"524938162900967424": 0, "524947791475666944": 1, "524952671531565057": 2, "525011933909352448": 3, "524940653843988480": 4, "525014604704137216": 5, "525014744139583488": 6}, "edges": [[0, 4], [0, 1], [0, 2], [0, 6], [4, 3], [3, 5]]}