{"thread_id": "525002842021445632", "text_thread": [[525002842021445632, "Condolences to the family of the fallen officer in #Ottawa He was a hero who bravely stood in defence of our country and our freedoms"], [525016918332538880, "@SuzanneAnton. How is guarding a statue heroic??? Merely being dead doesn't make you a hero........"], [525004121724956673, "@suzanneanton @cbcnews Murdered soldier."]], "node_mapping": {"525002842021445632": 0, "525016918332538880": 1, "525004121724956673": 2}, "edges": [[0, 2], [0, 1]]}