{"thread_id": "525032872647065600", "text_thread": [[525032872647065600, "BREAKING: Michael Zehaf-Bebeau had been designated \"high-risk traveller\" by CDN govt, which confiscated his passport http://t.co/dPeMQ78jzm"], [525035256361934848, "Yes:) except in Australia there's a discussion to let 'sympathizers' reenter OZ to rehabilitate! WTF! @MarkOkanagan @20committee @kshaidle"], [525038702607994880, "@20committee @AresXtra They must put high risk travelers in civilian detaine camps to prevent attacks.US does this with suspect japs in WWII"], [525034548196024320, "@aenk963 @BlogsofWar yes, but CSIS can't watch that many 24/7"], [525035734403530752, "micro chip them - Just an uncivil thought :) @20committee @BlogsofWar"], [525049059321462784, "@chrisjefferson no info yet"], [525062791712235520, "@20committee   A high risk traveller!  But a risk to #Canadians and government officials , he was okay ?"], [525033513062371328, "@20committee @BlogsofWar How come we have to pussy foot around terrorism for hours before calling what it is."], [525040767270543360, "@aniekan_o sure looks like one"], [525033642939416576, "@20committee @kshaidle maybe we should start revoking passports AFTER they leave..."], [525040309097336832, "@20committee @kshaidle It makes more sense to let them leave, and invalidate their passports before they return."], [525040562765053952, "@20committee the incident yesterday (car) in Canada was that a terrorist attack as well?"], [525034442104901632, "If Michael Zehaf-Bebeau had his passport confiscated doesn't it make sense to track his movements - was this done? @20committee @BlogsofWar"], [525048948386299904, "@20committee Oh, so they already know where Z-B had gone to? Any travels to the Levant recently?"], [525035264826413056, "@20committee @sqwerin and @BarackObama still refuses to call it terrorism!"], [525033521837273088, "@20committee Pathetic."]], "node_mapping": {"525032872647065600": 0, "525035256361934848": 1, "525038702607994880": 2, "525034548196024320": 3, "525035734403530752": 4, "525049059321462784": 5, "525062791712235520": 6, "525033513062371328": 7, "525040767270543360": 8, "525033642939416576": 9, "525040309097336832": 10, "525040562765053952": 11, "525034442104901632": 12, "525048948386299904": 13, "525035264826413056": 14, "525033521837273088": 15}, "edges": [[0, 7], [0, 15], [0, 9], [0, 12], [0, 14], [0, 2], [0, 10], [0, 11], [0, 13], [0, 6], [9, 1], [12, 3], [3, 4], [11, 8], [13, 5]]}