{"thread_id": "525025695425380352", "text_thread": [[525025695425380352, "Hamilton Argylls soldier, Nathan Cirillo, on the right in this picture, dies in Ottawa attack http://t.co/K0j8j0eLiw http://t.co/aKBFslkfAg"], [525170611665252352, "@TheSpec @whippingCP RIP Cpl Cirrilo"], [525028162070401025, "R.I.P. fellow #Hamilton citizen, Argylls soldier, Nathan Cirillo http://t.co/VguxuwxVkI http://t.co/aJNAyftIfY @TheSpec #HamOnt"], [525099207669989376, "@TheSpec nice tweet"], [525027071417139200, "@TheSpec R I P  Nathan, you will forever be remembered for your service. #blessed"]], "node_mapping": {"525025695425380352": 0, "525170611665252352": 1, "525028162070401025": 2, "525099207669989376": 3, "525027071417139200": 4}, "edges": [[0, 4], [0, 2], [0, 3], [0, 1]]}