{"thread_id": "525057374965739520", "text_thread": [[525057374965739520, "COMING UP LIVE Ottawa shooting: Stephen Harper to address nation http://t.co/pGA98ONjKJ http://t.co/Jscp7Q9fBM"], [525058670334574592, "@CBCNews where is out leader Stephan Harper? Already heard from Obama!"], [525062734359298048, "@karenjavorski Yes you can, Karen! Here's the link to the livestream: http://t.co/pGA98ONjKJ PM Harper is expected to speak at 7:45pm ET"], [525059944497029120, "@SwansonBryon Thanks, Bryon. We appreciate your feedback."], [525059777936633856, "@CBCNews Love the CBC ... keep up the good work!  You guys are the best network around. Always professional and ethical"], [525062578117300224, "@CBCNews can i stream this from outside canada? am in the uk but want to watch it live if possible"], [525064151065174016, "\u201c@CBCNews: COMING UP LIVE Ottawa shooting: Stephen Harper to address nation http://t.co/I9uoc619Pq http://t.co/H1P4tvVSi0\u201d"], [525073717182078976, "@CBCNews Thanks for the warning. I shall prepare my vomit bag.\n#harper #cdnpoli"], [525058109887111168, "@CBCNews what time?"], [525077877076004864, "@FluffyMcDeath @P_Wog @CBCNews Too late, I barfed already. #PMHarper #Lies #Dictator"], [525060028676337664, "@TracyBrooks15 @CBCNews 745 harper speaks"], [525071019502239745, "@CBCNews Too little, too late sadly. Their policy / policies have come back to bite them really!? #nocommunication #nofulldisclosure"]], "node_mapping": {"525057374965739520": 0, "525058670334574592": 1, "525062734359298048": 2, "525059944497029120": 3, "525059777936633856": 4, "525062578117300224": 5, "525064151065174016": 6, "525073717182078976": 7, "525058109887111168": 8, "525077877076004864": 9, "525060028676337664": 10, "525071019502239745": 11}, "edges": [[0, 8], [0, 1], [0, 4], [0, 5], [0, 6], [0, 11], [0, 7], [1, 10], [4, 3], [5, 2], [7, 9]]}