{"thread_id": "525038517844709376", "text_thread": [[525038517844709376, "RIP Cpl Nathan Cirillo... Canada will always remember you. #OttawaShooting http://t.co/XPXQRCIH4w"], [525041307421794304, "\u201c@ChakerKhazaal: RIP Cpl Nathan Cirillo... Canada will always remember you. #OttawaShooting http://t.co/oCtkc080J7\u201d Tragic."], [525041617909321728, "@ChakerKhazaal This is tragic."], [525049342382850048, "\u201c@ChakerKhazaal: RIP Cpl Nathan Cirillo... Canada will always remember you. #OttawaShooting http://t.co/Z8xZ6kjKl4\u201d http://t.co/QoBWthvTE9"], [525052549087649792, "\u201c@ChakerKhazaal: RIP Cpl Nathan Cirillo... Canada will always remember you. #OttawaShooting http://t.co/Wn5YJsEO0P\u201d rest in peace \ud83d\ude14\ud83c\udf41\ud83d\udc94"], [525040924804808704, "\u201c@ChakerKhazaal: RIP Cpl Nathan Cirillo... Canada will always remember you. #OttawaShooting http://t.co/WKKsid8nK0\u201d #CAHERO"]], "node_mapping": {"525038517844709376": 0, "525041307421794304": 1, "525041617909321728": 2, "525049342382850048": 3, "525052549087649792": 4, "525040924804808704": 5}, "edges": [[0, 5], [0, 1], [0, 2], [0, 3], [0, 4]]}