{"thread_id": "525068915068923904", "text_thread": [[525068915068923904, "***EXCLUSIVE*** Michael Zahaf-Bibeau caught on a #DASHCAM model sold at http://t.co/62s1bT3ecH #OttawaShooting http://t.co/LpnqAKsHZw"], [525882599294517248, "@DebeeRapp Thx!"], [525070724403564544, "@AdamGuerbuez lone Wolf"], [525834551239524353, "@AdamGuerbuez followed you because of this"]], "node_mapping": {"525068915068923904": 0, "525882599294517248": 1, "525070724403564544": 2, "525834551239524353": 3}, "edges": [[0, 2], [0, 3], [3, 1]]}