{"thread_id": "525028171549523971", "text_thread": [[525028171549523971, "Canadian media identify the soldier killed in Ottawa as Nathan Cirillo, 24 http://t.co/4kdUz25jRf"], [525040015026683904, "@SamAkbar10 @Pwookey @BBCBreaking when you vomit"], [525047669820256256, "@DanielSayers @SamAkbar10 @Pwookey @BBCBreaking is that a lake? I thought it was a urine sample"], [525028489762971648, "@bbcbreaking RIP"], [525037099792089088, "@BBCBreaking @craigless2 may his soul rest in peace sympathies to his family"], [525039308961771521, "@SamAkbar10 @Pwookey @BBCBreaking a wife and a string of hookers?"], [525048109463003136, "@SGillLondonUK @SamAkbar10 @Pwookey @BBCBreaking haha!"], [525037764849315840, "@SGillLondonUK @BBCBreaking Then die and go to Hell"], [525039484740853760, "@SamAkbar10 @Pwookey @BBCBreaking why would anyone want to marry you?"], [525040363850170368, "@SGillLondonUK @SamAkbar10 @BBCBreaking I blocked that POS, I worked out that he's probably 12, certainly mentally if not in years."], [525036932716576769, "@SamAkbar10 @BBCBreaking you need to grow up sonny, you are the retard. Have some respect, you disgusting piece of sub human filth."], [525037412636823553, "@Pwookey @BBCBreaking Funny .. I have to listen to dogs about ethics"], [525030789054885889, "\u201c@BBCBreaking: Canadian media identify the soldier killed in Ottawa as Nathan Cirillo, 24 http://t.co/bhA8U3UyEQ"], [525038881440546818, "@SamAkbar10 @BBCBreaking only if you ask nicely"], [525028854713577474, "@BBCBreaking how awful to hear the solider has died. What is wrong with people?"], [525151213919428608, "@SGillLondonUK @Pwookey @BBCBreaking But a Gay hasn't"], [525050198792609792, "@Pwookey @SamAkbar10 @BBCBreaking even goats have standards"], [525037655386370050, "@Pwookey @BBCBreaking Please don't bark my kids are sleeping"], [525151464206139392, "@SGillLondonUK @Pwookey @BBCBreaking Dog's ranting"], [525039884147638272, "@SamAkbar10 @Pwookey @BBCBreaking next time make sure you are lying on your back"], [525028503545462784, "@BBCBreaking rip"], [525043683855720449, "@Pwookey @SamAkbar10 @BBCBreaking more like his wife is 12 years old"], [525037632112566272, "@SamAkbar10 @BBCBreaking I (almost) died of boredom reading your bullshit. Cunt"], [525043888667762689, "@SGillLondonUK @SamAkbar10 @BBCBreaking He's probably married to a Goat."], [525038034094661632, "@SamAkbar10 @Pwookey @BBCBreaking don't you mean read?"], [525039961590874112, "@SGillLondonUK @Pwookey @BBCBreaking You won't understand cause you always have been porked from your meat hole"], [525029062092537857, "\u201c@BBCBreaking: Canadian media identify the soldier killed in Ottawa as Nathan Cirillo, 24 http://t.co/3kMTbkRwsj\u201d RIP"], [525044296312184832, "@SamAkbar10 @Pwookey @SGillLondonUK @BBCBreaking oh my god a talking lake."], [525029097659834368, "@BBCBreaking If he is Canadian and Christian he is retarded but if he is Muslim he is terrorist"], [525028523548110848, "\u201c@BBCBreaking: Canadian media identify the soldier killed in Ottawa, 24 http://t.co/iMkEy4Cqk2\u201d Thoughts are with his family! &lt;3"], [525040502882590720, "@Pwookey @SGillLondonUK @BBCBreaking Where is your master ?!"], [525040302583599105, "@SGillLondonUK @Pwookey @BBCBreaking Please stop sending tweets still I am vomiting"], [525030920341176320, "@smilerjfs @BBCBreaking well briefly they are murdering religious nutters"], [525035162157858816, "@SGillLondonUK @BBCBreaking Disgusting .... I have vomited after seeing your profile pic"], [525043539848470528, "@SamAkbar10 @Pwookey @BBCBreaking he's busy lubing the dildo"], [525033848120545281, "@SamAkbar10 @BBCBreaking it's still murder"], [525053552205766656, "@SGillLondonUK @Pwookey @SamAkbar10 @BBCBreaking is that paddy McGinty's  goat or is that racist"], [525032664495968257, "@bbcbreaking 15 Mins Video Of @MariahCarey #TheElusiveShow Kuala Lumpur 2014 \"Rain T...: http://t.co/eWNH46gS5D via @YouTube"], [525031102730489856, "@SamAkbar10 @BBCBreaking no he's a retard as well don't feel left out"], [525038969629581312, "@SGillLondonUK @Pwookey @BBCBreaking Sorry I am married"]], "node_mapping": {"525028171549523971": 0, "525040015026683904": 1, "525047669820256256": 2, "525028489762971648": 3, "525037099792089088": 4, "525039308961771521": 5, "525048109463003136": 6, "525037764849315840": 7, "525039484740853760": 8, "525040363850170368": 9, "525036932716576769": 10, "525037412636823553": 11, "525030789054885889": 12, "525038881440546818": 13, "525028854713577474": 14, "525151213919428608": 15, "525050198792609792": 16, "525037655386370050": 17, "525151464206139392": 18, "525039884147638272": 19, "525028503545462784": 20, "525043683855720449": 21, "525037632112566272": 22, "525043888667762689": 23, "525038034094661632": 24, "525039961590874112": 25, "525029062092537857": 26, "525044296312184832": 27, "525029097659834368": 28, "525028523548110848": 29, "525040502882590720": 30, "525040302583599105": 31, "525030920341176320": 32, "525035162157858816": 33, "525043539848470528": 34, "525033848120545281": 35, "525053552205766656": 36, "525032664495968257": 37, "525031102730489856": 38, "525038969629581312": 39}, "edges": [[0, 3], [0, 20], [0, 29], [0, 14], [0, 26], [0, 28], [0, 12], [0, 37], [0, 4], [14, 32], [28, 38], [28, 35], [28, 10], [35, 33], [33, 22], [22, 7], [7, 13], [10, 11], [10, 17], [11, 24], [24, 39], [39, 5], [39, 8], [39, 19], [8, 25], [19, 1], [1, 31], [1, 9], [9, 30], [9, 21], [30, 34], [30, 27], [27, 2], [2, 6], [21, 23], [21, 18], [23, 16], [16, 36], [16, 15]]}