{"thread_id": "525028522361114625", "text_thread": [[525028522361114625, "Ottawa shooting: Nathan Cirillo, reservist from Hamilton, killed in attack\nhttp://t.co/cUzepktlxx http://t.co/hqR6R0q9jl"], [525102063584546816, "\u201c@CBCNews: Ottawa shooting: Nathan Cirillo, reservist from Hamilton, killed in attack\nhttp://t.co/dK4UaW2K7Y http://t.co/ZDJQSqugQf\u201d"], [525081668009226241, "@JhnHrmn Nope, just appreciation for a citizen who died wearing the colors of a great country"], [525031338009587712, "Awful...\u201c@CBCNews: Ottawa shooting: Nathan Cirillo, reservist from Hamilton, killed in attack\nhttp://t.co/vBshT0vA0d http://t.co/Ew0wFghqJz\u201d"], [525036692991119362, "@CBCNews @AngryCBrown Respect....."], [525032813763244032, "RIP :( \u201c@CBCNews: Ottawa shooting: Nathan Cirillo, reservist from Hamilton, killed in attack\nhttp://t.co/pKGEVgx5CW http://t.co/YNMW9bg86x\u201d"], [525078038699323392, "@GabrielRossman is that line a classical reference?"], [525030005211140096, "@CBCNews Rest in peace, Cpl. Cirillo...thank you for your service. #OttawaShooting"], [525038565542346754, "\u201c@CBCNews: Ottawa shooting: Nathan Cirillo, reservist from Hamilton, killed in attack\nhttp://t.co/5xHcCIP9K2 http://t.co/F3PSTOnd10\u201d"], [525030342067888129, "@CBCNews @VitoBagofDonuts Sad, sad, sad.  RIP"], [525033579555069952, "@CBCNews RIP, condolences to his family at this time."], [525029567384129536, "\u201c@CBCNews: Ottawa shooting: Nathan Cirillo, reservist from Hamilton, killed in attack\nhttp://t.co/q6zfvKqRKw http://t.co/69QwHL1wdC\u201dSo Sad!!"], [525037701905805312, "@CBCNews @LibertyBelleCJL What a shame. A very handsome young man. May he rest in peace. \ud83d\ude4f"], [525035290868449280, "A free man from a free country MT @CBCNews: Nathan Cirillo, reservist from Hamilton\nhttp://t.co/ZgiaDddrr2 http://t.co/dBQFlfts92"], [525099716162629634, "@MarketingRxCa @CBCNews R.I.P &lt;3"], [525036828077072386, "@someoneinalain it was two guys one was shot and the other ran away, they didn't unveil their identity yet!"], [525030347978047488, "\u201c@CBCNews: Ottawa shooting: Nathan Cirillo, reservist from Hamilton, killed in attack\nhttp://t.co/iPtISQdOxe http://t.co/vCllFzxp0y\u201d RIP"], [525032238501855234, "@CBCNews I'm a bit disappointed that the media reported without respect for the family to be contacted 1st. Just to get hits on websites?"], [525034802085253120, "@marcellealeid i was watching the news &amp; didnt really get it . i wonder who shot him &amp; why ."]], "node_mapping": {"525028522361114625": 0, "525102063584546816": 1, "525081668009226241": 2, "525031338009587712": 3, "525036692991119362": 4, "525032813763244032": 5, "525078038699323392": 6, "525030005211140096": 7, "525038565542346754": 8, "525030342067888129": 9, "525033579555069952": 10, "525029567384129536": 11, "525037701905805312": 12, "525035290868449280": 13, "525099716162629634": 14, "525036828077072386": 15, "525030347978047488": 16, "525032238501855234": 17, "525034802085253120": 18}, "edges": [[0, 11], [0, 7], [0, 9], [0, 16], [0, 3], [0, 17], [0, 5], [0, 10], [0, 13], [0, 4], [0, 12], [0, 8], [0, 1], [16, 18], [18, 15], [3, 14], [13, 6], [6, 2]]}