{"thread_id": "525062013551001600", "text_thread": [[525062013551001600, "PM Stephen Harper to address the nation on #OttawaShooting at 7:45 pm/ET. @pmharper #cdnpoli  http://t.co/6U5GV4uBT8"], [525065629548568576, "@CBCAlerts @pmharper It`s time for you to take the long walk we don`t believe a word you say #trustLost #Lies #good2Go #resign #cdnpoli"], [525064517412483072, "@CBCAlerts @pmharper will you have the grapes to call the perpetrators as Muslim? Unlike US prez. Who calls it workplace violence? #tcot"], [525063273151225856, "@CBCAlerts @pmharper we need a leader who doesn't lick US feets..Yes Harper this is all happening cuz of u going in war"], [525067574913302529, "@dappledstud @pmharper They even had the guys name dumb ass before the cdn media"], [525062267608387584, "@CBCAlerts @pmharper Goddamn near time. We need a leader and he hasn't been it."], [525063521000648705, "@CBCAlerts @pmharper should give #Harper 's scripters just enough time 2 get all his talking points Don't expect him to admit to any blame"], [525067621222203392, "@1713eh  can only hope this does bring increased surveillance, you being first on the list."], [525068923461308416, "@dappledstud Let them come I've nothing to hide I they do you should be next so find another pair of shorts you moron"], [525064230702440449, "@CBCAlerts @pmharper give me one good goddamn reason that why u send our beloved soldiers there.."], [525063943661031424, "@CBCAlerts @pmharper looks like Obama is our PM now"], [525063746364772354, "@CBCAlerts @pmharper Interesting that Obama spoke to the people 5 hours ago #cdnpoli"], [525066903509684224, "@1713eh dumbass, as if CNN has all the facts. Rather wait for @pmharper than listen to BS on some US station.  #cdnpoli"], [525064982052876289, "@1713eh what does that have to do with the price of rice?  Give @pmharper a chance to get some facts.  #cdnpoli @CBCAlerts"], [525067279298347008, "@dappledstud The man is a true #Con artist He will play this up politically to increase surveillance etc  He has no humane bone in his body"], [525069197299449857, "@dappledstud   impossible to reason with people who\u2019ve taken refuge in ideological castles located 4 score &amp; 7 light years from Logic."], [525066428336963585, "@dappledstud @pmharper @CBCAlerts Funny, the CNN has all the facts b4 #Harper or the #cdnMSM has #cdnpoli"], [525062890131173376, "@CBCAlerts is this an address to the nation or just a statement to reporters?"], [525067989947674624, "@1713eh blocked for stupidity."], [525065353081409536, "@CBCAlerts @pmharper nearly 10 hours after the shootings started and no word from our PM?? appalling"], [525067835018850305, "@dappledstud Harper is abigger crook than Mulroney or Chretien ever were"]], "node_mapping": {"525062013551001600": 0, "525065629548568576": 1, "525064517412483072": 2, "525063273151225856": 3, "525067574913302529": 4, "525062267608387584": 5, "525063521000648705": 6, "525067621222203392": 7, "525068923461308416": 8, "525064230702440449": 9, "525063943661031424": 10, "525063746364772354": 11, "525066903509684224": 12, "525064982052876289": 13, "525067279298347008": 14, "525069197299449857": 15, "525066428336963585": 16, "525062890131173376": 17, "525067989947674624": 18, "525065353081409536": 19, "525067835018850305": 20}, "edges": [[0, 5], [0, 17], [0, 3], [0, 6], [0, 11], [0, 10], [0, 9], [0, 2], [0, 19], [0, 1], [11, 13], [13, 16], [13, 14], [16, 12], [12, 4], [12, 20], [4, 18], [14, 7], [7, 8], [7, 15]]}