{"thread_id": "525047349757100034", "text_thread": [[525047349757100034, "Cpl. Nathan Cirillo identified as victim of #ottawashooting at National War Memorial http://t.co/EhkRJEKpuu http://t.co/2xTzLKoltL"], [525054406468063232, "@globeandmail - so sad, so tragic."], [525048118400659457, "@globeandmail What a tragic day."], [525083483493117952, "@globeandmail sad to have another victim by some Loser who thought that Islam is the greatest."], [525051716841275392, "\u201c@globeandmail: Cpl. Nathan Cirillo identified as victim of #ottawashooting  http://t.co/CPXUWD2qr9 http://t.co/nfvlRAZRlz\u201d RIP Nathan"], [525048250190299136, "@globeandmail Heartbreaking"], [525047957218156545, "@globeandmail every picture I've seen he has a smile,he enjoyed like"], [525048614104485888, "@globeandmail RIP"], [525048432554418176, "#AttackInOttawa\n@globeandmail: Cpl. Nathan Cirillo victim of #ottawashooting at War Memorial\nhttp://t.co/8KgbHxJCa7\nhttp://t.co/hjKofPrCov"], [525049677734223872, "@globeandmail my condolences to his family and friends."], [525048291739062272, "@globeandmail @kirstinestewart heartbreaking: https://t.co/Tlg0gu72dt via @megunder"]], "node_mapping": {"525047349757100034": 0, "525054406468063232": 1, "525048118400659457": 2, "525083483493117952": 3, "525051716841275392": 4, "525048250190299136": 5, "525047957218156545": 6, "525048614104485888": 7, "525048432554418176": 8, "525049677734223872": 9, "525048291739062272": 10}, "edges": [[0, 6], [0, 2], [0, 5], [0, 10], [0, 8], [0, 7], [0, 9], [0, 4], [0, 1], [0, 3]]}