{"thread_id": "525030696738652160", "text_thread": [[525030696738652160, "Canadian soldier killed in Ottawa identified http://t.co/dyvCaD9AcN // #CDNpoli #OttawaShooting http://t.co/7WEpRv9s5c"], [525049239202988032, "@astoryweaver @SunNewsNetwork This is a dreadful loss of a beautiful young man. I'm heartsore for his family and his friends."], [525116216721936384, "@SunNewsNetwork sending prayers and healing for the sickness in our world. &lt;3 @grammypags1"], [525051637346623488, "@SunNewsNetwork #FRENCH #PATRIOTS SAY #RIP"], [525059064347111424, "@SunNewsNetwork Great photo of a guy who deserves to be remembered as one in service to his country."], [525031341453099008, "@SunNewsNetwork Prayers are with those he left behind."], [525060676780175361, "@SunNewsNetwork This is a terrible loss and I'm sad and sorry.  Unfortunately, you were not protected by the Cdn DND we need to protect us."], [525034327801729024, ".@SunNewsNetwork Deepest sympathies to family &amp; friends of Cpl. Cirillo and to Canada for your loss. #OttawaShooting."], [525070916913356800, "@SunNewsNetwork :("], [525089829986770944, "\u201c@SunNewsNetwork: Canadian soldier killed in Ottawa identified http://t.co/p4rBl7fieK // #CDNpoli #OttawaShooting http://t.co/Dc3efuAlM0\u201dRIP"], [525034957606240256, "heartbreaking @SunNewsNetwork @ten24get"], [525030845779021824, "@SunNewsNetwork R.I.P good sir"], [525048612854562816, "@SunNewsNetwork @smith_lois This is so sad. Why does there have to be violence all the time everywhere?"], [525389355200692224, "@SunNewsNetwork @VRMcCoy A young man died beacuse of barbarian terrorists? Soon realitty in Sweden,with open borders for kriminell jihadists"], [525067060833812480, "@SunNewsNetwork My thoughts and prayers are with his family and friends."], [525039419032489984, "@SunNewsNetwork I am so very truly sorry for his family.  Prayers for this family . My condolences"], [525050631716098049, "@sunnewsnetwork. Rest in Peace u will always be remembered in our hearts"], [525045861433491456, "@SunNewsNetwork His dog will also miss him very much."], [525034611639091201, "@SunNewsNetwork We need to shake hands &amp; thank,every soldier &amp; police officer we meet, to thank them for their service in keeping us safe."]], "node_mapping": {"525030696738652160": 0, "525049239202988032": 1, "525116216721936384": 2, "525051637346623488": 3, "525059064347111424": 4, "525031341453099008": 5, "525060676780175361": 6, "525034327801729024": 7, "525070916913356800": 8, "525089829986770944": 9, "525034957606240256": 10, "525030845779021824": 11, "525048612854562816": 12, "525389355200692224": 13, "525067060833812480": 14, "525039419032489984": 15, "525050631716098049": 16, "525045861433491456": 17, "525034611639091201": 18}, "edges": [[0, 11], [0, 5], [0, 7], [0, 18], [0, 10], [0, 15], [0, 17], [0, 12], [0, 16], [0, 3], [0, 4], [0, 6], [0, 14], [0, 8], [0, 9], [0, 2], [0, 13], [12, 1]]}