{"thread_id": "525033625788907520", "text_thread": [[525033625788907520, "Good news is Canadian gov't successfully prevented Zehaf-Bebeau from joining #ISIS abroad. Bad news is he waged jihad in #Ottawa today."], [525515458498150400, "@20committee there is a lesson to be learnt - send them to wherever they want to go, let them die there, but don't let them come back ever!"], [525091895140421634, ".@20committee I kinda wonder if it would have been better to allow him to travel and just prevent his return. Makes probs for others though"], [525056524058501120, "@20committee With idiots like this fanning the flames https://t.co/QmHStBalza it's no wonder"], [525066371563270145, "@20committee @BettinaVLA If he had gone maybe one of our airstrikes would have got him."], [525094979908411392, "@20committee I think you mean the other guy who ran over a soldier on Monday. He wanted to fly to Syria and was stopped. Your point stands."], [525129779851587584, "@20committee No, you're right. I just read that Zehaf-Bebeau wanted to go go to Libya and was prevented."], [525043872045744128, "@20committee \nLooks like a fatal flaw in the prevent strategy then."], [525092124384325632, "@Corsair8X indeed"], [525076673621131264, "@20committee @martina__1974 if he was a terror suspect he should have been locked up not stopped from travel"], [525033966441877504, "@20committee Perhaps better to have let him gone and denied his return ? Big implications for Europe here :("], [525066309210738688, "@20committee @BettinaVLA We can't give up our lives in the name of fear..Attack them head on.. Aggressively."], [525036174642253824, "@20committee @rbeestweets \n&amp;what about all these teens that we stop from going abroad does anyone think they wont be terrorists here?"]], "node_mapping": {"525033625788907520": 0, "525515458498150400": 1, "525091895140421634": 2, "525056524058501120": 3, "525066371563270145": 4, "525094979908411392": 5, "525129779851587584": 6, "525043872045744128": 7, "525092124384325632": 8, "525076673621131264": 9, "525033966441877504": 10, "525066309210738688": 11, "525036174642253824": 12}, "edges": [[0, 10], [0, 12], [0, 7], [0, 3], [0, 11], [0, 4], [0, 9], [0, 2], [0, 5], [0, 1], [2, 8], [5, 6]]}