{"thread_id": "525055879545380864", "text_thread": [[525055879545380864, "Our thoughts are with the family and friends of Cpl. Nathan Cirillo and all those affected by the events in Ottawa today. #OttawaStrong"], [525059793401442305, "@VanCanucks #Canadastrong"], [525063091546234880, "@VanCanucks thank you guys in Vancouver for all your love and support #canadastrong #truenorthstrongandfree"]], "node_mapping": {"525055879545380864": 0, "525059793401442305": 1, "525063091546234880": 2}, "edges": [[0, 1], [0, 2]]}