{"thread_id": "525040767317082113", "text_thread": [[525040767317082113, "MORE: Ottawa shootings suspect identified as Michael Zehaf-Bibeau, 32; unclear if there are other shooters: http://t.co/Y7l0QLT94d"], [525042742494519296, "@AP wow a Muslim .... What a surprise"], [525045809960980480, "@AP How come the hit &amp; run terrorist attack against 2 Canadian soldiers earlier this week was not in the news?"], [525062284494651393, "@AP At what point will you call them what they really are - Muslim Extremists or Jihadists? What are you frightened of?"], [525041280313614336, "@AP he wanted his 15 minutes of fame .. and he is getting it"], [525041065368092672, "@AP Realy!?  We've heard about the 3 shooters and different locations ALL DAY!?"]], "node_mapping": {"525040767317082113": 0, "525042742494519296": 1, "525045809960980480": 2, "525062284494651393": 3, "525041280313614336": 4, "525041065368092672": 5}, "edges": [[0, 5], [0, 4], [0, 1], [0, 2], [0, 3]]}