{"thread_id": "525023642007371776", "text_thread": [[525023642007371776, "Soldier killed at war memorial identified as Nathan Cirillo #HamOnt #OttawaShooting #cndpoli http://t.co/BjEM0my6iT http://t.co/7BFFBm2afL"], [525025032377233408, "@CBCHamilton @bruceanderson RIP brother. U did well and died doing what you loved. #OttawaShooting"], [525027972630478849, "My heart goes out to his family &amp; country as they try to piece this together.\n@CBCHamilton"], [525026726515314688, "@CBCHamilton RIP soldier! #prayers"], [525027128325439488, "@CBCHamilton RIP Nathan Cirillo #OttawaShooting"], [525026292501315584, "@CBCHamilton @CBCTheNational. Bless his family, such a sad day for Canada"], [525027135166361600, "@CBCHamilton @CBCTheNational thank you for your ultimate sacrifice"], [525028018017017856, "So young. So sad. MT\u201c@CBCHamilton: Soldier killed at war memorial ID'd as Nathan Cirillo http://t.co/8wIRjaDVsC http://t.co/1gWa95Z1EA\u201d"], [525024656105811969, "@CBCHamilton Condolences to his loved ones. RIP - We will remember."], [525026082970664960, "@CBCHamilton #OttawaShooting  rest well Nathan how many more must we loose before someone is done"], [525028641030545408, "#AttackInOttawa\nRIP\n@CBCHamilton: Soldier killed at war memorial: Nathan Cirillo\n#Ottawa\nhttp://t.co/gV1TKGwgJa\nhttp://t.co/bCgCnODyU7"], [525025873167396864, "@CBCHamilton @CBCTheNational Remember... \ud83d\ude47"], [525027958780485635, "@CBCHamilton @RosieBarton 24 years isn't long. Every citizen of Canada feels that today. Sincere condolences to Cpl. Cirillo's family/reg't."], [525026337149710336, "@CBCHamilton God bless Nathan. Canada mourns your loss. #OttawaShooting #cdnpoIi"], [525024400655917056, ".@CBCHamilton @RosieBarton Let's remember this face instead of the shooter, when they are identified!"], [525025909397790720, "@CBCHamilton @ladydiquickwit RIP you brave young man! Condolences to his family &amp; friends."], [525028718411284481, "@CBCHamilton @beccalacharity canadian hero"], [525029091657805824, "@CBCHamilton thoughts and love from Adelaide Australia,#makethempay"], [525026784103104514, "@CBCHamilton We will say Kaddish for this hero.  Be strong, neighbours"], [525028262414929920, "@CBCHamilton  So incredibly sad.  He was just a young'un!"]], "node_mapping": {"525023642007371776": 0, "525025032377233408": 1, "525027972630478849": 2, "525026726515314688": 3, "525027128325439488": 4, "525026292501315584": 5, "525027135166361600": 6, "525028018017017856": 7, "525024656105811969": 8, "525026082970664960": 9, "525028641030545408": 10, "525025873167396864": 11, "525027958780485635": 12, "525026337149710336": 13, "525024400655917056": 14, "525025909397790720": 15, "525028718411284481": 16, "525029091657805824": 17, "525026784103104514": 18, "525028262414929920": 19}, "edges": [[0, 14], [0, 8], [0, 1], [0, 11], [0, 15], [0, 9], [0, 5], [0, 13], [0, 3], [0, 18], [0, 4], [0, 6], [0, 12], [0, 2], [0, 7], [0, 19], [0, 10], [0, 16], [0, 17]]}