{"thread_id": "525026947307700225", "text_thread": [[525026947307700225, "Rest In Peace Cpl. Nathan Cirillo and thank you for serving our country #OttawaShooting http://t.co/Tb062RSRtC"], [525028123403100160, "@Canadagentleman @jdee_ RIP CPT NATHAN CIRILLO,MY THOUGHT ARE WITH YOUR FAMILY AND FRIENDS LOVE FROM THE UK"], [525030945779245056, "@Greg_M_Schwartz Are you Canadian? We're having a debate on 31."], [525027795965984768, "\u201c@Canadagentleman: Rest In Peace Cpl. Nathan Cirillo and thank you for serving our country #OttawaShooting http://t.co/P01lx5lUS7\u201d"], [525032960689311745, "@AlisonPaoli @Greg_M_Schwartz  half Canuck."], [525033803664740352, "@Greg_M_Schwartz Born in Canada, raised in the US?"], [525037546443907073, "Much power to his family: @Canadagentleman @quietfire Rest In Peace Cpl. Nathan Cirillo &amp; thank you for serving our country #OttawaShooting"], [525307826139197440, "@Canadagentleman brave man. May his soul RIP."], [525028041039155201, "@Canadagentleman My condolences to his family, deeply sorry for your loss of this handsome man on his own soil. There is no justification."]], "node_mapping": {"525026947307700225": 0, "525028123403100160": 1, "525030945779245056": 2, "525027795965984768": 3, "525032960689311745": 4, "525033803664740352": 5, "525037546443907073": 6, "525307826139197440": 7, "525028041039155201": 8}, "edges": [[0, 3], [0, 8], [0, 1], [0, 6], [0, 7], [3, 2], [2, 4], [4, 5]]}