{"thread_id": "525038096086499328", "text_thread": [[525038096086499328, "RIP Cpl. Nathan Cirillo of the Argyll and Sutherland Highlanders #CanadaStrong http://t.co/dpsb3yvq7j http://t.co/b7enjB7vIa"], [525043247081857025, "@NATOSource @HackmanWatch May his memory be a blessing."], [525069425654112256, "@NATOSource @sally_feschuk Urgent vigil/rally in YYC this Sat at 4st sw war memorial, plzz RT TY God bless Canada!!"], [525044524616122368, "@NATOSource @CloseMoreDeals1 Why are people always Praying for ppl involved in destruction from Islam. Never hear of Muzzies praying."], [525041481531551744, "@NATOSource @iowahawkblog \nCanada we mourn with you.\nDon't go to sleep like we have in the US.\n#Canada"], [525071678108631040, "@MerleTerlesky @NATOSource thank you.: )"], [525042767496359936, "@NATOSource @iowahawkblog A hero murdered by a vile POS."], [525045808916606977, "@NATOSource @HackmanWatch RIP. Si sad.  Islam is evil"], [525070086529617920, "@MerleTerlesky @NATOSource what time please?"], [525064078050332672, "@NATOSource @MasterGuns1313 R.I.P. and prayers to the family"], [525041999372886016, "@NATOSource We send our prayers to the family of Cpl. Nathan Cirillo for their loss. May God grant you and the cpl his peace."], [525071426638733312, "@sally_feschuk @NATOSource 11 am sorry"], [525056967623331840, "\u201c@NATOSource:RIP Cpl.Nathan Cirillo of Argyll and Sutherland Highlanders #CanadaStrong http://t.co/LSU6zdbdKi http://t.co/nQOT4nRs0o\u201d Amen"], [525067600393691137, "@NATOSource ..another hero ...another atrocity"], [525042056188928001, "@NATOSource @iowahawkblog I'm sorry."], [525042171742023681, "@NATOSource @RedGalBlueState RIP Cpl. Nathan Cirillo of the Argyll and Sutherland Highlanders.From US my prayers are with your family"]], "node_mapping": {"525038096086499328": 0, "525043247081857025": 1, "525069425654112256": 2, "525044524616122368": 3, "525041481531551744": 4, "525071678108631040": 5, "525042767496359936": 6, "525045808916606977": 7, "525070086529617920": 8, "525064078050332672": 9, "525041999372886016": 10, "525071426638733312": 11, "525056967623331840": 12, "525067600393691137": 13, "525042056188928001": 14, "525042171742023681": 15}, "edges": [[0, 4], [0, 10], [0, 14], [0, 15], [0, 6], [0, 1], [0, 3], [0, 7], [0, 12], [0, 9], [0, 13], [0, 2], [2, 8], [8, 11], [11, 5]]}