{"thread_id": "525035552643751936", "text_thread": [[525035552643751936, "The City of Hamilton offers condolences to the family of Cpl. Nathan Cirillo, a #HamOnt native who bravely served with @TheArgylls. #Ottawa"], [525036285527080960, "@cityofhamilton @TheArgylls I live in Hamilton, but was born in Ottawa. Two of my cities have been attacked today. Praying for everyone."], [525036691829293057, "@cityofhamilton @TheArgylls Sorry for the loss of your comrade #RIPNathanCirillo"], [525035977975164928, "@cityofhamilton @TheArgylls So sorry for the loss of your comrade. Sending prayers to his family and friends, may he rest in peace. #hamont"]], "node_mapping": {"525035552643751936": 0, "525036285527080960": 1, "525036691829293057": 2, "525035977975164928": 3}, "edges": [[0, 3], [0, 1], [0, 2]]}