{"thread_id": "525008613392515073", "text_thread": [[525008613392515073, "A Canadian soldier who was standing on guard for thee is gone. Our thoughts are w everyone affected by the shootings in Ottawa #CanadaStrong"], [525048816459071488, "@weday it's so sad \ud83d\ude2d\ud83d\ude2d\ud83d\ude2d\ud83d\ude2d\ud83d\ude2d\ud83d\ude2d\ud83d\ude2d"], [525060426053468160, "@weday RT \"We are all infidels\" #outlawIslam #cdnpoli"]], "node_mapping": {"525008613392515073": 0, "525048816459071488": 1, "525060426053468160": 2}, "edges": [[0, 1], [0, 2]]}