{"thread_id": "525040408653754368", "text_thread": [[525040408653754368, "BREAKING NEWS: Suspected Ottawa gunman identified as Michael Joseph Hall, an #ISIS sympathizer. #OttawaShooting"], [525041220540575746, "@TheAnonMessage  Michael Zehaf Bibeau is Canadian born in 1982. He is 32 years old."], [525470100124860416, "@TheAnonMessage @OpIceISIS -BREAKING NEWS GUYS:\nhttp://t.co/tqIoUZsLKz"], [525273407831945217, "@TheAnonMessage @OpIceISIS  ISIS can Suck My Dick you WEAK MINDED pieces of unworthy  Shit  !"], [525041871127863297, "@TheAnonMessage I don't read newspaper."], [525385144379912193, "@TheAnonMessage Drugs to convict me of the people in the store"], [525042290004205568, "@TheAnonMessage I see the name Michael Zehaf-Bibeau bandied about, not Hall.  Haven't seen any affiliations reported; speculated Algerian."], [525425098497724417, "@TheAnonMessage @OpIceISIS - correction: WAS an ISIS sympathiser. Now in hell with his Sluts of Satan! \ud83d\udc7f\ud83d\ude08\ud83d\udc79\ud83d\udc79\ud83d\udc79"], [525060987272298496, "@TheAnonMessage Surprise!"], [525044071006760960, "\u201c@TheAnonMessage: BREAKING NEWS: Suspected Ottawa gunman identified as Michael Joseph Hall #ISIS sympathizer. #OttawaShooting\u201d\n#nosjournaal"], [525040660580409345, "@TheAnonMessage Really?"], [525041193290571777, "@SkyMineOnline Confirmed by both BBC and NBC News, what more do you need?"]], "node_mapping": {"525040408653754368": 0, "525041220540575746": 1, "525470100124860416": 2, "525273407831945217": 3, "525041871127863297": 4, "525385144379912193": 5, "525042290004205568": 6, "525425098497724417": 7, "525060987272298496": 8, "525044071006760960": 9, "525040660580409345": 10, "525041193290571777": 11}, "edges": [[0, 10], [0, 1], [0, 6], [0, 9], [0, 8], [0, 3], [0, 5], [0, 7], [0, 2], [10, 11], [11, 4]]}