{"thread_id": "525052332116312064", "text_thread": [[525052332116312064, "Official: All 3 patients injured in Ottawa shootings have been released from hospital - @OttawaHospital http://t.co/aF9HyT9BgX"], [525052566665588736, "@BreakingNews @OttawaHospital praise God"], [525541369436459008, "@BreakingNews Follow Official account @Riconymous"], [525057300415803393, "@BreakingNews @OttawaHospital Good to hear, and God bless. Could have been so much worse."], [525063975243771904, "@BreakingNews @OttawaHospital 3 month old baby also killed by terrorists today in Jerusalem. Palestinian rammed car into a bus stop."], [525054640967004160, "@BreakingNews @OttawaHospital Glad they are all right."], [525054812207849475, "@BreakingNews @OttawaHospital http://t.co/cTD6A5mCWV"]], "node_mapping": {"525052332116312064": 0, "525052566665588736": 1, "525541369436459008": 2, "525057300415803393": 3, "525063975243771904": 4, "525054640967004160": 5, "525054812207849475": 6}, "edges": [[0, 1], [0, 5], [0, 6], [0, 3], [0, 4], [0, 2]]}