{"thread_id": "525031558949134336", "text_thread": [[525031558949134336, "CBS reports Ottawa shooting suspect was born in Quebec as Michael Joseph Hall. He's a recent convert to Islam - http://t.co/58IK7FMcA1"], [525031816554901504, "@PzFeed Shocker!!!"], [525039190380396544, "@HashtagRiseUp @JesusWillKill @PzFeed it's literally in their name lol"], [525035672345001984, "@HashtagRiseUp people will take any chance to hate on Islam and it's disgusting"], [525033954525839361, "@PzFeed @Blackberry_F3 @JohnnyD20"], [525035340349059073, "@ADTRsgb \n\nwow, a sensible person on twitter. who knew."], [525032573802921984, "@GrotetheGoat @PzFeed \n\ndoes this one man represent all Muslims? no. that's like saying Jeffery Dahmer represents all Christians."], [525033057318088704, "@HashtagRiseUp @PzFeed oh no of course not, but its ridiculous to kill just because his god told him to.."], [525034762181050368, "@GrotetheGoat @PzFeed \n\nwhy not 99? have you ever met a Muslim? they're just normal people who happen to believe in a different deity"], [525033610496450560, "@HashtagRiseUp @PzFeed i wouldnt say 99% lol atleast towards christians"], [525036435884494849, "@sophia_sweden @PzFeed because he's a jihadist retard"], [525051985343840256, "@HashtagRiseUp @JesusWillKill @PzFeed like that but it is still based off islam"], [525037078422118400, "@HashtagRiseUp @PzFeed u do realize that that where ISIS controls territory that the Islam they practice is what everyone practices?"], [525035154214223874, "@JesusWillKill @PzFeed \n\nThat is 100% false. ISIS is in NO way affiliated with Islam. They are simply a deranged terrorist organization."], [525035083296964608, "I'd expect better from an independent news source."], [525033696311934976, "@HashtagRiseUp @PzFeed u r either ignorant or using deceit, Muhammad himself haa commanded worldwide jihad. ISIS is the caliphate, genius"], [525033769452191745, "@PzFeed terrorist! Fucker"], [525032635836665856, "@HashtagRiseUp @PzFeed uhhh because Islam is a terrorist religion that seeks to submit and enslave the whole world. Ever heard of ISIS?"], [525035944366587904, "@HashtagRiseUp @GrotetheGoat @PzFeed LOLOL"], [525034941793722368, "Funny how if a white person shoots up a school no article ever mentions that they're Christian \ud83d\udc38\u2615\ufe0f"], [525032151407140864, "@PzFeed religon of peace my ass"], [525034486229389312, "@ADTRsgb Your mom pzfeed once again for encouraging racial stereotypes, no need to mention his religion. At all."], [525033295051239424, "@GrotetheGoat @PzFeed \n\nThat just represents that this one man is deranged. I'm positive the other 99.99% of Muslims are normal people"], [525032842410336256, "@PzFeed don't."], [525035922690424832, "@ADTRsgb \n\nyeah. people like to ignore the truth and mindlessly hate on something because it's 'cool'"], [525031729095270400, "@PzFeed \n\n&amp; why is that relevant"], [525039173187932160, "@HashtagRiseUp @PzFeed im sure most of them are, but there is definitly a portion of them that arent normal"], [525037968537694210, "@HashtagRiseUp @PzFeed the idea of Islam is relative. And your idea of is becoming less popular and ISIS is attracting people globally"], [525034442801573888, "Thank you @PzFeed once again for encouraging racial stereotypes, no need to mention his religion. At all."], [525035623598813185, "@HashtagRiseUp I would like to see a news feed of show many Christian soldiers kill innocent civilians in country just to get oil lmao:"], [525071158463717376, "@ADTRsgb @HashtagRiseUp hiw dare u our troops fight hard and get less money than the immigrants that come over here illegally ffs!!"], [525051944013139968, "@HashtagRiseUp @JesusWillKill @PzFeed ISIS bases its actions off of reading the quran literally. Therefore islam. 99% of muslims arent ++"], [525031977020190720, "\u201c@PzFeed: CBS reports Ottawa shooting suspect was born in Quebec as Michael Joseph Hall. He's a recent convert to Islam\u201d \u2615\ufe0f\ud83d\udc38"], [525033603559071744, "@PzFeed but why did you have to add the \"Islam\" part"], [525032886060449792, "@JesusWillKill @PzFeed \n\nIslam is in no way affiliated with ISIS. That's like saying Christianity is directly affiliated with the KKK."]], "node_mapping": {"525031558949134336": 0, "525031816554901504": 1, "525039190380396544": 2, "525035672345001984": 3, "525033954525839361": 4, "525035340349059073": 5, "525032573802921984": 6, "525033057318088704": 7, "525034762181050368": 8, "525033610496450560": 9, "525036435884494849": 10, "525051985343840256": 11, "525037078422118400": 12, "525035154214223874": 13, "525035083296964608": 14, "525033696311934976": 15, "525033769452191745": 16, "525032635836665856": 17, "525035944366587904": 18, "525034941793722368": 19, "525032151407140864": 20, "525034486229389312": 21, "525033295051239424": 22, "525032842410336256": 23, "525035922690424832": 24, "525031729095270400": 25, "525039173187932160": 26, "525037968537694210": 27, "525034442801573888": 28, "525035623598813185": 29, "525071158463717376": 30, "525051944013139968": 31, "525031977020190720": 32, "525033603559071744": 33, "525032886060449792": 34}, "edges": [[0, 25], [0, 1], [0, 32], [0, 20], [0, 23], [0, 33], [0, 16], [0, 4], [0, 28], [25, 17], [17, 34], [34, 15], [15, 13], [13, 12], [13, 27], [13, 2], [13, 31], [13, 11], [20, 6], [6, 7], [7, 22], [22, 9], [9, 8], [8, 18], [8, 26], [33, 10], [28, 21], [28, 19], [19, 14], [19, 5], [5, 29], [5, 3], [29, 30], [3, 24]]}