{"thread_id": "525036214286815232", "text_thread": [[525036214286815232, "Gut-wrenching to hear the soldier guarding our national war memorial has died. Rest in peace Cpl Nathan Cirillo\u00a0#OttawaShooting\u00a0#NeverForget"], [525042182194208769, "@HonJohnBaird @CBCNews Rest in peace Cpl Cirillo.  Proud of @CanadianForces Two tragic deaths this week. Thoughts and prayers with families."], [525038397497561088, "@HonJohnBaird @CBCNews \nGive him a State Funeral so we can show the World the True North Strong and Free!\nIf not the next best thing please!"], [525043086049943552, "@HonJohnBaird @CBCNews Harper is to blame"], [525039282999029763, "@HonJohnBaird @CBCNews \nAny news on the so called moderate Islam front potentially screaming condemnation of this rather than whispering?"], [525038836918018050, "Your time, this is Blood on your hands. http://t.co/kLR2yOic07\n@HonJohnBaird This Gay warmongering act of yours and @pmharper is arrestable!"], [525043635226959873, "@britwithtalent a moment of silence across the country"], [525041372722921472, "@HonJohnBaird  Our soldiers are the cowards targets here. Why do you politicians ALL act like cowards and do nothing. \nFor God sake wake up"], [525039937612439554, "@HonJohnBaird @CBCNews what did Govt do to try to prevent??  Been talking up threat level for days"], [525040152079384578, "@HonJohnBaird I think those 'Toronto elites' were right about the #LongGunRegistry. It could have prevented this. #OttawaShooting"], [525036521502810113, "@HonJohnBaird Arm them, for God sake. They are not props, they are human beings."], [525049674525184000, "@SamuelStringman @HonJohnBaird yes, lets let radialized persons buy up tens of thousands of long arms legally and with no controls #cdnpoli"], [525036945273925633, "@HonJohnBaird Wearing my poppy today and thinking of #ottcity"], [525040481584291840, "@HonJohnBaird    Why?  ICIS..   Let . stop the oh I am sad this happen...89 KNOWN ICIS fighters  back in Canada. WHAT IN HELL is wrong HERE?"], [525041642345336832, "@HonJohnBaird time for boots on the ground?"], [525037582347161601, "@HonJohnBaird Time to give an answer to these radical movements. This can't be unpunished !"], [525049506308825088, "@SamuelStringman I could have. just like a bullet proof vest could save an officer. do we take it away because head shots? #gunregistry"], [525041851913363456, "@HonJohnBaird horrid  terror  attack  our prayers are with you"], [525042290742407168, "@HonJohnBaird @CBCNews Trudeau Jr. doesn't have what it takes to protect us!"], [525042137810108416, "@HonJohnBaird   Dam it these are CANADIANS soldiers.  Gagetown NB next?  Think for Gods sake think its in OUR backyard NOW! Reporters ASK???"], [525046388053540864, "@HonJohnBaird I hope he gets treated as being KIA for our country."], [525042401103323136, "@HonJohnBaird @CBCNews A direct attack against us all"]], "node_mapping": {"525036214286815232": 0, "525042182194208769": 1, "525038397497561088": 2, "525043086049943552": 3, "525039282999029763": 4, "525038836918018050": 5, "525043635226959873": 6, "525041372722921472": 7, "525039937612439554": 8, "525040152079384578": 9, "525036521502810113": 10, "525049674525184000": 11, "525036945273925633": 12, "525040481584291840": 13, "525041642345336832": 14, "525037582347161601": 15, "525049506308825088": 16, "525041851913363456": 17, "525042290742407168": 18, "525042137810108416": 19, "525046388053540864": 20, "525042401103323136": 21}, "edges": [[0, 10], [0, 12], [0, 15], [0, 2], [0, 5], [0, 8], [0, 9], [0, 13], [0, 14], [0, 17], [0, 1], [0, 18], [0, 21], [0, 3], [0, 20], [2, 4], [2, 6], [9, 16], [9, 11], [13, 7], [7, 19]]}