{"thread_id": "525067500447612929", "text_thread": [[525067500447612929, "RIP Cpl. Nathan Cirillo today's tragic events put all in perspective #OttawaShooting #HeroesInLife @CanadianForces http://t.co/B7ggJBbZvE"], [525085164263985153, "@RealSicilianG @CanadianForces \ud83d\udc94\ud83d\udc94\ud83d\udc94\ud83d\udc94\ud83d\udc94\ud83d\udc94\ud83d\udc94\ud83d\udc94\ud83d\udc94\ud83d\udc94\ud83d\udc94\ud83d\udc94\ud83d\udc94\ud83d\udc94\ud83d\udc94\ud83d\udc94\ud83d\udc94\ud83d\udc94\ud83d\udc94\ud83d\udc94\ud83d\udc94\ud83d\udc94\ud83d\udc95\ud83d\udc94\ud83d\udc95\ud83d\udc95\ud83d\udc95\ud83d\udc95\ud83d\udc95\ud83d\udc94\ud83d\udc94\ud83d\udc94\ud83d\udc94\ud83d\udc94\ud83d\udc94\ud83d\udc94\ud83d\udc94\ud83d\udc95\ud83d\udc95\ud83d\udc95\ud83d\udc95\ud83d\udc94\ud83d\udc94\ud83d\udc94\ud83d\udc94"], [525068191589203968, "@RealSicilianG Beautiful man, and clearly an affectionate dog lover.  @CanadianForces"], [525069228156530688, "@RealSicilianG @CanadianForces so so sad..."], [525068735644971008, "@RealSicilianG omg so sad\ud83d\ude22 so unfair..."], [525383136319123458, "@kirstiealley Kirstie I have loved how uv always thought outside the box,ur an enjoyable person who loves to laugh,love ur kids &amp; beautiful\ud83c\udf3a"], [525078651063123968, "@RealSicilianG @CanadianForces what a beautiful photo...."], [525116050254598144, "@RealSicilianG @CanadianForces xxxx"], [525336587178364931, "@kirstiealley I Have Been A #HugeBigFan Of Yours Since You Played #RebeccaHowe On #Cheers"], [525335699823005696, "@RealSicilianG @morningrocker @CanadianForces \n\nTerribly sad...RIP beautiful person"], [525337384339386369, "@kirstiealley @JonathanRKnight Should Record A #FutureSoloAlbum #NextYear Cause I Would Like To Hear Him #Sing"], [525068705605353472, "@RealSicilianG @CanadianForces Such a handsome man. RIP. #hero"], [525102452845346816, "@RealSicilianG @CanadianForces So sad. RIP Cpl. Cirillo."], [525393204611665920, "@kirstiealley @RealSicilianG @morningrocker @CanadianForces  THANK YOU FROM THE PEOPLE WHO LIVE IN CANADA!  Yes, very sad!"]], "node_mapping": {"525067500447612929": 0, "525085164263985153": 1, "525068191589203968": 2, "525069228156530688": 3, "525068735644971008": 4, "525383136319123458": 5, "525078651063123968": 6, "525116050254598144": 7, "525336587178364931": 8, "525335699823005696": 9, "525337384339386369": 10, "525068705605353472": 11, "525102452845346816": 12, "525393204611665920": 13}, "edges": [[0, 2], [0, 11], [0, 4], [0, 3], [0, 6], [0, 1], [0, 12], [0, 7], [0, 9], [9, 8], [9, 10], [9, 5], [9, 13]]}