{"thread_id": "525033278555033601", "text_thread": [[525033278555033601, "Gunman shot dead in #OttawaShootings named by US officials as 32-year-old, Canadian-born, Michael Zehaf-Bibeau http://t.co/VgpiGxW7P4"], [525033452362399744, "@BBCBreaking US officials?"], [525053200454270976, "@downthetrackred Whataboutadry.... and two decades old whataboutadry at that.\n\nThe lamest tweet I received today."], [525034165600022528, "@rmdan_90 @BBCBreaking congrats on you success keep going"], [525034325054849024, "@BBCBreaking I think we all know where his genes come from."], [525033417977524225, "@BBCBreaking She's America's youngest female billionaire - and a dropout &gt;&gt;&gt;&gt;&gt;http://t.co/TDbQK8bnkt"], [525033913019015168, "MT .@BBCBreaking: Gunman involved in #OttawaShootings named as 32-year-old muslim Michael Zehaf-Bibeau http://t.co/2kSqmVdeuh"], [525033878944509953, "@BBCBreaking Algerian descent I understand."], [525034010591121408, "\u201c@BBCBreaking: Gunman shot dead in #OttawaShootings named by US officials as Canadian-born, Michael Zehaf-Bibeau. -Canadians Gone Wild."], [525035782898057216, ".@RichardReese3 @BBCBreaking Wednesday is 'Hump' day."], [525035377275727872, "@TheMadHessian @BBCBreaking May his 72 virgins have syphilis!!!"], [525034978443153408, "@bbcbreaking So the gunman who's killed after attacking Canadian Parliament was Michael Zehaf-Bibeau!Sounds like a half-breed!"], [525039257963225090, "@Teknofish @BBCBreaking Google 'Experts Speak Out' I dare you"], [525037035594076160, "@BBCBreaking Fuck him, he doesn't deserve the infamy.  Let's instead celebrate Cpl Nathan Cirillo #OttawaShooting"], [525034533394321408, "@BBCBreaking &gt; what was the religion he'd converter to again????"], [525041944968167425, "@bobster31 @Antera13 Whats your point?  He was a Muslim.  Piss off."], [525035855337906176, "@bobster31 @Teknofish  not really.. just careful examination is enough.. atlist we will know if he is Muslim or not"], [525043437654253568, "@Teknofish You asked why they didn't report his religion. I'm saying that perhaps it was not in the statement from the government. Forget it"], [525033913329418240, "@BBCBreaking M-U-S-L-I-M\n\nSay it BBC .   Say it."], [525033927845892099, "@BBCBreaking jihadi johns mate muslim michael?"], [525051365425700865, "@downthetrackred @Teknofish I'm not following.This one guy in #ottawa? Wow. He must've been some dude! Well, dead now. Rest at ease, fellas."], [525034653540155393, "@BBCBreaking stand him up and shoot him again"], [525033935676653568, "@rmdan_90 @BBCBreaking wow she got it going on"], [525036308717383680, "@Antera13 @bobster31 Other major unbiased news agencies are reporting it.\n\nDon't let that effect Robs view tho."], [525050759893635072, "@ATainy @Teknofish Really compares to 250k killed in Syria."], [525035224405925889, "@Teknofish How do the BBC know his religion? Difficult to tell the religion of a dead body. Idle speculation best left to tabloid papers"], [525041072859537408, "@Teknofish @Antera13 OK, Let me rephrase. The BBC reported the statement from the Canadian Govt. Did the statement say he was a Muslim?"], [525049373148065792, "@Teknofish So? The Okie-bomber was C-h-r-i-s-t-i-a-n. Killed almost 200. Just one example."]], "node_mapping": {"525033278555033601": 0, "525033452362399744": 1, "525053200454270976": 2, "525034165600022528": 3, "525034325054849024": 4, "525033417977524225": 5, "525033913019015168": 6, "525033878944509953": 7, "525034010591121408": 8, "525035782898057216": 9, "525035377275727872": 10, "525034978443153408": 11, "525039257963225090": 12, "525037035594076160": 13, "525034533394321408": 14, "525041944968167425": 15, "525035855337906176": 16, "525043437654253568": 17, "525033913329418240": 18, "525033927845892099": 19, "525051365425700865": 20, "525034653540155393": 21, "525033935676653568": 22, "525036308717383680": 23, "525050759893635072": 24, "525035224405925889": 25, "525041072859537408": 26, "525049373148065792": 27}, "edges": [[0, 5], [0, 1], [0, 7], [0, 6], [0, 18], [0, 19], [0, 8], [0, 4], [0, 14], [0, 21], [0, 11], [0, 13], [5, 22], [5, 3], [6, 10], [10, 9], [18, 25], [18, 12], [18, 27], [25, 16], [16, 23], [23, 26], [26, 15], [15, 17], [27, 24], [24, 20], [24, 2]]}