{"thread_id": "525039876366798849", "text_thread": [[525039876366798849, "Let #NathanCirillo be remembered like this.The part time soldier doing his job &amp; bringing a little happiness #Ottawa http://t.co/GPCfrq1uI3"], [525066039659618304, "@mattwecho @WiseRiseInfo RIP Nathan, condolences to your\nFamily."], [525047618523508736, "@mattwecho @Bgbboy God Bless. DM and Penfold support our allies' servicemen. Hunt down the dogs who helped that beast plan the attack"], [525057647897489408, "what a truly wonderful picture. it\u2019s front-page-worthy @mattwecho @WiseRiseInfo"], [525042199550230530, "@mattwecho that's the way to remember a fallen."], [525166889103015936, "@mattwecho @Colettestweeter What a sweetheart and very sexy in that kilt! RIP, thoughts are with the family and friends of this man."], [525046391723130880, "@mattwecho @Steven_Swenson http://t.co/0Awlz0V2f9"], [525045570033831936, "@mattwecho @Hells4Heroes RIP Nathan .. God Bless you and Gods Speed ... YOU WILL NEVER BE FORGOTTEN @CanadaNATO @CanadaArmyRun @CanadianArmy"]], "node_mapping": {"525039876366798849": 0, "525066039659618304": 1, "525047618523508736": 2, "525057647897489408": 3, "525042199550230530": 4, "525166889103015936": 5, "525046391723130880": 6, "525045570033831936": 7}, "edges": [[0, 4], [0, 7], [0, 6], [0, 2], [0, 3], [0, 1], [0, 5]]}