{"thread_id": "525005886272843776", "text_thread": [[525005886272843776, "Kevin Vickers hailed as hero who took down attacker at Parliament Hill: http://t.co/sG70iQtfSM #cbcOTT #OTTnews http://t.co/zuSOkiOzck"], [525040451611791360, "@CBCOttawa @DamoSpin @MikeHallihan my bad. Meant to link u this. The Sgt at Arms"], [525028338222780416, "@CBCOttawa A hero in all of Ottawa's hearts!"], [525007563642130433, "@CBCOttawa  Well done Mr. Vickers. Tremendous presence of mind."], [525010198357102592, "@CBCOttawa @RobynBresnahan M.Vickers pour votre acte de courage. Excuse la faute de frappe pour votre nom"], [525051803977940995, "@CBCOttawa Mr. Vickers saved many a life today. Thank you sir. Thanks to all our first responders. #heroes"], [525012220959154176, "@CBCOttawa @DamoSpin Clearly, this is a man who both speaks quietly and caries a big stick!  Sincere thanks."], [525065077452722176, "@CBCOttawa A bit soon, but I'll bet many Americans are assuming he took the gunman down with that mace. #OttawaShooting"], [525019195462123520, "@CBCOttawa @DamoSpin Bad-ass!"], [525035421479481344, "@CBCOttawa @JODYMITIC this is the kind of hero we need in today's world!! Thank you Kevin for your bravery"], [525009472956399616, "@CBCOttawa @dexybailman \n\nBrave man with weapon stops evil in its tracks.  A hero indeed."], [525006447881367552, "@CBCOttawa everyone who was involved in trying to protect citizens of Ottawa are heroes."], [525017517853384705, "@CBCOttawa LEGEND #CanadaStrong #TrueNorthStrong"], [525012116869480448, "@CBCOttawa Sgt at Arms is actually armed? Thought it a more ceremonial title than anything"], [525025980646445056, "@CBCOttawa @spaikin \nThank you!!"]], "node_mapping": {"525005886272843776": 0, "525040451611791360": 1, "525028338222780416": 2, "525007563642130433": 3, "525010198357102592": 4, "525051803977940995": 5, "525012220959154176": 6, "525065077452722176": 7, "525019195462123520": 8, "525035421479481344": 9, "525009472956399616": 10, "525006447881367552": 11, "525017517853384705": 12, "525012116869480448": 13, "525025980646445056": 14}, "edges": [[0, 11], [0, 3], [0, 10], [0, 4], [0, 13], [0, 6], [0, 12], [0, 8], [0, 14], [0, 2], [0, 9], [0, 1], [0, 5], [0, 7]]}