{"thread_id": "525067386849091584", "text_thread": [[525067386849091584, "Raptors hold a moment of silence to honour Cpl. Nathan Cirillo and all those affected by today's events in Ottawa. http://t.co/hqoIIvCRNj"], [525067743029391360, "RT @Raptors: hold moment of silence to honour Cpl. Nathan Cirillo and all those affected by today's events in Ottawa. http://t.co/mwzi8bZaL4"], [525070123410128896, "@Raptors @jellerton Thank you Raptors."], [525067588649226240, "@Raptors my babies."], [525076301720616960, "@Raptors @Fatahfor3 wooow soo real"], [525067984810016768, "@Raptors that's respect"], [525081268242116608, "The reason why I love @Raptors \nRespects"], [525067902861705216, "@Raptors The right thing to do."], [525068107040428033, "@Raptors @boom973 What about Warrant Officer Patrice Vincent?"], [525068067685285888, "@Raptors class act!"], [525098705205362688, "@WPFact @Raptors this."], [525070776647835650, "@Raptors Thank You #WeTheNorth #OttawaStrong #OneCountry"], [525068130310447107, "@Raptors May the souls of those lost rest in peace."], [525075293133086720, "@Raptors very classy #Respect #CanadaStrong"], [525070094507188224, "#WeTheNorth -&gt; @Raptors Raptors hold a moment of silence to honour Cpl. Nathan Cirillo and all those affected by today's events in Ottawa."], [525069797202329602, "...while hosting a team from a country which just massacred hundreds @Raptors"], [525107690570526722, "@rio1389 @Raptors ditto."], [525070664005615617, "@Raptors How have I never heard of this team"], [525077094746030080, "@Raptors exact reason why i love the raptors so much"], [525071900041838592, "@Raptors That's very classy.  STAY STRONG CANADA STAY STRONG. CANADIAN SOLDIERS, police, firefighters and paramedics. We will prevail."], [525068492870262784, "@Raptors @CBCNews #respect"]], "node_mapping": {"525067386849091584": 0, "525067743029391360": 1, "525070123410128896": 2, "525067588649226240": 3, "525076301720616960": 4, "525067984810016768": 5, "525081268242116608": 6, "525067902861705216": 7, "525068107040428033": 8, "525068067685285888": 9, "525098705205362688": 10, "525070776647835650": 11, "525068130310447107": 12, "525075293133086720": 13, "525070094507188224": 14, "525069797202329602": 15, "525107690570526722": 16, "525070664005615617": 17, "525077094746030080": 18, "525071900041838592": 19, "525068492870262784": 20}, "edges": [[0, 3], [0, 1], [0, 7], [0, 5], [0, 9], [0, 8], [0, 12], [0, 20], [0, 15], [0, 14], [0, 2], [0, 17], [0, 11], [0, 19], [0, 13], [0, 4], [0, 18], [0, 6], [9, 16], [15, 10]]}