{"thread_id": "525027651908800512", "text_thread": [[525027651908800512, "#Breaking Military sources, friends ID Nathan Frank Cirillo as soldier killed in Ottawa  http://t.co/CVyzAvavIF http://t.co/Q7qKp919Ml"], [525181585713537025, "@RKingLive2Dance @one_under_god @KellyMcRebel Correct !! ASAP"], [525048293244805120, "@RKingLive2Dance @KellyMcRebel @one_under_god Well CANADIANS have no problem MOSLEM TERRORIST MURDERED Canadian Solider in Cold Blood today"], [525054737377681409, "@Gimme_Ammo @TorontoStar  \nYes, very sad."], [525049396145037313, "@RKingLive2Dance @one_under_god @ritzy_jewels http://t.co/SlHaEZrdeV"], [525180565830778881, "@RKingLive2Dance @one_under_god @ritzy_jewels  Sorry that was Britains real monarch. Oops my mistake. Try Youtube for 'Common Purpose'."], [525057926999072768, "@one_under_god @RKingLive2Dance @KellyMcRebel HERE THEY ARE ... See them ??? http://t.co/bPReqdsdG6"], [525049039235350528, "@one_under_god With muslims in it."], [525057376408588288, "@KellyMcRebel @deweyed1 @one_under_god @ritzy_jewels @RKingLive2Dance they probably have s leader who had a brain and a spine"], [525029370382282752, "@TorontoStar \nDespicable!!!\nRIP\n&gt;=)~:-)&gt;=)"], [525037679504023553, "@RKingLive2Dance @ritzy_jewels Terror attacks on NA soil and there's catch phrases fired instead of bullets. Storm the mosques!\n#wakeup"], [525059401561169921, "@KNDetweiler @KellyMcRebel @deweyed1 @one_under_god @RKingLive2Dance HARPER is a good leader"], [525035348230168576, ".@TorontoStar Well there's one little guy who'll miss his daddy. Gosh what a bummer. How sad."], [525179773551906816, "@TonyG719 @one_under_god @ritzy_jewels TY Tony!"], [525029460429787136, "@TorontoStar Tragic &amp; heartbreaking to lose this young courageous soldier."], [525043992871055360, "@RKingLive2Dance @one_under_god @ritzy_jewels If you get the chance, see Time Team's 'Britain's real Monarch', very revealing !!"], [525179994231017472, "@RKingLive2Dance @one_under_god @ritzy_jewels YVW have a look at others there from Brian Gerrish. Well worth it"], [525044993535119360, "@TorontoStar On behalf of the Belgian twitter community, our sincere condoleances to Nathan Frank Cirillo's family and friends"], [525044890506633216, "@TonyG719 @one_under_god @ritzy_jewels ok just googled, I think I can get it on youtube - will check it out tomorrow ty for heads up"], [525035506376380416, "@TorontoStar @ritzy_jewels RIP"], [525038835004997632, "@one_under_god @ritzy_jewels @RKingLive2Dance Just after 9/11 they were collecting outside St Johns Wood, London mosque for the attackers."], [525031135039205376, "Bewildered pup will b mourning \u201c@TorontoStar: \u2026Nathan Frank Cirillo soldier killed in Ottawa  http://t.co/cNfrESPEYr http://t.co/pEazQTyafz\u201d"], [525035741504880641, "@RKingLive2Dance @TorontoStar SO SENSELESS !! ThIs is how they treat a HOST country !!!!!! Wake up Canadians"], [525054628854263809, "@ritzy_jewels @RKingLive2Dance @KellyMcRebel Where's the clerics denouncing the attacks?! The #cancerspreads. Moslems are the enemy"], [525042427589955584, "@KellyMcRebel @one_under_god @ritzy_jewels &amp; UK, think the newsreader nearly choked trying to say it 'might' be a muslim attack"], [525037045279121408, "@RKingLive2Dance @TorontoStar Totally agree .. All need to protect themselves &amp; families against this evil in the world .. CANADA GRIEVES"], [525041466973126656, "@TonyG719 @one_under_god @ritzy_jewels SICK!  I can't understand why we are taking this shit, its got to end! &amp; a mosque in SJW wtf .... 1/2"], [525036322486890496, "@ritzy_jewels @TorontoStar there really aren't words - nowhere is safe &amp; the cancer continues to spread, wake up world!"], [525040889870422018, "@one_under_god @ritzy_jewels @RKingLive2Dance  \nAnd Canadian gov calls a spade a spade -TERRORISM. Instead of the utter bollocks obama spews"], [525041767343607809, "@TonyG719 @one_under_god @ritzy_jewels 2/2 wasn't that thanks to Prince Charles, &amp; what an islamophyte is he! He shd never be king"], [525043123420807168, "@RKingLive2Dance @KellyMcRebel @ritzy_jewels For every terror attack there has to be pay back. You attack us we burn down a mosque."], [525047795540312067, "@KellyMcRebel @one_under_god @RKingLive2Dance CANADA dId ..Even Murderer was called an Islamic convert Moslem GOOD FOR CANADA TELLING TRUTH"], [525180945520132096, "@ritzy_jewels @one_under_god @KellyMcRebel oh yes, &amp; just wait a minute, I think I can hear them too http://t.co/GaUlNVyJje"]], "node_mapping": {"525027651908800512": 0, "525181585713537025": 1, "525048293244805120": 2, "525054737377681409": 3, "525049396145037313": 4, "525180565830778881": 5, "525057926999072768": 6, "525049039235350528": 7, "525057376408588288": 8, "525029370382282752": 9, "525037679504023553": 10, "525059401561169921": 11, "525035348230168576": 12, "525179773551906816": 13, "525029460429787136": 14, "525043992871055360": 15, "525179994231017472": 16, "525044993535119360": 17, "525044890506633216": 18, "525035506376380416": 19, "525038835004997632": 20, "525031135039205376": 21, "525035741504880641": 22, "525054628854263809": 23, "525042427589955584": 24, "525037045279121408": 25, "525041466973126656": 26, "525036322486890496": 27, "525040889870422018": 28, "525041767343607809": 29, "525043123420807168": 30, "525047795540312067": 31, "525180945520132096": 32}, "edges": [[0, 9], [0, 14], [0, 21], [0, 12], [0, 19], [0, 17], [12, 3], [19, 22], [22, 27], [27, 25], [27, 10], [10, 20], [10, 28], [20, 26], [20, 29], [29, 15], [15, 18], [18, 4], [4, 13], [13, 16], [13, 5], [28, 24], [28, 31], [28, 8], [24, 30], [24, 2], [30, 7], [2, 23], [23, 6], [6, 32], [32, 1], [8, 11]]}