{"thread_id": "525019752507658240", "text_thread": [[525019752507658240, "#ISIS Media account posts picture claiming to be Michael Zehaf-Bibeau, dead #OttawaShooting suspect. #Canada http://t.co/kWam0E4tyX"], [525066315036237824, "@BellaaFoxx @CindyPom He's already suspended."], [525022123426086912, "@ArmedResearch hi, could you point us to the account? I'm a reporter"], [525404874796961794, "@emerhughes4 @ArmedResearch ?????? #whatsthesource"], [525405160282288130, "@codywohlers @emerhughes4 Try reading my timeline instead of asking me to repeat myself."], [525404621280641024, "@xSkylaStarx @ArmedResearch so there's no source?"], [525024672975716352, "@ArmedResearch @xSkylaStarx its just very juvenile of an answer at an inappropriate time. #respect"], [525021185613238272, "@ArmedResearch Done"], [525020856381362176, "@xSkylaStarx I could tell you but then I'd have to kill you. ;-)"], [525023827513069568, "@ArmedResearch @xSkylaStarx gross answer"], [525667513724862464, "@ArmedResearch @CindyPom Oh, figures! Thanks:)"], [525406690116894720, "@ArmedResearch @emerhughes4 for everyone else who doesn't want to read your whole timeline https://t.co/4TYnHVB8qR"], [525065680849481730, "@ArmedResearch @CindyPom Can you DM me the accounts too? I have some choice words"], [525022127255482368, "@ArmedResearch Many here in Ottawa media looking for the source of this photo."], [525022456059547648, "@ArmedResearch What media account did you get this photo from? What is your confirmation that this is the guy? DM me please"], [525024232095612928, "@olfashdeb @xSkylaStarx It's an old joke. If you don't get it, watch more spy movies."], [525020749019770881, "@matthewmreed The glare is right over the trigger guard but the barrel and hammer could be from a lever action."], [525408911105347584, "@codywohlers @ArmedResearch @emerhughes4 \nhttps://t.co/ckCzlSKMMG"], [525022226668855296, "@ArmedResearch Which accounts?"], [525020934265393152, "@CindyPom Follow me please. I will DM you."], [525027654509293568, "@ArmedResearch anyways, thanks for the info."], [525021824263151616, "@ArmedResearch are u full of shit or is this true?"], [525020978485940226, "@ArmedResearch hi, where did you source this pic?"], [525020543603703809, "@ArmedResearch  SOURCE plz :)"], [525020363357683712, "@ArmedResearch Suppose that's real: that guy is carrying a lever action rifle it looks like?"], [525023449262333952, "@ArmedResearch \n\nBBC News - Mr Merizier said that the attacker was of \"Arabic appearance\" and had \"long dark hair and a beard\"."], [525026201103265792, "@mattenleys @ArmedResearch  just a coincidence. Obviously a white angry racist"], [525021127702106112, "@ArmedResearch Source?"], [525022239356645377, "@ArmedResearch yes, for http://t.co/NdW5M3UczA"], [525022674599555072, "@ArmedResearch Hi, can you tell me where  you got the picture?"], [525022402217271296, "@ArmedResearch Could you tell us your source please?"], [525035880055320576, "@robertmamerenes Bonjour. \u00cates-vous un journaliste?"], [525035607329099776, "@ArmedResearch @olfashdeb @xSkylaStarx Hi, my name is Jean Bond. I'm french, could you tell me more?? ;))"], [525020658972258305, "@ArmedResearch Which accounts?"], [525021049759752192, "@emerhughes4 Do you work for the media?"]], "node_mapping": {"525019752507658240": 0, "525066315036237824": 1, "525022123426086912": 2, "525404874796961794": 3, "525405160282288130": 4, "525404621280641024": 5, "525024672975716352": 6, "525021185613238272": 7, "525020856381362176": 8, "525023827513069568": 9, "525667513724862464": 10, "525406690116894720": 11, "525065680849481730": 12, "525022127255482368": 13, "525022456059547648": 14, "525024232095612928": 15, "525020749019770881": 16, "525408911105347584": 17, "525022226668855296": 18, "525020934265393152": 19, "525027654509293568": 20, "525021824263151616": 21, "525020978485940226": 22, "525020543603703809": 23, "525020363357683712": 24, "525023449262333952": 25, "525026201103265792": 26, "525021127702106112": 27, "525022239356645377": 28, "525022674599555072": 29, "525022402217271296": 30, "525035880055320576": 31, "525035607329099776": 32, "525020658972258305": 33, "525021049759752192": 34}, "edges": [[0, 24], [0, 23], [0, 33], [0, 22], [0, 27], [0, 21], [0, 2], [0, 13], [0, 18], [0, 30], [0, 14], [0, 29], [0, 25], [24, 16], [23, 8], [23, 5], [8, 9], [9, 15], [15, 6], [15, 20], [15, 32], [32, 31], [33, 19], [19, 7], [19, 12], [12, 1], [1, 10], [22, 34], [22, 3], [34, 28], [3, 4], [4, 11], [11, 17], [25, 26]]}