{"thread_id": "525008463819464704", "text_thread": [[525008463819464704, "Meet Kevin Vickers, the hero who shot down the Parliament Hill gunman #OttawaShooting http://t.co/dFhPJCDREP http://t.co/m4fFmtw8d8"], [525022857316007936, "@Canoe Someone in Parliament possessing a gun?"], [525087963102081024, "@JuniorReyes17 @Canoe Not members of parliament."], [525082707001618433, "@NepeanGal @Canoe Do you really think they wouldn't have guns inside? Are you mental??"], [525012880656449536, "\u201c@Canoe: Meet Kevin Vickers, the hero who shot down the Parliament Hill gunman #OttawaShooting http://t.co/Vrt3pSRQJk http://t.co/y76FQjlcpG"], [525053779939319808, "@Canoe @MikkiL Room on his jacket for another medal, I think."], [525289551577616384, ".@Canoe @mopenshaw a thousand times the man O Hussein will ever be @weknowwhatsbest @kesgardner @larryelder @PaulReverePress"], [525302524476399616, "@JuniorReyes17 @Canoe Well now I know Kevin Vickers was former RCMP Inspector. So obviously he'd have that capability to carry a weapon."], [525091399671496704, "@NepeanGal @Canoe They most likely have a hidden one for emergencies like this"], [525012458273275906, "@Canoe don't mess with old school"]], "node_mapping": {"525008463819464704": 0, "525022857316007936": 1, "525087963102081024": 2, "525082707001618433": 3, "525012880656449536": 4, "525053779939319808": 5, "525289551577616384": 6, "525302524476399616": 7, "525091399671496704": 8, "525012458273275906": 9}, "edges": [[0, 9], [0, 4], [0, 1], [0, 5], [0, 6], [1, 3], [3, 2], [2, 8], [8, 7]]}