{"thread_id": "525024066152169473", "text_thread": [[525024066152169473, "Corporal Nathan Cirillo, shot dead at #Ottawa War Memorial today, was 24. Reservist was member of Argyll and Sutherland Highlanders #cdnpoli"], [525025108805820417, "@CBCAlerts so sad \ud83d\ude4f"], [525024962101645313, "@CBCAlerts @newswatchcanada May God grant him peace"], [525024903855349761, "@CBCAlerts @CBCCalgary at the going down of the sun and in the morning we shall remrmbet them RIP Cpl Cirillo"], [525025616765386752, "@CBCAlerts @nicireland_news so sad"], [525025511425064961, "@CBCAlerts @vdehejia Did you know the connection @LynneBell1 http://t.co/8mtwLvYXP5 so desperately sad."], [525024484374622208, "@CBCAlerts so young!! What a horrible loss for our country :("], [525025821309030400, "@CBCAlerts heartbreaking but Canadians stand together strong"], [525024401184817154, "@CBCAlerts Devastating."], [525025874492817408, "@CBCAlerts so sad, so pointless!"], [525026271760490496, "@CBCAlerts @CBCMontreal \nJust tragic.  His family must be devastated.  RIP.  To think that this man was killed at home and not in battle."], [525025861641461760, "@CBCAlerts @RosieBarton Condolences to his family as we struggle to understand how and why this happened."], [525025518249193472, "@CBCAlerts tragic and maddening #respect #remembrance #sad"], [525024576691269632, "@CBCAlerts rip"], [525024460488081408, "RIP @CBCAlerts: Corporal Nathan Cirillo, shot dead at #Ottawa War Memorial today, was 24. Reservist was member of Argyll and Sutherland"], [525024648761974785, "@CBCAlerts rest peacefully, your duty is done."], [525025129131016194, "@CBCAlerts @TheAPJournalist tragic"], [525025800177737728, "@CBCAlerts @CBCTheNational RIP Soldier!"]], "node_mapping": {"525024066152169473": 0, "525025108805820417": 1, "525024962101645313": 2, "525024903855349761": 3, "525025616765386752": 4, "525025511425064961": 5, "525024484374622208": 6, "525025821309030400": 7, "525024401184817154": 8, "525025874492817408": 9, "525026271760490496": 10, "525025861641461760": 11, "525025518249193472": 12, "525024576691269632": 13, "525024460488081408": 14, "525024648761974785": 15, "525025129131016194": 16, "525025800177737728": 17}, "edges": [[0, 8], [0, 14], [0, 6], [0, 13], [0, 15], [0, 3], [0, 2], [0, 1], [0, 16], [0, 5], [0, 12], [0, 4], [0, 17], [0, 7], [0, 11], [0, 9], [0, 10]]}