{"thread_id": "525032520124207104", "text_thread": [[525032520124207104, "CBC News Ottawa has independently confirmed that the gunman who was shot and killed is Michael Zehaf-Bibeau. #cbcOTT #OTTnews"], [525032871388803073, ".@CBCOttawa never again #OTTnews"], [525033720131375104, "@CBCOttawa @redsteeze Is that a Irish Catholic name?"], [525037416495980545, "@SmotheringTwat I highly doubt any of the firearms used in this attack were acquired legally, and even if they were the LGR wouldn't help"], [525038265595088897, "@Cmdrd5 Worth a try? Harpers policies basically welcome these kinds of things!"], [525033851144269825, "@SmotheringTwat assuming didn't criminally acquire the firearm right?"], [525037386825474049, "@BlakanWite @SmotheringTwat yeah I'm very aware that you need to be licensed."], [525035228566667264, "@SmotheringTwat @jsmith318 To obtain a rifle legally in this country you still have to possess a license. That IS the only way legally."], [525034993748561920, "@CBCOttawa @bruce_arthur Isis"], [525039559420047360, "@SmotheringTwat Guns don't kill people, people kill people. If this guy couldn't get a gun, could've used a knife. Knife registry next?"], [525038535876042752, "@MrLucky1396 The lack thereof most certainly did help. There's no disputing that!"], [525035063860535297, "@CBCOttawa @UncleRee1 independent ???"], [525032995204653057, "@CBCOttawa How bout that long gun registry now!?"], [525037364960186368, "@SmotheringTwat And that would have stopped this guy from buying a gun and shooting someone... how?"]], "node_mapping": {"525032520124207104": 0, "525032871388803073": 1, "525033720131375104": 2, "525037416495980545": 3, "525038265595088897": 4, "525033851144269825": 5, "525037386825474049": 6, "525035228566667264": 7, "525034993748561920": 8, "525039559420047360": 9, "525038535876042752": 10, "525035063860535297": 11, "525032995204653057": 12, "525037364960186368": 13}, "edges": [[0, 1], [0, 12], [0, 2], [0, 8], [0, 11], [12, 5], [12, 13], [12, 3], [13, 4], [4, 9], [3, 10]]}