{"thread_id": "525030117014507523", "text_thread": [[525030117014507523, "The soldier killed in #Ottawa today is being named as 24-year-old Nathan Cirillo. Latest here: http://t.co/Iwpa7Iq2XA http://t.co/nMEOVCJVUa"], [525032110252650496, "@TelegraphNews r.i.p x"], [525054373559566336, "@TelegraphNews god bless this young man an his family"], [525032229605756928, "@TelegraphNews may his gentle soul rest in the bosom of our Lord Jesus Christ..#RIP dude"], [525031066034515968, "@TelegraphNews @Telegraph So very sad. Condolences to the family and friends. #stopthemadness"], [525031262374080512, "@TelegraphNews @Telegraph that brave man rip Nathan"], [525037515687100416, "@TelegraphNews may his gentle soul find peace in The Lord"], [525041844229767168, "@TelegraphNews @instapundit Prayers for his loved ones."], [525032211406274560, "\u201c@TelegraphNews: The soldier killed in #Ottawa today is being named as 24-year-old Nathan Cirillo. Prayers with Canada now #peace"], [525033424655253504, "@TelegraphNews @instapundit May he rest in peace and may his family be comforted at this horrible time #PrayersForNathanCirillo"], [525032402100682752, "@TelegraphNews @wheelingwhaup poor lad, he looks so nice. Love to his family they must be devastated."], [525032138056679425, "@TelegraphNews @instapundit aaaaaand yet another victim of the Religion of Peace, I would imagine."], [525036688809418752, "@TelegraphNews how sad another life lost, why??"], [525044213176872960, "\u201c@TelegraphNews: The soldier killed in #Ottawa today is being named as 24-year-old Nathan Cirillo. http://t.co/wfnFV5kjzo\u201d R.I.P."], [525036920741449728, "@TelegraphNews RIP. Condolences to the family and friends. #stopthemadness"], [525030404089462784, "@TelegraphNews @Telegraph \ud83d\ude1e"], [525034818552479745, "@annewitha_e @TelegraphNews Aye - a tragedy. Love to his family"], [525031441713745920, "@TelegraphNews RIP NATHAN."], [525031349972140032, "@TelegraphNews @Telegraph Damn, he was still sooooo young! Poor family, such early loss. Sad, really really sad..."], [525030631487852544, "@TelegraphNews @Telegraph thoughts with his family and friends"]], "node_mapping": {"525030117014507523": 0, "525032110252650496": 1, "525054373559566336": 2, "525032229605756928": 3, "525031066034515968": 4, "525031262374080512": 5, "525037515687100416": 6, "525041844229767168": 7, "525032211406274560": 8, "525033424655253504": 9, "525032402100682752": 10, "525032138056679425": 11, "525036688809418752": 12, "525044213176872960": 13, "525036920741449728": 14, "525030404089462784": 15, "525034818552479745": 16, "525031441713745920": 17, "525031349972140032": 18, "525030631487852544": 19}, "edges": [[0, 15], [0, 19], [0, 4], [0, 5], [0, 18], [0, 17], [0, 1], [0, 11], [0, 8], [0, 3], [0, 10], [0, 9], [0, 12], [0, 14], [0, 6], [0, 7], [0, 13], [0, 2], [10, 16]]}