{"thread_id": "525071376084791297", "text_thread": [[525071376084791297, "Rest in Peace, Cpl. Nathan Cirillo. Killed today in #OttawaShooting\nhttp://t.co/YzLXYX5JJt http://t.co/8F0qAcj9sg"], [525075405850804225, "@GigiGraciette WhatAreTheValuesOfCanadians?LookAtThisManHere\nSincereCondolences\nToTheFamilyFriends&amp;ColleaguesOfCplNathanCIRILLO\nWeAreSoSorry"], [525075090699210752, "\u201c@GigiGraciette: Rest in Peace, Cpl. Nathan Cirillo. Killed 2day in #OttawaShooting\nhttp://t.co/7jtcHQr7wc http://t.co/t5ZYaeQO22\u201d God bless"], [525071668025491456, "So sad. \"@GigiGraciette: Rest in Peace, Cpl. Nathan Cirillo. Killed today in #OttawaShooting\nhttp://t.co/YBIYHliJpy http://t.co/MjvFKwrD4W\u201d"], [525076232875282432, "So sad \"@GigiGraciette: Rest in Peace, Cpl. Nathan Cirillo. Killed today in #OttawaShooting\nhttp://t.co/p6xCfWMgg1 http://t.co/gI92I5vhoB\u201d"], [525077050403876864, "@Corey_Frizzell hey frizz I was right downtown\u2026crazy stuff"], [525094345540907008, "\u201c@GigiGraciette: Rest in Peace, Cpl. Nathan Cirillo. Killed today in #OttawaShooting\nhttp://t.co/x4c34sMhFs http://t.co/YcTgpHSCbV\u201d"], [525073825268916224, "\u201c@GigiGraciette: Rest in Peace, Cpl. Nathan Cirillo. Killed today in #OttawaShooting\nhttp://t.co/EoWtbw9HJk http://t.co/goYw4BBRoj"], [525100022254546944, "@GigiGraciette So sad, RIP Cpl. Nathan Cirillo and God Bless your family left behind."], [525087452885962752, "\u201c@GigiGraciette: Rest in Peace, Cpl. Nathan Cirillo. Killed today in #OttawaShooting\nhttp://t.co/c5HtPz4n6l http://t.co/VBGdDYutSO\u201d"], [525079530432499712, "@GigiGraciette hot guy"], [525082751360184320, "\ud83d\ude4f\ud83d\ude22 #Hero \u201c@GigiGraciette: Rest in Peace, Cpl. Nathan Cirillo. Killed today in #OttawaShooting\nhttp://t.co/eRzccSD7aE http://t.co/bOWMxA2WEQ\u201d"], [525077914841538561, "@PEItopcop Were u? That's crazy! Were u in uni? The Sgt. Arms is a hero: he needs a medal."], [525076830467137536, "@GigiGraciette HOW TOTALLY. SENSELESS. AND SHAME. IM SO SORRY OUT TO THE FAMLIE.  :("]], "node_mapping": {"525071376084791297": 0, "525075405850804225": 1, "525075090699210752": 2, "525071668025491456": 3, "525076232875282432": 4, "525077050403876864": 5, "525094345540907008": 6, "525073825268916224": 7, "525100022254546944": 8, "525087452885962752": 9, "525079530432499712": 10, "525082751360184320": 11, "525077914841538561": 12, "525076830467137536": 13}, "edges": [[0, 3], [0, 7], [0, 2], [0, 1], [0, 4], [0, 13], [0, 10], [0, 11], [0, 9], [0, 6], [0, 8], [2, 5], [5, 12]]}