{"thread_id": "525045145079533568", "text_thread": [[525045145079533568, ".@pmharper and I have been speaking to some of our allies around the world. The PM will address the nation this evening. #OttawaShooting"], [525046845526269952, "@HonJohnBaird @CTVNews @pmharper Haven't we already been through enough today?"], [525048353084567552, "@HonJohnBaird @pmharper Got some blood in the game now. Don't ya?"], [525048320734265346, "@HonJohnBaird @pmharper proverb21-24"], [525048284511875072, "you assholes brought this to our shores, .@HonJohnBaird. you should both resign immediately. scumbags! @CTVNews .@pmharper"], [525045393261084674, "@HonJohnBaird @pmharper Any word on when that might happen?"], [525046529329868801, "@HonJohnBaird @CTVNews @pmharper The Emergency Measures Act.  Use it.  Stop protecting evil at the cost of the innocent."], [525045604972769281, "@HonJohnBaird @pmharper What time is the PM on tv tonight?"], [525047233138659328, "@HonJohnBaird @CTVNews @pmharper with respect, waiting 9 hours to make statement to Canadians might have been higher priority #CANpoli"], [525050929067085825, "@HonJohnBaird @pmharper stay ...live ...work and than we just kick you out"], [525048028324200448, "@HonJohnBaird @CTVNews @pmharper would this have happened if the gov't tried other peaceful means of solving the problems in the middle east"], [525048498736340992, "@honjohnbaird @pmharper @kady I hope it's to resign. We need leaders not you dickweeds. Fuck off. #cdnpoli"], [525047627813900289, "@HonJohnBaird @kady @pmharper I'm sorry you had a terrible day but YOU HAVE A GIANT STICK UP YOUR ASS."], [525050565806419968, ". @HonJohnBaird @pmharper Adress who you want but leave the guards on the War Memorial &amp; let the CFA wear their uniforms. Stop the cringe!"], [525048322088660992, "@HonJohnBaird @VassyKapelos @pmharper What will you be up to?"], [525045522240110592, "@HonJohnBaird @pmharper let's ban islam"], [525047677571334144, "@HonJohnBaird @pmharper You will pay for the damage you've done to Canada. Your hate mongering will never be forgotten. Your names cursed."], [525051041813766144, "@HonJohnBaird @CTVNews @pmharper try talking to your citizens instead."]], "node_mapping": {"525045145079533568": 0, "525046845526269952": 1, "525048353084567552": 2, "525048320734265346": 3, "525048284511875072": 4, "525045393261084674": 5, "525046529329868801": 6, "525045604972769281": 7, "525047233138659328": 8, "525050929067085825": 9, "525048028324200448": 10, "525048498736340992": 11, "525047627813900289": 12, "525050565806419968": 13, "525048322088660992": 14, "525045522240110592": 15, "525047677571334144": 16, "525051041813766144": 17}, "edges": [[0, 5], [0, 15], [0, 7], [0, 6], [0, 1], [0, 8], [0, 12], [0, 16], [0, 10], [0, 4], [0, 3], [0, 14], [0, 2], [0, 11], [0, 13], [0, 9], [0, 17]]}