{"thread_id": "525070933556350977", "text_thread": [[525070933556350977, "And this is Cpl. Nathan Cirillo, the brave #Canadian soldier killed in the #OttawaShooting today. http://t.co/w9EOyX8MAI"], [525078904378101761, "\u201c@Ostrov_A: Cpl. Nathan Cirillo, the brave #Canadian soldier killed in the #OttawaShooting today. http://t.co/3ym0dCO3Lm\u201d #RIP, soldier."], [525077204691329024, "@Ostrov_A Sad, tragic. May he rest in peace."], [525078918278025216, "@Ostrov_A ..god bless his soul....shalom..."], [525073162451427331, "@Ostrov_A My heart breaks for his mother..."], [525077708787941376, "@Ostrov_A poor guy he was only 24, rip"], [525084283200094208, "@Ostrov_A @MiaVeritas Political correctness of savages will kill more than this fine man who, by the way was UNARMED. Gun registration in CA"], [525083729518399488, "@Ostrov_A @GrannyMarried RIP, sir!"], [525071746744201216, "@Ostrov_A"], [525077625409376256, "@Ostrov_A we'll always remember him ...God bless him."], [525073475632107520, "\u201c@Ostrov_A: And this is Cpl. Nathan Cirillo, the brave #Canadian soldier killed in the #OttawaShooting today. http://t.co/iNF4punphV\u201d\n#RIP \ud83d\udc95"], [525077262081990657, "@Ostrov_A \ud83d\udd2f Blessed \ud83d\udc9c be his memory \ud83d\udd2f\n\ud83c\udf08"], [525076533376217088, "@Ostrov_A Blessed be the Memory of Our Brave Son! We Share His Happiness now that he can Enjoy the Company of the Holy Spirit of YAHWEH ..."], [525083755846045696, "RT @Ostrov_A And this is Cpl. Nathan Cirillo, the brave #Canadian soldier killed in the #OttawaShooting today.\n\nVERY SORRY to Hear of this!"], [525112858565410816, "@Ostrov_A And this is the face all peace-loving Canadians want the world to remember, not the mugshot of a nobody gunman filled with hate."], [525111915732037633, "@Ostrov_A @JeffreyGoldberg May he Rest in Peace. Another hero gone too soon."], [525073549036646400, "@Ostrov_A Horrifying. Those that destroy lives are not human and don't belong to the human race. Pretend they are rats, and wipe them out."], [525071907474141184, "@Ostrov_A We live in a very cruel and dysfunctional world!"], [525101488905789441, "@Ostrov_A @USACon God Bless this man and his family."], [525112062897582080, "@Ostrov_A @JeffreyGoldberg god bless him and his family. a true hero may he rest in peace."]], "node_mapping": {"525070933556350977": 0, "525078904378101761": 1, "525077204691329024": 2, "525078918278025216": 3, "525073162451427331": 4, "525077708787941376": 5, "525084283200094208": 6, "525083729518399488": 7, "525071746744201216": 8, "525077625409376256": 9, "525073475632107520": 10, "525077262081990657": 11, "525076533376217088": 12, "525083755846045696": 13, "525112858565410816": 14, "525111915732037633": 15, "525073549036646400": 16, "525071907474141184": 17, "525101488905789441": 18, "525112062897582080": 19}, "edges": [[0, 8], [0, 17], [0, 4], [0, 10], [0, 16], [0, 12], [0, 2], [0, 11], [0, 9], [0, 5], [0, 1], [0, 3], [0, 7], [0, 13], [0, 6], [0, 18], [0, 15], [0, 19], [0, 14]]}