{"thread_id": "525039002307424256", "text_thread": [[525039002307424256, "Soldier killed in Ottawa identified as Cpl. Nathan Cirillo \nhttp://t.co/AOT1ZKyAei http://t.co/n9NyPIQ5be"], [525052604271718400, "@TEL1967 @Juliet777777 @ctvottawa  Yeah ditto. May the perpetrators NEVER BE !!"], [525052426723016705, "@NancyJohnson45 yes, so sad :( @ctvottawa"], [525039490721918976, "Heartbreaking. \u201c@ctvottawa: Soldier killed in Ottawa identified as Cpl. Nathan Cirillo \nhttp://t.co/zEfI4IduPG http://t.co/S9RYdM04br\u201d"], [525041862705684480, "Hard to look at this &amp; not feel heart hurt. \n\nRT @ctvottawa Cpl. Nathan Cirillo \nhttp://t.co/MavpyJh1hs http://t.co/3AHQt4rjD6"], [525042487023640576, "\u201c@ctvottawa: Soldier killed in Ottawa identified as Cpl. Nathan Cirillo \nhttp://t.co/5cbuZ6qSei http://t.co/FOMNw2AVCC\u201d RIP #StaySafeOttawa"], [525042945968582658, "@ctvottawa he's 34?"], [525044614475284480, "@KFB9999 awwww I know. Very sad"], [525046662113153025, "@ctvottawa so sad my thoughts are with his family"], [525043062771552258, "@ctvottawa poor lil guy :("], [525048409766789121, "@ctvottawa @Meika_Mashack prayers for his family ;("], [525046666488197120, "\u201c@ctvottawa: Soldier killed in Ottawa identified as Cpl. Nathan Cirillo \nhttp://t.co/jTn5dyMrnC http://t.co/Jtatl86brh\u201dRIP\ud83c\udf41\u2764\ufe0f"], [525044432870309888, "@ctvottawa @jaimelmcintyre How is anyone going to explain this to his dog? \ud83d\ude25"], [525046150412648448, "@ctvottawa @Juliet777777 Very sad, the picture alone says a thousands words about this guy. May he be wrapped in the arm's of god."], [525039376183885824, "\u201c@ctvottawa: Soldier killed in Ottawa identified as Cpl. Nathan Cirillo \nhttp://t.co/IsfuR9sOB9 http://t.co/qC02CGuEKu\u201d"], [525050796262830080, "@ctvottawa @sparrow42 sad :-("], [525046938945613824, "@kbells1989 PLUS + @ctvottawa: Soldier killed in Ottawa identified as Cpl. Nathan Cirillo http://t.co/TBMBLktwNJ \u2026 \u201d RIP #StaySafeOttawa"], [525041034590699520, "@ctvottawa @ElkeHassell so many innocent senseless deaths...rest in peace your family is in our prayers."], [525046460208132096, "\u201c@ctvottawa: Soldier killed in Ottawa identified as Cpl. Nathan Cirillo \nhttp://t.co/voHHfZdFzz http://t.co/Cwl080tCiw\u201d :("], [525046883023343616, "@ctvottawa R.I.P Nathan"]], "node_mapping": {"525039002307424256": 0, "525052604271718400": 1, "525052426723016705": 2, "525039490721918976": 3, "525041862705684480": 4, "525042487023640576": 5, "525042945968582658": 6, "525044614475284480": 7, "525046662113153025": 8, "525043062771552258": 9, "525048409766789121": 10, "525046666488197120": 11, "525044432870309888": 12, "525046150412648448": 13, "525039376183885824": 14, "525050796262830080": 15, "525046938945613824": 16, "525041034590699520": 17, "525046460208132096": 18, "525046883023343616": 19}, "edges": [[0, 14], [0, 3], [0, 17], [0, 4], [0, 5], [0, 6], [0, 12], [0, 13], [0, 18], [0, 8], [0, 11], [0, 19], [0, 10], [0, 15], [5, 16], [6, 9], [12, 7], [13, 1], [15, 2]]}