{"thread_id": "525029232691650561", "text_thread": [[525029232691650561, "#RIP Nathan Cirillo #Soldier #Ottawa #Canada love you http://t.co/PkMR8R1pho"], [525029588968026112, "\u201c@CarlosAlvarez37: #RIP Nathan Cirillo #Soldier #Ottawa #Canada love you http://t.co/tySNFMX6Za\u201dAAWWW LOOK AT UR DOG BEAUTIFUL \ud83d\ude0a"], [525034390263726080, "@CarlosAlvarez37 @PartAnnMarie Condolences to his family."], [525031967159754753, "@CarlosAlvarez37 So sad."], [525037001461223424, "@CarlosAlvarez37 A tragedy."], [525029889385041920, "\u201c@CarlosAlvarez37: #RIP Nathan Cirillo #Soldier #Ottawa #Canada love you http://t.co/tySNFMX6Za\u201dRIP \ud83d\ude22\ud83d\ude22SOLDIER I SALUTE TO U\ud83d\ude1e\ud83c\uddfa\ud83c\uddf8\ud83d\ude22!!"]], "node_mapping": {"525029232691650561": 0, "525029588968026112": 1, "525034390263726080": 2, "525031967159754753": 3, "525037001461223424": 4, "525029889385041920": 5}, "edges": [[0, 1], [0, 5], [0, 3], [0, 2], [0, 4]]}