{"thread_id": "525055052801515521", "text_thread": [[525055052801515521, "Condolences pour in for family of Cpl. Nathan Cirillo, killed in #OttawaShooting http://t.co/EwHwozM3TU http://t.co/KWWGZLJT0b"], [525190643820539904, "@chronicleherald.. on to a better place ..."], [525103381745254401, "@chronicleherald @RandiShinder So awful..."], [525062973510135809, "@WillyRBeek @chronicleherald agreed. This boy was on guard for us...Our turn for him now. Do the right thing Herald!"], [525062184150114304, "@tchadwyk @chronicleherald Precisely. Only pictures and names of heroes like Cpl. Cirillo and Kevin Vickers should be used."], [525068829924134913, "@chronicleherald @GillianBauer3 condolences to the #Cirillo family tonight"], [525121886967963648, "@chronicleherald @karenhensel8 thats a good looking guy"], [525074367420444672, "So full of life. It's all so damn senseless. @chronicleherald @Merlyn43"], [525061695295987712, "@chronicleherald that's how it's done. Please no resuscitation attempts or shooter pics tomorrow. Lead by example."], [525181682685841408, "@chronicleherald poor guy. Rest in peace guy."]], "node_mapping": {"525055052801515521": 0, "525190643820539904": 1, "525103381745254401": 2, "525062973510135809": 3, "525062184150114304": 4, "525068829924134913": 5, "525121886967963648": 6, "525074367420444672": 7, "525061695295987712": 8, "525181682685841408": 9}, "edges": [[0, 8], [0, 5], [0, 7], [0, 2], [0, 6], [0, 9], [0, 1], [8, 4], [4, 3]]}