{"thread_id": "525065430713790465", "text_thread": [[525065430713790465, "Canadian Prime Minister Stephen Harper is due to make a statement shortly, reports say http://t.co/dUvWlCCpdY #OttawaShootings"], [525083166399541248, "@BBCBreaking so sorry to hear of this happening in Canada.   We in the United States are praying for them."], [525067484689211393, "@BBCBreaking harps on like a seal harpers nick name anzacthnilism war , alert full war  and roger Wilco"], [525066677721899008, "@BBCBreaking john Howard son I huttle bug wet affair"], [525067069784485888, "@BBCBreaking fone charge low harper is john Howards son wet affair statute law serial mayday extreme mayday shoot and kill they war war war"], [525066208400252928, "@BBCBreaking Will he can get #ottawashooting story straight during Historic #CSAinquiry + missing files of #LeonBrittan or #BlockTheBoat"], [525066839936626688, "@BBCBreaking @JulieBishopMP @SBSNews MAYbe you may have some accurate facts to communicate to community not rhetoric or about Memememxxx"], [525070088115093505, "@BBCBreaking Stephen Harper is a masonic Zionist tool. He can fuck right off"], [525066531676622849, "@BBCBreaking http://t.co/JaODFtVsSK"], [525068791181737984, "@BBCBreaking It's a terrible situation. I hope he's brave enough to say what is known and avoid hyperbolics. #honor #Ottawa"], [525118968366116864, "@BBCBreaking #PrimeMinister #StephenHarper no liberal #WorkplaceViolence excuses #ATerroristIsATerrorist http://t.co/9KJWtjqjTt"], [525070841756024832, "@BBCBreaking  an official apology is needed from prime minister  Harper for this embarrassing and disastrous security failure!!"], [525067196331216897, "@BBCBreaking the \"I didn't see that coming\" speech"]], "node_mapping": {"525065430713790465": 0, "525083166399541248": 1, "525067484689211393": 2, "525066677721899008": 3, "525067069784485888": 4, "525066208400252928": 5, "525066839936626688": 6, "525070088115093505": 7, "525066531676622849": 8, "525068791181737984": 9, "525118968366116864": 10, "525070841756024832": 11, "525067196331216897": 12}, "edges": [[0, 5], [0, 8], [0, 3], [0, 6], [0, 4], [0, 12], [0, 2], [0, 9], [0, 7], [0, 11], [0, 1], [0, 10]]}