{"thread_id": "525042177643016192", "text_thread": [[525042177643016192, "#BREAKING Multiple sources tell @CNN Michael Zehaf-Bibeau is likely shooter in #OttawaShooting http://t.co/vyE1ELmgat http://t.co/75S43JqeAU"], [525048851695435776, "@CNNSitRoom @CNN Just a reminder: @wolfblitzer is a former #AIPAC spokesman. That should tell you all you need to know about #CNN."], [525052262759272448, "@isaiahdmason lol yes he speaks clear english I do understand."], [525051932411707393, "@isaiahdmason I see your a pro at being a pro .....hardcore right wing nut much?"], [525049690820460544, "@isaiahdmason Obama isn't Muslim ... Easy to say but not the case."], [525045511511109632, "\u201c@CNNSitRoom: #BREAKING Sources tell @CNN Michael Zehaf-Bibeau is shooter in #OttawaShooting http://t.co/qUkuWAXFHu http://t.co/2SbysaM1VB\u201d"], [525048614356131840, "@CNNSitRoom @CNN Thanks 4 once again linking \"Islam\" &amp; \"violence\" in viewer's minds &amp; therefore implying one caused the other, you assholes."], [525051623987372034, "@CNNSitRoom @CNN ray charles, daredevil &amp; stevie wonder saw this coming! Yall narratives are so routine that it's sickening"], [525044442043277312, "@rashadalaiyan @CNNSitRoom  it does not matter. If you recall accurately now, Obama has focused on other countries  and neglected  America"], [525052885634392064, "@RPjetrovic right, left, etc.neither ... i don't go with anything other than my own research, and education. Perception of place is moot."], [525047287719149568, "@CNNSitRoom @CNN of\nCourse."], [525043329634156544, "@CNNSitRoom @CNN and WE know Barack  Al Hussein Obama  (islam in chief) wont do anything trully effective against him. #fatwathis"], [525055414636122112, "@RPjetrovic im fine with long and well established  contacts. Own ground work outside of msm. I suggest more tact, if you plan to insult."], [525054619106684929, "@isaiahdmason and that's fine.... Hell that's the only way to go about it ... Research .. False facts .... U do know the difference right?"], [525046784444624896, "@isaiahdmason @CNNSitRoom @CNN I converted to Islam yesterday ... I'm not shooting anybody's ... Chance this guy is just a nut?"], [525051281728372736, "@isaiahdmason facts ? ... Or any other legitimate accusation ?"], [525045314655232001, "@CNNSitRoom @NatSecCNN @CNN Suspect's passprt seizd aftr designatd \u201chigh-risk travellr\u201d, like Martin Rouleau-Couture. http://t.co/IVynjArmts"], [525044959477374976, "The #assassin was of #Algerian #decent, likely #Muslim @CNNSitRoom @NatSecCNN @CNN #OttawaShooting"], [525051102598029312, "@isaiahdmason and please ... Enlighten me and teach me knowledge oh wise one."], [525051780770828289, "@RPjetrovic listen to his own words. Watch him in mosques, citing the quran. \"Should the political winds shift, i will stand with islam\""], [525045068252454913, "@isaiahdmason @CNNSitRoom @CNN you're ignorant as fuck"], [525043845294067712, "@isaiahdmason @CNNSitRoom @CNN It happened in Canada smart guy"], [525050788562087936, "@RPjetrovic you unfortunately wouldn't  see the truth, even if it hit your face as a brick. Sad that one can be so dismal"]], "node_mapping": {"525042177643016192": 0, "525048851695435776": 1, "525052262759272448": 2, "525051932411707393": 3, "525049690820460544": 4, "525045511511109632": 5, "525048614356131840": 6, "525051623987372034": 7, "525044442043277312": 8, "525052885634392064": 9, "525047287719149568": 10, "525043329634156544": 11, "525055414636122112": 12, "525054619106684929": 13, "525046784444624896": 14, "525051281728372736": 15, "525045314655232001": 16, "525044959477374976": 17, "525051102598029312": 18, "525051780770828289": 19, "525045068252454913": 20, "525043845294067712": 21, "525050788562087936": 22}, "edges": [[0, 11], [0, 17], [0, 16], [0, 5], [0, 10], [0, 6], [0, 1], [0, 7], [11, 21], [11, 20], [11, 14], [11, 4], [21, 8], [4, 22], [22, 18], [22, 15], [22, 3], [22, 2], [15, 19], [3, 9], [9, 13], [13, 12]]}