{"thread_id": "525020620636307456", "text_thread": [[525020620636307456, "RT @ArmedResearch:#ISIS Media account posts picture claiming to be Michael Zehaf-Bibeau, dead #OttawaShooting suspect http://t.co/sn3IhZjOx2"], [525024017305321474, "@GeatanD @ScottBilleck @ArmedResearch ROT IN HELL...."], [525026104470671360, "@GeatanD @jmschrch @dmck1nn"], [525029180099289088, "@GeatanD @charlesadler @ArmedResearch do not use his name or post his pic He doesn't deserve it!"], [525065221682253824, "@GeatanD @Crackmacs @ArmedResearch may his name and image be quickly forgotten.  Think of the hero's on this day"], [525025694456483840, "@GeatanD @R_Mallough @ArmedResearch what a piece of shit. Too bad he took someone with him."], [525053910814572546, "@GeatanD @charlesadler  good riddance"], [525044676328706048, "@GeatanD @charlesadler well Mr. Trudeau should we still go offer bottles of maple syrup and hugs to #ISIS  #getyourheadouttayourassjustin"], [525025328033705984, "@GeatanD @ScottBilleck  This is the POS !"], [525024993231765504, "@GeatanD @CFRASnow @ArmedResearch  Piece of Shit, Burn in hell"]], "node_mapping": {"525020620636307456": 0, "525024017305321474": 1, "525026104470671360": 2, "525029180099289088": 3, "525065221682253824": 4, "525025694456483840": 5, "525053910814572546": 6, "525044676328706048": 7, "525025328033705984": 8, "525024993231765504": 9}, "edges": [[0, 1], [0, 9], [0, 8], [0, 5], [0, 2], [0, 3], [0, 7], [0, 6], [0, 4]]}