{"thread_id": "525021083892994049", "text_thread": [[525021083892994049, "Rest in peace Cpl. Nathan Cirillo via @globeandmail #ottawashooting http://t.co/voEK2MZpfR http://t.co/sMpeSGv4HY"], [525027107156787200, "@samar_ismail I know it shouldn't matter, but it makes me extra sad that he's pictured cuddling a puppy."], [525033162347651072, "@samar_ismail @globeandmail This just pisses me off. Being shot was too good for that terrorist."], [525050959018606592, "@samar_ismail @key2med @globeandmail Rest in peace. What a waste of a young life."], [525049713419358208, "@samar_ismail @globeandmail may he rest in peace so sad"], [525035555206475776, "@samar_ismail @chastime @globeandmail \u0413\u0435\u0440\u043e\u0457 \u043d\u0435 \u0432\u043c\u0438\u0440\u0430\u044e\u0442\u044c!"], [525112910872195073, "@samar_ismail @globeandmail @HandsofFateFilm @IpsamuneStudios @yvodh @MirandaSajdak @SmallTownGirlPR @MaikBurghardt happy Day"]], "node_mapping": {"525021083892994049": 0, "525027107156787200": 1, "525033162347651072": 2, "525050959018606592": 3, "525049713419358208": 4, "525035555206475776": 5, "525112910872195073": 6}, "edges": [[0, 1], [0, 2], [0, 5], [0, 4], [0, 3], [0, 6]]}