{"thread_id": "525025806079504385", "text_thread": [[525025806079504385, "#ISIS Media account posts pic claiming to be Michael Zehaf-Bibeau, dead  #OttawaShooting terrorist http://t.co/dascEeLdip via @ArmedResearch"], [525029451470737408, "@TarekFatah @ashleyscorpio @ArmedResearch Ottawa Shooting RAW coverage  photos ALL PHOTOS BY Paul Lauzon Copyright  http://t.co/OvMbZmaOor"], [525030774798843904, "@TarekFatah @ArmedResearch Canada has brought #Ottawashootings upon itself. It has no business in M/E. Its a self created  American problem"], [525072234847547392, "@pjl_u2 @TarekFatah @ArmedResearch Don't think it very funny if you are on side of ISIS. But maybe you feel Koran rt side Hx"], [525081091062104064, "@gdmclemore Oh? You know of the godless cult of ISIS?\nhttp://t.co/JtV676oVDP\n iMay have underestimated you.....\n\n@TarekFatah @ArmedResearch"], [525031246607306753, "\"@TarekFatah: #ISIS Media account posts pic claiming to be Michael Zehaf-Bibeau, dead  #OttawaShooting terrorist http://t.co/13425FnAnA vi"], [525033077462949888, "@beediya @MohinH @TarekFatah @ArmedResearch  Ya some  cancers like western control of arab oil &amp; govts shd be treated with radiation/Nt isla"], [525027219639648256, "@TarekFatah @curdistani @ArmedResearch ...and again...which acct? What's the source of this?"], [525026715924709377, "@TarekFatah @ArmedResearch no one said it was ISIS.  Stop your propoganda plz."], [525027025762152449, "@TarekFatah @ArmedResearch can you share the source?"], [525030600034758656, "@TarekFatah @ArmedResearch Muslims r cowards they attack weak un armed, Islam is begging4it. http://t.co/U3fhgXmoa4"], [525029209883021312, "@superzeroes41 @TarekFatah @ArmedResearch I agree but some people still have their heads buried in the sand, it's for them."], [525026190726139904, "@TarekFatah @ArmedResearch Just wait for #Obola to lead the lamentations and renting of garments over the scourge of workplace violence."], [525303847422418944, "@pjl_u2 @TarekFatah @ArmedResearch It comes down to us, Canada etc.. Vs you, real ISIS and lunatics of Koran, a hate filled book! Best win"], [525031711197773824, "@beediya @TarekFatah @ArmedResearch India's occupation centuries by terror should have explained Islam but did not to UNO created ISPak-1947"], [525026540632154113, "@TarekFatah Did really anyone have any doubts about his 'roots' - no way @ArmedResearch @curdistani"], [525306429390225408, "@gdmclemore Have yourself  a nice day on your short short bus. @TarekFatah @ArmedResearch"], [525026918177845248, "@TarekFatah @ArmedResearch When and if ISIS attacks US, then boots will come down on their evil necks! Hell is too easy for their asses."], [525029589400436736, "@gdmclemore that you ass-ume the zionist heretics of the USSA to be on the correct side is tr\u00e8s dr\u00f4le. #daBeast @TarekFatah @ArmedResearch"], [525032227873501184, "@TarekFatah @ArmedResearch Source? Anyone?"], [525029150361260032, "Stil gunman Canada?\u201c@TarekFatah:ISIS Media acc posts pic claimng 2b Michael ZehafBibeau,dead OttawaShooting terrorst http://t.co/EzOCPrpqyb\u201d"], [525029570337341440, "@TarekFatah @990twin @ArmedResearch Michael Zehaf-Bibeau: 5 Fast Facts You Need to Know http://t.co/5XEM1jS5MM \u2026"], [525028088124829697, "@TarekFatah @JulyBluesky @ArmedResearch This thing is sub-human and deserves no publicity. Canada-On Guard For Thee!"], [525031466640478208, "@TarekFatah @Shahidmasooddr  ???"], [525029005213577216, "@TarekFatah @KatherinePenske @ArmedResearch \nAnother friend of Satan!"], [525309402027290624, "@pjl_u2 @TarekFatah @ArmedResearch Et Tu"]], "node_mapping": {"525025806079504385": 0, "525029451470737408": 1, "525030774798843904": 2, "525072234847547392": 3, "525081091062104064": 4, "525031246607306753": 5, "525033077462949888": 6, "525027219639648256": 7, "525026715924709377": 8, "525027025762152449": 9, "525030600034758656": 10, "525029209883021312": 11, "525026190726139904": 12, "525303847422418944": 13, "525031711197773824": 14, "525026540632154113": 15, "525306429390225408": 16, "525026918177845248": 17, "525029589400436736": 18, "525032227873501184": 19, "525029150361260032": 20, "525029570337341440": 21, "525028088124829697": 22, "525031466640478208": 23, "525029005213577216": 24, "525309402027290624": 25}, "edges": [[0, 12], [0, 15], [0, 8], [0, 17], [0, 9], [0, 7], [0, 22], [0, 24], [0, 20], [0, 1], [0, 21], [0, 10], [0, 2], [0, 5], [0, 19], [17, 18], [18, 3], [3, 4], [4, 13], [13, 16], [16, 25], [22, 11], [10, 14], [10, 6], [5, 23]]}