{"thread_id": "525058825909731328", "text_thread": [[525058825909731328, "The Ottawa Hospital now says \"all three patients involved in today's incident have been discharged\" http://t.co/24l1f58UPx #OttawaShootings"], [525065415224213504, "@IanWoodger Terrorism has no boundaries."], [525060731838791680, "@chewwysquirrel @BBCBreaking A nonce was beaten to death in Milton Keynes, the World needs to know."], [525059376285880320, "@BBCBreaking Amazing, so how many died in Syria today?"], [525060000583254017, "@JBangkok7 @BBCBreaking you upset because the world isn't focused on the Middle East for one day?"], [525163351266312192, "@Paulhodgy82 @BBCBreaking :lol ok first I thank God then I also thank the medical staff for the good job well done"], [525059553524604928, "@BBCBreaking Great News Excellent work &amp; Response today from the @CANADIAN government, If turns out to be ISLAMIST terrorist RESPOND HARSHLY"], [525069192849289219, "@rejoice1515 @BBCBreaking don't thank god. Thank the medical staff!"], [525070030237884416, "@Alfizzle18 @IanWoodger normally a little bit shit in the soldiering sense but suprise is worth a lot"], [525059369738584065, "@BBCBreaking thank god happy  to  hear  this"], [525059589734428672, "@BBCBreaking good"], [525131570768646144, "@BBCBreaking http://t.co/sEuKmNjxri"], [525069568369491968, "@Alfizzle18 @IanWoodger terror is the key word"], [525060798218252288, "@BBCBreaking so the three r the soldier that died, the gunmen that was shot, n a parliament security guard that was shot n survived right?"], [525069389776056320, "@BBCBreaking UFCE POSSU\u00cd PROJETOS DE MAQUINAS PURIFICADORAS DE AGUAS SALOBRA E  POLUIDA Q PODEM SER USADAS NO RIO TIET\u00ca-SP"], [525061845691154432, "@BBCBreaking thought canada was nice to live"], [525063898274471936, "@BBCBreaking Biggest German TV #ZDF (Program Frontal21) showing how corrupt is WHO to fight #Ebola. here  the video: http://t.co/aJD9NbGM3H"]], "node_mapping": {"525058825909731328": 0, "525065415224213504": 1, "525060731838791680": 2, "525059376285880320": 3, "525060000583254017": 4, "525163351266312192": 5, "525059553524604928": 6, "525069192849289219": 7, "525070030237884416": 8, "525059369738584065": 9, "525059589734428672": 10, "525131570768646144": 11, "525069568369491968": 12, "525060798218252288": 13, "525069389776056320": 14, "525061845691154432": 15, "525063898274471936": 16}, "edges": [[0, 9], [0, 3], [0, 6], [0, 10], [0, 13], [0, 15], [0, 16], [0, 14], [0, 11], [9, 7], [7, 5], [3, 4], [4, 2], [15, 1], [1, 12], [1, 8]]}