{"thread_id": "525051365195014144", "text_thread": [[525051365195014144, "All 3 patients injured in #OttawaShooting released from hospital: #Ottawa Hospital spokesperson. #cdnpoli"], [525052520121368576, "Patients injured in this morning's #OttawaShooting released from hospital Source: @CBCAlerts @CBCNews"], [525052014880124928, "@CBCAlerts That is good."], [525051468597174273, "3 bless\u00e9s lib\u00e9r\u00e9s \u201c@CBCAlerts: All 3 patients injured in #OttawaShooting released from hospital: #Ottawa Hospital spokesperson. #cdnpoli\u201d"], [525056569872904192, "@CBCAlerts @CBCNews Investigators: This was an false flag, full of crisis actors and for the benefit of the police state, victim id'd 2soon"]], "node_mapping": {"525051365195014144": 0, "525052520121368576": 1, "525052014880124928": 2, "525051468597174273": 3, "525056569872904192": 4}, "edges": [[0, 3], [0, 2], [0, 1], [0, 4]]}