{"thread_id": "525026219100995584", "text_thread": [[525026219100995584, "Soldier killed at war memorial identified as Cpl. Nathan Cirillo #ottawashooting http://t.co/jlUKClnuNi http://t.co/GpU2jH26YP"], [525066359827603456, "@globeandmail @wynharding so horrible. I am so very sorry for such a loss."], [525073999286763522, "@globeandmail RIP"], [525030843908362240, "@globeandmail Thank-you for your service. RIP."], [525044283619807233, "@globeandmail I'm so sorry for him,his family and friends.My heartfelt sympathy from Germany #NathanCirillo #ottawashooting @SusanneSaville"], [525030525686513664, "@globeandmail @ninatypewriter So young:("], [525048234394521600, "@globeandmail @WorldMedia4u a disgraceful waste,we should call all our warriors back and focus on defense &amp; not follow American warmongering"], [525043847043112960, "@globeandmail @Raffi_RC So awful that this has happened! \n\n:("], [525036659340247041, "@globeandmail @campbellru24  bows head, salutes,  mourns his passing #WLf http://t.co/sNC5d78gJk"], [525031586765758464, "@globeandmail Condolences to his family #RIP"], [525047425678180352, "@globeandmail \nRIP, Cpl Cirillo...\n@retiredchiefANG"], [525078817644482563, "@dogsandguns @globeandmail @WorldMedia4u  WARMONGERING..? YOUR EFFING KIDDING RIGHT? GROW UP!!!!!.. AN INNOCENT LOST HIS LIFE!!"], [525050271245025280, "@grampa_Tex @globeandmail - they won't for sure"], [525037189722570752, "@BergsonSandra thank you. That means a lot."], [525029745545592832, "@globeandmail time for a bombing run against the fuckers who did this. This guy was a hero."], [525031185408618497, "\u201c@globeandmail: Soldier killed identified as Cpl. Nathan Cirillo #ottawashooting http://t.co/agpjWJhn7L http://t.co/hzP836BpKc\u201d \ud83d\ude14"], [525084327265443840, "@dogsandguns @globeandmail @WorldMedia4u oh right I'm sooo sorry, I'm way too simple to comprehend. #douchbag #asshat"], [525082471688601601, "@drmgrl_1 @globeandmail @WorldMedia4u you like it when Canadians die in the mid east so the Americans can steal resources?"], [525043281714245632, "@globeandmail @jobbers7  time to send troops. WTF. Kill them before it starts here."], [525048108028530688, "@globeandmail \nI hope your government doesn't denigrate your sacrifice by dismissing it as workplace violence. \n@retiredchiefANG"], [525082772197883904, "@drmgrl_1 @globeandmail @WorldMedia4u oh you must only be able to think in one dimension at a time, sad how dumbed down ppl are now"], [525032839478513665, "@globeandmail So upset.. Rest in peace friend"], [525029883240411136, "@globeandmail @FriedgeHNIC God bless him and his family"], [525083185139687424, "@dogsandguns @globeandmail @WorldMedia4u  right douchbag turn a murder of an innocent husband, father, son, brother into a political podium"], [525054250767093760, "@retiredchiefANG \nI sure hope not, but I never dreamed mine would do it, but they did...\n@globeandmail"]], "node_mapping": {"525026219100995584": 0, "525066359827603456": 1, "525073999286763522": 2, "525030843908362240": 3, "525044283619807233": 4, "525030525686513664": 5, "525048234394521600": 6, "525043847043112960": 7, "525036659340247041": 8, "525031586765758464": 9, "525047425678180352": 10, "525078817644482563": 11, "525050271245025280": 12, "525037189722570752": 13, "525029745545592832": 14, "525031185408618497": 15, "525084327265443840": 16, "525082471688601601": 17, "525043281714245632": 18, "525048108028530688": 19, "525082772197883904": 20, "525032839478513665": 21, "525029883240411136": 22, "525083185139687424": 23, "525054250767093760": 24}, "edges": [[0, 14], [0, 22], [0, 5], [0, 3], [0, 15], [0, 9], [0, 21], [0, 8], [0, 18], [0, 7], [0, 4], [0, 10], [0, 6], [0, 1], [0, 2], [8, 13], [10, 19], [19, 12], [12, 24], [6, 11], [11, 17], [11, 20], [17, 23], [20, 16]]}