{"thread_id": "525006356731166720", "text_thread": [[525006356731166720, "Ottawa shooting: Soldier dies of injuries, gunman shot dead http://t.co/6D9NofyId5 http://t.co/IO19HlsUms"], [525035017194725376, "@CBCNews I'm heartbroken at the loss of this young soldier in Ottawa! My condolences to his family! Thanx CBC for your delicate reporting."], [525009202247249920, "@CBCNews   Too bad .@he should have had to face our rage ."], [525007156039262209, "O.O OMG... prayers for the families... RT @CBCNews Ottawa shooting: Soldier dies of injuries, gunman shot dead http://t.co/1a4CntdL4P \u2026"], [525009332757602304, "@CBCNews Please don't show images of our soldier dying and receiving CPR, invasive and disrespectful #OttawaShooting"], [525007204852989953, "@CBCNews thoughts and prayers with our Neighbors to the North\n#StaySafeOttawa"]], "node_mapping": {"525006356731166720": 0, "525035017194725376": 1, "525009202247249920": 2, "525007156039262209": 3, "525009332757602304": 4, "525007204852989953": 5}, "edges": [[0, 3], [0, 5], [0, 2], [0, 4], [0, 1]]}