{"thread_id": "525058976376193024", "text_thread": [[525058976376193024, "Our thoughts and prayers go out to Nathan Cirillo who died today in Ottawa while protecting his country at age 24 http://t.co/PfwasSALPX"], [525070492395261953, "@Cellying @EF517_V2 ok I'm really pissed off now"], [525065014281908224, "@Cellying @Glossology \u2665"], [525113495319502848, "@Cellying I am so sad and disgusted that some coward has done this to 2 of our soldiers now. I am livid."], [525083768500264961, "@Cellying @GoaliesNeverSay Condolences to all who loved him. We know, all too well, what you are going through."]], "node_mapping": {"525058976376193024": 0, "525070492395261953": 1, "525065014281908224": 2, "525113495319502848": 3, "525083768500264961": 4}, "edges": [[0, 2], [0, 1], [0, 4], [0, 3]]}