{"thread_id": "525035564014526464", "text_thread": [[525035564014526464, "FBI working with Canadian authorities to determine if Ottawa shooting was an act of terrorism http://t.co/oDy7eSbgFn"], [525036058220969984, "\u201c@washingtonpost: FBI working with Canadian authorities to determine if Ottawa shooting was an act of terrorism, FBI are you fucking kidding"], [525036375020949504, "\u201c@washingtonpost: FBI working with Canadian authorities to determine if Ottawa shooting was an act of terrorism http://t.co/3XwdXGcMzK\u201d"], [525039261888679936, "@rickkasay @washingtonpost fairly sure most terrorists are right wing gun nuts"], [525036859186237440, "@washingtonpost the FBI ?  well, then it will end up being classified as:  workplace violence."], [525038024451555328, "@TXHolyWarrior @washingtonpost but I'm watching msnbc they told me it's likely a crazy white guy with a Canadian name"], [525036024406081538, "@washingtonpost Really?  The idiot was a recent Muslim convert....of course it was."], [525037001435672576, "@Raynsb @washingtonpost I certainly hope you're being sarcastic"], [525037245385179136, "@washingtonpost as opposed to a right wing gun nut, makes  a huge difference"], [525035950213066752, "@washingtonpost What do they know ? Case closed Work place violence"], [525037731307458560, "@TXHolyWarrior @washingtonpost #sarcasmfontneeded but yes"], [525066302939856896, "@TXHolyWarrior @washingtonpost WP: \"Now lets not rush to any judgements, we'll release a story of the investigation-After we are BANKRUPT!"], [525036470411984897, "@washingtonpost How is this already not a terrorist incident? What is an act of terrorism? I don't get it.."], [525040207994056704, "@washingtonpost really ???? Isn't it apparent"], [525040347466842112, "@washingtonpost Sorry for the loss of live in Canada."], [525036393655848960, "@TXHolyWarrior @washingtonpost these guys are usually right wing extremists. Almost always. I mean one time 25 yrs ago do you remember?"], [525038412168835072, "@washingtonpost @canuck2usa really? you guys are dumber then dirt."], [525037317376184323, "\"@washingtonpost: FBI working with Canadian authorities to determine if Ottawa shooting was an act of terrorism http://t.co/DOLAvzVoaI\""], [525037397868699648, "@washingtonpost @markberman  @JulieBishopMP says it has all the marks of a terrorist attack Canadians say  their unsure shoot first Julie ?"]], "node_mapping": {"525035564014526464": 0, "525036058220969984": 1, "525036375020949504": 2, "525039261888679936": 3, "525036859186237440": 4, "525038024451555328": 5, "525036024406081538": 6, "525037001435672576": 7, "525037245385179136": 8, "525035950213066752": 9, "525037731307458560": 10, "525066302939856896": 11, "525036470411984897": 12, "525040207994056704": 13, "525040347466842112": 14, "525036393655848960": 15, "525038412168835072": 16, "525037317376184323": 17, "525037397868699648": 18}, "edges": [[0, 9], [0, 6], [0, 1], [0, 2], [0, 12], [0, 4], [0, 8], [0, 17], [0, 18], [0, 16], [0, 13], [0, 14], [6, 15], [6, 11], [15, 7], [7, 10], [8, 3]]}