{"thread_id": "525037656820826112", "text_thread": [[525037656820826112, "Forever remember Cpl. Nathan Cirillo. Never speak of the shooter. #OttawaShooting #StaySafeOttawa #StayStrongCanada http://t.co/VmMfN4RH7e"], [525052172996997120, "@CaseySchroth @JoanneCangal that photo chokes me up - what a tragic loss #HamOnt #Ottawa"], [525044787246665729, "@CaseySchroth @AndrewBerkshire Unfortunately, we'll talk about the shooters for years, not nathan. #Lortie #Rouleau #Bourque Etc"], [525054711292895232, "@velosterpilot @CaseySchroth @jperfect10 I have no doubt this soldier has DOZENS of amazing friends who would be proud to look after his pup"], [525054032998449152, "Strongly Agree! \u201c@CaseySchroth: Forever remember Cpl. Nathan Cirillo. Never speak of the shooter.  #StayStrongCanada http://t.co/XF89YINkAB\u201d"], [525078954982772737, "@CaseySchroth what a handsome man. I would go on a date with him any night of the week #rip Cpl. Nathan Cirillo"], [525054922257997824, "@DLCoulisses @CaseySchroth @AndrewBerkshire Not true.   Iv forgot the Islamists name already.   Our first to fall will never be forgotten."], [525059646206521344, "@CaseySchroth @GongshowGear well said. Cpl. Nathan Cirillo, forever a hero and never forgotten."], [525040097754746880, "@CaseySchroth @mattsekeres rest in peace good sir! Thank you for everything you did"], [525054249705943040, "@CaseySchroth @JoanneCangal just sad!"], [525071923932581888, "@CaseySchroth Nobody mention shooter, bring no publicity to this inhumane mindless devil.All for the fallen"], [525249368665112577, "@CaseySchroth @gloryoftheSon Deepest Condolences to Cpl. Nathan Cirillos' Family! SALUTE! #NeverForgotten #FallenHero http://t.co/SjjjtPcFRg"], [525044332030873600, "@CaseySchroth @jperfect10 A heartbreaking loss for the dog, too. It will never understand why \"daddy\" didn't came home. I'm teared up."], [525058636301611008, "@CaseySchroth @OnlyOneAlgoGirl Cute photo with the dog.  Seems to have been a dog lover. :)"], [525048381719457792, "@CaseySchroth @TSNJR You have that right"], [525056307716706305, "@Teknofish @velosterpilot @CaseySchroth if not I'll go pick the pup up myself. My dog needs a friend"], [525128489700438016, "@CaseySchroth @kjbreazeale He rest in our Lord's Arms! God Bless his family, and comfort them with His Love! Prayers!!"], [525159580247285761, "@CaseySchroth @MichaelShanks :("], [525059360011988993, "@VickiDavidson1 @CaseySchroth what a waste eh :)"]], "node_mapping": {"525037656820826112": 0, "525052172996997120": 1, "525044787246665729": 2, "525054711292895232": 3, "525054032998449152": 4, "525078954982772737": 5, "525054922257997824": 6, "525059646206521344": 7, "525040097754746880": 8, "525054249705943040": 9, "525071923932581888": 10, "525249368665112577": 11, "525044332030873600": 12, "525058636301611008": 13, "525048381719457792": 14, "525056307716706305": 15, "525128489700438016": 16, "525159580247285761": 17, "525059360011988993": 18}, "edges": [[0, 8], [0, 12], [0, 2], [0, 14], [0, 1], [0, 4], [0, 9], [0, 13], [0, 7], [0, 10], [0, 5], [0, 16], [0, 17], [0, 11], [12, 3], [3, 15], [2, 6], [13, 18]]}