{"thread_id": "525030963781595136", "text_thread": [[525030963781595136, "Soldier killed in #OttawaShooting identified as Cpl. Nathan Cirillo (via @globeandmail) http://t.co/WL4Fs1H9Z2 http://t.co/wKV8KFaX73"], [525033422360961024, "@nypost @flyingj50 @globeandmail my condolences to his family and his friends. BZ Cpl.... You will not be forgotten."], [525060034913648640, "@nypost:Soldier killed #OttawaShooting is Cpl.Nathan Cirillo(via @globeandmail)http://t.co/Ti3Sckjdac http://t.co/K9QqQOgQIl the madness"], [525033768382627840, "@nypost @globeandmail Now he is protecting and protected by the other #ANGELS so sad RIP"], [525032948412977152, "@nypost @globeandmail Sad :("], [525045900222398465, "@nypost @globeandmail His dog will also miss him very much."], [525067202945617920, "@nypost @globeandmail this man's family is in my thoughts tonight."], [525034183870414849, "@nypost @globeandmail Thank you Cpl Cirillo for standing guard at Tomb of Unknown Soldier. We will never forget. We Stand to Remember You."], [525035973336633345, "@nypost @globeandmail Deepest condolences  and prayers to his family. Such senseless violence! \ud83d\ude4f"], [525048760712577024, "@nypost @globeandmail god damn the Muslim that killed him"], [525107095604310017, "@nypost RIP"], [525048823039938560, "@nypost @globeandmail rest in peace."], [525032140229312512, "@nypost @globeandmail heartbreaking."], [525045415591550976, "@nypost @globeandmail Sad for his family and dog"], [525031959097929730, "@nypost @globeandmail Om Ami Dewa Hrih"]], "node_mapping": {"525030963781595136": 0, "525033422360961024": 1, "525060034913648640": 2, "525033768382627840": 3, "525032948412977152": 4, "525045900222398465": 5, "525067202945617920": 6, "525034183870414849": 7, "525035973336633345": 8, "525048760712577024": 9, "525107095604310017": 10, "525048823039938560": 11, "525032140229312512": 12, "525045415591550976": 13, "525031959097929730": 14}, "edges": [[0, 14], [0, 12], [0, 4], [0, 1], [0, 3], [0, 7], [0, 8], [0, 13], [0, 5], [0, 9], [0, 11], [0, 2], [0, 6], [0, 10]]}