{"thread_id": "525023912221212672", "text_thread": [[525023912221212672, "BREAKING: Canada police investigating Michael Zehaf-Bibeau as possible suspect in Ottawa shooting: source familiar with matter"], [525025173141876738, "@Reuters @MissAlieNicole Yep possible suspect. It's not like he was killed in the act or anything. What about KNOWN PERPETRATOR?"], [525039657503821825, "@Reuters Looks like the Arabs reacting to this tweet are inviting more people to join Islamic state."], [525038078625210368, "@PatrickAchtelik @Reuters @_DarkMavis Eh? Who said they did? And with whom?"], [525037454097936384, "@PatrickAchtelik @Reuters @_DarkMavis French Canadian.  You seem to be up on archangels. Can you explain the double-barrelled name?"], [525025966557777920, "@Reuters \nCanada has strict gun control. Easy pickin for terrorists who will then have not just the southern border but the northern as well"], [525024126814003201, "@Reuters time for a sidewalk sandwich for all terrorists"], [525024901636571136, "@Reuters find the bastard and put a bullet in his head"], [525025686193713152, "@bi2007asm @Zeinobia @Reuters @Question_arab \u0627\u0628\u064a \u064a\u0646\u0644\u062d\u0633 \u0645\u062e\u064a"], [525028228743069697, "@Reuters @AC360@cnnnews"], [525024462828498945, "@Reuters \u0627\u0646\u062a \u062c\u0627\u0647\u0644 \u061f \u062a\u0628\u064a \u062a\u0635\u064a\u0631 \u0645\u062b\u0642\u0641 \u061f \u062a\u0639\u0627\u0644 \u0647\u0646\u0627 @Question_arab"], [525036303557984256, "@wopthedo @Reuters @_DarkMavis Oh yes, the first name after an archangel and the French family name Bibeau are so typically Muslim.../s"], [525036400690102273, "@wopthedo @Reuters @_DarkMavis Muslims do not share a common language."], [525025424229662720, "@Reuters I don't find this very surprising unfortunately..."], [525024859261513728, "@Reuters @_DarkMavis That sounds very Muslim-ish."], [525024467152797698, "@Reuters \u0645\u0646 \u0627\u0641\u0636\u0644 \u0627\u0644\u062d\u0633\u0627\u0628\u0627\u062a \u0628\u062a\u0648\u064a\u062a\u0631 \u0627\u0633\u0626\u0644\u0629 \u0648\u062a\u0641\u0627\u0639\u0644 - @Question_arab"], [525030660394999808, "@Reuters President Obama and Hillary Clinton would say this attack was because of a video"]], "node_mapping": {"525023912221212672": 0, "525025173141876738": 1, "525039657503821825": 2, "525038078625210368": 3, "525037454097936384": 4, "525025966557777920": 5, "525024126814003201": 6, "525024901636571136": 7, "525025686193713152": 8, "525028228743069697": 9, "525024462828498945": 10, "525036303557984256": 11, "525036400690102273": 12, "525025424229662720": 13, "525024859261513728": 14, "525024467152797698": 15, "525030660394999808": 16}, "edges": [[0, 6], [0, 10], [0, 15], [0, 14], [0, 7], [0, 1], [0, 13], [0, 5], [0, 9], [0, 16], [0, 2], [10, 8], [14, 11], [14, 12], [11, 4], [12, 3]]}