{"thread_id": "525024518713397249", "text_thread": [[525024518713397249, "Twenty-four-year-old Cpl. Nathan Cirillo was shot dead today at the War Memorial in #Ottawa. #cdnpoli #OttawaShooting http://t.co/j42xy9LX5k"], [525038055129092096, "@carastern @Frenkie58 god bless, so, so sad"], [525045300801859584, "@carastern @HudBannon what a lovely photograph.\n\nRIP Sir"], [525037040187228162, "@carastern Very handsome man...tragic. #savages"], [525056991660474368, "@carastern @hughhewitt Cpl. Cirillo dressed in uniform today willing to surrender his life for others. He has earned the title, \"Hero\". RIP"], [525038238218457088, "@carastern @hughhewitt May God hold his family close during this time."], [525057831955734530, "Twenty-four-year-old Cpl. Nathan Cirillo shall not be forgotten @carastern @ABos2112 - support @DefenseUnitsYPJ who fight Cirillo's killers"], [525028179694878720, "@carastern RIP. Prayers to the families and Canada."], [525046346420867072, "@carastern"], [525038392627965952, "@carastern So very sad. Praying for his family &amp; the people of Canada.."], [525041472064999424, "@carastern @brian_sack #ripcplcirillo"], [525026966748282880, "Victim of th war n th homeland:MT @carastern 24-yo Cpl Nathan Cirillo was shot dead today @ th War Memorial n Ottawa https://t.co/wZGfxf1uJC"], [525033678326341634, "@carastern @instapundit Bastards."], [525026378328969216, "@carastern At least the dog is ok"], [525040915480846336, "@carastern @Fitzzer777 God bless his family. RIP."], [525034146109095936, "@carastern @FoolishReporter Horrible. Unforgivable. Thank you, Soldier, for your service. We apologize for putting PC ahead of your life."], [525058313986506753, "@carastern @PeddRaam Prayers n Thoughts to his family n friends. RIP"], [525045823122735104, "@carastern His dog will also miss him very much."], [525035477200797697, "@carastern @TzviZucker horrible...tears for his family..."], [525025919338295296, "@carastern @MarthaLivingmar  RIP Soldier..."]], "node_mapping": {"525024518713397249": 0, "525038055129092096": 1, "525045300801859584": 2, "525037040187228162": 3, "525056991660474368": 4, "525038238218457088": 5, "525057831955734530": 6, "525028179694878720": 7, "525046346420867072": 8, "525038392627965952": 9, "525041472064999424": 10, "525026966748282880": 11, "525033678326341634": 12, "525026378328969216": 13, "525040915480846336": 14, "525034146109095936": 15, "525058313986506753": 16, "525045823122735104": 17, "525035477200797697": 18, "525025919338295296": 19}, "edges": [[0, 19], [0, 13], [0, 11], [0, 7], [0, 12], [0, 15], [0, 18], [0, 3], [0, 1], [0, 5], [0, 9], [0, 14], [0, 10], [0, 2], [0, 17], [0, 8], [0, 4], [0, 6], [0, 16]]}