{"thread_id": "525021358879936512", "text_thread": [[525021358879936512, "Rest In Peace Cpl. Nathan Cirillo. #Ottawa #OttawaShooting http://t.co/kHoik2LtmB"], [525046847333601281, "@Briadoublene @davidsin7 another fallen hero...he will be missed..prayers to all.."], [525027357783228416, "@Briadoublene @positivepoluk RIP brother from UK police officer \u2764"], [525045622345568256, "\u201c@Briadoublene: Rest In Peace Cpl. Nathan Cirillo. #Ottawa #OttawaShooting http://t.co/EBPTG2ZJvg\u201d Respect!"], [525025479955595264, "@fransonmarieela It's very sad. :("], [525024940194402304, "@Briadoublene This is truly heartbreaking; my deepest sympathies for his family and colleagues\ud83d\udc94\ud83d\ude4f"], [525068949772587009, "@Briadoublene @szackaa Cpl.Cirillo embodied Canada at its best: intelligence, service, balance, family values, freedom. A fallen hero. RIP"], [525024756832030720, "@Briadoublene @TeaPartyNevada Damn. Another brother, son, father, husband lost 2 PC indoctrination of the West. We're long past time 4 war."], [525024451994206208, "@Briadoublene @Ou812I http://t.co/KJ8x90FhIf"], [525040757409718272, "@Briadoublene @Rene_gadeCowboy Beyond terrible. Rest well, you brave soul"], [525079272277700610, "\u201c@Briadoublene: Rest In Peace Cpl. Nathan Cirillo. #Ottawa #OttawaShooting http://t.co/QCdP5yWChm\u201d"], [525044503141302272, "@Briadoublene @butterfly_LV Only a chickenshit lowlife coward would go shooting and killing a military vet honoring the dead, pathetic act."], [525033847185235969, "@Briadoublene We all share your sorrow. Long live Canada Long live Turkey @canadaembassy @HuffPostCanada"], [525025908130725888, "@Briadoublene :("], [525027161624023041, "\u201c@Briadoublene: Rest In Peace Cpl. Nathan Cirillo. #Ottawa #OttawaShooting http://t.co/XUMj6zrrXZ\u201d"], [525027535823056897, "@Briadoublene RIP Nathan Cirillo #ottowa #ottowashooting"]], "node_mapping": {"525021358879936512": 0, "525046847333601281": 1, "525027357783228416": 2, "525045622345568256": 3, "525025479955595264": 4, "525024940194402304": 5, "525068949772587009": 6, "525024756832030720": 7, "525024451994206208": 8, "525040757409718272": 9, "525079272277700610": 10, "525044503141302272": 11, "525033847185235969": 12, "525025908130725888": 13, "525027161624023041": 14, "525027535823056897": 15}, "edges": [[0, 8], [0, 7], [0, 5], [0, 13], [0, 14], [0, 2], [0, 15], [0, 12], [0, 9], [0, 11], [0, 3], [0, 1], [0, 6], [0, 10], [5, 4]]}