{"thread_id": "525025329916948481", "text_thread": [[525025329916948481, "#BREAKING: Soldier shot dead in Ottawa attack identified as Hamilton, Ontario-based reservist Cpl. Nathan Cirillo. #OttawaShooting"], [525026421786574848, "@CTVNews @CTVVancouver Thank you for releasing the name of the murdered victim as he was doing a symbolic duty honoring our War dead UNARMED"], [525025839587786753, "@CTVNews @CTVToronto What the fuck...."], [525026302504353792, "@CTVNews oh no that bad day what happene in Ottwer"], [525025689352024066, "@CTVNews. Name should not have been released, shame"], [525027036939943936, "@CTVNews @stefankeyesCTV @dmck1nn"], [525026268836683776, "@CTVNews @CTVVancouver why release the name? Why?"], [525026360067358720, "@CTVNews @CTVBarrieNews His rifle was likely non-functional and/or without ammunition."]], "node_mapping": {"525025329916948481": 0, "525026421786574848": 1, "525025839587786753": 2, "525026302504353792": 3, "525025689352024066": 4, "525027036939943936": 5, "525026268836683776": 6, "525026360067358720": 7}, "edges": [[0, 4], [0, 2], [0, 6], [0, 3], [0, 7], [0, 1], [0, 5]]}