{"thread_id": "525062993898635264", "text_thread": [[525062993898635264, "Rest In Peace Corporal Nathan Cirillo. \n\n#Respect \n#Ottawa \n#Canada \n#tcot http://t.co/1mIBOBohd4"], [525094976838197249, "@JBFazz1213 @AmyMek they need to be exterminated like roaches."], [525366276244656128, "@AmyMek @Callisto1947 bless you and your family! God bless Canada during this time of such sadness"], [525126087677054976, "@ZeusAmerMastiff @JBFazz1213 @AmyMek  send them to ISIS all Muslims"], [525094610662875136, "@AmyMek @Prayformetoo Killed by a peaceful fun loving Muslim."], [525501451855220736, "@AmyMek @Callisto1947 Ty for the follow. Greetings from Canada. Canadian-American alliance right here."], [525332360393289728, "@AmyMek @Toupsfamily"], [525079356197335040, "@AmyMek    Puts a Face on The Pure Evil That Is Infecting The World   These Scum R Serious !!! When Will The World Realize This !!!"], [525365358602256384, "@AmyMek @Callisto1947 What a handsome young man. Yet another victim of political correctness. Political correctness kills! #Ottawa"], [525066892474478593, "@AmyMek @Tammybaby65 So young and beautiful. May god be with your family as you begin your new journey in everlasting life!!!"], [525097076364152832, "@AmyMek @BIZPACReview filthy muzzie revert scum."], [525367018254790656, "@AmyMek Please retweet. This is disgusting!"], [525366728638070784, "@AmyMek look at this profile @NotOccupying A Toronto university FOREIGN student says \"FUCK CANADA\" and more about the PM after the attack."], [525081582064128001, "@AmyMek prayers for the fallen"], [525332347227746307, "@AmyMek @Toupsfamily AW, this hurts my heart"], [525079722150350848, "@AmyMek   Comfort and Peace 2 This Hero's Family !!!"], [525078915803787264, "@AmyMek Your tweet makes my page better: http://t.co/pmZJ9ZgUVq"]], "node_mapping": {"525062993898635264": 0, "525094976838197249": 1, "525366276244656128": 2, "525126087677054976": 3, "525094610662875136": 4, "525501451855220736": 5, "525332360393289728": 6, "525079356197335040": 7, "525365358602256384": 8, "525066892474478593": 9, "525097076364152832": 10, "525367018254790656": 11, "525366728638070784": 12, "525081582064128001": 13, "525332347227746307": 14, "525079722150350848": 15, "525078915803787264": 16}, "edges": [[0, 9], [0, 16], [0, 7], [0, 15], [0, 13], [0, 4], [0, 10], [0, 14], [0, 6], [0, 8], [0, 2], [0, 12], [0, 5], [7, 1], [1, 3], [12, 11]]}