{"thread_id": "525024181218725888", "text_thread": [[525024181218725888, "Cpl. Nathan Cirillo, 24, identified as the soldier who was shot, killed at the War Memorial today. #cbcOTT #OTTnews http://t.co/I68A6Ioa6E"], [525026675508006912, "@dhostler1985 @CBCOttawa good looking guy. so fucking tragic. he went to work never expecting this. now he's gone. awful."], [525029371510132738, "@CBCOttawa This is just heartbreaking."], [525026461841752064, "@CBCOttawa @mynameisrocco God bless him and his family :("], [525029053850742784, "@GoWithItJam @CBCOttawa Just followed"], [525027561487990784, "@blaiss It was.  The kids were locked down at school but they are home.  The police say it's ongoing.  @cbcottawa"], [525028858710736896, "@blaiss ty!  &lt;3  @cbcottawa"], [525026228060037120, "@CBCOttawa Wow, so heartbreaking! \ud83d\ude14 RIP Nathan! \ud83d\udc94"], [525025621123272705, "@CBCOttawa @GoWithItJam prayers go out to his family."], [525024857701253120, "Pooch lover :( RT @CBCOttawa Cpl. Nathan Cirillo, 24, identified as the soldier who was shot, killed at the War Memorial today. #cbcOTT"], [525028274335137792, "@GoWithItJam @CBCOttawa Will be praying for you and your family and all folks in Ottawa! Stay safe my friend!"], [525029749509586944, "@overdunne @CBCOttawa :("], [525028604179382273, "\u201c@CBCOttawa: Cpl. Nathan Cirillo, 24, identified as the soldier who was shot, killed at the War Memorial today. http://t.co/cN496bXEgI\u201d"], [525026241246949376, "@blaiss omg we're so sad.  Standing on guard and a PoS KILLS him.  We salute and  God Bless Cpl. Nathan Cirillo &amp; his family.  @cbcottawa"], [525026792051318784, "@GoWithItJam @CBCOttawa Are you in Canada? My heart goes out to everyone there, especially this mans family!"], [525027509017272320, "RIP. @CBCOttawa: Cpl. Nathan Cirillo, 24, identified as the soldier who was shot, killed at the War Memorial today. http://t.co/tbBN3fHJbp"], [525026983403847680, "@blaiss Yes.  We're about 10 minutes from the Parliament buildings.  My heart breaks for the Cirillo family  :(  @cbcottawa"], [525027251864502272, "@GoWithItJam @CBCOttawa OMG, it must have been terrifying for you! Glad you are safe! Have they caught all the shooters?"], [525039395121147904, "So sad.  RT@CBCOttawa: Cpl. Nathan Cirillo, 24, the soldier who was shot, killed at the War Memorial today. http://t.co/Ya6U3At2l5\u201d"]], "node_mapping": {"525024181218725888": 0, "525026675508006912": 1, "525029371510132738": 2, "525026461841752064": 3, "525029053850742784": 4, "525027561487990784": 5, "525028858710736896": 6, "525026228060037120": 7, "525025621123272705": 8, "525024857701253120": 9, "525028274335137792": 10, "525029749509586944": 11, "525028604179382273": 12, "525026241246949376": 13, "525026792051318784": 14, "525027509017272320": 15, "525026983403847680": 16, "525027251864502272": 17, "525039395121147904": 18}, "edges": [[0, 9], [0, 8], [0, 7], [0, 3], [0, 15], [0, 12], [0, 2], [0, 18], [8, 13], [13, 14], [14, 16], [16, 17], [17, 5], [5, 10], [10, 6], [6, 4], [3, 1], [15, 11]]}