{"thread_id": "525029913230053377", "text_thread": [[525029913230053377, "A photo of Cpl. Nathan Cirillo, killed in #Ottawa today. #RIP http://t.co/mh07ZMi9J5"], [525042856273403904, "\u201c@News1130radio: A photo of Cpl. Nathan Cirillo, killed in #Ottawa today. #RIP http://t.co/LNMzQZJYES\u201d Heartbreaking."], [525031799391813633, "\u201c@News1130radio: A photo of Cpl. Nathan Cirillo, killed in #Ottawa today. #RIP http://t.co/S7QBLJnpUC\u201d RIP \u2764\ufe0f"], [525048414636343296, "@News1130radio My thoughts and prayers are with his family and friends. RIP"], [525083500689784833, "\u201c@News1130radio: A photo of Cpl. Nathan Cirillo, killed in #Ottawa today. #RIP http://t.co/EwKBpIntrY\u201d"], [525043533603176449, "My thoughts r w his family \u201c@News1130radio: A photo of Cpl. Nathan Cirillo, killed in #Ottawa today. #RIP http://t.co/UsYLNDl7OO\u201d"], [525031479295094785, "@News1130radio So sad and senseless! \ud83d\ude29 #RIPNathan"], [525030617709166592, "\u201c@News1130radio: A photo of Cpl. Nathan Cirillo, killed in #Ottawa today. #RIP http://t.co/1c9g3lOmV0\u201d prayers to his family &amp; friends"], [525125588164825089, "\u201c@News1130radio: A photo of Cpl. Nathan Cirillo, killed in #Ottawa today. #RIP http://t.co/EzTZPDnyeU\u201d So sad!"]], "node_mapping": {"525029913230053377": 0, "525042856273403904": 1, "525031799391813633": 2, "525048414636343296": 3, "525083500689784833": 4, "525043533603176449": 5, "525031479295094785": 6, "525030617709166592": 7, "525125588164825089": 8}, "edges": [[0, 7], [0, 6], [0, 2], [0, 1], [0, 5], [0, 3], [0, 4], [0, 8]]}