{"thread_id": "525028734991343617", "text_thread": [[525028734991343617, "CTV News confirms that Canadian authorities have provided US authorities with the name Michael Zehaf-Bibeau in connection to Ottawa shooting"], [525034956691869696, "@inky_mark @CP24 as part of a co-op criminal investigation one would http://t.co/oEZ9w7goVi doesn't need facts to write stories it appears."], [525030166687670272, "@CP24 I think that soldiers should be armed and wear protective vests when they are on guard any where."], [525032614697385984, "@CP24 \nOK now let's swoop in on all who knew him!"], [525036486337757185, "@CP24 That name should not be mentioned again."], [525030173914431488, "@CP24 USA come before canadian media"]], "node_mapping": {"525028734991343617": 0, "525034956691869696": 1, "525030166687670272": 2, "525032614697385984": 3, "525036486337757185": 4, "525030173914431488": 5}, "edges": [[0, 2], [0, 5], [0, 3], [0, 4], [5, 1]]}