{"thread_id": "525011494896148480", "text_thread": [[525011494896148480, "Kevin Vickers hailed as hero who took down attacker http://t.co/qIDq2LcXkf #OttawaShooting #cbcto http://t.co/Qo5E24X9ZS"], [525024327410802688, ".@CBCToronto @murrjw As @stephenlautens points out about @josh_wingrove's video, how do we know which bullet felled the attacker?"], [525014596143550466, "We already know which bullets went where? After the first few shots by Vickers, he was shot at 30 odd more times? @SimonLiu20 @CBCToronto"], [525049229048573952, "\u201c@CBCToronto: Kevin Vickers hailed as hero who took down attacker http://t.co/hrKKlZE5yQ #OttawaShooting #cbcto http://t.co/Ic2umGZgnv\u201d\ud83d\udc4c\ud83d\udc4f"], [525015450649133056, "@zapata_36 The target probably wasn't shot that many times after the first bullet hit, and yes, the shooters know which shots went where."], [525013000726786048, "Why is Kevin Vickers being credited uncritically when the Globe's video clearly shows ~30 shots coming from many security staff @CBCToronto?"], [525013810755956736, "@zapata_36 @CBCToronto Pretty sure because Vickers was the one who actually hit the shooter, though many shots came from security and missed"], [525063003306090496, "@CBCToronto Notice, he's an \"Old Guy.\"  From an \"Old Guy.\""]], "node_mapping": {"525011494896148480": 0, "525024327410802688": 1, "525014596143550466": 2, "525049229048573952": 3, "525015450649133056": 4, "525013000726786048": 5, "525013810755956736": 6, "525063003306090496": 7}, "edges": [[0, 5], [0, 1], [0, 3], [0, 7], [5, 6], [6, 2], [2, 4]]}