{"thread_id": "525009850104037376", "text_thread": [[525009850104037376, "#KevinVickers hailed as hero who took down attacker at Parliament Hill http://t.co/2MHOPGuF7w #OttawaShooting http://t.co/zu5I71EU5S"], [525017473234395136, "@CBCTheNational thanks from all of us"], [525019055565324288, "@CBCTheNational I was really hoping he used his ceremonial mace"], [525010638679322624, "@CBCTheNational  Nice shooting sir. God bless you and the people of Canada."], [525011666472566784, "@CBCTheNational my utmost gratitude and thanks to #KevinVickers -Hero hero hero as is the young soldier who lost his life. Prayers for him"], [525011952389849088, "@CBCTheNational #KevinVickers  the terminator! http://t.co/00vO3sBSDC"], [525050658555449344, "@CBCTheNational @CHEXNewswatch \nKevin Vickers made us all so proud today with his heroic actions!\nDisgusting if shooter was Cndn. born....."], [525012720567844864, "@CBCTheNational  how he was so quick to act just shows to the amazing training our #RCMP officers receive! #truehero"], [525023689151361025, "Give this man the Order of Canada! #KevinVickers @CBCTheNational @GGDavidJohnston #orderofcanada"], [525022454859567104, "@CBCTheNational @CAGWSkeptic Don't mess with the seal clubbers!"], [525057345051963393, "@CBCTheNational obviously m"], [525026863681642496, "@CBCTheNational  Should be given the Order of Canada. You are a true hero Mr. Vickers!"], [525023788388605952, "@CBCTheNational @MontgomerySue Fallling face to face with that strange hat the shooter probably froze fast"], [525042283826397185, "@CBCTheNational  Praise our security forces. They are Brave men and women and a source of pride for Canadians"], [525011681899196416, "@CBCTheNational Tho, I'm sure he doesn't feel like a hero today. If it's true that he killed the shooter, it might be worst day of his life."], [525013057286995968, "@CBCTheNational I nominate Sergeant-at-Arms Kevin Vickers for the Order of Canada for doing what needed to be done in order to save others."], [525032827897663490, "@CBCTheNational   One Man with One Gun!"]], "node_mapping": {"525009850104037376": 0, "525017473234395136": 1, "525019055565324288": 2, "525010638679322624": 3, "525011666472566784": 4, "525011952389849088": 5, "525050658555449344": 6, "525012720567844864": 7, "525023689151361025": 8, "525022454859567104": 9, "525057345051963393": 10, "525026863681642496": 11, "525023788388605952": 12, "525042283826397185": 13, "525011681899196416": 14, "525013057286995968": 15, "525032827897663490": 16}, "edges": [[0, 3], [0, 4], [0, 14], [0, 5], [0, 7], [0, 15], [0, 1], [0, 2], [0, 9], [0, 8], [0, 12], [0, 11], [0, 16], [0, 13], [0, 6], [0, 10]]}