{"thread_id": "525022663102963712", "text_thread": [[525022663102963712, "#HamOnt reservist Nathan Cirillo was on duty in Ottawa today when he was fatally shot. http://t.co/ChPobw7w2x"], [525031519866601472, "@EmmaatTheSpec So very sad. :("], [525022875380903936, "@EmmaatTheSpec RIP Nathan. How tragic."], [525023439577690113, "@EmmaatTheSpec @TheSpec May our lost soldier's family find comfort from us all xo"], [525024218380242946, "@EmmaatTheSpec @HamOntNews32 God Bless Nathan Cirillo! A true Canadian hero! He will be remembered!"], [525026981604114432, "So sad! \u201c@EmmaatTheSpec: #HamOnt reservist Nathan Cirillo was on duty in Ottawa today when he was fatally shot. http://t.co/fTC2sxPSe1\u201d"], [525030349055602689, "@EmmaatTheSpec He's always smiling in all his photos"]], "node_mapping": {"525022663102963712": 0, "525031519866601472": 1, "525022875380903936": 2, "525023439577690113": 3, "525024218380242946": 4, "525026981604114432": 5, "525030349055602689": 6}, "edges": [[0, 2], [0, 3], [0, 4], [0, 5], [0, 6], [0, 1]]}