{"thread_id": "525013278343581696", "text_thread": [[525013278343581696, "JUST IN: U.S. officials tell CBS News the name of the dead Ottawa shooting suspect is Michael Zehaf-Bibeau, a Canadian born in 1982."], [525024405957931008, "@CBSEveningNews More importantly is the soldiers name shot in #Ottawa today RIP Cpl. Nathan Cirillo. Reservist was based in #Hamilton, Ont."], [525063261906272256, "@Matthew52338399 @CBSEveningNews @CBSPhilly  Right on man!"], [525053691884089344, "@CBSEveningNews @CBSPhilly  he was a damn muslim bastard you aholes!"], [525136288790618112, "\u201c@teesock: @CBSEveningNews @JesseBrown How did CBS get this info before any media in Canada, where the shooting happened?\u201d #cdnpoli"], [525016093585575936, "@CBSEveningNews @JesseBrown Did US Officials receive/release that information before Canadian?"], [525016052326232064, "@CBSEveningNews @JesseBrown How did CBS get this info before any media in Canada, where the shooting happened?"], [525063076811636736, "@PeriMedic @CBSEveningNews According to CBS, the shooter is a recent convert to islam!"], [525092756918505472, "@FilozofA @CBSEveningNews You mean, run Canada run!"], [525073506049224704, "@NetAdvisor @CBSEveningNews Expect we'll see a lot more of this. The West needs to get serious about the problem of #Islam"], [525397566822035457, "@NetAdvisor @CBSEveningNews He's on a search and destroy mission! #Obama #freedom #transformation"], [525039282168532992, "@CBSEveningNews The Daily Mail on line had this information posted on its website about 8 hours ago."], [525044295125204992, "@teesock yeah! It is really strange that @CBSEveningNews got more info than canadian's media"], [525040102591193088, "@CBSEveningNews Here is the link to the 8 hour old Daily Mail story: http://t.co/Q1lCnQp6kR"], [525017564024680449, "MT @CBSEveningNews: US officials tell CBS News name of the dead Ottawa shooting suspect is Michael Zehaf-Bibeau, a Canadian born in 1982."], [525024933693640704, "@Mazama528 @CBSEveningNews God bless him for his sacrifice for his country and freedom.  RIP #OttowaShooting"], [525069422889668608, "@phil_cpa @CBSEveningNews But, it's a religion of peace!  I'm stunned."], [525137223734542337, "@rebelgirl1213 @NetAdvisor @CBSEveningNews Just workplace violence or something."], [525257016718405632, "@johnlymantweets @CBSEveningNews @JesseBrown Didn't see that, thanks!"], [525027807110250496, ".@CBSEveningNews @algator2 This event then clearly has something to do with having the US as a neighbor! Move Canada, move."], [525032634158563330, "@rebelgirl1213 @CBSEveningNews According to public tweets, ISIS posted his picture and said he was affiliated with them. Another extremist?"], [525396357591232512, "@rebelgirl1213 @CBSEveningNews BO Admin not interested in solving problems, ie: the economy, securing the border, restricting #Ebola travel."], [525031755548352513, "@CBSEveningNews @NetAdvisor When do we find out he's also #Muslim ?"], [525025483797569536, "@CBSEveningNews I\"m sure he's a devout Christian of Scandinavian heritage"], [525069580004519936, "@PeriMedic @CBSEveningNews :-) :-("], [525051030154014720, "@CBSEveningNews A Muslim terrorist? Shocked, shocked I tell you! http://t.co/zSrJkspwW7"], [525018392873676800, "so our U.S. friends get info before our reporters? RT @CBSEveningNews US officials tell CBS Ottawa shooting suspect is Michael Zehaf-Bibeau"], [525035001302097920, "@bhearsum @CBSEveningNews @JesseBrown That name came from Canadian authorities first."], [525031862134398976, "@CBSEveningNews French Muslim?"], [525018476646510593, "\u201c@CBSEveningNews:  U.S. officials tell CBS the name of the dead Ottawa shooting suspect is Michael Zehaf-Bibeau, a Canadian born in 1982.\u201d"], [525051439333122048, "@CBSEveningNews A muslim terrorist? Shocked, shocked I tell you!"]], "node_mapping": {"525013278343581696": 0, "525024405957931008": 1, "525063261906272256": 2, "525053691884089344": 3, "525136288790618112": 4, "525016093585575936": 5, "525016052326232064": 6, "525063076811636736": 7, "525092756918505472": 8, "525073506049224704": 9, "525397566822035457": 10, "525039282168532992": 11, "525044295125204992": 12, "525040102591193088": 13, "525017564024680449": 14, "525024933693640704": 15, "525069422889668608": 16, "525137223734542337": 17, "525257016718405632": 18, "525027807110250496": 19, "525032634158563330": 20, "525396357591232512": 21, "525031755548352513": 22, "525025483797569536": 23, "525069580004519936": 24, "525051030154014720": 25, "525018392873676800": 26, "525035001302097920": 27, "525031862134398976": 28, "525018476646510593": 29, "525051439333122048": 30}, "edges": [[0, 6], [0, 5], [0, 14], [0, 26], [0, 29], [0, 1], [0, 23], [0, 19], [0, 22], [0, 28], [0, 11], [0, 13], [0, 25], [0, 30], [0, 3], [6, 12], [6, 4], [5, 27], [27, 18], [1, 15], [23, 7], [7, 16], [16, 24], [19, 8], [22, 20], [20, 9], [9, 17], [9, 21], [21, 10], [3, 2]]}