{"thread_id": "525027317551079424", "text_thread": [[525027317551079424, "NEW: Sources: Deceased gunman who killed soldier in Ottawa has been identified as Canadian national Michael Zehaf-Bibeau - @WorldNews"], [525049051692429313, "@albanyly @ABC @theviewtv @WorldNews piss off jew-hating jihadist troll"], [525047905946963968, "@ABC @WorldNews \n\nCAN THIS CANADIAN COULD BE CALLED A CHRISTIAN TERRORIST?\nIF HE WAS A MUSLIM HE COULD BE NAMED AN ISLAMIST EXTREMIST?"], [525029610682335232, "@ABC @WorldNews can I have more foreigners did we do they got to stop them now"], [525049750295281666, "@ABC @WorldNews \nIT IS A SHAME TO ACT TWO FACES. ISRAEL TAKE OVER PALESTINIAN HOUSES BY USING FORCE AN NOBODY WANT TO SEE IT.SEE NAZI ISRAEL"], [525032398967570432, "@ABC @WorldNews we've let the enemy in the front door."], [525161942550577152, "@ABC"], [525048587970170880, "@TrainerGloria @ABC @theviewtv @WorldNews \nISRAEL KILLS HUNDREDS EVERYDAY JUST TO TAKE OVER THEIR LANDS.\nPALESTINIANS BORN AND DIE IN CAMPS"], [525029024360566784, "@bohratom @ABC @WorldNews probably just hit the nail on the head with that guess."], [525028037709291520, "@ABC @WorldNews Let me guess, he is Muslim...."], [525028710223982593, "@ABC @theviewtv @WorldNews in the photo of him he is wearing palestinian scarf. A palestinian terrorist killed infant in Jerusalem today"], [525034200991551488, "@ABC @WorldNews Did he work nearby and go after co-workers prompted @BarackObama and the Admin to Canada ?"]], "node_mapping": {"525027317551079424": 0, "525049051692429313": 1, "525047905946963968": 2, "525029610682335232": 3, "525049750295281666": 4, "525032398967570432": 5, "525161942550577152": 6, "525048587970170880": 7, "525029024360566784": 8, "525028037709291520": 9, "525028710223982593": 10, "525034200991551488": 11}, "edges": [[0, 9], [0, 10], [0, 3], [0, 5], [0, 11], [0, 2], [0, 6], [9, 8], [10, 7], [7, 1], [2, 4]]}