{"thread_id": "525002243100401664", "text_thread": [[525002243100401664, "US Army increases security at Tomb of the Unknown Soldier at Arlington Nat'l Cemetery as precaution due to Ottawa shootings - @LMartinezABC"], [525013042002530304, "@ABC @LMartinezABC whoes in that tomb?? Why protect someone or something who is already dead!!??"], [525004706759061504, "@ABC @whpresscorps @LMartinezABC \nLet's arm the soldiers and put them in combat gear!"], [525007623297695745, "@ABC @GoVols37872 @LMartinezABC I hope they give US soldiers ammo to protect themselves. Reports Canadian soldiers had no ammo :("], [525018880847380480, "@melingsm @ABC @LMartinezABC are you being serious??"], [525007943063072768, "@iguestinfo @ABC @GoVols37872 @LMartinezABC ...more liberal lunacy..."], [525004608662290432, "@ABC @LMartinezABC Seems like an odd thing to do. If the #OttawaShooting is a #lonewolf, than other attacks would not, could not occur."], [525002554636529664, "@ABC @LMartinezABC http://t.co/eBBn0WpL4k"], [525008592449974272, "@iguestinfo @ABC @LMartinezABC Ammo? Thanks to the LWNJ Clinton regime, our soldiers dont get guns, much less ammo."], [525002458876379138, "RT @ABC: US Army increases security at Tomb of the Unknown Soldier at Arlington Nat'l Cemetery as preca      (cont) http://t.co/IlpWbZFCNF"], [525018419612377089, "@riker17 @ABC @LMartinezABC not really that odd. Would rather take the precaution than not."], [525009706038071296, "@GoVols37872 @ABC @LMartinezABC It is ridiculous that our enemies understand our military weaknesses but most American do not"], [525008208457654272, "@Jbrock130 complete lunacy, if you can't trust soldiers with a couple bullets, we are all screwed @ABC @GoVols37872 @LMartinezABC"]], "node_mapping": {"525002243100401664": 0, "525013042002530304": 1, "525004706759061504": 2, "525007623297695745": 3, "525018880847380480": 4, "525007943063072768": 5, "525004608662290432": 6, "525002554636529664": 7, "525008592449974272": 8, "525002458876379138": 9, "525018419612377089": 10, "525009706038071296": 11, "525008208457654272": 12}, "edges": [[0, 9], [0, 7], [0, 6], [0, 2], [0, 3], [0, 1], [6, 10], [3, 5], [3, 8], [5, 12], [8, 11], [1, 4]]}