{"thread_id": "525040097272819712", "text_thread": [[525040097272819712, "NO, Michael Zehaf-Bibeau was NOT wearing a GamerGate t-shirt during the Ottawa Shooting.  The people spreading this are freaking sick."], [525050150398734336, "@redlianak I was one of the guys he completely disrespected. He is a horrible human being."], [525041502310117377, "@redlianak What kind of pathetic pos uses a tragic event to bash a consumer revolt."], [525040329431740417, "@redlianak I am really getting annoyed by the spreading of lies by people about GG. these last two months has been shocking.."], [525040951538900992, "@redlianak are you fucking kidding me? people are trying to say that? and we are the bad people?"], [525056963017981952, "@Tougakun @redlianak I heard there were some forming or that have been formed. I'm new so I don't know them off the top of my head."], [525051903869456384, "@Tougakun @redlianak I agree. There are a lot of aspects we need to look in to as a movement."], [525063211523911681, "@TyHopkinson @redlianak heres a virtual handshake and pat on back for you #GamerGate"], [525051418311655424, "@redlianak Its all good. Everyone has been super great in their support. #GamerGate is freaking amazing."], [525040815442513923, "@redlianak You know what's worse? I'm not even THAT surprised."], [525041589576429569, "@redlianak You have got to be fucking kidding me. What the actual fuck is wrong with people? Seriously?"], [525040524244180992, "@redlianak @LordKaT \nJust the fact people are trying to use such recent tragedy to push their views out is fucking gross"], [525040237752627202, "@redlianak I heard that rumor too. What piece of shit tried to drag GG into the Ottawa shooting?"], [525095099831971840, "@TyHopkinson @redlianak Yeah, and I just figured some ass would try that but hoped they wouldn't."], [525040865627357184, "@redlianak Jesus Christ, these people are truly disconnected with humanity, if not reality."], [525046787250192385, "@causticsodafizz @redlianak it's because the trolls make you guys easy targets for the media."], [525042011590508544, "@redlianak As a CAF member, this bothers me a pretty large amount. These people really need to sit down and give themselves a hard look."], [525052251719876608, "@TyHopkinson @redlianak You called that idiot out - that deserves a pat on the back in my book. Trolls like them, on the other hand ..."], [525093602796777473, "@voidraithe @redlianak No problem man. We all gotta stick together in times like this eh?"], [525067144992931840, "@BevinWarren @redlianak Cheers man."], [525055204840833024, "@causticsodafizz @redlianak I also suggest forming your own game review site where you display ethical journalism to lead by example."], [525093143361093632, "@redlianak @TyHopkinson As a fellow Canuck, thanks"], [525041451449974784, "@redlianak They are getting desperate to shut us down because we are making progress. Anything they can pin on GG they will."], [525050444490354688, "@TyHopkinson Hmm?"], [525050618768293889, "@redlianak http://t.co/t5uO3XbMP0"], [525042045652852736, "@MLDBanks This is what I'm trying to figure out"], [525050164470222849, "@causticsodafizz @redlianak honestly I think you guys need to focus on the game companies which are the ones bribing the journalist."], [525040555198513152, "@redlianak all media outlets are looking to pull the photoshopped images. I haven't heard much but editors are pissed."], [525040668935462912, "@redlianak but thanks for staying honest, regardless of backlash. people still emotionally high strung atm."], [525048496806584320, "@causticsodafizz @redlianak yea but the media doesn't care about what you do positive just what the trolls do negative."], [525095573423419392, "@voidraithe @redlianak Im really not surprised they did it either. Im appalled that they would tho."], [525040234027683840, "@redlianak Look at these disgusting human beings. http://t.co/pvXe8WcGfC"], [525049417297326081, "@Tougakun @redlianak Exactly, but this is something people can come see for themselves. It isn't a battle taking place in the shadows."], [525047940906483712, "@Tougakun @redlianak The trolls aren't doing us favors, which is why its important we keep representing ourselves in a positive light."], [525051083161219073, "@TyHopkinson Hmm.  men changed to people.  Typical SJW sign.  That sucks.  Sorry you went through that"], [525040346057539584, "@redlianak I'm not even sure if I want to refer to them as human."]], "node_mapping": {"525040097272819712": 0, "525050150398734336": 1, "525041502310117377": 2, "525040329431740417": 3, "525040951538900992": 4, "525056963017981952": 5, "525051903869456384": 6, "525063211523911681": 7, "525051418311655424": 8, "525040815442513923": 9, "525041589576429569": 10, "525040524244180992": 11, "525040237752627202": 12, "525095099831971840": 13, "525040865627357184": 14, "525046787250192385": 15, "525042011590508544": 16, "525052251719876608": 17, "525093602796777473": 18, "525067144992931840": 19, "525055204840833024": 20, "525093143361093632": 21, "525041451449974784": 22, "525050444490354688": 23, "525050618768293889": 24, "525042045652852736": 25, "525050164470222849": 26, "525040555198513152": 27, "525040668935462912": 28, "525048496806584320": 29, "525095573423419392": 30, "525040234027683840": 31, "525049417297326081": 32, "525047940906483712": 33, "525051083161219073": 34, "525040346057539584": 35}, "edges": [[0, 31], [0, 12], [0, 3], [0, 35], [0, 11], [0, 27], [0, 28], [0, 9], [0, 14], [0, 4], [0, 22], [0, 2], [0, 10], [0, 16], [22, 15], [15, 33], [33, 29], [29, 32], [32, 26], [26, 6], [6, 20], [20, 5], [10, 25], [25, 1], [1, 23], [23, 24], [24, 34], [34, 8], [34, 21], [8, 17], [8, 7], [7, 19], [21, 18], [18, 13], [13, 30]]}