{"thread_id": "525023057526947840", "text_thread": [[525023057526947840, "Canadian soldier fatally shot identified as Nathan Cirillo.  #OttawaShooting #HamOnt #RIP http://t.co/0VdtSF6WVS"], [525024763568484352, "@Media371 #heroinlifenotdeath"], [525027930435760128, "\u201c@Media371: Canadian soldier fatally shot identified as Nathan Cirillo.  #OttawaShooting #HamOnt #RIP http://t.co/eF5v0VCaxR\u201d"], [525023583178084352, "\u201c@Media371: Canadian soldier fatally shot identified as Nathan Cirillo.  #OttawaShooting #HamOnt #RIP http://t.co/IkA3U4p6kS\u201d RIP #hero #rip"]], "node_mapping": {"525023057526947840": 0, "525024763568484352": 1, "525027930435760128": 2, "525023583178084352": 3}, "edges": [[0, 3], [0, 1], [0, 2]]}