{"thread_id": "525052223030845440", "text_thread": [[525052223030845440, "BREAKING NEWS: CBC confirms photo of Michael Zehaf-Bibeau, the gunman in the Ottawa shooting - http://t.co/58IK7FMcA1 http://t.co/HmCjJGCn0F"], [525086185648316417, "@Gingerwombat @PzFeed No? It's Michael Hall"], [525299317532557312, "@YungTrillLord @PzFeed Canadians spell words differently and we use different words to express ourselves. There is no North American speak"], [525056089461882880, "@PzFeed  Hate for assassins or terrorists to gain any personal fame, even posthumously, such as did Booth, Princip &amp; Oswald."], [525137659933757440, "@YungTrillLord @PzFeed Dumb fuck. The attack was in Canada and he was Canadian. If you follow anything, he went by different names."], [525053562397544448, "@PzFeed That looks like a lever action rifle he's holding. Unusual for this kind of attack."], [525301186673770496, "@hfxnewsie @PzFeed I do realize that. The point is Canada is apart of the Americas that's why the continent is  called North \"America\""], [525056625917165570, "@PzFeed @jlandmark who gives two shits what his name was &amp; what he looked like? Seriously. Media just loves glorifying villains."], [525057399518801920, "@PzFeed @emjay505 mentally I'll no doubt however people &amp; simplistic media will focus on islam. #religions #spreadinghate"], [525180610533654528, "@YungTrillLord @PzFeed well  zehaf and bibeau are the last names of his parents so its likely a legitimate Canadian name for him."], [525234223121465344, "@hfxnewsie @PzFeed Well Canada is part of North \"America\""], [525061235763847168, "@YungTrillLord @PzFeed isn't that his north america name?"], [525052832248893441, "@PzFeed. They said he had a shotgun that's no shot gun that looks like a lever action 30-30 to me ."], [525059486487044096, "@PzFeed is that a musket?"], [525053224076976128, "@PzFeed what a chode"], [525234125683585024, "@Gingerwombat @PzFeed Oh, did not know that. Maybe It is. I heard they were Canadian last names, so I guess your right."], [525052544952057858, "@PzFeed coward"], [525057652687376386, "@PzFeed @DatGuyWarby coward"], [525067834066358272, "@PzFeed is that a musket?"], [525052721133813760, "@CorAssassin @PzFeed 2.5/10"], [525052371336839169, "@PzFeed wow"], [525249903359197185, "@YungTrillLord @Gingerwombat @PzFeed He changed his name when he converted"], [525052671724892160, "ayy that's my nigga @PzFeed"], [525054512730361856, "@PzFeed Bullshit"], [525052396062261248, "@PzFeed the type of nigga to put his cat in the microwave"], [525137752535597056, "@YungTrillLord @PzFeed We are Canada. Not America"], [525052499120889857, "@PzFeed \n\nJust use his American name. You media people are just using his over seas alias to make people even more scared."], [525058960462974976, "@PzFeed Bastard, what a twisted fecker!"]], "node_mapping": {"525052223030845440": 0, "525086185648316417": 1, "525299317532557312": 2, "525056089461882880": 3, "525137659933757440": 4, "525053562397544448": 5, "525301186673770496": 6, "525056625917165570": 7, "525057399518801920": 8, "525180610533654528": 9, "525234223121465344": 10, "525061235763847168": 11, "525052832248893441": 12, "525059486487044096": 13, "525053224076976128": 14, "525234125683585024": 15, "525052544952057858": 16, "525057652687376386": 17, "525067834066358272": 18, "525052721133813760": 19, "525052371336839169": 20, "525249903359197185": 21, "525052671724892160": 22, "525054512730361856": 23, "525052396062261248": 24, "525137752535597056": 25, "525052499120889857": 26, "525058960462974976": 27}, "edges": [[0, 20], [0, 24], [0, 26], [0, 16], [0, 22], [0, 12], [0, 14], [0, 5], [0, 23], [0, 3], [0, 7], [0, 8], [0, 17], [0, 27], [0, 13], [0, 18], [24, 19], [26, 11], [26, 4], [26, 25], [11, 1], [1, 9], [9, 15], [15, 21], [25, 10], [10, 2], [2, 6]]}