{"thread_id": "525003468659228672", "text_thread": [[525003468659228672, "These are not timid colours; soldiers back guarding Tomb of Unknown Soldier after today's shooting #StandforCanada http://t.co/7KoW2xATKG"], [525120777251594240, "@TomsMom1997 No apology.  Not the same photo at all.  Good try."], [525007795712970752, "@markmackinnon @SeanOsmar That's actually a photo taken by a tourist moments before the shooting. See the feed here ==&gt; @kamakazi19982"], [525008700684382208, "@markmackinnon @Frank_McG @SeanOsmar who wants to have a \"go\"???"], [525007273832497154, "@SeanOsmar @darrellbricker Not a hoax.  This is before the shooting"], [525008782842396672, "@JRMarlow @ArrogantHair @SeanOsmar Really? Why would somebody post this without saying that?  Twisted."], [525007939569221632, "@SeanOsmar This photo was taken this morning, before the shooting."], [525008177683636224, "@SeanOsmar @graciestyle this matches the photo tweeted earlier today from a tourist who says it was taken moments before the shooting. 1/2"], [525009872640032768, "@JRMarlow @darrellbricker @SeanOsmar That may be harsh.  He seems to be honouring. Just unaware of source."], [525008054266654721, "@joshvisser @markmackinnon @SeanOsmar Thanks."], [525012634916368384, "@TomsMom1997 @bfaparsons @SeanOsmar No Jennifer it was not the 19th. It was today. Look harder."], [525009403658129408, "@SeanOsmar @mstoreshaw https://t.co/scTAINYe7Y"], [525009240772317184, "@darrellbricker @JRMarlow @SeanOsmar The soldier on the right is the one who http://t.co/o5JIIE8Vu9 taken by visitor moments before shooting"], [525008290863136768, "@SeanOsmar @graciestyle I don't believe there are soldiers guarding this area right now. 2/2"], [525008103985926147, "@markmackinnon @SeanOsmar I believe that photo was taken yesterday. It's been RT'd across twitter for at least the last four+ hrs."], [525007275308908544, "@SeanOsmar @stephen_taylor So honoured to serve as Honorary Colonel in reserves. Job is to honour citizen soldiers like these brave men."], [525009574256848897, "@JillKrop @SeanOsmar wondered as well. I've reached out to someone who would know just to confirm that. Hopefully get response soon."], [525007688405491712, "@ArrogantHair @SeanOsmar @darrellbricker It's not a hoax, but it also wasn't taken *after* the shooting."], [525010026143162368, "@ArrogantHair @darrellbricker @SeanOsmar Don't steal other people's pictures without attribution. Pretty simple."], [525009250213326848, "@darrellbricker @ArrogantHair Because people like @SeanOsmar love stealing other people's pics to get RTs."], [525009203187171329, "@SeanOsmar @mstoreshaw That\u2019s the photo tweeted this morning claiming to be of the soldier who was killed."], [525007927090761728, "@markmackinnon @thehartley @SeanOsmar This appears to be the shot taken before today's shooting. https://t.co/SA6EGkbost"], [525006759807967232, "@SeanOsmar @stephen_taylor Apparently a hoax. Best to take Tweet down."], [525009978047078400, "@JillKrop @SeanOsmar @graciestyle That photo was taken before the attack."], [525008506832056321, "@markmackinnon @SeanOsmar That picture isn\u2019t current, it\u2019s from earlier/possibly this morning. I\u2019ve no doubt soldiers will be back soon, tho"], [525009123515965440, "@markmackinnon @smaclellan @SeanOsmar A guy who claims to have taken this (@kamakazi19982) says it was earlier, before the shooting..."]], "node_mapping": {"525003468659228672": 0, "525120777251594240": 1, "525007795712970752": 2, "525008700684382208": 3, "525007273832497154": 4, "525008782842396672": 5, "525007939569221632": 6, "525008177683636224": 7, "525009872640032768": 8, "525008054266654721": 9, "525012634916368384": 10, "525009403658129408": 11, "525009240772317184": 12, "525008290863136768": 13, "525008103985926147": 14, "525007275308908544": 15, "525009574256848897": 16, "525007688405491712": 17, "525010026143162368": 18, "525009250213326848": 19, "525009203187171329": 20, "525007927090761728": 21, "525006759807967232": 22, "525009978047078400": 23, "525008506832056321": 24, "525009123515965440": 25}, "edges": [[0, 22], [0, 4], [0, 15], [0, 6], [0, 7], [0, 13], [0, 20], [0, 11], [4, 17], [17, 5], [5, 12], [5, 19], [19, 8], [8, 18], [13, 16], [13, 23]]}