{"thread_id": "525026592788348929", "text_thread": [[525026592788348929, "Ottawa shooting suspect named as Michael Zehaf-Bibeau \u2013 2 U.S. sources tell ABC News."], [525053933912600576, "\u201c@CTVNews: Ottawa shooting suspect named as ...... 2 U.S. sources tell ABC News.\u201d   Not worth mentioning his name in my mind"], [525034890535108608, "@Dacoast31 Ok, was wondering cus media didnt specify. Thank you"], [525032032976764929, "@PaBasiala @CTVNews bro FBI has info on both me and you bruh...they got out whole lives in a USB key"], [525030047137431553, "@CTVNews who cares what this cowards name is let's hear more about the hero's #OttawaStrong"], [525031724787703808, "@PaBasiala @CTVNews RCMP shared the news with the FBI to help em track the guy , FBI told public."], [525033634106195968, "@PaBasiala @Dacoast31 Are they still searching for him or is this the dead guy?"], [525030935704502272, "@CTVNews Algerian Muslim of course"], [525035095925993472, "@EST_Laced_Up @Dacoast31 one of them is dead"], [525031864843915265, "@Dacoast31 @CTVNews shit they don't need our help findin their shit out.. We weak yo"], [525031472080896000, "\u201c@CTVNews: Ottawa shooting suspect named as Michael Zehaf-Bibeau \u2013 2 U.S. sources tell ABC News.\u201d Us sources ? How they kno before us?"], [525033188377497601, "@PaBasiala @Dacoast31 You guys are so funny. American here, US intel keeps info on everyone, especially suspected Algerian radicals."], [525033283974086657, "@PaBasiala my jigga , the FBI knows about that ugly ass sidechick that u ain't ever tell no one about. They got that kind of power."], [525032270835744769, "@Dacoast31 ain't nobody got info on me lol.. And I'm sayin we should get to the bottom of this before the states do"], [525034208151216128, "@EST_Laced_Up the guy mentioned is dead. One more maybe two  is possibly at large"], [525028690485608450, "@CTVNews Why are US sources telling CTV news that the Canadian guy shot in #Canada by Canadian Police the \"suspects\" name!? #OttawaShooting"], [525027277760126977, "@CTVNews no ..his name is John Smith CNN just told me ! Or no sorry his name is Whatevermynameis!CTV you have to make your own name ."]], "node_mapping": {"525026592788348929": 0, "525053933912600576": 1, "525034890535108608": 2, "525032032976764929": 3, "525030047137431553": 4, "525031724787703808": 5, "525033634106195968": 6, "525030935704502272": 7, "525035095925993472": 8, "525031864843915265": 9, "525031472080896000": 10, "525033188377497601": 11, "525033283974086657": 12, "525032270835744769": 13, "525034208151216128": 14, "525028690485608450": 15, "525027277760126977": 16}, "edges": [[0, 16], [0, 15], [0, 4], [0, 7], [0, 10], [0, 1], [10, 5], [5, 9], [9, 3], [3, 13], [13, 11], [13, 12], [13, 6], [6, 14], [6, 8], [14, 2]]}