{"thread_id": "525057606151602176", "text_thread": [[525057606151602176, "VIDEO: Seconds after shooting Nathan Cirillo, #OttawaShooting suspect gets into car. http://t.co/tbPrMJhNu0"], [525059905875902465, "RT @CBCTheNational: VIDEO: Seconds after shooting Nathan Cirillo, #OttawaShooting suspect gets into car http://t.co/KqHrr5qlfO #ISIS #Canada"], [525059169498726400, "\u201c@CBCTheNational: VIDEO: Seconds after shooting Nathan Cirillo, #OttawaShooting suspect gets into car. http://t.co/KuhYVZ5wOa\u201d"], [525059552614825984, "@CBCTheNational then walked into the halls on #ParliamentHill unobstructed. #WhereWasOurNationalSecurity"]], "node_mapping": {"525057606151602176": 0, "525059905875902465": 1, "525059169498726400": 2, "525059552614825984": 3}, "edges": [[0, 2], [0, 3], [0, 1]]}