{"thread_id": "525039242771464193", "text_thread": [[525039242771464193, "LATEST: Suspected Ottawa gunman identified as Michael Joseph Hall, a convert to Islam; also known as Michael Zehaf-Bibeau - @PeteWilliamsNBC"], [525041391702118400, "5* MUSLIM JIHADIST CONVERT IN CANADIAN PARLIAMENT ATTACK&gt; @NBCNightlyNews @PeteWilliamsNBC"], [525041028492177409, "@NBCNightlyNews @edshow @PeteWilliamsNBC in other words a Canadian citizen converting to Islam #edshow"], [525055436081614848, "@NBCNightlyNews @edshow @PeteWilliamsNBC So he was a convert."], [525053046301409280, "@socialnn @NBCNightlyNews @PeteWilliamsNBC thats what i was going to ask."], [525041948986716160, "@NBCNightlyNews @edshow @PeteWilliamsNBC religion of peace"], [525040015525834753, "@NBCNightlyNews @PeteWilliamsNBC He's a coward."], [525040236695654400, "@NBCNightlyNews another work place violence!"], [525044506690080768, "@NBCNightlyNews @edshow @PeteWilliamsNBC I'm glad these extremist didn't convert to Catholic or Baptist and change our religion!"], [525040287589339136, "Here we Go! @NBCNightlyNews @PeteWilliamsNBC"], [525055167851687936, "SIGH WTH? \u201c@NBCNightlyNews: LATEST: Suspected Ottawa gunman identified as Michael Joseph Hall, a convert to Islam; aka Michael Zehaf-Bibeau\u201d"], [525040864691646466, "@NBCNightlyNews @edshow @PeteWilliamsNBC What is going on in this world? People using violence to push religious agenda? #historyRepeat"], [525042968625827842, "@NBCNightlyNews @PeteWilliamsNBC Why do you have to ID him as a convert to Islam in the tweet?"], [525045641865474048, "@NBCNightlyNews @PeteWilliamsNBC The gunman was born in #Canada w name MJH...converted to Islam..Did he legally change his citizenship/name?"], [525041253336223744, "@NBCNightlyNews i can think of a few other good names for him."], [525040518628397058, "@NBCNightlyNews @PeteWilliamsNBC Native American? #LifeImitatesArt #SumOfAllFears"], [525039528084377600, "RT @NBCNightlyNews LATEST: Suspected Ottawa gunman identified as Michael Joseph Hall, a convert to Islam; also known as Michael Zehaf-Bibeau"]], "node_mapping": {"525039242771464193": 0, "525041391702118400": 1, "525041028492177409": 2, "525055436081614848": 3, "525053046301409280": 4, "525041948986716160": 5, "525040015525834753": 6, "525040236695654400": 7, "525044506690080768": 8, "525040287589339136": 9, "525055167851687936": 10, "525040864691646466": 11, "525042968625827842": 12, "525045641865474048": 13, "525041253336223744": 14, "525040518628397058": 15, "525039528084377600": 16}, "edges": [[0, 16], [0, 6], [0, 7], [0, 9], [0, 15], [0, 11], [0, 2], [0, 14], [0, 1], [0, 5], [0, 12], [0, 8], [0, 13], [0, 10], [0, 3], [12, 4]]}