{"thread_id": "525056576038518785", "text_thread": [[525056576038518785, "Soldier killed in Canada shooting was a young reservist with a six-year-old son http://t.co/83PReIl9XV http://t.co/LVprXOCCF7"], [525057571321688064, "@Telegraph @molodyko It is sad to see this news.  However, at least he leaves a son who will honor him.  Many soldiers die without children."], [525061525409525760, "@Telegraph RIP"], [525080429410664448, "@englandfanatic @Telegraph \nSoldiers aren't innocent \n\nThey are the complete opposite"], [525072231022333953, "RIP @Telegraph: Soldier killed in Canada shooting was a young reservist w/a six-year-old son http://t.co/rcTujS5qvL http://t.co/t0viQS4VZv"], [525068703109758977, "@Telegraph @JamesMoore_org heartbreaking!"], [525060851661668352, "@Telegraph Prayers for his family \ud83d\ude22"], [525066880219115520, "@Telegraph this is the real tragedy. Lovely young man doing the right thing brought down by cowardly terrorists. Shameful. #CanadaStrong"], [525070716807688192, "@Telegraph Sad. RIP Cpl Nathan Cirillo."], [525080746080620544, "@DavidRomeiPHD @Telegraph @molodyko \n\nIf IS employed US NATO tactics they would have killed his son too \nAnd blamed his father for his death"], [525059328685133824, "Heartbreaking for #HamOnt and Canada. \u201c@Telegraph: Soldier killed in Canada shooting was a young reservist with a son http://t.co/wGQhZwKFEG"], [525062334302412800, "@Telegraph @TelegraphNews This is very sad. I just wish that the was a better place :("], [525278489721966592, "@alisaleh1292 @Telegraph That doesn't sound incredibly cryptic........"], [525070441405095936, "@Telegraph @Momma4America RIP Nathan. :("], [525057102306222083, "@Telegraph This world is seriously going to hell in a hand cart. I'm entirely fed up with innocent bystanders being senselessly killed."], [525068255107751936, "@Telegraph Trafic"], [525057584416292867, "@Telegraph @20committee the price we pay for allowing Muslim 5th Columns to roam freely in the West. Enough."], [525058435361292288, "Sad. @Telegraph Soldier killed in Canada shooting was a young reservist with a 6yr old son http://t.co/tmW05dP9aV http://t.co/PssQRiRqmo\u201d"], [525072407321927681, "@evening_grace @Telegraph  Yes it is."], [525071940428771330, "@Telegraph @Momma4America Very sad day for his family friends and Canada. Rest in peace."], [525057624916520960, "@Telegraph @20committee So sad for my great nation.  I am speechless!"], [525057109910495232, "@Telegraph Fuck Islam."], [525058373591367680, "@Telegraph Travel well brave soul."], [525057081515061248, "@Telegraph RIP Nathan,, we love you"]], "node_mapping": {"525056576038518785": 0, "525057571321688064": 1, "525061525409525760": 2, "525080429410664448": 3, "525072231022333953": 4, "525068703109758977": 5, "525060851661668352": 6, "525066880219115520": 7, "525070716807688192": 8, "525080746080620544": 9, "525059328685133824": 10, "525062334302412800": 11, "525278489721966592": 12, "525070441405095936": 13, "525057102306222083": 14, "525068255107751936": 15, "525057584416292867": 16, "525058435361292288": 17, "525072407321927681": 18, "525071940428771330": 19, "525057624916520960": 20, "525057109910495232": 21, "525058373591367680": 22, "525057081515061248": 23}, "edges": [[0, 23], [0, 14], [0, 21], [0, 1], [0, 16], [0, 20], [0, 22], [0, 17], [0, 10], [0, 6], [0, 2], [0, 11], [0, 7], [0, 15], [0, 5], [0, 13], [0, 8], [0, 19], [0, 4], [14, 3], [3, 12], [1, 9], [19, 18]]}