{"thread_id": "525023610243928064", "text_thread": [[525023610243928064, "ISIS Media account posts picture claiming to be Michael Zehaf-Bibeau suspected shooter in #Ottawa http://t.co/V61x3YvkGJ"], [525024453844295681, "@NewsOnTheMin I knew it."], [525024247736180736, "@NewsOnTheMin So who took the pic? Bull."], [525023824853487616, "@NewsOnTheMin  this is bullshit"], [525024173786431488, "@NewsOnTheMin Source?"], [525026839778299904, "Let's not jump to conclusions people! There could be many reasons why ISIS has the Ottawa \"workplace violence\" perp's picture\n@NewsOnTheMin"], [525862370963255296, "@Faiz_Fenty @NewsOnTheMin The Current, cbc.ca (interview this morning ) calmed it was posted from a leaked picture."], [525027166397161472, "@MarkSykes15 @NewsOnTheMin Naturally"], [525028457223581697, "#Lock&amp;Load @RegganKoop @NewsOnTheMin"], [525025965374976000, "@NewsOnTheMin @GayPatriot Wow. ISIS planned attack in Canada."], [525027156838350848, "It's Bullshit is what it is. @RegganKoop @NewsOnTheMin"], [525025963336536065, "@NewsOnTheMin @GayPatriot Obviously Tea Party."], [525024983974969344, "@NewsOnTheMin @20committee Source?"], [525026216311799809, "Religion of Peace! @NewsOnTheMin @RegganKoop"], [525025337512849408, "@NewsOnTheMin @JohannesDreijer Source ?"], [525025948304150528, "@NewsOnTheMin is that @iyamjohnstamps"], [525026863207710721, "@UmassAlum28 I'd love for us to ATLEAST reach ppl w/ the realization it's not a fucking religion. It's political theocracy! @NewsOnTheMin"], [525027584510545922, "@UmassAlum28 Amen! Bullshit that's already in our House... @NewsOnTheMin"], [525024422126559232, "@NewsOnTheMin @pspoole hope he enjoys the flames of Hell &amp; torment!"], [525025774521565186, "@NewsOnTheMin Source?"], [525025295544246272, "Hmm MT @NewsOnTheMin: ISIS posts picture claiming to be Michael Zehaf-Bibeau suspected #Ottawa shooter http://t.co/mf40BHZrSt #Canada"]], "node_mapping": {"525023610243928064": 0, "525024453844295681": 1, "525024247736180736": 2, "525023824853487616": 3, "525024173786431488": 4, "525026839778299904": 5, "525862370963255296": 6, "525027166397161472": 7, "525028457223581697": 8, "525025965374976000": 9, "525027156838350848": 10, "525025963336536065": 11, "525024983974969344": 12, "525026216311799809": 13, "525025337512849408": 14, "525025948304150528": 15, "525026863207710721": 16, "525027584510545922": 17, "525024422126559232": 18, "525025774521565186": 19, "525025295544246272": 20}, "edges": [[0, 3], [0, 4], [0, 2], [0, 18], [0, 1], [0, 12], [0, 20], [0, 14], [0, 19], [0, 15], [0, 11], [0, 9], [0, 13], [0, 5], [2, 6], [11, 7], [13, 16], [16, 10], [10, 17], [17, 8]]}