{"thread_id": "525058633730891776", "text_thread": [[525058633730891776, "Just in: Canadian soldier killed in #OttawaShooting today is Cpl. Nathan Cirillo Thoughts &amp; prayers to his family http://t.co/fu2eZssBTr"], [525073858072948737, "@jimsciutto So sad.  RIP Nathan xo"], [525072704051744768, "@soozieQmtl @jimsciutto It is always the young that die in war -it is the wealthy &amp; bigoted old that make it &amp; the poor &amp;  young that suffer"], [525062274802008064, "@jimsciutto I feel sad for his family! I have a knot in my stomach that hurts I feel so sad!!!!"], [525059303862857728, "@jimsciutto connection to sniper den found near chicago?"], [525062337024102400, "With great respect, pride and sorrow, I honor CAN Cpl Nathan Cirillo whose sacrifice makes his country stronger.\n@jimsciutto @tomforemancnn"], [525072391160872961, "@jimsciutto @LennaLeprena Prayers will achieve nothing.  Dismissing Harper &amp; all the warmongers like him, might save some future citizens"], [525074547515875328, "@jimsciutto @kisscraycray such a waste of a human life. My thoughts and prayers are with the family."], [525073547052326913, "@Marc_Omran @jimsciutto Your empathy is useful - your prayers are not - dogma and myth is a major part of the problem"], [525061272815947778, "@jimsciutto Oh God! I'm so sad tonight! I'm asking why this happened to you! All my prayers with you :("], [525063298820370432, "@jimsciutto RIP dear Soldier"], [525059020630261760, "@jimsciutto sooo young!!! RIP"], [525073212921503744, "@Addidis @jimsciutto The connection is neo-liberal capitalist economy which fails to address injustice &amp; puts profit before people or ethics"]], "node_mapping": {"525058633730891776": 0, "525073858072948737": 1, "525072704051744768": 2, "525062274802008064": 3, "525059303862857728": 4, "525062337024102400": 5, "525072391160872961": 6, "525074547515875328": 7, "525073547052326913": 8, "525061272815947778": 9, "525063298820370432": 10, "525059020630261760": 11, "525073212921503744": 12}, "edges": [[0, 11], [0, 4], [0, 9], [0, 3], [0, 5], [0, 10], [0, 6], [0, 1], [0, 7], [11, 2], [4, 12], [9, 8]]}