{"thread_id": "525039686931075072", "text_thread": [[525039686931075072, "UPDATED: Soldier dead, 2 others injured in Parliament Hill siege; 1 gunman dead http://t.co/cVCQKEDlPo http://t.co/zUJUAATG5I"], [525042017844592640, "@CP24  OH Canada we stand on guard for thee..no one can harm canada/canadians and remain safe"], [525055690013175808, "\u201c@CP24: Soldier dead, 2 others injured in Parliament Hill siege; 1 gunman dead http://t.co/kbK6lQKob6 http://t.co/ogDijtc2sq\u201d #OttawaStrong"], [525048435146502144, "@CP24 God bless Canada and keep us safe!"], [525041069856411648, ". @CP24 great story"], [525040587985387520, "@CP24 he's not just a soldier! He has a name. Honour him."], [525043573197373440, "@CP24 The fear on this mans face is so heartbreaking. So much respect for what these people do."], [525049116972564481, "@CP24 @Scooterissima why not go ahead and inflate to a blockade?"], [525039985922027520, "@CP24 #OttawaShooting Aftermat Videos all vids copyright Paul Lauzon     http://t.co/geVRZDzB4Z"]], "node_mapping": {"525039686931075072": 0, "525042017844592640": 1, "525055690013175808": 2, "525048435146502144": 3, "525041069856411648": 4, "525040587985387520": 5, "525043573197373440": 6, "525049116972564481": 7, "525039985922027520": 8}, "edges": [[0, 8], [0, 5], [0, 4], [0, 1], [0, 6], [0, 3], [0, 7], [0, 2]]}