{"thread_id": "525072912957452289", "text_thread": [[525072912957452289, "This photo, reported to be of suspected Ottawa shooter Michael Zehar Bibeau, came from suspended ISIS Twitter account http://t.co/QiM55Gu93N"], [525073137122435073, "@CP24 How about have some class and focus on the victim instead."], [525140450731372544, "@JFerraraF18 @ruthia911 @beets79 @CP24 I agree with Jeff!"], [525102464773931008, "@Mairsy27 @thejangler6 wrd but i kno wagwanin nex countries an dun jus get fooled by da media leve it at that"], [525074384156102657, "@beets79 @CP24 they are they did but the public also needs to know who this coward is and the coward group"], [525074744547483650, "@Electric_robby @CP24 I understand that but there is always TOO much focus on it."], [525073087268536320, "@CP24 http://t.co/hhiRSR4ZN6"], [525081981093416960, "@JFerraraF18 @beets79 @CP24 YES absolutely"], [525081737618268160, "@ruthia911 @beets79 @CP24 Class is appreciating one of our own soldiers that is the good of Canada (Cirillo) not the bad (Bibeau)"], [525073214507327488, "@CP24 So stop spreading it around then."], [525077942037389312, "@beets79 @CP24 Yes because if we just let go of it Canada will be terrorized just as USA"], [525082371545370624, "@CP24 Please do not make this piece of trash infamous via media. Focus on the innocent soldier who was slain. And on our peaceful Canada."], [525083246171029505, "@CP24 gud canada deserves that shit dunt talk shit an get involved in other countries business pusssies lmaoo"], [525100743146352640, "@thejangler6 @Mairsy27 exactly is not the persons fault is the countrys fault"], [525102255515922432, "@allstaradele @CP24 what a hero! Gave his life serving this great nation. RIP."], [525073217141358592, "@CP24 stop giving him a platform. It doesn't matter what he looks like."], [525100575852343297, "@TdotBrownMon @Mairsy27 that soldier had nothing to do with decison he's just doing what he's gotta do"], [525099442501066752, "@Mairsy27 4real tho"], [525078107292962816, "@beets79 @CP24 Class doesn't count when a murderer kills one of yours"], [525073572922814466, "@CP24 I expect sometime in the future, computers would be able to reconstruct the photographer's silhouette..."], [525073093363249153, "@CP24 Oh, thats interesting it was #ISIL."]], "node_mapping": {"525072912957452289": 0, "525073137122435073": 1, "525140450731372544": 2, "525102464773931008": 3, "525074384156102657": 4, "525074744547483650": 5, "525073087268536320": 6, "525081981093416960": 7, "525081737618268160": 8, "525073214507327488": 9, "525077942037389312": 10, "525082371545370624": 11, "525083246171029505": 12, "525100743146352640": 13, "525102255515922432": 14, "525073217141358592": 15, "525100575852343297": 16, "525099442501066752": 17, "525078107292962816": 18, "525073572922814466": 19, "525073093363249153": 20}, "edges": [[0, 6], [0, 20], [0, 1], [0, 9], [0, 15], [0, 19], [0, 11], [0, 12], [6, 14], [1, 4], [1, 10], [1, 18], [4, 5], [18, 8], [8, 7], [8, 2]]}