{"thread_id": "525018799347875841", "text_thread": [[525018799347875841, "#BREAKING: Reports that the dead shooting suspect is Michael Zehaf-Bibeau, born 1982. He is reportedly Canadian-born. #OttawaShooting"], [525032351190249472, "@SunNewsNetwork @simmonssteve Who cares about the murderer."], [525032296681050112, "@SunNewsNetwork terrorist reportedly born in Canada, but of algerian descent."], [525025697518329856, "@SunNewsNetwork @simmonssteve Anyone who does such things cannot be called Canadian even if he was born here.  Canada.  Love it or leave it."], [525038151144714240, "@SunNewsNetwork A recent convert  to Islam I believe."], [525026759390269440, "@SunNewsNetwork shouldnt be paying any Attention to this guy at all."], [525095122560905216, "@SunNewsNetwork My wish for him is that he rots in his grave wherever it be. RIP"], [525032443443965955, "@SunNewsNetwork Canadian born of Algerian descent like Marc Lepine. ISIS did the ID. http://t.co/Qiokkpcj8j"]], "node_mapping": {"525018799347875841": 0, "525032351190249472": 1, "525032296681050112": 2, "525025697518329856": 3, "525038151144714240": 4, "525026759390269440": 5, "525095122560905216": 6, "525032443443965955": 7}, "edges": [[0, 3], [0, 5], [0, 2], [0, 1], [0, 7], [0, 4], [0, 6]]}