{"thread_id": "525066876058361856", "text_thread": [[525066876058361856, "Soldier killed in Canada shooting was a young reservist with a six-year-old son http://t.co/FI7SGBVfAS http://t.co/7be6Scdwgq Pray for him."], [525068834869616641, "@BobG231 Praying for his family."], [525067964295688192, "@BobG231  So sad ,I repeat God bless him , pray for his family"], [525211068025810944, "@BobG231 God bless and keep them!"], [525072458450493440, "@BobG231 @StojBoj He was a brave soldier, the shooter is an evil killer."], [525095047466074115, "@BobG231 @LANURSE1 For him, and most importantly, for his son and his family."], [525067810884837376, "@BobG231   He and his family will be in my prayers."], [525095119314096128, "@BobG231 @LANURSE1 \n\nOn duty as a 'guard' with an empty weapon. WTF?"], [525105525931786243, "@BobG231 @CrushedByGovt This ain't supposed to happen in Canada!!! We expect it here!!! My sympathies to the Family and Friends.."], [525067185270423553, "@BobG231 praying for his family"], [525071279913979904, "@BobG231 Just awful"], [525067436584747008, "@BobG231 Stop the Muslims they are all rotten fruit from the same tree"], [525072605431484417, "@BobG231 @StojBoj  Lord jesus please bless him and his family."], [525071213526548480, "@BobG231 God bless Nathan and his family, He is in the mansion of the Lord now."], [525107461515378689, "@BobG231 @PatriotCzar cannot get Hussein Obama to say \"radical islamism\"  wake America, Obama has never uttered, O is Muslim sympathizer"], [525224112847740928, "@BobG231 is that what we got from Islamic migration? When our governments realize zt they just don't fit into z western system."], [525217759957749760, "@BobG231 @romopar prayers for his family"], [525259628683460608, "@BobG231 @TaninKendal God bless his family."]], "node_mapping": {"525066876058361856": 0, "525068834869616641": 1, "525067964295688192": 2, "525211068025810944": 3, "525072458450493440": 4, "525095047466074115": 5, "525067810884837376": 6, "525095119314096128": 7, "525105525931786243": 8, "525067185270423553": 9, "525071279913979904": 10, "525067436584747008": 11, "525072605431484417": 12, "525071213526548480": 13, "525107461515378689": 14, "525224112847740928": 15, "525217759957749760": 16, "525259628683460608": 17}, "edges": [[0, 9], [0, 11], [0, 6], [0, 2], [0, 1], [0, 13], [0, 10], [0, 4], [0, 12], [0, 5], [0, 7], [0, 8], [0, 14], [0, 3], [0, 16], [0, 15], [0, 17]]}