{"thread_id": "525029433632366592", "text_thread": [[525029433632366592, "Thoughts go out to the family of Nathan Cirillo, 24, who was just identified as the soldier killed in Ottawa today. http://t.co/MMkW0iVIDL"], [525073045573369856, "@Indie88Toronto"], [525034849443520514, "@Indie88Toronto @LiviRichelle He woke up this morning, put on his uniform, took his post at the Memorial. A Life ended too suddenly,too soon"]], "node_mapping": {"525029433632366592": 0, "525073045573369856": 1, "525034849443520514": 2}, "edges": [[0, 2], [0, 1]]}