{"thread_id": "525021697003782145", "text_thread": [[525021697003782145, "RIP Cpl. #NathanCirillo \ud83c\udf39\ud83c\udf41\ud83c\udf39\nYour service never forgotten\nPrayers for his family \ud83d\ude4f\n\ud83d\ude2a\n#CanadianForces \n#OttawaShooting http://t.co/okrtlIP64Z"], [525028133851123712, "@WolfSpirit2013 @jefffillion never forgot your sacrifice"], [525070368650715136, "@WolfSpirit2013 @TheKosovoMaiden So so sad! RIP"], [525108806389628931, "@WolfSpirit2013 @RobertgrizzlyP God bless."], [525040244035715072, "@WolfSpirit2013 @jefffillion"], [525029715355389952, "@WolfSpirit2013 @DarthVader_No1 #CanadianForces  #OttawaShooting  Prayers for his family"], [525023182018052096, "@WolfSpirit2013 @djtrickster77 God rest him!"], [525061989056647168, "@WolfSpirit2013 Shocking."], [525152029417558018, "@WolfSpirit2013 May Nath be wrapping his angel wings around his little boy &amp; wife during his time of need. He's now their guard\"ian angel\ud83d\udc7c\ud83d\ude4f"]], "node_mapping": {"525021697003782145": 0, "525028133851123712": 1, "525070368650715136": 2, "525108806389628931": 3, "525040244035715072": 4, "525029715355389952": 5, "525023182018052096": 6, "525061989056647168": 7, "525152029417558018": 8}, "edges": [[0, 6], [0, 1], [0, 5], [0, 4], [0, 7], [0, 2], [0, 3], [0, 8]]}