{"thread_id": "525025552634494976", "text_thread": [[525025552634494976, "Sergeant-at-arms Kevin Vickers who reportedly shot suspect hailed as hero http://t.co/CmAVz7UYMN #ottawashooting http://t.co/GNJAq4fWTN"], [525029675652116481, "@globeandmail He is a hero. Wish he was at Jenpeg Dam where the R.C.M.P. are brutalizing First Nations women and men. Guns and violence."], [525054960774680577, "@globeandmail @HoganGXRadio"], [525025749192159232, "@globeandmail way to go your a hero -"], [525033162045673472, "@globeandmail @DAVIDMDRAIMAN He speaks softly and carries a big stick."], [525030763402518528, "@globeandmail i am a former 'Sergeant at Arms' and may i hv this tweet to say: well done, comrade Vickers well done! dd #OttawaShooting #LLA"], [525027686654410752, "@globeandmail //shooter is part of the problem..canadian parliament security is a joke&amp;problem"], [525067296084336641, "@globeandmail ....One Of a The Good Guys !!"], [525033241057972224, "@globeandmail He is a hero! God Bless him!"], [525026092822720512, "@globeandmail rightfully so! Mr. Vickers is a true hero &amp; should be praised as such for stopping that coward #OttawaShooting #OttawaAttentat"]], "node_mapping": {"525025552634494976": 0, "525029675652116481": 1, "525054960774680577": 2, "525025749192159232": 3, "525033162045673472": 4, "525030763402518528": 5, "525027686654410752": 6, "525067296084336641": 7, "525033241057972224": 8, "525026092822720512": 9}, "edges": [[0, 3], [0, 9], [0, 6], [0, 1], [0, 5], [0, 4], [0, 8], [0, 2], [0, 7]]}