{"thread_id": "525001895631654912", "text_thread": [[525001895631654912, "Prime Minister Stephen Harper to address country tonight after fatal shooting at War Memorial and attack on Parliament: @CBCNews #cdnpoli"], [525003193621950464, "@CBCAlerts does it really take that long to do his makeup and prepare a speech?  we need leadership and answers, now more waiting.."], [525004832818491392, "@CBCAlerts @CBCNews  Terror groups don't normally use guns outside of the Middle East. They use cars, bombs,knives. See if the PM spins this"], [525003498472374272, ".@CBCAlerts @CBCToronto @CBCNews @pmharper:Tragic.If in fact terrorism, let's not isolate any Canadian group.Belonging will make us all safe"], [525005841561554944, "@petiterivergirl like him or not he is still the PM and he must address the nation.  Put your partisan bullshit away.  At least for today."], [525006580895731712, "@petiterivergirl GROW UP!"], [525006099733557248, "@maca_cali @CBCAlerts @CBCNews a terrible act has just occurred.  Put your partisan bullshit away... At least for today. #OttawaStrong"], [525003877490638848, "@trevorlynn @CBCAlerts @pmharper Hey Trevor: we don't have a time as of this tweet. We do know the PM will speak. When we know, you'll know."], [525006810240262144, "@TheDeez91 Harper loving asshole....blocked!"], [525002387724201985, "@CBCAlerts @CBCNews that's great. why doesn't he address the people who are 'locked down' in gov't buildings?? what's going on?????"], [525002695736688640, "@CBCAlerts @CBCNL @CBCNews Harper address the country tonight?  What's he waiting for?"], [525018101554098176, "@TheDeez91 @petiterivergirl  he's grown \nHe is a warmonger and he sure isn't my pm. He is a shame to us all"], [525004086458859523, "@CBCNews @CBCAlerts @pmharper thank you. We all want to tune in to hear from him today"], [525006941089980417, "@petiterivergirl oh no! Don't block me! I'm so scared! #fuckingpathetic"], [525006470958813185, "@TheDeez91 NO!!! He is NOT my PM. He is a fraud and a warmonger"], [525002093904801792, "@CBCAlerts @CBCNews Not interested in one word he has to say!"], [525004578480488448, "@CBCAlerts @CBCNews  Is anyone important going to speak or just that bullshitter @pmharper #HeaveSteve"], [525006389190860800, "@petiterivergirl You're a terrible person."], [525002437107912704, "@CBCAlerts @CBCNews unless he's resigning I'm not interested."], [525008267261804546, "@PTicks @CBCAlerts he's probably being briefed. People need to relay information to him before he can speak."], [525002191745347584, "@CBCAlerts @CBCNews Ugh - another blow."], [525003258738135040, "@CBCAlerts @CBCNews when does @pmharper speak?"], [525002247261147136, "@CBCAlerts what time???!"]], "node_mapping": {"525001895631654912": 0, "525003193621950464": 1, "525004832818491392": 2, "525003498472374272": 3, "525005841561554944": 4, "525006580895731712": 5, "525006099733557248": 6, "525003877490638848": 7, "525006810240262144": 8, "525002387724201985": 9, "525002695736688640": 10, "525018101554098176": 11, "525004086458859523": 12, "525006941089980417": 13, "525006470958813185": 14, "525002093904801792": 15, "525004578480488448": 16, "525006389190860800": 17, "525002437107912704": 18, "525008267261804546": 19, "525002191745347584": 20, "525003258738135040": 21, "525002247261147136": 22}, "edges": [[0, 15], [0, 20], [0, 22], [0, 9], [0, 18], [0, 10], [0, 1], [0, 21], [0, 3], [0, 16], [0, 2], [15, 4], [4, 14], [14, 5], [5, 8], [5, 11], [8, 13], [18, 6], [1, 19], [21, 7], [7, 12]]}