{"thread_id": "525026715123601408", "text_thread": [[525026715123601408, "Cpl. Nathan Cirillo identified as soldier shot, killed in Ottawa today, aunt says - @globeandmail http://t.co/oVrp10U6uG"], [525027564931543040, "@BreakingNews @globeandmail poor guy hope they shoot them all"], [525041373674602497, "@BreakingNews @globeandmail Poor guy. We hope for justice and peace for his family"], [525046407603159041, "@BreakingNews @globeandmail"], [525026918392168448, "\u201c@BreakingNews: Cpl. Nathan Cirillo identified as soldier shot, killed in Ottawa today, aunt says \n\nSo sad. Prayers for his family"], [525032446438674432, "@BreakingNews @globeandmail Thank you, Nathan Cirillo, for serving, and thanks to all those who responded and never quit trying to save him."], [525031250822963200, "@BreakingNews @globeandmail Gunman had Passport seized and had a travel ban."], [525027012801335297, "@BreakingNews @globeandmail dang"], [525030799926910976, "Jesus. \u201c@BreakingNews: Cpl. Nathan Cirillo identified as soldier shot, killed in Ottawa today @globeandmail http://t.co/LxpBXiqakW\u201d"], [525027869018574848, "@BreakingNews @globeandmail Ottawa Shooting RAW coverage Oct 22 2014 98 photos ALL PHOTOS BY Paul Lauzon Copyright  http://t.co/OvMbZmaOor"], [525029698691022848, "@BreakingNews @globeandmail Our Thoughts and Prayers . . . Hats off to you, Cpl Nathan Cirillo !!! Our deepest Condolences to your Family:("], [525039864803115008, "@BreakingNews @globeandmail  Condolences to his family."]], "node_mapping": {"525026715123601408": 0, "525027564931543040": 1, "525041373674602497": 2, "525046407603159041": 3, "525026918392168448": 4, "525032446438674432": 5, "525031250822963200": 6, "525027012801335297": 7, "525030799926910976": 8, "525027869018574848": 9, "525029698691022848": 10, "525039864803115008": 11}, "edges": [[0, 4], [0, 7], [0, 1], [0, 9], [0, 10], [0, 8], [0, 6], [0, 5], [0, 11], [0, 2], [0, 3]]}