{"thread_id": "525057025785356288", "text_thread": [[525057025785356288, "More #breaking: @CNN confirms name of soldier who was killed in #OttawaShooting as Nathan Cirillo. @paulanewtonCNN http://t.co/3e8cFKOUnT"], [525061459584507904, "@Oilersmyth @disinfo_flag @CNNSitRoom @CNN @paulanewtonCNN oh shit they retweeted me"], [525058034071257088, "@CNNSitRoom @CNN @paulanewtonCNN More info on him: http://t.co/eqgdQohJc6"], [525062496240279552, "@Death4Jodi You mean the flag with the Seal of Solomon on it, the same symbol those in Witchcraft use to summon demons? I tread on it."], [525057353251844096, ".@CNNSitRoom @CNN @paulanewtonCNN Nathan is the one on the left in that photo, taken moments prior to shooting."], [525060882687336448, "@CNNSitRoom @CNN @paulanewtonCNN may he rest in peace! He gave his life serving his country!"], [525060037145001984, "@CNNSitRoom @CNN @paulanewtonCNN DEAR CNN, Stop trying to cover Canadian news. You suck at it. Please stop, it's insulting. \nFrom,\nCanada"], [525062312013856768, "@CNNSitRoom God Bless him and his family! He volunteered to serve as Honor Guard for the memorial! He did it with Honor!\ud83d\ude4f\ud83c\uddfa\ud83c\uddf8"], [525058048880943104, "@CNNSitRoom @CNN @paulanewtonCNN\nAs always, there is a special place in hell for sub human(s) that did it"], [525057562178519040, "@CNNSitRoom @CNN @paulanewtonCNN Obvious Israeli false flag, really being called out as such. Sick of Zionist media \"reporting\" these crimes"], [525059196220624896, "@Oilersmyth Aww... we'll try not to upset you. It's tough when you figure out the world isn't made of sugar. You just react like a bitch. :)"], [525057746119319552, "@CNNSitRoom @CNN @paulanewtonCNN I want 2 hear was it planned attack. is it a prelude 2 more 2 come. connected to ISIS. talk facts"], [525075878624378880, "@GatesRobin @CNNSitRoom What's with the praying hands and the American flag? This guy was Canadian."], [525060178543394816, "@CNNSitRoom @CNN @paulanewtonCNN Breaking?"], [525062048099491840, "@disinfo_flag @CNNSitRoom @CNN @paulanewtonCNN Dont tread on me or my flag.. and especially Israel."], [525058485151494144, "RT @CNNSitRoom: More #breaking: @CNN confirms name of soldier who was killed in #OttawaShooting as Nathan Cirillo. @paulanewtonCNN http://t\u2026"], [525060804853252096, "@cnnsitroom @cnn @paulanewtoncnn oh my God"], [525077488603770880, "@Holsteinlange @CNNSitRoom Yes I know he was Canadian! Support for his family and pray for  family lose! I was a soldier, he was a soldier!"], [525062327930855424, "@tolovana66 @CNNSitRoom @CNN @paulanewtonCNN IS is looking for vulnerable important spots then start here.. in U.S"], [525057215796117504, "@CNNSitRoom @CNN @paulanewtonCNN you guys have absolutely no idea what the hell you're saying shut up please"], [525061145162711040, "@Oilersmyth @disinfo_flag @CNNSitRoom @CNN @paulanewtonCNN oh shit they replied"], [525058963318919171, "@CNNSitRoom Michael Zehaf-Bibeau #OttawaShooting\u2026Blowback does not exist\u2026Iraq War will pay for itself\u2026war will last weeks rather than months"], [525058322588651521, "@disinfo_flag @CNNSitRoom @CNN @paulanewtonCNN omfg, please, PLEASE stfu. Not everything is a conspiracy."], [525061579578957824, "@CNNSitRoom @CNN @paulanewtonCNN RIP."]], "node_mapping": {"525057025785356288": 0, "525061459584507904": 1, "525058034071257088": 2, "525062496240279552": 3, "525057353251844096": 4, "525060882687336448": 5, "525060037145001984": 6, "525062312013856768": 7, "525058048880943104": 8, "525057562178519040": 9, "525059196220624896": 10, "525057746119319552": 11, "525075878624378880": 12, "525060178543394816": 13, "525062048099491840": 14, "525058485151494144": 15, "525060804853252096": 16, "525077488603770880": 17, "525062327930855424": 18, "525057215796117504": 19, "525061145162711040": 20, "525058963318919171": 21, "525058322588651521": 22, "525061579578957824": 23}, "edges": [[0, 19], [0, 4], [0, 9], [0, 11], [0, 8], [0, 15], [0, 21], [0, 6], [0, 13], [0, 16], [0, 5], [0, 23], [0, 7], [4, 2], [9, 22], [9, 14], [22, 10], [22, 20], [20, 1], [14, 3], [11, 18], [7, 12], [12, 17]]}