{"thread_id": "525067419635576834", "text_thread": [[525067419635576834, "True patriot love ...\n\nIn Memory Of Cpl. Nathan Cirillo \n~Hamilton, Ontario\n\n#OttawaShooting #CanadaStrong http://t.co/ibQkitoRmz"], [525091524368171008, "@TO_sportsgirl PLEASE LISTEN WE NEED\nWORLD PEACE\nhttp://t.co/hJvY8BCnY9\n\ud83d\udd25WORLD PEACE\ud83d\udca3\nJahmal Brown ft.Jahyda\nhttps://t.co/9jQfGnn1KN"], [525109705887055872, "@TO_sportsgirl @zina008 yes a real HERO! Bravery is hard to see today!"], [525072951738368001, "@TO_sportsgirl @RocheJacqueline Rest in Peace, Young Man!"], [525073570184323072, "@TO_sportsgirl"], [525103496438497281, "@TO_sportsgirl my thoughts and prayers go out to this family"]], "node_mapping": {"525067419635576834": 0, "525091524368171008": 1, "525109705887055872": 2, "525072951738368001": 3, "525073570184323072": 4, "525103496438497281": 5}, "edges": [[0, 3], [0, 4], [0, 1], [0, 5], [0, 2]]}