{"thread_id": "525034687245582337", "text_thread": [[525034687245582337, "Proudly at his post #NathanCirillo            This nation thanks you and your family  #OttawaShooting http://t.co/g6mM3ey3uH"], [525046880963932161, "@iamterryevans @cstclair1 RIP\ud83d\ude25"], [525861627996823552, "@Sierra_Eagle @iamterryevans  No. The soldiers who stand guard at the memorial don't carry loaded rifles."], [525062199044100096, "@iamterryevans Was Corporal Cirillo's rifle loaded?"], [525044690140139520, "@iamterryevans @cstclair1 God Bless this soldier for his service to our country and bless his family for their loss. #Ottawashooting"], [525066540568576000, "@iamterryevans Thanks Terry.  I was in the U.S. Marine Corps in the late 60s, and we never carried ammunition while on guard duty stateside."], [525073553797152768, "@iamterryevans @CoraxNiveus rip sir, thank you for your service to Canada"], [525197759109152768, "@collywobbles54 @iamterryevans I wonder if they'll get ammunition now!"], [525193877213683712, "@Sierra_Eagle @iamterryevans  has been reported no , described as a ceremonial weapon. I read now that this young man was shot in the back"], [525273917611458560, "@iamterryevans @K97 our hearts go out to the family of the corporal what a spineless thing to do"], [525038815321534464, "\u201c@iamterryevans: Proudly at his post #NathanCirillo This nation thanks you and your family #OttawaShooting http://t.co/s6zlP6dJeE\u201d #blessyou"], [525063439082086400, "@Sierra_Eagle It was documented earlier today that the Honour Guard at #WarMemorial do not carry loaded weapons"]], "node_mapping": {"525034687245582337": 0, "525046880963932161": 1, "525861627996823552": 2, "525062199044100096": 3, "525044690140139520": 4, "525066540568576000": 5, "525073553797152768": 6, "525197759109152768": 7, "525193877213683712": 8, "525273917611458560": 9, "525038815321534464": 10, "525063439082086400": 11}, "edges": [[0, 10], [0, 4], [0, 1], [0, 3], [0, 6], [0, 9], [3, 11], [3, 8], [3, 2], [11, 5], [8, 7]]}