{"thread_id": "525010245811466240", "text_thread": [[525010245811466240, "The University of Ottawa is no longer in lockdown. #cbcOTT #OTTnews"], [525017229671542786, "\u201c@CBCOttawa: The University of Ottawa is no longer in lockdown. #cbcOTT #OTTnews\u201dLol still not going to class doe"], [525011342055702528, "Thankful for this @uottawa \u201c@CBCOttawa: The University of Ottawa is no longer in lockdown. #cbcOTT #OTTnews\u201d"], [525012093674987521, "@CBCOttawa http://t.co/Bon6IMlERk NIGHTMARE OF TERRORISM IN CANADA"]], "node_mapping": {"525010245811466240": 0, "525017229671542786": 1, "525011342055702528": 2, "525012093674987521": 3}, "edges": [[0, 2], [0, 3], [0, 1]]}