{"thread_id": "525036457732231169", "text_thread": [[525036457732231169, "#Canada Soldier shot today: MT @megunder On Sunday very handsome guard in picture with my friend - RIP Nathan Cirillo http://t.co/qJXlw1hNN3"], [525068696583434240, "'@sasapetricic @megunder RIP Canadian Highlander. Our song #worldatwar more relevant than ever @diehardwrd @scots_wa_hey @poppyscotland"], [525042187579322368, "@sasapetricic @IvisonJ @megunder Now my tears are falling."], [525040106860584960, "@sasapetricic @megunder  Thank you for sharing this wonderful picture and revealing  the  very human side  of this unjustifiable tragedy...."], [525058396706181120, "@sasapetricic @megunder Thank you for sharing with the proud country."], [525040594817921024, "@sasapetricic @garymasonglobe @megunder Tragic! My heart goes out to his family."], [525094063427846145, "@sasapetricic @janfromthebruce @megunder \nSoooooooo\nVery\nSad"], [525429951794020352, "@sasapetricic @DamoSpin @megunder"]], "node_mapping": {"525036457732231169": 0, "525068696583434240": 1, "525042187579322368": 2, "525040106860584960": 3, "525058396706181120": 4, "525040594817921024": 5, "525094063427846145": 6, "525429951794020352": 7}, "edges": [[0, 3], [0, 5], [0, 2], [0, 4], [0, 1], [0, 6], [0, 7]]}