{"thread_id": "525040545870385153", "text_thread": [[525040545870385153, "'Stand easy, brother': Soldier killed in Ottawa identified as Cpl. Nathan Frank Cirillo http://t.co/y43xMQlWMr http://t.co/dIdgjptqUb"], [525057069322612736, "@CTVNews canadians are nice , but this boils my blood . Let's protect us Canadians ."], [525041451583815680, "@CTVNews thank u Cpl. Cirillo for ur service may u rest in peace."], [525055209190338560, "@CTVNews if this was ISIS , I hope Canada declares war , walking into our capital is not tolerable ."], [525047034609688577, "@CTVNews rest in peace brother"], [525041426158329857, "@CTVNews @CTVAtlantic  thank you for not showing the footage of them working on him over and over other outlets were NOT as classy #respect"], [525043769344016385, "@CTVNews TY for a face to call a hero, let's not even publish the shooters name so we never remember his poor choices, just this man!!"], [525040834388176896, "@CTVNews rip brave soldier..."], [525051449097453568, "@CTVNews @angiemoshonas How sad."], [525050157109243905, "@CTVNews my condolences to the family"], [525041645675233281, "@CTVNews Remember this Face. This was the Face of Freedom..... :("], [525041528868450304, "@CTVNews @CTVAtlantic condolences to family, friends, community and Country."], [525040986821767168, "@CTVNews #RIP Soldier.\ud83d\ude23"], [525058302984859648, "@CTVNews R.I.P."], [525040932706852864, "@CTVNews This is so so sad...."], [525059531685244929, "@SamanthaJaneS @CTVNews terrible \ud83d\ude2a"], [525043509183909888, "@CTVNews @CTVMercedes RIP soldier. Our nation's heart aches this evening."]], "node_mapping": {"525040545870385153": 0, "525057069322612736": 1, "525041451583815680": 2, "525055209190338560": 3, "525047034609688577": 4, "525041426158329857": 5, "525043769344016385": 6, "525040834388176896": 7, "525051449097453568": 8, "525050157109243905": 9, "525041645675233281": 10, "525041528868450304": 11, "525040986821767168": 12, "525058302984859648": 13, "525040932706852864": 14, "525059531685244929": 15, "525043509183909888": 16}, "edges": [[0, 7], [0, 14], [0, 12], [0, 5], [0, 2], [0, 11], [0, 10], [0, 16], [0, 6], [0, 4], [0, 9], [0, 8], [0, 3], [0, 13], [8, 15], [3, 1]]}