{"thread_id": "525027873867198465", "text_thread": [[525027873867198465, "Everyone take a moment to honour Cpl. Nathan Cirillo the fine solider that was killed in Ottawa today #Hero http://t.co/UXb3CxWGZ2"], [525113210320744448, "@EtobicokeErnie great tweet my friend"], [525374504391180288, "@EtobicokeErnie @MairBear777 A True Hero !!! Our hearts pray for his family."], [525467013368774657, "@EtobicokeErnie @isa4muslims LORD JESUS HOLD HIS FAMILY TIGHT COMFORT THEM HELP THEM HEAL"], [525472389455695872, "@EtobicokeErnie @isa4muslims prayers for the family."], [525114109378174976, "@EtobicokeErnie   Praying for Nathan, and his family tonight.  #BelieveInHeroes"], [525054440790061057, "@EtobicokeErnie @megan_j_martine \nR I P  WARRIOR. ... http://t.co/M4ZHaqucZx"]], "node_mapping": {"525027873867198465": 0, "525113210320744448": 1, "525374504391180288": 2, "525467013368774657": 3, "525472389455695872": 4, "525114109378174976": 5, "525054440790061057": 6}, "edges": [[0, 6], [0, 1], [0, 5], [0, 2], [0, 3], [0, 4]]}