{"thread_id": "525036393983381504", "text_thread": [[525036393983381504, "Soldier killed at war memorial identified as Cpl. Nathan Cirillo #ottawashooting http://t.co/oSR91Uxgm3 http://t.co/UyftuUod27"], [525041345824833537, "@globeandmail RIP Nathan"], [525041154602332162, "@globeandmail @wmcgregor1 \ud83d\ude14\ud83d\udc94"], [525054524776800256, "@CodyL1997 @whipple_marie @dexybailman @globeandmail thanks, cody. Whether he was armed or unarmed, a tragedy. -kevin, Bethesda, Maryland."], [525061091702108160, "@wspickerman @CodyL1997 @dexybailman @whipple_marie @globeandmail Thx. All of us in U.S. are mourning his loss as if he was one of our own."], [525036761144360960, "@globeandmail sigh. Such a nice photo of him and his dog.  Awful. Just awful."], [525054087562551296, "@whipple_marie @kevinkrasnow @dexybailman @globeandmail he was guarding the memorial I think"], [525060253809799168, "@CodyL1997 @dexybailman @whipple_marie @kevinkrasnow @globeandmail Yes they are stationed their."], [525040408985092096, "RIP :( \n\nliterally Heart broken &lt;/3\n\"@globeandmail: Soldier killed at war memorial identified as Cpl. Nathan Cirillo http://t.co/2vcQJMjq81\""], [525042714904371200, "@globeandmail Such a shame..."], [525037556732538880, "@globeandmail I will never understand how shooting somebody, at a war memorial no less, furthers any cause."], [525037877650923520, "\u201c@globeandmail:  #ottawashooting http://t.co/Z3bE4OQg4D http://t.co/41TwEFONiS\u201d. Condolences to his family. What a terrible tragedy!"], [525046893320343555, "\u201c@globeandmail: Soldier killed at war memorial identified as Cpl. Nathan Cirillo http://t.co/JVrhzSy6Sn http://t.co/oJAgHZMLb4\u201d RIP, Soldier"], [525039291328901120, "@globeandmail @VivianBercovici may he rest in peace"], [525039431175385089, "@globeandmail Our sincere condolences."], [525042485392068609, "@globeandmail  Always good solid people taken down. God Bless him"], [525042916113534978, "@whipple_marie @dexybailman @globeandmail Not sure."], [525054679307517953, "@kevinkrasnow @whipple_marie @dexybailman @globeandmail Ya its fucked up someone shoots a soldier at a war memorial at that"], [525040641601179648, "My thoughts and prayers go out to his family @globeandmail:Soldier killed at war memorial identified as Cpl. Nathan Cirillo #ottawashooting"], [525041538674733056, "@kevinkrasnow @dexybailman @globeandmail Was this solider armed?"], [525037894248185856, "@globeandmail wow -knew him when he was a young kid. Always had lots of energy. Was a great kid.praying for his family right now. #hamont"], [525039206293590017, "\u201c@globeandmail: Soldier killed at war memorial identified as Cpl. Nathan Cirillo #ottawa http://t.co/RBQwWt6JK9 http://t.co/7ZCKLPqpxa\u201d"], [525038595628077057, "@globeandmail  My Thoughts and Prayers go out to Cpl. Nathan Cirillo who was killed today."]], "node_mapping": {"525036393983381504": 0, "525041345824833537": 1, "525041154602332162": 2, "525054524776800256": 3, "525061091702108160": 4, "525036761144360960": 5, "525054087562551296": 6, "525060253809799168": 7, "525040408985092096": 8, "525042714904371200": 9, "525037556732538880": 10, "525037877650923520": 11, "525046893320343555": 12, "525039291328901120": 13, "525039431175385089": 14, "525042485392068609": 15, "525042916113534978": 16, "525054679307517953": 17, "525040641601179648": 18, "525041538674733056": 19, "525037894248185856": 20, "525039206293590017": 21, "525038595628077057": 22}, "edges": [[0, 5], [0, 10], [0, 11], [0, 20], [0, 22], [0, 21], [0, 13], [0, 14], [0, 8], [0, 18], [0, 2], [0, 1], [0, 15], [0, 9], [0, 12], [5, 19], [19, 16], [19, 6], [6, 3], [6, 7], [3, 17], [7, 4]]}