{"thread_id": "525023858831523841", "text_thread": [[525023858831523841, "Cpl. Nathan #Cirillo, the soldier shot dead today in #Ottawa. RIP sir and thank you for your service. #OttawaShooting http://t.co/jpXLr5ONOa"], [525027177645895680, "@Crackmacs God bless him and comfort his family. @catsim7"], [525024453907189761, "@Crackmacs RIP Nathan #Cirillo"], [525036176802336768, "\u201c@Crackmacs:MT Nathan #Cirillo,soldier shot dead. sir&amp;thank you4your serv. #OttawaShooting http://t.co/DaGJCNu2mt\u201d//May Nathan rest in peace"], [525030289316536320, "@Crackmacs I did mean him - just clumsy phrasing on my part."], [525338686234558466, "@Crackmacs As a British Mum whose son just retired after 24 yrs in UK Army God Bless you &amp; all your family\ud83c\udf39"], [525338957576273920, "@AnnTissi nice! I've got a cousin in some kind of fusiliers regiment. Not even sure. He's pretty awesome though. \n\nGlad your son is whole"], [525026196698841089, "@OddSquad I am owed nothing. That guy gave his life for us :( #hero"], [525067853620195328, "@Crackmacs amen."], [525067634308829185, "@Crackmacs @jake_bradford88 RIP and thank you"], [525342293621215232, "@Crackmacs Thank you \ud83d\ude0a for that, yes he &amp; we his family have been so fortunate. There for the grace of God, it could have been different\ud83c\udf39"], [525063873347735552, "@Crackmacs"], [525030814556635136, "@OddSquad @Crackmacs I did my own tribute to this man who gave his life. #tributetohero http://t.co/SWX31Uho6C"], [525333266703073280, "@Crackmacs rip"], [525029440041275395, "If only they had stricter gun laws... @Crackmacs"], [525026027899478019, "A million tears for this young man.  And a million thanks @Crackmacs"], [525044526797557762, "@Crackmacs RIP"]], "node_mapping": {"525023858831523841": 0, "525027177645895680": 1, "525024453907189761": 2, "525036176802336768": 3, "525030289316536320": 4, "525338686234558466": 5, "525338957576273920": 6, "525026196698841089": 7, "525067853620195328": 8, "525067634308829185": 9, "525342293621215232": 10, "525063873347735552": 11, "525030814556635136": 12, "525333266703073280": 13, "525029440041275395": 14, "525026027899478019": 15, "525044526797557762": 16}, "edges": [[0, 2], [0, 15], [0, 1], [0, 14], [0, 3], [0, 16], [0, 11], [0, 9], [0, 8], [0, 13], [0, 5], [15, 7], [7, 4], [4, 12], [5, 6], [6, 10]]}