{"thread_id": "525029954908860417", "text_thread": [[525029954908860417, "Updated: Full story on Nathan Cirillo, the soldier killed in #Ottawashooting http://t.co/znQSFJeNQf http://t.co/qM9gunIiJE"], [525060502800859137, "Only face we should see \"@TorontoStar: Nathan Cirillo, the soldier killed in #Ottawashooting http://t.co/fcrDtzCdQJ http://t.co/HaFMQGDZpZ\u201d"], [525091596405321728, "@TorontoStar @acoyne Look at that face. So beautiful. Such a tragic waste."], [525064168676679681, "@rosejuddarcher @TorontoStar well said."], [525031326815383552, "@TorontoStar  RIP Nathan Cirillo"], [525086434676707329, "\u201c@TorontoStar: Updated: Story on N Cirillo, soldier killed in #Ottawashooting http://t.co/vDviYTY3KU http://t.co/c5OEkQHwoi\u201d #HonourCirillo"], [525038153652924416, "@TorontoStar may he rest in peace.\ud83d\ude15\ud83c\udf39"], [525086646413557760, "\"A young father.\" MT @TorontoStar: Story on Nathan Cirillo, soldier killed in #Ottawashooting http://t.co/0mmbu65EMr http://t.co/hWakdnXKXo"], [525031096384499712, "\u201c@TorontoStar: Updated: Full story on Nathan Cirillo, the soldier killed in #Ottawashooting http://t.co/2HvcHXPf1x http://t.co/KGrQoQl3J3\u201d"], [525106845246324736, "@Todaysparent @TorontoStar this is devastating. I'm so so sorry to the family for their loss. He was a good man."], [525085726955012096, ".@TorontoStar story on Nathan Cirillo, the soldier killed in #Ottawashooting http://t.co/paTqUqgCRl http://t.co/GubIsFYd6E #OttawaStrong"], [525058705008504832, "@TorontoStar RIP good man"], [525098879055048704, "@TorontoStar @TeamAussiePups @kenmoret God bless and my prayers are with the family and Canada."], [525039659144200192, "@TorontoStar may he rest in peace! God bless all who serve whether it be at home or abroad! You are all my heroes \u2764\ufe0f"], [525082822063947779, "@TorontoStar @ThirstanF such a handsome man &amp; far too young! #ottawashootings"], [525032933498036224, "@TorontoStar RIP Nathan Cirillo  Senseless, horrifying, shameful death."], [525041998123003904, "@TorontoStar Now that's an authentic smile that will be deeply missed."], [525073878809608194, "@TorontoStar God Bless"], [525031555186425856, "@TorontoStar  R.I.P."], [525032922446049280, "@TorontoStar \nRIP"]], "node_mapping": {"525029954908860417": 0, "525060502800859137": 1, "525091596405321728": 2, "525064168676679681": 3, "525031326815383552": 4, "525086434676707329": 5, "525038153652924416": 6, "525086646413557760": 7, "525031096384499712": 8, "525106845246324736": 9, "525085726955012096": 10, "525058705008504832": 11, "525098879055048704": 12, "525039659144200192": 13, "525082822063947779": 14, "525032933498036224": 15, "525041998123003904": 16, "525073878809608194": 17, "525031555186425856": 18, "525032922446049280": 19}, "edges": [[0, 8], [0, 4], [0, 18], [0, 19], [0, 15], [0, 6], [0, 13], [0, 16], [0, 11], [0, 1], [0, 17], [0, 14], [0, 10], [0, 5], [0, 7], [0, 2], [0, 12], [1, 3], [7, 9]]}