{"thread_id": "525023025792835585", "text_thread": [[525023025792835585, "#RIPNathanCirillo\n\nRT @globeandmail: Soldier killed at war memorial identified as Cpl. Nathan Cirillo #OttawaShooting http://t.co/uZZqmlctss"], [525049296794574850, "@Cameron_Gray @DAJSamarasinghe @globeandmail May His Soul Rest in Peace!"], [525025735338381313, "@Cameron_Gray @globeandmail May he rest in peace.#respect"], [525024498999783424, "@Cameron_Gray @globeandmail A hero's life cut short by a coward while standing by our symbol of freedom. Condolences to his family and CF."], [525031384029872128, "@Cameron_Gray @globeandmail I am so sorry for him, his family and friends. May his memory be a blessing."], [525032806288601088, "@Cameron_Gray @CFLancop @globeandmail Rest in Peace, Cpl Cirillo.  Prayers for his famil."], [525046262467293184, "@Cameron_Gray @Ellysa_Maye @globeandmail Prayers &amp; hugs to his family. #RIPNathanCirillo"], [525028433106309121, "\u201c@Cameron_Gray: #RIPNathanCirillo\n: Soldier killed at war memorial identified as Cpl. Nathan Cirillo #OttawaShooting http://t.co/QBkduHjIbe\u201d"], [525023379481313281, "@Cameron_Gray @globeandmail Rest In Peace Soldier and God Bless You."], [525024680613511169, "@Cameron_Gray Heartbreaking! @globeandmail"], [525025685820030976, "@Cameron_Gray @julieG1 @globeandmail Effed-up for so many reasons."], [525040225441951744, "@butterfly_LV @Cameron_Gray @globeandmail \ud83d\ude22"]], "node_mapping": {"525023025792835585": 0, "525049296794574850": 1, "525025735338381313": 2, "525024498999783424": 3, "525031384029872128": 4, "525032806288601088": 5, "525046262467293184": 6, "525028433106309121": 7, "525023379481313281": 8, "525024680613511169": 9, "525025685820030976": 10, "525040225441951744": 11}, "edges": [[0, 8], [0, 3], [0, 9], [0, 10], [0, 2], [0, 7], [0, 4], [0, 5], [0, 6], [0, 1]]}