{"thread_id": "525071638464049152", "text_thread": [[525071638464049152, "Watch live: PM Stephen Harper expected to speak to the nation imminently on #OttawaShooting http://t.co/ypsERaEeOy @CBCNews #cdnpoli"], [525077219748892673, "@CBCAlerts @CBCNews wonder if Harper feels any responsibility 4 junking long-gun registry so that guy with criminal record was able to get 1"], [525072728983109633, "@CBCAlerts @CBCNews Jeeez, can he be on time for anything? Not what I would call \"prime-ministerial\"..."], [525097715873509376, "@CBCAlerts @CBCNews @ButchBaydala Dear God, dont we see enough of the d.. head"], [525072295233351680, "@CBCAlerts We are the True North Strong &amp; Free http://t.co/wD1jKeLMD8"], [525074505111457792, "@CBCAlerts @CBCNews Yah he shot the wrong guy."], [525074889762304001, "@CBCAlerts  \"Dear nation, I @pmharper have just authorized the #RCMP to turn #Canada into a militarized #PoliceState , welcome to #America \""], [525073794289770497, "@CBCAlerts @BenWinslow @CBCNews Thanks Ben for tweeting this."], [525072230745534465, "@CBCAlerts Your link prohibits viewing outside of Canada.  I'm successfully watching stream from US on http://t.co/cAEYsDIYQ7"], [525072176249339904, "@CBCAlerts @CBCNews when???"], [525077509252337664, "@CBCAlerts @CBCNews what a freaking useless speech. No answers... just political spin. Harper is pretty useless"], [525080582544719872, "@CBCAlerts @CBCNews why? You skew everything, I prefer getting the straight facts. Your leftist garbage isn't welcome in my house."]], "node_mapping": {"525071638464049152": 0, "525077219748892673": 1, "525072728983109633": 2, "525097715873509376": 3, "525072295233351680": 4, "525074505111457792": 5, "525074889762304001": 6, "525073794289770497": 7, "525072230745534465": 8, "525072176249339904": 9, "525077509252337664": 10, "525080582544719872": 11}, "edges": [[0, 9], [0, 8], [0, 4], [0, 2], [0, 7], [0, 5], [0, 6], [0, 1], [0, 10], [0, 11], [0, 3]]}