{"thread_id": "525048557569454080", "text_thread": [[525048557569454080, "Thoughts &amp; Prayers to the family of Cpl. Nathan Frank Cirillo. killed today in Ottawa RIP @HONOUROURFORCES Pls RT http://t.co/D6L17wwfTw"], [525063671199055872, "@HONOUROURFORCES @Rathcooleglen 3 month old baby also killed by terrorists today in Jerusalem. Palestinian rammed car into a bus stop."], [525059622219304960, "@HONOUROURFORCES @barbarastarrcnn Prayers and condolences for the family"], [525065049845813248, "@HONOUROURFORCES RIP duty done"], [525152311711379457, "@HONOUROURFORCES heaven has a new angel to protect the gates, prayers for the family"], [525076434956873728, "@HONOUROURFORCES prayers for his family and brothers &amp; sisters who protect and serve the public.   Remain vigilant!"], [525356064955703297, "@HONOUROURFORCES @1stDevastator Too Young :("]], "node_mapping": {"525048557569454080": 0, "525063671199055872": 1, "525059622219304960": 2, "525065049845813248": 3, "525152311711379457": 4, "525076434956873728": 5, "525356064955703297": 6}, "edges": [[0, 2], [0, 1], [0, 3], [0, 5], [0, 4], [0, 6]]}