{"thread_id": "525025279803424768", "text_thread": [[525025279803424768, "The soldier shot dead in Wednesday's Ottawa attacks has been named as Cpl. Nathan Cirillo of #HamOnt #ottawashooting http://t.co/MxLMptnlWw"], [525029987855122432, "@Canoe @ottawasuncom Honour and respect to this Soldier,  this Warrior. ..."], [525032985738084352, "@Canoe @ottawasuncom  my condolences go out to your family"], [525036532013727744, "@Canoe @ottawasuncom My heart is broken...I am so so sorry..Nathan..God Speed Hero."], [525026519790284800, "@Canoe @calgarysun God Bless"], [525026654759182338, "@Canoe @ottawasuncom  that   so sad    pay    go out  his  family"], [525032961310482432, "@Canoe @ottawasuncom he even looks like a boss"], [525031054537936897, "@Canoe @ottawasuncom Rest in peace. An innocent life taken so tragically. In our hearts and prayers."], [525030036911689728, "@Canoe @ottawasuncom My heart is broken!  #notinvain"]], "node_mapping": {"525025279803424768": 0, "525029987855122432": 1, "525032985738084352": 2, "525036532013727744": 3, "525026519790284800": 4, "525026654759182338": 5, "525032961310482432": 6, "525031054537936897": 7, "525030036911689728": 8}, "edges": [[0, 4], [0, 5], [0, 1], [0, 8], [0, 7], [0, 6], [0, 2], [0, 3]]}