{"thread_id": "525044262648676353", "text_thread": [[525044262648676353, "UPDATED: Soldier killed in #ottawashooting identified as Cpl. Nathan Cirillo from Hamilton. http://t.co/USirz62qUN http://t.co/G8KfbRUjLT"], [525050680936263681, "@BTtoronto  R.I.P Nathan taken far too, too early...\n#CanadaStrongNFree"], [525049414977454081, "@BTtoronto My heart breaks for him and his family. Crying as I type this..."], [525048986693304320, "@BTtoronto  Another fallen Canadian hero. #TrueNorthStrong"], [525081554754994178, "@BTtoronto may his soul R.I.P. &amp; deepest condolences to his family \ud83d\ude2a"], [525052387896332289, "@BTtoronto thoughts and prayers go out to Cpl. Nathan Cirillo's family."], [525065698608156672, "@BTtoronto great loss for Canada..."], [525054846119190528, "@BTtoronto there are no words, but Thank You RIP"], [525047429507608576, "@BTtoronto Nathan sorry sorry u have to die just not right"], [525065167311470592, "@BTtoronto Please may I ask you to send my condolences to Cpl Nathan Cirillo family and friends. My thoughts are with you now."], [525072079394471937, "@BTtoronto What a tragedy, We have lost our innocence. May he rest in peace.Condolences to his family."], [525054879824220164, "@BTtoronto RIP,I, ASK OF GOD, IN THY NAME OF JESUS &amp; I,SAY TO HIS FAMILY TO STAY,STAND,STRONG-TALL&amp;TAKE HEART&amp;MY SYMPATHY&amp; CONDULENCE\"-JEBAG"], [525062652402622465, "@BTtoronto my heart goes him and his family"]], "node_mapping": {"525044262648676353": 0, "525050680936263681": 1, "525049414977454081": 2, "525048986693304320": 3, "525081554754994178": 4, "525052387896332289": 5, "525065698608156672": 6, "525054846119190528": 7, "525047429507608576": 8, "525065167311470592": 9, "525072079394471937": 10, "525054879824220164": 11, "525062652402622465": 12}, "edges": [[0, 8], [0, 3], [0, 2], [0, 1], [0, 5], [0, 7], [0, 11], [0, 12], [0, 9], [0, 6], [0, 10], [0, 4]]}