{"thread_id": "525044004287971329", "text_thread": [[525044004287971329, "U.S. officials: Suspected shooter in Ottawa rampage identified as Canadian-born Michael Zehaf-Bibeau. Live blog: http://t.co/q98AMohu7T"], [525045011080306688, "\u201c@cnnbrk: U.S. officials: Suspected shooter in #Ottawa rampage identified as Canadian-born Michael Zehaf-Bibeau.\u201d #OttawaShooting"], [525047414357753856, "@cnnbrk CNN STILL doesnt have the guts to say MUSLIM shooter. Gets some balks CNN reporters."], [525044945611005952, "@cnnbrk \"Bibeau was a convert to Islam and had a history of drug use before he converted\"."], [525050089182871552, "@cnnbrk Not mentioning the gunman was Islamic is like saying someone died from a virus and not mentioning that it was Ebola"], [525049299575783425, "@cnnbrk , u forgot to mention\r\rHe was a goat raping Muslim."], [525184407960031232, "@cnnbrk it's terrorism in Canada but Barrack calls it Work Place Violence when it's 13 Times as bad as Ferguson. CNN still protects Barrack."], [525047971059367936, "@cnnbrk you see another sand nigger"], [525055052583804929, "\u201c@cnnbrk: U.S. officials: Suspected shooter in Ottawa rampage identified as Canadian-born Michael Zehaf-Bibeau. Live blog: http://"], [525060910118092801, "@NounouBby @cnnbrk someone else rt'd that and I thought it was funny bc they're v proud of their lack of shootings"], [525047106445516800, "@cnnbrk Why are you making that son of a bitch a martyr by making him famous for all the wrong reasons?"], [525060792191045632, "@cnnbrk @katrinaa_mariee you're RTing Canadian news now.. omg"], [525049590706634752, "@cnnbrk You don't think it's relevant to report that the gunman was Islamic?"]], "node_mapping": {"525044004287971329": 0, "525045011080306688": 1, "525047414357753856": 2, "525044945611005952": 3, "525050089182871552": 4, "525049299575783425": 5, "525184407960031232": 6, "525047971059367936": 7, "525055052583804929": 8, "525060910118092801": 9, "525047106445516800": 10, "525060792191045632": 11, "525049590706634752": 12}, "edges": [[0, 3], [0, 1], [0, 10], [0, 2], [0, 7], [0, 5], [0, 12], [0, 4], [0, 8], [0, 11], [0, 6], [11, 9]]}