{"thread_id": "525027539845410816", "text_thread": [[525027539845410816, "Canada investigating Michael Zehaf-Bibeau as possible suspect in Ottawa shooting: source. http://t.co/wDoVC3ro2V http://t.co/Futx84hFmU"], [525028118915211265, "@Reuters \u0647\u0647\u0647\u0647\u0647\u0647 \u0648\u0631\u0628\u064a \u062d\u0633\u0627\u0628 \u0639\u062c\u064a\u0628 \u0634\u0648\u0641\u0648\u0622 \u0628\u0627\u0644\u0644\u0647 - @Question_arab"], [525029171874238465, "@Reuters...Canada you're in my prayer...Canada means alot to mean...Debbie be strong"], [525028914142662656, "@Reuters muchos locos sueltos ahora todo por region la mayoria de veces"], [525031938784903168, "MT @Reuters: Police investigate Michael Zehaf-Bibeau as suspect in Ottawa shooting: source http://t.co/QVboqvv4ee http://t.co/A4sZyWly7W"], [525028545278791683, "@Reuters So... Maybe this kid had issues."], [525047431885369345, "@Reuters Canadian response team touch each other's shoulders so a sniper can pace his shots easier."], [525029518134632449, "@Reuters why not mention the shooter was an Islamic follower"], [525033234577387521, "@JHowardSmith1 @CraigFowler4 @Reuters \nA muslim and his name is Michael That is surprising"], [525044694833561604, "@abdotaibi @JHowardSmith1 @CraigFowler4 @Reuters u said he wasn't Muslim because his name was Michael? Do research 1st\n\nMichael Zehaf-Bibeau"], [525043359241359360, "@abdotaibi @JHowardSmith1 @CraigFowler4 @Reuters I'm surprised you didn't tell everyone how Islam is the religion of peace. Lies exposed"], [525027893278441472, "@Reuters its a strange surname, what region does it represent?"], [525030330861125632, "@Reuters President Obama and Hillary Clinton would say this was because of a video"], [525080398456713216, "@Madortz @Reuters @paobarquet we need to eliminate 'its' name from public record. Simply refer to this coward as a nameless thing"], [525027871660982272, "\u201c@Reuters: Canada investigating Michael Zehaf-Bibeau as possible suspect in Ottawa shooting: source. http://t.co/GID3LlIUiH @paobarquet"], [525043773646987264, "@leobrag123 @JHowardSmith1 @CraigFowler4 @Reuters \ni don't have time to argue with douchebag"], [525040348629061632, "@abdotaibi tks 4 the RT :-)"], [525038497522937856, "@abdotaibi @JHowardSmith1 @CraigFowler4 @Reuters settle down ISIS lover, we have evidence:\n\n http://t.co/r2Vi9aZ7UB"], [525028121444360194, "@Reuters \u0647\u0647\u0647\u0647\u0647 \u0644\u064a\u0634 \u0648\u0644\u064a\u062f \u0627\u0644\u0641\u0631\u0627\u062c \u0645\u062a\u0627\u0628\u0639 \u0647\u0627\u0644\u062d\u0633\u0627\u0628 \u061f @Question_arab"], [525030051583389696, "@JHowardSmith1 @Reuters not in the slightest"], [525039639287967744, "@leobrag123 @JHowardSmith1 @CraigFowler4 @Reuters \nI am not ISIS lover ass hole"]], "node_mapping": {"525027539845410816": 0, "525028118915211265": 1, "525029171874238465": 2, "525028914142662656": 3, "525031938784903168": 4, "525028545278791683": 5, "525047431885369345": 6, "525029518134632449": 7, "525033234577387521": 8, "525044694833561604": 9, "525043359241359360": 10, "525027893278441472": 11, "525030330861125632": 12, "525080398456713216": 13, "525027871660982272": 14, "525043773646987264": 15, "525040348629061632": 16, "525038497522937856": 17, "525028121444360194": 18, "525030051583389696": 19, "525039639287967744": 20}, "edges": [[0, 14], [0, 11], [0, 1], [0, 18], [0, 5], [0, 3], [0, 2], [0, 7], [0, 12], [0, 4], [0, 6], [14, 13]]}