{"thread_id": "525047767325220865", "text_thread": [[525047767325220865, "Soldier killed in Ottawa was a Sherwood grad. He couldn't wait to serve his country. RIP Cpl. Nathan Frank Cirillo http://t.co/w9XGuun0PH"], [525051548406394881, "@MrHamOnt: Soldier in #ottawashooting Sherwood grad.He couldn\u2019t wait to serve his country. #ripnathancirillo http://t.co/CrNOUKSs9r #hamont"], [525049318815039490, "@MrHamOnt how sad, Chris. The whole day's been surreal. Having it hit this close to home really hurts."], [525053632098893825, "@MrHamOnt @johnny_mansilla \ud83d\ude30\ud83d\ude30\ud83d\ude30"], [525066002946850816, "@MrHamOnt holy fuck.."], [525050989049823232, "@OmoricaPicea Tragic. My heart goes out to his whole family."]], "node_mapping": {"525047767325220865": 0, "525051548406394881": 1, "525049318815039490": 2, "525053632098893825": 3, "525066002946850816": 4, "525050989049823232": 5}, "edges": [[0, 2], [0, 1], [0, 3], [0, 4], [2, 5]]}