{"thread_id": "525033357722550272", "text_thread": [[525033357722550272, "@CBCNews has independently confirmed gunman killed in Parliament attack is Canadian-born Michael Zehaf-Bibeau.#OttawaShooting"], [525036108422213632, "@CBCAlerts @cbcJillDempsey @CBCNews many thanks to Sargent at arms for shoting that creep!"], [525065153562574848, "@CBCAlerts @CBCNews @cnni"], [525034482957819904, "@CBCAlerts @CBCNews Just a \"gunman\"? #whiteprivilege #thisisalsoTerrorism"], [525049840599044096, "@AcBailie @CBCAlerts @CBCNews #OttawaShooting stop using that piece of garbage's name. He's garbage. He's not human."], [525060071471185920, "@CBCAlerts @CBCNews Thanks for clarifying independently confirmed."], [525033572273750017, "@CBCAlerts @CBCNews independently confirmed with whom?\nThe same source as everyone else? From the US?"], [525041340774907904, "@CBCAlerts @CBCMontreal @CBCNews ; Why was it confirmed by CBS and CNN before CBC ?"]], "node_mapping": {"525033357722550272": 0, "525036108422213632": 1, "525065153562574848": 2, "525034482957819904": 3, "525049840599044096": 4, "525060071471185920": 5, "525033572273750017": 6, "525041340774907904": 7}, "edges": [[0, 6], [0, 3], [0, 1], [0, 7], [0, 4], [0, 5], [0, 2]]}