{"thread_id": "525061787860103169", "text_thread": [[525061787860103169, "ICYMI: Sergeant-at-Arms Kevin Vickers hailed as hero for stopping shooter on Parliament Hill http://t.co/nGpzKvjMtJ http://t.co/Tdpgfpbn1Y"], [525653936238514176, "@CTVNews You're my hero Sir!! Thank you and God Bless you!"], [525065190933803008, "\u201c@CTVNews Sgt-at-Arms Kevin Vickers hailed as hero for stopping shooter on Parliament Hill http://t.co/WN5K9OOFhd http://t.co/akOQeIif2x\u201d"], [525066514681319424, "\u201c@CTVNews: Sergeant-at-Arms Kevin Vickers hailed as hero for stopping shooter http://t.co/W8es1I9kLO http://t.co/zL672RIIFn\u201d -NBer saluted"], [525116718222688258, "@CTVNews Salute to our Sergeant at Arms you protected  our house  and sent some scumbag to hell!"], [525070700923871232, "@CTVNews true Canadian hero! But my heart feels for him! I'm sure he has mixed feelings. But know u did the right thing sir! God Bless you!"], [525073134563500032, "\u201c@CTVNews: ICYMI: Sergeant-at-Arms Kevin Vickers hailed as hero for stopping shooter on Parliament Hill http://"]], "node_mapping": {"525061787860103169": 0, "525653936238514176": 1, "525065190933803008": 2, "525066514681319424": 3, "525116718222688258": 4, "525070700923871232": 5, "525073134563500032": 6}, "edges": [[0, 2], [0, 3], [0, 5], [0, 6], [0, 4], [0, 1]]}