{"thread_id": "525048987649576960", "text_thread": [[525048987649576960, "Heartbreaking photo shows fallen soldier Nathan Cirillo just moments before shooting http://t.co/MbS4rd45iV http://t.co/uc0jNXoN0b"], [525163587716018177, "@HuffPostCanada @Nettles18 what's the mood like in your home town about this?"], [525085585158189056, "@HuffPostCanada @DC_TO This photo should be given a place of honour @HouseofCommons #Canada"], [525100268850270209, "@cmnsense100 That's construction tape. Probably doing some work on it. @HuffPostCanada"], [525097787285712896, "@HuffPostCanada Makes no sense-why police tape? @MikeHansen613"], [525198940929806336, "@HuffPostCanada its sad.  And crap world we live in now ..\nThought's wiv his families :("], [525163315681824768, "@HuffPostCanada @Nettles18 this is so heartbreaking....."], [525400887528009728, "@HuffPostCanada @7679USMC Such a horrible waste..."], [525066981578264577, "@HuffPostCanada @southsalem an Honor Guard shot down in COLD BLOOD these people are certainly not God's people they're #BARBARIANS"], [525455374984679426, "@kimdgood @HuffPostCanada                                ....RIP Cpl. Cirillo...."], [525088807679713281, "@HuffPostCanada He guarded the tomb of an unknown soldier, but he will forever be remembered. My heart breaks for his family."], [525108414817386496, "\u201c@HuffPostCanada: Heartbreaking photo shows  soldier Cirillo just moments before shooting http://t.co/7mteGhjkkT http://t.co/gf3Vv9gb6W\u201d"]], "node_mapping": {"525048987649576960": 0, "525163587716018177": 1, "525085585158189056": 2, "525100268850270209": 3, "525097787285712896": 4, "525198940929806336": 5, "525163315681824768": 6, "525400887528009728": 7, "525066981578264577": 8, "525455374984679426": 9, "525088807679713281": 10, "525108414817386496": 11}, "edges": [[0, 8], [0, 2], [0, 10], [0, 4], [0, 11], [0, 6], [0, 5], [0, 7], [4, 3], [6, 1], [7, 9]]}