{"thread_id": "525022700923019264", "text_thread": [[525022700923019264, "Soldier shot dead in #Ottawa today is Cpl. Nathan Cirillo. Reservist was based in #Hamilton, Ont."], [525023839689134080, "\u201c@CBCAlerts: Soldier shot dead in #Ottawa today is Cpl. Nathan Cirillo. Reservist was based in #Hamilton, Ont.\u201d. Rest in peace, Cpl Cirillo"], [525023058336432128, "Rest in peace.\n\u201c@CBCAlerts: Soldier shot dead in #Ottawa today is Cpl. Nathan Cirillo. Reservist was based in #Hamilton, Ont.\u201d"], [525023714854060032, "@CBCAlerts @CBCNews - deepest condolences to the Cirillo family #dnd #soldier #reservist"], [525023830352605185, "\u201c@CBCAlerts:Soldier killed in #Ottawa today is Cpl. Nathan Cirillo. Reservist was based in #Hamilton, Ont.\u201dbless him for his service to us \ud83d\ude4f"], [525023206718312448, "\u201c@CBCAlerts: Soldier shot dead in #Ottawa today is Cpl. Nathan Cirillo. Reservist was based in #Hamilton, Ont.\u201d Rest in Peace."], [525023669261987840, "RT: @CBCAlerts soldado fallecido en #Ottawa es el Cap. Nathan Cirillo, reservista originario de Hamilton, Ont"], [525023083573563392, "\u201c@CBCAlerts: Soldier shot dead in #Ottawa today is Cpl. Nathan Cirillo. my deepest condolences to his family"], [525023218315575296, "\u201c@CBCAlerts: Soldier shot dead in #Ottawa today is Cpl. Nathan Cirillo. Reservist was based in #Hamilton, Ont.\u201d so sad \ud83d\ude22 Rest in peace\u2764\ufe0f"], [525023798743949312, "@CBCAlerts http://t.co/ul3XHKiWt7"], [525023231003353088, "@CBCAlerts RIP."], [525023212930088960, "RIP Cpt. Nathan Cirillo @CBCAlerts"], [525023523614760961, "#RIPHero \u2757\ufe0f\ud83c\udf41\u2757\ufe0f \"@CBCAlerts: Soldier shot dead in #Ottawa today is Cpl. Nathan Cirillo. Reservist was based in #Hamilton, Ont.\u201d"], [525023137138622464, "\u201c@CBCAlerts: Soldier shot dead in #Ottawa today is Cpl. Nathan Cirillo. Reservist was based in #Hamilton, Ont.\u201d Thoughts from coast to coast"], [525023033900404736, "@CBCAlerts @CBCNews tragedy"], [525023371780947969, "\u201c@CBCAlerts: Soldier shot dead in #Ottawa today is Cpl. Nathan Cirillo. Reservist was based in #Hamilton, Ont.\u201d RIP"], [525023195624382464, "@CBCAlerts @CBCNews"], [525028573934276608, "@RaulAPinto @CBCAlerts No es Cap es CPL Corporal"], [525029436312522753, "@RaulAPinto @CBCAlerts De nada"], [525428719704637440, "@BillyWarlock Thank you, my friend for your retweet of support &amp; respect yesterday. That truly meant a lot to me and my fellow Canadians! \ud83d\ude18"], [525028940763897856, "@francisco_siles @CBCAlerts gracias mister!"], [525023503805087744, "RT @CBCAlerts: Soldier shot dead in #Ottawa today is Cpl. Nathan Cirillo. Reservist was based in #Hamilton, Ont."], [525023401652785152, "@CBCAlerts I'm so sorry for his family. God bless :-("]], "node_mapping": {"525022700923019264": 0, "525023839689134080": 1, "525023058336432128": 2, "525023714854060032": 3, "525023830352605185": 4, "525023206718312448": 5, "525023669261987840": 6, "525023083573563392": 7, "525023218315575296": 8, "525023798743949312": 9, "525023231003353088": 10, "525023212930088960": 11, "525023523614760961": 12, "525023137138622464": 13, "525023033900404736": 14, "525023371780947969": 15, "525023195624382464": 16, "525028573934276608": 17, "525029436312522753": 18, "525428719704637440": 19, "525028940763897856": 20, "525023503805087744": 21, "525023401652785152": 22}, "edges": [[0, 14], [0, 2], [0, 7], [0, 13], [0, 16], [0, 5], [0, 11], [0, 8], [0, 10], [0, 15], [0, 22], [0, 21], [0, 12], [0, 6], [0, 3], [0, 9], [0, 4], [0, 1], [12, 19], [6, 17], [17, 20], [20, 18]]}