{"thread_id": "525049831312875521", "text_thread": [[525049831312875521, "BREAKING | This is a photo of Michael Zehaf-Bibeau, gunman in this morning's shootings in Ottawa. #cbcOTT #OTTnews http://t.co/OLSxlYPelj"], [525469978511015936, "@evaholland @CBCOttawa @CBCAlerts cnn?"], [525867802222006273, "@choosegrace You are foolish and therefore ... foolish."], [525057036598644736, "@pharling I don't know. Something to be said for throwing a piece of shit like that into the general population."], [525051013947203585, "@CBCOttawa  The person that took the photo smokes."], [525077898894774272, "@Iran_Photos @randomjames my aunts and uncles are the same way. The older generation. They soon forgot the other immigrants before them."], [525052057582321664, "@CBCOttawa @CBCAlerts is that the terrorist uniform? And look at that old-school rifle, it's sad that this idiot got as far as he did."], [525078267272134657, "@Iran_Photos @randomjames me? Really. Weird."], [525095900570341376, "@juliamacfarlane @CBCOttawa oh right !"], [525050731187818496, "@CBCOttawa @sinonevero Convertido al Islam y propalestino, nadie se esperaba este giro de los acontecimientos...OH, WAIT!"], [525066184107253760, "@randomjames @Iran_Photos @CBCOttawa @CBCAlerts or French?"], [525069041434910720, "@Iran_Photos @randomjames @CBCOttawa @CBCAlerts it also depends on your location too. The small towns around Montreal are quite French."], [525704670162194432, "@bentrem Huh? Think you may have missed the joke\u2026"], [525058945186951168, "@CPeter1987 @CBCOttawa @CBCAlerts animals are more civilized"], [525070916125196288, "@randomjames @Iran_Photos in my town its pretty much 40% French 50% English 10% other."], [525468791288115201, "@evaholland @CBCOttawa @CBCAlerts I just happened to scroll by the news and some really high up was briefing a huge conference i believe."], [525066482359992320, "@adrienpiette1 @Iran_Photos @CBCOttawa @CBCAlerts Naturally. I was poking fun at this person\u2019s earlier tweet https://t.co/mIlNbPBPaN ;)"], [525069180224421888, "@Iran_Photos @adrienpiette1 Zing!"], [525051234978627585, "@CBCOttawa had to share this on my site. Thank you! http://t.co/MAl04fqfiO"], [525052917380698113, "@CBCOttawa @KingstonPete glad he is dead."], [525051010239442944, "@CBCOttawa @CBCAlerts Death was too good for this animal"], [525066738405482496, "@randomjames @Iran_Photos @CBCOttawa @CBCAlerts that what I figured. This is o messed up."], [525705860312727552, "@bentrem you are rude and therefore blocked."], [525051527509979136, "@jjsalass @CBCOttawa @sinonevero speak english you in canada"], [525062503454089216, "@evaholland @CBCOttawa @CBCAlerts Got a link to this twitter?"], [525053197665062914, "@Iran_Photos @CBCOttawa @CBCAlerts Speak English, you\u2019re in Canada"], [525072529451646976, "@adrienpiette1 @randomjames english people are talk more easy to us as immigrants and french are more stay off I saw in Monttreal"], [525704133501026304, "@bentrem @Iran_Photos @jjsalass @CBCOttawa @sinonevero lol"], [525051766182649856, "@CBCOttawa @cbcamanda Oh dear, why did he have to wear that fucking handkerchief?"], [525051647311900672, "@CBCOttawa @CBCAlerts Have you actually confirmed this? I'd previously only seen it attributed to an ISIS Twitter account, which..."], [525052510835195904, "\u201c@CBCOttawa This is a photo of Michael Zehaf-Bibeau, gunman in this morning's #OttawaShooting. #cbcOTT #OTTnews http://t.co/3aR0X7faEN\u201d"], [525703764511313921, "@Iran_Photos - You tweet \"speak english you in canada\" to this list of people? @jjsalass @CBCOttawa @sinonevero \nPretty crazy, fella!"], [525052028419338240, "@Iran_Photos @jjsalass @CBCOttawa  go and fuck your goat."], [525704159413428224, "@randomjames - And you /also/ tweet \"speak english you in canada\" to this list of people? @Iran_Photos @CBCOttawa @CBCAlerts \nInsanity."], [525050097303052288, "#AttackInOttawa\n@CBCOttawa: BREAKING | Photo of Michael Zehaf-Bibeau, gunman in this morning's shootings in #Ottawa\n http://t.co/ueIHrK5u74"], [525051409557762048, ".@CBCOttawa @CBCAlerts Source and origin of \"photo of Michael Zehaf-Bibeau\"? Verified?"], [525853516309331969, "@randomjames This is Twitter. \nThis is plain, simple English. Online. \n\"Irony\" and even \"sarcasm\" is merely self-indulgent. \nNo joke here."], [525052536009408512, "@evaholland @CBCOttawa @CBCAlerts Confirmed by police sources to CBC, according to CBC TV"], [525052326546268162, "Photo of Michael Zehaf-Bibeau, gunman in this morning's shootings in #Ottawa #Canada. Via @CBCOttawa #OTTnews http://t.co/uzn8wdzjSM"], [525072695042797568, "@randomjames @adrienpiette1 I sw your photo on landscaping company"], [525058320856391681, "@sinonevero @Iran_Photos @CBCOttawa \u00a1JAJAJA!"], [525051999683743744, "@CBCOttawa @CBCAlerts Why not focus on the victim of todays tragedy http://t.co/XK0edJU8es"], [525067264270532608, "@adrienpiette1 @randomjames @CBCOttawa @CBCAlerts french is hard to learn  in Montreal no one teach or talk to me french in montreal"], [525067400018808832, "@randomjames @adrienpiette1 @CBCOttawa @CBCAlerts your face like Taliban"], [525063169761222658, "@Pkurwhips @CBCOttawa @CBCAlerts No, just saw people tweeting the photo and claiming they got it from an ISIS account earlier."], [525704672095772673, "@choosegrace Why would you put all these people at the very beginning of your tweet?\nYou really needed to send \"lol\" to them all? \nInsanity."], [525051353597759488, "@CBCOttawa @CBCAlerts sick fu...crazy man bring insulting images toward are Muslims"], [525068372309196800, "@Iran_Photos @adrienpiette1 @CBCOttawa @CBCAlerts Are you kidding? The Qu\u00e9bec gov\u2019t offers very cheap French classes http://t.co/b6xeclPblK"], [525051333502861312, "La photo du suspect de la #fusillade d'#Ottawa \u201c@CBCOttawa: BREAKING | This is a photo of Michael Zehaf-Bibeau,   http://t.co/5b6Gl4VlnM\u201d"]], "node_mapping": {"525049831312875521": 0, "525469978511015936": 1, "525867802222006273": 2, "525057036598644736": 3, "525051013947203585": 4, "525077898894774272": 5, "525052057582321664": 6, "525078267272134657": 7, "525095900570341376": 8, "525050731187818496": 9, "525066184107253760": 10, "525069041434910720": 11, "525704670162194432": 12, "525058945186951168": 13, "525070916125196288": 14, "525468791288115201": 15, "525066482359992320": 16, "525069180224421888": 17, "525051234978627585": 18, "525052917380698113": 19, "525051010239442944": 20, "525066738405482496": 21, "525705860312727552": 22, "525051527509979136": 23, "525062503454089216": 24, "525053197665062914": 25, "525072529451646976": 26, "525704133501026304": 27, "525051766182649856": 28, "525051647311900672": 29, "525052510835195904": 30, "525703764511313921": 31, "525052028419338240": 32, "525704159413428224": 33, "525050097303052288": 34, "525051409557762048": 35, "525853516309331969": 36, "525052536009408512": 37, "525052326546268162": 38, "525072695042797568": 39, "525058320856391681": 40, "525051999683743744": 41, "525067264270532608": 42, "525067400018808832": 43, "525063169761222658": 44, "525704672095772673": 45, "525051353597759488": 46, "525068372309196800": 47, "525051333502861312": 48}, "edges": [[0, 34], [0, 9], [0, 20], [0, 4], [0, 18], [0, 48], [0, 46], [0, 35], [0, 29], [0, 28], [0, 41], [0, 6], [0, 38], [0, 30], [0, 19], [9, 23], [23, 32], [23, 31], [23, 33], [32, 40], [31, 27], [27, 45], [45, 22], [22, 2], [33, 12], [12, 36], [20, 13], [46, 25], [25, 10], [10, 16], [10, 42], [16, 21], [16, 43], [43, 17], [17, 14], [17, 39], [14, 26], [26, 5], [39, 7], [42, 47], [42, 11], [29, 37], [29, 24], [24, 44], [24, 15], [15, 1], [38, 8], [19, 3]]}