{"thread_id": "525046462460477440", "text_thread": [[525046462460477440, "Heartbreaking Photo Shows Nathan Cirillo Moments Before Shooting http://t.co/GppG8dZPxq http://t.co/P10wbrBlgo"], [525122225192833026, "@Atomikrabbit @MichaelBolen Unloaded? Please supply our forces with bullets for their guns.. Come on now.. #OttowaShooting"], [525092713180700672, "@MultiMrPhill @MichaelBolen yes in watching the news that is what runs through my head. So sad! My thoughts are with his family and friends."], [525081424945496064, "@MichaelBolen \nGiven an unloaded weapon. #OttawaShooting #ISIS #sittingduck"], [525231940094668800, "@HepbuHepburn @MichaelBolen Shows just how vulnerable these servicemen are. Let's hope they know how much we appreciate them. Rest in Peace."], [525123833528070144, "@MichaelBolen Thoughts and Prayers for his family."], [525211677936345088, "@Atomikrabbit @MichaelBolen Guarantee the bayonet is rubber too. Such a shame to know that bullets couldve prevented his death."], [525080115852873728, "@MichaelBolen I salute you sir ."], [525092216772231170, "\u201c@MichaelBolen: Heartbreaking Photo Shows Nathan Cirillo Moments Before Shooting http://t.co/IQ0F8rARrh http://t.co/Tj18QldhS8\u201d"], [525110170150772736, "@MichaelBolen . Rest well Cpl Cirillo your country and the world honors you."], [525176327553703937, "@MichaelBolen @ER_Browne Do we have confirmation of this? Sure it might be him but could it be a week. month, or year old?"], [525127448992940032, "@MichaelBolen from NY our condolences."], [525114431437807616, "@MichaelBolen I have no words :("], [525128529089159168, "@MichaelBolen at least they killed that convert to ISLAM LOSER. No trial, no jury,  Just a hot bullet to that animal. TRULY MODERN CANCER"], [525083618700705792, "@MichaelBolen So Very Sad...my thoughts &amp; prayers are with his family &amp; friends. RIP Nathan Cirillo. \ud83c\udf39"], [525093318104219648, "@earthchild93 @MichaelBolen But it really is Unbelievable in this day &amp; age..."], [525147408439996417, "@MichaelBolen Scotland has this fine young soldier in the highest regard RIP.Thoughts n prayers with his family"], [525110966561026048, "@MichaelBolen a man just serving his country may he rest in peace"], [525081548983652352, "@MichaelBolen Just horrible... my hearts breaks for his family..."], [525087902485999616, "@MichaelBolen @MarcLaferriere \nRIP Nathan Cirillo\nCondolences to his family"], [525090768634257408, "@MichaelBolen @earthchild93 Unbelievable. Poor bastard."], [525313502886772736, "@librab103 @MichaelBolen @ER_Browne Who cares, still a hero whenever it was taken."], [525080661569589248, "@MichaelBolen So very sad. My heart goes out to his family &amp; friends."]], "node_mapping": {"525046462460477440": 0, "525122225192833026": 1, "525092713180700672": 2, "525081424945496064": 3, "525231940094668800": 4, "525123833528070144": 5, "525211677936345088": 6, "525080115852873728": 7, "525092216772231170": 8, "525110170150772736": 9, "525176327553703937": 10, "525127448992940032": 11, "525114431437807616": 12, "525128529089159168": 13, "525083618700705792": 14, "525093318104219648": 15, "525147408439996417": 16, "525110966561026048": 17, "525081548983652352": 18, "525087902485999616": 19, "525090768634257408": 20, "525313502886772736": 21, "525080661569589248": 22}, "edges": [[0, 7], [0, 22], [0, 3], [0, 18], [0, 14], [0, 19], [0, 20], [0, 8], [0, 9], [0, 17], [0, 12], [0, 5], [0, 11], [0, 13], [0, 16], [0, 10], [3, 1], [3, 6], [14, 4], [20, 2], [2, 15], [10, 21]]}