{"thread_id": "525021132022628353", "text_thread": [[525021132022628353, "The important name right now is Cpl. Nathan Cirillo. #ottawa"], [525023101772247041, "\"@zchamu: The important name right now is Cpl. Nathan Cirillo. #ottawa\"  #OttawaTerrorAttack"], [525060283057078272, "Yes. Let our thoughts be with his friends and family. RT @zchamu: The important name right now is Cpl. Nathan Cirillo. #OttawaShooting"], [525025399211048960, "\u201c@zchamu: The important name right now is Cpl. Nathan Cirillo. #ottawa\u201d"]], "node_mapping": {"525021132022628353": 0, "525023101772247041": 1, "525060283057078272": 2, "525025399211048960": 3}, "edges": [[0, 1], [0, 3], [0, 2]]}