{"thread_id": "525041091507388416", "text_thread": [[525041091507388416, "Soldier killed at war memorial identified as Cpl. Nathan Cirillo #ottawashooting http://t.co/YnM8FvFckL http://t.co/2jhrreIxPu"], [525044176593764353, "@globeandmail RIP.  So sad."], [525046308391096320, "\u201c@globeandmail: Soldier killed at war memorial identified as Cpl. Nathan Cirillo http://t.co/F5KXdz1bUb http://t.co/4tkj8roKa4\u201d Wtf zaddy"], [525041291974176768, "@globeandmail #CanadaStrong #Hero #RIP"], [525049730456649728, "@globeandmail #cplnathancirillo #OttawaShooting RIP very sad \ud83d\ude1e"], [525041938270269441, "@globeandmail RIP Cpl. Cirillo. Our prayers are with you and your family."], [525051051846959104, "@globeandmail @apple_hotm sad"], [525061028288409600, "\u201c@globeandmail: Soldier killed at war memorial identified as Cpl. Nathan Cirillo http://t.co/9Rv1RPsGtQ http://t.co/HqndnFfZnt\u201d #restinpeace"], [525055972096897024, "@apple_hotm terrible terrible times we live in . When the sadness goes you feel angry"], [525041792266534913, "Forever remembered @globeandmail: Soldier killed at war memorial Cpl. Nathan Cirillo  http://t.co/h7baDWdtpk http://t.co/IeTjkHjzyi\u201d"], [525045324646055936, "@globeandmail R.I.P. #CplNathanCirillo #ottawashooting"], [525042675943104512, "@globeandmail Thoughts and prayers go out to his family and all of Ottawa."], [525045537616457728, "@globeandmail It is hard to find words, but I so want to express my sorrow and support to the family and friends of Cpl Nathan Cirillo. RIP"], [525050244220739584, "@globeandmail Salute... it shouldn't happen :(  rest in peace"], [525052540921315329, "@carrotface64 That puppy is in almost every picture.  I bet he's waiting by the front door for him right now."], [525042004544475136, "@globeandmail \"From far &amp; wide, Oh Canada, we stand on guard for thee\""], [525041858993324032, "@globeandmail  R.I.P.  Nathan"], [525045826129641473, "@globeandmail Beyond Sad. Prayers up for his family and friends. Senseless crime."], [525042299407835137, "A sad day for our heros of the military!  RIP.  @globeandmail"]], "node_mapping": {"525041091507388416": 0, "525044176593764353": 1, "525046308391096320": 2, "525041291974176768": 3, "525049730456649728": 4, "525041938270269441": 5, "525051051846959104": 6, "525061028288409600": 7, "525055972096897024": 8, "525041792266534913": 9, "525045324646055936": 10, "525042675943104512": 11, "525045537616457728": 12, "525050244220739584": 13, "525052540921315329": 14, "525042004544475136": 15, "525041858993324032": 16, "525045826129641473": 17, "525042299407835137": 18}, "edges": [[0, 3], [0, 9], [0, 16], [0, 5], [0, 15], [0, 18], [0, 11], [0, 1], [0, 10], [0, 12], [0, 17], [0, 2], [0, 4], [0, 13], [0, 6], [0, 7], [6, 14], [14, 8]]}