{"thread_id": "525020326816927744", "text_thread": [[525020326816927744, "#Breaking: Soldier killed at war memorial identified as Cpl. Nathan Cirillo #ottawashooting http://t.co/vlj96XOoSm http://t.co/LOzoL7IjVI"], [525046159610372096, "@curtharnett @jstines3 @globeandmail So sad... RIP  Cpl. Nathan Cirillo ...."], [525042324452433920, "@Scrawnburke A Canadian soldier standing on guard at a war memorial in Ottawa was shot and killed"], [525024499272396800, "@globeandmail Hero."], [525021583556247553, "@globeandmail @freddoso God bless."], [525029693280772096, "What happened? @beebsmn @globeandmail"], [525023615381946368, "@globeandmail @SMontalbano What a terrible shame. RIP."], [525022294138449922, "@globeandmail @popup82 @pmharper At least put the flag on the Peace Tower at half mast for Cpl Cirillo-deserved like all the fallen solders"], [525021025260802048, "Soldier killed in #OttawaShooting identified as Cpl. Nathan Cirillo via @globeandmail http://t.co/MsZee1uYsL http://t.co/5XOZi829FC\u201d"], [525023197260173313, "@globeandmail @SCalaisS This is so sad."], [525021011109228544, "Hero. \u201c@globeandmail: Soldier killed at war memorial identified as Cpl. Nathan Cirillo http://t.co/Ra4FzmxBsQ http://t.co/Urxbuwd2RE\u201d"], [525023032914751488, "@globeandmail Our prayers go out to this man's family, friends and community. Thank you for your service, Nathan."], [525023113897996288, "@globeandmail RIP #Canada"], [525024181851660288, "@globeandmail So sad :("], [525023066871824384, "@globeandmail So awful. God bless his soul."], [525022114156642305, "@globeandmail R.I.P. sir. We will bring these men to justice."], [525024618994614272, "RIP \u201c@globeandmail: Soldier killed at war memorial identified as Cpl. Nathan Cirillo http://t.co/WjGNI60ko2 http://t.co/4YZwbEhH3q\u201d"], [525070633278119936, "@beebsmn Sad to hear this"], [525021141640171520, "@globeandmail rip \ud83d\ude4f\ud83d\ude4f"], [525046033521590273, "@curtharnett @jstines3 @globeandmail God Bless"], [525020420685434882, "@globeandmail bless his soul"], [525021008580059136, "Tragic. \"@globeandmail: Soldier killed at war memorial identified as Cpl. Nathan Cirillo http://t.co/XriJVzEaGh http://t.co/yINZDXObak\u201d"], [525021793883803648, "@globeandmail killed by an #islamist"], [525020758205288448, "@globeandmail RIP to him and thank you for his bravery and service. Heartfelt condolences to his loved ones."], [525021751181590528, "@globeandmail \nPaix \u00e0 lui ."]], "node_mapping": {"525020326816927744": 0, "525046159610372096": 1, "525042324452433920": 2, "525024499272396800": 3, "525021583556247553": 4, "525029693280772096": 5, "525023615381946368": 6, "525022294138449922": 7, "525021025260802048": 8, "525023197260173313": 9, "525021011109228544": 10, "525023032914751488": 11, "525023113897996288": 12, "525024181851660288": 13, "525023066871824384": 14, "525022114156642305": 15, "525024618994614272": 16, "525070633278119936": 17, "525021141640171520": 18, "525046033521590273": 19, "525020420685434882": 20, "525021008580059136": 21, "525021793883803648": 22, "525020758205288448": 23, "525021751181590528": 24}, "edges": [[0, 20], [0, 23], [0, 21], [0, 10], [0, 8], [0, 18], [0, 4], [0, 24], [0, 22], [0, 15], [0, 7], [0, 11], [0, 14], [0, 12], [0, 9], [0, 6], [0, 13], [0, 3], [0, 16], [23, 5], [5, 2], [2, 17], [10, 19], [10, 1]]}