{"thread_id": "525036240848945152", "text_thread": [[525036240848945152, "Sergeant-at-Arms Kevin Vickers hailed as hero for shooting Canadian Parliament gunman: http://t.co/09FfLbM475 http://t.co/A6bY6M4HtE"], [525037695668457472, "\u201c@ABC: Sergeant-at-Arms Kevin Vickers hailed as hero for shooting Canadian Parliament gunman: http://t.co/tFxfF9r1C4 http://t.co/JooxDxQDfA\u201d"], [525045991842807808, "@ABC @WNTonight a true hero well done sir."], [525037803042639872, "@ABC Give that man a raise!"], [525039459838865408, "@ABC Just glad he had a gun..."], [525040656390311936, "\"@ABC: Sergeant-at-Arms Kevin Vickers hailed as hero for shooting Canadian Parliament gunman: http://t.co/omjW7NoC9T http://t.co/TYIHjqnexk\""], [525040585254907904, "@ABC @WNTonight will this be another work place violence?"], [525070934953041920, "@ABC   Glad Mr. Vickers was armed.  If he tried to negotiate I hate to think how many others would have died."], [525038205721407489, "@ABC #SergeantatArmsKevinVickers We would like to have the I.D. of the killer &amp; why can Canadian Soldier wear there uniform in public."], [525039552185249792, "\u201c@ABC: Sergeant-at-Arms Kevin Vickers hailed as hero for shooting Canadian Parliament gunman: http://t.co/bKLbPUHfZ5 http://t.co/wegygltDwp\u201d"], [525120673338101760, "@ABC"], [525038705422376960, "@ABC there is a typo in your article..  Smh on the editors part. \"Not been, not been\" how could you miss that"], [525069218929467392, "@ABC. All this violence needs to stop. Peace to all people in the world... it is time for no violence and no terrorism."], [525039488209129472, "@ABC @WNTonight Kudos, Kevin Vickers!  Thank you!"], [525069280640249856, "@ABC"], [525040177928876033, "@ABC @SusanFelicity #OttawaShooting Aftermat Videos all vids copyright Paul Lauzon     http://t.co/geVRZDzB4Z"], [525040571052617728, "@ABC Thank you Kevin Vickers... We could use u at the Whitehouse."]], "node_mapping": {"525036240848945152": 0, "525037695668457472": 1, "525045991842807808": 2, "525037803042639872": 3, "525039459838865408": 4, "525040656390311936": 5, "525040585254907904": 6, "525070934953041920": 7, "525038205721407489": 8, "525039552185249792": 9, "525120673338101760": 10, "525038705422376960": 11, "525069218929467392": 12, "525039488209129472": 13, "525069280640249856": 14, "525040177928876033": 15, "525040571052617728": 16}, "edges": [[0, 1], [0, 3], [0, 8], [0, 11], [0, 4], [0, 13], [0, 9], [0, 15], [0, 16], [0, 6], [0, 5], [0, 2], [0, 12], [0, 14], [0, 7], [0, 10]]}