{"thread_id": "525049639016615937", "text_thread": [[525049639016615937, "This is the soldier who died today at the #Ottawa War Memorial. His name is Cpl. Nathan Cirillo. #RIP #OttawaStrong http://t.co/vhPBPq5yYk"], [525063566424936448, "@MaulerMauler @TonyclementCPC @MaulerMauler: #RIP Cpl. Nathan Cirillo."], [525053884029763585, "@MaulerMauler So very sad. Thoughts and prayers for his wife, young son and family that are grieving at this sad, sad time."], [525061861398806528, "@MaulerMauler \nRIP Brother!!"], [525063388934967298, "@MaulerMauler @TheRemixLab R.I.P my condolences to his family"], [525081032824209408, "@MaulerMauler \nSo sorry for him &amp; his FAMILY."], [525052198586040321, "@MaulerMauler If we know the name of the maniac, but not the name of its victim, we are failing... failing... utterly. @JessieFlagg1"]], "node_mapping": {"525049639016615937": 0, "525063566424936448": 1, "525053884029763585": 2, "525061861398806528": 3, "525063388934967298": 4, "525081032824209408": 5, "525052198586040321": 6}, "edges": [[0, 6], [0, 2], [0, 3], [0, 4], [0, 1], [0, 5]]}