{"thread_id": "580320009316089856", "gold_label": 0, "predicted_label": 0, "tweet_attributions": [{"index": 0, "attribution": 0.2530619502067566, "tweet_id": 580320009316089856, "text": "Germanwings-Airbus in Frankreich abgest\u00fcrzt http://t.co/YYwWEuBO43 #Germanwings", "type": "source"}, {"index": 9, "attribution": 0.02732708863914013, "tweet_id": 580321361140297730, "text": "@tagesschau RIP.", "type": "direct_reply"}, {"index": 4, "attribution": 0.01666093058884144, "tweet_id": 580324780064243712, "text": "@tagesschau Oh nein!!! Ich hoffe es ist nur ein irrtum! Aber wie es aussieht ist es war...", "type": "direct_reply"}, {"index": 3, "attribution": 0.015623659826815128, "tweet_id": 580343120765816832, "text": "\u201c@tagesschau: Germanwings-Airbus in Frankreich abgest\u00fcrzt http://t.co/HNSs6nEdbh #Germanwings\u201d Furchtbar traurig :(", "type": "direct_reply"}, {"index": 7, "attribution": 0.014699559658765793, "tweet_id": 580323964234391552, "text": "#Schock... @tagesschau: Germanwings-Airbus in Frankreich abgest\u00fcrzt http://t.co/yO2L6UhDru #Germanwings", "type": "direct_reply"}, {"index": 2, "attribution": 0.009907840751111507, "tweet_id": 580324822066077696, "text": "Fruktansv\u00e4rt! RT \u201c@tagesschau: Germanwings-Airbus in Frankreich abgest\u00fcrzt http://t.co/oCvM7HxsSS #Germanwings\u201d", "type": "direct_reply"}, {"index": 1, "attribution": 0.009469165466725826, "tweet_id": 580354727818485760, "text": "@tagesschau Ewige Ruhe schenke ihnen, o Herr; und das ewige Licht leuchte ihnen; lasse sie ruhen in Frieden! \n#RIP #Germanwings", "type": "direct_reply"}, {"index": 6, "attribution": 0.008780970238149166, "tweet_id": 580325227520983040, "text": "@tagesschau Was ist denn da jetzt schief gelaufen?", "type": "direct_reply"}, {"index": 8, "attribution": 0.007068827282637358, "tweet_id": 580325374065692672, "text": "Fruktansv\u00e4rt! RT \u201c@tagesschau: Germanwings-Airbus in Frankreich abgest\u00fcrzt http://t.co/oCvM7HfRui #Germanwings\u201d", "type": "direct_reply"}, {"index": 10, "attribution": -0.0031265246216207743, "tweet_id": 580344119236673536, "text": "\u201c@tagesschau: Germanwings-Airbus in Frankreich abgest\u00fcrzt http://t.co/8Gxnoiq1PH #Germanwings\u201d \ud83d\ude31\ud83d\ude31\ud83d\ude30", "type": "direct_reply"}, {"index": 5, "attribution": -0.005779928993433714, "tweet_id": 580322279269203968, "text": ":( \u201c@tagesschau: Germanwings-Airbus in Frankreich abgest\u00fcrzt http://t.co/8wbv5vpipX #Germanwings\u201d", "type": "direct_reply"}]}