{"thread_id": "580327923128877056", "gold_label": 0, "predicted_label": 1, "tweet_attributions": [{"index": 11, "attribution": 0.31078723073005676, "tweet_id": 580694269691891712, "text": "@Ker8Mel Das kann nicht der Grund sein! W\u00fcrde ich mit Privatflugzeug doch auch nicht machen. Luftlinie Barcelona - D\u00fcsseldorf \u00fcber Flachland", "type": "lower_reply"}, {"index": 12, "attribution": 0.17949087917804718, "tweet_id": 580695526171140096, "text": "@Ker8Mel @HansTheGerman Vor allem erst schon einmal gelandet. Vielleicht dadurch Absturz vermeiden!?", "type": "lower_reply"}, {"index": 9, "attribution": 0.1163080632686615, "tweet_id": 580691143383494657, "text": "@HansTheGerman Ist wohl einfach viel zu viel Verkehr in der Luft.", "type": "lower_reply"}, {"index": 5, "attribution": 0.07066662609577179, "tweet_id": 580690965565935617, "text": "@HansTheGerman Das habe ich gestern auch schon gefragt.\nSelbst wenn Absturz passiert, kann in flachem Gel\u00e4nde besser gerettet werden.", "type": "lower_reply"}, {"index": 8, "attribution": 0.027976932004094124, "tweet_id": 580702589324554240, "text": "@HansTheGerman Wenn man den Absturz aber nicht vermeiden kann, ist dennoch im Flachland die Rettung einfacher.", "type": "lower_reply"}, {"index": 7, "attribution": 0.02594441920518875, "tweet_id": 580328503847067648, "text": "@SPIEGELONLINE ich frage mich warum Hollande dazu schon was sagt wenn es noch nicht von @germanwings best\u00e4tigt wurde..", "type": "direct_reply"}, {"index": 6, "attribution": 0.022182522341609, "tweet_id": 580690224700874752, "text": "@SPIEGELONLINE Warum m\u00fcssen #Luftstrassen ausgerechnet \u00fcber die #Alpen gef\u00fchrt werden, wo es keine Notlandung geben kann!? #germanwings", "type": "direct_reply"}, {"index": 10, "attribution": 0.007149709854274988, "tweet_id": 580331308955615232, "text": "@SPIEGELONLINE Hollande hat sogar weil es auf Franz\u00f6sichen Territorium passiert ist , Staatstrauer angeordnet", "type": "direct_reply"}, {"index": 3, "attribution": 0.005584963131695986, "tweet_id": 580337853961494528, "text": "@SPIEGELONLINE  Die Nachricht hat uns sehr traurig gemacht. Herzliches Beileid :(", "type": "direct_reply"}, {"index": 4, "attribution": -0.0003927368379663676, "tweet_id": 580701783896547328, "text": "@HansTheGerman Mit dem Privatflugzeug?\nMit einem \u00e4hnlich gro\u00dfen oder einer kleinen Maschine? Da w\u00e4re die Flugh\u00f6he geringer.", "type": "lower_reply"}, {"index": 1, "attribution": -0.000765766657423228, "tweet_id": 580702329567113216, "text": "@HansTheGerman Wie gesagt, ich habe mich auch gewundert \u00fcber die Route.\n\nAber es scheint doch zu viel Verkehr zu sein am Himmel.", "type": "lower_reply"}, {"index": 2, "attribution": -0.01659599132835865, "tweet_id": 580703161192734720, "text": "@HansTheGerman Wei\u00df ja keiner, was nun passiert ist. Spekulationen, wieso 8 Minuten Sinkflug, ohne Notruf abzusetzen.", "type": "lower_reply"}, {"index": 0, "attribution": -0.024240652099251747, "tweet_id": 580327923128877056, "text": "Laut Frankreichs Staatschef Hollande gibt es beim #Germanwings-Absturz wohl keine \u00dcberlebenden. Infos: http://t.co/cHEH3vaQP8", "type": "source"}]}