{"thread_id": "580352532167311362", "gold_label": 1, "predicted_label": 0, "tweet_attributions": [{"index": 0, "attribution": 0.28168410062789917, "tweet_id": 580352532167311362, "text": "148 people were on board the #Germanwings plane which crashed in the French Alps. Here's what we know so far http://t.co/5sZVPg9XFR", "type": "source"}, {"index": 4, "attribution": 0.04264700785279274, "tweet_id": 580456545529528321, "text": "@RobPortley @SkyNews fack bad buzz, will you DM the tunes soon pls?", "type": "lower_reply"}, {"index": 2, "attribution": 0.02367539145052433, "tweet_id": 580410082019672066, "text": "@SkyNews get your numbers right for goodness sake!", "type": "direct_reply"}, {"index": 6, "attribution": 0.011754651553928852, "tweet_id": 580355262894080001, "text": "@SkyNews G-d speed. Very sad news", "type": "direct_reply"}, {"index": 7, "attribution": 0.007919014431536198, "tweet_id": 580352926645772288, "text": "@SkyNews 144 + 6 = 150. Why just 148?", "type": "direct_reply"}, {"index": 8, "attribution": 0.006239913869649172, "tweet_id": 580357309785907200, "text": "@SkyNews A Germanwings Airbus A320 plane carrying at least 148 people crashed in mountainous southeastern France...\nhttp://t.co/M63s9jKvOI", "type": "direct_reply"}, {"index": 9, "attribution": 0.00604231609031558, "tweet_id": 580356393892495360, "text": "@SkyNews  reminds me of Lufhansa A321 2014     Auto pilot descends plane rapidly", "type": "direct_reply"}, {"index": 3, "attribution": 0.003714393125846982, "tweet_id": 580365125653278720, "text": "@SkyNews @RobPortley", "type": "direct_reply"}, {"index": 5, "attribution": 0.0009799457620829344, "tweet_id": 580358923330416642, "text": "@SkyNews R I P sad news", "type": "direct_reply"}, {"index": 1, "attribution": -0.008030266501009464, "tweet_id": 580354402990587904, "text": "@LonWasBer @SkyNews It's not uncommon for planes to fly into their 20s.", "type": "lower_reply"}]}