{"thread_id": "580368417556992000", "gold_label": 1, "predicted_label": 0, "tweet_attributions": [{"index": 0, "attribution": 0.5978034138679504, "tweet_id": 580368417556992000, "text": "#Germanwings crew didn't send distress signal; it was sent by air traffic control - civil aviation authorities to AFP http://t.co/cN6iVJDoo7", "type": "source"}, {"index": 2, "attribution": 0.06457806378602982, "tweet_id": 580370379350257664, "text": "#Germanwings crew didn't send distress signal; it was sent by air traffic control | @BBCBreaking\n\nhttp://t.co/EcNUkzH2k6", "type": "direct_reply"}, {"index": 5, "attribution": 0.03237205371260643, "tweet_id": 580368985105010688, "text": "@BBCBreaking Could some have taken over the cockpit?", "type": "direct_reply"}, {"index": 11, "attribution": 0.018407287076115608, "tweet_id": 580368598914482177, "text": "@bbcbreaking #plottwist", "type": "direct_reply"}, {"index": 7, "attribution": 0.017756808549165726, "tweet_id": 580376373132292096, "text": "@BBCBreaking crew didn't send distress signal, descended quickly, something wrong.", "type": "direct_reply"}, {"index": 6, "attribution": 0.007436068262904882, "tweet_id": 580581884087943168, "text": "@BBCBreaking", "type": "direct_reply"}, {"index": 4, "attribution": 0.00196379073895514, "tweet_id": 580373562776780800, "text": "\u201c@BBCBreaking: #Germanwings crew didn't send distress signal; deeply shocking, thoughts with all involved including the rescue parties.", "type": "direct_reply"}, {"index": 9, "attribution": -0.0034826279152184725, "tweet_id": 580447479004577792, "text": "@BBCBreaking No distress signal. Virtually unbelievable with a highly trained crew; which brings a lot of horror scenarios to mind.", "type": "direct_reply"}, {"index": 3, "attribution": -0.011537309736013412, "tweet_id": 580561977568862211, "text": "@BBCBreaking @jszanto", "type": "direct_reply"}, {"index": 8, "attribution": -0.011540939100086689, "tweet_id": 580373640329359360, "text": "@ThinkKu @BBCBreaking fuck off", "type": "lower_reply"}, {"index": 1, "attribution": -0.05831866338849068, "tweet_id": 580446930670657537, "text": "@BBCBreaking It's highly \"insensitive\" because this is clearly what he/she wants it to be. Some people are like that.", "type": "direct_reply"}, {"index": 10, "attribution": -0.5170007944107056, "tweet_id": 580368647102726144, "text": "@BBCBreaking \n\nhttp://t.co/CIsr3BHPoc\n\nI want to invite you to the religion of #Islam and I hope you know about Islam.\n\n#Favorite\n#RT\n\ud83c\udf39", "type": "direct_reply"}]}