{"thread_id": "580319005703069696", "gold_label": 0, "predicted_label": 0, "tweet_attributions": [{"index": 0, "attribution": 0.31309622526168823, "tweet_id": 580319005703069696, "text": "Several European news agencies reporting an accident involving a Germanwings Airbus A320 in southern France. Developing... #breaking", "type": "source"}, {"index": 1, "attribution": 0.03951716795563698, "tweet_id": 580320249972727808, "text": "@NYCAviation more and more running with it \ud83d\ude1e @minefornothing: 142 PEOPLE ON BOARD GERMANWINGS AIRBUS A320 THAT CRASHED IN SOUTHERN FRANCE", "type": "direct_reply"}, {"index": 2, "attribution": 0.017248542979359627, "tweet_id": 580336215833980929, "text": "@NYCAviation BREAKING - Germanwings plane crashes in France, up to 150 believed dead\nhttp://t.co/HWyOPGobie", "type": "direct_reply"}]}