{"thread_id": "580327336505176064", "gold_label": 0, "predicted_label": 0, "tweet_attributions": [{"index": 0, "attribution": 0.3031192123889923, "tweet_id": 580327336505176064, "text": "Germanwings plane crashes in France, up to 150 feared dead http://t.co/n44I07mnoh", "type": "source"}, {"index": 5, "attribution": 0.021774915978312492, "tweet_id": 580327450149797888, "text": "RT @Reuters Germanwings plane crashes in France, up to 150 feared dead http://t.co/iUOQCD85N7", "type": "direct_reply"}, {"index": 15, "attribution": 0.01901799626648426, "tweet_id": 580329243000737792, "text": "\u201c@Reuters: Germanwings plane crashes in France, up to 150 feared dead http://t.co/Br4FVq1w0k\u201d #Germanwings", "type": "direct_reply"}, {"index": 14, "attribution": 0.0136422673240304, "tweet_id": 580328297478823936, "text": "Breaking News RT: @Reuters: Germanwings plane crashes in France, up to 150 feared dead http://t.co/5yhGpEhzb3", "type": "direct_reply"}, {"index": 9, "attribution": 0.010076954029500484, "tweet_id": 580329981026254848, "text": "\u201c@Reuters: Germanwings plane crashes in France, up to 150 feared dead http://t.co/L3rWHX3RKI\u201d.  Prayers to all involved.", "type": "direct_reply"}, {"index": 12, "attribution": 0.008064494468271732, "tweet_id": 580353034846408704, "text": "@Reuters SAD DAY.", "type": "direct_reply"}, {"index": 1, "attribution": 0.007082311902195215, "tweet_id": 580328034550427649, "text": "@Reuters @radiobiobio @24HorasTVN", "type": "direct_reply"}, {"index": 6, "attribution": 0.002443654928356409, "tweet_id": 580329405790191617, "text": "Today is a sad day... \u201c@Reuters: Germanwings plane crashes in France, up to 150 feared dead http://t.co/dXfXqfCUPa\u201d #germanwings", "type": "direct_reply"}, {"index": 7, "attribution": 0.0010141358943656087, "tweet_id": 580328602522271746, "text": "\u201c@Reuters: Germanwings plane crashes in France, up to 150 feared dead http://t.co/VRlqEyViLk\u201d \ud83d\ude33", "type": "direct_reply"}, {"index": 13, "attribution": -0.0002928017929662019, "tweet_id": 580332409700409344, "text": "\"@Reuters: Germanwings plane crashes in France, up to 150 feared dead http://t.co/GXrZtrmKwQ\" So sad, prayers for all.", "type": "direct_reply"}, {"index": 3, "attribution": -0.0003253793984185904, "tweet_id": 580333522537340928, "text": "\u201c@Reuters: Germanwings plane crashes in France, up to 150 feared dead http://t.co/shazcvgLtH\u201d", "type": "direct_reply"}, {"index": 4, "attribution": -0.002972434973344207, "tweet_id": 580327855202025473, "text": "\u201c@Reuters: Germanwings plane crashes in France, up to 150 feared dead http://t.co/jRqsj1a04C\u201d so sad", "type": "direct_reply"}, {"index": 11, "attribution": -0.0037974484730511904, "tweet_id": 580334587462619136, "text": "\u201c@Reuters: Germanwings plane crashes in France, up to 150 feared dead http://t.co/mY4V2IvryF\u201d", "type": "direct_reply"}, {"index": 10, "attribution": -0.005046151112765074, "tweet_id": 580327849397129216, "text": "@Reuters @leahnavarro cheap fare flights. tough luck.", "type": "direct_reply"}, {"index": 2, "attribution": -0.00803957786411047, "tweet_id": 580329203297492993, "text": "\u201c@Reuters: Germanwings plane crashes in France, up to 150 feared dead http://t.co/XKXCwAruqM\u201d", "type": "direct_reply"}, {"index": 8, "attribution": -0.008930091746151447, "tweet_id": 580379100818251776, "text": "\"@Reuters: Germanwings plane crashes in France, up to 150 feared dead http://t.co/b4KuldLhvR\"", "type": "direct_reply"}]}