{"thread_id": "580320563891019776", "gold_label": 0, "predicted_label": 0, "tweet_attributions": [{"index": 6, "attribution": 0.6161473989486694, "tweet_id": 580321452576018433, "text": "@RxquelMallillin Ang scary :( I know plane crashes happen a lot in a year but with social media and easy info, we hear about it more often \ud83d\ude14", "type": "lower_reply"}, {"index": 3, "attribution": 0.14245353639125824, "tweet_id": 580321996883369984, "text": "@camiejuan I've only experienced little turbulences and I really get so scared na. News like this make me don't want to travel at all :( :))", "type": "lower_reply"}, {"index": 7, "attribution": 0.09758364409208298, "tweet_id": 580321128943468544, "text": "Things like this make me scared to travel \ud83d\ude29 RT @ANCALERTS: BREAKING: Germanwings Airbus A320 crashes in French Alps | via @BBCBreaking", "type": "direct_reply"}, {"index": 5, "attribution": 0.016146721318364143, "tweet_id": 580329224826810368, "text": "\u201c@ANCALERTS: BREAKING: Germanwings Airbus A320 crashes in French Alps | via @BBCBreaking\u201d", "type": "direct_reply"}, {"index": 1, "attribution": 0.012956143356859684, "tweet_id": 580336294066196480, "text": "\u201c@ANCALERTS: BREAKING: Germanwings Airbus A320 crashes in French Alps | via @BBCBreaking\u201d :(", "type": "direct_reply"}, {"index": 2, "attribution": 0.0053125894628465176, "tweet_id": 580323223000088576, "text": "\u201c@ANCALERTS: BREAKING: Germanwings Airbus A320 crashes in French Alps | via @BBCBreaking\u201doh my", "type": "direct_reply"}, {"index": 0, "attribution": -0.0015308557776734233, "tweet_id": 580320563891019776, "text": "BREAKING: Germanwings Airbus A320 crashes in French Alps | via @BBCBreaking", "type": "source"}, {"index": 4, "attribution": -0.05849449709057808, "tweet_id": 580321143246094336, "text": "OMG \u201c@ANCALERTS: BREAKING: Germanwings Airbus A320 crashes in French Alps | via @BBCBreaking\u201d", "type": "direct_reply"}, {"index": 8, "attribution": -0.12585413455963135, "tweet_id": 580321260191784960, "text": "@camiejuan Same here :(", "type": "lower_reply"}]}