{"thread_id": "580340476949086208", "gold_label": 1, "predicted_label": 0, "tweet_attributions": [{"index": 0, "attribution": 0.4965873658657074, "tweet_id": 580340476949086208, "text": "BREAKING: 148 feared dead in crashed #Germanwings flight http://t.co/bnEGQsxBFL", "type": "source"}, {"index": 1, "attribution": 0.09747716039419174, "tweet_id": 580370888303890432, "text": "@foxandfriends funny watching Doocy struggle to pronounce \"Digny les bains\"", "type": "direct_reply"}, {"index": 19, "attribution": 0.05380433425307274, "tweet_id": 580370713745346560, "text": "@GeorgeKrisand3 @foxandfriends BENGHAZI, BENGHAZI,BENGHAZI,BENGHAZI,BENGHAZI!  HAHAHAHA!!", "type": "lower_reply"}, {"index": 14, "attribution": 0.05126510560512543, "tweet_id": 580342548394352640, "text": "@foxandfriends @VLM_va  Nothing New just rumors at this moment.", "type": "direct_reply"}, {"index": 10, "attribution": 0.044901151210069656, "tweet_id": 580343913728352257, "text": "@foxandfriends This is a tragedy but why does a foreign airline in a foreign country have to totally co-opt all news?", "type": "direct_reply"}, {"index": 13, "attribution": 0.03330375999212265, "tweet_id": 580345116658966528, "text": "\u201c@foxandfriends: BREAKING: 148 feared dead in crashed #Germanwings flight http://t.co/Pmogqz71Pt\u201dVery tragic!! #Airbus320 #GermanWingsCrash", "type": "direct_reply"}, {"index": 5, "attribution": 0.02286726050078869, "tweet_id": 580674597298786304, "text": "@foxandfriends children may not understand. Its the parents that are disrespectful. They should know better. #Patriots", "type": "direct_reply"}, {"index": 8, "attribution": 0.02085329033434391, "tweet_id": 580342470472400897, "text": "@foxandfriends please don't spend all day on this!!! We all know who what when where ... Quit speculating on How or Why", "type": "direct_reply"}, {"index": 11, "attribution": 0.02074255421757698, "tweet_id": 580341360948948992, "text": "@foxandfriends As long as plane stayed in air w/only one emergency call &amp; the wide spread debris no mention of possible terrorists on board?", "type": "direct_reply"}, {"index": 17, "attribution": 0.0013025644002482295, "tweet_id": 580675526307766272, "text": "@foxandfriends this may be the plain in control. Are in this case out of control.  They fly themselves #prayforfamily's", "type": "direct_reply"}, {"index": 2, "attribution": -0.00013707400648854673, "tweet_id": 580342824236916737, "text": "@foxandfriends 15:00 CET #Germanwings Press Conference.", "type": "direct_reply"}, {"index": 12, "attribution": -0.004752374719828367, "tweet_id": 580360161211990016, "text": "@foxandfriends    \nWhat was the mayday call, terror in the sky?", "type": "direct_reply"}, {"index": 3, "attribution": -0.007242650259286165, "tweet_id": 580344272576241664, "text": "@foxandfriends Thats should be the extent of the coverage until further infor is obtained. The coverage is ridiculous and speculative enough", "type": "direct_reply"}, {"index": 7, "attribution": -0.013417229987680912, "tweet_id": 580377249905512450, "text": "@madest @foxandfriends Douchey it's Douchey.", "type": "lower_reply"}, {"index": 18, "attribution": -0.016254976391792297, "tweet_id": 580348081272676352, "text": "@foxandfriends another great tragedy", "type": "direct_reply"}, {"index": 6, "attribution": -0.017287570983171463, "tweet_id": 580343437536395264, "text": "@foxandfriends 144 Passengers and 6 Crewmembers. #Germanwings", "type": "direct_reply"}, {"index": 16, "attribution": -0.02037106081843376, "tweet_id": 580341529870348288, "text": "@foxandfriends ok so.. There is no other news ? For an hour this is what we hear about ??", "type": "direct_reply"}, {"index": 4, "attribution": -0.026419468224048615, "tweet_id": 580352023033470976, "text": "@foxandfriends rest in peace to families and friends .@Airbus", "type": "direct_reply"}, {"index": 15, "attribution": -0.03931955248117447, "tweet_id": 580342091018084352, "text": "@foxandfriends is there any other news in the world today. 2 hours of non stop plane crash. My condolences, but come on.", "type": "direct_reply"}, {"index": 9, "attribution": -0.3193521797657013, "tweet_id": 580355750775656448, "text": "@foxandfriends ok ok ok ok ok ok enough", "type": "direct_reply"}]}