{"thread_id": "580329455173967872", "gold_label": 1, "predicted_label": 0, "tweet_attributions": [{"index": 0, "attribution": 0.2630001902580261, "tweet_id": 580329455173967872, "text": "Pilots of crashed Germanwings flight declared emergency at 10:47 a.m. as plane fell rapidly. http://t.co/9YonrFRes3", "type": "source"}, {"index": 2, "attribution": 0.020516645163297653, "tweet_id": 582126372744724480, "text": "Hey @magiorNYT where in this article does it say anything about the pilot declaring an emergency like you say in your tweet? Cc @Sulliview", "type": "direct_reply"}, {"index": 1, "attribution": -0.0044443379156291485, "tweet_id": 582126659802963968, "text": "Is @magiorNYT even an employee of @nyt? \nPlease answer @Sulliview.", "type": "direct_reply"}]}