{"thread_id": "580368395528470528", "gold_label": 0, "predicted_label": 0, "tweet_attributions": [{"index": 0, "attribution": 0.2121620774269104, "tweet_id": 580368395528470528, "text": "#4U9525 An Bord der #germanwings-Maschine war offenbar eine Sch\u00fclergruppe aus Haltern, \"wir m\u00fcssen davon ausgehen\", so ein Stadtsprecher", "type": "source"}, {"index": 1, "attribution": 0.020615847781300545, "tweet_id": 580368898199044096, "text": "@tagesschau shit.", "type": "direct_reply"}, {"index": 5, "attribution": 0.018984567373991013, "tweet_id": 580369670001283072, "text": "@tagesschau @A3803 Der Tag wird immer mieser. ...", "type": "direct_reply"}, {"index": 3, "attribution": 0.01588595099747181, "tweet_id": 580388998645989378, "text": "@tagesschau @DRadioWissen Es ist schlimmes.. Eine gro\u00dfe Katastrophe! !!", "type": "direct_reply"}, {"index": 2, "attribution": 0.014559198170900345, "tweet_id": 580371085989920768, "text": "@tagesschau Ich w\u00fcnsche allen Angeh\u00f6rigen und Freunden viel Kraft, um dieses grausame Schicksal zu verarbeiten. Unfassbar...", "type": "direct_reply"}, {"index": 4, "attribution": -0.0030756881460547447, "tweet_id": 580376665643155458, "text": "@tagesschau @WDR2 grausam. Im Radio sagte man das auch zwei Babys an Board waren. Das treibt mir die Tr\u00e4nen in die Augen", "type": "direct_reply"}]}