{"thread_id": "580360165540642816", "gold_label": 1, "predicted_label": 0, "tweet_attributions": [{"index": 0, "attribution": 0.11765656620264053, "tweet_id": 580360165540642816, "text": "@FRANCE24 reporter James Andr\u00e9 at French Civil Aviation Authority HQ: \"#Germanwings plane did NOT report distress signal\", no mayday.", "type": "source"}, {"index": 1, "attribution": 0.07998108118772507, "tweet_id": 580361957502517248, "text": "@RichelleVHP Safety record is not perfect. http://t.co/928i3ln8bl @France24_en @FRANCE24", "type": "direct_reply"}, {"index": 2, "attribution": -0.02365976758301258, "tweet_id": 580361402663231488, "text": ".@RichelleVHP @France24_en @FRANCE24 Please take Hashtag #4U9525 for #Germanwings Plane crash. Thank you", "type": "direct_reply"}]}