{"thread_id": "580321268957884416", "gold_label": 0, "predicted_label": 0, "tweet_attributions": [{"index": 0, "attribution": 0.16317106783390045, "tweet_id": 580321268957884416, "text": "EIL +++ Airbus von Germanwings auf der Strecke von Barcelona nach D\u00fcsseldorf abgest\u00fcrzt. Mehr als 140 Menschen an Bord. Mehr @welt + @N24", "type": "source"}, {"index": 2, "attribution": 0.014752806164324284, "tweet_id": 580322385158619136, "text": "@jep_ @N24 @welt wann wird es von L\u00fcgenpresse dem Putin in die Schuld geschoben?", "type": "direct_reply"}, {"index": 3, "attribution": 0.00998290441930294, "tweet_id": 580323428688883712, "text": "@jep_ @welt @N24 148 nicht 140", "type": "direct_reply"}, {"index": 6, "attribution": 0.009023104794323444, "tweet_id": 580326452731596800, "text": "@jep_ @NickHeidfeld @welt @N24 http://t.co/tGECQrhXvs", "type": "direct_reply"}, {"index": 1, "attribution": -0.0007487510447390378, "tweet_id": 580376730080272384, "text": "@jep_ @Fresse_Presse @welt @N24 vereiste Sonden wie schon \u00f6fter bei Airbus?", "type": "direct_reply"}, {"index": 4, "attribution": -0.0022001578472554684, "tweet_id": 580370222479200257, "text": "@jep_ @welt @N24 Pardon! Was ist genau passiert? Lieber guter Gott sei bei den  Angeh\u00f6rigen!", "type": "direct_reply"}, {"index": 5, "attribution": -0.02262839861214161, "tweet_id": 580368800576569344, "text": "@jep_ @welt @N24 Ich bin schockiert! Was war die Uhrsache?", "type": "direct_reply"}]}