{"thread_id": "580348118736236544", "gold_label": 0, "predicted_label": 0, "tweet_attributions": [{"index": 0, "attribution": 0.2106466144323349, "tweet_id": 580348118736236544, "text": "Es handelt sich um ein Flugzeug vom Typ A320. An Bord waren 144 Passagiere und 6 Crew-Mitglieder. Lufthansa und Germanwings ...2/4", "type": "source"}, {"index": 1, "attribution": 0.01739911362528801, "tweet_id": 580350307525251072, "text": "\u201c@Lufthansa_DE: Es handelt sich um ein Flugzeug vom Typ A320. An Bord waren 144 Passagiere und 6 Crew-Mitglieder. Lufthansa und Germanwings\"", "type": "direct_reply"}, {"index": 2, "attribution": -0.0025392586831003428, "tweet_id": 580349226984542210, "text": "@Lufthansa_DE R.I.P. an alle Passagiere und Crew-Mitglieder...", "type": "direct_reply"}]}