{"thread_id": "580360761396035585", "gold_label": 0, "predicted_label": 1, "tweet_attributions": [{"index": 2, "attribution": 0.32235127687454224, "tweet_id": 580368373479014400, "text": "@TanteGrit sind schon alle informiert. Garantiere ich dir", "type": "lower_reply"}, {"index": 6, "attribution": 0.16533580422401428, "tweet_id": 580361336577769472, "text": "@BILD_Ruhrgebiet Seid ihr eigentlich v\u00f6llig meschugge? Sollen Angeh\u00f6rige und Freunde so etwas \u00fcber Twitter erfahren?", "type": "direct_reply"}, {"index": 4, "attribution": 0.1288137286901474, "tweet_id": 580372608262258689, "text": "@TanteGrit Ich komme aus Haltern und war bis vor einer Stunde an der Schule. Glaub mir einfach.", "type": "lower_reply"}, {"index": 3, "attribution": 0.12214063853025436, "tweet_id": 580371302088904704, "text": "@MB4umi Alle? Wohl kaum. Es gibt Menschen, die nicht direkt am Gate warten und noch gar nichts wissen.", "type": "lower_reply"}, {"index": 1, "attribution": 0.04754609242081642, "tweet_id": 580376290953465856, "text": "@MB4umi Ich meine Menschen, die in ganz Deutschland verstreut sind. Glaub mir einfach. Mein Beileid geht an alle Betroffenen.", "type": "lower_reply"}, {"index": 5, "attribution": 0.00032850957359187305, "tweet_id": 580362160292769793, "text": "@BILD_Ruhrgebiet Ihr seid wirklich dumm wie Schifferscheisse!", "type": "direct_reply"}, {"index": 0, "attribution": -0.06107897683978081, "tweet_id": 580360761396035585, "text": "Unter Opfern wohl 16 Sch\u00fcler, 2 Lehrerinnen des Joseph-K\u00f6nig-Gymnasiums #Haltern. Sie kamen vom Sch\u00fcleraustausch. #4U9525 #germanwings", "type": "source"}]}