{"thread_id": "580318938996740096", "gold_label": 1, "predicted_label": 0, "tweet_attributions": [{"index": 0, "attribution": 0.33743855357170105, "tweet_id": 580318938996740096, "text": "142 passengers on board GermanWings plane which has crashed in French Alps, according to AFP", "type": "source"}, {"index": 2, "attribution": 0.02253647893667221, "tweet_id": 580320459801149440, "text": "@hamishNews geezuz.", "type": "direct_reply"}, {"index": 1, "attribution": 0.0181414894759655, "tweet_id": 580336266014666753, "text": "@hamishNews BREAKING - Germanwings plane crashes in France, up to 150 believed dead\nhttp://t.co/HWyOPGobie", "type": "direct_reply"}, {"index": 3, "attribution": 0.009738936088979244, "tweet_id": 580319320464596992, "text": "Airbus A320. RT @hamishNews: 142 passengers on board GermanWings plane which has crashed in French Alps, according to AFP", "type": "direct_reply"}, {"index": 4, "attribution": -0.01184398028999567, "tweet_id": 580320765192482817, "text": "@hamishNews Oh No not another plane down \ud83d\ude01\ud83d\ude33", "type": "direct_reply"}]}