{"thread_id": "580321117526724608", "gold_label": 0, "predicted_label": 1, "tweet_attributions": [{"index": 6, "attribution": 0.32059910893440247, "tweet_id": 580323176439250944, "text": "@GillyBerlin @germanwings War klar, in so ner Situation reicht das @1und1 Hosting Paket nicht... \ud83d\ude10", "type": "lower_reply"}, {"index": 15, "attribution": 0.19760607182979584, "tweet_id": 580326555169255424, "text": ".@germanwings verweist f\u00fcr Updates auf Internetseite, aber der Server ist vollkommen \u00fcberlastet. Das w\u00e4re mal Chance, Twitter zu nutzen...", "type": "direct_reply"}, {"index": 2, "attribution": 0.11985506862401962, "tweet_id": 580321548357234688, "text": "@germanwings @arnehess \"Diese Webseite ist nicht verf\u00fcgbar.\u201c Badum-Tss.", "type": "direct_reply"}, {"index": 21, "attribution": 0.09517932683229446, "tweet_id": 580336523452788736, "text": "@arnehess @GillyBerlin @germanwings @1und1 Alternatividee zu eurem Disput: W\u00fcnscht allen Betroffenen von #4U9525 Kraft f\u00fcr die schwere Zeit", "type": "lower_reply"}, {"index": 7, "attribution": 0.09444998949766159, "tweet_id": 580336665333538816, "text": "@Engel_CM @arnehess niemand hat hier einen Disput.", "type": "lower_reply"}, {"index": 4, "attribution": 0.08955541253089905, "tweet_id": 580326823340412928, "text": "@mimimibe \u2026 aber der Twitter-Crew erz\u00e4hlt dort offenbar keiner was. V\u00f6lliges Versagen bei der Krisenkommunikation.", "type": "lower_reply"}, {"index": 22, "attribution": 0.07094205170869827, "tweet_id": 580328459026722816, "text": "@emtiu was erwartest du so kurz nach einem Absturz? Spekulationen streuen? Warte gef\u00e4lligst ab bis sich was tut!", "type": "lower_reply"}, {"index": 26, "attribution": 0.06604927778244019, "tweet_id": 580329560652251137, "text": "@DavidDomenic Spekulationen entstehen vor allem, wenn Prim\u00e4rquellen wie die Fluggesellschaft M\u00f6glichkeit verlieren, zu informieren. @emtiu", "type": "lower_reply"}, {"index": 19, "attribution": 0.06244577094912529, "tweet_id": 580328009061822464, "text": "@arnehess ernsthaft? Geschmackloser geht's ja wohl momentan nicht!", "type": "lower_reply"}, {"index": 13, "attribution": 0.0398087278008461, "tweet_id": 580339654110633984, "text": "@GillyBerlin @arnehess So unterschiedlich sind die Wahrnehmungen", "type": "lower_reply"}, {"index": 24, "attribution": 0.03508736938238144, "tweet_id": 580334914031235072, "text": "@GillyBerlin du warst ungewollt in der Antwort.", "type": "lower_reply"}, {"index": 20, "attribution": 0.02149003930389881, "tweet_id": 580328342190190592, "text": "@mimimibe @germanwings dann sollte vielleicht die, die es nicht unmittelbar betrifft,die Seite durch ihre Zugriffe nicht belasten", "type": "lower_reply"}, {"index": 12, "attribution": 0.020867565646767616, "tweet_id": 580325311914643456, "text": "@germanwings Bitte Updates auch via Twitter. Ihre Website ist down. Herzlichen Dank und alles Gute!", "type": "direct_reply"}, {"index": 14, "attribution": 0.01787218265235424, "tweet_id": 580321758101696512, "text": "@germanwings Die ist schon down... Bitte Infos hier.", "type": "direct_reply"}, {"index": 28, "attribution": 0.015287828631699085, "tweet_id": 580325053369323520, "text": "@arnehess @GillyBerlin @germanwings @1und1 vollkommen deplatziert diese Aussage in solch einer Situation", "type": "lower_reply"}, {"index": 9, "attribution": 0.015088438987731934, "tweet_id": 580326590372044801, "text": "@germanwings warum die aktuellen news nicht \u00fcber twitter? website scheint grad sehr \u00fcberlastet &amp; ich will aktuell keinen flug buchen. #daipx", "type": "direct_reply"}, {"index": 29, "attribution": 0.01503476407378912, "tweet_id": 580329817863811072, "text": "@mimimibe @emtiu Das stimmt.. Trotzdem reden wir immer noch von einem Zeitraum von etwa 1 Stunde und nicht von Tagen", "type": "lower_reply"}, {"index": 16, "attribution": 0.009728030301630497, "tweet_id": 580335165152559104, "text": "@arnehess tut nichts zur Sache, Nichts. Aber das spielt in solch einer Situation auch keine Rolle", "type": "lower_reply"}, {"index": 8, "attribution": 0.008664258755743504, "tweet_id": 580337935943376896, "text": "@glomse @mimimibe K\u00f6nnte man, ja. \nDas Problem: social media macht dort offenbar ein Praktikant?!\nhttp://t.co/kFhfQEKJGG", "type": "lower_reply"}, {"index": 23, "attribution": 0.007353828754276037, "tweet_id": 580328267762298880, "text": "\u201c@germanwings: Wir verweisen in dieser Situation auf unsere st\u00e4ndig aktualisierte Internetseite http://t.co/8yUv7AxJni.\u201d @JRuizMz", "type": "direct_reply"}, {"index": 11, "attribution": 0.005311280023306608, "tweet_id": 580322053477277696, "text": "@germanwings Website ist down. Infos am besten wohl direkt \u00fcber Twitter.", "type": "direct_reply"}, {"index": 18, "attribution": 0.0014930610777810216, "tweet_id": 580321196744536064, "text": "@germanwings Die ist leider momentan nicht erreichbar.", "type": "direct_reply"}, {"index": 1, "attribution": -0.00012447417248040438, "tweet_id": 580322745189310464, "text": "Die Website von @germanwings funktioniert bei mir nicht.", "type": "direct_reply"}, {"index": 25, "attribution": -0.004936084616929293, "tweet_id": 580326504330059776, "text": "@germanwings Die leider dem Ansturm der entsetzen Aufrufe nicht gewachsen ist", "type": "direct_reply"}, {"index": 30, "attribution": -0.006489522289484739, "tweet_id": 580321388575240192, "text": "@germanwings Da ist der Server wohl schon in die Knie gezwungen worden. http://t.co/2ns1BcrG4v ist bei mir down.", "type": "direct_reply"}, {"index": 5, "attribution": -0.006678194273263216, "tweet_id": 580325088261763072, "text": "@germanwings \u00e7ok ge\u00e7mi\u015f olsun", "type": "direct_reply"}, {"index": 27, "attribution": -0.0071804518811404705, "tweet_id": 580323915542712320, "text": "@germanwings Internetseite \u00fcberlastet.", "type": "direct_reply"}, {"index": 10, "attribution": -0.011927858926355839, "tweet_id": 580325203357646850, "text": "@lacultura99 @arnehess komm mal runter. (war das jetzt auch deplatziert?)", "type": "lower_reply"}, {"index": 0, "attribution": -0.014729904942214489, "tweet_id": 580321117526724608, "text": "Wir verweisen in dieser Situation auf unsere st\u00e4ndig aktualisierte Internetseite http://t.co/9Sbi1YYWbV.", "type": "source"}, {"index": 17, "attribution": -0.02144336700439453, "tweet_id": 580326122346405888, "text": "@lacultura99 Wer bist Du, und viel wichtiger, was willst Du (von mir)? @GillyBerlin", "type": "lower_reply"}, {"index": 3, "attribution": -0.04503055289387703, "tweet_id": 580329934712901632, "text": "@JournalistinHH wie wahr!", "type": "lower_reply"}]}