{"thread_id": "580324629555863552", "gold_label": 1, "predicted_label": 0, "tweet_attributions": [{"index": 0, "attribution": 0.2126287817955017, "tweet_id": 580324629555863552, "text": "Airbus A320 Absturz im Liveticker - \nGermanwings-Maschine mit 148 Menschen an Bord in S\u00fcdfrankreich abgest\u00fcrzt #N2\u2026 http://t.co/3wYloCN8i0", "type": "source"}, {"index": 1, "attribution": 0.015055608935654163, "tweet_id": 580328022642933760, "text": "@N24 Ich bin sprachlos", "type": "direct_reply"}, {"index": 2, "attribution": 0.005126632284373045, "tweet_id": 580325301873414145, "text": "@N24 schlimm....", "type": "direct_reply"}]}