{"thread_id": "580319968484421633", "gold_label": 0, "predicted_label": 0, "tweet_attributions": [{"index": 0, "attribution": 0.3338870704174042, "tweet_id": 580319968484421633, "text": "A Germanwings A320 has crashed en route to Dusseldorf. Flight Radar 24 of the last known position. #4U9525 http://t.co/FrI93NrYFF", "type": "source"}, {"index": 2, "attribution": 0.015145975165069103, "tweet_id": 580348337284497409, "text": "@torin Our altruistic prime egotist will have an opportunity to raise another $M600 search money to make his ally prissy sweet &amp; clean.", "type": "direct_reply"}, {"index": 1, "attribution": 0.008717699907720089, "tweet_id": 580335112346296320, "text": "@torin The question is. They knew they were descenting and Alps were ahead. Why didn't they turn the plane to the south?", "type": "direct_reply"}]}