{"thread_id": "580348878370828288", "gold_label": 1, "predicted_label": 1, "tweet_attributions": [{"index": 2, "attribution": 0.29113152623176575, "tweet_id": 580351226954555392, "text": "@airlivenet @wmiddelkoop btw, anyone know last words #MH17 ? Oh wait\u2026 Kiev refuses to release ATC tapes. Which seems to be OK w/ everyone\u2026", "type": "direct_reply"}, {"index": 5, "attribution": 0.14987494051456451, "tweet_id": 580381154957725696, "text": "@CT4444 @airlivenet @wmiddelkoop troll blocked long ago ;)", "type": "lower_reply"}, {"index": 4, "attribution": 0.11452045291662216, "tweet_id": 580379506214588416, "text": "@tomaatman @airlivenet @wmiddelkoop\n\nNot liar, uninformed\n\n#MH17 under Kiev ATC on entry (not released)\nThen under Ukr's Dnipro ATC b4 crash", "type": "lower_reply"}, {"index": 3, "attribution": 0.10634371638298035, "tweet_id": 580368792347279360, "text": "@tomaatman liar. #MH17 CVR with Dutch Safety Board. Normal flight ops indicated on CVR.  @airlivenet @wmiddelkoop", "type": "lower_reply"}, {"index": 1, "attribution": 0.07578379660844803, "tweet_id": 580349579721310208, "text": "@airlivenet @JulieB_LFC really sad", "type": "direct_reply"}, {"index": 7, "attribution": 0.03992994874715805, "tweet_id": 580350657917505536, "text": "@iomguiM @airlivenet Very strange..", "type": "lower_reply"}, {"index": 8, "attribution": 0.03379223495721817, "tweet_id": 580349473747918848, "text": "@airlivenet @AhronYoung I broke that news over 50 mins ago :p", "type": "direct_reply"}, {"index": 11, "attribution": 0.025115065276622772, "tweet_id": 580349974497611776, "text": "\u201c@airlivenet: BREAKING Authorities confirm last words from #germanwings #4U9525 A320 distress call were \"emergency, emergency\" @PIX11News", "type": "direct_reply"}, {"index": 10, "attribution": 0.019004734233021736, "tweet_id": 580349735556554752, "text": "@airlivenet this is not a regular emergency message ... \"Mayday\" or \"pan pan\" but never \"emergency emergency\" ...", "type": "direct_reply"}, {"index": 6, "attribution": 0.014056640677154064, "tweet_id": 580496044947070979, "text": "@airlivenet @nilsrompen", "type": "direct_reply"}, {"index": 9, "attribution": -0.011803637258708477, "tweet_id": 580349946580328448, "text": "Se confirma que desde el #Airbus320 se mandaron varios mensajes de socorro antes de anticipar un aterrizaje de emergencia (v\u00eda @airlivenet)", "type": "direct_reply"}, {"index": 0, "attribution": -0.07770367711782455, "tweet_id": 580348878370828288, "text": "BREAKING Authorities confirm last words from #germanwings #4U9525 A320 distress call were \"emergency, emergency\" http://t.co/wFg8KTSve2", "type": "source"}]}