{"thread_id": "580321495987146752", "gold_label": 0, "predicted_label": 0, "tweet_attributions": [{"index": 24, "attribution": 0.10210896283388138, "tweet_id": 580353264916500480, "text": "Das Statement von Au\u00dfenminister Steinmeier: http://t.co/vUntNTAD40 #Germanwings #4U9525", "type": "lower_reply"}, {"index": 0, "attribution": 0.09558688849210739, "tweet_id": 580321495987146752, "text": "Ungl\u00fcck: Germanwings-Airbus st\u00fcrzt in S\u00fcdfrankreich ab http://t.co/MFgSg6v3En http://t.co/lvb0IdDmPs", "type": "source"}, {"index": 23, "attribution": 0.05509286746382713, "tweet_id": 580348214508961792, "text": "Eine Form, auf Twitter Trauer zu tragen: #Germanwings und #Lufthansa \u00e4ndern ihre Profilbilder. #4U9525 http://t.co/EZxF9GW0u9", "type": "lower_reply"}, {"index": 25, "attribution": 0.03478140011429787, "tweet_id": 580328175135227904, "text": "An Bord der abgest\u00fcrzten Maschine befanden sich 142 Passagiere, zwei Piloten sowie vier Stewardessen und Stewards. #Germanwings #4U9525", "type": "direct_reply"}, {"index": 9, "attribution": 0.023363957181572914, "tweet_id": 580343382431686656, "text": "Laut franz\u00f6sischen Medien best\u00e4tigt Alain Vidal, Staatssekret\u00e4r f\u00fcr Verkehr: \"Keine \u00dcberlebenden.\" #Germanwings #4U9525", "type": "lower_reply"}, {"index": 14, "attribution": 0.02269640751183033, "tweet_id": 580333484234932224, "text": "Die Kollegen von @n24 haben einen Livestream eingerichtet: http://t.co/qNiavfMIMe #Germanwings #4U9525", "type": "lower_reply"}, {"index": 15, "attribution": 0.0200224407017231, "tweet_id": 580354234404773888, "text": "Laut #dpa haben deutsche Beh\u00f6rden bisher KEINE Hinweise auf einen m\u00f6glichen terroristischen Anschlag. #Germanwings #4U9525", "type": "lower_reply"}, {"index": 18, "attribution": 0.017654402181506157, "tweet_id": 580331405701455873, "text": "@welt Ich glaube, dass dort und bei Germanwings zu viel Anfragen auf einmal eintreffen. Vielleicht sind die Websites \u00fcberlastet.", "type": "lower_reply"}, {"index": 8, "attribution": 0.01704430766403675, "tweet_id": 580352552421605376, "text": "#Germanwings y #Lufthansa cambian fotos de perfil tras accidente #4U9525 v\u00eda @welt  http://t.co/vo5Ti0Mtid\u201d", "type": "lower_reply"}, {"index": 10, "attribution": 0.010863314382731915, "tweet_id": 580331358934941696, "text": "@welt DUS hat alle Websites auf Dark Sites umgestellt.", "type": "lower_reply"}, {"index": 13, "attribution": 0.009510963223874569, "tweet_id": 580351474716151808, "text": "@welt mein tiefes mitgefuehl an die angehoerigen der Opfer :-(   @jjngm http://t.co/cjVOnQ2Oq5", "type": "lower_reply"}, {"index": 19, "attribution": 0.007988288067281246, "tweet_id": 580337649015222272, "text": "Sprecher des frz. Innenministerium sagte @AP: Die Unfallstelle liegt auf 2000m H\u00f6he. #4U9525 #germanwings", "type": "lower_reply"}, {"index": 6, "attribution": 0.007764102425426245, "tweet_id": 580335619236302848, "text": "Das Flugzeug war eines der ersten #A320. http://t.co/yKH9LDkf6f #germanwings #4U9525", "type": "lower_reply"}, {"index": 2, "attribution": 0.0030101363081485033, "tweet_id": 580330645429338112, "text": "Die Webseite des D\u00fcsseldorfer Flughafens ist ebenfalls zur Zeit nicht erreichbar. http://t.co/QsjX98KdjB", "type": "lower_reply"}, {"index": 16, "attribution": -0.001387726399116218, "tweet_id": 580328442132074496, "text": "Die @Germanwings-Website ist im Moment nicht mehr erreichbar.", "type": "lower_reply"}, {"index": 3, "attribution": -0.001601182040758431, "tweet_id": 580336313397862400, "text": ".@Lufthansa_DE-Sprecher: Dies ist ein schwarzer Tag.\n#germanwings ist die Tochterairline der #Lufthansa. #4U9525", "type": "lower_reply"}, {"index": 22, "attribution": -0.003026567166671157, "tweet_id": 580336107247824896, "text": "@welt DUS hat eine Hotline f\u00fcr Angeh\u00f6rige. http://t.co/KWAsXbqdSh", "type": "lower_reply"}, {"index": 1, "attribution": -0.003439747029915452, "tweet_id": 580355245865304064, "text": "@welt same incident as occurs on #LH1829 blocked AOA probes, computer Nose Down maneuver.pilots #4U9525 enough time/room to shut it down?", "type": "lower_reply"}, {"index": 20, "attribution": -0.0035673531237989664, "tweet_id": 580345698912243712, "text": "Jetzt gibt es auch auf Twitter eine offizielle Best\u00e4tigung von @germanwings: https://t.co/6n2ilSoXYz #Germanwings #4U9525", "type": "lower_reply"}, {"index": 7, "attribution": -0.007866084575653076, "tweet_id": 580330305325789184, "text": "Hollande: Der Unfallort ist besonders schwer zug\u00e4nglich. #germanwings #4U9525", "type": "lower_reply"}, {"index": 11, "attribution": -0.013235448859632015, "tweet_id": 580331206539132928, "text": "@welt darum besonders intelligent, darauf zu verlinken, und den Traffic noch zu erh\u00f6hen. @CarFreiTag", "type": "lower_reply"}, {"index": 12, "attribution": -0.017754999920725822, "tweet_id": 580336850486849536, "text": "#Steinmeier zu Absturz der #germanwings-Maschine: Schreckliche Nachricht. Krisenstab+Krisenhotline unter 030 5000 3000 eingerichtet. #4U9525", "type": "lower_reply"}, {"index": 21, "attribution": -0.019540725275874138, "tweet_id": 580345303922044928, "text": "Die Unfallstelle sei f\u00fcr Bodenfahrzeuge unzug\u00e4nglich, vermeldet @AFP. #Germanwings #4U9525", "type": "lower_reply"}, {"index": 17, "attribution": -0.020370611920952797, "tweet_id": 580329755205042177, "text": "Frankreichs Pr\u00e4sident Hollande spricht von mehreren deutschen Opfern. #germanwings", "type": "lower_reply"}, {"index": 4, "attribution": -0.06132840737700462, "tweet_id": 580332116837318656, "text": ".@fhollande: \"Ich m\u00f6chte meine uneingeschr\u00e4nkte Solidarit\u00e4t mit den Familien der Opfer des Ungl\u00fccks ausdr\u00fccken.\" #Germanwings #4U9525", "type": "lower_reply"}, {"index": 5, "attribution": -0.07664548605680466, "tweet_id": 580351750177230849, "text": "Bundeskanzlerin Merkel hat ihre Termine abgesagt. F\u00fcr 14:30 Uhr ist eine Pressekonferenz angek\u00fcndigt. #Germanwings #4U9525", "type": "lower_reply"}]}