{"thread_id": "580320945740480512", "gold_label": 0, "predicted_label": 0, "tweet_attributions": [{"index": 0, "attribution": 0.26830771565437317, "tweet_id": 580320945740480512, "text": "#BREAKING: A #Germanwings Airbus A320 plane has crashed in southern France, police and aviation officials say.", "type": "source"}, {"index": 3, "attribution": 0.0359993614256382, "tweet_id": 580328190909935617, "text": "Shit... \u201c@abcnews: #BREAKING: A #Germanwings Airbus A320 plane has crashed in southern France, police and aviation officials say.\u201d", "type": "direct_reply"}, {"index": 4, "attribution": 0.025720475241541862, "tweet_id": 580334408571301889, "text": "@abcnews No indication of survivors?", "type": "direct_reply"}, {"index": 1, "attribution": 0.0253911092877388, "tweet_id": 580337682687139840, "text": "@abcnews @SimmoneJM \ud83d\ude22", "type": "direct_reply"}, {"index": 8, "attribution": 0.01945773884654045, "tweet_id": 580344331913031680, "text": "@abcnews @SimmoneJM Mein Mitgef\u00fchl geh\u00f6rt den Opfern und deren Angeh\u00f6rigen. Ich bin geschockt und traurig. :(", "type": "direct_reply"}, {"index": 5, "attribution": 0.01675899513065815, "tweet_id": 580321677080334336, "text": "@abcnews not good!!!!!", "type": "direct_reply"}, {"index": 7, "attribution": 0.014704775996506214, "tweet_id": 580356125213749248, "text": "@abcnewsSydney @abcnews sad sad news!", "type": "direct_reply"}, {"index": 2, "attribution": 0.011647279374301434, "tweet_id": 580321595660451841, "text": "No, no, no. :( ~ RT @abcnews: #BREAKING: A #Germanwings Airbus A320 plane has crashed in southern France, police and aviation officials say.", "type": "direct_reply"}, {"index": 6, "attribution": 0.009370728395879269, "tweet_id": 580321916067524608, "text": "@abcnews oh no!", "type": "direct_reply"}]}