{"thread_id": "580322927679279105", "gold_label": 0, "predicted_label": 0, "tweet_attributions": [{"index": 0, "attribution": 0.5388463735580444, "tweet_id": 580322927679279105, "text": "BREAKING: German air traffic control confirms to NBC NEws that a Germanwings flight has crashed in France. http://t.co/QbF4sKLTCX", "type": "source"}, {"index": 11, "attribution": 0.16575820744037628, "tweet_id": 580326215552253952, "text": "BREAKING: French President Hollande says no survivors expected from plane crash. http://t.co/QbF4sKLTCX", "type": "direct_reply"}, {"index": 20, "attribution": 0.0693780928850174, "tweet_id": 580329894418116608, "text": "\ud83d\ude22 \u201c@CNBCnow: BREAKING: French President Hollande says no survivors expected from plane crash. http://t.co/jNpl7Uq1dT\u201d", "type": "lower_reply"}, {"index": 2, "attribution": 0.05601285770535469, "tweet_id": 580333472549617664, "text": "France's Interior Ministry says debris located in Alpine jet crash at 2,000 meters altitude. http://t.co/QbF4sKLTCX", "type": "lower_reply"}, {"index": 18, "attribution": 0.04513533413410187, "tweet_id": 580391340976041985, "text": "@cnbcnow ,it's very sad for acountry to experince such situation at this time,lets join hand together for prayers.", "type": "direct_reply"}, {"index": 8, "attribution": 0.03771698847413063, "tweet_id": 580493675681173505, "text": "@CNBCnow  Prayers for all....", "type": "direct_reply"}, {"index": 7, "attribution": 0.030293069779872894, "tweet_id": 580484174857003008, "text": "@CNBCnow So sad. Such a tragedy. 2 babies and 16 high school students....:( God help and strengthen all the families", "type": "direct_reply"}, {"index": 17, "attribution": 0.02709910087287426, "tweet_id": 580471717413429248, "text": "@CNBCnow tragic may they rest in peace and my condolences to there love ones.\ud83d\ude22@wrosarion", "type": "direct_reply"}, {"index": 5, "attribution": 0.024133721366524696, "tweet_id": 580420693743009792, "text": "@CNBCnow Possible explanation? #incapacitated #aerotoxic http://t.co/lc8B2vIsx0", "type": "direct_reply"}, {"index": 15, "attribution": 0.020081710070371628, "tweet_id": 580504915560275970, "text": "@CNBCnow i think is all fan of Real Madrid  and Barcelona", "type": "direct_reply"}, {"index": 14, "attribution": 0.01617717556655407, "tweet_id": 580436587017859072, "text": "@CNBCnow terible http://t.co/DqKqs3e7OQ", "type": "direct_reply"}, {"index": 3, "attribution": 0.010545060969889164, "tweet_id": 580336741158014977, "text": "@CNBCnow @CNBC sad when debris field is found", "type": "lower_reply"}, {"index": 4, "attribution": -0.003343983320519328, "tweet_id": 580426664729034752, "text": "@CNBCnow damn", "type": "direct_reply"}, {"index": 9, "attribution": -0.0042171478271484375, "tweet_id": 580341898402877440, "text": "@CNBCnow @CNBC \nWhy is Joe Keenan such an asshole.\nHis knowledge is dangerously biased. Get him off the air...", "type": "direct_reply"}, {"index": 10, "attribution": -0.015969423577189445, "tweet_id": 580337694531842049, "text": "airport 2015///@CNBCnow @CNBC", "type": "lower_reply"}, {"index": 13, "attribution": -0.016319405287504196, "tweet_id": 580790762662715392, "text": "@dreamcatcher5 @CNBCnow  the next 60 second it's just a test! Tune in", "type": "lower_reply"}, {"index": 19, "attribution": -0.02337806671857834, "tweet_id": 580508379489128448, "text": "@CNBCnow @HaroldWNelson has anyone else noticed that these crashes always coincide with news the rw wants to distract the media/public from", "type": "direct_reply"}, {"index": 16, "attribution": -0.024787662550807, "tweet_id": 580522272169070592, "text": "@CNBCnow Here we go again I knew this happy was 2 good 2 be true.", "type": "direct_reply"}, {"index": 6, "attribution": -0.05662382021546364, "tweet_id": 580790566012616704, "text": "@CNBCnow @Siestoylista MSM is portraying their lack of communications normal in emergency situation which is \"SO\" wrong...and curious", "type": "direct_reply"}, {"index": 12, "attribution": -0.11425957828760147, "tweet_id": 580711206706634752, "text": "@CNBCnow So sad for the 83 humans who dies there!!!\nBUT...who cares about that there are 67 UKRA-NAZI-SUPPORTING human-imitates left today??", "type": "direct_reply"}, {"index": 1, "attribution": -0.4281754791736603, "tweet_id": 580790365663338496, "text": "@CNBCnow @Siestoylista As someone that worked in communications in the AF I assure everyone 8 minutes is long enough to issue Mayday, so wth", "type": "direct_reply"}]}