{"thread_id": "580324027715063808", "gold_label": 0, "predicted_label": 0, "tweet_attributions": [{"index": 0, "attribution": 0.3248004615306854, "tweet_id": 580324027715063808, "text": "JUST IN: Germanwings plane crashes in southern France, up to 150 feared dead http://t.co/GIZjXnqBU3", "type": "source"}, {"index": 2, "attribution": 0.026169084012508392, "tweet_id": 580333435287265280, "text": "\ud83d\ude2b \u201c@ChannelNewsAsia: JUST IN: Germanwings plane crashes in southern France, up to 150 feared dead http://t.co/LpeMjw3zZM\u201d", "type": "direct_reply"}, {"index": 1, "attribution": 0.007853136397898197, "tweet_id": 580344945610870785, "text": "\u201c@ChannelNewsAsia: JUST IN: Germanwings plane crashes in southern France, up to 150 feared dead http://t.co/86ZxkpdwIr\u201d \ud83d\ude1f", "type": "direct_reply"}, {"index": 3, "attribution": 0.0060585420578718185, "tweet_id": 580327894674579456, "text": "\u201c@ChannelNewsAsia: JUST IN: Germanwings plane crashes in southern France, up to 150 feared dead http://t.co/LpjqHLW66c\u201d sigh airbus.", "type": "direct_reply"}]}