{"thread_id": "580320890086383616", "gold_label": 0, "predicted_label": 1, "tweet_attributions": [{"index": 9, "attribution": 0.1965811848640442, "tweet_id": 580326213761282049, "text": "@Steve_Gwen \ud83d\ude02\ud83d\ude02 look at my RTs", "type": "lower_reply"}, {"index": 14, "attribution": 0.16923730075359344, "tweet_id": 580342629910626304, "text": "@JulieB_LFC It went down fairly rapidly...", "type": "lower_reply"}, {"index": 5, "attribution": 0.15485380589962006, "tweet_id": 580343434222936065, "text": "@JulieB_LFC it all seems very odd, must of had a masive drop in pressure, they would have to get bellow 10000 ft to breathe.", "type": "lower_reply"}, {"index": 19, "attribution": 0.1318894326686859, "tweet_id": 580342747346964480, "text": "@tuggysts11 yeah seen that.. Apparently there wasn't time for a sqwak to be sent it happened that fast", "type": "lower_reply"}, {"index": 26, "attribution": 0.13157948851585388, "tweet_id": 580331482767589376, "text": "@JulieB_LFC sky news are covering it.", "type": "lower_reply"}, {"index": 1, "attribution": 0.12909911572933197, "tweet_id": 580335905191366656, "text": "@Steve_Gwen just home", "type": "lower_reply"}, {"index": 7, "attribution": 0.11534342914819717, "tweet_id": 580344221091147776, "text": "@Steve_Gwen says there was a sudden loss of altitude and the plane might Id stalked even tho it's rare for that plane.. It's mad", "type": "lower_reply"}, {"index": 23, "attribution": 0.08755139261484146, "tweet_id": 580353809819521024, "text": "@JulieB_LFC it dropped 5000ft per minute airline press conference at two.", "type": "lower_reply"}, {"index": 27, "attribution": 0.0803307369351387, "tweet_id": 580327551991721984, "text": "@Steve_Gwen \ud83d\ude02\ud83d\ude02", "type": "lower_reply"}, {"index": 17, "attribution": 0.07731472700834274, "tweet_id": 580325983644983296, "text": "@JulieB_LFC Well you best hurry, how am o supposed to discuss planes with you lol.", "type": "lower_reply"}, {"index": 8, "attribution": 0.07598146051168442, "tweet_id": 580324186960347137, "text": "@Steve_Gwen 180 on board just checking accounts now", "type": "lower_reply"}, {"index": 13, "attribution": 0.06821727752685547, "tweet_id": 580325572607393793, "text": "@JulieB_LFC French president recons they are all dead.", "type": "lower_reply"}, {"index": 10, "attribution": 0.06523899734020233, "tweet_id": 580340089223528448, "text": "@tuggysts11 very.. No survivors", "type": "lower_reply"}, {"index": 12, "attribution": 0.06329715996980667, "tweet_id": 580324033213890560, "text": "@JulieB_LFC  Think it was near a french village", "type": "lower_reply"}, {"index": 20, "attribution": 0.050833288580179214, "tweet_id": 580342571093893120, "text": "@Steve_Gwen apparently it happened that fast there wasn't time for a squawk to be sent ..", "type": "lower_reply"}, {"index": 6, "attribution": 0.04835931584239006, "tweet_id": 580323016162172928, "text": "\u201c@planefinder: Reports of a plane crash near the French Alps,GermanWings A320 http://t.co/ck9vxtZznK http://t.co/0vd82EaZPJ\u201d @cruevertonian", "type": "direct_reply"}, {"index": 11, "attribution": 0.045619312673807144, "tweet_id": 580325244185022464, "text": "@Steve_Gwen im not at home so not sure be hone soon I'll check sky", "type": "lower_reply"}, {"index": 4, "attribution": 0.036679502576589584, "tweet_id": 580342295247060992, "text": "@JulieB_LFC those poor people.", "type": "lower_reply"}, {"index": 15, "attribution": 0.036218367516994476, "tweet_id": 580346044174753793, "text": "@JulieB_LFC yes it's been a bad year, they are safe planes too.", "type": "lower_reply"}, {"index": 29, "attribution": 0.03056281991302967, "tweet_id": 580339630563790848, "text": "@JulieB_LFC Sad news....", "type": "lower_reply"}, {"index": 22, "attribution": 0.025722362101078033, "tweet_id": 580328377246183424, "text": "@JulieB_LFC Came down fast from 38000 ft my god wonder what caused it...", "type": "lower_reply"}, {"index": 24, "attribution": 0.0203606765717268, "tweet_id": 580326090163523584, "text": "@cruevertonian jesus..U see how fast it went down?", "type": "lower_reply"}, {"index": 28, "attribution": 0.018037913367152214, "tweet_id": 580343159781232640, "text": "@JulieB_LFC They'll no doubt find the black box and hopefully find out the cause.....", "type": "lower_reply"}, {"index": 2, "attribution": 0.01567251607775688, "tweet_id": 580353916606496768, "text": "@Steve_Gwen just tweeted that haha snap", "type": "lower_reply"}, {"index": 0, "attribution": 0.0108764274045825, "tweet_id": 580320890086383616, "text": "Reports of a plane crash near the French Alps, a GermanWings A320 http://t.co/WDso9Euyhp http://t.co/mpNENahmaW", "type": "source"}, {"index": 18, "attribution": 0.004383265972137451, "tweet_id": 580325037472890880, "text": "@JulieB_LFC is it on the news?", "type": "lower_reply"}, {"index": 25, "attribution": 0.00312978308647871, "tweet_id": 580345105707593728, "text": "@JulieB_LFC yeah I know, they did manage a mayday, but they said it plummeted.", "type": "lower_reply"}, {"index": 16, "attribution": -0.0043035149574279785, "tweet_id": 580345407668109312, "text": "@Steve_Gwen it's crazy.. Too many air crashes these days", "type": "lower_reply"}, {"index": 21, "attribution": -0.005833109375089407, "tweet_id": 580326584068018176, "text": "@JulieB_LFC ok but shouldn't we go for dinner first lol", "type": "lower_reply"}, {"index": 3, "attribution": -0.06257264316082001, "tweet_id": 580327524229599232, "text": "@cruevertonian I'll be home soon I'll check sky news", "type": "lower_reply"}]}