{"thread_id": "580323815261016064", "gold_label": 1, "predicted_label": 0, "tweet_attributions": [{"index": 0, "attribution": 0.29430627822875977, "tweet_id": 580323815261016064, "text": "\"The pilot did send an SOS message saying the plane was in distress.\" -@BillNeelyNBC reporting on #germanwings plane crash.", "type": "source"}, {"index": 2, "attribution": 0.02983362041413784, "tweet_id": 580334970448707584, "text": "@TODAYshow @BillNeelyNBC BREAKING - Germanwings plane crashes in France, up to 150 believed dead\nhttp://t.co/HWyOPGobie", "type": "direct_reply"}, {"index": 1, "attribution": 0.022547146305441856, "tweet_id": 580324161567920128, "text": "RT @TODAYshow: \"The pilot did send an SOS message saying the plane was in distress.\" -@BillNeelyNBC reporting on #germanwings plane crash.", "type": "direct_reply"}, {"index": 3, "attribution": 0.010815347544848919, "tweet_id": 580366636814708736, "text": "\u201c@TODAYshow: \"The pilot did send an SOS message saying the plane was in distress.\" -@BillNeelyNBC reporting on #germanwings plane crash.\u201d", "type": "direct_reply"}]}