{"thread_id": "580326871302316033", "gold_label": 0, "predicted_label": 0, "tweet_attributions": [{"index": 0, "attribution": 0.320069819688797, "tweet_id": 580326871302316033, "text": "IMAGE: .@flightradar24 altitude &amp; speed chart of #4U9525. Aircraft entered a steep but constant descent. http://t.co/MoG0h2Dvaq", "type": "source"}, {"index": 1, "attribution": 0.025678882375359535, "tweet_id": 580332484786806784, "text": "Xoca contra muntanya. Rar. \u201c@rConflictNews: IMAGE: .@flightradar24 Aircraft entered a steep but constant descent. http://t.co/Ht5kXFUUuE\u201d", "type": "direct_reply"}, {"index": 2, "attribution": -0.009584554471075535, "tweet_id": 580343636107374592, "text": "@rConflictNews @rinmor @flightradar24 \nWell it would seem the plane had enough air velocity over wings to manage a glide.", "type": "direct_reply"}]}