{"thread_id": "580347290633838592", "gold_label": 1, "predicted_label": 0, "tweet_attributions": [{"index": 0, "attribution": 0.3484881818294525, "tweet_id": 580347290633838592, "text": "UPDATE: Germanwings says 144 passengers and 6 crew members were aboard the jet that crashed in France. http://t.co/QbF4sKLTCX", "type": "source"}, {"index": 1, "attribution": 0.018680375069379807, "tweet_id": 580753145162137600, "text": "@CNBCnow @erikdurmm @nicolesrichie @delenasanarchy", "type": "direct_reply"}, {"index": 2, "attribution": -0.028469080105423927, "tweet_id": 580350610609823744, "text": "@CNBCnow @CNBC quite unfortunate ,we join with the  affected people and families and pray for them", "type": "direct_reply"}]}