{"thread_id": "580321169271877632", "gold_label": 2, "predicted_label": 0, "tweet_attributions": [{"index": 0, "attribution": 0.31832167506217957, "tweet_id": 580321169271877632, "text": "BREAKING - A320, owned by Lufthansa affiliate GermanWings was travelling between Barcelona and Dusseldorf when it went down in French Alps", "type": "source"}, {"index": 1, "attribution": 0.022242216393351555, "tweet_id": 580322012247248896, "text": "@skymarkwhite @KayBurley This aircraft was in London only 2 days ago LHR-DUS Flight 4U9465", "type": "direct_reply"}]}