{"thread_id": "580331000573476865", "gold_label": 1, "predicted_label": 0, "tweet_attributions": [{"index": 0, "attribution": 0.3375457227230072, "tweet_id": 580331000573476865, "text": "My heart goes out to the victims of GermanWings crashed near Marseille, France. 142 passengers, 6crew all feared dead http://t.co/8HbQacJ3id", "type": "source"}, {"index": 1, "attribution": 0.049344662576913834, "tweet_id": 580333314168397824, "text": "@Baekyeoliee BREAKING - Germanwings plane crashes in France, up to 150 believed dead\nhttp://t.co/HWyOPGobie", "type": "direct_reply"}, {"index": 2, "attribution": 0.0225070808082819, "tweet_id": 580363231312506880, "text": "@Baekyeoliee @precious_luhan when it happen?", "type": "direct_reply"}]}