{"thread_id": "580370249712697344", "gold_label": 0, "predicted_label": 0, "tweet_attributions": [{"index": 0, "attribution": 0.3248605728149414, "tweet_id": 580370249712697344, "text": "A #Germanwings spokesman confirms two babies were among those on board a flight which crashed in the French Alps http://t.co/npoy1K5Huo", "type": "source"}, {"index": 3, "attribution": 0.030897891148924828, "tweet_id": 580379181109899265, "text": "@SkyNews heart breaking", "type": "direct_reply"}, {"index": 1, "attribution": 0.01807844452559948, "tweet_id": 580371861252489216, "text": "@SkyNews \ud83d\ude29", "type": "direct_reply"}, {"index": 4, "attribution": 0.010385961271822453, "tweet_id": 580370623425331200, "text": "@SkyNews awwwww :(", "type": "direct_reply"}, {"index": 6, "attribution": 0.0009362828568555415, "tweet_id": 580373168168140800, "text": "@SkyNews yet another Airbus crash? These planes are not fit to be in the air!", "type": "direct_reply"}, {"index": 2, "attribution": -0.0008677912410348654, "tweet_id": 580370649883021312, "text": "@SkyNews so sad \ud83d\ude1f\ud83d\ude1f", "type": "direct_reply"}, {"index": 5, "attribution": -0.01319962739944458, "tweet_id": 580373657849069568, "text": "@SkyNews so sad rip", "type": "direct_reply"}]}