{"thread_id": "580330740086243328", "gold_label": 0, "predicted_label": 0, "tweet_attributions": [{"index": 0, "attribution": 0.34980061650276184, "tweet_id": 580330740086243328, "text": "The French president has said he believed none of the 148 people on board #Germanwings flight #4U9525 plane survived http://t.co/KC9NBcEzSV", "type": "source"}, {"index": 5, "attribution": 0.0381678007543087, "tweet_id": 580350402664615937, "text": "@abcnews http://t.co/ezqDfe9ZOK", "type": "direct_reply"}, {"index": 3, "attribution": 0.028962494805455208, "tweet_id": 580333363807956992, "text": "@abcnews BREAKING - Germanwings plane crashes in France, up to 150 believed dead\nhttp://t.co/HWyOPGobie", "type": "direct_reply"}, {"index": 1, "attribution": 0.02177395485341549, "tweet_id": 580335149423955968, "text": "@abcnews wow France is having a shocker of a year", "type": "direct_reply"}, {"index": 2, "attribution": 0.008242448791861534, "tweet_id": 580351795156774913, "text": "@abcnews 20 000 people march all over Australia to stop closing aboriginal communities and where were all media and you ABC?? Sleeping......", "type": "direct_reply"}, {"index": 4, "attribution": -0.04909753426909447, "tweet_id": 580333611653591040, "text": "@abcnews Sad news \ud83d\ude14 may they all rest in peace. Thoughts and prayers for the families of all the deceased. #Germanwings #4U925", "type": "direct_reply"}]}