{"thread_id": "580333904126742528", "gold_label": 1, "predicted_label": 0, "tweet_attributions": [{"index": 0, "attribution": 0.3695697784423828, "tweet_id": 580333904126742528, "text": "148 people feared dead after Germanwings Airbus crash in France: http://t.co/uuK7F3uSVP http://t.co/Y7e55cwW7B", "type": "source"}, {"index": 10, "attribution": 0.05492890253663063, "tweet_id": 580339755050631168, "text": "@Reuters CC @biginberson", "type": "direct_reply"}, {"index": 17, "attribution": 0.0465577207505703, "tweet_id": 580341618080944128, "text": "@dennismaingo95 @Reuters may God explain why he let it happen.", "type": "lower_reply"}, {"index": 12, "attribution": 0.03715300187468529, "tweet_id": 580334719176466432, "text": "\u201c@Reuters: 148 people feared dead after Germanwings Airbus crash in France: http://t.co/5vmgbwAqLD http://t.co/2BELm3NdS8\u201d", "type": "direct_reply"}, {"index": 5, "attribution": 0.03209193795919418, "tweet_id": 580343073940512769, "text": "\u201c@Reuters: 148 people feared dead after Germanwings Airbus crash in France: http://t.co/pAZlcFPGa4 http://t.co/3SkuOFdoxu\u201d terrible news.", "type": "direct_reply"}, {"index": 7, "attribution": 0.02825065888464451, "tweet_id": 580336459619545089, "text": "@Reuters BRAHMINOLGY -  FATHER OF MODERN REFORM BRAHMANISM IS SRI RODDAM ANANDA VASISTA", "type": "direct_reply"}, {"index": 13, "attribution": 0.020315606147050858, "tweet_id": 580336660488986624, "text": "148 people feared dead after Germanwings Airbus crash in France: http://t.co/Ot2Zc4MQH9 http://t.co/U3zy7T9wvD @Reuters", "type": "direct_reply"}, {"index": 14, "attribution": 0.018095094710588455, "tweet_id": 580335815273922560, "text": "@Reuters Not a very nice news at all to start the day with at this end of the planet. I am so sorry for the victims.", "type": "direct_reply"}, {"index": 6, "attribution": 0.016026316210627556, "tweet_id": 580338785776332800, "text": "@Reuters terribly sad for their families.", "type": "direct_reply"}, {"index": 18, "attribution": 0.006849868223071098, "tweet_id": 580341546035257345, "text": "\u201c@Reuters: 148 people feared dead after Germanwings Airbus crash in France: http://t.co/zkBKORnOk4 http://t.co/yRaz0mvk7q\u201d oh no!", "type": "direct_reply"}, {"index": 1, "attribution": 0.003152143443003297, "tweet_id": 580336203259457536, "text": "\ud83d\ude22\ud83d\ude22 \u201c@Reuters: 148 people feared dead after Germanwings Airbus crash in France: http://t.co/x4lk7tfexU http://t.co/1tHUjK9vkC\u201d", "type": "direct_reply"}, {"index": 3, "attribution": 0.00011072516645072028, "tweet_id": 580336359002390528, "text": "148 people feared dead after Germanwings Airbus crash in France | @Reuters\n\nhttp://t.co/LnvWSc11Qw", "type": "direct_reply"}, {"index": 2, "attribution": -0.0092944810166955, "tweet_id": 580340240952463360, "text": "Lamentable: \u201c@Reuters: 148 people feared dead after Germanwings Airbus crash in France\"", "type": "direct_reply"}, {"index": 15, "attribution": -0.010108346119523048, "tweet_id": 580347053508833280, "text": "Tragic news: \u201c@Reuters: 148 people feared dead after Germanwings Airbus crash in France: http://t.co/sHwRBwT3do http://t.co/dww80HWcJC\u201d", "type": "direct_reply"}, {"index": 4, "attribution": -0.01626427099108696, "tweet_id": 580335056029265920, "text": "@Reuters very sad. may their souls RIP", "type": "direct_reply"}, {"index": 11, "attribution": -0.01698438450694084, "tweet_id": 580334797177815040, "text": "\u201c@Reuters: 148 people feared dead after Germanwings Airbus crash in France: http://t.co/qLDmYjqfnw http://t.co/dtWbLFe7Wd\u201d", "type": "direct_reply"}, {"index": 8, "attribution": -0.017353804782032967, "tweet_id": 580342427573174273, "text": "Sad day in Travel News. RT: @Reuters 148 people feared dead after Germanwings Airbus crash in France: http://t.co/omvYdmzawV", "type": "direct_reply"}, {"index": 9, "attribution": -0.02649427205324173, "tweet_id": 580334387050340352, "text": "@Reuters Prayers sent .", "type": "direct_reply"}, {"index": 16, "attribution": -0.13933612406253815, "tweet_id": 580335372854542336, "text": "@Reuters may God comfort all relatves of the loved ones!", "type": "direct_reply"}]}