{"thread_id": "580366761398239232", "gold_label": 0, "predicted_label": 0, "tweet_attributions": [{"index": 0, "attribution": 0.2965545952320099, "tweet_id": 580366761398239232, "text": "Germanwings Airbus A320 plane crash: Two babies and 16 children among 150 dead http://t.co/UGlaM0vpoK http://t.co/9yCcn7Hzz8", "type": "source"}, {"index": 3, "attribution": 0.030159031972289085, "tweet_id": 580367666646511616, "text": "@DailyMirror My heart goes out to all those who've lost loved ones.", "type": "direct_reply"}, {"index": 1, "attribution": 0.02448304556310177, "tweet_id": 580491261435637760, "text": "@DailyMirror #RIP \ud83d\ude14\ud83c\udf39", "type": "direct_reply"}, {"index": 2, "attribution": 0.006677136290818453, "tweet_id": 580378993779703808, "text": "\ud83d\ude25\ud83d\ude25\ud83d\ude25 \u201c@DailyMirror: Germanwings Airbus A320 plane crash: Two babies and 16 children among 150 dead http://t.co/bQPToKxM94\u201d", "type": "direct_reply"}]}