{"thread_id": "580325714567806976", "gold_label": 0, "predicted_label": 0, "tweet_attributions": [{"index": 0, "attribution": 0.29874247312545776, "tweet_id": 580325714567806976, "text": "French President Hollande says that he expects there to be \"no survivors\" in the Germanwings plane crash. 148 passengers reportedly onboard.", "type": "source"}, {"index": 3, "attribution": 0.04913836345076561, "tweet_id": 580327183052210176, "text": "@MichaelSkolnik //sorry to hear that. Our prayers to victims &amp; families", "type": "direct_reply"}, {"index": 1, "attribution": 0.03057279624044895, "tweet_id": 580326543643140096, "text": "@MichaelSkolnik Oh no. #prayers \ud83d\ude4f", "type": "direct_reply"}, {"index": 2, "attribution": -0.012994975782930851, "tweet_id": 580340788262998016, "text": "@MichaelSkolnik the last 10 minutes had a steady directional decent of about 3000 ft per minute. Strange! Pilots may have tried to land", "type": "direct_reply"}]}