{"thread_id": "580350426278719488", "gold_label": 2, "predicted_label": 1, "tweet_attributions": [{"index": 5, "attribution": 0.23954437673091888, "tweet_id": 580368589783363584, "text": "@ziadjouharji @lufthansa \n\n\u064a\u0627\u062f\u064a\u0627\u062f \u0641\u062f\u064a\u062a \u0642\u0644\u0628\u0643 \n\u0641\u064a\u0647\u0627 \u0639\u0631\u0628 \u0627\u0648 \u0643\u0644 \u0627\u0644\u0636\u062d\u0627\u064a\u0627 \u0627\u062c\u0627\u0646\u0628", "type": "lower_reply"}, {"index": 14, "attribution": 0.11786189675331116, "tweet_id": 580368905371176960, "text": "@sss55aaa https://t.co/d9jCDla0W1", "type": "lower_reply"}, {"index": 1, "attribution": 0.09979613870382309, "tweet_id": 580364678255120384, "text": "\u0627\u0644\u0637\u0627\u0626\u0631\u0629 \u0627\u0644\u0645\u0646\u0643\u0648\u0628\u0629 \u062a\u062a\u0628\u0639 \u0644\u062e\u0637\u0648\u0637 \u0644\u0648\u0641\u062a\u0627\u0646\u0632\u0627\n\n@lufthansa http://t.co/IQhUS8FSdH", "type": "direct_reply"}, {"index": 8, "attribution": 0.048642273992300034, "tweet_id": 580392293657550848, "text": "@lufthansa Now I feel great sorrow with this accident.", "type": "direct_reply"}, {"index": 2, "attribution": 0.04051089286804199, "tweet_id": 580351551925022720, "text": "@lufthansa R.I.P.", "type": "direct_reply"}, {"index": 15, "attribution": 0.03773743286728859, "tweet_id": 580359289249759233, "text": "@Lufthansa My thoughts are with families, friends, and colleagues who have lost loved ones on the #A320 #GermanWings flight.", "type": "direct_reply"}, {"index": 12, "attribution": 0.034920576959848404, "tweet_id": 580370428918558721, "text": "@lufthansa @germanwings \u30b2\u30eb\u30de\u30f3\u30a6\u30a3\u30f3\u30b0\u30b9\u822a\u7a7a\u89aa\u4f1a\u793e\u306e\u30eb\u30d5\u30c8\u30cf\u30f3\u30b6\u516c\u5f0f\u30a2\u30ab\u30a6\u30f3\u30c8\u3001\u30a2\u30eb\u30d7\u30b9\u5c71\u4e2d\u306b\u589c\u843d\u3057\u305f\u30a8\u30a2\u30d0\u30b9A320\u306e4U 9525\u4fbf\u306b\u4e57\u5ba2144\u540d\u4e57\u54e16\u540d\u306e\u8a08150\u540d\u304c\u642d\u4e57\u3057\u3066\u3044\u305f\u3053\u3068\u3092\u78ba\u8a8d\u3002\u5b89\u5426\u78ba\u8a8d\u7528\u306e\u30db\u30c3\u30c8\u30e9\u30a4\u30f3\u3092\u8a2d\u7f6e\u3057\u305f\u3068\u30c4\u30a4\u30fc\u30c8\u3002", "type": "direct_reply"}, {"index": 4, "attribution": 0.01776728220283985, "tweet_id": 580357053039820800, "text": "@lufthansa @germanwings need the passangers name in flight 4U 9525 .. please  can you release it.. i cant open germanwings official website", "type": "direct_reply"}, {"index": 7, "attribution": 0.013286634348332882, "tweet_id": 580350828596330497, "text": "@lufthansa Sad news, thoughts to all involved...", "type": "direct_reply"}, {"index": 6, "attribution": 0.013065948151051998, "tweet_id": 580362639127285760, "text": "@lufthansa Bad News! My condolences to the sufferer.", "type": "direct_reply"}, {"index": 3, "attribution": 0.010174661874771118, "tweet_id": 580361074945331201, "text": "@lufthansa deepest condolence", "type": "direct_reply"}, {"index": 9, "attribution": -0.008348108269274235, "tweet_id": 580350694969909248, "text": "@lufthansa My condolences to the families on the passengers and the crew.", "type": "direct_reply"}, {"index": 11, "attribution": -0.013501230627298355, "tweet_id": 580368177428865024, "text": "My thoughts and prayers go out to all those affected by this sad and tragic loss ~ Psychologist Milan @lufthansa #Germanwings", "type": "direct_reply"}, {"index": 13, "attribution": -0.013830389827489853, "tweet_id": 580350733435985920, "text": "RT @lufthansa We must confirm to our deepest regret that Germanwings Flight 4U 9525 from Barcelona to D\u00fcsseldorf has suffered an accident", "type": "direct_reply"}, {"index": 0, "attribution": -0.01413152739405632, "tweet_id": 580350426278719488, "text": "We must confirm to our deepest regret that Germanwings Flight 4U 9525 from Barcelona to D\u00fcsseldorf has suffered an accident over the 1/5", "type": "source"}, {"index": 16, "attribution": -0.014719139784574509, "tweet_id": 580350981977804800, "text": "@lufthansa mis condolencias a los familiares de la v\u00edctimas del vuelo de @germanwings que las almas descansen en paz y reciban LUZ...", "type": "direct_reply"}, {"index": 10, "attribution": -0.025475768372416496, "tweet_id": 580369579441967106, "text": "@ziadjouharji \u0627\u0644\u0644\u0647 \u064a\u0644\u0637\u0641 \u0628\u0646\u0627 \u0648\u064a\u062d\u0641\u0638\u0646\u0627", "type": "lower_reply"}, {"index": 18, "attribution": -0.02874908410012722, "tweet_id": 580376119628574720, "text": "@lufthansa rip", "type": "direct_reply"}, {"index": 17, "attribution": -0.046686429530382156, "tweet_id": 580350504577863680, "text": "@lufthansa RIP", "type": "direct_reply"}]}