{"thread_id": "580323165068509184", "gold_label": 1, "predicted_label": 1, "tweet_attributions": [{"index": 7, "attribution": 0.3405788838863373, "tweet_id": 580323658897440769, "text": "@DailyMirror sairbonvoiralessairebonvoyages", "type": "direct_reply"}, {"index": 9, "attribution": 0.28357571363449097, "tweet_id": 580323812622884864, "text": "@dailymirror PRAY FOR,THEIR SAFETY.", "type": "direct_reply"}, {"index": 4, "attribution": 0.0755162313580513, "tweet_id": 580327535906414592, "text": "@regeantremblay5 @DailyMirror http://t.co/7h7DYxczTy", "type": "lower_reply"}, {"index": 2, "attribution": 0.06166638061404228, "tweet_id": 580327828606099456, "text": "@punongolibo @DailyMirror plaisirebonnejourn\u00e9e http://t.co/egCy9AkQpV", "type": "lower_reply"}, {"index": 6, "attribution": 0.04555291309952736, "tweet_id": 580327480193462272, "text": "@DailyMirror @PVincent20 http://t.co/7h7DYxczTy", "type": "direct_reply"}, {"index": 5, "attribution": 0.043742258101701736, "tweet_id": 580327508664393729, "text": "@jsblake_uk @DailyMirror http://t.co/7h7DYxczTy", "type": "lower_reply"}, {"index": 1, "attribution": 0.038845714181661606, "tweet_id": 580327564981329920, "text": "@hassan33035664 @DailyMirror http://t.co/7h7DYxczTy", "type": "lower_reply"}, {"index": 3, "attribution": -0.010298521257936954, "tweet_id": 580340837512531968, "text": "@DailyMirror Numbers of people are dylng everyday via plane crash where are Engineers @DailyMirror", "type": "direct_reply"}, {"index": 8, "attribution": -0.02816828526556492, "tweet_id": 580323546586574848, "text": "@DailyMirror http://t.co/wzzW3hiWlQ", "type": "direct_reply"}, {"index": 0, "attribution": -0.12968897819519043, "tweet_id": 580323165068509184, "text": "Germanwings plane crash: Airbus A320 crashes in French Alps with 148 on board -latest updates http://t.co/5K1ZxWqXh0 http://t.co/vzStX3iozK", "type": "source"}]}