{"thread_id": "580320825351471104", "gold_label": 2, "predicted_label": 0, "tweet_attributions": [{"index": 0, "attribution": 0.4005947411060333, "tweet_id": 580320825351471104, "text": "BREAKING NEWS #A320 crashed could be Germanwings flight #4U9525 from Barcelona to Dusseldorf. (140 passengers)", "type": "source"}, {"index": 7, "attribution": 0.05822765454649925, "tweet_id": 580321227815911424, "text": "@SaraTimes are you sure", "type": "direct_reply"}, {"index": 4, "attribution": 0.0349305234849453, "tweet_id": 580475159259308032, "text": "@salmanfariz4 @SaraTimes", "type": "lower_reply"}, {"index": 5, "attribution": 0.03144744038581848, "tweet_id": 580321951421476864, "text": "@SaraTimes really?", "type": "direct_reply"}, {"index": 10, "attribution": 0.01812458224594593, "tweet_id": 580323560830296065, "text": "@SaraTimes good", "type": "direct_reply"}, {"index": 3, "attribution": 0.01743224449455738, "tweet_id": 580385976683368448, "text": "@SaraTimes that's crazy", "type": "direct_reply"}, {"index": 8, "attribution": 0.014758170582354069, "tweet_id": 580320921879089152, "text": "@SaraTimes", "type": "direct_reply"}, {"index": 1, "attribution": 0.011958255432546139, "tweet_id": 580325318717771776, "text": "\u201c@SaraTimes: BREAKING NEWS #A320 crashed could be Germanwings flight #4U9525 from Barcelona to Dusseldorf. (140 passengers)\u201d Heartbreaking", "type": "direct_reply"}, {"index": 9, "attribution": 0.0020464847330003977, "tweet_id": 580320959841730561, "text": "@SaraTimes", "type": "direct_reply"}, {"index": 2, "attribution": -0.027057550847530365, "tweet_id": 580339010092068864, "text": "@SaraTimes It's true unfortunately and no survivors are expected", "type": "direct_reply"}, {"index": 6, "attribution": -0.028500651940703392, "tweet_id": 580326480732925952, "text": "@SaraTimes important to check in #flightradar24", "type": "direct_reply"}]}