{"thread_id": "580326653211074561", "gold_label": 1, "predicted_label": 0, "tweet_attributions": [{"index": 0, "attribution": 0.23278234899044037, "tweet_id": 580326653211074561, "text": "Traurige Nachricht. Ein #Germanwings-Airbus A320 ist in S\u00fcdfrankreich mit 142 Passagieren  abgest\u00fcrzt. http://t.co/qi55sR2zVA", "type": "source"}, {"index": 1, "attribution": 0.017066912725567818, "tweet_id": 580327769864818688, "text": "@sixxTV  Das ist ganz furchtbar was passiert ist und auch f\u00fcr die Angeh\u00f6rigen . Dem spreche ich mein herzliches Beileid aus \ud83d\ude22\ud83d\ude22\ud83d\ude22", "type": "direct_reply"}, {"index": 2, "attribution": -0.01022236980497837, "tweet_id": 580402125978628096, "text": "@sixxTV Ach du Scheisse \ud83d\ude22Mein Beileid an die Angeh\u00f6rigen", "type": "direct_reply"}]}