{"thread_id": "580327692765151232", "gold_label": 2, "predicted_label": 0, "tweet_attributions": [{"index": 0, "attribution": 0.3753238022327423, "tweet_id": 580327692765151232, "text": "Germanwings crash plane 'lost signal at 6,800 feet', flight radar shows http://t.co/AjQxaENYSb http://t.co/cgU1GqKYqK", "type": "source"}, {"index": 2, "attribution": 0.05565028265118599, "tweet_id": 580420543373021185, "text": "@itvnews Possible explanation? #incapacitated #aerotoxic http://t.co/lc8B2vIsx0", "type": "direct_reply"}, {"index": 3, "attribution": 0.031696613878011703, "tweet_id": 580335773943205889, "text": "\u201c@itvnews: Germanwings crash plane 'lost signal at 6,800 feet', flight radar shows http://t.co/AReLIUb7kq http://t.co/JDK05GKwug\u201d", "type": "direct_reply"}, {"index": 1, "attribution": -0.006413096562027931, "tweet_id": 580328049440395264, "text": "@itvnews that's not high for that amount of airtime plans quickly climb pass 6,000 feet within a few minutes normally.", "type": "direct_reply"}]}