{"thread_id": "580322732669288448", "gold_label": 2, "predicted_label": 0, "tweet_attributions": [{"index": 0, "attribution": 0.2858220934867859, "tweet_id": 580322732669288448, "text": "In diesen Minuten sollte Flug #4U9525 in D\u00fcsseldorf landen. Hier die ersten Infos zum Absturz: http://t.co/dxhq0UOiQg http://t.co/72dt0hc7IX", "type": "source"}, {"index": 3, "attribution": 0.0325685515999794, "tweet_id": 580326180773105664, "text": "@BILD_News zu verr\u00fcckt...", "type": "direct_reply"}, {"index": 2, "attribution": 0.0211588516831398, "tweet_id": 580325118704033792, "text": "@BILD_News @BILD Jetzt geht los. Die Horror\u00fcbertreibungen der Bild Redaktion", "type": "direct_reply"}, {"index": 4, "attribution": 0.006137304473668337, "tweet_id": 580329779221626880, "text": "@BILD_News @BILD", "type": "direct_reply"}, {"index": 1, "attribution": -0.014988464303314686, "tweet_id": 580337496627757056, "text": "@BILD_News omggg mein Herzliches Beileid es ist soo schlimm", "type": "direct_reply"}]}