{"thread_id": "580372127125131264", "gold_label": 1, "predicted_label": 0, "tweet_attributions": [{"index": 0, "attribution": 0.3461807668209076, "tweet_id": 580372127125131264, "text": "#Germanwings says it cannot confirm that a very brief distress signal was made before flight #4U9525 crashed http://t.co/Pbr82b0Eul", "type": "source"}, {"index": 3, "attribution": 0.022805096581578255, "tweet_id": 580375408249585665, "text": "@SkyNews Biafra freedom is now http://t.co/TzlCWSqyMR", "type": "direct_reply"}, {"index": 2, "attribution": 0.0006953132688067853, "tweet_id": 580374844870565888, "text": "@SkyNews @sugincharles", "type": "direct_reply"}, {"index": 1, "attribution": -0.008543700911104679, "tweet_id": 580376672609964032, "text": "@SkyNews This is why don't fly", "type": "direct_reply"}]}