{"thread_id": "580376164126105601", "gold_label": 0, "predicted_label": 0, "tweet_attributions": [{"index": 0, "attribution": 0.4291900396347046, "tweet_id": 580376164126105601, "text": ".@SylviaLoehrmann best\u00e4tigt, dass sich an Bord von #4U9525 eine Sch\u00fclergruppe eines Gymnasiums aus Haltern befand, 16 Sch\u00fcler und 2 Lehrer.", "type": "source"}, {"index": 1, "attribution": -0.003597832517698407, "tweet_id": 580456131098734593, "text": "@weidenkatzl @aktuelle_stunde @PetraRaab1 @SylviaLoehrmann Sie wissen, dass das Risiko bei Bus gr\u00f6\u00dfer ist? Flugzeug so sicher wie Bahn.", "type": "lower_reply"}, {"index": 2, "attribution": -0.11051929742097855, "tweet_id": 580382109266788352, "text": "@aktuelle_stunde @PetraRaab1 @SylviaLoehrmann V\u00d6LLIG unn\u00f6tiger Tod! Demn\u00e4chst gehen \"Klassenfahrten\" wohl im Flieger um die ganze Erde .....", "type": "direct_reply"}]}