{"thread_id": "580320329203093504", "gold_label": 2, "predicted_label": 0, "tweet_attributions": [{"index": 0, "attribution": 0.3216576874256134, "tweet_id": 580320329203093504, "text": "#A320 @Germanwings flight #4U9525 (registration D-AIPX) was lost from @Flightradar24 at 6800 feet at 09.39 UTC time. http://t.co/5Gv9lXJZW8", "type": "source"}, {"index": 1, "attribution": 0.02443915791809559, "tweet_id": 580321040108118016, "text": "@YanniKouts @germanwings @flightradar24 A bit low for cruising altitude?", "type": "direct_reply"}, {"index": 3, "attribution": 0.023611733689904213, "tweet_id": 580320634586165248, "text": "@YanniKouts @oemoral @germanwings @flightradar24 Plane crashed near Digne, South of France according to local police.", "type": "direct_reply"}, {"index": 2, "attribution": 0.016119763255119324, "tweet_id": 580321629621915648, "text": "@YanniKouts\nA320 van #Germanwings neergestort in Franse Alpen Alpes des Hautes Provence.", "type": "direct_reply"}]}