{"thread_id": "580345440245297153", "gold_label": 0, "predicted_label": 0, "tweet_attributions": [{"index": 0, "attribution": 0.4319586455821991, "tweet_id": 580345440245297153, "text": "Es handelt sich um ein Flugzeug vom Typ A320. An Bord waren 144 Passagiere und 6 Crew-Mitglieder. Lufthansa und Germanwings ...", "type": "source"}, {"index": 12, "attribution": 0.04166245833039284, "tweet_id": 580354137931571201, "text": "@germanwings Es un avi\u00f3n modelo A320. En \u00e9l viajaban 144 pasajeros junto a seis miembros de la tripulaci\u00f3n.", "type": "direct_reply"}, {"index": 9, "attribution": 0.0344792976975441, "tweet_id": 580347966738821120, "text": "Datos oficiales de \"@germanwings: Es handelt sich um ein Flugzeug vom Typ A320. An Bord waren 144 Passagiere und 6 Crew-Mitglieder.\"", "type": "direct_reply"}, {"index": 15, "attribution": 0.03422582149505615, "tweet_id": 580352754427826176, "text": "@germanwings R.I.P", "type": "direct_reply"}, {"index": 2, "attribution": 0.021216094493865967, "tweet_id": 580365173027966976, "text": "@germanwings :-( mein tiefes Beileid an alle Opfer.", "type": "direct_reply"}, {"index": 8, "attribution": 0.017459897324442863, "tweet_id": 580347748295286784, "text": "\"@germanwings: Se trata de un avi\u00f3n del tipo A320. Viajaban a bordo 144 pasajeros y 6 miembros de tripulaci\u00f3n. Lufthansa y Germanwings ...\u201d", "type": "direct_reply"}, {"index": 14, "attribution": 0.015798838809132576, "tweet_id": 580373378302889984, "text": "@germanwings Schrecklich. \ud83d\ude1e", "type": "direct_reply"}, {"index": 11, "attribution": 0.015635790303349495, "tweet_id": 580348665761439744, "text": "@germanwings confirma accidente. 150 pasajeros y tripulaci\u00f3n.", "type": "direct_reply"}, {"index": 7, "attribution": 0.014609782956540585, "tweet_id": 580376047721398272, "text": "Ruhe in Frieden \ud83d\ude22\ud83d\ude4f RT @germanwings: Es handelt sich um ein Flugzeug vom Typ A320. An Bord waren 144 Passagiere und 6 Crew-Mitglieder", "type": "direct_reply"}, {"index": 1, "attribution": -0.0029022025410085917, "tweet_id": 580355513147396096, "text": "@germanwings RIP", "type": "direct_reply"}, {"index": 10, "attribution": -0.00876606348901987, "tweet_id": 580347134358208512, "text": "Datos de @germanwings: \"An Bord waren 144 Passagiere und 6 Crew-Mitglieder\". 150 personas en total #4U9525", "type": "direct_reply"}, {"index": 13, "attribution": -0.017454294487833977, "tweet_id": 580366384250634240, "text": "@germanwings Man findet die richtigen W\u00f6rter nicht in so einem schw\u00e4ren Moment f\u00fcr die Familien der Verungl\u00fcckten! Wir f\u00fchlen alle mit Ihnen", "type": "direct_reply"}, {"index": 16, "attribution": -0.01853260211646557, "tweet_id": 580356784906485760, "text": "\u201c@germanwings: Es handelt sich um ein Flugzeug vom Typ A320. An Bord waren 144 Passagiere und 6 Crew-Mitglieder. Lufthansa und Germanwings\"", "type": "direct_reply"}, {"index": 5, "attribution": -0.022620348259806633, "tweet_id": 580350681699192832, "text": "@Celteverett @germanwings i think this List and a List of the Crew will come in 1 or 2 Days", "type": "lower_reply"}, {"index": 3, "attribution": -0.024820586666464806, "tweet_id": 580353109932838912, "text": "\u201c@germanwings: Es handelt sich um ein Flugzeug vom Typ A320. An Bord waren 144 Passagiere und 6 Crewmiglieder\" So schrecklich! #meinbeileid", "type": "direct_reply"}, {"index": 6, "attribution": -0.03139057010412216, "tweet_id": 580350820367073280, "text": "@Celteverett @germanwings because the First have other Problems...", "type": "lower_reply"}, {"index": 4, "attribution": -0.03861542418599129, "tweet_id": 580347266239750144, "text": "@germanwings all my sad priests to all familles friends and your company RIP", "type": "direct_reply"}, {"index": 17, "attribution": -0.088760606944561, "tweet_id": 580349390554062848, "text": "@germanwings List of passengers, please!!", "type": "direct_reply"}]}