{"thread_id": "580320645906632704", "gold_label": 2, "predicted_label": 1, "tweet_attributions": [{"index": 9, "attribution": 0.3875408172607422, "tweet_id": 580321185910624256, "text": "@airlivenet @Aodhgan2e so sad", "type": "direct_reply"}, {"index": 8, "attribution": 0.3536278307437897, "tweet_id": 580322012389867520, "text": "@scottcossfield terrible news! \ud83d\ude1e", "type": "lower_reply"}, {"index": 6, "attribution": 0.27189281582832336, "tweet_id": 580664515156680704, "text": "@scottcossfield @airlivenet @Aodhgan2e \n\u0421\u043e\u0431\u043e\u043b\u0435\u0437\u043d\u0443\u044e \u0440\u043e\u0434\u0441\u0442\u0432\u0435\u043d\u043d\u0438\u043a\u0430\u043c \u0438 \u0434\u0440\u0443\u0437\u044c\u044f\u043c \u043f\u043e\u0433\u0438\u0431\u0448\u0438\u0445 \u043b\u044e\u0434\u0435\u0439 , \u043e\u0447\u0435\u043d\u044c \u0441\u0442\u0440\u0430\u0448\u043d\u0430\u044f \u043a\u0430\u0442\u0430\u0441\u0442\u0440\u043e\u0444\u0430 ..", "type": "lower_reply"}, {"index": 16, "attribution": 0.17165659368038177, "tweet_id": 580323054741504000, "text": "@airlivenet @LolaM147 prayers for them xxx", "type": "direct_reply"}, {"index": 19, "attribution": 0.08348346501588821, "tweet_id": 580327289352794112, "text": "@airlivenet diooooos", "type": "direct_reply"}, {"index": 10, "attribution": 0.07339607924222946, "tweet_id": 580323174635573248, "text": "\u201c@tweetforcetacea: @airlivenet @LolaM147 prayers for them xxx\u201dYes, God bless you", "type": "lower_reply"}, {"index": 13, "attribution": 0.06569599360227585, "tweet_id": 580360673961644032, "text": "@tancredipalmeri @airlivenet for once you are right about something.", "type": "lower_reply"}, {"index": 3, "attribution": 0.05567295476794243, "tweet_id": 580322350220120064, "text": "@Aodhgan2e awful", "type": "lower_reply"}, {"index": 7, "attribution": 0.05006491765379906, "tweet_id": 580691762131410944, "text": "@69Dejavuee @airlivenet @Aodhgan2e \u044d\u0442\u043e \u0442\u0430\u043a \u0442\u0440\u0430\u0433\u0438\u0447\u043d\u043e RIP \ud83d\ude22", "type": "lower_reply"}, {"index": 5, "attribution": 0.04841137304902077, "tweet_id": 580325176094621697, "text": "RT @airlivenet UPDATE CRASH Germanwings #4U9525 An A320 disappeared at 09:39 UTC from radar http://t.co/hyySiMmRGu  http://t.co/JjavdBLn4B", "type": "direct_reply"}, {"index": 21, "attribution": 0.02435946650803089, "tweet_id": 580329919990915072, "text": "@airlivenet que pena, tan solo a 2 horas dl destino y q ocurra esto. Ahora a ver las cajas negras.", "type": "direct_reply"}, {"index": 2, "attribution": 0.022454680874943733, "tweet_id": 580323922727432192, "text": "@airlivenet thoughts and prayers with everyone", "type": "direct_reply"}, {"index": 15, "attribution": 0.020993968471884727, "tweet_id": 580327709248761856, "text": "@airlivenet in thoughts with the families", "type": "direct_reply"}, {"index": 11, "attribution": 0.02097477577626705, "tweet_id": 580327764005384193, "text": "@airlivenet Let's pray for the victims of the plane crash. May they rest in peace.", "type": "direct_reply"}, {"index": 20, "attribution": 0.008704036474227905, "tweet_id": 580324631027933184, "text": "@airlivenet is the red dashed line supposed to represent the scheduled course?", "type": "direct_reply"}, {"index": 18, "attribution": 0.005337586160749197, "tweet_id": 580323143325237248, "text": "@airlivenet @flightradar24 that looks like a controlled decent?", "type": "direct_reply"}, {"index": 17, "attribution": 0.00420802365988493, "tweet_id": 580323803303120896, "text": "@airlivenet Valgame Dios", "type": "direct_reply"}, {"index": 12, "attribution": -0.01234737504273653, "tweet_id": 580322107915157505, "text": "Info \u2013 Frankr\u00e4ich: MT @airlivenet: Germanwings #4U9525 Crash of an A320 disappeared  at 09:39 UTC from radar http://t.co/0xlYBer91r", "type": "direct_reply"}, {"index": 22, "attribution": -0.02095871977508068, "tweet_id": 580321528325230593, "text": "@airlivenet Sad news.", "type": "direct_reply"}, {"index": 14, "attribution": -0.029184438288211823, "tweet_id": 580330547429281792, "text": "@airlivenet @wahiA_ allahu", "type": "direct_reply"}, {"index": 4, "attribution": -0.03105580247938633, "tweet_id": 580324526254395392, "text": "@airlivenet so sad...", "type": "direct_reply"}, {"index": 1, "attribution": -0.050171032547950745, "tweet_id": 580326010232680448, "text": "RT @airlivenet: UPDATE Germanwings Crash of an A320 disappeared  at 09:39 UTC from radar http://t.co/i4XqeDMdPs http://t.co/qpGi58r9UO", "type": "direct_reply"}, {"index": 0, "attribution": -0.05364207923412323, "tweet_id": 580320645906632704, "text": "UPDATE CRASH Germanwings #4U9525 Crash of an A320 disappeared  at 09:39 UTC from radar http://t.co/GRUjOCXkr9 http://t.co/HWrvDD24ac", "type": "source"}]}