{"thread_id": "580697361799876608", "gold_label": 1, "predicted_label": 0, "tweet_attributions": [{"index": 0, "attribution": 0.48061659932136536, "tweet_id": 580697361799876608, "text": "BREAKING: Germanwings CEO: Plane victims included 72 German citizens, 35 Spaniards, 2 Americans.", "type": "source"}, {"index": 8, "attribution": 0.10994395613670349, "tweet_id": 580699224720875520, "text": "@AP @FAANews @AirportKRAL Automated/GPS directed ground control would have aided in the Air China disaster", "type": "lower_reply"}, {"index": 15, "attribution": 0.08210324496030807, "tweet_id": 580698174790176768, "text": "RT \u201c@AP: BREAKING: Germanwings CEO: Plane victims included 72 German citizens, 35 Spaniards, 2 Americans.\u201d", "type": "direct_reply"}, {"index": 4, "attribution": 0.040579937398433685, "tweet_id": 580697684295700480, "text": "@AP gee. is it ok to profile in the deutschland?", "type": "direct_reply"}, {"index": 12, "attribution": 0.03715073689818382, "tweet_id": 580698232503672832, "text": "@AP @FAANews @AirportKRAL The Airbus needs to be grounded or made to fly under 15,000 until the oxygen system &amp; bleed air is investigated", "type": "direct_reply"}, {"index": 18, "attribution": 0.03405074030160904, "tweet_id": 580698288845783041, "text": "@AP Were no British nationalities on board as previously stated?", "type": "direct_reply"}, {"index": 16, "attribution": 0.01698516122996807, "tweet_id": 580698056561192960, "text": "Germanwings CEO says that plane victims included 72 German citizens, 35 Spaniards, 2 Americans -- via @AP.", "type": "direct_reply"}, {"index": 9, "attribution": 0.01549668237566948, "tweet_id": 580699334074867713, "text": "@AP May their souls rest in perfect peace", "type": "direct_reply"}, {"index": 14, "attribution": 0.012892098166048527, "tweet_id": 580697657020149760, "text": "\u201c@AP: BREAKING: Germanwings CEO: Plane victims included 72 German citizens, 35 Spaniards, 2 Americans.\u201d", "type": "direct_reply"}, {"index": 2, "attribution": 0.010064155794680119, "tweet_id": 580699223055839232, "text": "RT \"@AP BREAKING: Germanwings CEO: Plane victims included 72 German citizens, 35 Spaniards, 2 Americans.\"", "type": "direct_reply"}, {"index": 6, "attribution": 0.009562178514897823, "tweet_id": 580698223054032896, "text": "@AP what about The three people from Mexico?", "type": "direct_reply"}, {"index": 5, "attribution": 0.005282886791974306, "tweet_id": 580697644227518464, "text": "\u201c@AP: BREAKING: Germanwings CEO: Plane victims included 72 German citizens, 35 Spaniards, 2 Americans.\u201d", "type": "direct_reply"}, {"index": 13, "attribution": 0.005201955325901508, "tweet_id": 580698071312400384, "text": "\u201c@AP: BREAKING: Germanwings CEO: Plane victims included 72 German citizens, 35 Spaniards, 2 Americans.\u201d", "type": "direct_reply"}, {"index": 19, "attribution": 0.00464815367013216, "tweet_id": 580701244957802496, "text": "@AP plus 1 Turkish citizen..", "type": "direct_reply"}, {"index": 7, "attribution": -0.004125361330807209, "tweet_id": 580699854478807040, "text": "@AP Sending love and strength to all the shocked families left behind. \ud83d\ude4f\ud83d\ude14", "type": "direct_reply"}, {"index": 17, "attribution": -0.013745053671300411, "tweet_id": 580698694099451904, "text": "@AP @FAANews @AirportKRAL An automated sys should be installed that takes command of the acft if it goes off course for x amount of time", "type": "direct_reply"}, {"index": 11, "attribution": -0.02304868958890438, "tweet_id": 580698278175502336, "text": "BREAKING: Germanwings CEO: Plane victims included 72 German citizens, 35 Spaniards, 2 Americans. | @AP", "type": "direct_reply"}, {"index": 1, "attribution": -0.03361121565103531, "tweet_id": 580697739777953792, "text": "Updated numbers @AP: BREAKING: #Germanwings CEO: Plane victims included 72 German citizens, 35 Spaniards, 2 Americans.", "type": "direct_reply"}, {"index": 3, "attribution": -0.05891377851366997, "tweet_id": 580697798976385024, "text": "\u201c@AP: BREAKING: Germanwings CEO: Plane victims included 72 German citizens, 35 Spaniards, 2 Americans.\u201d", "type": "direct_reply"}, {"index": 10, "attribution": -0.3781913220882416, "tweet_id": 580698989974020096, "text": "@AP @FAANews @AirportKRAL Command of the acft would go to ground control if no pilot inputs have been received for X amount of time", "type": "direct_reply"}]}