{"thread_id": "580883727624065024", "gold_label": 0, "predicted_label": 0, "tweet_attributions": [{"index": 1, "attribution": 0.36301615834236145, "tweet_id": 580904017313734656, "text": "@NYDailyNews @maggiebeauchamp @germanwings Name the pilots. Therein may lie a clue.", "type": "direct_reply"}, {"index": 5, "attribution": 0.08281823247671127, "tweet_id": 580886898073186304, "text": "Oops RT @NYDailyNews DEVELOPING Pilot locked out of cockpit in @Germanwings Alps crash report. http://t.co/OXpY9IgLaD http://t.co/lwkG5hWXUi", "type": "direct_reply"}, {"index": 3, "attribution": 0.07863469421863556, "tweet_id": 580885510060638208, "text": "@NYDailyNews @germanwings told you.  Terrorism", "type": "direct_reply"}, {"index": 2, "attribution": 0.024310948327183723, "tweet_id": 580889125571538944, "text": "@NYDailyNews @germanwings is it true that the crush was due to a terrorist related incident?", "type": "direct_reply"}, {"index": 6, "attribution": 0.0018730483716353774, "tweet_id": 580884195955879936, "text": "@NYDailyNews @germanwings WTF?", "type": "direct_reply"}, {"index": 4, "attribution": -0.02592756599187851, "tweet_id": 580915955645198337, "text": "@Snigglewhip @NYDailyNews @germanwings Yes, all of this is very shocking! 150 wonderful people killed! Most students and working people", "type": "lower_reply"}, {"index": 7, "attribution": -0.04769289866089821, "tweet_id": 580900853873160192, "text": "@NYDailyNews @germanwings could it be possible that instead of a decline by plane it was an incline in topography?", "type": "direct_reply"}, {"index": 0, "attribution": -0.13317419588565826, "tweet_id": 580883727624065024, "text": "DEVELOPING: Pilot locked out of cockpit in @Germanwings Alps crash: report. http://t.co/CcqpToOQTn http://t.co/XlNXG8Rz3v", "type": "source"}]}