{"thread_id": "581022047490351104", "gold_label": 0, "predicted_label": 0, "tweet_attributions": [{"index": 0, "attribution": 0.27405688166618347, "tweet_id": 581022047490351104, "text": "Wie funktioniert die Verriegelung einer #Airbus-Cockpit-T\u00fcr? Ein Firmenvideo zeigts: \nhttps://t.co/qD8CKD13kZ #4U9525 http://t.co/4thqnI1HLj", "type": "source"}, {"index": 1, "attribution": 0.03616775944828987, "tweet_id": 581032045645684737, "text": "@mephistophi @tagesschau \nDer manuelle Schalter stand auf Norm.\nDann funktionieren das so wie im Video.\n\nAber was, wenn er auf Locker ist?", "type": "lower_reply"}, {"index": 2, "attribution": 0.03447958081960678, "tweet_id": 581050013385654272, "text": "@tagesschau Bleibt nur die Frage, ob das auf den Flug #4u9525 zutrifft...", "type": "direct_reply"}, {"index": 5, "attribution": 0.013545160181820393, "tweet_id": 581038553733402624, "text": "@mephistophi @tagesschau \nIch meinte ja bei dem Video von Airbus. \nWas in dem Flugzeug passiert ist, kann niemals zu 100% gekl\u00e4rt werden.", "type": "lower_reply"}, {"index": 3, "attribution": -0.006300501059740782, "tweet_id": 581714562640146432, "text": "@tagesschau", "type": "direct_reply"}, {"index": 4, "attribution": -0.01571480557322502, "tweet_id": 581032855037317120, "text": "@tagesschau...warum hat man das nicht gemacht?", "type": "direct_reply"}]}