{"thread_id": "581063730319925248", "gold_label": 0, "predicted_label": 0, "tweet_attributions": [{"index": 0, "attribution": 0.5349346399307251, "tweet_id": 581063730319925248, "text": "Andreas Lubitz, copilot who apparently deliberately crashed Germanwings 9525, was 24 yrs old. \"He had no reason to do it,\" prosecutor says.", "type": "source"}, {"index": 2, "attribution": 0.046622589230537415, "tweet_id": 581069566769500160, "text": "@TerryMoran @GStephanopoulos There's never a reason to do this, but unfortunatly it happens.", "type": "direct_reply"}, {"index": 11, "attribution": 0.04643537104129791, "tweet_id": 581069457663135744, "text": "@TerryMoran @KNegandhiESPN another reason why I don't fly.", "type": "direct_reply"}, {"index": 14, "attribution": 0.04500291869044304, "tweet_id": 581070340920508418, "text": "@TerryMoran 28 Yrs old", "type": "direct_reply"}, {"index": 17, "attribution": 0.03636154159903526, "tweet_id": 581091339464388608, "text": "@rladdi1 @TerryMoran @WNTonight or bus drivers, or train drivers.\nStay at home - NEVER go out!", "type": "lower_reply"}, {"index": 5, "attribution": 0.031709011644124985, "tweet_id": 581067232429494273, "text": "@TerryMoran @ABC Don't know about y'all, but if my copilot looks younger than my kids, I'm taking another flight.", "type": "direct_reply"}, {"index": 10, "attribution": 0.024810008704662323, "tweet_id": 581071637606457346, "text": "@TerryMoran @ABC - Germanwings Co-pilot, Andreas Lubitz, was 28 yrs. old, not 24!", "type": "direct_reply"}, {"index": 4, "attribution": 0.016030948609113693, "tweet_id": 581064696117248001, "text": "@TerryMoran @ABC They don't know that for sure.  Smh.", "type": "direct_reply"}, {"index": 6, "attribution": 0.011445094831287861, "tweet_id": 581067386415104000, "text": "@TerryMoran @ABC  I say 150 Innocent lives lost is Terrorism.Most people who commit suicide are not going to take others with them.", "type": "direct_reply"}, {"index": 8, "attribution": 8.840082591632381e-05, "tweet_id": 581065026410135555, "text": "@TerryMoran @KNegandhiESPN I think he disagreed about having a reason.", "type": "direct_reply"}, {"index": 3, "attribution": -0.0016618425725027919, "tweet_id": 581067264541253633, "text": "@TerryMoran @GStephanopoulos Thanks, Terry", "type": "direct_reply"}, {"index": 1, "attribution": -0.004188969265669584, "tweet_id": 581070423804264448, "text": "@TerryMoran @WNTonight Sounds like he must have been a pretty good pilot - not much of a human being.", "type": "direct_reply"}, {"index": 9, "attribution": -0.008409722708165646, "tweet_id": 581066447000084480, "text": "@TerryMoran @GStephanopoulos No he meant no reason to start making the plane descend", "type": "direct_reply"}, {"index": 16, "attribution": -0.014270751737058163, "tweet_id": 581064172382867456, "text": "@TerryMoran 24 is a bit young no? His age has been confirmed as 28.", "type": "direct_reply"}, {"index": 7, "attribution": -0.0204329676926136, "tweet_id": 581066606517846016, "text": "@TerryMoran @GStephanopoulos prosecutor said he is 28 years old.", "type": "direct_reply"}, {"index": 15, "attribution": -0.02905295044183731, "tweet_id": 581066221069561856, "text": "@TerryMoran @WNTonight Must Be Highly Motivated Or Mentally Unstable Both danger To Aviation !!", "type": "direct_reply"}, {"index": 12, "attribution": -0.03002685122191906, "tweet_id": 581066159073533952, "text": "@TerryMoran @BiasedGirl Well obviously he had his own personal reason.", "type": "direct_reply"}, {"index": 13, "attribution": -0.051369234919548035, "tweet_id": 581067731274838017, "text": "@TerryMoran Is that proven? Seems like speculation at this point.", "type": "direct_reply"}, {"index": 18, "attribution": -0.32025593519210815, "tweet_id": 581065360926851072, "text": "@TerryMoran @WNTonight Can anyone trust any pilot on the planes now.  We don't know the background of our pilots.", "type": "direct_reply"}]}