{"thread_id": "581264214809022464", "gold_label": 1, "predicted_label": 1, "tweet_attributions": [{"index": 18, "attribution": 0.6835052967071533, "tweet_id": 581276380140163074, "text": "@absurdistwords @KhaledBeydoun well, I wouldn't call it \"living.\"", "type": "lower_reply"}, {"index": 6, "attribution": 0.4083199203014374, "tweet_id": 581277212269232128, "text": "How about \"clinging to a mortal coil out of coalesced spite?\" \n\n@ChurchHopJoshua", "type": "lower_reply"}, {"index": 16, "attribution": 0.2450597733259201, "tweet_id": 581291617715355648, "text": "@KhaledBeydoun @yasminehajjaji first reaction \ud83d\ude02\ud83d\ude02\ud83d\ude02, but rip to the people #GermanWingsCrash", "type": "direct_reply"}, {"index": 11, "attribution": 0.10432080179452896, "tweet_id": 581297122290466816, "text": "@dhtorch smh... Typical though", "type": "lower_reply"}, {"index": 1, "attribution": 0.0827961415052414, "tweet_id": 581270990547783684, "text": "Pat Robertson's still ALIVE?\n@KhaledBeydoun", "type": "direct_reply"}, {"index": 2, "attribution": 0.07424163818359375, "tweet_id": 581288203312754688, "text": "@absurdistwords @KhaledBeydoun Alive, yes, but do not mistake for an intelligent life form", "type": "lower_reply"}, {"index": 3, "attribution": 0.06191815063357353, "tweet_id": 581264655496015872, "text": "@KhaledBeydoun there is no evidence he was MUSLIM", "type": "direct_reply"}, {"index": 10, "attribution": 0.06067359074950218, "tweet_id": 581274066012749824, "text": "@KhaledBeydoun lol he wasn't", "type": "direct_reply"}, {"index": 12, "attribution": 0.05726127699017525, "tweet_id": 581270990216368128, "text": "@KhaledBeydoun lmao", "type": "direct_reply"}, {"index": 7, "attribution": 0.052747245877981186, "tweet_id": 581284040658919424, "text": "@KhaledBeydoun I can understand that feeling but honestly Pat Robertson is an idiotic old man! No one should care what he has to say.", "type": "direct_reply"}, {"index": 0, "attribution": 0.01636277139186859, "tweet_id": 581264214809022464, "text": "Islam &amp; Muslims blamed even when neither have anything to do with mass killing.  #Germanwings #GermanWingsCrash http://t.co/DKmNEqzPc7", "type": "source"}, {"index": 9, "attribution": 0.0029653164092451334, "tweet_id": 581276869623963648, "text": "@KhaledBeydoun @StlGal_36 Robertson has been a caricature of himself for decades", "type": "direct_reply"}, {"index": 17, "attribution": -0.006378652527928352, "tweet_id": 581272299309010944, "text": "@KhaledBeydoun Pat Robertson is an old bat. No one listens to him", "type": "direct_reply"}, {"index": 5, "attribution": -0.012742831371724606, "tweet_id": 581282640935829504, "text": "@KhaledBeydoun disgraceful for a supposed journalist to try and veer the conversation on tragedy into something so insulting", "type": "direct_reply"}, {"index": 14, "attribution": -0.016222476959228516, "tweet_id": 581271388125822976, "text": "@absurdistwords @KhaledBeydoun You can't expect nuance (or even curiosity) when there's something so EASY to fall back on, can you?", "type": "lower_reply"}, {"index": 20, "attribution": -0.026463719084858894, "tweet_id": 581269626241318912, "text": "@KhaledBeydoun That picture speaks a 1000 words!  #craycray #ignorance #islamophobia", "type": "direct_reply"}, {"index": 13, "attribution": -0.04017508402466774, "tweet_id": 581265773789843457, "text": "@KhaledBeydoun @MEastQuagmire This man (Robertson) is a buffoon.", "type": "direct_reply"}, {"index": 19, "attribution": -0.045181017369031906, "tweet_id": 581277287930204160, "text": "@absurdistwords lol exactly.", "type": "lower_reply"}, {"index": 4, "attribution": -0.07777543365955353, "tweet_id": 581265398508568576, "text": "@KhaledBeydoun \n\nMaybe the pilot was so excited, he forgot to \nyell, \"ALLAHU AKBAR !\" http://t.co/77UZi2hUiq", "type": "direct_reply"}, {"index": 8, "attribution": -0.08557523041963577, "tweet_id": 581289957492322305, "text": "@KhaledBeydoun allah told him to do it.", "type": "direct_reply"}, {"index": 15, "attribution": -0.10164045542478561, "tweet_id": 581269028569640961, "text": "@KhaledBeydoun why does it matter if he was or wasn't he is a murder that's all it is has nothing to do with his faith", "type": "direct_reply"}]}