{"thread_id": "581293286268129280", "gold_label": 1, "predicted_label": 1, "tweet_attributions": [{"index": 15, "attribution": 0.450835257768631, "tweet_id": 581295807346900992, "text": "@daxtonbrown @AnewTrackrecord If TRUE, then we are late in taking conscience of the magnitude of evil brooding upon the civilised world.", "type": "direct_reply"}, {"index": 2, "attribution": 0.3950869143009186, "tweet_id": 581300431436959744, "text": "@baj5252 @newsytweets @daxtonbrown  I'm retweeting I hope its the truth", "type": "lower_reply"}, {"index": 1, "attribution": 0.3077830970287323, "tweet_id": 581298086246395904, "text": "@ShamNaarai @AnewTrackrecord Yup. I'm not trying tobe Islamophobic, but would anyone put their kid on a plane with a muslim pilot?", "type": "lower_reply"}, {"index": 3, "attribution": 0.1783972531557083, "tweet_id": 581298293168295936, "text": "Wow @daxtonbrown: GERMAN NEWS: Co-Pilot of Germanwings Airbus Was MUSLIM CONVERT. Can any muslim be trusted near an airplane now?\u201d", "type": "direct_reply"}, {"index": 20, "attribution": 0.08382805436849594, "tweet_id": 581294486472421376, "text": "@daxtonbrown Can any Muslim be trusted.  The Obama administration is full of them.", "type": "direct_reply"}, {"index": 6, "attribution": 0.07845386117696762, "tweet_id": 581424557740916736, "text": "@fa07af174a71408 @baj5252 @newsytweets @daxtonbrown it's not true sir but yet again it is very easy to blame us", "type": "lower_reply"}, {"index": 9, "attribution": 0.07000331580638885, "tweet_id": 581420137724530688, "text": "@raterosie @daxtonbrown @ShamNaarai @AnewTrackrecord that pilot attended mosques in Germany - religion of peace strikes again", "type": "lower_reply"}, {"index": 5, "attribution": 0.059087637811899185, "tweet_id": 581338469496041472, "text": "@daxtonbrown Dont u have anything better to do? What a laughing stock", "type": "direct_reply"}, {"index": 16, "attribution": 0.052616532891988754, "tweet_id": 581295555281747968, "text": "@daxtonbrown @AnewTrackrecord NOOOO", "type": "direct_reply"}, {"index": 19, "attribution": 0.04415494576096535, "tweet_id": 581454776740773888, "text": "@Robs_tweeting @daxtonbrown @ShamNaarai @AnewTrackrecord how do you know?", "type": "lower_reply"}, {"index": 17, "attribution": 0.033818308264017105, "tweet_id": 581307953950527488, "text": "@daxtonbrown The question should be,\" Should any country other than muslim countries hire muslim pilots?\"   @AnewTrackrecord @ShamNaarai", "type": "lower_reply"}, {"index": 10, "attribution": 0.03292766958475113, "tweet_id": 581314247738687488, "text": "@daxtonbrown \"recent Muslim convert\". Like ComDem \"true believer\". Headshake. God Help US all my friend.", "type": "direct_reply"}, {"index": 4, "attribution": 0.02786373533308506, "tweet_id": 581407447031681024, "text": "@fa07af174a71408 @newsytweets @daxtonbrown me too.  We'll see - the whole thing is really really weird.", "type": "lower_reply"}, {"index": 12, "attribution": 0.01806788519024849, "tweet_id": 581300449237667840, "text": "@daxtonbrown @ShamNaarai @AnewTrackrecord a muslim convert? You start these lies.I hope he rots in his hell and you in a prison one if lying", "type": "lower_reply"}, {"index": 13, "attribution": 0.01771296188235283, "tweet_id": 581299394340880384, "text": "@daxtonbrown @ShamNaarai @AnewTrackrecord no, nor a two men one.", "type": "lower_reply"}, {"index": 11, "attribution": 0.002906188601627946, "tweet_id": 581299530517192705, "text": "@daxtonbrown @AnewTrackrecord @ShamNaarai I wouldn't put anyone on a bus with a muslim driver much less a plane.", "type": "lower_reply"}, {"index": 18, "attribution": 0.0027045977767556906, "tweet_id": 581333436473868288, "text": "@daxtonbrown @Welsh58 @ShamNaarai @AnewTrackrecord \nHow would you know the pilot was Muslim?", "type": "lower_reply"}, {"index": 8, "attribution": -0.008675625547766685, "tweet_id": 581440515834413056, "text": "@daxtonbrown @ItsJustJill. It took long enough to admit this. Who was holding it back?", "type": "direct_reply"}, {"index": 7, "attribution": -0.02184903435409069, "tweet_id": 581313996940296192, "text": "@daxtonbrown GERMAN NEWS: Co-Pilot of Germanwings Airbus Was MUSLIM CONVERT \u2026\u2019Hero of Islamic State\u2019? http://t.co/tvzf1CgmWX", "type": "direct_reply"}, {"index": 14, "attribution": -0.05008632317185402, "tweet_id": 581438559401410560, "text": ".@daxtonbrown @ItsJustJill Maybe it will be referred to as \"workplace violence\" since he was at work when he did it.", "type": "direct_reply"}, {"index": 0, "attribution": -0.07517396658658981, "tweet_id": 581293286268129280, "text": "GERMAN NEWS: Co-Pilot of Germanwings Airbus Was MUSLIM CONVERT. Can any muslim be trusted near an airplane now?", "type": "source"}]}