{"thread_id": "581252958446329857", "gold_label": 1, "predicted_label": 1, "tweet_attributions": [{"index": 8, "attribution": 0.3733367621898651, "tweet_id": 581257154667110400, "text": "@RedNationRising Nothing on AP and their last posting was at 08:43.  Nothing on Reuters, or Daily Caller.", "type": "lower_reply"}, {"index": 15, "attribution": 0.3505854904651642, "tweet_id": 581257594448252928, "text": "We need to know the truth, whatever it is. He's a mass-murderer, regardless.\n@terrisanislo @RedNationRising", "type": "lower_reply"}, {"index": 13, "attribution": 0.2242293506860733, "tweet_id": 581259397252284416, "text": "@emaleroland Muslims are praising the co-pilot for dying for the prophet @terrisanislo", "type": "lower_reply"}, {"index": 22, "attribution": 0.20778225362300873, "tweet_id": 581258711873769472, "text": "@RedNationRising Need to check on this-  #JADEHELM15 EXERCISE \u201cUNSETTLING\u201d.", "type": "direct_reply"}, {"index": 17, "attribution": 0.160085529088974, "tweet_id": 581255750254628864, "text": "@terrisanislo do some research.", "type": "lower_reply"}, {"index": 16, "attribution": 0.11403775215148926, "tweet_id": 581259963823198208, "text": "@JESUSR3IgNS @RedNationRising Even Stars and Strips is addressing it in a \"not to worry\" way...", "type": "lower_reply"}, {"index": 20, "attribution": 0.09475203603506088, "tweet_id": 581259094440435713, "text": "We know some things from the voice recorder which means it was deliberate. That's about it right now.\n@terrisanislo @RedNationRising", "type": "lower_reply"}, {"index": 9, "attribution": 0.09357642382383347, "tweet_id": 581255864021082112, "text": "@RedNationRising Working on it now!", "type": "lower_reply"}, {"index": 18, "attribution": 0.07312572747468948, "tweet_id": 581259636809973761, "text": "@Capt_ST @RedNationRising http://t.co/egcctxrz5z", "type": "lower_reply"}, {"index": 4, "attribution": 0.04689997062087059, "tweet_id": 581258358885388288, "text": "@emaleroland @RedNationRising http://t.co/abBnbwk5Em", "type": "lower_reply"}, {"index": 24, "attribution": 0.04586249962449074, "tweet_id": 581257463284019202, "text": "@RedNationRising and this article supposedly quotes The Daily Mail....their site has nothing about conversion to islam.", "type": "lower_reply"}, {"index": 23, "attribution": 0.026796283200383186, "tweet_id": 581258437515976704, "text": "@RedNationRising No matter the religion/where/why a person who outright murders innocents is a terrorist", "type": "direct_reply"}, {"index": 5, "attribution": 0.021820364519953728, "tweet_id": 581265578670878720, "text": "@RedNationRising @emaleroland Whoopee shit.  They have a great social media department all the way around.  I'm not swayed.", "type": "lower_reply"}, {"index": 6, "attribution": 0.018032582476735115, "tweet_id": 581259909804724226, "text": "@RedNationRising @emaleroland Link?", "type": "lower_reply"}, {"index": 19, "attribution": 0.0139932157471776, "tweet_id": 581260059734343680, "text": "@RedNationRising @emaleroland The voice recorder according to all reports, had nothing on it but the co-pilot's breathing, the knocking..", "type": "lower_reply"}, {"index": 2, "attribution": 0.013504923321306705, "tweet_id": 581257161738604544, "text": "@RedNationRising - there you go !", "type": "direct_reply"}, {"index": 3, "attribution": 0.0045935059897601604, "tweet_id": 581254006992830464, "text": "@RedNationRising  why are we not suprised! But everyone hollered , It wasn't Terrorism!  Of course it was !", "type": "direct_reply"}, {"index": 21, "attribution": -0.001421351102180779, "tweet_id": 581259704745222144, "text": "How do we know that?\n@RedNationRising @terrisanislo", "type": "lower_reply"}, {"index": 1, "attribution": -0.00329825677908957, "tweet_id": 581260115334037504, "text": "@RedNationRising @emaleroland ..and at the last, the screams of the passengers.  Again, link?", "type": "lower_reply"}, {"index": 14, "attribution": -0.003961804322898388, "tweet_id": 581258508349345793, "text": "@emaleroland @RedNationRising ...All speculation at this point.  Translation of Pi News says some posts on FB.  Not reliable.  I'll wait.", "type": "lower_reply"}, {"index": 7, "attribution": -0.004028685856610537, "tweet_id": 581260641891139584, "text": "@RedNationRising @emaleroland Not to be argumentative, but why retweet something that is not reliable?", "type": "lower_reply"}, {"index": 26, "attribution": -0.012532006949186325, "tweet_id": 581258811295559680, "text": "@emaleroland @RedNationRising Of course we need the truth. But I prefer to wait for concrete facts, not idle speculation from some crank sit", "type": "lower_reply"}, {"index": 12, "attribution": -0.02041030116379261, "tweet_id": 581257658629406720, "text": "\u201c@RedNationRising: The co-pilot of the Germanwings Airbus was a convert to Islam - http://t.co/hCM3n3qnmo #RedNationRising\u201d #avgeek", "type": "direct_reply"}, {"index": 10, "attribution": -0.03801780566573143, "tweet_id": 581260389545041920, "text": "@RedNationRising @emaleroland The deliberateness is being determined from experts' reports of how the controls had to be set, not from DVR.", "type": "lower_reply"}, {"index": 0, "attribution": -0.04105321317911148, "tweet_id": 581252958446329857, "text": "The co-pilot of the Germanwings Airbus was a convert to Islam - http://t.co/7MHPhG5aIR #RedNationRising", "type": "source"}, {"index": 11, "attribution": -0.041515883058309555, "tweet_id": 581255582126084096, "text": "@RedNationRising I prefer a little bit more evidence than this article provides!  Speculation at this point.", "type": "direct_reply"}, {"index": 25, "attribution": -0.043840307742357254, "tweet_id": 581254570078281728, "text": "@RedNationRising I liked your tweet and posted it on my site. You can see it here... http://t.co/nJwwp2XUnN", "type": "direct_reply"}]}