{"thread_id": "581387966125248512", "gold_label": 2, "predicted_label": 0, "tweet_attributions": [{"index": 0, "attribution": 0.30122631788253784, "tweet_id": 581387966125248512, "text": "NEWS #Germanwings co-pilot Andreas Lubitz had serious depressive episode (Bild newspaper) #4U9525 http://t.co/BV21WXdxdb", "type": "source"}, {"index": 1, "attribution": 0.038630224764347076, "tweet_id": 581394943262003200, "text": "@BlarryOfficial @airlivenet absolutely! Well said....", "type": "lower_reply"}, {"index": 4, "attribution": 0.0060198805294930935, "tweet_id": 581388999920586752, "text": "@airlivenet Bild newspaper is yellow press and not a source of reliable information.", "type": "direct_reply"}, {"index": 5, "attribution": 0.004589599557220936, "tweet_id": 581388533472063488, "text": "@airlivenet Correction: \"@BILD\" is not a newspaper, it's barely comfortable toilet paper at best.", "type": "direct_reply"}, {"index": 6, "attribution": 0.0006672358722425997, "tweet_id": 581389559709245440, "text": "@airlivenet If you want to be reliable never requote \"Bild\". NEVER EVER!", "type": "direct_reply"}, {"index": 3, "attribution": -0.0013111612061038613, "tweet_id": 581389841021181952, "text": "@airlivenet Was he a gamer?", "type": "direct_reply"}, {"index": 2, "attribution": -0.002190887928009033, "tweet_id": 581478582955962368, "text": "@airlivenet Never trust @BILD", "type": "direct_reply"}]}