{"thread_id": "581315281630318593", "gold_label": 1, "predicted_label": 1, "tweet_attributions": [{"index": 5, "attribution": 0.3638916313648224, "tweet_id": 581381601231122432, "text": "@AyatBak @ashwinkr88 bullshit indean or paki islam strong and clean i dont want to mention your cow religion its up to you", "type": "lower_reply"}, {"index": 4, "attribution": 0.22493763267993927, "tweet_id": 581414657690202112, "text": "@AyatBak my dear why do you have to interact with these uncouth,foul mouthed brainless pisslamist folks.It ruins only our day.", "type": "lower_reply"}, {"index": 1, "attribution": 0.21035553514957428, "tweet_id": 581381990974300160, "text": "@AyatBak @ashwinkr88 Islam is strong and it makes you fear ha ha ha rubish cartoon doesnt make different", "type": "lower_reply"}, {"index": 3, "attribution": 0.16527055203914642, "tweet_id": 581413616286613504, "text": "What is Paki islam? Killing Shia, Ahamadi, Balooch, Pashtoon, Hindus &amp; Christians?n get hit by Arab, Chinese, US? @twita_to @ashwinkr88", "type": "lower_reply"}, {"index": 10, "attribution": 0.1592409759759903, "tweet_id": 581380733089918978, "text": "@AyatBak @ashwinkr88 more you hate Islam more powerful it gets it shows how strong it is", "type": "lower_reply"}, {"index": 17, "attribution": 0.15109524130821228, "tweet_id": 581339095403626496, "text": "@ashwinkr88 @HDLindiaOrg bullshit indean", "type": "lower_reply"}, {"index": 9, "attribution": 0.12087514251470566, "tweet_id": 581381292794724352, "text": "More pedophile too ? @twita_to @ashwinkr88 http://t.co/IFvGB2RXTV", "type": "lower_reply"}, {"index": 8, "attribution": 0.1191866472363472, "tweet_id": 581418824752332800, "text": "@krishnansram blocked all.", "type": "lower_reply"}, {"index": 18, "attribution": 0.10697218030691147, "tweet_id": 581379762360229888, "text": "@AyatBak @ashwinkr88 bullshit ayat you are lier and your smelling disgusting you are not cleaning yourself daily\ud83d\ude37\ud83d\ude37\ud83d\ude37your drinking and loser", "type": "lower_reply"}, {"index": 20, "attribution": 0.09419092535972595, "tweet_id": 581373626735144960, "text": "@twita_to @ashwinkr88 http://t.co/yctOVHKMQf", "type": "lower_reply"}, {"index": 14, "attribution": 0.0641467496752739, "tweet_id": 581319682222735360, "text": "@HDLindiaOrg,  look what E slam does to the CO PILOT..... HARI OM", "type": "direct_reply"}, {"index": 11, "attribution": 0.04828733578324318, "tweet_id": 581401348425453568, "text": "@twita_to    @AyatBak ,  Zaza.  On this important day,  please cool yourself with some CAMEL PISS..... HARI OM", "type": "lower_reply"}, {"index": 13, "attribution": 0.03648511692881584, "tweet_id": 581380327743995905, "text": "@AyatBak @ashwinkr88 and im sure youve never been a muslim if you are you know rules in islam is not as said", "type": "lower_reply"}, {"index": 7, "attribution": 0.03463843837380409, "tweet_id": 581420977164173312, "text": "@AyatBak great. We would be better off without these morons who hates everything unislamic. Have a http://t.co/xfTxD8r4nK Ayat. Be safe.", "type": "lower_reply"}, {"index": 19, "attribution": 0.02538464218378067, "tweet_id": 581400641257410560, "text": "@twita_to @AyatBak ,  Zaza,  it actually shows that E slam preaches mental illness,  we need no example to mention....... Hari om", "type": "lower_reply"}, {"index": 0, "attribution": 0.02319633774459362, "tweet_id": 581315281630318593, "text": "The co-pilot of the Germanwings Airbus was a convert to Islam and became Fidain! http://t.co/QR1iNWTXuh", "type": "source"}, {"index": 16, "attribution": 0.00334776914678514, "tweet_id": 581413988342317056, "text": "Come out of MadRasa mindset the world living in 21st century not 7th! @twita_to @ashwinkr88", "type": "lower_reply"}, {"index": 2, "attribution": -0.0008735780138522387, "tweet_id": 581447003512672256, "text": "@twita_to @AyatBak  Zaza , E slam  and it's followers are the Cartoons...... Hari om", "type": "lower_reply"}, {"index": 6, "attribution": -0.0029227882623672485, "tweet_id": 581380854875820032, "text": "@twita_to @ashwinkr88 http://t.co/TwaOXbqWhr", "type": "lower_reply"}, {"index": 15, "attribution": -0.010804385878145695, "tweet_id": 581380901503897600, "text": "@twita_to @ashwinkr88 http://t.co/tX8d1hnA6v", "type": "lower_reply"}, {"index": 12, "attribution": -0.015371810644865036, "tweet_id": 581338997042999296, "text": "@HDLindiaOrg bullshit indean", "type": "direct_reply"}]}