{"thread_id": "581303989406314496", "gold_label": 1, "predicted_label": 0, "tweet_attributions": [{"index": 0, "attribution": 0.3425510823726654, "tweet_id": 581303989406314496, "text": "BREAKING: Co-pilot was Muslim convert http://t.co/owHYZXnVN9", "type": "source"}, {"index": 10, "attribution": 0.13735970854759216, "tweet_id": 581483833004032000, "text": "@GR8_2B_alive Nothing released up to this point suggests that. His family&amp;friends say he had a hard battle with depression though. We'll see", "type": "direct_reply"}, {"index": 1, "attribution": 0.0422007292509079, "tweet_id": 581969103579000832, "text": "@GR8_2B_alive Big Surprise, Huh? So far have heard nothing on the news, but haven't been watching today.#MuslimConvert", "type": "direct_reply"}, {"index": 4, "attribution": 0.03523365408182144, "tweet_id": 581428022483542017, "text": "@GR8_2B_alive \nGood News- Muslim co-pilot is dead\nBad News -  Others are dead too", "type": "direct_reply"}, {"index": 2, "attribution": 0.014268469996750355, "tweet_id": 581322366069923840, "text": "@GR8_2B_alive #ReligionOfPeace", "type": "direct_reply"}, {"index": 11, "attribution": 0.013242214918136597, "tweet_id": 581332105390637056, "text": "@GR8_2B_alive it makes the most sense thus far", "type": "direct_reply"}, {"index": 12, "attribution": 0.006907850969582796, "tweet_id": 581845397427064832, "text": "@GR8_2B_alive @nsroundtable May be true but evidence on that site thin.  Facebook page with 1 \"like\" looks fake.", "type": "direct_reply"}, {"index": 7, "attribution": 0.0015847602626308799, "tweet_id": 581305382099779584, "text": "@GR8_2B_alive\r\r It makes sense because Obama is flying America into the side of a mountain.", "type": "direct_reply"}, {"index": 6, "attribution": 0.0007270599598996341, "tweet_id": 581307433680670721, "text": "@GR8_2B_alive Read that story. Follow the links.There is no actual evidence at this point. I will wait for real confirmation.", "type": "direct_reply"}, {"index": 13, "attribution": -0.00318156904540956, "tweet_id": 582332595867901952, "text": "@GR8_2B_alive @nsroundtable Oh theyve been hiding that fact till now? Masking it w/stuff like eyesight prob./depression?/no1 can be trusted.", "type": "direct_reply"}, {"index": 8, "attribution": -0.011615072377026081, "tweet_id": 581306385247293440, "text": "@GR8_2B_alive Too early to make this an issue... Possibly Airbus distracting from a design flaw? Don't trust early reports.", "type": "direct_reply"}, {"index": 9, "attribution": -0.0214450154453516, "tweet_id": 581491068991979520, "text": "@ANON_Activist_0 @GR8_2B_alive By this point in time, I believe there would be people who would have confirmed that he was a mosque member.", "type": "lower_reply"}, {"index": 3, "attribution": -0.027922846376895905, "tweet_id": 581307187793956864, "text": "@GR8_2B_alive The common denominator for wholesale death &amp; destruction, Muslim. DBM=death by Muslim.", "type": "direct_reply"}, {"index": 5, "attribution": -0.03423047438263893, "tweet_id": 581338972854448129, "text": "@GR8_2B_alive #workplaceviolence", "type": "direct_reply"}]}