{"thread_id": "581386094337474560", "gold_label": 2, "predicted_label": 1, "tweet_attributions": [{"index": 1, "attribution": 0.6544237732887268, "tweet_id": 581573165492523008, "text": "@USATODAY @khjelmgaard #AndreasLubitz #GermanWings #A320 #DrEd #splitup with #girlfriend one day before crash http://t.co/D9MWIenFHP", "type": "direct_reply"}, {"index": 8, "attribution": 0.09247907996177673, "tweet_id": 581575879928590336, "text": "@tinkalee_12 @USATODAY @khjelmgaard My 2nd source is confirm 4 me French media is reporting 2fer Unverified #DrEd http://t.co/jOYHr0pPBd", "type": "lower_reply"}, {"index": 9, "attribution": 0.07801664620637894, "tweet_id": 582048059606994944, "text": "@USATODAY @khjelmgaard ers a link to prove @AndreasLubitz27 intentionally set out to kill http://t.co/jDawh1xh9q", "type": "direct_reply"}, {"index": 6, "attribution": 0.07565729320049286, "tweet_id": 581573267829342208, "text": "@USATODAY @khjelmgaard \n #A320 #PilotsNoFlyNoseDoors http://t.co/zmhXh54CLz #OffCourse #Barcelona2Dusseldorf #DrEd http://t.co/uBwbqAm0Jn", "type": "direct_reply"}, {"index": 10, "attribution": 0.05920791253447533, "tweet_id": 581576082362478595, "text": "@tinkalee_12 @USATODAY @khjelmgaard #F4Phantom #crash #500mph #hit #ConcreteWall #DrEd https://t.co/wOhFk6288U From https://t.co/5O1bfTYft3", "type": "lower_reply"}, {"index": 2, "attribution": 0.034439798444509506, "tweet_id": 581389712063008768, "text": "@USATODAY @khjelmgaard Him and millions of others no doubt but WHAT tipped him six years later to commit such an atrocious act??", "type": "direct_reply"}, {"index": 4, "attribution": 0.03321811556816101, "tweet_id": 581389448908300288, "text": "@USATODAY Col @OliverNorthFNC, military like you &amp; Gens J Keane have to say to Obama: \"You have to bomb the Iran's nuclear facilities.\"", "type": "direct_reply"}, {"index": 3, "attribution": 0.03219788894057274, "tweet_id": 581387026777260032, "text": "@usatoday @khjelmgaard davvero?! Effettivamente viviamo in un mondo fantastico, chi di noi si deprime mai!", "type": "direct_reply"}, {"index": 11, "attribution": 0.031641460955142975, "tweet_id": 581501991005863936, "text": "@USATODAY best follow I ever did", "type": "direct_reply"}, {"index": 7, "attribution": 0.018605461344122887, "tweet_id": 581574401411457024, "text": "@EdWardMDBlog @USATODAY @khjelmgaard all rumors.not confirmed at all", "type": "lower_reply"}, {"index": 5, "attribution": -0.07202311605215073, "tweet_id": 582205500709867520, "text": "@USATODAY @khjelmgaard Sure #GermanWings CoPilot #AndreasLubitz #NewMotive #DeadVisitorWalking #DrEd https://t.co/LLiUd9Ftov", "type": "direct_reply"}, {"index": 0, "attribution": -0.23302316665649414, "tweet_id": 581386094337474560, "text": "RT @khjelmgaard: German media reporting #AndreasLubitz had a 'serious depressive episode' six years ago http://t.co/MUdmHPz2ro #Germanwings", "type": "source"}]}