{"thread_id": "581303832895885312", "gold_label": 1, "predicted_label": 1, "tweet_attributions": [{"index": 3, "attribution": 0.6938619017601013, "tweet_id": 581305134283534337, "text": "@phyzal25 might want to delete that tweet. He was a convert", "type": "direct_reply"}, {"index": 4, "attribution": 0.16366888582706451, "tweet_id": 581470074386558976, "text": "\u201c@JeremyAEllis: @phyzal25 might want 2 delete that tweet.He was a convert\u201d no such evidence 2 support allegation.u might wanna delete this \ud83d\ude0c", "type": "lower_reply"}, {"index": 2, "attribution": 0.07128346711397171, "tweet_id": 581312327640752128, "text": "@phyzal25 Unfortunately, today it is a common indicator. For me, if he had a Basque surname I'd also be suspicious.", "type": "direct_reply"}, {"index": 1, "attribution": 0.02477058582007885, "tweet_id": 581306428553437186, "text": "@JeremyAEllis says who? Can anyone with authority verify that info?", "type": "lower_reply"}, {"index": 0, "attribution": -0.19891954958438873, "tweet_id": 581303832895885312, "text": "The #Germanwings co-pilot was not a Muslim, so he could not have been a terrorist. He was depressed. \ud83d\ude12 http://t.co/ySZzpYHuWB", "type": "source"}]}