{"thread_id": "581481326110445568", "gold_label": 1, "predicted_label": 1, "tweet_attributions": [{"index": 22, "attribution": 0.31490036845207214, "tweet_id": 581501414075199488, "text": "@rgomueller Es ist doch unerheblich, ob die Get\u00f6teten sich vor oder hinter dem T\u00e4ter befinden. Er war laut #Lufthansa fit, handelte bewusst.", "type": "lower_reply"}, {"index": 6, "attribution": 0.19414161145687103, "tweet_id": 581502221289934848, "text": "@tilsteff Er wollte aber die Anzahl der Toten offenbar nicht maximieren, was leicht m\u00f6glich gewesen w\u00e4re. Es war ihm einfach scheissegal.", "type": "lower_reply"}, {"index": 5, "attribution": 0.15768219530582428, "tweet_id": 581503047165186048, "text": "@rgomueller Falsch. Er konnte erst handeln, als sein Kollege das Cockpit verlie\u00df. Zielplanung somit nicht m\u00f6glich. #lasttweet", "type": "lower_reply"}, {"index": 19, "attribution": 0.12529347836971283, "tweet_id": 581492868356931584, "text": "@tilsteff @Augstein Als Attent\u00e4ter w\u00e4re er in eine Stadt gerast. Er hat die 149 Toten billigend und gleichg\u00fcltig in Kauf genommen.", "type": "lower_reply"}, {"index": 25, "attribution": 0.10237633436918259, "tweet_id": 581486766999367680, "text": "@NoHerrman @Augstein Lass den Quatsch, dieses Thema hier ist zu ernst.", "type": "lower_reply"}, {"index": 13, "attribution": 0.10098005086183548, "tweet_id": 581483837168992257, "text": "@Augstein W\u00e4re der Augstein Junior KONVERTIT, Er NIX dummes schwadronieren in DEU, sondern in Syrien ordentlich K\u00c4MPFEN f\u00fcr 72 Jungfrauen!", "type": "direct_reply"}, {"index": 9, "attribution": 0.0906415805220604, "tweet_id": 581492204570562560, "text": "Ein Attentat ist #4U9525 auch so, @Augstein, das zeigt das \u00f6ffentlichkeitswirksame Vorgehen des T\u00e4ters. Allein es fehlt bisher das Motiv.", "type": "direct_reply"}, {"index": 3, "attribution": 0.04803502559661865, "tweet_id": 581489448971567104, "text": "@Augstein\u2194 Wenn die Katze ein Pferd w\u00e4re, k\u00f6nnten wir auf den Baum klettern!", "type": "direct_reply"}, {"index": 21, "attribution": 0.04736161604523659, "tweet_id": 581483093267247104, "text": "@augstein Und was wollen Sie damit sagen? W\u00e4re der Tod von 149 Menschen plus einem M\u00f6rder dann anders zu bewerten?", "type": "direct_reply"}, {"index": 1, "attribution": 0.03629130497574806, "tweet_id": 581505845189599233, "text": "@tilsteff Nachdem der Pilot ausgesperrt war, h\u00e4tte er ja machen k\u00f6nnen was er will.", "type": "lower_reply"}, {"index": 12, "attribution": 0.035097636282444, "tweet_id": 581484284311166976, "text": "@Augstein @NoHerrman W\u00e4re der selbst-m\u00f6rd.Pilot depressiv gewesen, man w\u00fcrde unweigerlich von Selbstmord sprechen. Selbe dumme Schlussfolg.", "type": "direct_reply"}, {"index": 16, "attribution": 0.026107855141162872, "tweet_id": 581484579804057600, "text": "Stimmt! @Augstein: Waere der selbst-moerderische Co-Pilot Muslim gewesen, man wuerde unweigerlich von einem Attentat sprechen. #4U9525\u201d", "type": "direct_reply"}, {"index": 23, "attribution": 0.01770065352320671, "tweet_id": 581502378156912640, "text": "@tilsteff Das unterscheidet ihn meiner Ansicht nach von einem klassischen Attent\u00e4ter.", "type": "lower_reply"}, {"index": 17, "attribution": 0.01422946434468031, "tweet_id": 581484913947467776, "text": "@Jim_Beau_27 @Augstein Oder anders, bei steigender Dunkelheit ist mit Nacht zu rechen, wer viel mit dem Spaten gr\u00e4bt, kommt oft auch tiefer!", "type": "lower_reply"}, {"index": 4, "attribution": 0.013227219693362713, "tweet_id": 581488390367002624, "text": "@LarsOkker @Augstein Lars O.bist wohl selber scharf auf die LETZTEN 72 Jungfrauen, die es noch abschlie\u00dfend geben soll, sp\u00e4ter 36 nur noch?", "type": "lower_reply"}, {"index": 14, "attribution": 0.012773435562849045, "tweet_id": 581493346172047360, "text": "@Augstein das liegt daran, dass die grundlegende Definition von Terror schon immer rassistisch war ...", "type": "direct_reply"}, {"index": 2, "attribution": 0.012052719481289387, "tweet_id": 581490964470075392, "text": "@Augstein Richtigerweise! F\u00fcr Allah t\u00f6ten ist schlie\u00dflich die Spezialit\u00e4t der Rechtgl\u00e4ubigen.", "type": "direct_reply"}, {"index": 26, "attribution": 0.007902354933321476, "tweet_id": 581487772793454592, "text": "Oder Selbstmordattent\u00e4ter @Augstein: W\u00e4re der selbst-m\u00f6rderische CoPilot Muslim gewesen,man w\u00fcrde unweigerlich von einem Attentat sprechen.", "type": "direct_reply"}, {"index": 18, "attribution": -0.0016772695817053318, "tweet_id": 581492093316685824, "text": "@Augstein weil es nicht Ali war wird verzweifelt nach Entlastung gesucht. Wo bleiben die Opfer, wo sind personalisierte Berichte?Doppelmoral", "type": "direct_reply"}, {"index": 7, "attribution": -0.004478618036955595, "tweet_id": 581571647913766912, "text": "@NoHerrman  h\u00e4tten die Alliierten ihre Arbeit richtig getan, w\u00e4ren Sie und ihres gleichen uns erspart geblieben", "type": "lower_reply"}, {"index": 10, "attribution": -0.008659438230097294, "tweet_id": 581486526896447488, "text": "@Augstein @KaiDiekmann Da muss ich Ihnen leider Recht geben. Verr\u00fcckte Welt, gell? So war es\"nur\"ein leidenschaftlicher Pilot aus Montabaur.", "type": "direct_reply"}, {"index": 15, "attribution": -0.015015465207397938, "tweet_id": 581483624043823104, "text": "@Augstein Ihren Verdacht hatte ich in der Tat auch schon. Noch ist er nicht widerlegt.", "type": "direct_reply"}, {"index": 20, "attribution": -0.015797199681401253, "tweet_id": 581482021341519872, "text": "@Augstein Nur wenn es religi\u00f6se Motive daf\u00fcr gegeben h\u00e4tte! Co-Pilot war nicht sonderlich religi\u00f6s! Gibt keinerlei Hinweise auf Attentat!", "type": "direct_reply"}, {"index": 24, "attribution": -0.023116029798984528, "tweet_id": 581505752952676352, "text": "@tilsteff Keine Ahnung wie das Wetter war, aber bei guter Sicht h\u00e4tte er auch ad hoc irgendein bewohntes Gebiet von Hand anfliegen k\u00f6nnen.", "type": "lower_reply"}, {"index": 8, "attribution": -0.02545221894979477, "tweet_id": 581495992807231488, "text": "@Augstein ...Baum reiten!", "type": "lower_reply"}, {"index": 0, "attribution": -0.026708506047725677, "tweet_id": 581481326110445568, "text": "Waere der selbst-moerderische Co-Pilot Muslim gewesen, man wuerde unweigerlich von einem Attentat sprechen. #4U9525", "type": "source"}, {"index": 11, "attribution": -0.03044227510690689, "tweet_id": 581489102916317184, "text": "@Augstein Warum fragen Journalisten nicht, was eine Baumusterlizenz A320 kostet, wer das bezahlt und was mit dem Kredit bei Krankheit ist?", "type": "direct_reply"}]}