{"thread_id": "581405344288608256", "gold_label": 1, "predicted_label": 0, "tweet_attributions": [{"index": 0, "attribution": 0.3163825571537018, "tweet_id": 581405344288608256, "text": "Just had an emergency meeting at Ansar, Ansar &amp; Ansar Lawyers about how to discredit the news the Germanwings co-pilot was a Muslim convert", "type": "source"}, {"index": 3, "attribution": 0.017532270401716232, "tweet_id": 581462839833030656, "text": "@BoringMoAnsar @JihadistJoe http://t.co/fCYUUE3VGX", "type": "direct_reply"}, {"index": 2, "attribution": 0.0037680419627577066, "tweet_id": 581581473435750402, "text": "@BoringMoAnsar @JihadistJoe You got a job on your hands: http://t.co/SJUaGH3ewv", "type": "direct_reply"}, {"index": 5, "attribution": 0.0011825970141217113, "tweet_id": 581462319835815936, "text": "@BoringMoAnsar @JihadistJoe hahaha", "type": "direct_reply"}, {"index": 4, "attribution": -0.005172831006348133, "tweet_id": 581467762922385408, "text": "@BoringMoAnsar @JihadistJoe did Mohammed Mohammed &amp; Mohammed get the paralegal stuff outta the way? propaganda is key or is Ali Ali &amp; Ali on", "type": "direct_reply"}, {"index": 1, "attribution": -0.017656924203038216, "tweet_id": 581465191361032195, "text": "@BoringMoAnsar @JihadistJoe. He sure acted like a  Muslim Islamic jihadist.  No question. http://t.co/S6jEQTMWrg", "type": "direct_reply"}]}