{"thread_id": "524985325190656000", "gold_label": 0, "predicted_label": 0, "tweet_attributions": [{"index": 0, "attribution": 0.16926809134084833, "content_attribution": -0.029311864447276705, "stance_attribution": 0.19857995578812507, "tweet_id": 524985325190656000, "text": "White House: Obama awaiting chance to speak with Harper about Ottawa shooting http://t.co/zOQGTf8NIO http://t.co/GIqcI75fhz", "type": "source"}, {"index": 5, "attribution": 0.10577408489912078, "content_attribution": 0.007563510137204793, "stance_attribution": 0.09821057476191598, "tweet_id": 525020633588322305, "text": "@CP24 ISIS captured heavy US-weapons \nhttp://t.co/83UH2fDy2j", "type": "direct_reply"}, {"index": 7, "attribution": 0.018346263112973195, "content_attribution": -0.0073321083883669275, "stance_attribution": 0.02567837150134012, "tweet_id": 524986025182261248, "text": "\u201c@CP24: White House: Obama awaiting chance to speak with Harper about Ottawa shooting http://t.co/pag0agoyYZ http://t.co/qzRtuGGVVh\u201d sigh", "type": "direct_reply"}, {"index": 2, "attribution": 0.0009099638435733717, "content_attribution": -0.005400676831577283, "stance_attribution": 0.006310640675150655, "tweet_id": 524990563867967488, "text": "\u201c@CP24: White House: Obama awaiting chance to speak with Harper about Ottawa shooting http://t.co/nySdkXcNiF http://t.co/0YPSbrRofR\u201d", "type": "direct_reply"}, {"index": 6, "attribution": -0.008777010745057013, "content_attribution": -0.0017113424708807695, "stance_attribution": -0.007065668274176243, "tweet_id": 524985660390649856, "text": "@CP24 Harper has nothing to say to Omaggot.", "type": "direct_reply"}, {"index": 4, "attribution": -0.016798190041340456, "content_attribution": -0.00181534492675003, "stance_attribution": -0.014982845114590426, "tweet_id": 524986466674696192, "text": "@CP24 That conversation already took place about 20 mins. ago. Get with the program CP24 :-)", "type": "direct_reply"}, {"index": 3, "attribution": -0.023402781250092562, "content_attribution": -0.009065802825977276, "stance_attribution": -0.014336978424115287, "tweet_id": 524986828357894144, "text": "@CP24 that's neither Obama nor Harper", "type": "direct_reply"}, {"index": 1, "attribution": -0.02387514646587125, "content_attribution": -0.003983450376945465, "stance_attribution": -0.01989169608892579, "tweet_id": 525056750924627969, "text": "@CP24 where's Justin? Does he want to send more Aid Workers to deal with ISIL ? Understand what we have done to them ? He needs a Nobel PZ", "type": "direct_reply"}]}