{"thread_id": "524933399828369409", "gold_label": 0, "predicted_label": 0, "tweet_attributions": [{"index": 0, "attribution": 0.08641512110717395, "content_attribution": -0.07807611757278185, "stance_attribution": 0.16449123867995574, "tweet_id": 524933399828369409, "text": "WATCH LIVE: The scene outside Parliament Hill where a soldier has been shot http://t.co/k1d6G8HR0o", "type": "source"}, {"index": 6, "attribution": 0.05208794163745806, "content_attribution": -0.0030301774526675816, "stance_attribution": 0.055118119090125636, "tweet_id": 524941959170121728, "text": "@CP24 should have got them all #FuckTheForces", "type": "direct_reply"}, {"index": 2, "attribution": 0.04120619795929051, "content_attribution": -0.006347916879047763, "stance_attribution": 0.047554114838338275, "tweet_id": 524933876347863041, "text": "@CP24 all of Canada needs to pray.", "type": "direct_reply"}, {"index": 3, "attribution": 0.013113749571142082, "content_attribution": 0.005321042238711411, "stance_attribution": 0.007792707332430676, "tweet_id": 524937166171152384, "text": "@CP24 sound is not working", "type": "direct_reply"}, {"index": 1, "attribution": 0.005776966727444183, "content_attribution": 0.004180242480409539, "stance_attribution": 0.0015967242470346444, "tweet_id": 524933930068480000, "text": "@CP24 please don't broadcast location of officers for their safety", "type": "direct_reply"}, {"index": 7, "attribution": -0.01358490532616625, "content_attribution": -0.007296344733187701, "stance_attribution": -0.006288560592978549, "tweet_id": 524936755288743936, "text": "@CP24 Theres no sound.", "type": "direct_reply"}, {"index": 5, "attribution": -0.025662049385997657, "content_attribution": -0.007145852083892328, "stance_attribution": -0.018516197302105325, "tweet_id": 524937429065936896, "text": "@CP24 @CBCAlerts  Note to all those concerned, in moments of #nationalSecurity GPS &amp; CellularNetworks are jammed in response @CSIS #weUnite", "type": "direct_reply"}, {"index": 4, "attribution": -0.03695154141466548, "content_attribution": -0.010658934646292396, "stance_attribution": -0.026292606768373077, "tweet_id": 524939617737662465, "text": "@CP24 sound?", "type": "direct_reply"}]}