{"thread_id": "524943490887991296", "gold_label": 0, "predicted_label": 0, "tweet_attributions": [{"index": 0, "attribution": 0.05838049597381122, "content_attribution": -0.06509309616713624, "stance_attribution": 0.12347359214094747, "tweet_id": 524943490887991296, "text": "CONFIRMED | 1 shooter shot dead at Parliament Hill, but there is more than 1 suspect. #cbcOTT #OTTnews", "type": "source"}, {"index": 7, "attribution": 0.04792761439133957, "content_attribution": -0.001010497682482621, "stance_attribution": 0.048938112073822204, "tweet_id": 524945168277852160, "text": "@ac360 @cnn\"@CBCOttawa: CONFIRMED | 1 shooter shot dead at Parliament Hill, but there is more than 1 suspect. #cbcOTT #OTTnews\u201d", "type": "direct_reply"}, {"index": 2, "attribution": 0.01738714659574674, "content_attribution": -5.4937563397071095e-05, "stance_attribution": 0.017442084159143802, "tweet_id": 524944680971415552, "text": "\u201c@CBCOttawa: CONFIRMED | 1 shooter shot dead at Parliament Hill, but there is more than 1 suspect. #cbcOTT #OTTnews\u201d @JohnJeddore", "type": "direct_reply"}, {"index": 1, "attribution": 0.016016977632123355, "content_attribution": -0.00758953978698982, "stance_attribution": 0.023606517419113175, "tweet_id": 524943794702401536, "text": "@CBCOttawa @TheLeeWilliams :-((", "type": "direct_reply"}, {"index": 3, "attribution": 0.013562410151770971, "content_attribution": 0.002135178936794726, "stance_attribution": 0.011427231214976245, "tweet_id": 524943652138016768, "text": "\u201c@CBCOttawa: CONFIRMED | 1 shooter shot dead at Parliament Hill, but there is more than 1 suspect. #cbcOTT #OTTnews\u201d \ud83d\ude2d\ud83d\ude2d", "type": "direct_reply"}, {"index": 6, "attribution": 0.0068948440638006685, "content_attribution": 0.0027043810115559806, "stance_attribution": 0.00419046305224469, "tweet_id": 524944020276256768, "text": "\u201c@CBCOttawa: CONFIRMED | 1 shooter shot dead at Parliament Hill, but there is more than 1 suspect. #cbcOTT #OTTnews\u201d", "type": "direct_reply"}, {"index": 4, "attribution": -0.00239101362632267, "content_attribution": -0.004369459761511801, "stance_attribution": 0.0019784461351891316, "tweet_id": 524943686032175104, "text": "\u201c@CBCOttawa: CONFIRMED | 1 shooter shot dead at Parliament Hill, but there is more than 1 suspect. #cbcOTT #OTTnews\u201d #staysafeottawa", "type": "direct_reply"}, {"index": 5, "attribution": -0.07251982975648351, "content_attribution": -0.0032477420273365728, "stance_attribution": -0.06927208772914695, "tweet_id": 524944687053152256, "text": "Dear Canada, what are you doing??? MT @CBCOttawa CONFIRMED | 1 shooter shot dead at Parliament Hill. #cbcOTT #OTTnews", "type": "direct_reply"}]}