{"thread_id": "524972443308683264", "gold_label": 2, "predicted_label": 2, "tweet_attributions": [{"index": 5, "attribution": 2.504491932681435, "content_attribution": 0.016925168207098634, "stance_attribution": 2.4875667644743364, "tweet_id": 524990464970489856, "text": "@amyminsky @cindyreddeer Okay did quick search.  Seems these are low level wannabe terrorists retaliating for Canada's stand against ISIS.", "type": "lower_reply"}, {"index": 3, "attribution": 2.136046131759573, "content_attribution": 0.03528353988410027, "stance_attribution": 2.1007625918754727, "tweet_id": 524995006088896513, "text": "@Olternaut The terrorists bit has not been confirmed as far as I'm aware. Last guy who shot up Parliament 29 yrs ago was a nutcase. #waiting", "type": "lower_reply"}, {"index": 4, "attribution": 1.5516014220479262, "content_attribution": 0.0029937240949801432, "stance_attribution": 1.5486076979529462, "tweet_id": 524974351095832578, "text": "@amyminsky @GlobalNational 12:50am??", "type": "direct_reply"}, {"index": 9, "attribution": 0.937523132345841, "content_attribution": 0.004404817164461263, "stance_attribution": 0.9331183151813798, "tweet_id": 524974608286359552, "text": "@cherylfolland @amyminsky @GlobalNational Probably meant PM, in the afternoon &gt;.&lt;", "type": "lower_reply"}, {"index": 1, "attribution": 0.15775694465767204, "content_attribution": 0.008331789636558545, "stance_attribution": 0.14942515502111353, "tweet_id": 524975119438200833, "text": ".@mariaenchanted @cherylfolland  yes, certainly a typo. @GlobalNational", "type": "lower_reply"}, {"index": 6, "attribution": 0.08015094280503607, "content_attribution": 0.08348887904405548, "stance_attribution": -0.0033379362390194107, "tweet_id": 524996595021283328, "text": "@cindyreddeer Everything needs to be confirmed of course.  It would make sense though if true though.", "type": "lower_reply"}, {"index": 2, "attribution": 0.007534068052662151, "content_attribution": -0.0009788131637245663, "stance_attribution": 0.008512881216386717, "tweet_id": 524975009488330756, "text": "@amyminsky @althiaraj Thank you for up date ---  great job --Thank you ------pnp---canada", "type": "direct_reply"}, {"index": 11, "attribution": 0.006866876657334752, "content_attribution": 0.10756639441197738, "stance_attribution": -0.10069951775464264, "tweet_id": 524996070972358656, "text": "@Olternaut A soldier was intentionally hit by a car driven by a radicalized person, also not really confirmed yet. http://t.co/5g4OhXoh2t", "type": "lower_reply"}, {"index": 8, "attribution": -0.0014457686462179022, "content_attribution": -0.0030580969623268074, "stance_attribution": 0.0016123283161089052, "tweet_id": 524995496944087040, "text": "@amyminsky @BretBaier this is s dry run for what that have planned for us in USA.", "type": "direct_reply"}, {"index": 10, "attribution": -0.055388980484471745, "content_attribution": 0.06506118784634488, "stance_attribution": -0.12045016833081662, "tweet_id": 524995354539085826, "text": "@cindyreddeer True.  But I hear there was a similar incident this past Monday. Is that correct?  That makes me think its low level terrorism", "type": "lower_reply"}, {"index": 7, "attribution": -0.10374436538454032, "content_attribution": 0.014233139453621133, "stance_attribution": -0.11797750483816147, "tweet_id": 524989861087158272, "text": "@amyminsky @cindyreddeer Okay, so what's been happening in Canada?", "type": "direct_reply"}, {"index": 0, "attribution": -0.28375731991043945, "content_attribution": 0.00034079253748958965, "stance_attribution": -0.28409811244792904, "tweet_id": 524972443308683264, "text": "Statement from Ottawa Hospital: received 3 patients. 2 in stable condition. http://t.co/zu5hYPrGDL", "type": "source"}]}