{"thread_id": "524958227768020992", "gold_label": 2, "predicted_label": 0, "tweet_attributions": [{"index": 0, "attribution": 0.17505695901967502, "content_attribution": -0.010554717110140506, "stance_attribution": 0.18561167612981555, "tweet_id": 524958227768020992, "text": "BREAKING: Two new patients coming to Ottawa hospital civic campus. One with gunshot wounds. Just confirmed #ottnews", "type": "source"}, {"index": 3, "attribution": 0.04856620448302977, "content_attribution": 0.00012007132901792371, "stance_attribution": 0.04844613315401184, "tweet_id": 524995126993887232, "text": "@stefankeyesCTV @Donna_West Prayers for Canada.", "type": "direct_reply"}, {"index": 1, "attribution": 0.03203684797991957, "content_attribution": 0.015961627722061986, "stance_attribution": 0.016075220257857577, "tweet_id": 524958453295353856, "text": "@stefankeyesCTV stay safe Stefan..", "type": "direct_reply"}, {"index": 2, "attribution": 0.024208371422673097, "content_attribution": -0.0005600577621431989, "stance_attribution": 0.0247684291848163, "tweet_id": 524961802279731200, "text": "\u201c@stefankeyesCTV: BREAKING: Two new patients coming to Ottawa hospital civic campus. One with gunshot wounds. Just confirmed #ottnews\u201d", "type": "direct_reply"}, {"index": 4, "attribution": 0.007675310942342334, "content_attribution": -0.0026380694054575506, "stance_attribution": 0.010313380347799887, "tweet_id": 524960447574081536, "text": "RT\u201c@stefankeyesCTV: BREAKING: Two new patients coming to Ottawa hospital civic campus. One with gunshot wounds. Just confirmed #ottnews\u201d", "type": "direct_reply"}, {"index": 5, "attribution": 0.006856562481005631, "content_attribution": 0.0004401372764051615, "stance_attribution": 0.006416425204600468, "tweet_id": 524962858522931201, "text": "RT @stefankeyesCTV Two new patients coming to Ottawa hospital civic campus. One with gunshot wounds. Just confirmed #ottawashootings", "type": "direct_reply"}, {"index": 6, "attribution": -0.00046145642813345475, "content_attribution": -0.002621669685272442, "stance_attribution": 0.0021602132571389857, "tweet_id": 524958690424930304, "text": "@stefankeyesCTV Stay safe Stefan", "type": "direct_reply"}]}