{"thread_id": "524954833648771072", "gold_label": 2, "predicted_label": 2, "tweet_attributions": [{"index": 4, "attribution": 1.3144717208263614, "content_attribution": 0.030363569685863415, "stance_attribution": 1.284108151140498, "tweet_id": 524958828367183872, "text": "\u201c@Reuters: At least 30 more shots were fired inside Parliament in Ottawa. http://t.co/H33dmwgHGg\u201d unprecedented event in peace loving Canada", "type": "direct_reply"}, {"index": 5, "attribution": 0.15434023088067314, "content_attribution": 0.016884326295622674, "stance_attribution": 0.13745590458505047, "tweet_id": 524960567526952961, "text": "@Lisaraniray @Reuters They're probably American.", "type": "lower_reply"}, {"index": 7, "attribution": 0.07883374213609469, "content_attribution": 0.024364718637074245, "stance_attribution": 0.054469023499020455, "tweet_id": 524960487319273472, "text": "@Lisaraniray @Reuters  thanks to God that we are living in places \"safe\" !Troubled minds provoke hatred and destroy the peace we all deserve", "type": "lower_reply"}, {"index": 9, "attribution": 0.06532427584371076, "content_attribution": 0.01600200054321347, "stance_attribution": 0.04932227530049728, "tweet_id": 524966546985472000, "text": "@lisaraniray hey , won't you say big hi to Turkish fans?x", "type": "lower_reply"}, {"index": 12, "attribution": 0.01575520273715031, "content_attribution": -0.00011719684037745222, "stance_attribution": 0.01587239957752776, "tweet_id": 524957603881693184, "text": "\u30ab\u30ca\u30c0\u3001\u30aa\u30bf\u30ef\u306e\u8b70\u4f1a\u5468\u8fba\u9283\u6483\u4e8b\u4ef6\u300130\u767a\u4ee5\u4e0a\u306e\u9283\u5f3e\u304c\u767a\u5c04\u3055\u308c\u305f\u6a21\u69d8\u3002\u72af\u4eba\u9003\u8d70\u3001\u635c\u7d22\u7d99\u7d9a\u3002@Reuters At least 30 more shots were fired inside Parliament in Ottawa.", "type": "direct_reply"}, {"index": 2, "attribution": 0.011286205111131634, "content_attribution": 4.068052747275668e-05, "stance_attribution": 0.011245524583658878, "tweet_id": 524983670377955328, "text": "\u201c@Reuters: At least 30 more shots were fired inside Parliament in Ottawa. http://t.co/8a4u9PFKzI\u201d Now, Canada !", "type": "direct_reply"}, {"index": 8, "attribution": 0.007826444536506626, "content_attribution": -0.00043447457851627516, "stance_attribution": 0.008260919115022903, "tweet_id": 524954907099815936, "text": "@Reuters \u0627\u062f\u0639\u0645\u0648\u0648\u0648\u0646\u0627 @Question_arab", "type": "direct_reply"}, {"index": 1, "attribution": 0.007201990748135758, "content_attribution": -0.0002574300347449935, "stance_attribution": 0.007459420782880753, "tweet_id": 524965089963966464, "text": "KEEP CANADA IN YOUR PRAYERS \u201c@Reuters: At least 30 more shots were fired inside Parliament in Ottawa. http://t.co/jrNkLarZw5\u201d", "type": "direct_reply"}, {"index": 11, "attribution": 0.0033984513216858067, "content_attribution": -0.0004795181007457078, "stance_attribution": 0.0038779694224315145, "tweet_id": 524955605824700416, "text": "\u201c@Reuters: At least 30 more shots were fired inside Parliament..\" #HidingUnderDesks #PassAnotherBrutishLaw #GodIsUrTerrorist #CanadaNeedsWBC", "type": "direct_reply"}, {"index": 10, "attribution": 0.0025845936177944268, "content_attribution": -0.003028375365037208, "stance_attribution": 0.005612968982831634, "tweet_id": 524979670824275968, "text": "@Reuters in a country with strict gun control", "type": "direct_reply"}, {"index": 3, "attribution": 0.00130812836625713, "content_attribution": 8.877845732651904e-05, "stance_attribution": 0.0012193499089306094, "tweet_id": 524954992269336576, "text": "\u201c@Reuters: At least 30 more shots were fired inside Parliament in Ottawa. http://t.co/nsKBoxzRCc\u201d WHUHHHH??!!", "type": "direct_reply"}, {"index": 6, "attribution": -0.002317113915861602, "content_attribution": 0.00046939765045512453, "stance_attribution": -0.0027865115663167246, "tweet_id": 524955744496779264, "text": "\u201c@Reuters: At least 30 more shots were fired inside Parliament in Ottawa. http://t.co/N3jzyBGjQV\u201d", "type": "direct_reply"}, {"index": 0, "attribution": -0.7760129976568805, "content_attribution": 0.04766158820039334, "stance_attribution": -0.8236745858572738, "tweet_id": 524954833648771072, "text": "At least 30 more shots were fired inside Parliament in Ottawa. http://t.co/1cKIHwuCzl", "type": "source"}]}