{"thread_id": "524928878075457536", "gold_label": 0, "predicted_label": 2, "tweet_attributions": [{"index": 9, "attribution": 3.3909415583619893, "content_attribution": 0.018291197806825518, "stance_attribution": 3.3726503605551637, "tweet_id": 524930617117777921, "text": "@Iran_Photos @CBCNews this crazy ex  Iranian criminal thinks he can can get free ride in canada", "type": "lower_reply"}, {"index": 20, "attribution": 3.202038913272408, "content_attribution": 0.014076393179646117, "stance_attribution": 3.1879625200927615, "tweet_id": 524931905490530304, "text": "@BriRawk @CBCNews I am journalist", "type": "lower_reply"}, {"index": 23, "attribution": 1.1750127875464418, "content_attribution": -3.904580877142237e-05, "stance_attribution": 1.1750518333552131, "tweet_id": 524929254031888385, "text": "@CBCNews last night sleeping in car 80 days Vancouver  I told god please give Canadian hard times because they are not good people", "type": "direct_reply"}, {"index": 16, "attribution": 0.8079315892147815, "content_attribution": 0.011162252100502704, "stance_attribution": 0.7967693371142788, "tweet_id": 524934105629483009, "text": "@iran_photos Come to South Africa where many Iranians are ripping off the locals in spaza shops!!!!!", "type": "lower_reply"}, {"index": 18, "attribution": 0.5396710286990004, "content_attribution": 0.0384955378418769, "stance_attribution": 0.5011754908571234, "tweet_id": 524935809599033346, "text": "@Buzzy14 Iranian are mostly lazy fucking people and why government of Iran punishing this people you right", "type": "lower_reply"}, {"index": 5, "attribution": 0.24964054138052955, "content_attribution": 0.06325806610953837, "stance_attribution": 0.18638247527099117, "tweet_id": 524959960338558976, "text": "@Iran_Photos @Buzzy14 If you are a journalist then you are not much of one. You are closed minded and rude.", "type": "lower_reply"}, {"index": 17, "attribution": 0.07757127170540323, "content_attribution": 0.0010188574793622627, "stance_attribution": 0.07655241422604098, "tweet_id": 524934551035187200, "text": "@Iran_Photos @BriRawk @CBCNews You am illiterate.", "type": "lower_reply"}, {"index": 14, "attribution": 0.0621891168701984, "content_attribution": 0.06195927818798044, "stance_attribution": 0.00022983868221796447, "tweet_id": 525141133631172608, "text": "@Buzzy14 I agree. You can't negotiate or come to terms with ppl like that.", "type": "lower_reply"}, {"index": 10, "attribution": 0.05021783431373529, "content_attribution": 0.04791493552454259, "stance_attribution": 0.0023028987891926984, "tweet_id": 525126378245849088, "text": "@Bioware_Gaming  I did,nt think so its a mental case &amp; best to block!", "type": "lower_reply"}, {"index": 12, "attribution": 0.014149829285609988, "content_attribution": 0.014826621867692727, "stance_attribution": -0.0006767925820827382, "tweet_id": 524961950548385793, "text": "@Bioware_Gaming @Buzzy14 http://t.co/9EUFeyNkb2", "type": "lower_reply"}, {"index": 6, "attribution": 0.010382474660015548, "content_attribution": -0.0009074045691105004, "stance_attribution": 0.011289879229126047, "tweet_id": 524934190941626368, "text": "@CBCNews ok Canada shut the border and arrest the suspected 99 home bread suspected ISIS. Act now ask questions later.", "type": "direct_reply"}, {"index": 2, "attribution": 0.010381622065901819, "content_attribution": 0.0017861849548002546, "stance_attribution": 0.008595437111101565, "tweet_id": 525120302754586624, "text": "@Iran_Photos Sweet dreams for you &amp; remember to turn off car engine!!! Newspaper on windows keeps warmth inside!!!", "type": "lower_reply"}, {"index": 13, "attribution": 0.005498536853811375, "content_attribution": 9.50574852639002e-05, "stance_attribution": 0.005403479368547476, "tweet_id": 524930995683065857, "text": "\u201c@CBCNews: Soldier shot at National War Memorial in Ottawa http://t.co/Vj7rZf3oE0 http://t.co/NDABrInGaC\u201d", "type": "direct_reply"}, {"index": 1, "attribution": 0.003945334784593507, "content_attribution": 0.011847243465777705, "stance_attribution": -0.007901908681184195, "tweet_id": 525120517096108033, "text": "@Bioware_Gaming How did he get into Canada?", "type": "lower_reply"}, {"index": 7, "attribution": 0.003115297377623766, "content_attribution": 0.023076293425531243, "stance_attribution": -0.01996099604790748, "tweet_id": 525122203906752513, "text": "@Buzzy14 I don't think he is", "type": "lower_reply"}, {"index": 24, "attribution": 0.0003319390548790892, "content_attribution": 0.0005302444803979254, "stance_attribution": -0.00019830542551883628, "tweet_id": 524934283962875904, "text": "\u201c@CBCNews: Soldier shot at National War Memorial in Ottawa http://t.co/1Uan4TiyYx http://t.co/MzlUN8ba1F\u201d for anyone in Ottawa :/", "type": "direct_reply"}, {"index": 3, "attribution": -0.00010654487373908377, "content_attribution": -0.0003691322718555967, "stance_attribution": 0.0002625873981165123, "tweet_id": 524930680925736961, "text": "Stay safe, Ottawa friends. \u201c@CBCNews: Soldier shot at National War Memorial in Ottawa http://t.co/nVq1n1qcLw http://t.co/bIUXe5Efq2\u201d", "type": "direct_reply"}, {"index": 4, "attribution": -0.0008173952441689275, "content_attribution": -0.000644895157853736, "stance_attribution": -0.0001725000863151914, "tweet_id": 524930974111760384, "text": "It's happening. RT @CBCNews: Soldier shot at National War Memorial in Ottawa http://t.co/3CqXFICtm8", "type": "direct_reply"}, {"index": 8, "attribution": -0.001915203658093851, "content_attribution": -0.002447332705620921, "stance_attribution": 0.00053212904752707, "tweet_id": 524929340900118528, "text": "@CBCNews why is this not on channel 9 right now??? Breaking news", "type": "direct_reply"}, {"index": 15, "attribution": -0.0021711193635483962, "content_attribution": -0.00045350801114307164, "stance_attribution": -0.0017176113524053247, "tweet_id": 524929426606555136, "text": "@CBCNews Stay Safe all CF members", "type": "direct_reply"}, {"index": 21, "attribution": -0.0059767355737219575, "content_attribution": 0.00013723968132902352, "stance_attribution": -0.006113975255050981, "tweet_id": 524930918134611968, "text": "@CBCNews @CBCTheNational Are the pandas out of the building too?", "type": "direct_reply"}, {"index": 11, "attribution": -0.0076479622083920834, "content_attribution": -0.000999528526352533, "stance_attribution": -0.00664843368203955, "tweet_id": 524931001924202496, "text": "\u201c@CBCNews: Soldier shot at National War Memorial in Ottawa http://t.co/0XNNY6XtGD http://t.co/PsfQRpffT6\u201dare the pandas out too?", "type": "direct_reply"}, {"index": 22, "attribution": -0.010097170899789565, "content_attribution": 0.00028628542253073485, "stance_attribution": -0.010383456322320298, "tweet_id": 524930222115004416, "text": "@Iran_Photos @CBCNews Pardon my language but please kindly go fuck yourself, Iran_Photos. How can you be so heartless!", "type": "lower_reply"}, {"index": 19, "attribution": -0.058789507883806554, "content_attribution": 0.0023249126427843992, "stance_attribution": -0.06111442052659096, "tweet_id": 524951550485987328, "text": "@Iran_Photos @CBCNews y don't u go back to the sand where u came from then. Bitch ass pussy", "type": "lower_reply"}, {"index": 0, "attribution": -0.09525550832697696, "content_attribution": 0.015435370905443075, "stance_attribution": -0.11069087923242005, "tweet_id": 524928878075457536, "text": "Soldier shot at National War Memorial in Ottawa http://t.co/WABNVkk7wA http://t.co/SRMYiIoOY9", "type": "source"}]}