{"thread_id": "524940716733370374", "gold_label": 2, "predicted_label": 2, "tweet_attributions": [{"index": 19, "attribution": 0.9244841609318882, "content_attribution": -0.0015460076482641271, "stance_attribution": 0.9260301685801524, "tweet_id": 524942219216969728, "text": "@SkyNews More shootings! @bpmacd", "type": "direct_reply"}, {"index": 18, "attribution": 0.224137908552379, "content_attribution": 0.0007557243784545287, "stance_attribution": 0.2233821841739245, "tweet_id": 524942298850004993, "text": "@SkyNews Good luck guy and gals, don't take chances take them out!", "type": "direct_reply"}, {"index": 4, "attribution": 0.16446552447254204, "content_attribution": 0.02213619188096974, "stance_attribution": 0.1423293325915723, "tweet_id": 524943217478078464, "text": "@ShaneStephens @SkyNews I'm listening to it on the radio it's scary stuff. I was only up there at the start of September", "type": "lower_reply"}, {"index": 7, "attribution": 0.10822001534933579, "content_attribution": 0.011621973943789735, "stance_attribution": 0.09659804140554605, "tweet_id": 524941053020078080, "text": "@SkyNews wait,things like that don't happen in #Canada \ud83d\ude31\ud83d\ude33", "type": "direct_reply"}, {"index": 14, "attribution": 0.049868611247906286, "content_attribution": 0.012012838686669969, "stance_attribution": 0.03785577256123632, "tweet_id": 524945326307045376, "text": "@SkyNews Somebody at Our Congress and you Parliament should reinforce security now! This might be the start of it!", "type": "lower_reply"}, {"index": 16, "attribution": 0.047927285559325704, "content_attribution": 0.043578472623904387, "stance_attribution": 0.004348812935421313, "tweet_id": 524943240446095360, "text": "@c_fluffinfluff @SkyNews Yup. Must be the end of the world.", "type": "lower_reply"}, {"index": 2, "attribution": 0.02882445584859787, "content_attribution": -0.0006557827119698757, "stance_attribution": 0.029480238560567744, "tweet_id": 524945739957669888, "text": "@SkyNews this makes me so fucking mad! There are no words !", "type": "direct_reply"}, {"index": 13, "attribution": 0.02203294471973458, "content_attribution": -0.0013951351648263236, "stance_attribution": 0.023428079884560908, "tweet_id": 524967025350041600, "text": "@SkyNews @willy_cole15  Watching it out my window at work #alittletooclose", "type": "direct_reply"}, {"index": 15, "attribution": 0.009653933945853305, "content_attribution": -0.0003464541844966088, "stance_attribution": 0.010000388130349916, "tweet_id": 524943875908321281, "text": "@SkyNews @heatherfoxnews God help them find this perpetrator.", "type": "direct_reply"}, {"index": 5, "attribution": 0.007279715664050618, "content_attribution": -0.0006052788202555383, "stance_attribution": 0.007884994484306157, "tweet_id": 524987171376492546, "text": "@SkyNews scary!!!", "type": "direct_reply"}, {"index": 9, "attribution": 0.006019783094118919, "content_attribution": -7.069718205929238e-05, "stance_attribution": 0.006090480276178212, "tweet_id": 524942977027022848, "text": "@SkyNews @Lily_jordanx", "type": "direct_reply"}, {"index": 10, "attribution": 0.005712688836644094, "content_attribution": -0.003379402988188284, "stance_attribution": 0.009092091824832378, "tweet_id": 524940948577738753, "text": "@SkyNews shooting suspect at large, not a medium or small then?", "type": "direct_reply"}, {"index": 6, "attribution": 0.004517550204286004, "content_attribution": -0.0008687336822386383, "stance_attribution": 0.005386283886524642, "tweet_id": 524946812512534529, "text": "@SkyNews @heatherfoxnews that's what there going to do in the WH, because nobody cares, oh it's not gonna happen here WAKE UP!", "type": "direct_reply"}, {"index": 1, "attribution": 0.0036189391631699045, "content_attribution": -0.0001534009334566639, "stance_attribution": 0.003772340096626568, "tweet_id": 524942058675793920, "text": "@SkyNews whooo", "type": "direct_reply"}, {"index": 3, "attribution": 0.002893826719555231, "content_attribution": 0.0007273584427136742, "stance_attribution": 0.0021664682768415566, "tweet_id": 524945812447830017, "text": "@SkyNews @EricAmey2 that's some stellar security goin' on in the Canadian Parliament I see, much like the WH Secret disService is here!", "type": "direct_reply"}, {"index": 12, "attribution": 0.0019440515451528452, "content_attribution": -0.0049481554629754124, "stance_attribution": 0.0068922070081282585, "tweet_id": 524945019837636608, "text": "@SkyNews the solider was receiving emergency CPR any news on his condition now.", "type": "direct_reply"}, {"index": 8, "attribution": 0.0011319037153698056, "content_attribution": 0.00031625809414292103, "stance_attribution": 0.0008156456212268853, "tweet_id": 524943111068602368, "text": "@SkyNews Whoever invented the gun needs shooting.", "type": "direct_reply"}, {"index": 11, "attribution": -0.0006687957913062885, "content_attribution": -0.000515297474582976, "stance_attribution": -0.00015349831672331268, "tweet_id": 524951309955256320, "text": "@SkyNews: Shots fired inside Ottawa's Parliament building. Canadian police say shooting suspect is still at large. https://t.co/xHzfDR6C3v", "type": "direct_reply"}, {"index": 17, "attribution": -0.0017507363136712178, "content_attribution": -0.0006907996936396925, "stance_attribution": -0.001059936620031525, "tweet_id": 524941819964956674, "text": "Shots are fired inside Ottawa's Parliament building. Canadian police say shooting suspect is still  large https://t.co/1iv0CDY5xb  @SkyNews", "type": "direct_reply"}, {"index": 0, "attribution": -0.6244722636109752, "content_attribution": 0.07550917985571363, "stance_attribution": -0.6999814434666889, "tweet_id": 524940716733370374, "text": "WATCH: Shots are fired inside Ottawa's Parliament building. Canadian police say shooting suspect is still at large. https://t.co/mzxG4e8m84", "type": "source"}]}