{"thread_id": "524977651476623360", "gold_label": 0, "predicted_label": 0, "tweet_attributions": [{"index": 0, "attribution": 0.22774674405891807, "content_attribution": 0.06591125404302632, "stance_attribution": 0.16183549001589176, "tweet_id": 524977651476623360, "text": "Soldier shot at War Memorial in Ottawa has died. Live coverage: http://t.co/pQpji0hgFI", "type": "source"}, {"index": 12, "attribution": 0.054293486366328775, "content_attribution": 0.0026032624540421167, "stance_attribution": 0.051690223912286656, "tweet_id": 524978497077661697, "text": "@globeandmail wow sad to hear that.is this terrorism?", "type": "direct_reply"}, {"index": 6, "attribution": 0.0348549190736874, "content_attribution": 0.0012050407290506717, "stance_attribution": 0.03364987834463672, "tweet_id": 524978894555062273, "text": "Very sad news \u201c@globeandmail: Soldier shot at War Memorial in Ottawa has died. Live coverage: http://t.co/PIRb5EQGvj\u201d", "type": "direct_reply"}, {"index": 9, "attribution": 0.02605526191383429, "content_attribution": 0.003757919507905839, "stance_attribution": 0.022297342405928455, "tweet_id": 524978566090743808, "text": "In thoughts with his family \u201c@globeandmail: Soldier shot at War Memorial in Ottawa has died. Live coverage: http://t.co/RriQpuu0Ry\u201d", "type": "direct_reply"}, {"index": 3, "attribution": 0.0156760233967917, "content_attribution": -0.0007413156303633933, "stance_attribution": 0.016417339027155094, "tweet_id": 524981730600439810, "text": "@globeandmail Very very sad news  it should not be repeated.", "type": "direct_reply"}, {"index": 5, "attribution": 0.012163598298660408, "content_attribution": 0.0021240774773970683, "stance_attribution": 0.010039520821263342, "tweet_id": 524980660134772736, "text": "\u201c@globeandmail: Soldier shot at War Memorial in Ottawa has died. Live coverage: http://t.co/UyIdLIVbpD\u201d sad, RIP", "type": "direct_reply"}, {"index": 15, "attribution": 0.010236917947717373, "content_attribution": 0.002345011002817962, "stance_attribution": 0.007891906944899411, "tweet_id": 524978125449744385, "text": "\u201c@globeandmail: Soldier shot at War Memorial in Ottawa has died. Live coverage: http://t.co/cEfczxspVr\u201d my my condolences to his family", "type": "direct_reply"}, {"index": 8, "attribution": 0.010094303815066558, "content_attribution": 0.00446514579773026, "stance_attribution": 0.005629158017336296, "tweet_id": 524979214534336513, "text": "This is so terribly upsetting. @globeandmail: Soldier shot at War Memorial in Ottawa has died.", "type": "direct_reply"}, {"index": 2, "attribution": 0.0019745361905693388, "content_attribution": 0.0017208121722930916, "stance_attribution": 0.0002537240182762466, "tweet_id": 524977902564429824, "text": "\u201c@globeandmail: Soldier shot at War Memorial in Ottawa has died. Live coverage: http://t.co/foJ2IQwYtq\u201d RIP to this soldier \ud83d\ude1e #PrayForOttawa", "type": "direct_reply"}, {"index": 10, "attribution": 0.001315026761071386, "content_attribution": -0.0014659177097447274, "stance_attribution": 0.0027809444708161105, "tweet_id": 524981213279182852, "text": "@globeandmail Our Condolences to our neighbors and ally to the North.", "type": "direct_reply"}, {"index": 4, "attribution": 0.0005421908293541571, "content_attribution": 0.0009939829623068245, "stance_attribution": -0.0004517921329526666, "tweet_id": 524978572415729664, "text": "\u201c@globeandmail: Soldier shot at War Memorial in Ottawa has died. Live coverage: http://t.co/WrG9pXyNZE\u201d may he RIP :( So sad and tragic!", "type": "direct_reply"}, {"index": 1, "attribution": -0.0010794115632496767, "content_attribution": 0.0016443961748901065, "stance_attribution": -0.002723807738139786, "tweet_id": 524978929497800704, "text": "So sad... Prayers go to family \u201c@globeandmail: Soldier shot at War Memorial in Ottawa has died. Live coverage: http://t.co/V7Mm2M1hVS\u201d", "type": "direct_reply"}, {"index": 13, "attribution": -0.0022225616871209223, "content_attribution": 0.005122979276980433, "stance_attribution": -0.007345540964101355, "tweet_id": 524979068148920321, "text": "@globeandmail Do you not have the respect to say \"rest in peace\" before you use the term LIVE COVERAGE? Not very professional", "type": "direct_reply"}, {"index": 14, "attribution": -0.009108050851095516, "content_attribution": -0.0009091956408086126, "stance_attribution": -0.008198855210286904, "tweet_id": 524978115081433088, "text": "Sad News from #parlimenthill our thoughts r w you, stay strong #Ottawa @globeandmail", "type": "direct_reply"}, {"index": 7, "attribution": -0.009208827775632835, "content_attribution": 0.001411378943059776, "stance_attribution": -0.010620206718692609, "tweet_id": 525003885224534017, "text": "@globeandmail", "type": "direct_reply"}, {"index": 11, "attribution": -0.011848189149548202, "content_attribution": 0.002836614816565907, "stance_attribution": -0.014684803966114112, "tweet_id": 524978715512823810, "text": "\u201c@globeandmail: Soldier shot at War Memorial in Ottawa has died. Live coverage: http://t.co/p3ZbKh6XkQ\u201d oh man the worst outcome", "type": "direct_reply"}]}