{"thread_id": "524948268355051520", "gold_label": 0, "predicted_label": 0, "tweet_attributions": [{"index": 0, "attribution": 0.24428673959700736, "content_attribution": 0.006133147920792732, "stance_attribution": 0.2381535916762146, "tweet_id": 524948268355051520, "text": "BREAKING: @ctvottawa CONFIRMS: One shooter dead.  Police working under assumption more than one shooter.  3 shooting incidents #ottnews", "type": "source"}, {"index": 1, "attribution": 0.09436982117775572, "content_attribution": -0.006712483666889748, "stance_attribution": 0.10108230484464546, "tweet_id": 524950509908922370, "text": "@CatherineCTV @JSB_FOX @ctvottawa be safe Canada.", "type": "direct_reply"}, {"index": 2, "attribution": -0.02461586001609293, "content_attribution": -0.0024421474682384276, "stance_attribution": -0.022173712547854503, "tweet_id": 524951818632437760, "text": "@CatherineCTV @bruce_arthur @ctvottawa Still can't believe it.", "type": "direct_reply"}, {"index": 3, "attribution": -0.028512388659738274, "content_attribution": -0.0120136371480229, "stance_attribution": -0.016498751511715377, "tweet_id": 524948391503998977, "text": "@CatherineCTV @DenVan @ctvottawa  Hump Day Halfway There, Rock it!", "type": "direct_reply"}]}