{"thread_id": "524980504324358144", "gold_label": 0, "predicted_label": 2, "tweet_attributions": [{"index": 7, "attribution": 3.882413738290433, "content_attribution": 0.030251637143618657, "stance_attribution": 3.8521621011468143, "tweet_id": 524989947686957057, "text": "@jmschrch @michaeldickson I stand by ur side with no hesitations", "type": "lower_reply"}, {"index": 5, "attribution": 2.718241844393349, "content_attribution": -0.06170331392919769, "stance_attribution": 2.779945158322547, "tweet_id": 524989649266413568, "text": "@chianneed @michaeldickson time for tears will come later, now is the time to stand up and hunt this scum down #CDAshouldertoshoulderUS", "type": "lower_reply"}, {"index": 9, "attribution": 1.4581594688719957, "content_attribution": 0.014477214042039634, "stance_attribution": 1.443682254829956, "tweet_id": 524990190017085440, "text": "@chianneed @michaeldickson right back at ya friend", "type": "lower_reply"}, {"index": 15, "attribution": 0.642773312583, "content_attribution": 0.10919997400276778, "stance_attribution": 0.5335733385802323, "tweet_id": 524987031794221056, "text": ".@Jewpac_Shalom @michaeldickson Yeah. Whatever that is supposed to be. lol", "type": "lower_reply"}, {"index": 12, "attribution": 0.41198498315581267, "content_attribution": 0.10593719514550784, "stance_attribution": 0.30604778801030474, "tweet_id": 524987265823801344, "text": "@LaDonnaRae1961 @michaeldickson one up from mild terror.", "type": "lower_reply"}, {"index": 13, "attribution": 0.2629535724327853, "content_attribution": 0.04397637573408569, "stance_attribution": 0.21897719669869956, "tweet_id": 524986855046250497, "text": "@LaDonnaRae1961 @michaeldickson moderate terror.", "type": "lower_reply"}, {"index": 16, "attribution": 0.24923270349143478, "content_attribution": -0.08430899592307953, "stance_attribution": 0.3335416994145143, "tweet_id": 524988853414019072, "text": "@jmschrch @michaeldickson from Texas and am sorry that they have found you all up there. Am praying for all of you. I am crying for all", "type": "lower_reply"}, {"index": 11, "attribution": 0.17939962225218864, "content_attribution": 0.004368658804804745, "stance_attribution": 0.1750309634473839, "tweet_id": 524990630607716352, "text": "@jmschrch @michaeldickson thanks. Together there is nothing we can't do", "type": "lower_reply"}, {"index": 8, "attribution": 0.06689699229728317, "content_attribution": 0.03315287538135471, "stance_attribution": 0.033744116915928456, "tweet_id": 524987446984204288, "text": ".@Jewpac_Shalom @michaeldickson Stop it. You're going to make me laugh, and I am too angry! I don't want to laugh! ;-)", "type": "lower_reply"}, {"index": 14, "attribution": 0.03177347050264635, "content_attribution": -0.0007316133689195799, "stance_attribution": 0.032505083871565935, "tweet_id": 525000051005722625, "text": "@michaeldickson @pmatons IT SEEMS SOMETIMES TERROR STRIKES LIKE THE SHOOTING STARS, NOW HERE NOW THERE,V KNOW NOT WHERE: OTTAWA OR JERUSALEM", "type": "direct_reply"}, {"index": 3, "attribution": 0.01384278941392514, "content_attribution": -6.773493561085481e-05, "stance_attribution": 0.013910524349535998, "tweet_id": 524984418167844864, "text": "@michaeldickson agreed it's horrible!", "type": "direct_reply"}, {"index": 4, "attribution": 0.00659203090134021, "content_attribution": -0.0011216561189543823, "stance_attribution": 0.007713687020294591, "tweet_id": 525000596848254976, "text": "@michaeldickson @pmatons GOD TAKE IN HIS ARMS THE OTTAWA SOLDIER AND THE JERUSALEM BABY. MA THEY BOTH RIP", "type": "direct_reply"}, {"index": 1, "attribution": 0.0018786362092084628, "content_attribution": -0.0007738227972443987, "stance_attribution": 0.0026524590064528615, "tweet_id": 524983060027027456, "text": "@jmschrch @michaeldickson  Your words say it all!", "type": "lower_reply"}, {"index": 2, "attribution": -0.0051545978345243215, "content_attribution": 6.458119327694814e-05, "stance_attribution": -0.00521917902780127, "tweet_id": 525007230417252352, "text": "@michaeldickson with one big  difference the killer of Israeli baby is the Hamas and Obama and Europeans leaders support him", "type": "direct_reply"}, {"index": 6, "attribution": -0.023979896465044795, "content_attribution": -0.0013965039112306607, "stance_attribution": -0.022583392553814127, "tweet_id": 524983491231240193, "text": "@jmschrch @michaeldickson Sadly Islamism is a bad name for Muslims. An 'ebola' that must be destroyed before it takes over the West.", "type": "lower_reply"}, {"index": 10, "attribution": -0.030984356349693033, "content_attribution": 0.006678936967777227, "stance_attribution": -0.03766329331747026, "tweet_id": 524985603902169089, "text": ".@michaeldickson \"Extremist terror\"? Is there a less-extreme terror? Never mind. Just one of those days.", "type": "direct_reply"}, {"index": 0, "attribution": -0.07193985397980708, "content_attribution": 0.034587484569491754, "stance_attribution": -0.10652733854929886, "tweet_id": 524980504324358144, "text": "Terror in #Canada &amp; #Israel today. A soldier murdered in Ottawa, a baby murdered in Jerusalem. Extremist terror is scourge of modern world", "type": "source"}, {"index": 17, "attribution": -0.1204549890112726, "content_attribution": 0.05040243754828521, "stance_attribution": -0.17085742655955782, "tweet_id": 524981019137822720, "text": "@michaeldickson we in Canada just got a small taste of the terrorist scum that Israel has endured for decades, #CanadastandswithIsrael", "type": "direct_reply"}]}