{"thread_id": "524924346411020288", "gold_label": 0, "predicted_label": 0, "tweet_attributions": [{"index": 0, "attribution": 0.2651447610628998, "content_attribution": 0.05383661942573254, "stance_attribution": 0.21130814163716724, "tweet_id": 524924346411020288, "text": "RCMP yelling everyone to back away from Parliament Hill. Weapons out. Word of shooting inside. #cdnpoli http://t.co/aiXtvjlLP6", "type": "source"}, {"index": 5, "attribution": 0.04585278471494453, "content_attribution": 0.009837453773584179, "stance_attribution": 0.03601533094136035, "tweet_id": 524927188957945856, "text": "RT @RichardMadan: RCMP yelling everyone to back away from Parliament Hill. Weapons out. #breaking #cdnpoli http://t.co/50y1PbKZRQ", "type": "direct_reply"}, {"index": 3, "attribution": 0.03652881934378086, "content_attribution": 0.006842298938873946, "stance_attribution": 0.029686520404906925, "tweet_id": 524925763100094464, "text": "@RichardMadan @CTVWindsor ........texting and shooting ?....", "type": "direct_reply"}, {"index": 4, "attribution": 0.014796879905287455, "content_attribution": -0.0068903187345070414, "stance_attribution": 0.021687198639794496, "tweet_id": 524926563364904961, "text": "MT\"@RichardMadan: RCMP yelling everyone to back away from Parliament Hill. Weapons out. Word of shooting inside. http://t.co/hMJMaMLpNl\u201d", "type": "direct_reply"}, {"index": 2, "attribution": 0.011153822176402515, "content_attribution": 0.0005309498165252079, "stance_attribution": 0.010622872359877309, "tweet_id": 524927753909698561, "text": "RT @RichardMadan RCMP yelling everyone to back away from Parliament Hill. Weapons out. Word of shooting inside. http://t.co/BOhR4i2Nbx", "type": "direct_reply"}, {"index": 1, "attribution": 0.010775096468360619, "content_attribution": 0.00033943677088747086, "stance_attribution": 0.010435659697473147, "tweet_id": 524926884938002432, "text": "@RichardMadan @CJBK how did he get on property in the first place with rifle.", "type": "direct_reply"}]}