{"thread_id": "524946609453678593", "gold_label": 0, "predicted_label": 2, "tweet_attributions": [{"index": 8, "attribution": 3.918084985790629, "content_attribution": 0.08814001279435725, "stance_attribution": 3.8299449729962722, "tweet_id": 524948221354053632, "text": "@CBW059 @BBCBreaking don't assume that it was Islamists!!", "type": "lower_reply"}, {"index": 16, "attribution": 3.8539467586754395, "content_attribution": 0.11279606771671996, "stance_attribution": 3.7411506909587198, "tweet_id": 524965180372176896, "text": "@sophie__malik put money on it! If not I will find this tweet and eat crow!", "type": "lower_reply"}, {"index": 5, "attribution": 1.1835588059251467, "content_attribution": 0.018492226712503317, "stance_attribution": 1.1650665792126436, "tweet_id": 524947863592509440, "text": "@BBCBreaking it appears the Islamic jhadist are in Canada and not Mexico. Time to secure our northern boarders! Oh snap they white folks!", "type": "direct_reply"}, {"index": 6, "attribution": 0.8213834252857313, "content_attribution": 0.08372984851483012, "stance_attribution": 0.7376535767709012, "tweet_id": 524965739342876674, "text": "@CBW059 whatever", "type": "lower_reply"}, {"index": 3, "attribution": 0.02449617629630255, "content_attribution": 0.015790276852625244, "stance_attribution": 0.008705899443677303, "tweet_id": 524968508695015424, "text": "@sophie__malik sister,don't know why u getting bent out of shape. A moron with a gun shots up the place. ... http://t.co/KLelwVNLAu", "type": "lower_reply"}, {"index": 20, "attribution": 0.023463273426869664, "content_attribution": 0.0006506396585980362, "stance_attribution": 0.022812633768271626, "tweet_id": 524951053260038144, "text": "@khalidgil322 @BBCBreaking @uOttawaDirect Terrorist attack on our Capital, still in progress.", "type": "lower_reply"}, {"index": 14, "attribution": 0.009694521980518955, "content_attribution": 0.0010527171925490768, "stance_attribution": 0.008641804787969876, "tweet_id": 524947175596621824, "text": "@BBCBreaking @defjux69 @uOttawaDirect @A_Addams_ @Maxou_Ranch", "type": "direct_reply"}, {"index": 15, "attribution": 0.008532296167116529, "content_attribution": -0.00015290021989283222, "stance_attribution": 0.008685196387009361, "tweet_id": 524947243238191105, "text": "\u201c@BBCBreaking: University of Ottawa now in lockdown after earlier shooting at Canada's Parliament buildings, @uOttawaDirect", "type": "direct_reply"}, {"index": 9, "attribution": 0.007112657258302015, "content_attribution": -0.0004119699677856047, "stance_attribution": 0.00752462722608762, "tweet_id": 524947064887582721, "text": "@BBCBreaking @uOttawaDirect I wish peace to the great Canadian Nation.Canada is the beautiful part on this planet due to the nice ppl there", "type": "direct_reply"}, {"index": 17, "attribution": 0.0031085064893470443, "content_attribution": 0.0004147964368411755, "stance_attribution": 0.0026937100525058696, "tweet_id": 524947632746405888, "text": "@BBCBreaking @uOttawaDirect very sad", "type": "direct_reply"}, {"index": 2, "attribution": 0.0021233954897799177, "content_attribution": 0.0002140007377463996, "stance_attribution": 0.0019093947520335184, "tweet_id": 524946916246052864, "text": "@BBCBreaking @uOttawaDirect Canada loosing its grasp upon multicultural inclusion?", "type": "direct_reply"}, {"index": 4, "attribution": 0.001273142940276486, "content_attribution": -0.0006204602539077054, "stance_attribution": 0.001893603194184191, "tweet_id": 524947135222251520, "text": "RT @BBCBreaking: University of Ottawa now in lockdown after earlier shooting at Canada\u2019s Parliament buildings, @uOttawaDirect", "type": "direct_reply"}, {"index": 11, "attribution": 0.00018005485375456923, "content_attribution": -0.0013422911031259355, "stance_attribution": 0.0015223459568805048, "tweet_id": 524955932912922624, "text": "@BBCBreaking this racism in this thread. and islamaphobia. more ppl have been killed by white people than any other ethnicity. rme.", "type": "direct_reply"}, {"index": 10, "attribution": 3.9373476499539984e-05, "content_attribution": 0.00010954805499175667, "stance_attribution": -7.017457849221673e-05, "tweet_id": 524947673410199553, "text": "@BBCBreaking @uOttawaDirect  Shooting is still active", "type": "direct_reply"}, {"index": 13, "attribution": -0.0008746260114926535, "content_attribution": 0.0002901208107218095, "stance_attribution": -0.0011647468222144629, "tweet_id": 524947620855554048, "text": "@FABOURGOGNE @BBCBreaking @defjux69 @uOttawaDirect @A_Addams_ ces salet\u00e9  l emporterons pas au paradis qu ils brulent", "type": "lower_reply"}, {"index": 1, "attribution": -0.0009083173013637418, "content_attribution": -0.0012531948660690017, "stance_attribution": 0.0003448775647052582, "tweet_id": 524946688570830848, "text": "@BBCBreaking @uOttawaDirect wtf Canada", "type": "direct_reply"}, {"index": 12, "attribution": -0.0015891165440430368, "content_attribution": -0.00044314485964253513, "stance_attribution": -0.0011459716844005015, "tweet_id": 524950741870718977, "text": "@BBCBreaking @uOttawaDirect After Quebec it brings to mind closing doors and bolting horses!", "type": "direct_reply"}, {"index": 19, "attribution": -0.013417808407928378, "content_attribution": 0.0042170158502495645, "stance_attribution": -0.017634824258177945, "tweet_id": 524947362339627009, "text": "@BBCBreaking @uOttawaDirect what is going on there?what happend basically?", "type": "direct_reply"}, {"index": 18, "attribution": -0.05062145730085836, "content_attribution": 0.0013009265048520857, "stance_attribution": -0.051922383805710445, "tweet_id": 524951300887543808, "text": "@PaulRed82sed @BBCBreaking @BBCWorld @uOttawaDirect Military &amp; evry cop in Ottawa on it. One down, more to go..", "type": "lower_reply"}, {"index": 0, "attribution": -0.1311923210574389, "content_attribution": 0.029637910411650266, "stance_attribution": -0.16083023146908917, "tweet_id": 524946609453678593, "text": "University of Ottawa now in lockdown after earlier shooting at Canada's Parliament buildings, @uOttawaDirect says http://t.co/65JM05b8Ts", "type": "source"}, {"index": 7, "attribution": -0.18271037259274825, "content_attribution": 0.001224316685641148, "stance_attribution": -0.1839346892783894, "tweet_id": 524949646704386048, "text": "@BBCBreaking @BBCWorld @uOttawaDirect. Shoot the scum.", "type": "direct_reply"}]}