{"thread_id": "524935758143324160", "gold_label": 2, "predicted_label": 0, "tweet_attributions": [{"index": 0, "attribution": 0.16770284549101133, "content_attribution": -0.017705746819223996, "stance_attribution": 0.1854085923102353, "tweet_id": 524935758143324160, "text": "Update: Reuters reports a witness who says police chased a suspect into Candian parliament in #Ottawa &amp; then heard 30 shots fired inside", "type": "source"}, {"index": 4, "attribution": 0.06431738470829292, "content_attribution": 0.003061215207184241, "stance_attribution": 0.06125616950110868, "tweet_id": 524937541435551745, "text": "@SkyNewsBreak shouts of \"I'm not your buddy,guy !\" Were heard", "type": "direct_reply"}, {"index": 2, "attribution": 0.03327623448194605, "content_attribution": 0.0025004113588653013, "stance_attribution": 0.030775823123080744, "tweet_id": 524938653173547008, "text": "@SkyNewsBreak  \nbetter updates here http://t.co/s7O7kPgd5i", "type": "direct_reply"}, {"index": 3, "attribution": 0.008175315317344356, "content_attribution": 0.012027860058493793, "stance_attribution": -0.0038525447411494355, "tweet_id": 524941024796631040, "text": "@SkyNewsBreak bit weird  a witness counting the shots and being specific with that number. Most people would be hiding for cover? Hmmmm?", "type": "direct_reply"}, {"index": 1, "attribution": -0.026737056364950083, "content_attribution": -0.006318889984215908, "stance_attribution": -0.02041816638073418, "tweet_id": 524935960065495040, "text": "@SkyNewsBreak only 30....", "type": "direct_reply"}]}