{"thread_id": "524970966842376192", "gold_label": 0, "predicted_label": 2, "tweet_attributions": [{"index": 3, "attribution": 3.274705974269625, "content_attribution": 0.04055879534933751, "stance_attribution": 3.2341471789202876, "tweet_id": 524972182884323328, "text": "@CBCAlerts Cdn PM Harper has blood on his OWN hands 4 provoking terrorist attacks on Canadians by joining US war to fix Iraq mess US created", "type": "direct_reply"}, {"index": 14, "attribution": 0.07430836037160427, "content_attribution": 0.06922076081241844, "stance_attribution": 0.005087599559185828, "tweet_id": 525100406779969536, "text": "@imanz90 @CBCAlerts Is it mere\"politics\"to be concerned Cdn citizens are now less safe in their own country due to the PM's recklessness?No.", "type": "lower_reply"}, {"index": 17, "attribution": 0.023192742735678097, "content_attribution": 9.055267470039444e-05, "stance_attribution": 0.023102190060977704, "tweet_id": 524971490446684162, "text": "\u201c@CBCAlerts: Conservative caucus told Canadian soldier shot at War Memorial has died\". This just turned a new shade of ugly!", "type": "direct_reply"}, {"index": 18, "attribution": 0.022052726454141226, "content_attribution": -0.0005446217488467831, "stance_attribution": 0.022597348202988008, "tweet_id": 524972586544164865, "text": "@CBCAlerts glued to the television so sad RIP young man Canada is proud of you", "type": "direct_reply"}, {"index": 4, "attribution": 0.015888697116416377, "content_attribution": -0.004896733979657466, "stance_attribution": 0.020785431096073843, "tweet_id": 524971132404109312, "text": "@CBCAlerts so sad. #rip #OttawaShooting", "type": "direct_reply"}, {"index": 6, "attribution": 0.013674989715719786, "content_attribution": 0.00030866053012675477, "stance_attribution": 0.01336632918559303, "tweet_id": 524972438367776769, "text": "\u201c@CBCAlerts: Conservative caucus told Canadian soldier shot at War Memorial has died. My thoughts are with all our armed forces &amp; families", "type": "direct_reply"}, {"index": 8, "attribution": 0.006282707440922766, "content_attribution": 0.00033211077112693394, "stance_attribution": 0.005950596669795834, "tweet_id": 524972502574178305, "text": "@CBCAlerts the death of the soldier has not been confirmed.  You're info is from an mp who has no intel on the matter #professionals?", "type": "direct_reply"}, {"index": 9, "attribution": 0.005979943789355877, "content_attribution": 0.0004116384415191678, "stance_attribution": 0.00556830534783671, "tweet_id": 524972435100426240, "text": "@CBCAlerts Thoughts and prayers go out to the fallen soldiers family. Sad this has to happen.", "type": "direct_reply"}, {"index": 16, "attribution": 0.0035162002770915035, "content_attribution": -0.00013652845749527974, "stance_attribution": 0.003652728734586784, "tweet_id": 524971897302548481, "text": "@CBCAlerts so sad about this.", "type": "direct_reply"}, {"index": 13, "attribution": 0.00171190007503572, "content_attribution": 0.00021483136575013224, "stance_attribution": 0.0014970687092855867, "tweet_id": 524971564094468097, "text": "@CBCAlerts no, kenney said condolences to the soldier who died from car incident, thoughts go out to today's soldier. misinterpreted tweet", "type": "direct_reply"}, {"index": 15, "attribution": 0.0011541238105617123, "content_attribution": -0.0006389402670050605, "stance_attribution": 0.0017930640775667731, "tweet_id": 524972895936987136, "text": "@CBCAlerts : May the sold\u0131er rest \u0131n perfect peace. D\u0131dn't deserve th\u0131s cruel end.", "type": "direct_reply"}, {"index": 5, "attribution": 0.0007472153367637763, "content_attribution": -0.000879588931697565, "stance_attribution": 0.0016268042684613414, "tweet_id": 524971703718641664, "text": "@CBCAlerts @DamoSpin RIP-the ultimate sacrifice. #OttawaShooting #Ottawa #CanadaUnderAttack #parliamentsquare #parlimentshooting #parliament", "type": "direct_reply"}, {"index": 1, "attribution": 0.0004199368356657383, "content_attribution": -0.001140890088680508, "stance_attribution": 0.0015608269243462462, "tweet_id": 524972714155868160, "text": "@CBCAlerts RIP to the honoured dead.", "type": "direct_reply"}, {"index": 2, "attribution": -4.3115410840176695e-05, "content_attribution": -0.0004523331180404799, "stance_attribution": 0.0004092177072003039, "tweet_id": 524972373519654912, "text": "@CBCAlerts @CBCTheNational :( so sorry.#sadinns", "type": "direct_reply"}, {"index": 10, "attribution": -0.00044707635730458547, "content_attribution": 1.096713594610613e-05, "stance_attribution": -0.0004580434932506907, "tweet_id": 524972606131568640, "text": "@CBCAlerts @DamoSpin I blame Ottawa for this attack because it seems they don't take this stuff serious and look whats happened", "type": "direct_reply"}, {"index": 11, "attribution": -0.0021692869278447996, "content_attribution": 0.00020755320048074184, "stance_attribution": -0.0023768401283255415, "tweet_id": 524971330870202368, "text": "@CBCAlerts @PerthCoEMS", "type": "direct_reply"}, {"index": 12, "attribution": -0.007473677111653466, "content_attribution": -0.001843262561561527, "stance_attribution": -0.005630414550091939, "tweet_id": 524972252203200512, "text": "@CBCAlerts @DamoSpin R.I.P", "type": "direct_reply"}, {"index": 0, "attribution": -0.36848775595090444, "content_attribution": 0.03980684174749688, "stance_attribution": -0.40829459769840126, "tweet_id": 524970966842376192, "text": "Conservative caucus told Canadian soldier shot at War Memorial has died, Soldier has not been named, but was a reservist based in #Hamilton.", "type": "source"}, {"index": 7, "attribution": -0.54229019883149, "content_attribution": 0.08295645077044975, "stance_attribution": -0.6252466496019398, "tweet_id": 525043740943978497, "text": "@Bobb999 @CBCAlerts You are a disgusting individual. Turning a senseless tragedy into a political statement.", "type": "lower_reply"}]}