{"thread_id": "524957517294886912", "gold_label": 2, "predicted_label": 0, "tweet_attributions": [{"index": 18, "attribution": 0.09234567804702631, "content_attribution": 0.02236547655809675, "stance_attribution": 0.06998020148892956, "tweet_id": 524958844133199872, "text": "\u201c@PrisonPlanet: Gunman on loose in downtown Ottawa. Canadian citizens disarmed by their government. Target rich environment #OttawaShooting\u201d", "type": "direct_reply"}, {"index": 0, "attribution": 0.04779158783415133, "content_attribution": 0.06097450372587345, "stance_attribution": -0.013182915891722123, "tweet_id": 524957517294886912, "text": "Gunman on the loose in downtown Ottawa. Canadian citizens disarmed by their government. Target rich environment. #OttawaShooting", "type": "source"}, {"index": 2, "attribution": 0.031795708535488146, "content_attribution": -0.0006012771072370484, "stance_attribution": 0.032396985642725196, "tweet_id": 524960344620269568, "text": "@PrisonPlanet \"Target rich environment\". Sounds like you're planning something.", "type": "direct_reply"}, {"index": 8, "attribution": 0.03034144508833744, "content_attribution": 0.00028516433009623536, "stance_attribution": 0.030056280758241204, "tweet_id": 524965447154675712, "text": "@PrisonPlanet @isapatriot \n#GunFreeCountry \n\u266a  Whatcha gonna do when they come for you?  \u266b", "type": "direct_reply"}, {"index": 14, "attribution": 0.02428496652004754, "content_attribution": 6.08205895535494e-05, "stance_attribution": 0.02422414593049399, "tweet_id": 524957960393338880, "text": "@PrisonPlanet So not the time, IMHO.", "type": "direct_reply"}, {"index": 10, "attribution": 0.019824189210896417, "content_attribution": -0.000566611241677445, "stance_attribution": 0.02039080045257386, "tweet_id": 524967334432501762, "text": "This moron is an alex jones slim ball---&gt; @PrisonPlanet @mettawordlife83", "type": "direct_reply"}, {"index": 17, "attribution": 0.012748791746565291, "content_attribution": 0.002133982372448253, "stance_attribution": 0.01061480937411704, "tweet_id": 524963793458434048, "text": "@PrisonPlanet Barely an hour for you lot to politicize this shit, eh? Anything for money, I suppose.", "type": "direct_reply"}, {"index": 5, "attribution": 0.011314600737545522, "content_attribution": 0.0018102685622810814, "stance_attribution": 0.009504332175264439, "tweet_id": 524967098687430656, "text": "@PrisonPlanet @Atheist_Eh @DuncanWeston @AtheistEngineer this is why I will never relinquish my rights to bear arms", "type": "direct_reply"}, {"index": 16, "attribution": 0.010062420875396353, "content_attribution": 6.603318852655702e-06, "stance_attribution": 0.010055817556543695, "tweet_id": 524966737432039424, "text": "@PrisonPlanet Hundreds of armed cops on the scene dozens of armed rcmp on hill. Not having guns was not the prob today.", "type": "direct_reply"}, {"index": 15, "attribution": 0.008909288926415276, "content_attribution": -0.0003426030947977338, "stance_attribution": 0.009251892021213012, "tweet_id": 524959752225587202, "text": "@PrisonPlanet don't talk shite you bloody idiot.", "type": "direct_reply"}, {"index": 3, "attribution": 0.008181701710816294, "content_attribution": 0.0004215512208831202, "stance_attribution": 0.007760150489933176, "tweet_id": 524960583125590019, "text": "@PrisonPlanet fuck you.", "type": "direct_reply"}, {"index": 9, "attribution": 0.006798890862556705, "content_attribution": -0.0006781533569115481, "stance_attribution": 0.007477044219468253, "tweet_id": 524966911277551616, "text": "@PrisonPlanet If you pulled out your gun on Sparks Street today you would have been dead.", "type": "direct_reply"}, {"index": 1, "attribution": 0.0061307212058755575, "content_attribution": -0.0018972556850883487, "stance_attribution": 0.008027976890963908, "tweet_id": 524958678198530049, "text": "@PrisonPlanet  You are an idiot.", "type": "direct_reply"}, {"index": 13, "attribution": 0.004481733726480246, "content_attribution": -0.0015243760334335001, "stance_attribution": 0.006006109759913744, "tweet_id": 524959306467524608, "text": "@PrisonPlanet We have more guns per capita than our neighbours down south #Canada #FromMyColdDeadHands", "type": "direct_reply"}, {"index": 6, "attribution": 0.0026213639050171452, "content_attribution": -0.00025416003139373475, "stance_attribution": 0.0028755239364108803, "tweet_id": 524960715191644160, "text": "@PrisonPlanet @Mangan150 Oops, time to crack down on deer hunters. lol", "type": "direct_reply"}, {"index": 12, "attribution": 0.001174677757311695, "content_attribution": 0.03536482707471226, "stance_attribution": -0.03419014931740055, "tweet_id": 524967026914516992, "text": "@PatrickHenry999 @PrisonPlanet You are an idiot! You REALLY want Canada to become psycho gun nut 30K a year killed America? You're deluded.", "type": "lower_reply"}, {"index": 11, "attribution": 0.00012475800671268056, "content_attribution": -0.0005421242861696424, "stance_attribution": 0.0006668822928823229, "tweet_id": 524966726791098368, "text": "@PrisonPlanet @mettawordlife83 You are an idiot! You REALLY want Canada to become psycho gun nut 30K a year killed America? You're deluded.", "type": "direct_reply"}, {"index": 7, "attribution": -0.002239753329911307, "content_attribution": -0.009645811394241125, "stance_attribution": 0.0074060580643298185, "tweet_id": 524959094067957760, "text": "@PrisonPlanet @billybatts6670 9.9 million squared miles of GUN SAFE ZONE.", "type": "direct_reply"}, {"index": 4, "attribution": -0.006446262333256819, "content_attribution": 0.00015279601614272802, "stance_attribution": -0.006599058349399547, "tweet_id": 524959187512860672, "text": "@PrisonPlanet Stay classy.", "type": "direct_reply"}]}