{"thread_id": "524959630158725120", "gold_label": 1, "predicted_label": 2, "tweet_attributions": [{"index": 20, "attribution": 3.9458279787288646, "content_attribution": 0.051561172089146366, "stance_attribution": 3.894266806639718, "tweet_id": 525339944705724416, "text": "@Inspectorcritic @CNN so when 9/11 occurred in the USA you fekt the same way?", "type": "lower_reply"}, {"index": 14, "attribution": 2.4068250173127255, "content_attribution": 0.07161009063377041, "stance_attribution": 2.335214926678955, "tweet_id": 525343211276214272, "text": "@ladnertim @CNN LDS zoo prudes invaded towers slaughter tenets looted pirated Towers 911 copcorrupt help them use place of worship nonehuman", "type": "lower_reply"}, {"index": 16, "attribution": 2.117109846489099, "content_attribution": 0.09065766116419614, "stance_attribution": 2.026452185324903, "tweet_id": 525338877780045824, "text": "@ladnertim @CNN People die everywhere everyday this is the malta newspaper black sheep count millions never reported &amp; never got a headstone", "type": "lower_reply"}, {"index": 7, "attribution": 0.26267423103150245, "content_attribution": 0.02094384678400398, "stance_attribution": 0.24173038424749843, "tweet_id": 524964992043335681, "text": "@CNN \n\nOh yaw there was so much shooting going on we zought it was zee old war.", "type": "direct_reply"}, {"index": 5, "attribution": 0.23493020288015654, "content_attribution": 0.01242249640082704, "stance_attribution": 0.22250770647932952, "tweet_id": 525343837095354368, "text": "@Inspectorcritic @CNN i guess you've not taken your meds in a few days....or years.", "type": "lower_reply"}, {"index": 22, "attribution": 0.1291919959326855, "content_attribution": 0.059644958482890593, "stance_attribution": 0.0695470374497949, "tweet_id": 525050076251439105, "text": "@Inspectorcritic @CNN what the hell? People died here today you knob!", "type": "lower_reply"}, {"index": 19, "attribution": 0.015187672362766937, "content_attribution": 0.00011885272329647276, "stance_attribution": 0.015068819639470467, "tweet_id": 524963960064602112, "text": "\u201c@CNN: These are the areas where the #OttawaShootings have been reported.  http://t.co/yWSrvPqrVv http://t.co/lOB7yDz14h\u201d allegedly", "type": "direct_reply"}, {"index": 9, "attribution": 0.007699408243914976, "content_attribution": -0.0007714719191796762, "stance_attribution": 0.008470880163094652, "tweet_id": 524960138604859393, "text": "@CNN the shooting was near the Rideau Centre not inside it the police say.", "type": "direct_reply"}, {"index": 18, "attribution": 0.006098361819625438, "content_attribution": -0.002306228905811744, "stance_attribution": 0.008404590725437183, "tweet_id": 524959654686629888, "text": "@CNN The results are in!!! Our viewers voted on the best online store!! Check them out   --&gt; http://t.co/AMv5X4cQKn", "type": "direct_reply"}, {"index": 12, "attribution": 0.0060865714279350214, "content_attribution": 0.0003424700306821698, "stance_attribution": 0.005744101397252851, "tweet_id": 524960258167275520, "text": "@CNN SUCH A SECURE AREA,USUALY,FIGHTS,BETWEEN ARMY GENERALS,POWER GAINS", "type": "direct_reply"}, {"index": 8, "attribution": 0.003793546604220703, "content_attribution": 0.0002374138476488699, "stance_attribution": 0.003556132756571834, "tweet_id": 524960190534533120, "text": "\u201c@CNN: These are the areas where the #OttawaShootings have been reported.  http://t.co/TjEYJo7DoB http://t.co/ezYpUV9KJh\u201d #JTFAM please pray", "type": "direct_reply"}, {"index": 4, "attribution": 0.0031316365046713023, "content_attribution": -0.000643148789301465, "stance_attribution": 0.0037747852939727673, "tweet_id": 524960745725763585, "text": "\u201c@CNN: These are the areas where the #OttawaShootings have been reported.  http://t.co/elWl5dIYoH http://t.co/MWzeIjQxFj\u201d a triangle...fishy", "type": "direct_reply"}, {"index": 6, "attribution": 0.0026434324871077598, "content_attribution": -0.0014711199380179254, "stance_attribution": 0.004114552425125686, "tweet_id": 524961998736351232, "text": "@CNN @RealAlexJones @infowarsstories @AnonyPress Canada is under attack now by ISIS. Yesterday in #Calgary a Canadian troop was killed also.", "type": "direct_reply"}, {"index": 21, "attribution": 0.0007595690694601294, "content_attribution": 0.00027440535945264124, "stance_attribution": 0.00048516371000748796, "tweet_id": 524960149988204544, "text": "@CNN News is talking about terrorism...so this is a big deal. Possible terror attack", "type": "direct_reply"}, {"index": 15, "attribution": 0.0007064812094765014, "content_attribution": -5.9238761300899814e-05, "stance_attribution": 0.0007657199707774014, "tweet_id": 524961366529306624, "text": "very very different nice in side you have that's murder @cnn", "type": "direct_reply"}, {"index": 11, "attribution": 8.037323888891753e-05, "content_attribution": 2.9700770416761437e-05, "stance_attribution": 5.067246847215609e-05, "tweet_id": 524959708785180672, "text": "\u201c@CNN: These are the areas where the #OttawaShootings have been reported.  http://t.co/vqDZwAq5Z6 http://t.co/zzgFsTp8Kh\u201d", "type": "direct_reply"}, {"index": 10, "attribution": -0.00013784240111556063, "content_attribution": -0.0017746773383065066, "stance_attribution": 0.0016368349371909461, "tweet_id": 524967193948082176, "text": "@CNN errrg I don't want this sort of thing happening especially not in Canada!! ;(", "type": "direct_reply"}, {"index": 23, "attribution": -0.000538068336395543, "content_attribution": -5.289491220340405e-05, "stance_attribution": -0.000485173424192139, "tweet_id": 524963107181846528, "text": "@CNN", "type": "direct_reply"}, {"index": 24, "attribution": -0.0006496974093499453, "content_attribution": 0.000836266547154679, "stance_attribution": -0.001485963956504625, "tweet_id": 524960092740145154, "text": "@CNN wow", "type": "direct_reply"}, {"index": 17, "attribution": -0.0008651232106374258, "content_attribution": -0.00034794354175543785, "stance_attribution": -0.0005171796688819878, "tweet_id": 524960663479664641, "text": "@CNN This is unacceptable. Why can't they let us live peacefully. What are these people", "type": "direct_reply"}, {"index": 2, "attribution": -0.004071935625668267, "content_attribution": 6.840514213834193e-05, "stance_attribution": -0.004140340767806608, "tweet_id": 524960019377577984, "text": "@CNN NEAR Rideau Centre, not in. Please look at local Ottawa news b4 u report things", "type": "direct_reply"}, {"index": 1, "attribution": -0.004252884837668879, "content_attribution": -0.0019934893215444224, "stance_attribution": -0.002259395516124458, "tweet_id": 524964793065951232, "text": "@CNN hmm. Shocking. Who would do such a thing?", "type": "direct_reply"}, {"index": 3, "attribution": -0.013929059783964408, "content_attribution": 0.001363378951800877, "stance_attribution": -0.015292438735765284, "tweet_id": 524966465061937152, "text": "@cheesecake1589 yes!", "type": "lower_reply"}, {"index": 0, "attribution": -0.06706499107991652, "content_attribution": 0.00935921674812857, "stance_attribution": -0.0764242078280451, "tweet_id": 524959630158725120, "text": "These are the areas where the #OttawaShootings have been reported.  http://t.co/KkgffESRD5 http://t.co/Vvyip1FQjm", "type": "source"}, {"index": 13, "attribution": -0.10511721138983193, "content_attribution": 0.0019977019857481283, "stance_attribution": -0.10711491337558007, "tweet_id": 524965785341788160, "text": "@CNN @actual_teeth is this the thing ur talking about", "type": "direct_reply"}]}