{"thread_id": "524976980799000578", "gold_label": 1, "predicted_label": 2, "tweet_attributions": [{"index": 9, "attribution": 3.624625247659295, "content_attribution": 0.059484076645301906, "stance_attribution": 3.565141171013993, "tweet_id": 524977521889411072, "text": "@PzFeed @CDNGunner00 I love that word when dealing with Terrorist- \" Dealt With\" Not arrested, not on trial BUT DEAD FUCKING DEADIE DEAD", "type": "direct_reply"}, {"index": 10, "attribution": 1.5869472009601862, "content_attribution": 0.07502670872741703, "stance_attribution": 1.5119204922327691, "tweet_id": 524977643499044865, "text": "@Fractrdinsanity amen to that brother", "type": "lower_reply"}, {"index": 4, "attribution": 0.16827674684722685, "content_attribution": 0.0714319707160212, "stance_attribution": 0.09684477613120568, "tweet_id": 524979364463915008, "text": "@CDNGunner00 Here we should be able to execute them send them on to their 72 Virginians if we can PROVE Bypassing death ROW,", "type": "lower_reply"}, {"index": 1, "attribution": 0.02563704883627363, "content_attribution": 8.733663427022624e-05, "stance_attribution": 0.025549712202003402, "tweet_id": 524986041120620544, "text": "@PzFeed totally just followed you", "type": "direct_reply"}, {"index": 8, "attribution": 0.01960683885498285, "content_attribution": -0.0026100228266360344, "stance_attribution": 0.022216861681618887, "tweet_id": 524978194102108160, "text": "RT \u201c@PzFeed: BREAKING NEWS: OTTAWA POLICE CONFIRM TO ABC NEWS THEY ARE LOOKING FOR 3 SUSPECTS, ONE HAS BEEN 'DEALT WITH' \u201d", "type": "direct_reply"}, {"index": 11, "attribution": 0.004535354390449959, "content_attribution": -0.000916098045728124, "stance_attribution": 0.005451452436178082, "tweet_id": 524978021447778304, "text": "@PzFeed kill them all", "type": "direct_reply"}, {"index": 2, "attribution": 0.0024454352792030913, "content_attribution": 0.0003837603610934125, "stance_attribution": 0.002061674918109678, "tweet_id": 524995105820659712, "text": "@PzFeed @chFthemango DrPres, Starfall and Daniel Cardlucci on the run, chF tango'd.", "type": "direct_reply"}, {"index": 6, "attribution": 1.3747317142182242e-05, "content_attribution": -0.00476503083234423, "stance_attribution": 0.004778778149486413, "tweet_id": 524978345885577216, "text": "@PzFeed I hope they turn those jihadist cowards into swish cheese.", "type": "direct_reply"}, {"index": 7, "attribution": -0.005444843042979909, "content_attribution": -0.00027397315829890973, "stance_attribution": -0.005170869884681, "tweet_id": 524977328074809345, "text": "@PzFeed dead faggot", "type": "direct_reply"}, {"index": 3, "attribution": -0.007059226819606131, "content_attribution": -0.00730335713048493, "stance_attribution": 0.0002441303108787972, "tweet_id": 524977148625289216, "text": "@PzFeed that'd make two then", "type": "direct_reply"}, {"index": 5, "attribution": -0.00837533788899933, "content_attribution": -0.0001581465341471441, "stance_attribution": -0.008217191354852185, "tweet_id": 524996089360183296, "text": "@PzFeed allah hu akbar", "type": "direct_reply"}, {"index": 0, "attribution": -0.5724637918662465, "content_attribution": 0.017802584158202614, "stance_attribution": -0.5902663760244491, "tweet_id": 524976980799000578, "text": "BREAKING NEWS: OTTAWA POLICE CONFIRM TO ABC NEWS THEY ARE LOOKING FOR 3 SUSPECTS, ONE HAS BEEN 'DEALT WITH' - http://t.co/lXFiYaVImZ", "type": "source"}]}