{"thread_id": "524935586025861121", "gold_label": 2, "predicted_label": 2, "tweet_attributions": [{"index": 1, "attribution": 1.1161032599141416, "content_attribution": 0.026546310832827515, "stance_attribution": 1.0895569490813142, "tweet_id": 524942748567502848, "text": "@YahooCanadaNews @MaddieDiMuccio Sad this had to happen before many naive people were prepared to accept Canada is vulnerable to terror", "type": "direct_reply"}, {"index": 3, "attribution": 0.2826307219534428, "content_attribution": 0.055943929432379406, "stance_attribution": 0.22668679252106338, "tweet_id": 524943189116190720, "text": "@YahooCanadaNews @MaddieDiMuccio Perhaps @JustinTrudeau will NOW understand food parcels and blankets will not help", "type": "lower_reply"}, {"index": 5, "attribution": 0.045024825131566824, "content_attribution": 0.004543750359438083, "stance_attribution": 0.04048107477212874, "tweet_id": 524936204727615489, "text": "@YahooCanadaNews @Piet_Heyn godverdomme !!!", "type": "direct_reply"}, {"index": 4, "attribution": 0.03338365560817265, "content_attribution": 0.003859760635621428, "stance_attribution": 0.02952389497255122, "tweet_id": 524941933916217344, "text": "@YahooCanadaNews @DANEgerus Good luck Canada, stop them!", "type": "direct_reply"}, {"index": 2, "attribution": 0.008768378795659632, "content_attribution": -0.002537918453901491, "stance_attribution": 0.011306297249561122, "tweet_id": 524951740123459584, "text": "@YahooCanadaNews @MaddieDiMuccio High time to take serious action!!!", "type": "direct_reply"}, {"index": 0, "attribution": -0.9333113412330031, "content_attribution": 0.06919806512091252, "stance_attribution": -1.0025094063539157, "tweet_id": 524935586025861121, "text": "Witnesses say as many as 50 shots fired at Parliament Hill. Gunfire reported within the Parliament building. #ottawa http://t.co/HGevLjele0", "type": "source"}]}