{"thread_id": "524976963862429697", "gold_label": 0, "predicted_label": 2, "tweet_attributions": [{"index": 17, "attribution": 3.920805357948686, "content_attribution": 0.034715512946973406, "stance_attribution": 3.8860898450017123, "tweet_id": 524979132384686080, "text": "@chasmarang @CNN Automobiles as a weapon yet again. Not first time. Tractors , cars, trucks, you name it. Jihadi 101 .", "type": "lower_reply"}, {"index": 4, "attribution": 2.1147191131091967, "content_attribution": 0.0751839677415922, "stance_attribution": 2.039535145367604, "tweet_id": 524979827699621888, "text": "@TattooQ @CNN\nNo one is carrying this\nhorrible (not sure if terrorist) attack...", "type": "lower_reply"}, {"index": 15, "attribution": 1.459612098286298, "content_attribution": 0.021929261104408338, "stance_attribution": 1.4376828371818893, "tweet_id": 524978011188527104, "text": "@CNN @TattooQ\nA car hits people waiting at the Ammunition Hill station\nof Jerusalem's light rail\ndriver shot trying to flee...", "type": "direct_reply"}, {"index": 5, "attribution": 0.1870293811637122, "content_attribution": -0.0009860884159181634, "stance_attribution": 0.1880154695796304, "tweet_id": 524986077384548353, "text": "@gelosoil They haven't realeased his name because they want to ensure his next of kin are notified first. @CNN", "type": "lower_reply"}, {"index": 9, "attribution": 0.1376453069680736, "content_attribution": 0.05359158190747428, "stance_attribution": 0.08405372506059934, "tweet_id": 524980671820095489, "text": "@chasmarang @CNN Has the hallmarks.Truck hits bus. Forklift tries to tip over bus, car strikes on people, yesterday rail Security incident.", "type": "lower_reply"}, {"index": 6, "attribution": 0.06813412369162684, "content_attribution": 0.0017881673254203099, "stance_attribution": 0.06634595636620653, "tweet_id": 524978514018447361, "text": "@CNN Doesnt he have a name??? can we believe this?try harder next time you set up an attack to terrorise people into war/lockdowns", "type": "direct_reply"}, {"index": 18, "attribution": 0.04376068527628277, "content_attribution": 0.04734496199201795, "stance_attribution": -0.003584276715735186, "tweet_id": 524988498684964866, "text": "@elliottkrista @CNN indeed saw it on the canadian police tweet !:)well done then!!:)", "type": "lower_reply"}, {"index": 12, "attribution": 0.015526365284024748, "content_attribution": -0.0002081619947862476, "stance_attribution": 0.015734527278810993, "tweet_id": 524991336466759682, "text": "Devastated right now. Thoughts and prayers with my home town. #OttawaShooting #RT @CNN: Canadian soldier shot: http://t.co/E3NoQoBhKi", "type": "direct_reply"}, {"index": 13, "attribution": 0.013216011734346361, "content_attribution": -0.00019840304573303665, "stance_attribution": 0.0134144147800794, "tweet_id": 524981969054994432, "text": "Awful @CNN: The Canadian soldier shot at the War Memorial has died, officials reported. http://t.co/1SeLj90AhB  http://t.co/b9STbs208g", "type": "direct_reply"}, {"index": 2, "attribution": 0.004193037471481987, "content_attribution": -0.00026183578965643917, "stance_attribution": 0.004454873261138429, "tweet_id": 524980377656778752, "text": "@CNN Hectic ... who would believe this could happen in #Canada!  Om mane padme hung.", "type": "direct_reply"}, {"index": 16, "attribution": 0.003532095678355218, "content_attribution": 0.00033700535738177736, "stance_attribution": 0.0031950903209734412, "tweet_id": 524986829444251648, "text": "@CNN oh my god this is so sad", "type": "direct_reply"}, {"index": 14, "attribution": 0.003055352007520947, "content_attribution": -0.00017090373469690252, "stance_attribution": 0.0032262557422178487, "tweet_id": 524977167890124801, "text": "RT @CNN The Canadian soldier shot at the War Memorial has died, officials reported. http://t.co/gaW6fTVGzs  #OttawaShooting", "type": "direct_reply"}, {"index": 7, "attribution": 0.0013924277086918924, "content_attribution": 8.80400594898068e-05, "stance_attribution": 0.0013043876492020857, "tweet_id": 524983175618244608, "text": "Alav hashalom. @CNN: The Canadian soldier shot at the War Memorial has died. http://t.co/wkn9hqznXo #OttawaShooting http://t.co/NRbcqyYPSt", "type": "direct_reply"}, {"index": 8, "attribution": 0.0012503908224504332, "content_attribution": -0.0015450716571410324, "stance_attribution": 0.0027954624795914654, "tweet_id": 524978567650631681, "text": "@CNN A sad day for all of us #Canadains today and yest. Two soldiers killed in two terrorist attacks on Canadian soil.", "type": "direct_reply"}, {"index": 11, "attribution": 0.0005964481725082947, "content_attribution": 0.0011663885524402112, "stance_attribution": -0.0005699403799319164, "tweet_id": 524983755510136832, "text": "RT @CNN: The Canadian soldier shot at the War Memorial has died\n\nhttp://t.co/jtObxncMtW #OttawaShooting http://t.co/LwworBRPqe", "type": "direct_reply"}, {"index": 19, "attribution": -6.757897331182989e-05, "content_attribution": -1.456942779005193e-05, "stance_attribution": -5.300954552177793e-05, "tweet_id": 524977216996663296, "text": "\u4ea1\u304f\u306a\u3063\u305f\u306e\u306f\u5175\u58eb\u304b\u201c@CNN: The Canadian soldier shot at the War Memorial has died, officials reported. http://t.co/fDMtxCvju2 http://t.co/MMRYCOjXbr\u201d", "type": "direct_reply"}, {"index": 1, "attribution": -0.0005970510638481457, "content_attribution": -0.00035254574770930724, "stance_attribution": -0.0002445053161388385, "tweet_id": 525022150252855296, "text": "\u201c@CNN: The Canadian soldier shot at the War Memorial has died, officials reported. http://t.co/JXaMrmrvFP http://t.co/uJmA4zaUqa\u201d #Rip \ud83d\ude25\ud83d\udc94\ud83c\udf41", "type": "direct_reply"}, {"index": 3, "attribution": -0.0032472410842251036, "content_attribution": 0.00025393478016783613, "stance_attribution": -0.00350117586439294, "tweet_id": 524977331442819073, "text": "\u201c@CNN: The #Can-adian soldier shot at the War Memorial has died. | #RIP http://t.co/ucyjFcpwux #OttawaShooting http://t.co/yUDk91nXK9\u201d", "type": "direct_reply"}, {"index": 10, "attribution": -0.0036028782256970955, "content_attribution": 0.00028686770709286755, "stance_attribution": -0.0038897459327899625, "tweet_id": 524978703248670720, "text": "\u201c@CNN: Canadian soldier shot at the War Memorial has died, officials reported... #OttawaShooting ..\" #GodIsIdolBusting #FilthyCanadaNeedsWBC", "type": "direct_reply"}, {"index": 0, "attribution": -0.1306081674468838, "content_attribution": 0.05522121398372988, "stance_attribution": -0.1858293814306137, "tweet_id": 524976963862429697, "text": "The Canadian soldier shot at the War Memorial has died, officials reported. http://t.co/uKQg1qVQm6 #OttawaShooting http://t.co/bbG09qLY26", "type": "source"}]}