{"thread_id": "524965165759221760", "gold_label": 0, "predicted_label": 2, "tweet_attributions": [{"index": 5, "attribution": 1.6493554918601405, "content_attribution": 0.012613491793417985, "stance_attribution": 1.6367420000667225, "tweet_id": 524966820496039936, "text": "@TorontoStar @LittleCityCharm We heard he is listed in critical condition...", "type": "direct_reply"}, {"index": 4, "attribution": 0.30590025959736955, "content_attribution": 0.017774032307609117, "stance_attribution": 0.2881262272897604, "tweet_id": 524966948598054912, "text": "@AndreaLakey @TorontoStar I'm not sure- it's been confirmed and then not. ?", "type": "lower_reply"}, {"index": 15, "attribution": 0.10539426292478754, "content_attribution": 0.10465729821729085, "stance_attribution": 0.0007369647074966989, "tweet_id": 524968576571408384, "text": "@SkipStartsHere @TorontoStar Global reporting that the first part of tweet was in regards to previous solider incident in Quebec.", "type": "lower_reply"}, {"index": 2, "attribution": 0.08848185115348806, "content_attribution": 0.0652133880300212, "stance_attribution": 0.023268463123466858, "tweet_id": 524967728281825281, "text": "@InsideOilers @TorontoStar he did tweet it though.", "type": "lower_reply"}, {"index": 17, "attribution": 0.05947195572981671, "content_attribution": 0.026818358151102957, "stance_attribution": 0.03265359757871374, "tweet_id": 524967414304612352, "text": ".@TorontoStar Retract your statement. This has NOT been confirmed. Erroneous report. Get it together, Canadian media.", "type": "direct_reply"}, {"index": 1, "attribution": 0.03018818154033667, "content_attribution": 0.0028372438218220337, "stance_attribution": 0.02735093771851464, "tweet_id": 524969439385878528, "text": "@SkipStartsHere @TorontoStar Global discussed that tweet. I'm just going off what I'm hearing by them.", "type": "lower_reply"}, {"index": 20, "attribution": 0.018198259492184413, "content_attribution": -0.0010158916191875273, "stance_attribution": 0.019214151111371935, "tweet_id": 524965707722002433, "text": "@TorontoStar OMG", "type": "direct_reply"}, {"index": 18, "attribution": 0.013211620269538905, "content_attribution": -0.0003247418796657161, "stance_attribution": 0.013536362149204622, "tweet_id": 524965542994931712, "text": "@TorontoStar crap. Very sad news", "type": "direct_reply"}, {"index": 6, "attribution": 0.010118989643533584, "content_attribution": -0.0016359003743769817, "stance_attribution": 0.011754890017910566, "tweet_id": 524966557605462020, "text": "\u201c@TorontoStar: #BREAKING Minister of Employment Jason Kenney confirms the soldier shot in Ottawa is dead http://t.co/ZXCgIOV9Ur &gt; My God.", "type": "direct_reply"}, {"index": 19, "attribution": 0.008476031976868945, "content_attribution": -0.0007187409658933564, "stance_attribution": 0.009194772942762303, "tweet_id": 524967382469869568, "text": "@TorontoStar: Minister of Employment Jason Kenney confirms the soldier shot in Ottawa is dead http://t.co/X37eJrH39q #RIP", "type": "direct_reply"}, {"index": 12, "attribution": 0.004366564176648071, "content_attribution": -0.0004676194322738206, "stance_attribution": 0.004834183608921891, "tweet_id": 524968405137637376, "text": "@TorontoStar My heart goes out to &amp; my thoughts are with fallen Soldier's family &amp; loved ones.", "type": "direct_reply"}, {"index": 7, "attribution": 0.0037511971618365376, "content_attribution": -0.001285973063234022, "stance_attribution": 0.00503717022507056, "tweet_id": 524966818184560641, "text": "@TorontoStar @TrevorBoller Damn it.", "type": "direct_reply"}, {"index": 3, "attribution": 0.002457894010605726, "content_attribution": 0.0002927197468826153, "stance_attribution": 0.002165174263723111, "tweet_id": 524966339702980608, "text": "This is heartbreaking \u201c@TorontoStar: #BREAKING Soldier shot in Ottawa is dead http://t.co/UKG0pcDCQO http://t.co/vM8j7ldCOC\u201d", "type": "direct_reply"}, {"index": 8, "attribution": 0.0008773289663174071, "content_attribution": -2.9084629590796945e-05, "stance_attribution": 0.0009064135959082041, "tweet_id": 524965541149433858, "text": "@TorontoStar @ryanpaulgibson how heartbreaking", "type": "direct_reply"}, {"index": 13, "attribution": 0.00031303278948426836, "content_attribution": -0.00014841775602339585, "stance_attribution": 0.00046145054550766424, "tweet_id": 524968489413791744, "text": ":( :( :( @TorontoStar: #BREAKING Minister of Employment Jason Kenney confirms the soldier shot in Ottawa is dead http://t.co/udI7f2CZFO", "type": "direct_reply"}, {"index": 9, "attribution": 0.00029606255878805883, "content_attribution": -0.00014619388338640225, "stance_attribution": 0.0004422564421744611, "tweet_id": 524966078649081857, "text": "\u201c@TorontoStar: #BREAKING Minister of Employment Jason Kenney confirms the soldier shot in Ottawa is dead http://t.co/dhR0dohtnh\u201d \ud83d\ude14\ud83d\ude14", "type": "direct_reply"}, {"index": 10, "attribution": -0.002472530902961524, "content_attribution": -0.002102981114295798, "stance_attribution": -0.00036954978866572555, "tweet_id": 524967135232421888, "text": "@TorontoStar How does he know? Maybe he's wrong? I wouldn't call it confirmation.", "type": "direct_reply"}, {"index": 11, "attribution": -0.0047462890280712015, "content_attribution": -0.0022919925336086283, "stance_attribution": -0.0024542964944625737, "tweet_id": 524965732585463809, "text": "@TorontoStar heartbreaking. Thoughts are with the family.", "type": "direct_reply"}, {"index": 16, "attribution": -0.009260756552702476, "content_attribution": 0.016671499820732377, "stance_attribution": -0.025932256373434846, "tweet_id": 524969822996922369, "text": "@LittleCityCharm @TorontoStar i think they just confirmed it ; ( sad day sad day...", "type": "lower_reply"}, {"index": 14, "attribution": -0.010002525005353553, "content_attribution": -0.00038292027072171016, "stance_attribution": -0.00961960473463184, "tweet_id": 524967667342385152, "text": "Dammit. \u201c@TorontoStar: #BREAKING Minister of Employment Jason Kenney confirms the soldier shot in Ottawa is dead #RIP", "type": "direct_reply"}, {"index": 0, "attribution": -0.2155134245788502, "content_attribution": 0.04014789231428525, "stance_attribution": -0.2556613168931354, "tweet_id": 524965165759221760, "text": "#BREAKING Minister of Employment Jason Kenney confirms the soldier shot in Ottawa is dead http://t.co/lKTCYy4qry http://t.co/COnhvF3DyU", "type": "source"}]}