{"thread_id": "524983366261936130", "gold_label": 0, "predicted_label": 2, "tweet_attributions": [{"index": 9, "attribution": 3.355767348157838, "content_attribution": -0.007778235530908928, "stance_attribution": 3.363545583688747, "tweet_id": 524983843913486336, "text": "What I've learned from Twitter: The @AP is usually around 30 minutes behind reporting news. https://t.co/Hlxu8Qinrq", "type": "direct_reply"}, {"index": 5, "attribution": 0.1366721971035412, "content_attribution": 0.11189994757745758, "stance_attribution": 0.02477224952608362, "tweet_id": 524985056675512320, "text": "@RBPundit @AP Yeah, I'm down with that.", "type": "lower_reply"}, {"index": 8, "attribution": 0.10587311604356793, "content_attribution": 0.06065459642117686, "stance_attribution": 0.04521851962239108, "tweet_id": 524984938865909761, "text": "Which is fine. Just don't call it \"BREAKING\" RT @NoChromeHD @RBPundit @AP In fairness, I'd rather they get it right than just go with rumors", "type": "lower_reply"}, {"index": 18, "attribution": 0.04265494164177055, "content_attribution": 0.0335337348947153, "stance_attribution": 0.00912120674705525, "tweet_id": 524983446259916800, "text": "RT\u201c@AP: BREAKING: Police say soldier, 1 suspected gunman dead in Ottawa shootings.\u201d", "type": "direct_reply"}, {"index": 7, "attribution": 0.018445856405560256, "content_attribution": -0.0002369434148704177, "stance_attribution": 0.018682799820430675, "tweet_id": 524987609106616321, "text": "@AP", "type": "direct_reply"}, {"index": 14, "attribution": 0.013769003212734264, "content_attribution": 0.0009015325217863032, "stance_attribution": 0.012867470690947961, "tweet_id": 524987018590564353, "text": "@AP Probably a drill.", "type": "direct_reply"}, {"index": 2, "attribution": 0.012884707877668582, "content_attribution": 0.007721941731274419, "stance_attribution": 0.005162766146394161, "tweet_id": 524984975431856129, "text": "@thetorse @AP wow dam  terrorist", "type": "lower_reply"}, {"index": 10, "attribution": 0.007140159435580676, "content_attribution": -0.0005943188233646848, "stance_attribution": 0.007734478258945361, "tweet_id": 524983599997915136, "text": "RT \"@AP: BREAKING: Police say soldier, 1 suspected gunman dead in Ottawa shootings.\u201d", "type": "direct_reply"}, {"index": 16, "attribution": 0.0013701522148630478, "content_attribution": 0.00043128815734220247, "stance_attribution": 0.000938864057520845, "tweet_id": 525036788172488705, "text": "@AP  dang shame. didn't have to be this way", "type": "direct_reply"}, {"index": 12, "attribution": 0.0012744999031751708, "content_attribution": -0.0008800986257737326, "stance_attribution": 0.0021545985289489035, "tweet_id": 524984524070191104, "text": "\u00daLTIMA HORA: @AP reporta que un soldado y el sospechoso han muerto en balaceras en Ottawa, Canad\u00e1.", "type": "direct_reply"}, {"index": 4, "attribution": 0.0005971506705407931, "content_attribution": -0.00041760075353857096, "stance_attribution": 0.0010147514240793647, "tweet_id": 524986081914413056, "text": "\u201c@AP: BREAKING: Police say soldier, 1 suspected gunman dead in Ottawa shootings.\u201dan act of evil", "type": "direct_reply"}, {"index": 11, "attribution": 0.00048626051009202653, "content_attribution": 0.0002572853389718964, "stance_attribution": 0.00022897517112013013, "tweet_id": 524983550374719488, "text": "\u201c@AP: BREAKING: Police say soldier, 1 suspected gunman dead in Ottawa shootings.\u201d", "type": "direct_reply"}, {"index": 19, "attribution": 0.0003284568915976452, "content_attribution": 0.00016720931584947047, "stance_attribution": 0.00016124757574817485, "tweet_id": 524984252208005121, "text": ":( \u201c@AP: BREAKING: Police say soldier, 1 suspected gunman dead in Ottawa shootings.\u201d", "type": "direct_reply"}, {"index": 6, "attribution": 0.00030633160006135013, "content_attribution": -7.772455287500561e-05, "stance_attribution": 0.00038405615293635577, "tweet_id": 525419695118495746, "text": "@AP http://t.co/dNsCpMAQWD", "type": "direct_reply"}, {"index": 3, "attribution": -2.568782031242995e-05, "content_attribution": -3.199632799187819e-05, "stance_attribution": 6.308507679448239e-06, "tweet_id": 524996916401426433, "text": "@AP https://t.co/8jMhL2fC0O", "type": "direct_reply"}, {"index": 1, "attribution": -0.010081571349012199, "content_attribution": -0.0009805581580867944, "stance_attribution": -0.009101013190925406, "tweet_id": 524983541009244160, "text": "\u201c@AP: BREAKING: Police say soldier, 1 suspected gunman dead in Ottawa shootings.\u201d Wow \u2026", "type": "direct_reply"}, {"index": 13, "attribution": -0.015216852250095886, "content_attribution": -0.00022425541365359198, "stance_attribution": -0.014992596836442294, "tweet_id": 524986342884012033, "text": "@RBPundit and that is on a good day.", "type": "lower_reply"}, {"index": 17, "attribution": -0.20139163905137536, "content_attribution": 0.001280138479381447, "stance_attribution": -0.20267177753075677, "tweet_id": 524984878677647360, "text": "@RBPundit @AP and about an hour behind reporting the truth.", "type": "lower_reply"}, {"index": 15, "attribution": -0.22517981129503253, "content_attribution": 0.0022131267941404367, "stance_attribution": -0.22739293808917296, "tweet_id": 524984731524681728, "text": "@RBPundit @AP In fairness, I'd rather they get it right than just go with rumors.", "type": "lower_reply"}, {"index": 0, "attribution": -0.3902238925542466, "content_attribution": 0.09222655413356463, "stance_attribution": -0.48245044668781123, "tweet_id": 524983366261936130, "text": "BREAKING: Police say soldier, 1 suspected gunman dead in Ottawa shootings.", "type": "source"}]}