{"thread_id": "524959836778536961", "gold_label": 1, "predicted_label": 0, "tweet_attributions": [{"index": 0, "attribution": 0.16806249685170183, "content_attribution": -0.022024463495990035, "stance_attribution": 0.19008696034769185, "tweet_id": 524959836778536961, "text": "UPDATE: Ottawa police confirm gunman in Canada shooting shot and killed. Search on for possible additional gunmen. http://t.co/sV7ZH50tlf", "type": "source"}, {"index": 3, "attribution": 0.10090402604564286, "content_attribution": -0.0066386360830122575, "stance_attribution": 0.10754266212865511, "tweet_id": 524967668684951552, "text": "@CBSNews GOOD! STOPPLAYING AROUND  WIH THES SCUMBAGS KILL THEM.NO JAIL NO COURTS, SHOT TO KILL!! GOD BLESS THE HEROS!!!", "type": "direct_reply"}, {"index": 4, "attribution": 0.026717566234409164, "content_attribution": -0.00821420432356369, "stance_attribution": 0.034931770557972856, "tweet_id": 524973284547653633, "text": "@CBSNews wake up call for canada", "type": "direct_reply"}, {"index": 2, "attribution": 0.019229334046321617, "content_attribution": -0.0027418297245434763, "stance_attribution": 0.021971163770865096, "tweet_id": 524960075136663552, "text": "@CBSNews @JoeyBats19", "type": "direct_reply"}, {"index": 1, "attribution": -0.0111809474490659, "content_attribution": 0.008372298310452088, "stance_attribution": -0.019553245759517987, "tweet_id": 524960162327834625, "text": "@CBSNews where are the police helicopters", "type": "direct_reply"}]}