{"thread_id": "524953840127574016", "gold_label": 1, "predicted_label": 2, "tweet_attributions": [{"index": 17, "attribution": 3.170619197122611, "content_attribution": 0.02592829581431028, "stance_attribution": 3.1446909013083006, "tweet_id": 524955503588548609, "text": "@bostonsportsdsk @CBCAlerts @FriedgeHNIC thanks!!! We're in lockdown right now!!!", "type": "lower_reply"}, {"index": 15, "attribution": 2.1318955664640047, "content_attribution": 0.03850256426031151, "stance_attribution": 2.093393002203693, "tweet_id": 524956780531843073, "text": "@Marie_Habs1993 @CBCAlerts @FriedgeHNIC Been there... Done that !  Sucks. #thoughtsandprayers", "type": "lower_reply"}, {"index": 10, "attribution": 1.4986890726289124, "content_attribution": 0.030600047065971515, "stance_attribution": 1.4680890255629409, "tweet_id": 524955591119503360, "text": "@ESHDrexxin @CBCAlerts Ottawa and Toronto are under terrorist attacks by ISIS", "type": "lower_reply"}, {"index": 18, "attribution": 1.1088808971378687, "content_attribution": 0.020930729218050694, "stance_attribution": 1.087950167919818, "tweet_id": 524954724182024192, "text": "@CBCAlerts @FriedgeHNIC Best of luck to our friends up North ! Stay safe", "type": "direct_reply"}, {"index": 6, "attribution": 0.6633353185856954, "content_attribution": 0.009972185010582694, "stance_attribution": 0.6533631335751127, "tweet_id": 524955412953432064, "text": "@CBCAlerts @Andromehda People shoot things in Canada?", "type": "direct_reply"}, {"index": 5, "attribution": 0.591435784372304, "content_attribution": 0.06075592005348141, "stance_attribution": 0.5306798643188226, "tweet_id": 524955700766584832, "text": "@Andromehda @CBCAlerts Oh...:(", "type": "lower_reply"}, {"index": 16, "attribution": 0.24664070288063172, "content_attribution": 0.03246727605676804, "stance_attribution": 0.21417342682386367, "tweet_id": 524956893346033665, "text": "@bostonsportsdsk @CBCAlerts @FriedgeHNIC thanks buddy!", "type": "lower_reply"}, {"index": 3, "attribution": 0.07249961600302895, "content_attribution": 0.055924001502468276, "stance_attribution": 0.01657561450056067, "tweet_id": 524956974635839488, "text": "@ESHDrexxin @CBCAlerts Oh, just Ottawa.", "type": "lower_reply"}, {"index": 8, "attribution": 0.009572863636808922, "content_attribution": 0.0017503963388405335, "stance_attribution": 0.00782246729796839, "tweet_id": 524955274742734849, "text": "@scottgware fortunately not. although do have some friends in the area @CBCAlerts", "type": "lower_reply"}, {"index": 13, "attribution": 0.004773006588940242, "content_attribution": -0.00037826248809984914, "stance_attribution": 0.005151269077040092, "tweet_id": 524955117553192960, "text": "@CBCAlerts: Police confirm 3rd shooting in area of Rideau Centre, mall in downtown #Ottawa east of Parliament Hill.#cdnpoli @Santi__Acevedo", "type": "direct_reply"}, {"index": 14, "attribution": 0.0008575941823987078, "content_attribution": -0.0010431158338612102, "stance_attribution": 0.001900710016259918, "tweet_id": 524954220962017281, "text": "@CBCAlerts oh dear", "type": "direct_reply"}, {"index": 11, "attribution": 0.0005094075965260327, "content_attribution": 0.0005982437632186023, "stance_attribution": -8.883616669256984e-05, "tweet_id": 524955220359786496, "text": "@CBCAlerts is this any part of the ISIS crap?! What the hell is going on?!?!", "type": "direct_reply"}, {"index": 12, "attribution": 0.00044630175955211215, "content_attribution": 0.0010915867402784116, "stance_attribution": -0.0006452849807262994, "tweet_id": 524954816410554368, "text": "\u201c@CBCAlerts: Police confirm 3rd shooting in area of Rideau Centre, in downtown #Ottawa east of Parliament Hill\u201d you're FUCKING kidding me", "type": "direct_reply"}, {"index": 9, "attribution": 0.0002507203851642127, "content_attribution": 0.00044280704520151086, "stance_attribution": -0.00019208666003729734, "tweet_id": 524955771659096064, "text": "@CBCAlerts", "type": "direct_reply"}, {"index": 2, "attribution": -0.00041585957688090094, "content_attribution": 0.00037823083242538114, "stance_attribution": -0.0007940904093062813, "tweet_id": 524954090380328960, "text": "@CBCAlerts", "type": "direct_reply"}, {"index": 7, "attribution": -0.001230054472434048, "content_attribution": -0.002091063225087817, "stance_attribution": 0.0008610087526537695, "tweet_id": 524955733457387520, "text": "@CBCAlerts what the actual Fuck.", "type": "direct_reply"}, {"index": 1, "attribution": -0.0036016066208751658, "content_attribution": -0.00352642360082072, "stance_attribution": -7.518302005444616e-05, "tweet_id": 524954311021711360, "text": "RT @CBCAlerts: Police confirm 3rd shooting in area of Rideau Centre, mall in downtown #Ottawa east of Parliament Hill. #cdnpoli\u201d", "type": "direct_reply"}, {"index": 4, "attribution": -0.030864647865504066, "content_attribution": 0.002877640661504649, "stance_attribution": -0.03374228852700872, "tweet_id": 524955093016539136, "text": "@cbcalerts @refforlife Any of our family in Ottawa now?", "type": "direct_reply"}, {"index": 0, "attribution": -0.08742933794837968, "content_attribution": 0.04800217514006774, "stance_attribution": -0.13543151308844742, "tweet_id": 524953840127574016, "text": "Police confirm 3rd shooting in area of Rideau Centre, mall in downtown #Ottawa east of Parliament Hill. #cdnpoli", "type": "source"}]}