{"thread_id": "524938107142283264", "gold_label": 0, "predicted_label": 0, "tweet_attributions": [{"index": 0, "attribution": 0.1468900360491054, "content_attribution": -0.0370208158045328, "stance_attribution": 0.1839108518536382, "tweet_id": 524938107142283264, "text": "Canada's parliament building in Ottawa is on lockdown after reports of an active shooter http://t.co/oKneosRl04 http://t.co/JIW3PIeeMj", "type": "source"}, {"index": 9, "attribution": 0.044610557826679595, "content_attribution": 0.030297749113734937, "stance_attribution": 0.014312808712944653, "tweet_id": 524944337176895488, "text": "@mashable @massmedic1980 well so much for saying that this only happens in the US or that extreme gun control works", "type": "direct_reply"}, {"index": 4, "attribution": 0.02677425645983994, "content_attribution": 0.0004907307538849939, "stance_attribution": 0.026283525705954942, "tweet_id": 524947388205924354, "text": "@mashable  10 minute showers in denver aurora and i revelings to peoples so maybe its viao vaio able", "type": "direct_reply"}, {"index": 6, "attribution": 0.017896975075322927, "content_attribution": -0.0009293569311632313, "stance_attribution": 0.018826332006486157, "tweet_id": 524947605768638464, "text": "@mashable Muggles are storming Hogwarts.\n#Canada #Ottawa", "type": "direct_reply"}, {"index": 3, "attribution": 0.009089692337651155, "content_attribution": 0.0008130289435649274, "stance_attribution": 0.008276663394086227, "tweet_id": 524940279913000960, "text": "@mashable http://t.co/UBaqBgScut", "type": "direct_reply"}, {"index": 2, "attribution": 0.0067603384160316, "content_attribution": -0.008308048350270663, "stance_attribution": 0.015068386766302263, "tweet_id": 524938912331214849, "text": "@mashable My first thought is: That's a beautiful building!", "type": "direct_reply"}, {"index": 5, "attribution": 0.0018729570431504274, "content_attribution": -0.0019229202873285826, "stance_attribution": 0.003795877330479009, "tweet_id": 524941160000024576, "text": "@mashable Tragedy aside,  must say its a beautiful building. #Ottawa", "type": "direct_reply"}, {"index": 8, "attribution": -0.0021443311763667964, "content_attribution": -0.003735299912420338, "stance_attribution": 0.0015909687360535407, "tweet_id": 524938601315201025, "text": "@mashable Hope everyones ok", "type": "direct_reply"}, {"index": 10, "attribution": -0.0027881415534745076, "content_attribution": -0.0022894529328051564, "stance_attribution": -0.0004986886206693499, "tweet_id": 524947136707067907, "text": "@mashable  castle  transport that to colorado aill put in on kingston and  bridge to it and a tunnel to it for me and woman Dog too", "type": "direct_reply"}, {"index": 1, "attribution": -0.004143456637759819, "content_attribution": 0.004002725423331217, "stance_attribution": -0.008146182061091035, "tweet_id": 524947194554880001, "text": "@mashable   1400's 1500's 1600's castle", "type": "direct_reply"}, {"index": 7, "attribution": -0.0062453899018169775, "content_attribution": 0.0017393457653130109, "stance_attribution": -0.007984735667129988, "tweet_id": 524938730176790528, "text": "@mashable more than one SHOOTER", "type": "direct_reply"}]}