{"thread_id": "524931110279852032", "gold_label": 0, "predicted_label": 0, "tweet_attributions": [{"index": 0, "attribution": 0.15631322421829735, "content_attribution": -0.04548785969699154, "stance_attribution": 0.20180108391528892, "tweet_id": 524931110279852032, "text": "Soldier shot, Parliament locked down after gunfire erupts at war memorial. Developing story: http://t.co/ULAKX3dYO1 http://t.co/o5P3RDYb8C", "type": "source"}, {"index": 4, "attribution": 0.12863740318212966, "content_attribution": -0.007964829952268698, "stance_attribution": 0.13660223313439834, "tweet_id": 524932001720459264, "text": "\u201c@globeandmail: Developing story: http://t.co/AMKw4uKBum http://t.co/pMTen98sBN\u201d. Soldiers shouldn't have this concern at home!!", "type": "direct_reply"}, {"index": 3, "attribution": 0.013437677838734783, "content_attribution": -0.0025952342000680043, "stance_attribution": 0.016032912038802787, "tweet_id": 524933298314039296, "text": "#AttackInOttawa\n@globeandmail: Soldier shot; Parliament locked down; gunfire erupts\nhttp://t.co/snL5JwIKrg http://t.co/4GoYDx8dQ3", "type": "direct_reply"}, {"index": 2, "attribution": 0.0032516625291194785, "content_attribution": -0.020103435919075943, "stance_attribution": 0.023355098448195423, "tweet_id": 524932041457291264, "text": "\u201c@globeandmail: Soldier shot, Parliament locked down after gunfire erupts at war memorial. http://t.co/js9CLv0D4y http://t.co/oXYpP3T16m\u201d", "type": "direct_reply"}, {"index": 1, "attribution": -0.011646745931804668, "content_attribution": -0.013435308392910779, "stance_attribution": 0.0017885624611061112, "tweet_id": 524946627455631360, "text": "@globeandmail props to your journalists for gaining amazing access to the scene in #ParliamentHill. Great work.", "type": "direct_reply"}]}