{"thread_id": "524961908903149568", "gold_label": 2, "predicted_label": 2, "tweet_attributions": [{"index": 4, "attribution": 0.2814809846676055, "content_attribution": -0.0018542470694048482, "stance_attribution": 0.2833352317370104, "tweet_id": 525007944526491648, "text": "@Cosmi that's why there's so many mass shootings in countries with strict gun laws right?", "type": "lower_reply"}, {"index": 0, "attribution": 0.16547768709583133, "content_attribution": 0.02298251499013443, "stance_attribution": 0.14249517210569687, "tweet_id": 524961908903149568, "text": "2 new victims en route to Ottawa hospital; 1 shot, both non-life-threatening, hospital says - @MICHAELCTV, @CBCNews https://t.co/wCqPcyqMxK", "type": "source"}, {"index": 2, "attribution": 0.0356902635870194, "content_attribution": 0.01678523108925478, "stance_attribution": 0.018905032497764616, "tweet_id": 524963284043456512, "text": "@BreakingNews @MICHAELCTV @CBCNews omg \ud83d\ude1e", "type": "direct_reply"}, {"index": 5, "attribution": 0.012259967203379999, "content_attribution": 0.02318633929776969, "stance_attribution": -0.01092637209438969, "tweet_id": 524963053205749761, "text": "@BreakingNews @MICHAELCTV @CBCNews God keep you all safe.Pray this deranged psychos are caught soonest.", "type": "direct_reply"}, {"index": 1, "attribution": 0.00955506697177068, "content_attribution": 0.014756407621016585, "stance_attribution": -0.0052013406492459075, "tweet_id": 524962300310986752, "text": "@BreakingNews @MICHAELCTV @CBCNews has terrorism came to Canada", "type": "direct_reply"}, {"index": 3, "attribution": -0.036557159208483916, "content_attribution": -0.0007258653604539231, "stance_attribution": -0.03583129384803, "tweet_id": 524962501126291456, "text": "@Cosmi @BreakingNews @MICHAELCTV @CBCNews you can own guns in Canada.", "type": "lower_reply"}]}