{"thread_id": "524948264148160513", "gold_label": 0, "predicted_label": 2, "tweet_attributions": [{"index": 0, "attribution": 0.5972235583862204, "content_attribution": -0.0798105165720016, "stance_attribution": 0.6770340749582221, "tweet_id": 524948264148160513, "text": "BREAKING: One gunman has been killed following a shooting on Parliament Hill, sources confirm to CTV News.", "type": "source"}, {"index": 5, "attribution": 0.045780671701323744, "content_attribution": 0.0002080648065532891, "stance_attribution": 0.04557260689477046, "tweet_id": 524950840789200896, "text": "Thoughts w #Ottawa peeps RT @CP24: BREAKING: 1 gunman has been killed following a shooting on Parliament Hill, sources confirm to CTV News.", "type": "direct_reply"}, {"index": 3, "attribution": 0.02423692033089065, "content_attribution": 0.0010977247098504749, "stance_attribution": 0.023139195621040182, "tweet_id": 524980473848930304, "text": "\u201c@CP24: One gunman has been killed following a shooting on Parliament Hill, sources confirm to CTV..\u201d What the fuck is wrong with the world", "type": "direct_reply"}, {"index": 2, "attribution": 0.015857744855811016, "content_attribution": -0.0022160778986882908, "stance_attribution": 0.018073822754499307, "tweet_id": 524977106904948737, "text": "@CP24 thoughts and prayers  to everyone in Ottawa. Very tragic :(", "type": "direct_reply"}, {"index": 9, "attribution": 0.0015454923734014654, "content_attribution": 0.00021485880653077224, "stance_attribution": 0.0013306335668706933, "tweet_id": 524949172391518208, "text": "\u201c@CP24: BREAKING: One gunman has been killed following a shooting on Parliament Hill, sources confirm to CTV News.\u201d", "type": "direct_reply"}, {"index": 4, "attribution": 0.001282757251087396, "content_attribution": -9.150529569330727e-05, "stance_attribution": 0.0013742625467807036, "tweet_id": 524948682677161984, "text": "\u201c@CP24: BREAKING: One gunman has been killed following a shooting on Parliament Hill, sources confirm to CTV News.\u201d", "type": "direct_reply"}, {"index": 1, "attribution": 0.0009787316025358405, "content_attribution": 0.0001589083798790255, "stance_attribution": 0.0008198232226568148, "tweet_id": 524948633670914048, "text": "\u201c@CP24: BREAKING: One gunman has been killed following a shooting on Parliament Hill, sources confirm to CTV News.\u201d", "type": "direct_reply"}, {"index": 7, "attribution": -0.0033405122275565924, "content_attribution": -0.0015250888981238864, "stance_attribution": -0.0018154233294327055, "tweet_id": 524949202582110208, "text": "RT @CP24: BREAKING: One gunman has been killed following a shooting on Parliament Hill, sources confirm to CTV News.", "type": "direct_reply"}, {"index": 6, "attribution": -0.010157845540825721, "content_attribution": 0.006923616432880864, "stance_attribution": -0.017081461973706587, "tweet_id": 524949752249876480, "text": "@CP24 what are the chances his name has an Ahmed/Mohammed in it?", "type": "direct_reply"}, {"index": 8, "attribution": -0.17082299535079187, "content_attribution": -0.03728583754645691, "stance_attribution": -0.13353715780433495, "tweet_id": 524950224864051200, "text": "@CP24 @globalnewsto @CSIS \nJournalist on CNN who witnessed scene telling the world that Soldiers Guns are for show only @ Memorial???", "type": "lower_reply"}, {"index": 10, "attribution": -1.2066598214565492, "content_attribution": -0.03721985441102105, "stance_attribution": -1.169439967045528, "tweet_id": 524949665259995136, "text": "@CP24 @globalnewsto \nWhy would anyone let the World know that the Guns held by Soldiers at Memorial are Symbolic only?\nTime to load them!", "type": "direct_reply"}]}