{"thread_id": "524936793633083394", "gold_label": 0, "predicted_label": 2, "tweet_attributions": [{"index": 16, "attribution": 0.813972416455572, "content_attribution": 0.007801072116502829, "stance_attribution": 0.8061713443390691, "tweet_id": 524946091444146177, "text": "@markstrahl @IsraelSpeaker Welcome to the new world order of Arab terror.", "type": "direct_reply"}, {"index": 4, "attribution": 0.505580382840734, "content_attribution": 0.027524709381204663, "stance_attribution": 0.4780556734595293, "tweet_id": 524938264575508482, "text": "Stay Safe Mark @markstrahl @Wetaskijen Live coverage here: http://t.co/XYz8dPaiTY", "type": "direct_reply"}, {"index": 9, "attribution": 0.27433432746991626, "content_attribution": 0.07439121891494484, "stance_attribution": 0.19994310855497144, "tweet_id": 524939768828686337, "text": "@BlueGood2 @markstrahl Watching on CBC", "type": "lower_reply"}, {"index": 1, "attribution": 0.04368139934041147, "content_attribution": 0.018464824283786842, "stance_attribution": 0.02521657505662463, "tweet_id": 525360304646266881, "text": "@YehonasanEaston So this is why \"The Secret\" and \"The Law of Attraction\" never worked for me! Check this out... http://t.co/frHVjK0OhO", "type": "lower_reply"}, {"index": 10, "attribution": 0.03247252804437117, "content_attribution": -7.936786205657009e-05, "stance_attribution": 0.03255189590642774, "tweet_id": 524938161072242688, "text": "@markstrahl Thank you. R all CPC Caucus Members safe? My MP is silent.", "type": "direct_reply"}, {"index": 17, "attribution": 0.023210905336438985, "content_attribution": -0.0006107056164467799, "stance_attribution": 0.023821610952885763, "tweet_id": 524937930184597504, "text": "@markstrahl great to hear Mark - stay safe and prayers for everyone's safety ! Wow, this changes our country :(", "type": "direct_reply"}, {"index": 12, "attribution": 0.021857438859455097, "content_attribution": -0.0009313644064000142, "stance_attribution": 0.022788803265855116, "tweet_id": 524937839960928256, "text": "MP \u201c@markstrahl: Multiple gun shots fired outside of our caucus room.  I am safe and in lockdown. Unbelievable.\u201d #ottawa #fb", "type": "direct_reply"}, {"index": 18, "attribution": 0.009434421413581662, "content_attribution": -0.0002932058335820225, "stance_attribution": 0.009727627247163684, "tweet_id": 524960126084866048, "text": "@markstrahl Hi Mark - could you follow me so I can message you? Glad you're ok. Many thanks", "type": "direct_reply"}, {"index": 14, "attribution": 0.006867192400865844, "content_attribution": -0.000451532570666967, "stance_attribution": 0.007318724971532811, "tweet_id": 524944354465841152, "text": "@markstrahl @MasonAdamsVA blessings &amp; well-wishes to all affected", "type": "direct_reply"}, {"index": 13, "attribution": 0.00398255581494166, "content_attribution": -0.000831118173313136, "stance_attribution": 0.004813673988254797, "tweet_id": 524940028108353536, "text": "@markstrahl. Stay safe sir!", "type": "direct_reply"}, {"index": 15, "attribution": 0.003273824741019596, "content_attribution": -0.001594738599719407, "stance_attribution": 0.004868563340739002, "tweet_id": 524944007848550400, "text": "@markstrahl @mattdpearce i know you were busy studying the #tarsands pollution report that your colleagues are trying to ignore", "type": "direct_reply"}, {"index": 11, "attribution": 0.0021180569520350013, "content_attribution": -0.0023140473997709976, "stance_attribution": 0.004432104351806, "tweet_id": 524967738926981121, "text": "@markstrahl Glad you are o.k! Must be nerve racking...Wow. . .", "type": "direct_reply"}, {"index": 5, "attribution": 0.0017182395014761576, "content_attribution": -0.0032034101652491246, "stance_attribution": 0.004921649666725281, "tweet_id": 524937115503566848, "text": "@markstrahl this is crazy.  Hope you all stay safe.", "type": "direct_reply"}, {"index": 7, "attribution": 0.0015413900299441777, "content_attribution": -0.0003626456142669783, "stance_attribution": 0.0019040356442111563, "tweet_id": 524939219865972736, "text": "@markstrahl I hope you are safe - stay strong. Thoughts are with you and everyone at Parliament.", "type": "direct_reply"}, {"index": 19, "attribution": 0.0007038884801673219, "content_attribution": -0.0015325324389290436, "stance_attribution": 0.0022364209190963652, "tweet_id": 524944059844931585, "text": "@markstrahl @mattdpearce y dont u protect ur own self instead of gettin young good men shot for you, pussy! lawyer scum!", "type": "direct_reply"}, {"index": 2, "attribution": 0.00025782974765300505, "content_attribution": -7.6114093593839e-05, "stance_attribution": 0.00033394384124684417, "tweet_id": 524962958754205698, "text": "@markstrahl @GreatDismal Security note: your doors should have bars that drop down, so you don't need to pile furniture to block them.", "type": "direct_reply"}, {"index": 3, "attribution": -4.149408497886378e-05, "content_attribution": -0.00027821573195076183, "stance_attribution": 0.0002367216469718993, "tweet_id": 524948091561324545, "text": "@markstrahl thank God! Cc @intelwire", "type": "direct_reply"}, {"index": 6, "attribution": -0.0022360324879416886, "content_attribution": -0.0020773137951375815, "stance_attribution": -0.00015871869280410702, "tweet_id": 524938640435068930, "text": "@markstrahl glad to hear you are safe - are thoughts are with u all #ableg", "type": "direct_reply"}, {"index": 8, "attribution": -0.008842295310719887, "content_attribution": -0.0016902708341452277, "stance_attribution": -0.0071520244765746616, "tweet_id": 524942228074926080, "text": "@markstrahl what is recent? any breaking news? is the gunman dead?", "type": "direct_reply"}, {"index": 0, "attribution": -1.047057538127623, "content_attribution": 0.02040007536194277, "stance_attribution": -1.067457613489566, "tweet_id": 524936793633083394, "text": "Very tense situation in Ottawa this morning.  Multiple gun shots fired outside of our caucus room.  I am safe and in lockdown. Unbelievable.", "type": "source"}]}