{"thread_id": "524936365427806208", "gold_label": 2, "predicted_label": 2, "tweet_attributions": [{"index": 15, "attribution": 2.4825437209194985, "content_attribution": 0.09327728794091714, "stance_attribution": 2.389266432978581, "tweet_id": 524955793855377408, "text": "@tomzedd @NBCNews yeah, use your kind words to stop terrorists! better yet, put up another \"Gun Free Zone\" sign!", "type": "lower_reply"}, {"index": 11, "attribution": 1.7273860508617291, "content_attribution": 0.03206565505898674, "stance_attribution": 1.6953203958027427, "tweet_id": 524954049238810626, "text": "@61Webhead @NBCNews only 1 so far and that's the shooter...", "type": "lower_reply"}, {"index": 13, "attribution": 1.2480472648012642, "content_attribution": 0.02428478266686592, "stance_attribution": 1.223762482134398, "tweet_id": 524943088360644608, "text": "@NBCNews ISIS + gun laws = lots of dead people", "type": "direct_reply"}, {"index": 7, "attribution": 0.9585808855749154, "content_attribution": 0.019334393384655292, "stance_attribution": 0.9392464921902601, "tweet_id": 524957147596324864, "text": "@tomzedd @NBCNews This was the 2nd terrorist attack in 3 days with 3 dead now. Gun laws kept citizens from shooting back at the terrorist", "type": "lower_reply"}, {"index": 5, "attribution": 0.9064076569125876, "content_attribution": 0.06568339309717244, "stance_attribution": 0.8407242638154151, "tweet_id": 524956225579282432, "text": "@61Webhead @NBCNews what...", "type": "lower_reply"}, {"index": 6, "attribution": 0.12009428208204426, "content_attribution": 0.01791297239895035, "stance_attribution": 0.10218130968309391, "tweet_id": 524957677773148161, "text": "@61Webhead @NBCNews  that is the dumbest conclusion you could have made. Give your head a shake.", "type": "lower_reply"}, {"index": 3, "attribution": 0.022953202307341602, "content_attribution": -2.320271364036732e-05, "stance_attribution": 0.022976405020981965, "tweet_id": 524941786813173760, "text": "@NBCNews I THOUGHT WE WERE SAFE IN CANADA...ALAS EVIL EXEMPTS NONE..", "type": "direct_reply"}, {"index": 4, "attribution": 0.008049174961190363, "content_attribution": -0.002067185687300357, "stance_attribution": 0.01011636064849072, "tweet_id": 524936487553728512, "text": "RT @NBCNews: DEVELOPING: Shooting suspect at large inside Canadian Parliament: reports\nhttp://t.co/yKkdH4M2Wh http://t.co/LtdGgv0Stw", "type": "direct_reply"}, {"index": 1, "attribution": 0.005114868155530979, "content_attribution": 5.327304974732275e-06, "stance_attribution": 0.005109540850556248, "tweet_id": 524956706783395841, "text": "@PartPhil @NBCNews there have been many. Many more prevented by taking out the shooter before they can kill more.", "type": "lower_reply"}, {"index": 10, "attribution": 0.0037794783961960033, "content_attribution": 0.0008324570966870992, "stance_attribution": 0.002947021299508905, "tweet_id": 524937681944334336, "text": "@NBCNews they already shot him", "type": "direct_reply"}, {"index": 17, "attribution": -0.00032253763940361113, "content_attribution": -0.0008450891217459367, "stance_attribution": 0.0005225514823423256, "tweet_id": 524957683590631425, "text": "@PartPhil @NBCNews go back to riding your unicorn in Utopia. May your kind words stop the mean terrorists.", "type": "lower_reply"}, {"index": 16, "attribution": -0.00035402400768530095, "content_attribution": -0.0001570376789143973, "stance_attribution": -0.00019698632877090407, "tweet_id": 524955415910834176, "text": "@PartPhil @NBCNews how many citizens were firing back? A: 0. Took cops a good while to get to shooter. Go ahead and be a helpless victim", "type": "lower_reply"}, {"index": 8, "attribution": -0.0004476106244145202, "content_attribution": -0.00011874761051383078, "stance_attribution": -0.00032886301390068934, "tweet_id": 524936779661840385, "text": "@NBCNews illuminati", "type": "direct_reply"}, {"index": 2, "attribution": -0.0007485647216575843, "content_attribution": 0.0002907325084116559, "stance_attribution": -0.00103929723006924, "tweet_id": 524936684756946944, "text": "@NBCNews How glamorous they look?", "type": "direct_reply"}, {"index": 12, "attribution": -0.0007822008544700885, "content_attribution": 0.0003482103549062145, "stance_attribution": -0.0011304112093763032, "tweet_id": 524957728440352768, "text": "\u201c@NBCNews: DEVELOPING: Shooting suspect at large inside Canadian Parliament: reports\nhttp://t.co/vUi8ccO227 http://t.co/Dk2uo41chN\u201d", "type": "direct_reply"}, {"index": 14, "attribution": -0.003272819976654546, "content_attribution": -0.0006266367892137808, "stance_attribution": -0.002646183187440765, "tweet_id": 524937135934427136, "text": "@NBCNews @KING5Seattle put a bullet in his head!", "type": "direct_reply"}, {"index": 19, "attribution": -0.018192488821018774, "content_attribution": -0.0015421082346463216, "stance_attribution": -0.01665038058637245, "tweet_id": 524944576767737856, "text": "@NBCNews @MarkMullenNBC \n\nDoes anyone know where Ted Cruz is?", "type": "direct_reply"}, {"index": 18, "attribution": -0.01911053416542078, "content_attribution": -0.007567048193164904, "stance_attribution": -0.011543485972255872, "tweet_id": 524958109312491520, "text": "@61Webhead @NBCNews go back to being scared and quivering beside your guns. May your fear and composite metals keep you warm at night", "type": "lower_reply"}, {"index": 9, "attribution": -0.020622223875225065, "content_attribution": -0.008489894302580766, "stance_attribution": -0.0121323295726443, "tweet_id": 524958336262094849, "text": "@PartPhil @NBCNews go cower behind your \"Gun Free Zone\" sign while calling 9-1-1, hippie.", "type": "lower_reply"}, {"index": 0, "attribution": -0.12254555785954907, "content_attribution": 0.057964472263405245, "stance_attribution": -0.18051003012295433, "tweet_id": 524936365427806208, "text": "DEVELOPING: Shooting suspect at large inside Canadian Parliament: reports\nhttp://t.co/hU0OfoOGEC http://t.co/5fkHcPaK97", "type": "source"}]}