{"thread_id": "524930575472136192", "gold_label": 2, "predicted_label": 0, "tweet_attributions": [{"index": 0, "attribution": 0.10387457051289084, "content_attribution": -0.08198786663597478, "stance_attribution": 0.18586243714886563, "tweet_id": 524930575472136192, "text": "#ottnews #ctvottawa  Reports man has been apprehended on Parliament Hill.  As many as 30 shots fired  - soldier shot at War Memorial.", "type": "source"}, {"index": 7, "attribution": 0.045614867651638705, "content_attribution": 0.02176963709955308, "stance_attribution": 0.02384523055208563, "tweet_id": 524930817177690113, "text": "@CarolAnneCTV hope these reports are true. Quick response from all personnel thank you!", "type": "direct_reply"}, {"index": 3, "attribution": 0.03250831650782983, "content_attribution": -0.004384616045582902, "stance_attribution": 0.03689293255341273, "tweet_id": 524936133638373376, "text": "@CarolAnneCTV @TSNBobMcKenzie Still one on the loose", "type": "direct_reply"}, {"index": 6, "attribution": 0.011493581254545731, "content_attribution": 0.005197633302515492, "stance_attribution": 0.006295947952030238, "tweet_id": 524936114860478464, "text": "@CarolAnneCTV @TSNBobMcKenzie Lots of other reports say there's still a shooter loose.", "type": "direct_reply"}, {"index": 4, "attribution": 0.009646724737017243, "content_attribution": -0.008651489261705744, "stance_attribution": 0.018298213998722987, "tweet_id": 524931964978331648, "text": "#AttackInOttawa\n@CarolAnneCTV: Report: man apprehended on Parliament Hill.  As many as 30 shots fired  - soldier shot at War Memorial", "type": "direct_reply"}, {"index": 1, "attribution": -0.007118336375836068, "content_attribution": -0.0019717894036945928, "stance_attribution": -0.005146546972141475, "tweet_id": 524945298087739392, "text": "@CarolAnneCTV @TSNBobMcKenzie \nWTF. This is unthinkable. What's in store for our future?", "type": "direct_reply"}, {"index": 2, "attribution": -0.027459879092637623, "content_attribution": -0.027336348344644476, "stance_attribution": -0.00012353074799314643, "tweet_id": 524938578972123136, "text": "@CarolAnneCTV slight exageration maybe?", "type": "direct_reply"}, {"index": 5, "attribution": -0.03151512054777991, "content_attribution": -0.000521000525246871, "stance_attribution": -0.030994120022533045, "tweet_id": 524936075534663682, "text": "@CarolAnneCTV @TSNBobMcKenzie what about low income housing news did you hear any things", "type": "direct_reply"}]}