{"thread_id": "524935816603107328", "gold_label": 0, "predicted_label": 0, "tweet_attributions": [{"index": 0, "attribution": 0.1598274154651142, "content_attribution": -0.028035169062141763, "stance_attribution": 0.18786258452725596, "tweet_id": 524935816603107328, "text": "BREAKING UPDATE: Soldier shot at National War Memorial in Ottawa, Canada, police tell @ABC News - http://t.co/wg7WHTjJGI", "type": "source"}, {"index": 1, "attribution": 0.12765758545883116, "content_attribution": -0.008631309757404374, "stance_attribution": 0.13628889521623552, "tweet_id": 524935929421516800, "text": "@ABC multiple shots fired in parliament hill", "type": "direct_reply"}, {"index": 4, "attribution": 0.02127711723363457, "content_attribution": 0.011945931320789586, "stance_attribution": 0.009331185912844986, "tweet_id": 524936319764819968, "text": "#BREAKING UPDATE: #Soldier shot at National War Memorial in Ottawa, #Canada, police tell @ABC News - http://t.co/NpQryYZJCS", "type": "direct_reply"}, {"index": 5, "attribution": -0.0047174890312778875, "content_attribution": -0.005045898842687208, "stance_attribution": 0.00032840981140932183, "tweet_id": 524937050747723777, "text": "RT @ABC: BREAKING UPDATE: Soldier shot at National War Memorial in Ottawa, Canada, police tell @ABC News - http://t.co/sV8ItmP2fu", "type": "direct_reply"}, {"index": 3, "attribution": -0.015780618723919393, "content_attribution": -0.0006690101043502258, "stance_attribution": -0.01511160861956917, "tweet_id": 524936235304120320, "text": "@ABC thats so so sad people are dumb if they do that! (shoot pople is dumb)", "type": "direct_reply"}, {"index": 2, "attribution": -0.03213099104884003, "content_attribution": 0.005303006416254945, "stance_attribution": -0.03743399746509497, "tweet_id": 524936138159427585, "text": "@ABC Is there truth on the US Embassy getting hit in Baghdad?", "type": "direct_reply"}]}