{"thread_id": "524937204552843268", "gold_label": 0, "predicted_label": 2, "tweet_attributions": [{"index": 5, "attribution": 3.475286732600925, "content_attribution": 0.04619934135766672, "stance_attribution": 3.4290873912432587, "tweet_id": 524939502113284097, "text": "@tgrunfeld @NBCNews Thomas Grunfeld has a sense of humor?", "type": "lower_reply"}, {"index": 15, "attribution": 1.269985982662069, "content_attribution": 0.10774297356445434, "stance_attribution": 1.1622430090976144, "tweet_id": 524939999842938880, "text": "@StephenDennehy @NBCNews Active act of terrorism in progress. Make your jokes some other time.", "type": "lower_reply"}, {"index": 3, "attribution": 0.2620539656262292, "content_attribution": -0.0007503036453926598, "stance_attribution": 0.26280426927162187, "tweet_id": 524938496898007040, "text": "@StephenDennehy @NBCNews You are an ignoramus. We were in WW II before the US and our soldiers have been fighting and dying in Afghanistan.", "type": "lower_reply"}, {"index": 1, "attribution": 0.21366468527952626, "content_attribution": 0.010873592201485531, "stance_attribution": 0.20279109307804066, "tweet_id": 524938761504038913, "text": "@StephenDennehy @NBCNews Stephen Dennehy has a brain?", "type": "lower_reply"}, {"index": 12, "attribution": 0.11636123062810005, "content_attribution": 0.062392387786846526, "stance_attribution": 0.053968842841253514, "tweet_id": 524941078756356096, "text": "@tgrunfeld @NBCNews ok let me know when it's safe to joke again.", "type": "lower_reply"}, {"index": 0, "attribution": 0.057895282926697725, "content_attribution": 0.06158175214563649, "stance_attribution": -0.0036864692189387607, "tweet_id": 524937204552843268, "text": "BREAKING: Soldier shot at Canadian parliament, authorities say\nhttp://t.co/Dg2QJtPZ6B http://t.co/cslSESe9V2", "type": "source"}, {"index": 2, "attribution": 0.018283841061243873, "content_attribution": 0.005631869711445542, "stance_attribution": 0.012651971349798332, "tweet_id": 524945695107989504, "text": "@Canuckmaiden @NBCNews Canada has Soldiers?", "type": "lower_reply"}, {"index": 10, "attribution": 0.012093726518982923, "content_attribution": -0.0005289525219683443, "stance_attribution": 0.012622679040951268, "tweet_id": 524937732158943232, "text": "@NBCNews whoa, that's an awesome picture.", "type": "direct_reply"}, {"index": 14, "attribution": 0.00945176472035596, "content_attribution": -0.00027411788995195885, "stance_attribution": 0.009725882610307917, "tweet_id": 524937977064329217, "text": "Oh no! @NBCNews: BREAKING: Soldier shot at Canadian parliament, authorities say\nhttp://t.co/ca6NfcGM6M http://t.co/1QzkVJMeYx", "type": "direct_reply"}, {"index": 18, "attribution": 0.004960219451311782, "content_attribution": -0.0022678360051528266, "stance_attribution": 0.007228055456464608, "tweet_id": 524938544503341056, "text": "\u201c@NBCNews: BREAKING: Soldier shot at Canadian parliament, authorities say\nhttp://t.co/gvR30y7M48 http://t.co/P1GdYZIs4H\u201d Misleading headline", "type": "direct_reply"}, {"index": 4, "attribution": 0.003290815007227589, "content_attribution": 0.007183681854634623, "stance_attribution": -0.0038928668474070343, "tweet_id": 524945163949727744, "text": "@StephenDennehy @NBCNews Sorry, I don't find anything funny about a soldier being shot at.", "type": "lower_reply"}, {"index": 8, "attribution": 0.0018904458549263525, "content_attribution": 0.0021047037627439378, "stance_attribution": -0.00021425790781758503, "tweet_id": 524939548523257856, "text": "@AlexHoegs27", "type": "lower_reply"}, {"index": 9, "attribution": 0.0017723754603586137, "content_attribution": 0.0025360385424228284, "stance_attribution": -0.0007636630820642143, "tweet_id": 524939539425792000, "text": "@AlexHoegs27 lol", "type": "lower_reply"}, {"index": 16, "attribution": 0.0005299410079404223, "content_attribution": -0.00026752912204646724, "stance_attribution": 0.0007974701299868895, "tweet_id": 524937771912556546, "text": "\u201c@NBCNews: BREAKING: Soldier shot at Canadian parliament, authorities say\nhttp://t.co/V9HCiLfTFd http://t.co/1OoRZjbkAr\u201d", "type": "direct_reply"}, {"index": 13, "attribution": 0.0004732984457741623, "content_attribution": -0.00016415853173147742, "stance_attribution": 0.0006374569775056398, "tweet_id": 524943763161223168, "text": "\u201c@NBCNews: BREAKING: Soldier shot at Canadian parliament, authorities say\nhttp://t.co/6k3zrhsNyu http://t.co/cXBigYLQor\u201d", "type": "direct_reply"}, {"index": 7, "attribution": -0.0006650210565432502, "content_attribution": -9.64465373244777e-05, "stance_attribution": -0.0005685745192187727, "tweet_id": 524946719185063936, "text": "@NBCNews how is the soldier &amp; is gun man in custody?", "type": "direct_reply"}, {"index": 17, "attribution": -0.0021391437258120073, "content_attribution": 0.022077366351561448, "stance_attribution": -0.024216510077373455, "tweet_id": 524937768963940354, "text": "@NBCNews Canada has a war memorial?", "type": "direct_reply"}, {"index": 11, "attribution": -0.011502704005759505, "content_attribution": 0.0030042454396410506, "stance_attribution": -0.014506949445400557, "tweet_id": 524938933722165248, "text": "Typical Yankee RT @StephenDennehy Canada has a war memorial?", "type": "lower_reply"}, {"index": 6, "attribution": -0.03373594767864283, "content_attribution": 0.0022897633117036358, "stance_attribution": -0.03602571099034646, "tweet_id": 524939385993965569, "text": "@Canuckmaiden @NBCNews it's a joke. Relax!", "type": "lower_reply"}]}