{"thread_id": "524974456851410944", "gold_label": 1, "predicted_label": 0, "tweet_attributions": [{"index": 0, "attribution": 0.20586994078761334, "content_attribution": -0.05660357696212599, "stance_attribution": 0.26247351774973937, "tweet_id": 524974456851410944, "text": "Map of the locations of shootings in Ottawa, at War Memorial, House of Commons and nearby mall http://t.co/X88Z25p9Tx http://t.co/oFsyyJQ4Qp", "type": "source"}, {"index": 2, "attribution": 0.07006183170498176, "content_attribution": -0.00014240706640367487, "stance_attribution": 0.07020423877138543, "tweet_id": 524975909150146560, "text": "@nytimesworld @MikePMoffatt Something is spelled wrong, Rivi\u00e8re des Outaouais.", "type": "direct_reply"}, {"index": 1, "attribution": 0.05906602474829664, "content_attribution": -0.009567962122463004, "stance_attribution": 0.06863398687075965, "tweet_id": 525099898350215169, "text": "@nytimesworld @nytimes god blesh them whose sufer from war", "type": "direct_reply"}, {"index": 3, "attribution": 0.03274766923564363, "content_attribution": -0.005571088737150414, "stance_attribution": 0.03831875797279405, "tweet_id": 524976314236010499, "text": "@nytimesworld @nytimes", "type": "direct_reply"}, {"index": 4, "attribution": -0.030412468515652366, "content_attribution": -0.021505395105848563, "stance_attribution": -0.008907073409803807, "tweet_id": 524976695947046912, "text": "@MVLibertas @nytimesworld @MikePMoffatt How is it spelled wrong?", "type": "lower_reply"}]}