{"thread_id": "524947867975561216", "gold_label": 1, "predicted_label": 2, "tweet_attributions": [{"index": 14, "attribution": 4.618766398837176, "content_attribution": 0.016427242852941504, "stance_attribution": 4.602339155984233, "tweet_id": 524975028124016640, "text": "@JF_LaRue I read about that. Maybe this is also an islamic attack. \n@cnnbrk", "type": "lower_reply"}, {"index": 16, "attribution": 2.615385108301, "content_attribution": 0.020244826743380226, "stance_attribution": 2.59514028155762, "tweet_id": 524976013047263232, "text": "@Flogistonmannen @cnnbrk The issue is whether an independent cell (isolated wakos) or else part of a larger plot First attack suggest latter", "type": "lower_reply"}, {"index": 6, "attribution": 2.347882870671054, "content_attribution": 0.006151634722454466, "stance_attribution": 2.3417312359485996, "tweet_id": 524974129930592256, "text": "@Flogistonmannen @cnnbrk hard to say yet but note that similar incident also happened this week where some islam convert attacked military", "type": "lower_reply"}, {"index": 5, "attribution": 0.23942611787185875, "content_attribution": 0.07982195526764643, "stance_attribution": 0.1596041626042123, "tweet_id": 524948444302286849, "text": "@cnnbrk 2nd suspect parrantly shot behind parliament. Lockdown almost everywhere... third suspect on the loose.  That s heavy.", "type": "direct_reply"}, {"index": 0, "attribution": 0.01553541833749568, "content_attribution": 0.03340841678002547, "stance_attribution": -0.017872998442529788, "tweet_id": 524947867975561216, "text": "Ottawa Police Service: There were \"numerous gunmen\" at the Canada War Memorial shooting. One person was shot. http://t.co/zNhxK6wBoy", "type": "source"}, {"index": 13, "attribution": 0.013890699345750324, "content_attribution": 0.00819039565339813, "stance_attribution": 0.005700303692352193, "tweet_id": 524949399286579201, "text": "@cnnbrk @DamoSpin Ottawa police have NOT confirmed multiple shooters based on Canadian reporters on scene but they are still looking in case", "type": "direct_reply"}, {"index": 11, "attribution": 0.012866417377292452, "content_attribution": 0.0649772719571437, "stance_attribution": -0.052110854579851255, "tweet_id": 524962293499822080, "text": "@povprod @cnnbrk @DamoSpin Scary times indeed.", "type": "lower_reply"}, {"index": 8, "attribution": 0.010142195274227779, "content_attribution": 0.0003085453458570277, "stance_attribution": 0.009833649928370753, "tweet_id": 524948946360483840, "text": "@cnnbrk Ottawa was always such a safe city. This is madness.", "type": "direct_reply"}, {"index": 17, "attribution": 0.009378730751286049, "content_attribution": 0.0049783943333944055, "stance_attribution": 0.0044003364178916435, "tweet_id": 524974903683203072, "text": "@Flogistonmannen @cnnbrk most likely terrorism pure and simple and certainly confirming american warnings that potential threats now inside.", "type": "lower_reply"}, {"index": 4, "attribution": 0.004145764632261433, "content_attribution": -0.00023567777474713794, "stance_attribution": 0.004381442407008571, "tweet_id": 524954646394445824, "text": "@cnnbrk @CNN Good thing all those police with guns were there!", "type": "direct_reply"}, {"index": 12, "attribution": 0.001439547316748141, "content_attribution": -0.0007502061473242609, "stance_attribution": 0.002189753464072403, "tweet_id": 524949316134535169, "text": "@cnnbrk @CNN @BasedChasen", "type": "direct_reply"}, {"index": 9, "attribution": -0.0001805862358796412, "content_attribution": 0.0017017035081156595, "stance_attribution": -0.001882289743995301, "tweet_id": 524974577081126912, "text": "@Flogistonmannen @cnnbrk But clearly they aim for a military representative at a well known military statue downtown Ottawa.  Still lockdown", "type": "lower_reply"}, {"index": 1, "attribution": -0.0010563809314773993, "content_attribution": 0.00013293844923436377, "stance_attribution": -0.0011893193807117636, "tweet_id": 524949153424879617, "text": "\u201c@cnnbrk: Ottawa Police..: \"numerous gunmen\" at the Canada War Memorial shooting...\" #GodIsUrTerrorist #CanadaNeedsWBC #LiftTheBan #Repent", "type": "direct_reply"}, {"index": 3, "attribution": -0.006606764718695109, "content_attribution": -0.0017862908034058085, "stance_attribution": -0.0048204739152893005, "tweet_id": 524949161830260736, "text": "@cnnbrk Numerous? More than three?", "type": "direct_reply"}, {"index": 2, "attribution": -0.011300781365735705, "content_attribution": 0.022290728596473477, "stance_attribution": -0.033591509962209186, "tweet_id": 524951486338715648, "text": "@povprod @cnnbrk @DamoSpin They have - however - confirmed 3 separate shootings. So there's that.", "type": "lower_reply"}, {"index": 10, "attribution": -0.0558498067450888, "content_attribution": 0.07522884483565294, "stance_attribution": -0.13107865158074172, "tweet_id": 524961635136704512, "text": "@zachjgodin @cnnbrk @DamoSpin they hadn't at the time I posted. Ever changing news for sure. Scary times", "type": "lower_reply"}, {"index": 7, "attribution": -0.09401553838463245, "content_attribution": 0.01554772099562076, "stance_attribution": -0.1095632593802532, "tweet_id": 524973362607845376, "text": "@JF_LaRue What's the reason behind the attack? @cnnbrk", "type": "lower_reply"}, {"index": 15, "attribution": -0.27609409988192957, "content_attribution": 0.03339261638851915, "stance_attribution": -0.3094867162704487, "tweet_id": 524978305272135681, "text": "@JF_LaRue Yes thats interesting. Scary attack though, I'm glad that we only have non-identified submarines here in Sweden. @cnnbrk", "type": "lower_reply"}]}