{"thread_id": "524948866773184512", "gold_label": 1, "predicted_label": 0, "tweet_attributions": [{"index": 0, "attribution": 0.22293490372281874, "content_attribution": -0.02674226667806312, "stance_attribution": 0.24967717040088183, "tweet_id": 524948866773184512, "text": "Ottawa police issued a statement. Three separate shooting incidents. Once inside parliament. One at the war memorial. One at Rideau Centre", "type": "source"}, {"index": 2, "attribution": 0.11157791086515609, "content_attribution": -0.01888442996795929, "stance_attribution": 0.1304623408331154, "tweet_id": 524951869664133120, "text": "@beingbrad @SeedyRoads Bloody hell! That was my hang out in Ottawa 25 years ago! This smacks of Harper's foreign policy payback \ud83d\ude1e", "type": "direct_reply"}, {"index": 3, "attribution": 0.0102132558896358, "content_attribution": -0.01080151677285363, "stance_attribution": 0.021014772662489432, "tweet_id": 524952352470495233, "text": "@beingbrad @SeedyRoads @AJEnglish showed footage of shooting inside parliament : I found it quite disturbing \ud83d\ude1e", "type": "direct_reply"}, {"index": 1, "attribution": -0.05636766631572656, "content_attribution": -0.022418874825338754, "stance_attribution": -0.03394879149038782, "tweet_id": 525062819411419136, "text": "@beingbrad @A_G_Moore ugh my heart goes out. And southerners in the us want to be able to pack heat in church, at the library, etc. Idiots", "type": "direct_reply"}]}