{"thread_id": "524991844292521984", "gold_label": 1, "predicted_label": 2, "tweet_attributions": [{"index": 2, "attribution": 1.3915783335605159, "content_attribution": 0.020688113708679474, "stance_attribution": 1.3708902198518367, "tweet_id": 524993555925053440, "text": "@BreakingNews @TheoFleury14 Then why is the Rideau Center re-opened which is kitty corner 2 the Chateau Laurier where the Leafs are holed up", "type": "direct_reply"}, {"index": 10, "attribution": 0.29793827193024097, "content_attribution": 0.05791639948948632, "stance_attribution": 0.24002187244075468, "tweet_id": 524993802948583424, "text": "@BreakingNews @TheoFleury14 4 those who do not know the Chateau Laurier is right next door 2 Parliament and across street from War Memorial", "type": "lower_reply"}, {"index": 8, "attribution": 0.028378512673969486, "content_attribution": 0.000585215859541998, "stance_attribution": 0.02779329681442749, "tweet_id": 524995834799083520, "text": "@BreakingNews ::: ((( O people! Say \"No God But Allah\" To Obtain Salvation )))\n\nTHE MEANING OF LIFE \"SPOKEN WORD\"\n\nhttps://t.co/YBaU294GFx\n:", "type": "direct_reply"}, {"index": 1, "attribution": 0.018438570643043092, "content_attribution": -4.7821525550491664e-05, "stance_attribution": 0.018486392168593584, "tweet_id": 524994948303962112, "text": "Won't say - or don't know, so can't say? @BreakingNews", "type": "direct_reply"}, {"index": 4, "attribution": 0.005113558340535941, "content_attribution": -0.0006076807989812861, "stance_attribution": 0.005721239139517227, "tweet_id": 525022312668483584, "text": "@BreakingNews very sad about the military person being dead. Let's say a prayer for him and his family.", "type": "direct_reply"}, {"index": 7, "attribution": 0.004241226552172746, "content_attribution": -0.0007684127704090217, "stance_attribution": 0.0050096393225817675, "tweet_id": 525003750013169666, "text": "@BreakingNews more violence from Islam", "type": "direct_reply"}, {"index": 6, "attribution": 0.00417349139652011, "content_attribution": -0.00032980873208022913, "stance_attribution": 0.004503300128600338, "tweet_id": 524994240053792770, "text": "@BreakingNews  What about the rest of Ottawa, nowhere near the event, we have families to go home to.", "type": "direct_reply"}, {"index": 3, "attribution": 0.0035850877090688304, "content_attribution": -0.0016304350623745475, "stance_attribution": 0.005215522771443378, "tweet_id": 524992400218128384, "text": "@breakingnews that's SMART, and the right move, no matter who it upsets.", "type": "direct_reply"}, {"index": 9, "attribution": -0.004535837037020303, "content_attribution": -0.0024140530828467522, "stance_attribution": -0.0021217839541735513, "tweet_id": 524992583081021440, "text": "@BreakingNews ~ One gunman was still inside the Parl bldg - TV news chnl. said half an hour ago.", "type": "direct_reply"}, {"index": 11, "attribution": -0.007012735289275998, "content_attribution": 0.0003618868196902614, "stance_attribution": -0.007374622108966259, "tweet_id": 525001921334378497, "text": "@BreakingNews @nangyigorgeous Multiple shooting incidents near Canada parliament, thanks for the tweet", "type": "direct_reply"}, {"index": 5, "attribution": -0.016467387912295753, "content_attribution": -0.008003804406581601, "stance_attribution": -0.008463583505714155, "tweet_id": 524995745414258688, "text": "@BreakingNews coming from the guys who shot a lone guy on a bus with a knife, for laughing at them.what do you call a dudley dooright = PIG", "type": "direct_reply"}, {"index": 0, "attribution": -0.7897532928035379, "content_attribution": 0.05286167210964675, "stance_attribution": -0.8426149649131847, "tweet_id": 524991844292521984, "text": "Ottawa Police won't say if there are still suspects at large; say it is still an active operation - live video http://t.co/aF9HyT9BgX", "type": "source"}]}