{"thread_id": "524935769614331904", "gold_label": 0, "predicted_label": 2, "tweet_attributions": [{"index": 9, "attribution": 1.6065546868194138, "content_attribution": 0.06594680852598532, "stance_attribution": 1.5406078782934285, "tweet_id": 524940857741291520, "text": "@rickswift @tahDeetz @FoxNews @ImitationJordan Another attack focused on #Military, inspired by #ISIS directive 2 followers?", "type": "lower_reply"}, {"index": 13, "attribution": 0.6302149637428152, "content_attribution": 0.04291460901244063, "stance_attribution": 0.5873003547303747, "tweet_id": 524938436344811520, "text": "\u201c@FoxNews: UPDATE: Reports of gunfire inside halls of the Canadian Parliament building in #Ottawa: http://t.co/H2ZckFMY3q\u201d @ImitationJordan", "type": "direct_reply"}, {"index": 7, "attribution": 0.02996524253999972, "content_attribution": 0.0003888826611162874, "stance_attribution": 0.029576359878883435, "tweet_id": 524943343533715456, "text": "@FoxNews \n\nWhy do we tell the public about underground tunnels and where they lead!?", "type": "direct_reply"}, {"index": 10, "attribution": 0.021212247821071364, "content_attribution": -0.0002498092927374341, "stance_attribution": 0.021462057113808802, "tweet_id": 524938345261318144, "text": "@FoxNews They obviously forgot to read the 'No Guns Allowed' sign", "type": "direct_reply"}, {"index": 5, "attribution": 0.020790957144112904, "content_attribution": -0.0012095469392401498, "stance_attribution": 0.02200050408335305, "tweet_id": 524936267021045760, "text": "@FoxNews Get the top rated necklaces here!! Check em out here --&gt; http://t.co/AMv5X4cQKn", "type": "direct_reply"}, {"index": 8, "attribution": 0.01853759099835707, "content_attribution": 0.0886908040524868, "stance_attribution": -0.07015321305412973, "tweet_id": 524942313454567424, "text": "@retakethestate could be...", "type": "lower_reply"}, {"index": 11, "attribution": 0.00800662985094109, "content_attribution": -0.00018646849523361618, "stance_attribution": 0.008193098346174706, "tweet_id": 524936107532619778, "text": "@FoxNews 30 - 50 shots fired in the Parliament of Canada", "type": "direct_reply"}, {"index": 6, "attribution": 0.007604962182827745, "content_attribution": 0.000145505239472982, "stance_attribution": 0.007459456943354764, "tweet_id": 524946354100264961, "text": "@FoxNews #Ottawa A very serious security matter. Whoever is the culprit, should be nabbed quickly. Pl see whether it's a terrorist attack?", "type": "direct_reply"}, {"index": 3, "attribution": 0.005527314992568304, "content_attribution": 6.312074008625533e-05, "stance_attribution": 0.0054641942524820495, "tweet_id": 524959310678605824, "text": "RT @FoxNews: UPDATE: Reports of gunfire inside the halls of the Canadian Parliament building in #Ottawa: http://t.co/reyfVo9qJ7", "type": "direct_reply"}, {"index": 14, "attribution": 0.0019412757890384278, "content_attribution": 0.0015905348903406987, "stance_attribution": 0.0003507408986977291, "tweet_id": 524936179855425537, "text": "@FoxNews @Wetaskijen one shooter dead one still on the loose according to police.", "type": "direct_reply"}, {"index": 1, "attribution": 0.0009505092101297854, "content_attribution": -0.0013070843267030002, "stance_attribution": 0.002257593536832785, "tweet_id": 524936508680445953, "text": "@FoxNews How can that be isn't Canada a 'gun free zone' pretty much everywhere?", "type": "direct_reply"}, {"index": 4, "attribution": 0.0009425620509234847, "content_attribution": -0.00019215274133962276, "stance_attribution": 0.0011347147922631078, "tweet_id": 524935872941395968, "text": "@FoxNews shooter inside was killed. More than 10 shots were fired.", "type": "direct_reply"}, {"index": 2, "attribution": -3.407640866083387e-05, "content_attribution": -8.639419582023514e-05, "stance_attribution": 5.231778715940132e-05, "tweet_id": 524949010511962112, "text": "@FoxNews spread your fear fox.you GOP member are afraid of your own shadow.must be hell going though life afraid.\nBig pussys", "type": "direct_reply"}, {"index": 12, "attribution": -0.0009910758106032114, "content_attribution": -0.0008666958787101508, "stance_attribution": -0.00012437993189306107, "tweet_id": 524935943560888320, "text": "@FoxNews possibility if three shooters.", "type": "direct_reply"}, {"index": 15, "attribution": -0.0012246933224928202, "content_attribution": -0.0063500123877128795, "stance_attribution": 0.00512531906522006, "tweet_id": 524951478188773376, "text": "@FoxNews spread your fear fox.\nGrow a set.", "type": "direct_reply"}, {"index": 0, "attribution": -0.03503319649991009, "content_attribution": 0.06296782017129947, "stance_attribution": -0.09800101667120953, "tweet_id": 524935769614331904, "text": "UPDATE: Reports of gunfire inside the halls of the Canadian Parliament building in #Ottawa: http://t.co/tjycT5YQcv", "type": "source"}]}