{"thread_id": "524976773671292928", "gold_label": 0, "predicted_label": 0, "tweet_attributions": [{"index": 0, "attribution": 0.7281489425598844, "content_attribution": -0.023561559740160252, "stance_attribution": 0.7517105023000447, "tweet_id": 524976773671292928, "text": "NHL postpones Maple Leafs-Senators game after tragic shootings in Ottawa. http://t.co/ANVfFm4Jca http://t.co/g60sdEUw6R", "type": "source"}, {"index": 1, "attribution": 0.16657111281341702, "content_attribution": -0.05705761056843861, "stance_attribution": 0.22362872338185566, "tweet_id": 524977162714370049, "text": "@RoniDubrovich @theScore woohoo !", "type": "lower_reply"}, {"index": 2, "attribution": 0.005054801405170536, "content_attribution": -0.023693782587992, "stance_attribution": 0.028748583993162526, "tweet_id": 524991837279625216, "text": "\u201c@theScore: NHL postpones Maple Leafs-Senators game after tragic shootings in Ottawa. http://t.co/6Ueku1gcee http://t.co/vTPB3TecxY\u201d", "type": "direct_reply"}, {"index": 3, "attribution": -1.1810804173766127, "content_attribution": -0.06770936379981474, "stance_attribution": -1.1133710535767982, "tweet_id": 524977013153857537, "text": "@theScore @astruG93 enjoy work :)", "type": "direct_reply"}]}