{"thread_id": "524935216134369281", "gold_label": 0, "predicted_label": 2, "tweet_attributions": [{"index": 0, "attribution": 0.2061604359466655, "content_attribution": 0.0560778996470554, "stance_attribution": 0.15008253629961005, "tweet_id": 524935216134369281, "text": "Witnesses say several dozen shots fired inside Parliament buildings after Canadian soldier shot at nearby War Memorial. #cbcOTT #OTTnews", "type": "source"}, {"index": 1, "attribution": 0.13327550490540713, "content_attribution": 0.010354927884861805, "stance_attribution": 0.12292057702054535, "tweet_id": 524938153430646784, "text": "@CBCOttawa I hope these idiots know they are the people who should be frightened. We're just angry, and they will pay!#Canadian", "type": "direct_reply"}, {"index": 3, "attribution": 0.04063607531522895, "content_attribution": 0.02391238853531438, "stance_attribution": 0.016723686779914558, "tweet_id": 524939157102424064, "text": "@CBCOttawa @Raffi_RC do we have status of victim?", "type": "direct_reply"}, {"index": 2, "attribution": 0.02557514373741842, "content_attribution": 0.00792557584624142, "stance_attribution": 0.01764956789117699, "tweet_id": 524936855067033600, "text": "@CBCOttawa several dozen?", "type": "direct_reply"}]}