{"thread_id": "524975705206304769", "gold_label": 0, "predicted_label": 2, "tweet_attributions": [{"index": 12, "attribution": 3.0897152412765423, "content_attribution": 0.03128935622565208, "stance_attribution": 3.0584258850508905, "tweet_id": 524977773958684673, "text": "@thejpiga Didn't I say \"FLAKE OFF\"", "type": "lower_reply"}, {"index": 21, "attribution": 1.9744185097229636, "content_attribution": 0.03908695118861019, "stance_attribution": 1.9353315585343536, "tweet_id": 524977952640221184, "text": "@TweetFreak73 at least your polite self absorbed person.", "type": "lower_reply"}, {"index": 9, "attribution": 1.9056280468911342, "content_attribution": 0.023494028339875246, "stance_attribution": 1.882134018551259, "tweet_id": 524977621281824770, "text": "@TweetFreak73 stay classy.... I'm sorry that a tragedy ruined your ability to watch a sporting event.", "type": "lower_reply"}, {"index": 2, "attribution": 1.8363910227472198, "content_attribution": 0.02601003100748986, "stance_attribution": 1.81038099173973, "tweet_id": 524977413038817280, "text": "@thejpiga You need to flake off ass....", "type": "lower_reply"}, {"index": 6, "attribution": 1.5786004289991105, "content_attribution": 0.05644649854946737, "stance_attribution": 1.5221539304496432, "tweet_id": 524977226820104192, "text": "@TweetFreak73 @CBCAlerts you need to re-evaluate....", "type": "lower_reply"}, {"index": 7, "attribution": 0.3944042370074142, "content_attribution": 0.04398022523359202, "stance_attribution": 0.3504240117738222, "tweet_id": 524976999929237505, "text": "@thejpiga @CBCAlerts Ya it does bother me.  Was looking forward to tonight's game.", "type": "lower_reply"}, {"index": 19, "attribution": 0.27764981068618366, "content_attribution": 0.02634037697363311, "stance_attribution": 0.25130943371255055, "tweet_id": 524978385660153856, "text": "@thejpiga So now you judge me for 1 fucking RT with comment, one.  Why don't you look at yourself in the mirror and judge that instead", "type": "lower_reply"}, {"index": 13, "attribution": 0.024763337766201467, "content_attribution": 0.0002064642948323331, "stance_attribution": 0.02455687347136913, "tweet_id": 524976688275673088, "text": "@CBCAlerts I had a feeling that was going to happen,  would of been a big risk for all fans.  Safety first!", "type": "direct_reply"}, {"index": 15, "attribution": 0.014054752101722474, "content_attribution": -1.3308446219493066e-05, "stance_attribution": 0.014068060547941975, "tweet_id": 524976564405276672, "text": "@CBCAlerts this was the right thing to do", "type": "direct_reply"}, {"index": 1, "attribution": 0.00703984131363593, "content_attribution": -0.0004613086844650296, "stance_attribution": 0.007501149998100961, "tweet_id": 524975967073488896, "text": "\u201c@CBCAlerts: #NHL cancels tonight's game between #Ottawa and #Toronto due to today's shootings. Senators were to host Maple Leafs.\u201d", "type": "direct_reply"}, {"index": 17, "attribution": 0.006405929650274348, "content_attribution": -0.0004208506161268513, "stance_attribution": 0.006826780266401199, "tweet_id": 524975791688654850, "text": "\u201c@CBCAlerts: #NHL cancels tonight's game between #Ottawa and #Toronto due to today's shootings. Senators were to host Maple Leafs.\u201d", "type": "direct_reply"}, {"index": 14, "attribution": 0.002975719384761496, "content_attribution": -3.889280202358557e-05, "stance_attribution": 0.003014612186785082, "tweet_id": 524975908432928768, "text": "@CBCAlerts game postponed, not cancelled.", "type": "direct_reply"}, {"index": 4, "attribution": 0.00040835080775490174, "content_attribution": -0.00029621648322352697, "stance_attribution": 0.0007045672909784287, "tweet_id": 524976279150657536, "text": "@CBCAlerts How unfortunate, but understandable.", "type": "direct_reply"}, {"index": 5, "attribution": 8.476977272156268e-05, "content_attribution": -0.00018466095075201185, "stance_attribution": 0.0002694307234735745, "tweet_id": 524976291905552385, "text": "@CBCAlerts #NHL #Ottawa #Toronto that makes no sense", "type": "direct_reply"}, {"index": 23, "attribution": -0.0001905339426568354, "content_attribution": -0.0008235763344204683, "stance_attribution": 0.0006330423917636331, "tweet_id": 524976240051367937, "text": "@CBCAlerts As it should be, having a #hockey game on the same day as a #shooting is just asking for trouble.", "type": "direct_reply"}, {"index": 20, "attribution": -0.00028087752039621875, "content_attribution": 0.0005588698175211535, "stance_attribution": -0.0008397473379173723, "tweet_id": 524975857778298880, "text": "\u201c@CBCAlerts: #NHL cancels tonight's game between #Ottawa and #Toronto due to today's shootings. Senators were to host Maple Leafs.\u201d #WERE", "type": "direct_reply"}, {"index": 16, "attribution": -0.0007504227807713841, "content_attribution": -0.0012343945009660818, "stance_attribution": 0.0004839717201946975, "tweet_id": 524976422377775104, "text": "@CBCAlerts as they should!!!!", "type": "direct_reply"}, {"index": 11, "attribution": -0.0007959140808985247, "content_attribution": -9.870237344510145e-05, "stance_attribution": -0.000697211707453423, "tweet_id": 524976661058826240, "text": "You know it's serious when they cancel hockey \"@CBCAlerts: #NHL cancels tonight's game between Ottawa and Toronto due to today's shootings.\"", "type": "direct_reply"}, {"index": 22, "attribution": -0.0036327747652876085, "content_attribution": -0.0018605119997999772, "stance_attribution": -0.001772262765487631, "tweet_id": 524977527362953218, "text": "@CBCAlerts Now i's confirmed as a  National Emergency.  #HockeyNightInCanada", "type": "direct_reply"}, {"index": 18, "attribution": -0.03515656560549429, "content_attribution": -0.0012180864576404671, "stance_attribution": -0.03393847914785382, "tweet_id": 524978635498082305, "text": "@CBCAlerts You can add A Chanel News &amp; Chek News to that group also. \nLetting people be subject to toxic poison is such a Victoria thing.", "type": "lower_reply"}, {"index": 0, "attribution": -0.08210828264710947, "content_attribution": 0.03152278633405557, "stance_attribution": -0.11363106898116504, "tweet_id": 524975705206304769, "text": "#NHL cancels tonight's game between #Ottawa and #Toronto due to today's shootings. Senators were to host Maple Leafs.", "type": "source"}, {"index": 8, "attribution": -0.15603756083210957, "content_attribution": -0.000283713584766589, "stance_attribution": -0.155753847247343, "tweet_id": 524976772535037952, "text": "@CBCAlerts Elderly people are subjected to toxic poison 10.2 times legal limits but that does not seem important to CBC, CBS, or TC.", "type": "direct_reply"}, {"index": 10, "attribution": -0.17121175299083888, "content_attribution": 0.0049680284456793365, "stance_attribution": -0.17617978143651822, "tweet_id": 524976050481422336, "text": "@TweetFreak73 @CBCAlerts that disappoints you.... today? Wow...", "type": "lower_reply"}, {"index": 3, "attribution": -0.20739711981193895, "content_attribution": 0.02762388226524449, "stance_attribution": -0.2350210020771834, "tweet_id": 524975860185825281, "text": "@CBCAlerts FACK!!!!", "type": "direct_reply"}]}