{"thread_id": "524981557770350592", "gold_label": 1, "predicted_label": 0, "tweet_attributions": [{"index": 0, "attribution": 0.85353293797062, "content_attribution": -0.001929798808983918, "stance_attribution": 0.8554627367796039, "tweet_id": 524981557770350592, "text": "BREAKING: Ottawa police say they believe there is more than one shooter.", "type": "source"}, {"index": 1, "attribution": 0.02622116508565034, "content_attribution": -0.0006701766248954617, "stance_attribution": 0.026891341710545795, "tweet_id": 524984250547060736, "text": "@ap muslim terrorists at it again", "type": "direct_reply"}, {"index": 8, "attribution": 0.01451051853363505, "content_attribution": 0.0002249791772073197, "stance_attribution": 0.014285539356427731, "tweet_id": 524983189815971840, "text": "@AP @harryfear yes, 3", "type": "direct_reply"}, {"index": 9, "attribution": 0.009507094722330686, "content_attribution": 0.009739339138181879, "stance_attribution": -0.0002322444158511937, "tweet_id": 524981807973150720, "text": "BREAKING: Ottawa police say they believe there is more than one shooter. (@AP)", "type": "direct_reply"}, {"index": 3, "attribution": 0.008702050224363411, "content_attribution": -0.00083946211630795, "stance_attribution": 0.009541512340671361, "tweet_id": 524983222988709890, "text": "Those conspiracy theorists... @AP @harryfear", "type": "direct_reply"}, {"index": 4, "attribution": 0.00832553193973794, "content_attribution": 0.008113398531959169, "stance_attribution": 0.00021213340777877083, "tweet_id": 524982043521064960, "text": "RT @AP BREAKING: Ottawa police say they believe there is more than one shooter.", "type": "direct_reply"}, {"index": 17, "attribution": 0.007907263644032927, "content_attribution": 0.003811751193655552, "stance_attribution": 0.004095512450377374, "tweet_id": 524982605406818304, "text": "\u201c@AP: BREAKING: Ottawa police say they believe there is more than one shooter.\u201d\n\nwhat", "type": "direct_reply"}, {"index": 19, "attribution": 0.007537651209374929, "content_attribution": 0.0004032595866284976, "stance_attribution": 0.00713439162274643, "tweet_id": 524990343037857792, "text": "@AP I hope they don't issue a \"Lock Down\" if this happens is U.S. cities. Hope they issue a \"Lock &amp; Load\". Stay home, protect my family.", "type": "direct_reply"}, {"index": 18, "attribution": 0.0039840111907445954, "content_attribution": 0.002044413526906752, "stance_attribution": 0.0019395976638378436, "tweet_id": 525002400864546816, "text": "\u201c@AP: BREAKING: Ottawa police say they believe there is more than one shooter.\u201d #uaj307", "type": "direct_reply"}, {"index": 13, "attribution": 0.0025025912570655726, "content_attribution": 0.0017071806442726988, "stance_attribution": 0.0007954106127928741, "tweet_id": 525006429162569728, "text": "\u201c@AP: BREAKING: Ottawa police say they believe there is more than one shooter.\u201d #Ottawa #CanadaShooting", "type": "direct_reply"}, {"index": 5, "attribution": 0.0018512305455394224, "content_attribution": -4.193088818493991e-05, "stance_attribution": 0.001893161433724362, "tweet_id": 524982225247678468, "text": "\u201c@AP: BREAKING: Ottawa police say they believe there is more than one shooter.\u201d", "type": "direct_reply"}, {"index": 2, "attribution": 0.0015574596250677074, "content_attribution": 0.0005805249072052491, "stance_attribution": 0.0009769347178624588, "tweet_id": 524984654001344512, "text": "@AP Kenya should issue travel advisories against this gun totting country", "type": "direct_reply"}, {"index": 6, "attribution": 0.0011595164878856158, "content_attribution": 0.00011221269653366938, "stance_attribution": 0.0010473037913519463, "tweet_id": 524981724573609984, "text": "\u201c@AP: BREAKING: Ottawa police say they believe there is more than one shooter.\u201d", "type": "direct_reply"}, {"index": 11, "attribution": 0.0003113925409582427, "content_attribution": 0.0007242952628599773, "stance_attribution": -0.0004129027219017347, "tweet_id": 524981847781289985, "text": "#CanadaShooting RT \u201c@AP: BREAKING: Ottawa police say they believe there is more than one shooter.\u201d", "type": "direct_reply"}, {"index": 14, "attribution": 0.000206032155937575, "content_attribution": 0.0003037356214620261, "stance_attribution": -9.770346552445078e-05, "tweet_id": 524981925853675520, "text": "@AP I wonder if it was those 3 afghan soldiers that crossed into their borders after leaving the USA.. Hmmmm", "type": "direct_reply"}, {"index": 7, "attribution": -3.476345806583932e-05, "content_attribution": 0.00040183196716561816, "stance_attribution": -0.0004365954252314575, "tweet_id": 524982112735084544, "text": "@AP My map app shows tweets from #Ottawa shooting site http://t.co/VlcPC99uBJ \u2026 \u2026", "type": "direct_reply"}, {"index": 10, "attribution": -0.0012735904210367066, "content_attribution": 0.0013548302191161846, "stance_attribution": -0.002628420640152892, "tweet_id": 524982006124642305, "text": "@AP Media giants are slow. You could infer this from the streams when the cops were still searching despite apprehending one. #Slowpoke", "type": "direct_reply"}, {"index": 15, "attribution": -0.015301475995240461, "content_attribution": -0.045834471470689704, "stance_attribution": 0.03053299547544925, "tweet_id": 524983409286733824, "text": "@taestell That's why I thought that headline was interesting.", "type": "lower_reply"}, {"index": 16, "attribution": -0.016547665432032607, "content_attribution": 0.0015594880848912287, "stance_attribution": -0.018107153516923838, "tweet_id": 524998384747573248, "text": "\u201c@AP: BREAKING: Ottawa police say they believe there is more than one shooter.\u201d Pretty sure this HASN'T been confirmed, Wait for better info", "type": "direct_reply"}, {"index": 12, "attribution": -1.223615120320069, "content_attribution": -0.002207290294949837, "stance_attribution": -1.221407830025119, "tweet_id": 524982884869095426, "text": "@AP @BillGRinehart @onthemedia\nSee #4: http://t.co/gjAXerDsjs", "type": "direct_reply"}]}