{"thread_id": "524942149973188608", "gold_label": 0, "predicted_label": 2, "tweet_attributions": [{"index": 5, "attribution": 4.15210982676285, "content_attribution": 0.039060617056485045, "stance_attribution": 4.1130492097063645, "tweet_id": 524955278438334465, "text": "@kukig7 @CBCOttawa yikes, be careful \ud83d\ude2a", "type": "lower_reply"}, {"index": 7, "attribution": 2.581256636929714, "content_attribution": 0.03465258151191371, "stance_attribution": 2.5466040554178004, "tweet_id": 524955784002957312, "text": "@BarbieGirl13xo @CBCOttawa Im not moving from home..these terrorist arent loyal.", "type": "lower_reply"}, {"index": 4, "attribution": 1.866085130448647, "content_attribution": 0.01848723354317477, "stance_attribution": 1.847597896905472, "tweet_id": 524954547136258048, "text": "@CBCOttawa @BarbieGirl13xo Fuck... I have class!", "type": "direct_reply"}, {"index": 12, "attribution": 0.1535140987005744, "content_attribution": 0.05414155847294809, "stance_attribution": 0.0993725402276263, "tweet_id": 524955938114256896, "text": "@kukig7 @CBCOttawa lolll", "type": "lower_reply"}, {"index": 9, "attribution": 0.09275950620104657, "content_attribution": 0.05393671034576337, "stance_attribution": 0.038822795855283185, "tweet_id": 524943988252770304, "text": "@Mariam_Kobras @CBCOttawa Check CBC reports here: http://t.co/Kr7YZSL6RI", "type": "lower_reply"}, {"index": 14, "attribution": 0.03175038921809404, "content_attribution": 0.045951100197450946, "stance_attribution": -0.014200710979356906, "tweet_id": 524944105923964929, "text": "@Aussiemandias thank you, my dear friend. What a horrible day for Canada :( @CBCOttawa", "type": "lower_reply"}, {"index": 19, "attribution": 0.013893988497807987, "content_attribution": -0.000754583663068923, "stance_attribution": 0.014648572160876911, "tweet_id": 524949152506339328, "text": "@CBCOttawa @amyboughner the OCC as well", "type": "direct_reply"}, {"index": 6, "attribution": 0.011018767639502065, "content_attribution": 0.017596747653485147, "stance_attribution": -0.006577980013983083, "tweet_id": 524943482918821888, "text": "@CBCOttawa @Aussiemandias lockdown? Canada is in lockdown? What happened?", "type": "direct_reply"}, {"index": 13, "attribution": 0.005455453618194792, "content_attribution": -0.001745277042737806, "stance_attribution": 0.007200730660932598, "tweet_id": 524957477545463809, "text": "@CBCOttawa @CBCNews love watching the liberal media!  \"Police with their guns drawn\"! What exactly do they expect?", "type": "direct_reply"}, {"index": 8, "attribution": 0.0028941093936937375, "content_attribution": -0.00040102199910390794, "stance_attribution": 0.003295131392797645, "tweet_id": 525311634194325504, "text": "@CBCOttawa all 2 justify Harper sending troops 2 Iraq/Syria for Oil &amp; Zionist Israeli Ideology to conquer &amp; rule Muslim ME Palestine 2 Yemen", "type": "direct_reply"}, {"index": 11, "attribution": 0.0011075389015075083, "content_attribution": -0.001622743860463486, "stance_attribution": 0.0027302827619709942, "tweet_id": 524943855691767809, "text": "@CBCOttawa @CBCNews Lockdown the whole city until they catch him. Like in Boston and Moncton", "type": "direct_reply"}, {"index": 16, "attribution": 0.0007283904918010218, "content_attribution": 5.4543219798990636e-05, "stance_attribution": 0.0006738472720020311, "tweet_id": 524942935432122368, "text": "@cbcottawa @cbcnews All gov't buildings as well", "type": "direct_reply"}, {"index": 3, "attribution": -0.000864883236738557, "content_attribution": -0.00040782058856502314, "stance_attribution": -0.00045706264817353334, "tweet_id": 524944604844802048, "text": "@CBCOttawa it's all Ottawa schools not just downtown", "type": "direct_reply"}, {"index": 18, "attribution": -0.0009197417861805335, "content_attribution": -0.0008934569904613575, "stance_attribution": -2.6284795719176142e-05, "tweet_id": 524943771608576000, "text": "@CBCOttawa @CBCNews is Place du Portage on lockdown", "type": "direct_reply"}, {"index": 17, "attribution": -0.0011874496964705962, "content_attribution": -0.001242692597822807, "stance_attribution": 5.524290135221099e-05, "tweet_id": 524943570101624832, "text": "@CBCOttawa 1 day after threat level raised? Bets on Relgion of peace involvement", "type": "direct_reply"}, {"index": 1, "attribution": -0.009101782443937459, "content_attribution": 0.0010517507065203936, "stance_attribution": -0.010153533150457852, "tweet_id": 524942927009947650, "text": "@cbcottawa @cbcnews What about City Hall? Its 2 blocks from the War Memorial #ottcity #ottawa", "type": "direct_reply"}, {"index": 15, "attribution": -0.010207078831102756, "content_attribution": 0.0007633207508218557, "stance_attribution": -0.01097039958192461, "tweet_id": 524983279158845440, "text": "@CBCOttawa", "type": "direct_reply"}, {"index": 2, "attribution": -0.024178405326707588, "content_attribution": 0.0015647598410588773, "stance_attribution": -0.025743165167766466, "tweet_id": 525312440180162560, "text": "@rizgarwelat @CBCOttawa @CBCNews Yeh right! Then stop sending troops 2 attack+kill Muslims in ME 4 Oil &amp; Israel Zion Ideology 2 conquer/rule", "type": "lower_reply"}, {"index": 0, "attribution": -0.08259601672019201, "content_attribution": 0.05748010107298271, "stance_attribution": -0.14007611779317472, "tweet_id": 524942149973188608, "text": "LOCKDOWN | Parliament, library main branch, U of O, downtown schools, Ottawa police HQ, CBC HQ, Rideau Centre, courthouse. #cbcOTT #OTTnews", "type": "source"}, {"index": 10, "attribution": -0.10708328536252745, "content_attribution": 0.005903160948487772, "stance_attribution": -0.11298644631101522, "tweet_id": 524943518595555328, "text": "Is it ISIS attacking Canadian Land and Parliament?  @CBCOttawa @CBCNews", "type": "direct_reply"}]}