{"thread_id": "524933657493250048", "gold_label": 0, "predicted_label": 0, "tweet_attributions": [{"index": 0, "attribution": 0.14949871117826122, "content_attribution": -0.03944369647674641, "stance_attribution": 0.18894240765500758, "tweet_id": 524933657493250048, "text": "Two Tory MPs say gunman at Parliament Hill has been 'shot and killed' http://t.co/r2qnyftxXF http://t.co/mksfPjJ73r", "type": "source"}, {"index": 4, "attribution": 0.02693526222844073, "content_attribution": -0.0017772852793890123, "stance_attribution": 0.028712547507829738, "tweet_id": 524935981754224640, "text": "Wow. \u201c@nationalpost: Two Tory MPs say gunman at Parliament Hill has been 'shot and killed' http://t.co/oHIuqnVcQf http://t.co/qRuh3vZnet\u201d", "type": "direct_reply"}, {"index": 8, "attribution": 0.022868979752136236, "content_attribution": -0.0003759501263823938, "stance_attribution": 0.023244929878518634, "tweet_id": 524933924888514560, "text": "@nationalpost @petermansbridge @CBCNews", "type": "direct_reply"}, {"index": 9, "attribution": 0.022822543615477874, "content_attribution": -0.004181732121607756, "stance_attribution": 0.027004275737085623, "tweet_id": 524947862900473856, "text": "@nationalpost @glenncalderwood good on you #Canada terrorists should be killed at point.", "type": "direct_reply"}, {"index": 7, "attribution": 0.021800832493909496, "content_attribution": -0.002072280011505138, "stance_attribution": 0.023873112505414636, "tweet_id": 524940973659684865, "text": "\u201c@nationalpost: Two Tory MPs say gunman at Parliament Hill 'shot &amp; killed' http://t.co/lk56CqIjx3 http://t.co/TMz7CGkia8\u201d @A__Sarmed", "type": "direct_reply"}, {"index": 11, "attribution": 0.00825996945863581, "content_attribution": 0.010377743291337862, "stance_attribution": -0.0021177738327020504, "tweet_id": 524935019652198402, "text": "@nationalpost sending thoughts n prayers", "type": "direct_reply"}, {"index": 3, "attribution": 0.007892368087753707, "content_attribution": 0.009513572408066754, "stance_attribution": -0.0016212043203130439, "tweet_id": 524936742366093313, "text": "@nationalpost not what CBC is reporting. But hope so.", "type": "direct_reply"}, {"index": 5, "attribution": 0.007762819056642285, "content_attribution": 0.004254426508970233, "stance_attribution": 0.0035083925476720535, "tweet_id": 524934879117860864, "text": "RT \u201c@nationalpost: Two Tory MPs say gunman at Parliament Hill has been 'shot and killed' http://t.co/hNk3Hxwdhs http://t.co/mLNSSqKWI7\u201d", "type": "direct_reply"}, {"index": 10, "attribution": 0.0032236676428677637, "content_attribution": -0.0035531488188310033, "stance_attribution": 0.0067768164616987675, "tweet_id": 524937453720072192, "text": "@nationalpost @M_Ivancicevic and tory MPs never lie, so we can totally believe that this is not an orchestration by the govn't/police", "type": "direct_reply"}, {"index": 1, "attribution": 0.0014695408746750705, "content_attribution": -0.000615250122425065, "stance_attribution": 0.0020847909971001364, "tweet_id": 524934259371704322, "text": "\u201c@nationalpost: Two Tory MPs say gunman at Parliament Hill has been 'shot and killed' http://t.co/SIymvQvye8 http://t.co/DX2PHCiDgl\u201d OH MY", "type": "direct_reply"}, {"index": 6, "attribution": 0.0011821817374009082, "content_attribution": -0.0029451571184169654, "stance_attribution": 0.004127338855817873, "tweet_id": 524935145099235329, "text": "@nationalpost @JammieWF nice.", "type": "direct_reply"}, {"index": 2, "attribution": -0.008252283765994753, "content_attribution": 0.0004850659457666662, "stance_attribution": -0.008737349711761419, "tweet_id": 524940127265902592, "text": "@nationalpost Other outlets reporting multiple assailants", "type": "direct_reply"}, {"index": 12, "attribution": -0.022322796112222282, "content_attribution": -0.002190897066014933, "stance_attribution": -0.020131899046207352, "tweet_id": 524942647736422400, "text": "@nationalpost we won't get all the info until they are absolutely certain that the area is clear, most likely.", "type": "direct_reply"}]}