{"thread_id": "524958128392376320", "gold_label": 1, "predicted_label": 2, "tweet_attributions": [{"index": 8, "attribution": 4.1631740251843095, "content_attribution": 0.04347248323869743, "stance_attribution": 4.119701541945611, "tweet_id": 524959070407503873, "text": "@WSJ @macdonaldajm terrorists in ottawa", "type": "direct_reply"}, {"index": 6, "attribution": 1.5996098484416508, "content_attribution": 0.06245955960499052, "stance_attribution": 1.5371502888366604, "tweet_id": 524972546689892352, "text": "@45_nabeel @WSJ @macdonaldajm Correction:  Armed Muslim Terrorists on the loose!", "type": "lower_reply"}, {"index": 1, "attribution": 0.24751301820771168, "content_attribution": 0.06094020728433518, "stance_attribution": 0.18657281092337652, "tweet_id": 524981958753787904, "text": "@Nan_Imburgia @WSJ @macdonaldajm terrorists all over the world no need for correction", "type": "lower_reply"}, {"index": 2, "attribution": 0.12665686155233483, "content_attribution": 0.02155588480170688, "stance_attribution": 0.10510097675062793, "tweet_id": 524959339745140736, "text": "@45_nabeel hahaha, you said far more than you think", "type": "lower_reply"}, {"index": 12, "attribution": 0.038949092383432596, "content_attribution": 0.04117871367893787, "stance_attribution": -0.0022296212955052724, "tweet_id": 524959896765079553, "text": "@TechHelp maybe", "type": "lower_reply"}, {"index": 13, "attribution": 0.022783339102567725, "content_attribution": 0.0009772434662478477, "stance_attribution": 0.021806095636319876, "tweet_id": 524959028061798401, "text": "@WSJ Killers go berserk when cornered.  Henceforth, no lapses in security should be there.", "type": "direct_reply"}, {"index": 11, "attribution": 0.009427504233391533, "content_attribution": -0.0011943171939297228, "stance_attribution": 0.010621821427321258, "tweet_id": 524958600964239360, "text": "@WSJ \u30aa\u30bf\u30ef\u8b66\u5bdf\u306f3\u4eba\u306e\u5bb9\u7591\u8005\u3092\u304a\u305d\u3089\u304f\u3067\u3059\u304c\u78ba\u8a8d\u3057\u3066\u3044\u308b\u306e\u3067\u3057\u3087\u3046\u304b\uff1f\u9283\u6483\u5f8c\u306e\u69d8\u5b50\u3092\u5199\u3057\u305f\u5199\u771f\u3067\u3059\u306d", "type": "direct_reply"}, {"index": 9, "attribution": 0.005713326481188882, "content_attribution": 0.00011334004591535677, "stance_attribution": 0.005599986435273526, "tweet_id": 525016147448836096, "text": "@WSJ when Canadians of all people start shooting, well, \"c'est la fin du monde, non?\"", "type": "direct_reply"}, {"index": 10, "attribution": 0.005582541961663046, "content_attribution": 0.005451611373299534, "stance_attribution": 0.00013093058836351158, "tweet_id": 524972391139930112, "text": "@studentworks211 @WSJ That's Right!", "type": "lower_reply"}, {"index": 3, "attribution": 8.539328976472926e-05, "content_attribution": -0.0011258753586858238, "stance_attribution": 0.0012112686484505534, "tweet_id": 524964808899428353, "text": "@WSJ Happy the soldier is not injured seriously. Hope he recovers quickly. You're brave Canada. You can pull through #ottawashooting .", "type": "direct_reply"}, {"index": 4, "attribution": -0.009198082666034467, "content_attribution": -0.0006379538872457141, "stance_attribution": -0.008560128778788754, "tweet_id": 524972221484523520, "text": "@WSJ Militant Muslims on the Rampage!!!", "type": "direct_reply"}, {"index": 7, "attribution": -0.018066046747864366, "content_attribution": 0.00039814566086508805, "stance_attribution": -0.01846419240872945, "tweet_id": 524972702931906560, "text": "@FreedomBruce @WSJ @HeyTammyBruce I wouldn't put anything past a Muslim!", "type": "lower_reply"}, {"index": 5, "attribution": -0.048538375769213056, "content_attribution": 0.001794413004472295, "stance_attribution": -0.050332788773685355, "tweet_id": 524961934064754688, "text": "@WSJ @HeyTammyBruce I hope this isn't just a prelude to a bigger attack.", "type": "direct_reply"}, {"index": 0, "attribution": -0.7389776910633779, "content_attribution": 0.03451109570680406, "stance_attribution": -0.7734887867701821, "tweet_id": 524958128392376320, "text": "Ottawa police confirm that there were multiple suspects in the shooting, saying there were \"possibly 3\" shooters. http://t.co/In9OgOxYXM", "type": "source"}]}