{"thread_id": "524926445496197120", "gold_label": 0, "predicted_label": 2, "tweet_attributions": [{"index": 5, "attribution": 3.007382933861212, "content_attribution": 0.05220738340287236, "stance_attribution": 2.9551755504583395, "tweet_id": 524935829689741312, "text": "@evatxudm yes very scary. Last I heard they are still looking. Very active scene(s). Not sure of much right now.", "type": "lower_reply"}, {"index": 2, "attribution": 1.7057537322053427, "content_attribution": 0.04792937513651419, "stance_attribution": 1.6578243570688287, "tweet_id": 524937292134486016, "text": "@Jubels13 it's complicated. I lived in Madrid when the terrorist attack at the train station and the whole city feels weird for a while", "type": "lower_reply"}, {"index": 12, "attribution": 1.3587373760610466, "content_attribution": 0.04575081206856685, "stance_attribution": 1.3129865639924796, "tweet_id": 524931485007372290, "text": "@evatxudm hunting rifles yes. Not AK47 type guns or high powered handguns. But people get them illegally.", "type": "lower_reply"}, {"index": 7, "attribution": 0.1408253983403596, "content_attribution": 0.07418899629976394, "stance_attribution": 0.06663640204059562, "tweet_id": 525014134879170560, "text": "@evatxudm it's awful. Horrible world we live in.", "type": "lower_reply"}, {"index": 10, "attribution": 0.05367157274372139, "content_attribution": 0.04902077926010867, "stance_attribution": 0.004650793483612716, "tweet_id": 524927834733936640, "text": "RT @CP24: BREAKING: There have been two shootings on Parliament Hill. One of the victims is believed to be a member of the Canadian Forces.", "type": "direct_reply"}, {"index": 18, "attribution": 0.05209509668846762, "content_attribution": 0.015558118914301184, "stance_attribution": 0.03653697777416643, "tweet_id": 524929940828196864, "text": "@Jubels13 are you allowed to own guns in Canada?", "type": "lower_reply"}, {"index": 1, "attribution": 0.012585339607495125, "content_attribution": -0.0008198718543184596, "stance_attribution": 0.013405211461813584, "tweet_id": 524929909190569984, "text": "\u201c@CP24: BREAKING: Der have been 2 shootings on Parliament Hill. One of the victims is believed to be a member of the Canadian Forces.\u201d @CNN", "type": "direct_reply"}, {"index": 0, "attribution": 0.010089758663272937, "content_attribution": 0.05166498633600435, "stance_attribution": -0.041575227672731405, "tweet_id": 524926445496197120, "text": "BREAKING: There have been two shootings on Parliament Hill. One of the victims is believed to be a member of the Canadian Forces.", "type": "source"}, {"index": 9, "attribution": 0.002318238539912331, "content_attribution": -0.0002807291991422501, "stance_attribution": 0.002598967739054581, "tweet_id": 524927040282460160, "text": "Wat @CP24 BREAKING: There have been two shootings on Parliament Hill. One of the victims is believed to be a member of the Canadian Forces.", "type": "direct_reply"}, {"index": 8, "attribution": 0.0004493236131480222, "content_attribution": 0.000287317855290255, "stance_attribution": 0.00016200575785776732, "tweet_id": 524927306197114881, "text": "@CP24 and the planes over gta doing donuts? Wtf???", "type": "direct_reply"}, {"index": 15, "attribution": 0.00018752523823371533, "content_attribution": -0.0004651888914681082, "stance_attribution": 0.0006527141297018239, "tweet_id": 524930380512919552, "text": "@CP24 @Steve_Dangle", "type": "direct_reply"}, {"index": 16, "attribution": 6.701479807215844e-05, "content_attribution": -0.0006211102035953444, "stance_attribution": 0.0006881250016675029, "tweet_id": 524927080015085568, "text": "RT @CP24 \"BREAKING: There have been two shootings on Parliament Hill. One of the victims is believed to be a member of the Canadian Forces.\"", "type": "direct_reply"}, {"index": 6, "attribution": -3.628660264965624e-05, "content_attribution": 0.0001626910063695067, "stance_attribution": -0.00019897760901916296, "tweet_id": 524927074776383488, "text": "RT @CP24: BREAKING: There have been two shootings on Parliament Hill. One of the victims is believed to be a member of the Canadian Forces.", "type": "direct_reply"}, {"index": 4, "attribution": -7.327987805726913e-05, "content_attribution": 0.0001628167790421797, "stance_attribution": -0.0002360966570994488, "tweet_id": 524926646806396928, "text": "RT @CP24: BREAKING: There have been two shootings on Parliament Hill. One of the victims is believed to be a member of the Canadian Forces.", "type": "direct_reply"}, {"index": 20, "attribution": -0.00044767207119620017, "content_attribution": -1.4086163275786324e-05, "stance_attribution": -0.0004335859079204136, "tweet_id": 524940322296836097, "text": "@Luxshia_07 Lool okok \ud83d\ude02", "type": "lower_reply"}, {"index": 11, "attribution": -0.0028045239828239444, "content_attribution": -0.0005609284279927506, "stance_attribution": -0.0022435955548311937, "tweet_id": 524926980450709504, "text": "\u201c@CP24: BREAKING:  two shootings on Parliament Hill. One of the victims is believed to be a member of the Canadian Forces.\u201d#cdnpoli", "type": "direct_reply"}, {"index": 13, "attribution": -0.003658278804032616, "content_attribution": 0.00010394664079998925, "stance_attribution": -0.003762225444832605, "tweet_id": 524927273947115520, "text": "\u201c@CP24: BREAKING: There have been two shootings on Parliament Hill. One of the victims is believed to be a member of the Canadian Forces.\"", "type": "direct_reply"}, {"index": 17, "attribution": -0.004246538687170817, "content_attribution": 4.9476262683116644e-05, "stance_attribution": -0.004296014949853932, "tweet_id": 524931534760198144, "text": "@Luxshia_07 @CP24 looool sorry my friends gay \ud83d\ude05\ud83d\ude02", "type": "lower_reply"}, {"index": 19, "attribution": -0.04453020890943237, "content_attribution": 0.002326463980005098, "stance_attribution": -0.04685667288943747, "tweet_id": 524932145455071232, "text": "@MarcusAwsum @CP24 thx. Monitoring 1010.\nI", "type": "lower_reply"}, {"index": 3, "attribution": -0.13351933605447605, "content_attribution": 0.005072189367683782, "stance_attribution": -0.13859152542215986, "tweet_id": 524928606372634625, "text": "@CP24 @PepAiello This is the tweet.", "type": "direct_reply"}, {"index": 14, "attribution": -0.3452726481964372, "content_attribution": -0.012706739384094161, "stance_attribution": -0.3325659088123431, "tweet_id": 524932385222430721, "text": "@Jubels13 hunting is an exception here as well. This is so scary, really ... Do they police know who &amp; why they did it?", "type": "lower_reply"}]}