{"thread_id": "524936872666353664", "gold_label": 0, "predicted_label": 2, "tweet_attributions": [{"index": 28, "attribution": 4.65301201630918, "content_attribution": 0.03933970969299468, "stance_attribution": 4.613672306616186, "tweet_id": 524938245017436160, "text": "@WestAugusta @CBCAlerts Like most good citizens, I'm awfully fed up with gun violence in both Canada and the USA. Senseless and brutal.", "type": "lower_reply"}, {"index": 8, "attribution": 2.630164579298331, "content_attribution": 0.016886389664862018, "stance_attribution": 2.613278189633469, "tweet_id": 524949525644201985, "text": "@905fishingguy @CBCAlerts How can you shoot the guard at a war memorial.  #HonorThoseThatServed", "type": "lower_reply"}, {"index": 21, "attribution": 1.901034738616555, "content_attribution": 0.01809853014078186, "stance_attribution": 1.882936208475773, "tweet_id": 524937735518564352, "text": "@CBCAlerts @905fishingguy Stay safe up there.", "type": "direct_reply"}, {"index": 23, "attribution": 0.4986729905825733, "content_attribution": 0.030235391975764848, "stance_attribution": 0.46843759860680845, "tweet_id": 524950283244544002, "text": "@WestAugusta @CBCAlerts Added to what happened in Quebec on Monday, the people who protect our nations need our full support.", "type": "lower_reply"}, {"index": 12, "attribution": 0.4712635138034057, "content_attribution": 0.02769328884395242, "stance_attribution": 0.44357022495945325, "tweet_id": 524939448199692288, "text": "@905fishingguy I believe if us from terrorists! Aren't you more fed up with that?!!", "type": "lower_reply"}, {"index": 19, "attribution": 0.06913642200857122, "content_attribution": 0.05360262027471255, "stance_attribution": 0.015533801733858668, "tweet_id": 524939845840678912, "text": "@gygymelle That didn't make sense.", "type": "lower_reply"}, {"index": 24, "attribution": 0.04015575234078314, "content_attribution": 0.061530881850438215, "stance_attribution": -0.021375129509655068, "tweet_id": 524961418370899969, "text": "@905fishingguy sorry! Do they think it's terrorism? Or do they have an idea who ?", "type": "lower_reply"}, {"index": 18, "attribution": 0.02133302399483943, "content_attribution": 0.03212508885916856, "stance_attribution": -0.010792064864329123, "tweet_id": 524950411950948352, "text": "@905fishingguy @CBCAlerts Yes they do.", "type": "lower_reply"}, {"index": 7, "attribution": 0.020232768418105944, "content_attribution": 0.011702616929669327, "stance_attribution": 0.00853015148843662, "tweet_id": 524962446017302528, "text": "@gygymelle Likely, but not confirmed yet. 3 shooting locations so far. Obviously planned &amp; coordinated", "type": "lower_reply"}, {"index": 27, "attribution": 0.019949802741205773, "content_attribution": 0.0012665169681839645, "stance_attribution": 0.018683285773021807, "tweet_id": 524937721383755776, "text": "@CBCAlerts Canadians will be vigilant and strong. We won't be 'bullied' and intimidated. #ParliamentHill", "type": "direct_reply"}, {"index": 9, "attribution": 0.014236636775706633, "content_attribution": 0.01945469054644025, "stance_attribution": -0.005218053770733617, "tweet_id": 524966316302934016, "text": "@905fishingguy Be safe &amp; vigilant\u2764\ufe0f\ud83c\uddfa\ud83c\uddf8", "type": "lower_reply"}, {"index": 17, "attribution": 0.013710037968667106, "content_attribution": -0.0019730217302055095, "stance_attribution": 0.01568305969887262, "tweet_id": 524937867685289984, "text": "\u201c@CBCAlerts: More shots fired just off Parliament Hill. Police telling everyone to take cover.\u201d \nWTF is wrong with the world?!", "type": "direct_reply"}, {"index": 25, "attribution": 0.009770153677341919, "content_attribution": -0.0009014223460839433, "stance_attribution": 0.010671576023425864, "tweet_id": 524939593196793856, "text": "@HSolway @CBCAlerts we are with you! \ud83c\uddfa\ud83c\uddf8\ud83c\udf41", "type": "lower_reply"}, {"index": 5, "attribution": 0.008181376796818088, "content_attribution": 3.6487627875693107e-05, "stance_attribution": 0.008144889168942394, "tweet_id": 524937849633009664, "text": "\u201c@CBCAlerts: More shots fired just off Parliament Hill. Police telling everyone to take cover.\u201d", "type": "direct_reply"}, {"index": 3, "attribution": 0.007845650983390979, "content_attribution": 0.0001469047830457693, "stance_attribution": 0.0076987462003452085, "tweet_id": 524937518547206144, "text": "RT @CBCAlerts: More shots fired just off Parliament Hill. Police telling everyone to take cover.", "type": "direct_reply"}, {"index": 22, "attribution": 0.007363685939152006, "content_attribution": 6.365848140773714e-05, "stance_attribution": 0.0073000274577442684, "tweet_id": 524937045064818688, "text": "\u201c@CBCAlerts: More shots fired just off Parliament Hill. Police telling everyone to take cover.\u201d", "type": "direct_reply"}, {"index": 1, "attribution": 0.006593703070646287, "content_attribution": 0.00013684083332888024, "stance_attribution": 0.006456862237317407, "tweet_id": 524937314708242432, "text": "@CBCAlerts my god, sending prayers. Has he been shot dead I just read on Twitter", "type": "direct_reply"}, {"index": 16, "attribution": 0.0062318328428747, "content_attribution": 8.584342833577192e-06, "stance_attribution": 0.006223248500041122, "tweet_id": 524937229001842688, "text": "\u201c@CBCAlerts: More shots fired just off Parliament Hill. Police telling everyone to take cover.\u201d", "type": "direct_reply"}, {"index": 6, "attribution": 0.003102869760097084, "content_attribution": -0.0002902929100474264, "stance_attribution": 0.0033931626701445105, "tweet_id": 524937325252313088, "text": "RT \"@CBCAlerts: More shots fired just off Parliament Hill. Police telling everyone to take cover.\u201d", "type": "direct_reply"}, {"index": 15, "attribution": 0.0029367853685334407, "content_attribution": 0.0002951087643256364, "stance_attribution": 0.0026416766042078035, "tweet_id": 524937639989092352, "text": "@CBCAlerts @Crackmacs Dear People I see on the news with your phones out taking pics - PLEASE get off the streets and take cover!! #Ottawa", "type": "direct_reply"}, {"index": 10, "attribution": 0.0012685311050203403, "content_attribution": 0.00017351726831079804, "stance_attribution": 0.0010950138367095416, "tweet_id": 524937401597427712, "text": "RT @CBCAlerts: More shots fired just off Parliament Hill. Police telling everyone to take cover. @Midiinfo", "type": "direct_reply"}, {"index": 11, "attribution": 0.0010392965168234125, "content_attribution": -0.00010279140956425827, "stance_attribution": 0.001142087926387671, "tweet_id": 524937375865401344, "text": "\u201c@CBCAlerts: More shots fired just off Parliament Hill. Police telling everyone to take cover.\u201d Oh my goodness \ud83d\ude33", "type": "direct_reply"}, {"index": 26, "attribution": 0.0005050091958158146, "content_attribution": -1.7663553068373227e-05, "stance_attribution": 0.0005226727488841874, "tweet_id": 524937277081145345, "text": "\u201c@CBCAlerts: More shots fired just off Parliament Hill. Police telling everyone to take cover.\u201d #Ottawa #Parliament", "type": "direct_reply"}, {"index": 2, "attribution": -0.00016206970834335002, "content_attribution": 0.0004875238479542899, "stance_attribution": -0.0006495935562976401, "tweet_id": 524936987070189568, "text": "De nouveaux coups de feu \u00e0 #Ottawa  \u201c@CBCAlerts: More shots fired just off Parliament Hill. Police telling everyone to take cover.\u201d", "type": "direct_reply"}, {"index": 13, "attribution": -0.0026856663464267204, "content_attribution": -0.00048668231547518623, "stance_attribution": -0.002198984030951534, "tweet_id": 524937381024378880, "text": "\u201c@CBCAlerts: More shots fired just off Parliament Hill. Police telling everyone to take cover.\u201d Scary... Keep safe everyone", "type": "direct_reply"}, {"index": 14, "attribution": -0.015052808345574181, "content_attribution": -0.00022050163436740952, "stance_attribution": -0.01483230671120677, "tweet_id": 524937374841987072, "text": "\u201c@CBCAlerts: More shots fired just off Parliament Hill. Police telling everyone to take cover.\u201d What the fuck\ud83d\ude29\ud83d\ude29\ud83d\ude29", "type": "direct_reply"}, {"index": 20, "attribution": -0.05522684876632833, "content_attribution": 0.003313195784228319, "stance_attribution": -0.058540044550556655, "tweet_id": 524941538111922178, "text": "@trianglman @jxchristopher @CBCAlerts until there's a terrorist attack on a legal shooting range they may as well be.", "type": "lower_reply"}, {"index": 4, "attribution": -0.11877470086393045, "content_attribution": 0.00377955352437084, "stance_attribution": -0.1225542543883013, "tweet_id": 524937966615920640, "text": "3,854,082 square mile gun-free zone... | MT @CBCAlerts \"More shots fired just off Parliament Hill...\"\n#gunowners", "type": "direct_reply"}, {"index": 0, "attribution": -0.15246088742457725, "content_attribution": 0.021206253463295258, "stance_attribution": -0.1736671408878725, "tweet_id": 524936872666353664, "text": "More shots fired just off Parliament Hill. Police telling everyone to take cover.", "type": "source"}, {"index": 29, "attribution": -0.16481847208818146, "content_attribution": 0.013157033606819246, "stance_attribution": -0.1779755056950007, "tweet_id": 524940069942358016, "text": "@jxchristopher @CBCAlerts psst. Guns aren't banned in Canada. #educateYourself", "type": "lower_reply"}]}