{"thread_id": "524941041301225472", "gold_label": 0, "predicted_label": 2, "tweet_attributions": [{"index": 5, "attribution": 1.0814895849466257, "content_attribution": 0.004356813933690398, "stance_attribution": 1.0771327710129353, "tweet_id": 524971441050382337, "text": "@CBSNews @LauraBoustani dirty bastards,we  need to crush them like cockroaches.", "type": "direct_reply"}, {"index": 4, "attribution": 0.2487137267261823, "content_attribution": 0.059249467467701926, "stance_attribution": 0.18946425925848037, "tweet_id": 524951422572711936, "text": "@CBSNews what a world?surely now is the time to return the death sentence for murder.liberalism a step to far.", "type": "direct_reply"}, {"index": 3, "attribution": 0.22044291281019696, "content_attribution": 0.01981529671977152, "stance_attribution": 0.20062761609042545, "tweet_id": 524977749983629314, "text": "@superten67 @CBSNews Hang on. We don't know why and why yet.", "type": "lower_reply"}, {"index": 12, "attribution": 0.0826040838646912, "content_attribution": 0.06105597200657751, "stance_attribution": 0.021548111858113693, "tweet_id": 524971661108731904, "text": "@stevedawson17 @CBSNews if there were a referendum in the uk on the death penalty i for one would vote yes.", "type": "lower_reply"}, {"index": 9, "attribution": 0.045696299917393185, "content_attribution": 5.6335167848102843e-05, "stance_attribution": 0.045639964749545084, "tweet_id": 524954074244866048, "text": "@CBSNews @TarekFatah is it true?", "type": "direct_reply"}, {"index": 10, "attribution": 0.015793297489409823, "content_attribution": -0.0006089510640817153, "stance_attribution": 0.01640224855349154, "tweet_id": 524968647325130752, "text": "@CBSNews cdn soldier confirmed dead. Sad day in Canada.", "type": "direct_reply"}, {"index": 8, "attribution": 0.011755738013606366, "content_attribution": -0.002336435351259251, "stance_attribution": 0.014092173364865618, "tweet_id": 524953546538487808, "text": "Our borders are secure? #Liberalism is gonna kill us. #Democrats support #Obama! https://t.co/Nf801dEzC6 @CBSNews #ISIS #BorderCrisis #ebola", "type": "direct_reply"}, {"index": 11, "attribution": 0.004654723040063156, "content_attribution": 0.0007024197488520999, "stance_attribution": 0.003952303291211056, "tweet_id": 524959917761781760, "text": "@CBSNews", "type": "direct_reply"}, {"index": 6, "attribution": 0.0029866263835010673, "content_attribution": 0.0009198185093737451, "stance_attribution": 0.0020668078741273225, "tweet_id": 524960826168336384, "text": "@CBSNews My map app shows tweets from #Ottawa shooting site http://t.co/VlcPC99uBJ \u2026 #ParliamentHill", "type": "direct_reply"}, {"index": 1, "attribution": 0.0026013540865412986, "content_attribution": 0.00044936785865776354, "stance_attribution": 0.002151986227883535, "tweet_id": 524980090048770048, "text": "@CBSNews", "type": "direct_reply"}, {"index": 7, "attribution": 0.0010323427606405977, "content_attribution": 0.00045894613269315655, "stance_attribution": 0.0005733966279474412, "tweet_id": 524997395441278976, "text": "@CBSNews", "type": "direct_reply"}, {"index": 2, "attribution": -0.0012556035847603448, "content_attribution": -0.0014506745749806279, "stance_attribution": 0.0001950709902202837, "tweet_id": 524949060428771328, "text": "\u201c@CBSNews: A Canadian soldier has been shot  http://t.co/JnTNbBxEyy http://t.co/gMdJnYSGiL\u201d #PSUCOMM260", "type": "direct_reply"}, {"index": 0, "attribution": -0.799453759741188, "content_attribution": 0.08480045179286747, "stance_attribution": -0.8842542115340554, "tweet_id": 524941041301225472, "text": "A Canadian soldier has been shot at the country's National War Memorial near Parliament. http://t.co/5UE8YlRluE http://t.co/wZRSqS5X26", "type": "source"}]}