{"thread_id": "524969501704855552", "gold_label": 0, "predicted_label": 2, "tweet_attributions": [{"index": 19, "attribution": 1.8826187238455379, "content_attribution": 0.0906657883339942, "stance_attribution": 1.7919529355115436, "tweet_id": 524984672783450112, "text": "@lajeer Reading breaking news too quickly. I thought it was the name of the deceased CBC didn't have the identity of. \nTerrible tragedy...", "type": "lower_reply"}, {"index": 10, "attribution": 0.10604218720405628, "content_attribution": 0.08410529436614657, "stance_attribution": 0.02193689283790971, "tweet_id": 524984994067148802, "text": "@BPLeaf Thx. Unfortunate day.", "type": "lower_reply"}, {"index": 9, "attribution": 0.07492352495594912, "content_attribution": -0.0011024869830819004, "stance_attribution": 0.07602601193903102, "tweet_id": 524972179780558849, "text": "@tailormann @CBCAlerts Has anyone else confirmed this? No word from DND or Ottawa emerg services yet as far as I know...", "type": "lower_reply"}, {"index": 17, "attribution": 0.041195975699336744, "content_attribution": 0.00048776513400253284, "stance_attribution": 0.04070821056533422, "tweet_id": 524973436717002752, "text": "@tailormann @sandrewsmith @kmkeshavjee @cbcalerts At least we know that after school activities are cancelled. Thanks CBC!", "type": "lower_reply"}, {"index": 8, "attribution": 0.041078196268250565, "content_attribution": 0.00043122814042255355, "stance_attribution": 0.04064696812782801, "tweet_id": 524969977267650562, "text": "@CBCAlerts @Luccidor very sad.", "type": "direct_reply"}, {"index": 13, "attribution": 0.022350367557696267, "content_attribution": 0.01214289122563531, "stance_attribution": 0.010207476332060955, "tweet_id": 524970040450633728, "text": "RT @CBCAlerts: Jason Kenney says CDN soldier shot at War Memorial today has died. Employment Minister also says Parliamentary guard wounded.", "type": "direct_reply"}, {"index": 12, "attribution": 0.02204421519059635, "content_attribution": 0.0034665458604005352, "stance_attribution": 0.018577669330195813, "tweet_id": 524970455271473153, "text": "@markdjarvis @CBCAlerts I trust the family was informed first! If not this a a breech of protocol!", "type": "lower_reply"}, {"index": 15, "attribution": 0.011597558300817575, "content_attribution": -2.3240494579883722e-05, "stance_attribution": 0.011620798795397458, "tweet_id": 524972410953793536, "text": "@KMKeshavjee @tailormann @CBCAlerts I've heard it's incorrect and has been rescinded. Clearly nobody knows what's happening.", "type": "lower_reply"}, {"index": 16, "attribution": 0.0096676709071548, "content_attribution": -0.00034153290002205, "stance_attribution": 0.010009203807176851, "tweet_id": 524981159256948736, "text": "@tailormann @KMKeshavjee @CBCAlerts Globe has the story now too. May he rest in peace. \nhttp://t.co/SSFu6k6RDq", "type": "lower_reply"}, {"index": 14, "attribution": 0.005753379333106708, "content_attribution": -0.00018303250548726188, "stance_attribution": 0.005936411838593969, "tweet_id": 524972142317023232, "text": "@CBCAlerts @bruce_arthur No one else is saying the solder died, this is all coming from Jason Kenney. #unconfirmed", "type": "direct_reply"}, {"index": 0, "attribution": 0.005600647782022471, "content_attribution": 0.04439966874484571, "stance_attribution": -0.03879902096282325, "tweet_id": 524969501704855552, "text": "Jason Kenney says Canadians soldier shot at War Memorial today has died. Employment Minister also says Parliamentary guard wounded. #cdnpoli", "type": "source"}, {"index": 21, "attribution": 0.0018205050533069004, "content_attribution": 0.001020380568806464, "stance_attribution": 0.0008001244845004364, "tweet_id": 524969912440483841, "text": "@CBCAlerts @jpbevi CTV news just said that was false. and they have no official word on the condition of the solider.", "type": "direct_reply"}, {"index": 23, "attribution": 0.0017845075534382584, "content_attribution": 6.27234281716703e-05, "stance_attribution": 0.0017217841252665884, "tweet_id": 524971381780643840, "text": "\u201c@CBCAlerts: Jason Kenney says Canadians soldier shot at War Memorial today has died. #cdnpoli\u201d. Heartbreaking :(", "type": "direct_reply"}, {"index": 5, "attribution": 0.0014807256551027767, "content_attribution": -0.000742301910927794, "stance_attribution": 0.0022230275660305708, "tweet_id": 524970125670486017, "text": "@Trilliumgyal @CBCAlerts Tragic news for sure.", "type": "lower_reply"}, {"index": 22, "attribution": 0.001456840678324892, "content_attribution": -0.0010782487636106595, "stance_attribution": 0.0025350894419355514, "tweet_id": 524973803391447040, "text": "@CBCAlerts \nThe despicable act in Ottawa proves that we are the most Naive Country in the West with respect to safety from Terror\nTighten up", "type": "direct_reply"}, {"index": 18, "attribution": 0.0013425108989539739, "content_attribution": 0.000767051506659407, "stance_attribution": 0.0005754593922945671, "tweet_id": 524969813769482241, "text": "@CBCAlerts Jason Kenney needs to learn his role....", "type": "direct_reply"}, {"index": 20, "attribution": 0.000723394767830983, "content_attribution": -0.0012377770917191809, "stance_attribution": 0.001961171859550164, "tweet_id": 524972885518331904, "text": "@SAndrewSmith @KMKeshavjee @CBCAlerts  either way, if it's in question I'm taking it down. Thanks for the heads up.", "type": "lower_reply"}, {"index": 4, "attribution": -0.00019955149673271658, "content_attribution": -9.257775001807978e-05, "stance_attribution": -0.0001069737467146368, "tweet_id": 524970069223559168, "text": "\u201c@CBCAlerts: Jason Kenney says Canadians soldier shot at War Memorial today has died. #cdnpoli\u201d", "type": "direct_reply"}, {"index": 7, "attribution": -0.0006908863343533038, "content_attribution": -0.00029337857928203636, "stance_attribution": -0.00039750775507126746, "tweet_id": 524979698011750400, "text": "@SAndrewSmith @KMKeshavjee @CBCAlerts FYI Kenney confirmed the original report via Twitter. The soldier passed away :/", "type": "lower_reply"}, {"index": 11, "attribution": -0.0020343283211054037, "content_attribution": -0.0035849790985990554, "stance_attribution": 0.001550650777493652, "tweet_id": 524973606841774081, "text": "@CBCAlerts has there been any reports about if the shooter or shooters being  shot or captured?", "type": "direct_reply"}, {"index": 6, "attribution": -0.01475442960121146, "content_attribution": 0.0029701578446719376, "stance_attribution": -0.017724587445883396, "tweet_id": 524970283333988352, "text": "@KrissyT_13 Thinking of you!", "type": "lower_reply"}, {"index": 3, "attribution": -0.03509222745169153, "content_attribution": 0.00926345340145144, "stance_attribution": -0.04435568085314297, "tweet_id": 524970150144262145, "text": "Oh no. MT @CBCAlerts Jason Kenney says Cdn soldier shot at War Memorial today has died. Emp. Minister also says Parliamentary guard wounded.", "type": "direct_reply"}, {"index": 1, "attribution": -0.13675542878861324, "content_attribution": -0.03941756674187398, "stance_attribution": -0.09733786204673928, "tweet_id": 524969686467751936, "text": "@CBCAlerts Lieutenant Colonel Lawrence Hatfield....", "type": "direct_reply"}, {"index": 2, "attribution": -0.3970057133574403, "content_attribution": 0.03482858730077565, "stance_attribution": -0.43183430065821593, "tweet_id": 524975801624977410, "text": "@BPLeaf Why the reference to the commander?", "type": "lower_reply"}]}