{"thread_id": "524942470472548352", "gold_label": 0, "predicted_label": 0, "tweet_attributions": [{"index": 0, "attribution": 0.11081678523503162, "content_attribution": -0.05320466469069393, "stance_attribution": 0.16402144992572554, "tweet_id": 524942470472548352, "text": "The University of Ottawa, just a five minute walk from the Hill, is now on lockdown.", "type": "source"}, {"index": 1, "attribution": 0.09510113786362065, "content_attribution": -0.007476046981120837, "stance_attribution": 0.10257718484474149, "tweet_id": 524943159726309376, "text": "@ldobsonhughes @HuffPostCanada God Bless Heather !!", "type": "direct_reply"}, {"index": 2, "attribution": 0.005478955176545421, "content_attribution": -0.017266640391260017, "stance_attribution": 0.022745595567805435, "tweet_id": 524943410520924161, "text": "My Alma Mater. God. RT @ldobsonhughes: The University of Ottawa, just a five minute walk from the Hill, is now on lockdown.", "type": "direct_reply"}, {"index": 3, "attribution": 0.0002840694973916119, "content_attribution": -0.006074048871792407, "stance_attribution": 0.006358118369184017, "tweet_id": 524944078870700032, "text": "@ldobsonhughes @InklessPW is 2 km from nasty parliament not 2 minute only  chita to can run 120 km an hours", "type": "direct_reply"}]}