{"thread_id": "524970097711267841", "gold_label": 0, "predicted_label": 0, "tweet_attributions": [{"index": 0, "attribution": 0.19843910959826738, "content_attribution": -0.04233821680375781, "stance_attribution": 0.24077732640202518, "tweet_id": 524970097711267841, "text": "Conservative caucas informed soldier shot at War Memorial in Ottawa this morning has died.  A sad development on a shocking day.", "type": "source"}, {"index": 9, "attribution": 0.05338538383151829, "content_attribution": -0.005158010465759148, "stance_attribution": 0.058543394297277444, "tweet_id": 524973387329048576, "text": "@cbcJillDempsey @CBCNews has this been confirmed? Apparently Mr Kenny may be combining the 2 incidents from today and the other day in Qc", "type": "direct_reply"}, {"index": 5, "attribution": 0.039640773310364585, "content_attribution": -0.0032470208164691074, "stance_attribution": 0.042887794126833696, "tweet_id": 524974489210486785, "text": "@Mabergeron1974 @cbcJillDempsey @mmdenisrc info is sadly true", "type": "lower_reply"}, {"index": 13, "attribution": 0.01578512830403854, "content_attribution": 1.1886730316055583e-05, "stance_attribution": 0.015773241573722487, "tweet_id": 524970504051249152, "text": "@cbcJillDempsey @CBCNews many thoughts and prayers to his family", "type": "direct_reply"}, {"index": 3, "attribution": 0.002469048817619641, "content_attribution": -0.019311711592991814, "stance_attribution": 0.02178076041061145, "tweet_id": 524974794853588992, "text": "@VibezMediaIntl @cbcJillDempsey @CBCNews no info is sadly true", "type": "lower_reply"}, {"index": 7, "attribution": 0.00029385332549149287, "content_attribution": 0.0007988587352640894, "stance_attribution": -0.0005050054097725967, "tweet_id": 524971801827614721, "text": "@cbcJillDempsey @CBCNews It's NOT up to MP's to release any info on anyone shot, let alone a Canadian Soldier. Think of the family!", "type": "direct_reply"}, {"index": 11, "attribution": -1.2340814168397204e-05, "content_attribution": -0.0026444063589227042, "stance_attribution": 0.002632065544754308, "tweet_id": 524971369063522304, "text": "@cbcJillDempsey @CBCNews  so sad :(", "type": "direct_reply"}, {"index": 14, "attribution": -0.00023309871213520372, "content_attribution": -0.0008377041134466326, "stance_attribution": 0.0006046054013114294, "tweet_id": 524970933145325568, "text": "\u201c@cbcJillDempsey: Conservative caucas informed soldier shot at War Memorial in Ottawa has died.  A sad development on a shocking day.\u201d", "type": "direct_reply"}, {"index": 2, "attribution": -0.0005232330564319883, "content_attribution": -0.0010749195013412126, "stance_attribution": 0.000551686444909224, "tweet_id": 524975735245529088, "text": "@cbcJillDempsey @dangles70 RIP", "type": "direct_reply"}, {"index": 12, "attribution": -0.0015710473153283588, "content_attribution": -0.0030456322372513544, "stance_attribution": 0.0014745849219229947, "tweet_id": 524970609420562432, "text": "@cbcJillDempsey @CBCNews very sad news.", "type": "direct_reply"}, {"index": 15, "attribution": -0.0015868291587339098, "content_attribution": -0.0018879155961304386, "stance_attribution": 0.00030108643739652893, "tweet_id": 524970464968318976, "text": "@cbcJillDempsey @CBCNews sad", "type": "direct_reply"}, {"index": 1, "attribution": -0.0029489691666680674, "content_attribution": -0.0002825171314608087, "stance_attribution": -0.0026664520352072587, "tweet_id": 524970479405510656, "text": "So sad :-( \u201c@cbcJillDempsey: Conservative caucas informed soldier shot at War Memorial in Ottawa this morning has died.\u201d", "type": "direct_reply"}, {"index": 10, "attribution": -0.0037428721896630183, "content_attribution": -0.00019510784183548294, "stance_attribution": -0.003547764347827535, "tweet_id": 524970692727808001, "text": "@cbcJillDempsey @CBCNews news doesn't say that ????", "type": "direct_reply"}, {"index": 6, "attribution": -0.006099410928483489, "content_attribution": 0.0010422472292621811, "stance_attribution": -0.00714165815774567, "tweet_id": 524971361890889728, "text": "@cbcJillDempsey @CBCNews \n\ndid the DND tell you this?", "type": "direct_reply"}, {"index": 8, "attribution": -0.02568430127701954, "content_attribution": -0.0005086941271509274, "stance_attribution": -0.025175607149868613, "tweet_id": 524976180781649921, "text": "@cbcJillDempsey @CBCNews Such sad news - thoughts and prayers to his family, friends, and military family. #dnd #military #hamilton", "type": "direct_reply"}, {"index": 4, "attribution": -0.08333047355925988, "content_attribution": 0.0025293293715701595, "stance_attribution": -0.08585980293083005, "tweet_id": 524971387598168064, "text": "@cbcJillDempsey @mmdenisrc MP Kenney withdrew his tweet...confusion around...", "type": "direct_reply"}]}