{"thread_id": "524943132409212928", "gold_label": 0, "predicted_label": 2, "tweet_attributions": [{"index": 6, "attribution": 1.6129577053278221, "content_attribution": 0.05469216912271031, "stance_attribution": 1.5582655362051119, "tweet_id": 524945681765912576, "text": "@ViktaPaulo @CTVNews @JohnnyBerhane @calebagada33 all mans are bless bro Thank God!!", "type": "lower_reply"}, {"index": 2, "attribution": 0.533607899891232, "content_attribution": 0.03891555820054899, "stance_attribution": 0.494692341690683, "tweet_id": 524945526492762112, "text": "\u201c@CTVNews: University of Ottawa is in lockdown, classes are cancelled\u201d\n\n@JohnnyBerhane @calebagada33 @MoeIsmail31 are mans safe tho? Link me", "type": "direct_reply"}, {"index": 13, "attribution": 0.3829237575019787, "content_attribution": 0.08899506050162104, "stance_attribution": 0.2939286970003577, "tweet_id": 524946438795837440, "text": "\u201c@MoeIsmail31: @ViktaPaulo @CTVNews @JohnnyBerhane @calebagada33 all mans are bless bro Thank God!!\u201d\n\nAll thanks to God S/O my Gee Gees", "type": "lower_reply"}, {"index": 8, "attribution": 0.045938485873728147, "content_attribution": 0.006128485348138256, "stance_attribution": 0.03981000052558989, "tweet_id": 524945455101530112, "text": "\u201c@CTVNews: University of Ottawa is in lockdown, classes are cancelled\u201d lol I was actually going to go today", "type": "direct_reply"}, {"index": 9, "attribution": 0.015437057975659113, "content_attribution": 0.0010685299353105529, "stance_attribution": 0.014368528040348558, "tweet_id": 524977858452926464, "text": "@Sablecorby @CTVNews Carleton is fine, since it's not downtown", "type": "lower_reply"}, {"index": 10, "attribution": 0.015210366364039725, "content_attribution": -0.0003396120900520462, "stance_attribution": 0.01554997845409177, "tweet_id": 524943753963126785, "text": "@CTVNews  RT \"We are all infidels\" #outlawIslam", "type": "direct_reply"}, {"index": 4, "attribution": 0.003976885400137963, "content_attribution": 0.000337763274683215, "stance_attribution": 0.003639122125454748, "tweet_id": 524945346628427776, "text": "@CTVNews", "type": "direct_reply"}, {"index": 18, "attribution": 0.002337901589870664, "content_attribution": 0.0004613354627591749, "stance_attribution": 0.0018765661271114892, "tweet_id": 524943872246697984, "text": "@CTVNews", "type": "direct_reply"}, {"index": 3, "attribution": 0.0023297926507959395, "content_attribution": 0.0021821928091356577, "stance_attribution": 0.0001475998416602816, "tweet_id": 524945997760589824, "text": "@gardiner91 @CTVNews ya right", "type": "lower_reply"}, {"index": 16, "attribution": 0.0019101683656516583, "content_attribution": -8.69650785387782e-05, "stance_attribution": 0.001997133444190437, "tweet_id": 524943966135795712, "text": "\u201c@CTVNews: University of Ottawa is in lockdown, classes are cancelled\u201d@tannanirali", "type": "direct_reply"}, {"index": 17, "attribution": 0.0011431467396066054, "content_attribution": 0.00012148145019710937, "stance_attribution": 0.0010216652894094957, "tweet_id": 524943239682744320, "text": "\u201c@CTVNews: University of Ottawa is in lockdown, classes are cancelled\u201d", "type": "direct_reply"}, {"index": 7, "attribution": 0.0008978972088244025, "content_attribution": 1.6850925983784272e-05, "stance_attribution": 0.0008810462828406182, "tweet_id": 524953418503565312, "text": "\u201c@CTVNews: University of Ottawa is in lockdown, classes are cancelled\u201d", "type": "direct_reply"}, {"index": 5, "attribution": 0.0008687237903408248, "content_attribution": 8.385494448025067e-05, "stance_attribution": 0.0007848688458605742, "tweet_id": 524943521393180672, "text": "\u201c@CTVNews: University of Ottawa is in lockdown, classes are cancelled\u201d", "type": "direct_reply"}, {"index": 14, "attribution": 0.0007708368005909948, "content_attribution": -0.00015133031377024154, "stance_attribution": 0.0009221671143612362, "tweet_id": 524943701249114112, "text": "@CTVNews @leilamqbali", "type": "direct_reply"}, {"index": 15, "attribution": -0.0008454969314812124, "content_attribution": -0.0005795165885329907, "stance_attribution": -0.0002659803429482218, "tweet_id": 524943920082731008, "text": "\u201c@CTVNews: University of Ottawa is in lockdown, classes are cancelled\u201d #shooting #cdnpoli #parliament", "type": "direct_reply"}, {"index": 12, "attribution": -0.0014450941366175682, "content_attribution": -0.0001594264489790826, "stance_attribution": -0.0012856676876384855, "tweet_id": 524945583833112576, "text": "\u201c@CTVNews: University of Ottawa is in lockdown, classes are cancelled\u201d stay safe everyone", "type": "direct_reply"}, {"index": 1, "attribution": -0.006094706469738152, "content_attribution": 0.00321846786249567, "stance_attribution": -0.009313174332233823, "tweet_id": 524967518751174656, "text": "@gardiner91 @CTVNews let's not get ahead of ourselves", "type": "lower_reply"}, {"index": 11, "attribution": -0.01368848357857144, "content_attribution": -0.0004665713912405195, "stance_attribution": -0.01322191218733092, "tweet_id": 524944958336552960, "text": "@CTVNews @pmharper Get the military!  Don't turn a blind eye. Don't allow us to turn into England.  Will give up liberties to protect others", "type": "direct_reply"}, {"index": 0, "attribution": -0.24959382280891856, "content_attribution": 0.03940167706787833, "stance_attribution": -0.2889954998767969, "tweet_id": 524943132409212928, "text": "University of Ottawa is in lockdown, classes are cancelled", "type": "source"}]}