{"thread_id": "524953017389707264", "gold_label": 2, "predicted_label": 2, "tweet_attributions": [{"index": 2, "attribution": 3.49369569121221, "content_attribution": 0.012783538044103634, "stance_attribution": 3.4809121531681066, "tweet_id": 525013399047274496, "text": "@AHMagazine @FaithGoldy @PzFeed Like the 200-350 million jihadists who are bent on the destruction of our way of life.", "type": "lower_reply"}, {"index": 35, "attribution": 2.727202429605181, "content_attribution": 0.01702488856555522, "stance_attribution": 2.710177541039626, "tweet_id": 525012515173175297, "text": "@Shemp_358 @FaithGoldy @PzFeed Oh please try... names and dates will suffice.", "type": "lower_reply"}, {"index": 26, "attribution": 1.3625696716021831, "content_attribution": 0.007040926412616392, "stance_attribution": 1.355528745189567, "tweet_id": 525014085067603968, "text": "@Shemp_358 @FaithGoldy @PzFeed When you say 'our' you mean Canadian? I don't believe 250 mil jihadists (source) are after us. US maybe.", "type": "lower_reply"}, {"index": 5, "attribution": 0.7761717598260197, "content_attribution": 0.05446773892533915, "stance_attribution": 0.7217040209006806, "tweet_id": 525012170405593088, "text": "@AHMagazine @FaithGoldy @PzFeed this started long before ISIL.  Have you been under a rock?  140 characters isn't enough to school you", "type": "lower_reply"}, {"index": 13, "attribution": 0.44398138561386674, "content_attribution": 0.028160684741477447, "stance_attribution": 0.4158207008723892, "tweet_id": 524998393090023425, "text": "@Shemp_358 @FaithGoldy @PzFeed Declare war on who: fucked up losers in Ottawa, internet jihadists from Quebec?", "type": "lower_reply"}, {"index": 10, "attribution": 0.4383068282744279, "content_attribution": 0.011118019937510017, "stance_attribution": 0.42718880833691797, "tweet_id": 524954620444307456, "text": "@FaithGoldy @PzFeed this is an unequivocal act of war.  We need to blood well wake up", "type": "lower_reply"}, {"index": 17, "attribution": 0.2681305181577847, "content_attribution": 0.03486500839853414, "stance_attribution": 0.23326550975925056, "tweet_id": 524999072030396416, "text": "@AHMagazine @FaithGoldy @PzFeed The war has been declared on us.  Happened a long time ago.  Or is this OUR fault?", "type": "lower_reply"}, {"index": 16, "attribution": 0.25839899493004714, "content_attribution": 0.009140222407671659, "stance_attribution": 0.2492587725223755, "tweet_id": 525014024342474753, "text": "@AHMagazine @FaithGoldy @PzFeed if you are blind to that, then I'm wasting my breath", "type": "lower_reply"}, {"index": 34, "attribution": 0.15656572753085277, "content_attribution": 0.04134086298036112, "stance_attribution": 0.11522486455049165, "tweet_id": 524954282391769088, "text": "No shit. \"@PzFeed: BREAKING NEWS: CANADIAN OFFICIALS NOW CALLING TODAY'S PARLIAMENT SHOOTING A TERRORIST ATTACK - http://t.co/Wb6tzRwQMG\u201d", "type": "direct_reply"}, {"index": 21, "attribution": 0.1551729589031674, "content_attribution": 0.06198987975094164, "stance_attribution": 0.09318307915222579, "tweet_id": 525011529117487104, "text": "@Shemp_358 @FaithGoldy @PzFeed Are you referring to ISIL threats? Our fault, no. Sounds like George W. Bush's 'War on Terror' pt 2", "type": "lower_reply"}, {"index": 0, "attribution": 0.08721750757676526, "content_attribution": 0.047856800036909855, "stance_attribution": 0.03936070753985542, "tweet_id": 524953017389707264, "text": "BREAKING NEWS: CANADIAN OFFICIALS NOW CALLING TODAY'S PARLIAMENT SHOOTING A TERRORIST ATTACK - http://t.co/lXFiYaVImZ", "type": "source"}, {"index": 3, "attribution": 0.0803008200608565, "content_attribution": 0.00952806075355227, "stance_attribution": 0.07077275930730423, "tweet_id": 525017993559179265, "text": "@AHMagazine @FaithGoldy @PzFeed they make no distinction between  Americans, Brits, French, Canadians.  They hate us all equally.  Wake Up", "type": "lower_reply"}, {"index": 12, "attribution": 0.02234791449467921, "content_attribution": -5.560780731485539e-06, "stance_attribution": 0.0223534752754107, "tweet_id": 524959853379215360, "text": "@mistervermin @FaithGoldy @PzFeed This just in. The Liberal Party and the Left Media Consortium have confirmed that Omar Khadr is unharmed.", "type": "lower_reply"}, {"index": 25, "attribution": 0.016385435112171075, "content_attribution": -0.0005045762135901399, "stance_attribution": 0.016890011325761213, "tweet_id": 524957999459082241, "text": "\u201c@PzFeed: Ag briseadh. Ionsa\u00ed ar Cheanada le gunna\u00ed san rialtas http://t.co/pkitfwsWRA\u201d", "type": "direct_reply"}, {"index": 11, "attribution": 0.015553681621124707, "content_attribution": 0.010518825148055235, "stance_attribution": 0.005034856473069473, "tweet_id": 524996795743870977, "text": "CANADA PARLIAMENT SHOOTING:\n- Situation ongoing\n- 1 soldier dead\n- 1 suspect dead\n- No suspect in custody\n- 3 injured\nhttp://t.co/lXFiYaVImZ", "type": "direct_reply"}, {"index": 1, "attribution": 0.011042892212912013, "content_attribution": -0.0003239832831062531, "stance_attribution": 0.011366875496018267, "tweet_id": 524955428539883521, "text": "RT \u201c@PzFeed: BREAKING NEWS: CANADIAN OFFICIALS NOW CALLING TODAY'S PARLIAMENT SHOOTING A TERRORIST ATTACK - http://t.co/jBMdvgfZy8\u201d", "type": "direct_reply"}, {"index": 31, "attribution": 0.01084629346370206, "content_attribution": 0.0017485748889495341, "stance_attribution": 0.009097718574752526, "tweet_id": 524956299734573056, "text": "@EasternOar @FaithGoldy @PzFeed  Remember when Justin told the press that the Boston Bombers were just misunderstood? What will he say now?", "type": "lower_reply"}, {"index": 23, "attribution": 0.006811195276376639, "content_attribution": 0.00596184755386184, "stance_attribution": 0.0008493477225147979, "tweet_id": 525013233787473920, "text": "@AHMagazine @FaithGoldy @PzFeed before I begin with that you have to acknowledge certain statements of fact.", "type": "lower_reply"}, {"index": 6, "attribution": 0.006418110488451034, "content_attribution": 0.0028751871772481094, "stance_attribution": 0.003542923311202925, "tweet_id": 525015240661303296, "text": "@AHMagazine @FaithGoldy @PzFeed if you can't acknowledge the obvious, quit wasting my time", "type": "lower_reply"}, {"index": 7, "attribution": 0.0023969681558213872, "content_attribution": 0.00034686715464363367, "stance_attribution": 0.0020501010011777536, "tweet_id": 524955539839533056, "text": "@PzFeed no somthings off on that..", "type": "direct_reply"}, {"index": 15, "attribution": 0.001860439137040913, "content_attribution": 0.0002916708002287127, "stance_attribution": 0.0015687683368122004, "tweet_id": 525017517551783936, "text": "@AHMagazine @FaithGoldy @PzFeed They aren't insurgents.  They're the army of the Kalifah.  Just asks them", "type": "lower_reply"}, {"index": 20, "attribution": 0.0008601216411843887, "content_attribution": -0.0003374063896693605, "stance_attribution": 0.0011975280308537492, "tweet_id": 524956907166240769, "text": "@PzFeed @MACKisTBE @KeaunKaz", "type": "direct_reply"}, {"index": 27, "attribution": 0.0006595533040090267, "content_attribution": 0.00042895001061880514, "stance_attribution": 0.00023060329339022196, "tweet_id": 524953975649759232, "text": "\u201c@PzFeed: BREAKING NEWS: CANADIAN OFFICIALS NOW CALLING TODAY'S PARLIAMENT SHOOTING A TERRORIST ATTACK - http://t.co/2NRoBHlIsb\u201d CANADA!?", "type": "direct_reply"}, {"index": 9, "attribution": 0.00010830016991221351, "content_attribution": -1.1419272847046128e-05, "stance_attribution": 0.0001197194427592596, "tweet_id": 524963087603204096, "text": "\u201c@PzFeed: BREAKING NEWS: CANADIAN OFFICIALS NOW CALLING TODAY'S PARLIAMENT SHOOTING A TERRORIST ATTACK - http://t.co/azE7eL2dW4 Prayers f US", "type": "direct_reply"}, {"index": 14, "attribution": -0.00046242829899605965, "content_attribution": -0.00015789397779039345, "stance_attribution": -0.00030453432120566615, "tweet_id": 524971420254601216, "text": "@FaithGoldy @PzFeed http://t.co/iwFqsqVY2n", "type": "lower_reply"}, {"index": 18, "attribution": -0.0006870296643588338, "content_attribution": -0.0006580299681800744, "stance_attribution": -2.899969617875936e-05, "tweet_id": 524958267509080064, "text": "@FaithGoldy @PzFeed Do you suppose this will wake up the Liberal &amp; Ndp naysayers? I have my doubt, they will blame CA joining coalition now!", "type": "lower_reply"}, {"index": 24, "attribution": -0.001918436928630219, "content_attribution": 0.01035100378479185, "stance_attribution": -0.012269440713422071, "tweet_id": 524955094458978304, "text": "@FaithGoldy @PzFeed Remember when the media \"Consortium\" City, CTV, CBC, Global etc. mocked Harper when he would speak about Terror Threats?", "type": "lower_reply"}, {"index": 32, "attribution": -0.0022110215098809427, "content_attribution": -0.0010081696842410555, "stance_attribution": -0.001202851825639888, "tweet_id": 524962007133745152, "text": "@PzFeed I'm not terrified. @souljourner14", "type": "direct_reply"}, {"index": 28, "attribution": -0.0022346598104958934, "content_attribution": 0.0010742537451339461, "stance_attribution": -0.003308913555629839, "tweet_id": 525015730736336896, "text": "@Shemp_358 @FaithGoldy @PzFeed Acts of terrorism. If 250 mil jihadists wanted us gone we'd be in a full blown shooting war, we're not.", "type": "lower_reply"}, {"index": 33, "attribution": -0.0030293685533008302, "content_attribution": -0.0008551068379971363, "stance_attribution": -0.0021742617153036924, "tweet_id": 524997419667582976, "text": "Neslo @PzFeed", "type": "lower_reply"}, {"index": 8, "attribution": -0.004810517810389641, "content_attribution": -0.0009979756643913264, "stance_attribution": -0.0038125421459983154, "tweet_id": 525016906206822400, "text": "@AHMagazine @FaithGoldy @PzFeed 10 years in Afghanistan, Libya, now Iraq, isn't a shooting war?  Terrorism is their chief weapon.", "type": "lower_reply"}, {"index": 19, "attribution": -0.013061224730103639, "content_attribution": -0.0003831048474750491, "stance_attribution": -0.01267811988262859, "tweet_id": 524954407465914369, "text": "@FaithGoldy No shit, Sherlock. @PzFeed", "type": "lower_reply"}, {"index": 22, "attribution": -0.020225269806301998, "content_attribution": 0.0010546281540974776, "stance_attribution": -0.021279897960399474, "tweet_id": 525017408520847360, "text": "@AHMagazine @FaithGoldy @PzFeed The US asked us to go not as a sign of solidarity.  They asked us because they know they can count on us.", "type": "lower_reply"}, {"index": 29, "attribution": -0.05636478079775925, "content_attribution": -0.000895300799551485, "stance_attribution": -0.05546947999820777, "tweet_id": 525016262481821696, "text": "@Shemp_358 @FaithGoldy @PzFeed CF-18s sent to Kuwait sign of solidarity with US, not declaration of war against insurgents. Learn!", "type": "lower_reply"}, {"index": 4, "attribution": -0.06464483342312952, "content_attribution": 0.013751584009289443, "stance_attribution": -0.07839641743241896, "tweet_id": 525014364559245312, "text": "@Shemp_358 @FaithGoldy @PzFeed Not good enough. Saying something is a fact doesn't make it so. Back up your claims or not.", "type": "lower_reply"}, {"index": 30, "attribution": -0.07068751400265502, "content_attribution": 0.003736777540977462, "stance_attribution": -0.07442429154363249, "tweet_id": 525015024977584128, "text": "@AHMagazine @FaithGoldy @PzFeed what world do you live in?  The USS Cole, Kenyan Embassy, Spanish Train Station, London Bus, etc etc etc", "type": "lower_reply"}]}