{"thread_id": "524935085863481344", "gold_label": 0, "predicted_label": 2, "tweet_attributions": [{"index": 10, "attribution": 2.590922119622447, "content_attribution": 0.04952850393293884, "stance_attribution": 2.5413936156895085, "tweet_id": 524937047694651392, "text": "@trevorjkramer @CBCAlerts they are honorary guards...so likely unarmed.", "type": "lower_reply"}, {"index": 11, "attribution": 2.11803788304476, "content_attribution": -0.011200204905924828, "stance_attribution": 2.1292380879506854, "tweet_id": 524942384720007169, "text": "@trevorjkramer @CBCAlerts regardless. .it's tragic :( my hometown will be forever changed", "type": "lower_reply"}, {"index": 19, "attribution": 0.2706292020632105, "content_attribution": 0.022952959053614257, "stance_attribution": 0.24767624300959626, "tweet_id": 524942546393243648, "text": "That isn't in question, @cfitzge @CBCAlerts", "type": "lower_reply"}, {"index": 6, "attribution": 0.13511539631901048, "content_attribution": 0.05158044567820744, "stance_attribution": 0.08353495064080306, "tweet_id": 524937527804051457, "text": "They looked armed to me, @cfitzge @CBCAlerts #cdnpoli #Ottawa http://t.co/eLvLNV3EHV", "type": "lower_reply"}, {"index": 0, "attribution": 0.03761937516031345, "content_attribution": 0.0271316438159843, "stance_attribution": 0.010487731344329145, "tweet_id": 524935085863481344, "text": "Witnesses say several dozen shots fired inside Parliament buildings after Canadian soldier shot at nearby War Memorial. #Ottawa #cdnpoli", "type": "source"}, {"index": 8, "attribution": 0.018811974938112874, "content_attribution": 0.020032089711963293, "stance_attribution": -0.001220114773850423, "tweet_id": 524941664516055040, "text": "@trevorjkramer @CBCAlerts if you read about the ceremonial guard, typically these aren't loaded bec public inspection of the gun is common", "type": "lower_reply"}, {"index": 12, "attribution": 0.005504005841305953, "content_attribution": -5.103995724372988e-05, "stance_attribution": 0.005555045798549683, "tweet_id": 524935998896349184, "text": "@CBCAlerts @volatilitysmile \"We are all infidels\". #waronfreedom #waronwomen #waronhumanity #kobani #pershmaga #Iran #Iraq #outlawIslam", "type": "direct_reply"}, {"index": 1, "attribution": 0.0009893944598978613, "content_attribution": -8.358957896983035e-05, "stance_attribution": 0.0010729840388676915, "tweet_id": 524935395247919105, "text": "@CBCAlerts it her stations reportons shooter was shot.", "type": "direct_reply"}, {"index": 15, "attribution": 0.0009030919030635258, "content_attribution": -0.0014982625983282843, "stance_attribution": 0.002401354501391812, "tweet_id": 524935738882662402, "text": "@CBCAlerts @WilliamBDevittI i want to know, if that 'soldier' was an operative, and was he killed, or were the bullets blanks? #CPCTerrorism", "type": "direct_reply"}, {"index": 20, "attribution": -0.00019245355973928678, "content_attribution": 2.604297087463664e-05, "stance_attribution": -0.00021849653061392345, "tweet_id": 524935684931715072, "text": "\u201c@CBCAlerts: Witnesses say several dozen shots fired inside Parliament buildings after Cdn soldier shot at War Memorial. #Ottawa #cdnpoli\u201d", "type": "direct_reply"}, {"index": 2, "attribution": -0.00020177123120843066, "content_attribution": -0.00020526448327349764, "stance_attribution": 3.493252065066982e-06, "tweet_id": 524939760067170305, "text": "!!!! \u201c@CBCAlerts: Witnesses say several dozen shots fired inside Parliament after Canadian soldier shot at War Memorial. #Ottawa #cdnpoli\u201d", "type": "direct_reply"}, {"index": 18, "attribution": -0.0006966667216064778, "content_attribution": 0.0003486094260265924, "stance_attribution": -0.0010452761476330702, "tweet_id": 524935705592860672, "text": "\u201c@CBCAlerts:several dozen shots fired inside Parliament buildings after Canadian soldier shot at nearby War Memorial\u201d - my brother is safe..", "type": "direct_reply"}, {"index": 14, "attribution": -0.0008691282867662783, "content_attribution": -0.0010493390856436652, "stance_attribution": 0.00018021079887738654, "tweet_id": 524936187635830784, "text": "@CBCAlerts @CBCPEI", "type": "direct_reply"}, {"index": 3, "attribution": -0.0014286820581203715, "content_attribution": -0.0006170971359425829, "stance_attribution": -0.0008115849221777882, "tweet_id": 524939337943633921, "text": "@CBCAlerts so scary.  Be safe everyone in #ottawa and #canada and #ontArio  praying for you!!!", "type": "direct_reply"}, {"index": 21, "attribution": -0.004407481361784103, "content_attribution": -0.0002798414389327398, "stance_attribution": -0.004127639922851364, "tweet_id": 524936412555399168, "text": "\u201c@CBCAlerts: Witnesses say several dozen shots fired inside Parliament buildings after Canadian soldier shot nearby . #Ottawa #cdnpoli\u201d", "type": "direct_reply"}, {"index": 13, "attribution": -0.006184056702827919, "content_attribution": 0.022437586276709484, "stance_attribution": -0.028621642979537402, "tweet_id": 524939432550342656, "text": "Clearly that needs to change, @MY1K. @CBCAlerts #cdnpoli #Ottawa", "type": "lower_reply"}, {"index": 17, "attribution": -0.00727033699394303, "content_attribution": -0.0018682124677437037, "stance_attribution": -0.005402124526199326, "tweet_id": 524936085412270080, "text": "@CBCAlerts forces and city in lock down. Be safe!#ottawa #Canada", "type": "direct_reply"}, {"index": 9, "attribution": -0.00802764141889355, "content_attribution": -0.002368522655906642, "stance_attribution": -0.005659118762986908, "tweet_id": 524936259190665216, "text": "@CBCAlerts MP Bernard Trottier tweeting that suspect shot &amp; killed.", "type": "direct_reply"}, {"index": 5, "attribution": -0.01212275566947662, "content_attribution": 0.0029624706458293995, "stance_attribution": -0.015085226315306018, "tweet_id": 524936465902747648, "text": "@marcely034 @CBCAlerts @southsalem ::: douchebag.", "type": "lower_reply"}, {"index": 16, "attribution": -0.04604922965830306, "content_attribution": 0.020398474118721647, "stance_attribution": -0.06644770377702469, "tweet_id": 524938238222675969, "text": "@trevorjkramer @CBCAlerts they are \"armed\" in that they have ceremonial rifles.", "type": "lower_reply"}, {"index": 4, "attribution": -0.05360411761027385, "content_attribution": 0.027710064822020916, "stance_attribution": -0.08131418243229477, "tweet_id": 524936080265838594, "text": "Were the soldiers guarding the War Memorial not armed? What did the second soldier do? @CBCAlerts #cdnpoli #Ottawa", "type": "direct_reply"}, {"index": 7, "attribution": -0.056350221445277356, "content_attribution": 0.003130737751925686, "stance_attribution": -0.05948095919720304, "tweet_id": 524935356584427520, "text": "@CBCAlerts @southsalem MUSLIM TERRORIST ATTACK IN CANADA", "type": "direct_reply"}]}