{"thread_id": "524949526487265280", "gold_label": 1, "predicted_label": 2, "tweet_attributions": [{"index": 12, "attribution": 2.8440840731535055, "content_attribution": 0.02732210105052548, "stance_attribution": 2.81676197210298, "tweet_id": 524952389003280384, "text": "@CTVNews @rokchikk wth is going on!? At work. Hope all is well w you.", "type": "direct_reply"}, {"index": 4, "attribution": 0.48893810793629733, "content_attribution": 0.059817456718576294, "stance_attribution": 0.429120651217721, "tweet_id": 524953108934590464, "text": "@aymac103 @CTVNews insanity is what is going on... #notmycanada", "type": "lower_reply"}, {"index": 16, "attribution": 0.15541177953319282, "content_attribution": 0.12963845087638423, "stance_attribution": 0.025773328656808616, "tweet_id": 524953385041403904, "text": "@rokchikk @CTVNews for real. The world is going to shit. \u2764\ufe0f you! take care!", "type": "lower_reply"}, {"index": 15, "attribution": 0.022752020331408038, "content_attribution": -0.0001192543852557448, "stance_attribution": 0.022871274716663784, "tweet_id": 524950519862013953, "text": "Jesus. RT @CTVNews: #BREAKING: Ottawa police confirm there were at least three separate shootings", "type": "direct_reply"}, {"index": 13, "attribution": 0.018311437107191325, "content_attribution": -0.007350764471642822, "stance_attribution": 0.02566220157883415, "tweet_id": 524951432605470720, "text": "\u201c@CTVNews: #BREAKING: Ottawa police confirm there were at least three separate shootings\u201d Absolutely terrifying", "type": "direct_reply"}, {"index": 10, "attribution": 0.007489066665532659, "content_attribution": -0.0013824520770523965, "stance_attribution": 0.008871518742585054, "tweet_id": 524949919887794179, "text": "@CTVNews thoughts and prayers in Ottawa.", "type": "direct_reply"}, {"index": 1, "attribution": 0.00717651867356555, "content_attribution": -0.0007540890343498445, "stance_attribution": 0.007930607707915396, "tweet_id": 524951665775214592, "text": "\u201c@CTVNews: #BREAKING: Ottawa police confirm there were at least three separate shootings\u201d #PrayForOttawa", "type": "direct_reply"}, {"index": 6, "attribution": 0.00687608625793, "content_attribution": 0.008447465334432365, "stance_attribution": -0.001571379076502366, "tweet_id": 524954084781330432, "text": "@alixwala Shootings at War Memorial, Parliament &amp; Rideau Centre", "type": "lower_reply"}, {"index": 2, "attribution": 0.00301254096164101, "content_attribution": 0.0008699465662907135, "stance_attribution": 0.0021425943953502966, "tweet_id": 524953439823224832, "text": "@CTVNews Malala is suppose to meet PM today in parliament", "type": "direct_reply"}, {"index": 11, "attribution": 0.0020739422068458985, "content_attribution": -0.0002929439159785257, "stance_attribution": 0.0023668861228244246, "tweet_id": 524952895863918592, "text": "@CTVNews Any slightest involvement in terrorism or aggression must be punished by stripping them from citizenship and sent home.", "type": "direct_reply"}, {"index": 5, "attribution": 0.000821954855101019, "content_attribution": -4.603517271224977e-05, "stance_attribution": 0.000867990027813269, "tweet_id": 524950636602081280, "text": "this is a coordinated attack :-( RT @CTVNews: #BREAKING: Ottawa police confirm there were at least three separate shootings", "type": "direct_reply"}, {"index": 17, "attribution": -0.0001407972813200608, "content_attribution": 0.00010629299407366037, "stance_attribution": -0.0002470902753937208, "tweet_id": 524951033945276417, "text": "Thoughts &amp; prayers @CTVNews: #BREAKING: Ottawa police confirm there were at least three separate shootings\u201d", "type": "direct_reply"}, {"index": 9, "attribution": -0.0009158571181940459, "content_attribution": -0.000489862673971916, "stance_attribution": -0.00042599444422212985, "tweet_id": 524950226818580480, "text": "@CTVNews Apparently, 2 dead, 3rd one caught, possibly 5 shooters in total.", "type": "direct_reply"}, {"index": 3, "attribution": -0.0011191068002494378, "content_attribution": -0.0010960801194610334, "stance_attribution": -2.3026680788404376e-05, "tweet_id": 524951308298489856, "text": "\u201c@CTVNews: #BREAKING: Ottawa police confirm there were at least three separate shootings\u201d In total shock, stay safe! #ParliamentHill #Ottawa", "type": "direct_reply"}, {"index": 8, "attribution": -0.001688743581336218, "content_attribution": -0.00010092555156717636, "stance_attribution": -0.0015878180297690405, "tweet_id": 524952745967902720, "text": "#PrayForOttawa #OttawaShooting \u201c@CTVNews: #BREAKING: Ottawa police confirm there were at least three separate shootings\u201d", "type": "direct_reply"}, {"index": 18, "attribution": -0.002207208589208156, "content_attribution": 2.81644296439267e-05, "stance_attribution": -0.002235373018852082, "tweet_id": 524951346634829824, "text": "@CTVNews apparently one at the rideau centre shopping mall near the hill", "type": "direct_reply"}, {"index": 14, "attribution": -0.003461539116056746, "content_attribution": 0.0004750266053156783, "stance_attribution": -0.003936565721372424, "tweet_id": 524950277569650688, "text": "\u201c@CTVNews: #BREAKING: Ottawa police confirm there were at least three separate shootings\u201d disgusting, he needs to be caught.", "type": "direct_reply"}, {"index": 7, "attribution": -0.00709354688932822, "content_attribution": -0.00195926240128242, "stance_attribution": -0.005134284488045799, "tweet_id": 524950531174072320, "text": "@CTVNews dyk  more than 1 shooter??", "type": "direct_reply"}, {"index": 19, "attribution": -0.045892449473385666, "content_attribution": 0.0047309203340117675, "stance_attribution": -0.05062336980739744, "tweet_id": 524951759257894912, "text": "\u201c@CTVNews: #BREAKING: Ottawa police confirm there were at least three separate shootings\u201d@alixwala", "type": "direct_reply"}, {"index": 0, "attribution": -0.577706864355052, "content_attribution": 0.048027803877342456, "stance_attribution": -0.6257346682323945, "tweet_id": 524949526487265280, "text": "#BREAKING: Ottawa police confirm there were at least three separate shootings", "type": "source"}]}