{"thread_id": "524949021744713728", "gold_label": 1, "predicted_label": 0, "tweet_attributions": [{"index": 0, "attribution": 0.2327346086919609, "content_attribution": -0.04618485475074863, "stance_attribution": 0.2789194634427095, "tweet_id": 524949021744713728, "text": "Ottawa Police report a third shooting incident at the Rideau Centre. No word on injuries.", "type": "source"}, {"index": 1, "attribution": 0.0708276497943838, "content_attribution": -0.0162011517718445, "stance_attribution": 0.08702880156622829, "tweet_id": 524949575820668928, "text": "\u201c@CFRAOttawa: Ottawa Police report a third shooting incident at the Rideau Centre. No word on injuries.\u201d Next door. I'm not moving.", "type": "direct_reply"}, {"index": 4, "attribution": 0.012262555704353546, "content_attribution": -0.009100667657757825, "stance_attribution": 0.021363223362111366, "tweet_id": 524951140086325248, "text": "\u201c@CFRAOttawa: Ottawa Police report a third shooting incident at the Rideau Centre. No word on injuries.\u201d Holy fuck", "type": "direct_reply"}, {"index": 2, "attribution": -0.0001801870203105545, "content_attribution": -0.006535907636215174, "stance_attribution": 0.006355720615904617, "tweet_id": 524950274474266624, "text": "\u201c@CFRAOttawa: Ottawa Police report a third shooting incident at the Rideau Centre. No word on injuries.\u201d\ud83d\ude14\ud83d\ude14", "type": "direct_reply"}, {"index": 3, "attribution": -0.013207945856270642, "content_attribution": -0.015053410717049763, "stance_attribution": 0.0018454648607791231, "tweet_id": 524950484868943873, "text": "\u201c@CFRAOttawa: Ottawa Police report a third shooting incident at the Rideau Centre. No word on injuries.\u201dOMGG", "type": "direct_reply"}]}