{"thread_id": "524983403775799297", "gold_label": 0, "predicted_label": 0, "tweet_attributions": [{"index": 0, "attribution": 0.24243342500034187, "content_attribution": 0.057022959122603176, "stance_attribution": 0.18541046587773874, "tweet_id": 524983403775799297, "text": "Tragedy mounts as soldier shot this AM dies of his wounds in an Ottawa Hospital. Deep sympathy to his family and friends. #shooting #ottawa", "type": "source"}, {"index": 3, "attribution": 0.04476028204243056, "content_attribution": -0.018219446483193322, "stance_attribution": 0.06297972852562389, "tweet_id": 524983821444595713, "text": "@ElizabethMay remember my advice to have the Force go with you @rcmpgrcpolice : No more wandering the sticks and boonies without protection.", "type": "direct_reply"}, {"index": 1, "attribution": 0.0213250464995881, "content_attribution": -0.0036740122300223665, "stance_attribution": 0.02499905872961047, "tweet_id": 525015158364839936, "text": "@ElizabethMay this is surreal", "type": "direct_reply"}, {"index": 2, "attribution": 0.010548186862314887, "content_attribution": -0.004035096164923093, "stance_attribution": 0.01458328302723798, "tweet_id": 524983850913763329, "text": "@ElizabethMay \nCheck the #boots. \nThis could be #Montebello all over again.", "type": "direct_reply"}]}