{"thread_id": "524949306101743616", "gold_label": 1, "predicted_label": 2, "tweet_attributions": [{"index": 3, "attribution": 1.2188425387348516, "content_attribution": 0.04153523741136861, "stance_attribution": 1.177307301323483, "tweet_id": 524954177232179200, "text": "@siomo @acoyne every Cnd needs to be armed with knowledge of 20th cent. fascist ideology Islamism (not Islam). Must all work to stop in Cnd", "type": "direct_reply"}, {"index": 5, "attribution": 0.31757714435941775, "content_attribution": 0.07604798649090305, "stance_attribution": 0.24152915786851467, "tweet_id": 524955333090107392, "text": "@siomo @acoyne  as we did with Nazism. Can't fight if we minimize what it truly is. Calling it 'terrorism' or 'extremism' minimizes it", "type": "lower_reply"}, {"index": 4, "attribution": 0.0244816737350928, "content_attribution": -0.0018522092972585908, "stance_attribution": 0.02633388303235139, "tweet_id": 524955679669649408, "text": "@siomo @geraldericsson If they're radical Muslims, deport them, along with neighbors, friends, employers and Imams. Time to clean house.", "type": "direct_reply"}, {"index": 2, "attribution": 0.00433066541492472, "content_attribution": 0.00143870023163529, "stance_attribution": 0.002891965183289432, "tweet_id": 524951123023892480, "text": "@siomo Their tweet says \"near Rideau Centre,\" meaning it could be Chateau Laurier or other locations.", "type": "direct_reply"}, {"index": 1, "attribution": 0.002267013478720188, "content_attribution": 0.0017508218207791322, "stance_attribution": 0.0005161916579410556, "tweet_id": 524950796698673152, "text": "\u201c@siomo: NEW: Ottawa police reporting 3rd shooting scene, at Rideau Centre Mall, close to Parliament Hill\u201d \ud83d\ude4a\ud83d\ude40\ud83d\ude16", "type": "direct_reply"}, {"index": 6, "attribution": 0.0011227276915957774, "content_attribution": 0.0012407123130416709, "stance_attribution": -0.000117984621445894, "tweet_id": 524951523932258304, "text": "\u201c@siomo: NEW: Ottawa police reporting 3rd shooting scene, at Rideau Centre Mall, close to Parliament Hill\u201d", "type": "direct_reply"}, {"index": 7, "attribution": 0.0010412028918060207, "content_attribution": 0.0011519921604519411, "stance_attribution": -0.00011078926864592031, "tweet_id": 524950923215654912, "text": "\u201c@siomo: NEW: Ottawa police reporting 3rd shooting scene, at Rideau Centre Mall, close to Parliament Hill\u201d", "type": "direct_reply"}, {"index": 0, "attribution": -0.8803624203219997, "content_attribution": 0.09452712637041803, "stance_attribution": -0.9748895466924179, "tweet_id": 524949306101743616, "text": "NEW: Ottawa police reporting 3rd shooting scene, at Rideau Centre Mall, close to Parliament Hill", "type": "source"}]}