{"thread_id": "524981223291383809", "gold_label": 2, "predicted_label": 0, "tweet_attributions": [{"index": 0, "attribution": 0.2044959972265791, "content_attribution": 0.017364217977541743, "stance_attribution": 0.18713177924903734, "tweet_id": 524981223291383809, "text": "Ottawa Hospital confirms it has received 3 patients. 2 are in stable condition. Live blog: http://t.co/q98AMohu7T", "type": "source"}, {"index": 2, "attribution": 0.04816848496240091, "content_attribution": -0.0014230487162469447, "stance_attribution": 0.04959153367864787, "tweet_id": 524981276412219392, "text": "@cnnbrk \u062a\u0628\u064a \u064a\u0646\u0644\u062d\u0633 \u0645\u062e\u0643 \u061f \u062a\u0628\u064a \u064a\u0646\u0644\u062d\u0633 \u062e\u0634\u0645\u0643 \u061f \u062a\u0639\u0627\u0644 \u0630\u0627 \u0627\u0644\u062d\u0633\u0627\u0628 - @Question_arab", "type": "direct_reply"}, {"index": 9, "attribution": 0.012918713732053801, "content_attribution": 0.0031713733351303765, "stance_attribution": 0.009747340396923421, "tweet_id": 524988247756513280, "text": "\u201c@cnnbrk: Ottawa Hospital confirms it has received 3 patients. 2 are in stable condition. Live blog: http://t.co/kseuAHYa4R\u201d #PrayForOttawa", "type": "direct_reply"}, {"index": 1, "attribution": 0.006565845620808251, "content_attribution": 0.0007453440760305842, "stance_attribution": 0.005820501544777665, "tweet_id": 524982259523526656, "text": "RT @cnnbrk Ottawa Hospital confirms it has received 3 patients. 2 are in stable condition. Live blog: http://t.co/3zTYZzTJvJ", "type": "direct_reply"}, {"index": 6, "attribution": 0.006161730747406344, "content_attribution": -0.001064870901409669, "stance_attribution": 0.007226601648816014, "tweet_id": 524981279251771392, "text": "@cnnbrk \u064a\u0627\u0639\u064a\u0627\u0644 \u062a\u0639\u0627\u0644\u0648\u0622 \u0634\u0648\u0641\u0648\u0622 \u0648\u0634 \u0641\u064a\u0647 \u0630\u0627 \u0627\u0644\u062d\u0633\u0627\u0628 \u061f @Question_arab", "type": "direct_reply"}, {"index": 4, "attribution": 0.005475874421034279, "content_attribution": -0.0006408814882689215, "stance_attribution": 0.0061167559093032, "tweet_id": 524981311837315073, "text": "\u201c@cnnbrk: Ottawa Hospital confirms it has received 3 patients. 2 are in stable condition. Live blog: http://t.co/mJH5yVwbj4\u201d", "type": "direct_reply"}, {"index": 5, "attribution": 0.0054695546703968645, "content_attribution": 0.0010203522819245206, "stance_attribution": 0.004449202388472344, "tweet_id": 524982106611785728, "text": "\u201c@cnnbrk: Ottawa Hospital confirms it has received 3 patients. 2 are in stable condition. Live blog: http://t.co/cNKUaxeF9c\u201d @Eyezzonme", "type": "direct_reply"}, {"index": 7, "attribution": 0.005162908988197948, "content_attribution": -0.0010967684341163637, "stance_attribution": 0.006259677422314311, "tweet_id": 524981294862979072, "text": "@cnnbrk \u0627\u062f\u0639\u0645\u0648\u0648\u0648\u0646\u0627 @Question_arab", "type": "direct_reply"}, {"index": 3, "attribution": 0.004682628700494344, "content_attribution": -0.0010481697869895606, "stance_attribution": 0.0057307984874839036, "tweet_id": 524981803078389760, "text": "@cnnbrk \u062d\u0633\u0627\u0628 \u0639\u062c\u064a\u0628 \u0648\u0631\u0628\u064a \u0627\u0646\u0635\u062d\u0643\u0645 \u062a\u062a\u0627\u0628\u0639\u0648\u0648\u0648\u0647 @Question_arab", "type": "direct_reply"}, {"index": 8, "attribution": 0.0024873506549045205, "content_attribution": -0.0010823844082456988, "stance_attribution": 0.0035697350631502204, "tweet_id": 524981796883423232, "text": "@cnnbrk \u0645\u0648\u0633\u0648\u0639\u0647 \u0627\u0633\u0626\u0644\u0629 \u0644\u0639\u0627\u0644\u0645 \u062d\u0648\u0627\u0621 @Question_arab", "type": "direct_reply"}]}