{"thread_id": "524962748237889536", "gold_label": 0, "predicted_label": 2, "tweet_attributions": [{"index": 20, "attribution": 3.3669441395244823, "content_attribution": 0.03680343504733111, "stance_attribution": 3.3301407044771514, "tweet_id": 524964901585174528, "text": "@affanchowdhry This man is a hero, and should carry his gun at all times. (Said with utmost respect by an American.) @ChrisWasselTHW", "type": "direct_reply"}, {"index": 6, "attribution": 1.692203414463655, "content_attribution": 0.05692462446591903, "stance_attribution": 1.635278789997736, "tweet_id": 524966548515979265, "text": "@daveaiello @affanchowdhry @ChrisWasselTHW All Canadians should be able to carry guns after this incident.", "type": "lower_reply"}, {"index": 13, "attribution": 0.2554829587405474, "content_attribution": 0.03866613277246929, "stance_attribution": 0.21681682596807808, "tweet_id": 524969418426953728, "text": "@LyYvLa @daveaiello @affanchowdhry @ChrisWasselTHW Don't be ridiculous. We won't all be carrying guns, but no doubt higher security to come.", "type": "lower_reply"}, {"index": 10, "attribution": 0.026398135234043794, "content_attribution": 0.020147506110184586, "stance_attribution": 0.006250629123859202, "tweet_id": 524970318235176960, "text": "@LyYvLa @daveaiello @affanchowdhry @ChrisWasselTHW its time for CCW in Canada.", "type": "lower_reply"}, {"index": 4, "attribution": 0.022486415446611493, "content_attribution": -0.001513645237354406, "stance_attribution": 0.0240000606839659, "tweet_id": 524963881509482497, "text": "@affanchowdhry @RayHeard Looks like this guy is the hero of the day.", "type": "direct_reply"}, {"index": 15, "attribution": 0.0171654800421208, "content_attribution": 0.00012971716015572874, "stance_attribution": 0.017035762881965073, "tweet_id": 524969882660515840, "text": "@affanchowdhry @nickyrobertso Well done", "type": "direct_reply"}, {"index": 8, "attribution": 0.014915872746727015, "content_attribution": 0.0328160627488501, "stance_attribution": -0.017900190002123083, "tweet_id": 524966227572432896, "text": "@daveaiello @affanchowdhry Definitely...the utmost of respect and reverence.", "type": "lower_reply"}, {"index": 11, "attribution": 0.010656535112174544, "content_attribution": -0.0005051301439259324, "stance_attribution": 0.011161665256100475, "tweet_id": 524967924247707649, "text": "@affanchowdhry Congrats on your 250\u2605 tweet! http://t.co/895KU14nMf", "type": "direct_reply"}, {"index": 17, "attribution": 0.006057867849966349, "content_attribution": -0.0010971373826738238, "stance_attribution": 0.007155005232640172, "tweet_id": 524967051589611520, "text": "@affanchowdhry @DamoSpin  Deserves the Order of Canada, for putting himself in the line of fire. Saved multiple lives.", "type": "direct_reply"}, {"index": 5, "attribution": 0.0033376527447224235, "content_attribution": -0.0026204995997845103, "stance_attribution": 0.005958152344506933, "tweet_id": 524965928489213952, "text": "Real hero here. RT @affanchowdhry Kevin Vickers head of parliament security credited for taking down shooter #Ottawa http://t.co/AIQCGKsSYF", "type": "direct_reply"}, {"index": 12, "attribution": 0.0028334449050064123, "content_attribution": -0.002245194129711055, "stance_attribution": 0.005078639034717468, "tweet_id": 524964752921874433, "text": "@affanchowdhry @DamoSpin give the guy life long tax break, he's a National Hero. #Canada #cdnpoli", "type": "direct_reply"}, {"index": 9, "attribution": 0.0015461195300859347, "content_attribution": -6.245005078137528e-05, "stance_attribution": 0.0016085695808673098, "tweet_id": 524967478569734144, "text": "@affanchowdhry The Mounties always get their man. Well done.", "type": "direct_reply"}, {"index": 16, "attribution": 0.0006303315358637389, "content_attribution": -0.0004961228642343146, "stance_attribution": 0.0011264544000980535, "tweet_id": 524969982057119745, "text": "@affanchowdhry @GreatDismal Disturbing how many people want to add more guns to the equation.", "type": "direct_reply"}, {"index": 2, "attribution": 0.0006190939340133205, "content_attribution": 7.47102027308625e-05, "stance_attribution": 0.0005443837312824579, "tweet_id": 524967190362333184, "text": "@affanchowdhry @MattAdamowski Hero!", "type": "direct_reply"}, {"index": 18, "attribution": -0.00031413373889324235, "content_attribution": -0.0004524376369247846, "stance_attribution": 0.00013830389803154227, "tweet_id": 524964126779789312, "text": "@affanchowdhry @robyndoolittle A TRUE Canadian Hero!!!! God Bless and Thank You for being there!", "type": "direct_reply"}, {"index": 19, "attribution": -0.00043247400507224587, "content_attribution": 4.091758617020272e-05, "stance_attribution": -0.00047339159124244854, "tweet_id": 524964073491144704, "text": "@affanchowdhry @robyndoolittle that doesn't look like a dude that should be trifled with #Ottawa", "type": "direct_reply"}, {"index": 1, "attribution": -0.0005018663074858479, "content_attribution": 0.0002920056066409473, "stance_attribution": -0.0007938719141267956, "tweet_id": 524963603662000128, "text": "@affanchowdhry @JohnnyJesus and a damn good shot, still....", "type": "direct_reply"}, {"index": 3, "attribution": -0.0015955462339920148, "content_attribution": -0.000822630149459447, "stance_attribution": -0.0007729160845325675, "tweet_id": 524964982522671105, "text": "@affanchowdhry Captain Canada", "type": "direct_reply"}, {"index": 7, "attribution": -0.04361784232316273, "content_attribution": 0.004426776517912787, "stance_attribution": -0.04804461884107551, "tweet_id": 524970043122393089, "text": "@doug_faulkner The guy's a public figure.", "type": "lower_reply"}, {"index": 14, "attribution": -0.13203727570888996, "content_attribution": 0.0002669353444100641, "stance_attribution": -0.13230421105330004, "tweet_id": 524966972053012480, "text": "@affanchowdhry @sportsnetmurph Is it wise to ID him like this?", "type": "direct_reply"}, {"index": 0, "attribution": -0.5684865250252183, "content_attribution": 0.02039103317495796, "stance_attribution": -0.5888775582001763, "tweet_id": 524962748237889536, "text": "Kevin Vickers, head of security in parliament &amp; 29 yr vet of RCMP. Being credited for taking down shooter #Ottawa http://t.co/LpAUkIqwvi", "type": "source"}]}