{"thread_id": "524975847846203393", "gold_label": 0, "predicted_label": 0, "tweet_attributions": [{"index": 0, "attribution": 0.209375866103175, "content_attribution": 0.025552621782832192, "stance_attribution": 0.18382324432034278, "tweet_id": 524975847846203393, "text": "NHL says date of rescheduled game TBD. NHL  ``wishes to express its sympathy and prayers to all affected by the tragic events in Ottawa''", "type": "source"}, {"index": 2, "attribution": 0.05765408315503828, "content_attribution": 0.005555711683687003, "stance_attribution": 0.052098371471351296, "tweet_id": 524976082576228352, "text": "@Real_ESPNLeBrun a little surprised they just didnt move it to tomorrow, but it shouldnt be too hard for these 2 teams to find a mutual date", "type": "direct_reply"}, {"index": 5, "attribution": 0.02048183016106394, "content_attribution": 0.005880444289704375, "stance_attribution": 0.014601385871359566, "tweet_id": 524976034383290368, "text": "@Real_ESPNLeBrun Definitely the right call.", "type": "direct_reply"}, {"index": 4, "attribution": 0.0031582985151960316, "content_attribution": -0.007083464784240037, "stance_attribution": 0.01024176329943607, "tweet_id": 524976165178470401, "text": "@Real_ESPNLeBrun My thoughts and prayers to Ottawa including the soldier who survived. Our lord and savior was there for him #PrayForOttawa", "type": "direct_reply"}, {"index": 1, "attribution": 0.0019212870456448796, "content_attribution": -0.003105905493144687, "stance_attribution": 0.0050271925387895666, "tweet_id": 524977137670164482, "text": "@Real_ESPNLeBrun thank you NHL.", "type": "direct_reply"}, {"index": 3, "attribution": -0.003261520379241442, "content_attribution": -0.003216379531294868, "stance_attribution": -4.5140847946576823e-05, "tweet_id": 524976420574216192, "text": "@Real_ESPNLeBrun dois \u00eatre vraiment stressant pour les joueurs \u00e0 l'h\u00f4tel et leur famille", "type": "direct_reply"}]}