{"thread_id": "524975552638504960", "gold_label": 0, "predicted_label": 2, "tweet_attributions": [{"index": 0, "attribution": 0.1451309365556309, "content_attribution": -0.0472223139311246, "stance_attribution": 0.19235325048675544, "tweet_id": 524975552638504960, "text": "BREAKING: NHL postpones tonight's Senators-Leafs game in Ottawa", "type": "source"}, {"index": 10, "attribution": 0.0613856406583383, "content_attribution": -0.0013997917405749079, "stance_attribution": 0.06278543239891321, "tweet_id": 524981227171090433, "text": "@hockeynight @SamDFriedman The absolute correct move. Let Ottawa heal and play some other time.", "type": "direct_reply"}, {"index": 9, "attribution": 0.007325885583228033, "content_attribution": 0.0014898197247064774, "stance_attribution": 0.005836065858521556, "tweet_id": 524976463036964864, "text": "@hockeynight well done @NHL #staystrongCanada #CanadaStrong #StandtallCanada", "type": "direct_reply"}, {"index": 2, "attribution": 0.0029661344573865675, "content_attribution": -0.004188503294559363, "stance_attribution": 0.007154637751945929, "tweet_id": 524975678601850880, "text": "@hockeynight Smart Move", "type": "direct_reply"}, {"index": 7, "attribution": 0.002840901694030803, "content_attribution": -0.003723830937704432, "stance_attribution": 0.006564732631735238, "tweet_id": 524976860967763968, "text": "\u201c@hockeynight: BREAKING: NHL postpones tonight's Senators-Leafs game in Ottawa\u201d the right thing to do \ud83d\udc4c", "type": "direct_reply"}, {"index": 8, "attribution": 0.0025750713847479496, "content_attribution": -0.0015219461180981631, "stance_attribution": 0.0040970175028461125, "tweet_id": 525079936537993217, "text": "\u201c@hockeynight: BREAKING: NHL postpones tonight's Senators-Leafs game in Ottawa\u201d you know Canada is hurting. Postponing Hockey never happens!", "type": "direct_reply"}, {"index": 4, "attribution": 0.0005984204779777117, "content_attribution": -0.004151193999331204, "stance_attribution": 0.004749614477308914, "tweet_id": 525004255267405825, "text": "\u201c@hockeynight: BREAKING: NHL postpones tonight's Senators-Leafs game in Ottawa\u201d", "type": "direct_reply"}, {"index": 5, "attribution": 0.0003760512574651192, "content_attribution": -0.0015153519281261981, "stance_attribution": 0.0018914031855913208, "tweet_id": 525011929639550976, "text": "@hockeynight our thoughts and prayers to Ottawa.", "type": "direct_reply"}, {"index": 1, "attribution": -0.004148931527274954, "content_attribution": -0.0017817712403293694, "stance_attribution": -0.0023671602869455876, "tweet_id": 524976549020594176, "text": "Prayers going up to everyone in Ottawa. \u201c@hockeynight: BREAKING: NHL postpones tonight's Senators-Leafs game in Ottawa\u201d", "type": "direct_reply"}, {"index": 3, "attribution": -0.006808212648784525, "content_attribution": 0.001001019941546106, "stance_attribution": -0.007809232590330634, "tweet_id": 524998058296487936, "text": "@hockeynight As they should have. #Ottawa", "type": "direct_reply"}, {"index": 6, "attribution": -0.013434731543316094, "content_attribution": -0.007998468817334424, "stance_attribution": -0.005436262725981669, "tweet_id": 524975897179602945, "text": "\u201c@hockeynight: BREAKING: NHL postpones tonight's Senators-Leafs game in Ottawa\u201d glad they did this, wouldn't have been respectful to play.", "type": "direct_reply"}]}