{"thread_id": "524961721744900097", "gold_label": 0, "predicted_label": 2, "tweet_attributions": [{"index": 20, "attribution": 2.96276592426166, "content_attribution": 0.027638536143604467, "stance_attribution": 2.9351273881180555, "tweet_id": 524974145583345665, "text": "@nikkivancouver @CBCAlerts ive only hears several times he was shot dead. But would be wonderful if they are wrong", "type": "lower_reply"}, {"index": 2, "attribution": 1.8780599693439863, "content_attribution": -0.014301090664437622, "stance_attribution": 1.8923610600084237, "tweet_id": 525178631208075264, "text": "@Curlyloxxx @CBCAlerts At the time I posted Cpl Cirillo was alive. Unfortunately we know now he passed away. I, as many, am heartbroken.", "type": "lower_reply"}, {"index": 13, "attribution": 1.6154598448332327, "content_attribution": 0.025294078731445777, "stance_attribution": 1.5901657661017867, "tweet_id": 524965802647519232, "text": "@TundraGlobal @2010redmittens @CBCAlerts Just announced that the soldier has succumbed to his injuries.", "type": "lower_reply"}, {"index": 22, "attribution": 1.2122413569903943, "content_attribution": 0.03102759232404729, "stance_attribution": 1.1812137646663472, "tweet_id": 524966142654578688, "text": "@FletJan @2010redmittens @CBCAlerts May he rest in peace.\n\nSad. No other words. Just sad.", "type": "lower_reply"}, {"index": 23, "attribution": 1.0450185616180567, "content_attribution": 0.011366581566413615, "stance_attribution": 1.0336519800516433, "tweet_id": 524962458864476161, "text": "@CBCAlerts and is alive, per latest update.", "type": "direct_reply"}, {"index": 3, "attribution": 0.6365403942991191, "content_attribution": 0.042322382629628535, "stance_attribution": 0.5942180116694905, "tweet_id": 524965639677825024, "text": "@FletJan @2010redmittens @CBCAlerts Thank you for the update.", "type": "lower_reply"}, {"index": 19, "attribution": 0.24780824885143538, "content_attribution": 0.0024354420873660063, "stance_attribution": 0.2453728067640693, "tweet_id": 525244532929994752, "text": "@nikkivancouver @CBCAlerts  it is so incredibly sad. I have a son named Nathan around  the same age. My heart goes out to his family.", "type": "lower_reply"}, {"index": 15, "attribution": 0.07540509155181738, "content_attribution": 0.05229669132771201, "stance_attribution": 0.02310840022410537, "tweet_id": 524969490149560321, "text": "@2010redmittens @UncleRee1 @TundraGlobal @FletJan @CBCAlerts \nWhy are we paying attention to anything Kenney has to say?Is he the Deputy PM?", "type": "lower_reply"}, {"index": 10, "attribution": 0.013367026900945812, "content_attribution": -0.0004839117428161439, "stance_attribution": 0.013850938643761952, "tweet_id": 524963431821377537, "text": "MT \u201c@CBCAlerts: soldier who was shot at #Ottawa's War Memorial is a reservist serving with the Argyll and Sutherland Highlanders in #HamOnt\u201d", "type": "direct_reply"}, {"index": 18, "attribution": 0.00868734221223157, "content_attribution": 0.0058624107752794155, "stance_attribution": 0.002824931436952155, "tweet_id": 524962763362144256, "text": "@CBCAlerts pls tell us how our soldier is doing? Please tell us he will be allright. #cdnpoli #ottawa", "type": "direct_reply"}, {"index": 5, "attribution": 0.0029152050810021136, "content_attribution": 0.01497193172518019, "stance_attribution": -0.01205672664417808, "tweet_id": 524965242691141632, "text": "@2010redmittens @TundraGlobal @CBCAlerts The soldier is a member of the Argyle &amp; Sutherland Highlanders from Hamilton.  No word yet.", "type": "lower_reply"}, {"index": 6, "attribution": 0.002739293068538289, "content_attribution": 0.059490848266048627, "stance_attribution": -0.056751555197510344, "tweet_id": 524968554131898368, "text": "@TundraGlobal @FletJan @CBCAlerts Leslie on Global just retracted tht! Soldier is still alive! Jason kenny twt misunderstanding of some sort", "type": "lower_reply"}, {"index": 21, "attribution": 0.0015716075655695418, "content_attribution": -0.0008552652739916939, "stance_attribution": 0.0024268728395612357, "tweet_id": 524963568534700032, "text": "@CBCAlerts @CBCNews Hope he is going to be OK.", "type": "direct_reply"}, {"index": 9, "attribution": 0.0014719911668789475, "content_attribution": -0.0007883393063807733, "stance_attribution": 0.002260330473259721, "tweet_id": 524962305571033089, "text": "@CBCAlerts @stephenlautens He is one of yours!", "type": "direct_reply"}, {"index": 14, "attribution": 0.0013383103533246867, "content_attribution": -2.282937944193784e-05, "stance_attribution": 0.0013611397327666242, "tweet_id": 524963597454438400, "text": "@CBCAlerts @Y108Rocks jesus", "type": "direct_reply"}, {"index": 17, "attribution": 0.001115497388326427, "content_attribution": 1.7130793351165118e-05, "stance_attribution": 0.0010983665949752621, "tweet_id": 524962170166317056, "text": "@CBCAlerts my thoughts and prayers and with him and his family", "type": "direct_reply"}, {"index": 16, "attribution": 0.0007689789272858894, "content_attribution": -0.00019359960916951385, "stance_attribution": 0.0009625785364554031, "tweet_id": 524962533472731137, "text": "@CBCAlerts @CBCTheNational NationalPost reported him as deceased but I hope they are wrong.", "type": "direct_reply"}, {"index": 11, "attribution": -0.0003259420372685593, "content_attribution": -0.0014114856620591433, "stance_attribution": 0.0010855436247905843, "tweet_id": 524967988114755584, "text": "@CBCAlerts @kshaidle Jason Kenney said deceased. RIP  dear soldier.", "type": "direct_reply"}, {"index": 12, "attribution": -0.0003756972399347029, "content_attribution": 0.00014542102668753176, "stance_attribution": -0.0005211182666222346, "tweet_id": 524967314262081536, "text": "@CBCAlerts @CBCTheNational according to reports on Twitter the soldier has passed away", "type": "direct_reply"}, {"index": 8, "attribution": -0.0018044505108582558, "content_attribution": 0.002383835650796026, "stance_attribution": -0.004188286161654281, "tweet_id": 524973909930569728, "text": "@JakeWideman @CBCAlerts @ArponBasu apparently he has been shot dead :-(", "type": "lower_reply"}, {"index": 7, "attribution": -0.0031092584706747745, "content_attribution": -0.002879781738827776, "stance_attribution": -0.00022947673184699866, "tweet_id": 524964096886599681, "text": "@CBCAlerts has his family been notified?", "type": "direct_reply"}, {"index": 1, "attribution": -0.014420754860943494, "content_attribution": 0.0008467702966340467, "stance_attribution": -0.01526752515757754, "tweet_id": 524965748268343296, "text": "\u201c@CBCAlerts: Canadian soldier shot at #Ottawa's War Memorial is a reservist serving w/ Argyll and Sutherland Highlanders in #Hamilton, Ont.\u201d", "type": "direct_reply"}, {"index": 4, "attribution": -0.023128345564247373, "content_attribution": 0.004028513901709612, "stance_attribution": -0.027156859465956987, "tweet_id": 524962161026924544, "text": "@CBCAlerts @ArponBasu Is he ok? American news sources say he was killed but I have not seen any Canadian reports indicating his condition.", "type": "direct_reply"}, {"index": 0, "attribution": -0.11017912501750023, "content_attribution": 0.022587928097565605, "stance_attribution": -0.13276705311506581, "tweet_id": 524961721744900097, "text": "Canadian soldier who was shot at #Ottawa's War Memorial is a reservist serving with the Argyll and Sutherland Highlanders in #Hamilton, Ont.", "type": "source"}]}