{"thread_id": "524950584349454337", "gold_label": 0, "predicted_label": 0, "tweet_attributions": [{"index": 0, "attribution": 0.13323177729986524, "content_attribution": -0.031618040795978936, "stance_attribution": 0.16484981809584418, "tweet_id": 524950584349454337, "text": "VIDEO Just on CBC NN: @globeandmail video showing shots fired inside Parliament Hill. #cdnpoli http://t.co/jT71xTmLEt http://t.co/qLQGMLA6ZT", "type": "source"}, {"index": 4, "attribution": 0.05548869514406456, "content_attribution": 0.00584030897261826, "stance_attribution": 0.04964838617144631, "tweet_id": 524953398404055041, "text": "Scary day in Canada.@CBCTheNational @globeandmail", "type": "direct_reply"}, {"index": 5, "attribution": 0.013031283992007125, "content_attribution": -0.00559060470009941, "stance_attribution": 0.018621888692106535, "tweet_id": 524956572200730625, "text": "@CBCTheNational @globeandmail Salute the Guard who was shot at tomb of the unknown solder, It's time we Canadians start being more #Vigilant", "type": "direct_reply"}, {"index": 2, "attribution": 0.01106931294945607, "content_attribution": -0.00020656820334017924, "stance_attribution": 0.011275881152796253, "tweet_id": 524952589356785665, "text": "@CBCTheNational this is really chilling.", "type": "direct_reply"}, {"index": 1, "attribution": 0.007358082932554525, "content_attribution": -0.0011241093673091493, "stance_attribution": 0.008482192299863673, "tweet_id": 524952230362116096, "text": "@CBCTheNational @CBCPEI @globeandmail", "type": "direct_reply"}, {"index": 6, "attribution": 0.00412662258250629, "content_attribution": -0.0007693020109316132, "stance_attribution": 0.004895924593437904, "tweet_id": 524951512976723968, "text": "@CBCTheNational @cbcnewsbc @globeandmail", "type": "direct_reply"}, {"index": 7, "attribution": -0.005423443190933239, "content_attribution": -0.006348904331737838, "stance_attribution": 0.0009254611408045978, "tweet_id": 524951514561802240, "text": "@CBCTheNational @cbcnewsbc @globeandmail That is absolutely terrifying to see that happen in such an emblematic place.", "type": "direct_reply"}, {"index": 3, "attribution": -0.02221112671524362, "content_attribution": -0.0037628592434152197, "stance_attribution": -0.0184482674718284, "tweet_id": 524952845024780289, "text": "@CBCTheNational l irac and syria embassy? What are they saying?", "type": "direct_reply"}]}