{"thread_id": "524938857180303360", "gold_label": 0, "predicted_label": 2, "tweet_attributions": [{"index": 0, "attribution": 0.48987530728132567, "content_attribution": 0.08945978381676176, "stance_attribution": 0.400415523464564, "tweet_id": 524938857180303360, "text": "UPDATE | Shots were fired inside Parliament Hill and gun fire was exchanged with hill security. #cbcOTT #OTTnews", "type": "source"}, {"index": 4, "attribution": 0.17989782448606742, "content_attribution": 0.014515479752720294, "stance_attribution": 0.16538234473334715, "tweet_id": 524940417394282496, "text": "@CBCOttawa I just heard that the soldier has died.", "type": "direct_reply"}, {"index": 1, "attribution": 0.03347241944283088, "content_attribution": 0.015553081469371946, "stance_attribution": 0.017919337973458932, "tweet_id": 524939037480853504, "text": "\u201c@CBCOttawa: UPDATE | Shots were fired inside Parliament Hill and gun fire was exchanged with hill security. #cbcOTT #OTTnews\u201d", "type": "direct_reply"}, {"index": 2, "attribution": 0.02710325109678366, "content_attribution": 0.011913365218582246, "stance_attribution": 0.015189885878201413, "tweet_id": 524940097914167296, "text": "@CBCOttawa I believe the soldier had died", "type": "direct_reply"}, {"index": 3, "attribution": 0.0038626454547747743, "content_attribution": 0.007617970408860165, "stance_attribution": -0.0037553249540853897, "tweet_id": 524943363683123200, "text": "\u201c@CBCOttawa: UPDATE | Shots were fired inside Parliament Hill and gun fire was exchanged with hill security. #cbcOTT #OTTnews\u201d OMG!", "type": "direct_reply"}]}