{"thread_id": "524944881941495809", "gold_label": 0, "predicted_label": 2, "tweet_attributions": [{"index": 4, "attribution": 3.3023375726396327, "content_attribution": 0.023801874421426086, "stance_attribution": 3.2785356982182066, "tweet_id": 524952789135261696, "text": "super scary @CBCNews @Jmyers01 glad you are now where near parliament Janice !", "type": "direct_reply"}, {"index": 8, "attribution": 2.194464451458711, "content_attribution": 0.029624192323246926, "stance_attribution": 2.1648402591354636, "tweet_id": 525013749535887360, "text": "@Karensreal all safe and away from the downtown lockdown but wish we knew if there is another shooter out there.", "type": "lower_reply"}, {"index": 2, "attribution": 0.07011661816277504, "content_attribution": 0.0019942423944963325, "stance_attribution": 0.0681223757682787, "tweet_id": 524946411088248832, "text": "@CBCNews How does someone with a long rifle manage to brazenly walk to the war memorial or the hill without being wrestled down by someone.", "type": "direct_reply"}, {"index": 19, "attribution": 0.032668856826035195, "content_attribution": 0.022171497817310568, "stance_attribution": 0.010497359008724626, "tweet_id": 524953424186839041, "text": "\u201c@CBCNews: UPDATE: Attacker shot dead in Parliament after soldier shot at War Memorial http://t.co/ztHwla2qSp. Thank God!", "type": "direct_reply"}, {"index": 13, "attribution": 0.01726287105727045, "content_attribution": 0.00034415076177863365, "stance_attribution": 0.016918720295491817, "tweet_id": 524946673722982400, "text": "@CBCNews @CBC this is gut wrenching...", "type": "direct_reply"}, {"index": 10, "attribution": 0.015870816021563015, "content_attribution": -0.0002716323129461456, "stance_attribution": 0.016142448334509164, "tweet_id": 524945878076100608, "text": "@CBCNews #OttawaShooting", "type": "direct_reply"}, {"index": 16, "attribution": 0.013223180705410462, "content_attribution": 0.004606909224317602, "stance_attribution": 0.008616271481092858, "tweet_id": 525013336795402242, "text": "@ctpministries @CBCNews Its very serious matter of security breach as attack is on temple of democracy Parl should be strongly cordoned", "type": "lower_reply"}, {"index": 6, "attribution": 0.012552434856122058, "content_attribution": 0.03397255735835947, "stance_attribution": -0.02142012250223741, "tweet_id": 525449352962408450, "text": "@Paulkezza @CBCNews if only captured Isis could be entered into UFC. Could try to beat the crazy outta them. Could try very hard. . .", "type": "lower_reply"}, {"index": 7, "attribution": 0.008660941687550692, "content_attribution": 0.0009755985432384913, "stance_attribution": 0.007685343144312199, "tweet_id": 524951372161380352, "text": "@CBCNews It's not write solgers are there to help us and protect our Country !", "type": "direct_reply"}, {"index": 1, "attribution": 0.005283638968080732, "content_attribution": 0.006441096821437482, "stance_attribution": -0.0011574578533567522, "tweet_id": 524953632761196544, "text": "@LeslieAllain Apparently more than one shooter.", "type": "lower_reply"}, {"index": 14, "attribution": 0.0031395953822751553, "content_attribution": 0.00045051648526159326, "stance_attribution": 0.0026890788970135616, "tweet_id": 524952561888276480, "text": "\u201c@CBCNews: UPDATE: Attacker shot dead in Parliament after soldier shot at War Memorial\"", "type": "direct_reply"}, {"index": 17, "attribution": 0.002934145566499548, "content_attribution": -0.0011654389418115259, "stance_attribution": 0.004099584508311074, "tweet_id": 524945388487606272, "text": "@CBCNews @ABBestphotos NICE ONE", "type": "direct_reply"}, {"index": 5, "attribution": 0.0026448807744849498, "content_attribution": -9.247777304729403e-05, "stance_attribution": 0.002737358547532244, "tweet_id": 524949803130966016, "text": "@CBCNews good lord.", "type": "direct_reply"}, {"index": 11, "attribution": 0.002189020163544778, "content_attribution": -0.00017210366423226606, "stance_attribution": 0.0023611238277770437, "tweet_id": 524953566604427264, "text": "@CBCNews hope it was a slow, painful death. try to look surprised when you're greeted in the afterlife not by 72 virgins but by satan.", "type": "direct_reply"}, {"index": 18, "attribution": 0.0014813777678591399, "content_attribution": 0.00039087609393814087, "stance_attribution": 0.0010905016739209989, "tweet_id": 524945766167875584, "text": "@CBCNews @GCGATOR24 fantastic  !!!", "type": "direct_reply"}, {"index": 3, "attribution": 0.0011605917993179208, "content_attribution": -0.0008912636259026823, "stance_attribution": 0.002051855425220603, "tweet_id": 524946610795470848, "text": "@CBCNews @CBC The Canadians are showing us how to nip it in the bud.", "type": "direct_reply"}, {"index": 12, "attribution": 0.0008316685481536246, "content_attribution": -0.0006972007162038445, "stance_attribution": 0.001528869264357469, "tweet_id": 524952953485295617, "text": "@CBCNews #soldier thank u to all soldiers and police officers who try to keep us safe.  May God look after u and keep u safe.", "type": "direct_reply"}, {"index": 20, "attribution": -0.0004778005231650837, "content_attribution": -0.00023763829804339138, "stance_attribution": -0.00024016222512169246, "tweet_id": 524952501926526977, "text": "\u201c@CBCNews: UPDATE: Attacker shot dead in Parliament after soldier shot at War Memorial http://t.co/3Y511XEQqm #OttawaShooting", "type": "direct_reply"}, {"index": 22, "attribution": -0.0035736864392098126, "content_attribution": -0.001520050511151655, "stance_attribution": -0.0020536359280581584, "tweet_id": 524946916640292865, "text": "@CBCNews #isis related or extreme Muslim!", "type": "direct_reply"}, {"index": 9, "attribution": -0.006581673938780423, "content_attribution": 0.0005265970487818811, "stance_attribution": -0.007108270987562304, "tweet_id": 524946724465692672, "text": "Podiam chamar a Dilma pra negociar \u201c@CBCNews: Attacker shot dead in Parliament after soldier shot at War Memorial http://t.co/7McMv3a5KL", "type": "direct_reply"}, {"index": 21, "attribution": -0.012041489997151662, "content_attribution": 0.052378146629911776, "stance_attribution": -0.06441963662706345, "tweet_id": 525014967087398913, "text": "@Jmyers01 oh seriously I am reading everything online it is unclear from the reports exactly how many, two or three or just 1 they killed ?", "type": "lower_reply"}, {"index": 15, "attribution": -0.030945110744793104, "content_attribution": 0.007742094361948128, "stance_attribution": -0.03868720510674123, "tweet_id": 524951615292592128, "text": "@CBCNews kill all these Isis bastards", "type": "direct_reply"}, {"index": 0, "attribution": -0.643794187545285, "content_attribution": 0.08025144045097632, "stance_attribution": -0.7240456279962614, "tweet_id": 524944881941495809, "text": "UPDATE: Attacker shot dead in Parliament after soldier shot at War Memorial http://t.co/pp6hcfWcRw #OttawaShooting http://t.co/tx8j82FOYc", "type": "source"}]}