{"thread_id": "524926279309860864", "gold_label": 0, "predicted_label": 2, "tweet_attributions": [{"index": 3, "attribution": 3.1497270723752027, "content_attribution": 0.03951918628728098, "stance_attribution": 3.1102078860879216, "tweet_id": 524927667297320960, "text": "@BBCBreaking stop killing baby seals please Canada they belong to the world!", "type": "direct_reply"}, {"index": 22, "attribution": 1.8262557557453336, "content_attribution": 0.034904759504817855, "stance_attribution": 1.7913509962405154, "tweet_id": 524942176888057856, "text": "@jamesalvahaye @BBCBreaking Stop your Gun-Man and I will stop Canada  from clubbing the babies seals. Deal?", "type": "lower_reply"}, {"index": 2, "attribution": 0.27455079945787686, "content_attribution": -0.025523264240325305, "stance_attribution": 0.3000740636982021, "tweet_id": 524929484022378496, "text": "@BBCBreaking I'm guessing they ran out of beer \"A\"", "type": "direct_reply"}, {"index": 20, "attribution": 0.08409233662589713, "content_attribution": 0.021184524153106146, "stance_attribution": 0.06290781247279102, "tweet_id": 524942959167291392, "text": "@Derrah @jamesalvahaye @BBCBreaking Hey man, you gotta be consistent with your message, even if it seems asinine #saveonlythecutethings", "type": "lower_reply"}, {"index": 13, "attribution": 0.05621244023531648, "content_attribution": 0.06983541569075183, "stance_attribution": -0.013622975455435343, "tweet_id": 525070230931140608, "text": "@Thiraya_photo @BBCBreaking and morn you should! My comment was not meant to disrespect a fallen solider.", "type": "lower_reply"}, {"index": 9, "attribution": 0.03897148434859661, "content_attribution": 0.01748018874572217, "stance_attribution": 0.02149129560287444, "tweet_id": 524929527873802240, "text": "@sophie__malik @BBCBreaking I agree!", "type": "lower_reply"}, {"index": 18, "attribution": 0.02058150274952861, "content_attribution": 0.019636522421510445, "stance_attribution": 0.0009449803280181647, "tweet_id": 525513576510156800, "text": "This was @BBCBreaking's first tweet when the story broke; tragically, Cpl #NathanCirillo died of his injuries. @robynlogan94 @sophie__malik", "type": "lower_reply"}, {"index": 23, "attribution": 0.01781962279842681, "content_attribution": -0.00045204756632393395, "stance_attribution": 0.018271670364750747, "tweet_id": 524928419159883776, "text": "@BBCBreaking I used to feel so safe when I lived in Ottawa! It seems no where is safe these days from terrorism. It's a sad time we live in", "type": "direct_reply"}, {"index": 16, "attribution": 0.014938990016949651, "content_attribution": -6.637144989196242e-05, "stance_attribution": 0.015005361466841612, "tweet_id": 524927286504849409, "text": "@BBCBreaking shots fired INSIDE the Centre Block of Parliament. Staff and MPs are in lockdown.", "type": "direct_reply"}, {"index": 6, "attribution": 0.009814366035844346, "content_attribution": 9.627206222427446e-05, "stance_attribution": 0.00971809397362007, "tweet_id": 524926518787858432, "text": "\u201c@BBCBreaking: Shots are fired outside Canadian parliament in Ottawa and a soldier is wounded, local media report http://t.co/S26D8pOyjn\u201d", "type": "direct_reply"}, {"index": 17, "attribution": 0.005826469212822674, "content_attribution": -0.0010916048323651112, "stance_attribution": 0.0069180740451877856, "tweet_id": 524926671485272064, "text": "@BBCBreaking that's a worry shots on outside , are not the communists in side shooting there best call", "type": "direct_reply"}, {"index": 11, "attribution": 0.004858651381029764, "content_attribution": 0.000732825837248505, "stance_attribution": 0.004125825543781259, "tweet_id": 524926694646222848, "text": "@BBCBreaking jkow-jk, jng me naikkan harga BBM,,konsekwen,,masyarakat tdk  memerlukan ideku,,,, Jangan me naikkan BBM http://t.co/lQIcekm0Jz", "type": "direct_reply"}, {"index": 12, "attribution": 0.004483596686255763, "content_attribution": -0.0006435986352242518, "stance_attribution": 0.0051271953214800155, "tweet_id": 524928720042483714, "text": "@BBCBreaking \u00bfin Canada? That's amazing !!", "type": "direct_reply"}, {"index": 21, "attribution": -8.33793162192302e-05, "content_attribution": -0.00033222815715910166, "stance_attribution": 0.00024884884093987137, "tweet_id": 524926771842793472, "text": "@BBCBreaking when did canada turn so violent", "type": "direct_reply"}, {"index": 4, "attribution": -0.0001957794521239962, "content_attribution": 0.00034912285125746957, "stance_attribution": -0.0005449023033814657, "tweet_id": 524926673188581376, "text": "@BBCBreaking whats it all aboot", "type": "direct_reply"}, {"index": 1, "attribution": -0.00035599246352514173, "content_attribution": 1.4292544623314334e-05, "stance_attribution": -0.000370285008148456, "tweet_id": 524927396290756609, "text": "#AttackInOttawa\n@BBCBreaking: Shots  outside Cndn parliament in #Ottawa and a soldier is wounded, local media report\nhttp://t.co/iyGmtDPqYI", "type": "direct_reply"}, {"index": 14, "attribution": -0.0012908945338081475, "content_attribution": -0.0013974382991567707, "stance_attribution": 0.00010654376534862322, "tweet_id": 524927198461820928, "text": "@BBCBreaking \nNo #Muslims plz", "type": "direct_reply"}, {"index": 8, "attribution": -0.001954356305858519, "content_attribution": -0.0005027657025754569, "stance_attribution": -0.0014515906032830624, "tweet_id": 524926899890704384, "text": "@BBCBreaking Reports are that Sidney Crosby is being blamed", "type": "direct_reply"}, {"index": 10, "attribution": -0.0027424975535074226, "content_attribution": -9.482442823617325e-05, "stance_attribution": -0.002647673125271249, "tweet_id": 524926553395040256, "text": "\u201c@BBCBreaking: Shots fired outside Canadian parliament in Ottawa, soldier is wounded, local media report http://t.co/kdJX343RYs\u201d WTF CANADA", "type": "direct_reply"}, {"index": 15, "attribution": -0.004562232071252294, "content_attribution": -0.001334725719751174, "stance_attribution": -0.003227506351501121, "tweet_id": 524929369756942336, "text": "@BBCBreaking Canada is supposed to be a happy place -__-", "type": "direct_reply"}, {"index": 19, "attribution": -0.00770649406933196, "content_attribution": 0.0035000548828894996, "stance_attribution": -0.01120654895222146, "tweet_id": 524926458515697664, "text": "@BBCBreaking what's going on with Canada lately, it's usually so quiet over there", "type": "direct_reply"}, {"index": 7, "attribution": -0.012680610160416004, "content_attribution": 0.04482345389496255, "stance_attribution": -0.05750406405537854, "tweet_id": 525049411672735745, "text": "@LeoHainey @BBCBreaking it's \"eh\"... some of us are sober in #canada. A 24-year-old father &amp; soldier died today. Our nation will morn him.", "type": "lower_reply"}, {"index": 5, "attribution": -0.014351614110816514, "content_attribution": -0.0003552304075227535, "stance_attribution": -0.013996383703293761, "tweet_id": 524930368710144000, "text": "@CrystalMacIntos @BBCBreaking you got a point", "type": "lower_reply"}, {"index": 0, "attribution": -0.491791911210046, "content_attribution": 0.07978878496762161, "stance_attribution": -0.5715806961776677, "tweet_id": 524926279309860864, "text": "Shots are fired outside Canadian parliament in Ottawa and a soldier is wounded, local media report http://t.co/Ygpjna1CRG", "type": "source"}]}