{"thread_id": "524946179390701568", "gold_label": 0, "predicted_label": 0, "tweet_attributions": [{"index": 0, "attribution": 0.10666891240404386, "content_attribution": -0.025253634702771012, "stance_attribution": 0.13192254710681486, "tweet_id": 524946179390701568, "text": "LATEST UPDATE: Attacker shot dead in Parliament after soldier shot at National War Memorial http://t.co/pp6hcfWcRw http://t.co/HxODwIZfj6", "type": "source"}, {"index": 7, "attribution": 0.046486716464546815, "content_attribution": 0.014997296547104038, "stance_attribution": 0.03148941991744278, "tweet_id": 524948057834545155, "text": "@CBCNews bet he's a Muslim convert", "type": "direct_reply"}, {"index": 3, "attribution": 0.020537111900411163, "content_attribution": 0.002634455424999122, "stance_attribution": 0.01790265647541204, "tweet_id": 524950429487345664, "text": "\u201c@CBCNews: LATEST UPDATE: Attacker shot dead in Parliament after soldier shot at National War Memorial http://t.co/3Y511XEQqm", "type": "direct_reply"}, {"index": 10, "attribution": 0.01754285080919927, "content_attribution": -0.000825251365433384, "stance_attribution": 0.01836810217463265, "tweet_id": 524949450557771776, "text": "@CBCNews Greenwald: Canada, At War For 13 Years, Shocked That \u2018A Terrorist\u2019 Attacked Its Soldiers http://t.co/tapy7HBoSW", "type": "direct_reply"}, {"index": 11, "attribution": 0.012035532827644364, "content_attribution": -0.004265155689751783, "stance_attribution": 0.016300688517396144, "tweet_id": 524946719562555392, "text": "Stay safe, Ottawa. RT @CBCNews - UPDATE: Attacker shot dead in Parliament after soldier shot at National War Memorial http://t.co/WWeG0eQIeJ", "type": "direct_reply"}, {"index": 12, "attribution": 0.010875003044803735, "content_attribution": 0.0005303895997129442, "stance_attribution": 0.010344613445090791, "tweet_id": 524946561986736128, "text": "#CBCNN #tunein RT @CBCNews: UPDATE: Attacker shot dead in Parliament after soldier shot at National War Memorial http://t.co/oyBRIcFU7x", "type": "direct_reply"}, {"index": 4, "attribution": 0.009755987919348404, "content_attribution": 0.005912894203594686, "stance_attribution": 0.003843093715753718, "tweet_id": 524954772252917760, "text": "@CBCNews please spread the word to not display or tell police positions and police doings.  #KeepATightLidMedia thank you.", "type": "direct_reply"}, {"index": 1, "attribution": 0.005449958526519179, "content_attribution": -0.0008320903521991832, "stance_attribution": 0.006282048878718365, "tweet_id": 524948371933790208, "text": "@CBCNews perhaps reporters and witnesses should not reveal where MPs and the PM have taken cover. Too much info", "type": "direct_reply"}, {"index": 8, "attribution": 0.0007660900759036608, "content_attribution": -0.0068836907370336264, "stance_attribution": 0.007649780812937286, "tweet_id": 524946394998915073, "text": "@CBCNews Good.", "type": "direct_reply"}, {"index": 5, "attribution": -0.0033385323493092395, "content_attribution": 0.002571315176755117, "stance_attribution": -0.005909847526064355, "tweet_id": 524947370044588032, "text": "@CBCNews hopefully there were no other gunmen!", "type": "direct_reply"}, {"index": 9, "attribution": -0.005209535369120643, "content_attribution": 0.0015320712150781422, "stance_attribution": -0.006741606584198784, "tweet_id": 524952480367792128, "text": "@CBCNews #soldier thank God one shooter down. How many more?   Get them all!!! Why do u come to Canada??  Keep away from us!", "type": "direct_reply"}, {"index": 6, "attribution": -0.023289235925231758, "content_attribution": -0.013247996805465023, "stance_attribution": -0.01004123911976674, "tweet_id": 524948010653200384, "text": "@CBCNews @JSB_FOX still working on clearing building. Possible others.", "type": "direct_reply"}, {"index": 2, "attribution": -0.027036270026163295, "content_attribution": -0.0003725193456691339, "stance_attribution": -0.026663750680494158, "tweet_id": 524947400000303104, "text": "@CBCNews with him dead how do u know how many mor there r &amp; what nex can we expect!!!!??????", "type": "direct_reply"}]}