{"thread_id": "524935345998422016", "gold_label": 2, "predicted_label": 2, "tweet_attributions": [{"index": 0, "attribution": 0.09050572891111644, "content_attribution": -0.05592871448205513, "stance_attribution": 0.1464344433931716, "tweet_id": 524935345998422016, "text": "Snipers now on top of Ottawa's National Art Gallery after gunfire at parliament http://t.co/bEFu7HisyW (@dmatthewmillar pic)", "type": "source"}, {"index": 9, "attribution": 0.028010615020801315, "content_attribution": 0.002175193722430702, "stance_attribution": 0.025835421298370614, "tweet_id": 524936336307138560, "text": "@PzFeed @dmatthewmillar DO NOT tweet locations of police officers! Your compromising security!", "type": "direct_reply"}, {"index": 5, "attribution": 0.017160837767123866, "content_attribution": -0.00680911908700675, "stance_attribution": 0.02396995685413062, "tweet_id": 524947378764521472, "text": "@PzFeed @postedeveille @dmatthewmillar D\u00c9PORT\u00c9 LES TOUS!", "type": "lower_reply"}, {"index": 3, "attribution": 0.006864670875773004, "content_attribution": -0.00030419382871429447, "stance_attribution": 0.007168864704487299, "tweet_id": 524937327047901184, "text": "\u201c@PzFeed: Snipers now on top of Ottawa's National Art Gallery after gunfire at parliament http://t.co/lTBXjXX92q (@dmatthewmillar pic)\"", "type": "direct_reply"}, {"index": 10, "attribution": 0.004197569454595811, "content_attribution": 0.0009784952593721494, "stance_attribution": 0.0032190741952236625, "tweet_id": 524935561950560256, "text": "Wait, wat? Canada?  Must be an American tourist! @PzFeed @dmatthewmillar", "type": "direct_reply"}, {"index": 6, "attribution": 0.001758711446032454, "content_attribution": 0.0001718245194988511, "stance_attribution": 0.0015868869265336027, "tweet_id": 524944515355115520, "text": "@PzFeed @xinfamousjoe", "type": "direct_reply"}, {"index": 1, "attribution": 9.277253467788451e-05, "content_attribution": -0.0017232476400493902, "stance_attribution": 0.001816020174727275, "tweet_id": 524936453105922049, "text": "Dope \u201c@PzFeed: Snipers now on top of Ottawa's National Art Gallery after gunfire at parliament http://t.co/Up8woGPh5A (@dmatthewmillar pic)\u201d", "type": "direct_reply"}, {"index": 8, "attribution": -0.002222975154234039, "content_attribution": -0.019472464497445975, "stance_attribution": 0.01724948934321193, "tweet_id": 524936867956142080, "text": "@MapleLeafsHH @PzFeed Harper's justification for increasing military spending :(", "type": "lower_reply"}, {"index": 4, "attribution": -0.0065264330512365765, "content_attribution": -0.015245115794074166, "stance_attribution": 0.008718682742837588, "tweet_id": 524936012141981697, "text": "New Canadian reality. \u201c@PzFeed: Snipers now on top of Ottawa's National Art Gallery after gunfire at parliament http://t.co/cI2fY8qQar\u201d", "type": "direct_reply"}, {"index": 11, "attribution": -0.008957412050039967, "content_attribution": 0.0028784424543132573, "stance_attribution": -0.011835854504353222, "tweet_id": 524935649124966400, "text": "@PzFeed @dmatthewmillar Please don't tweet police positions at this time.", "type": "direct_reply"}, {"index": 2, "attribution": -0.02882109487740207, "content_attribution": -0.0007629459169153862, "stance_attribution": -0.028058148960486688, "tweet_id": 524946058196303872, "text": "@PzFeed @AaronWorthing @dmatthewmillar isn't a glass roof a really dumb place to hang out if you're worried about gunfire?", "type": "direct_reply"}, {"index": 7, "attribution": -0.04423237998875253, "content_attribution": -0.0016752449566494751, "stance_attribution": -0.04255713503210305, "tweet_id": 524937807702528001, "text": "@PzFeed @dmatthewmillar stop tweeting positions, how ab a little thing called opsec to help members end this", "type": "direct_reply"}]}