{"thread_id": "524940030109036544", "gold_label": 0, "predicted_label": 2, "tweet_attributions": [{"index": 12, "attribution": 0.9324929712166462, "content_attribution": 0.011052531878491888, "stance_attribution": 0.9214404393381543, "tweet_id": 524940980475412480, "text": "@ElizabethMay stay safe!!", "type": "direct_reply"}, {"index": 9, "attribution": 0.2320305722548336, "content_attribution": 0.06669659302646924, "stance_attribution": 0.16533397922836435, "tweet_id": 524941124667191296, "text": "@Raffi_RC @ElizabethMay Very relieved to know that you are ok.", "type": "lower_reply"}, {"index": 11, "attribution": 0.038787058908192215, "content_attribution": -0.0029013210909524796, "stance_attribution": 0.041688379999144695, "tweet_id": 524978991925833729, "text": "@ElizabethMay I hope you are safe in all this may- ham?", "type": "direct_reply"}, {"index": 4, "attribution": 0.022469623416901667, "content_attribution": -0.00022841299669367106, "stance_attribution": 0.022698036413595333, "tweet_id": 524957102234939392, "text": "@ElizabethMay My thoughts exactly. Thinking of each of you directly experiencing this right now.", "type": "direct_reply"}, {"index": 10, "attribution": 0.018623666124960307, "content_attribution": 0.0003360160787244283, "stance_attribution": 0.01828765004623588, "tweet_id": 524945234539864064, "text": "@ElizabethMay very many prayers for you all there and for the heroic solider! May god help you all there!#parlement ottawa shooting", "type": "direct_reply"}, {"index": 7, "attribution": 0.017880054714537977, "content_attribution": 0.0005281570010268108, "stance_attribution": 0.017351897713511165, "tweet_id": 524942366579650560, "text": "@ElizabethMay Will Canadians realize that bombing ISIS fighters is what brings fanatics here? Will we now care for youth before they turn?", "type": "direct_reply"}, {"index": 2, "attribution": 0.014096783078506215, "content_attribution": 0.00018526098022008395, "stance_attribution": 0.013911522098286132, "tweet_id": 524952105640292352, "text": "@ElizabethMay So the soldier has been injured only?I mean that's awful, but I read reports of him bein dead..does anyone know his condition?", "type": "direct_reply"}, {"index": 3, "attribution": 0.00867749716276049, "content_attribution": 0.00040731280738621025, "stance_attribution": 0.00827018435537428, "tweet_id": 524980024659968001, "text": "@ElizabethMay This will surely result in an fully armed Hill will it not?", "type": "direct_reply"}, {"index": 1, "attribution": 0.007037587632602536, "content_attribution": -0.0008396041008559948, "stance_attribution": 0.00787719173345853, "tweet_id": 524940939111186432, "text": "@ElizabethMay How is everyone doing right now in the House?", "type": "direct_reply"}, {"index": 6, "attribution": 0.0046346967558454156, "content_attribution": 0.001982678907415026, "stance_attribution": 0.0026520178484303897, "tweet_id": 524940917590200320, "text": "@ElizabethMay thank you, no one else seems to be talking about the soldier, prayers that  he will be ok.", "type": "direct_reply"}, {"index": 8, "attribution": 0.002824492495827817, "content_attribution": -0.0014305824392095532, "stance_attribution": 0.00425507493503737, "tweet_id": 524942552634753024, "text": "@ElizabethMay Heartbreaking that such senseless violence has reached \"our home and native land.\"", "type": "direct_reply"}, {"index": 5, "attribution": -0.0052230551308619574, "content_attribution": -0.000982272711862304, "stance_attribution": -0.004240782418999653, "tweet_id": 524940234732351489, "text": "@ElizabethMay stay safe!", "type": "direct_reply"}, {"index": 0, "attribution": -0.6182550258978547, "content_attribution": 0.09341155462676815, "stance_attribution": -0.711666580524623, "tweet_id": 524940030109036544, "text": "My thoughts and prayers are with injured soldier. And such deep thanks to the security and RCMP on the Hill. #shooting #parliament", "type": "source"}]}