{"thread_id": "524930293921107969", "gold_label": 0, "predicted_label": 0, "tweet_attributions": [{"index": 9, "attribution": 1.3024196314783107, "content_attribution": 0.04413316197139615, "stance_attribution": 1.2582864695069145, "tweet_id": 524930447063912449, "text": "@CBCOttawa Arrest or neutralize these Islamist rapists, these chanting bastard slavers, BEFORE they murder more citizens!", "type": "direct_reply"}, {"index": 8, "attribution": 0.2547787794245671, "content_attribution": 0.04643340032461232, "stance_attribution": 0.2083453790999547, "tweet_id": 524932271728783360, "text": "@ivoirien_com @CBCOttawa The OPS needs more funds for stormtrooper gear and mp5s to catch these scurytrrrsts!", "type": "lower_reply"}, {"index": 7, "attribution": 0.03904916057835009, "content_attribution": -0.010125233533776161, "stance_attribution": 0.04917439411212625, "tweet_id": 524933486311112704, "text": "\u201c@CBCOttawa:#Soldier#shot at WarMemorial#Ottawa http://t.co/qn9pgu9P2Q\u201d @VeteransFR_CA @ShyMoonEyes  3 #soldiers attacked in 2 days #cdnpoli", "type": "direct_reply"}, {"index": 5, "attribution": 0.013563933628851903, "content_attribution": 0.0003448542071762208, "stance_attribution": 0.013219079421675682, "tweet_id": 524930569797632000, "text": "@CBCOttawa They are walking all over Canada's laws and loop-holes!  It's time to cut them out of society completely!", "type": "direct_reply"}, {"index": 3, "attribution": 0.011056927861696247, "content_attribution": -0.0015268818631587024, "stance_attribution": 0.01258380972485495, "tweet_id": 524930630438883328, "text": "@CBCOttawa The Islamists among us, shouldn't be among us!", "type": "direct_reply"}, {"index": 4, "attribution": 0.006084957447789372, "content_attribution": -0.0004920866988339158, "stance_attribution": 0.006577044146623288, "tweet_id": 524931692709281792, "text": "Stay safe, Ottawa! RT @CBCOttawa: Soldier shot at National War Memorial in Ottawa http://t.co/HZah2xkjdV", "type": "direct_reply"}, {"index": 1, "attribution": 0.0015836370441777844, "content_attribution": 0.0007728712374188091, "stance_attribution": 0.0008107658067589745, "tweet_id": 524932605083668480, "text": "\u201c@CBCOttawa: Soldier shot at National War Memorial in Ottawa http://t.co/TPKrwPf562\u201d", "type": "direct_reply"}, {"index": 2, "attribution": -0.005183764315808045, "content_attribution": 0.0003192529022074083, "stance_attribution": -0.005503017218015452, "tweet_id": 524931365134159872, "text": "\u201c@CBCOttawa: Soldier shot at National War Memorial in Ottawa http://t.co/zv39XfiWA3\u201d Can't believe it.", "type": "direct_reply"}, {"index": 6, "attribution": -0.006373191270279447, "content_attribution": 0.0020925392473817323, "stance_attribution": -0.00846573051766118, "tweet_id": 524932276174729216, "text": "Juz got evacuated at Rideau Centre \u201c@CBCOttawa: Soldier shot at National War Memorial in Ottawa http://t.co/rwEsixDqsr\u201d", "type": "direct_reply"}, {"index": 0, "attribution": -0.7968562539858948, "content_attribution": 0.05832586160267736, "stance_attribution": -0.8551821155885722, "tweet_id": 524930293921107969, "text": "Soldier shot at National War Memorial in Ottawa http://t.co/atjCEAGiHB", "type": "source"}]}