{"thread_id": "524930671220105216", "gold_label": 0, "predicted_label": 2, "tweet_attributions": [{"index": 4, "attribution": 4.0410714922640585, "content_attribution": 0.05475784174493998, "stance_attribution": 3.9863136505191186, "tweet_id": 524933030004400129, "text": "@CBCTheNational @NatopowerGaming Seems to be the same link. Doesn't work on mobile either.", "type": "lower_reply"}, {"index": 3, "attribution": 2.5298551719130886, "content_attribution": 0.06994852791294823, "stance_attribution": 2.4599066440001405, "tweet_id": 524933348129779713, "text": "@djvarley @NatopowerGaming Sorry! Try this: http://t.co/5hP6wYTykV", "type": "lower_reply"}, {"index": 6, "attribution": 2.1906226830557474, "content_attribution": 0.03556243834017446, "stance_attribution": 2.155060244715573, "tweet_id": 524932180158713856, "text": "@NatopowerGaming Try this: http://t.co/9a8UAo1XQo", "type": "lower_reply"}, {"index": 19, "attribution": 0.25540812467119883, "content_attribution": 0.056820809057430754, "stance_attribution": 0.19858731561376805, "tweet_id": 524936828168986624, "text": "@CBCTheNational @djvarley thanks.", "type": "lower_reply"}, {"index": 9, "attribution": 0.04579347402320386, "content_attribution": 0.012971117214396085, "stance_attribution": 0.03282235680880778, "tweet_id": 524931926868897792, "text": "@CBCTheNational can't watch on mobile?", "type": "direct_reply"}, {"index": 7, "attribution": 0.014231187772339492, "content_attribution": -0.0003001051941195911, "stance_attribution": 0.014531292966459082, "tweet_id": 524941177230200832, "text": "@CBCTheNational @CBCNews m'y god", "type": "direct_reply"}, {"index": 1, "attribution": 0.012344714179880997, "content_attribution": -6.591661501777897e-05, "stance_attribution": 0.012410630794898778, "tweet_id": 524944870654242816, "text": "TRAGIC\u201c@CBCTheNational: DEVELOPING NEWS: Soldier shot at War Memorial. Watch CBC NN for coverage. Or follow online: http://t.co/isw9it45HK\u201d", "type": "direct_reply"}, {"index": 15, "attribution": 0.010572694938893457, "content_attribution": 0.00010494564361330757, "stance_attribution": 0.010467749295280151, "tweet_id": 524931073042833408, "text": "@CBCTheNational @CBCRadioCanada 30 shots reported on Parliament Hill.", "type": "direct_reply"}, {"index": 0, "attribution": 0.005092630889553338, "content_attribution": 0.04439514737403587, "stance_attribution": -0.03930251648448253, "tweet_id": 524930671220105216, "text": "DEVELOPING NEWS: Soldier shot at War Memorial. Watch CBC NN for coverage. Or follow online: http://t.co/QSm0x0bM2K\nhttp://t.co/QcwgN8OgHB", "type": "source"}, {"index": 10, "attribution": 0.0037033204779864477, "content_attribution": -2.461443541684958e-05, "stance_attribution": 0.003727934913403297, "tweet_id": 524931499809058816, "text": "@CBCTheNational @CBCNews Rideau Centre nearby has been evacuated", "type": "direct_reply"}, {"index": 17, "attribution": 0.0016741981579373472, "content_attribution": -0.0006956636408868579, "stance_attribution": 0.002369861798824205, "tweet_id": 524931840893652992, "text": "@CBCTheNational @CBCNews @CJAY92 @Q107Calgary @JustinTrudeau \n\nHope Harper is happy, you have finally managed to bring this crap home", "type": "direct_reply"}, {"index": 13, "attribution": 0.0013402672714135243, "content_attribution": -0.0009921245076667112, "stance_attribution": 0.0023323917790802357, "tweet_id": 524932511001227264, "text": "@CBCTheNational @CBCNews  CBC.ca Online CBCNewsNetwork Channel 502\nWatching LIVE! Coverage \nCBC NEWS CHIEF CORRESPONDENT Peter MANSBRIDGE", "type": "direct_reply"}, {"index": 14, "attribution": 0.00019821974581643288, "content_attribution": 0.000566695761615267, "stance_attribution": -0.00036847601579883437, "tweet_id": 524942351169372161, "text": "@CBCTheNational @CBCVancouver We get the gist already.  Give us a break and talk about something else.", "type": "direct_reply"}, {"index": 12, "attribution": 0.00014227176552868953, "content_attribution": -0.0003071659193097661, "stance_attribution": 0.0004494376848384556, "tweet_id": 524940588656128001, "text": "@CBCTheNational @CBCVancouver we need more gun free zones so the whackos can shoot without worry. Thank god no citizens were armed.", "type": "direct_reply"}, {"index": 18, "attribution": -0.0029523585841197755, "content_attribution": 0.006709567744025648, "stance_attribution": -0.009661926328145422, "tweet_id": 524931763421065216, "text": "@CBCTheNational @CBCNews STOP showing the life saving efforts of the fallen soldier on TV. Show more respect to him and his family.", "type": "direct_reply"}, {"index": 5, "attribution": -0.003125298982604248, "content_attribution": -0.002707315219076795, "stance_attribution": -0.00041798376352745266, "tweet_id": 524932085963063296, "text": "@CBCTheNational @CBCNews Gunman at Parliament's Centre Block has been shot and killed RT @btrottier", "type": "direct_reply"}, {"index": 8, "attribution": -0.0062280640446652925, "content_attribution": -0.0004152397764029945, "stance_attribution": -0.005812824268262297, "tweet_id": 525459831977963522, "text": "@CBCTheNational you talked tonight about voyeurism given our soldiers last moments. Reflect on your own images broadcast yesterday.", "type": "lower_reply"}, {"index": 11, "attribution": -0.010716305865846605, "content_attribution": -4.968218810840524e-05, "stance_attribution": -0.010666623677738199, "tweet_id": 524934475323801600, "text": "@CBCTheNational @CBCNews running the footage of shot soldier's resuscitation is not cool. Her\\his family might be watching. Stop it.", "type": "direct_reply"}, {"index": 2, "attribution": -0.027718046080094275, "content_attribution": 0.0013612038857352135, "stance_attribution": -0.029079249965829487, "tweet_id": 524934797991641088, "text": "@SJCurrie23 @CBCTheNational @CBCNews I agree!  Horrible scene for family friends and colleagues to see!", "type": "lower_reply"}, {"index": 16, "attribution": -0.18904959239059907, "content_attribution": -0.0016565939985121137, "stance_attribution": -0.18739299839208698, "tweet_id": 524931345685180416, "text": "@CBCTheNational @CBCNews stop showing the soldier being given CPR", "type": "direct_reply"}]}