{"thread_id": "524977669902172160", "gold_label": 0, "predicted_label": 0, "tweet_attributions": [{"index": 0, "attribution": 0.3540990113472725, "content_attribution": -0.04302551518171976, "stance_attribution": 0.39712452652899227, "tweet_id": 524977669902172160, "text": "NHL postpones Wednesday's Leafs-Senators game due to tragedy in Ottawa  http://t.co/Ohec0ceae7 http://t.co/sLeiCmoUN6", "type": "source"}, {"index": 3, "attribution": 0.017667936608746156, "content_attribution": -0.00902566287021264, "stance_attribution": 0.026693599478958795, "tweet_id": 524998389734596608, "text": "@Sportsnet", "type": "direct_reply"}, {"index": 2, "attribution": -0.07012662751793707, "content_attribution": -0.022777880421332917, "stance_attribution": -0.04734874709660415, "tweet_id": 525006874023038976, "text": "@martyzylstra @Sportsnet - Seriously? Wow. Only a Leaf fan. #pureclass", "type": "lower_reply"}, {"index": 1, "attribution": -0.30219805525019766, "content_attribution": -0.03391825067968459, "stance_attribution": -0.26827980457051304, "tweet_id": 524990187865001985, "text": "\u201c@Sportsnet: NHL postpones Wed's Leafs game due to tragedy in Ott http://t.co/MlSmmggLiS http://t.co/wZA33H8ZUu\u201d #KeepPhilSafe #TMLtalk", "type": "direct_reply"}]}