{"thread_id": "524923462398513152", "gold_label": 0, "predicted_label": 2, "tweet_attributions": [{"index": 2, "attribution": 1.1699410556584697, "content_attribution": 0.013699428967858125, "stance_attribution": 1.1562416266906115, "tweet_id": 524926523317710848, "text": "@cmaconthehill @KelseyBanks what is happening in Canada? #sad", "type": "direct_reply"}, {"index": 8, "attribution": 0.2576598388661816, "content_attribution": 0.04620690047477424, "stance_attribution": 0.21145293839140739, "tweet_id": 524927906481721345, "text": "@oord_van @cmaconthehill nerve-racking!", "type": "lower_reply"}, {"index": 9, "attribution": 0.037782499525971444, "content_attribution": 0.0008870845349774123, "stance_attribution": 0.03689541499099403, "tweet_id": 524928263341481984, "text": "@cmaconthehill WTH is happening?", "type": "direct_reply"}, {"index": 10, "attribution": 0.018986650951123972, "content_attribution": 0.001094660938592514, "stance_attribution": 0.01789199001253146, "tweet_id": 524926370502430720, "text": "@cmaconthehill this will be spun to restrict law abiding gun owners. Just watch the knee jerk. Crazys and criminals don't follow the laws.", "type": "direct_reply"}, {"index": 5, "attribution": 0.01826556056110642, "content_attribution": 0.0021379980779790055, "stance_attribution": 0.01612756248312741, "tweet_id": 524929751094665216, "text": "@cmaconthehill @680News Holy Christ! Please be safe!", "type": "direct_reply"}, {"index": 3, "attribution": 0.018256832295363144, "content_attribution": -0.0018677770205034721, "stance_attribution": 0.020124609315866612, "tweet_id": 524934870469197824, "text": "@cmaconthehill Hope you are OK.", "type": "direct_reply"}, {"index": 7, "attribution": 0.01615407828189172, "content_attribution": 0.000988074727703765, "stance_attribution": 0.015166003554187953, "tweet_id": 524925243245461504, "text": "@cmaconthehill @News1130radio badass!!!!", "type": "direct_reply"}, {"index": 12, "attribution": 0.005726724722381185, "content_attribution": -0.0003187220225528225, "stance_attribution": 0.006045446744934008, "tweet_id": 524943172875845632, "text": "@cmaconthehill stay safe Cormac.", "type": "direct_reply"}, {"index": 13, "attribution": 0.0014579559623964958, "content_attribution": 0.0004631414789532595, "stance_attribution": 0.0009948144834432359, "tweet_id": 524938029920948224, "text": "@cmaconthehill be safe", "type": "direct_reply"}, {"index": 1, "attribution": 0.0012522837741915042, "content_attribution": -0.0007044013385681853, "stance_attribution": 0.0019566851127596893, "tweet_id": 524930875482705920, "text": "@cmaconthehill Be safe.", "type": "direct_reply"}, {"index": 6, "attribution": -6.720956156593924e-05, "content_attribution": 0.0003108780916475463, "stance_attribution": -0.0003780876532134855, "tweet_id": 524923588701614080, "text": "@cmaconthehill Be safe!", "type": "direct_reply"}, {"index": 4, "attribution": -0.003953576820147672, "content_attribution": -0.0020917064495396304, "stance_attribution": -0.001861870370608044, "tweet_id": 524926236540555264, "text": "@cmaconthehill  OMG! Be safe", "type": "direct_reply"}, {"index": 11, "attribution": -0.008470999219525016, "content_attribution": -0.0033090107550515285, "stance_attribution": -0.00516198846447349, "tweet_id": 524925639170998272, "text": "@cmaconthehill stay safe. Unbelievable", "type": "direct_reply"}, {"index": 0, "attribution": -0.7592375210717948, "content_attribution": 0.09976516200580851, "stance_attribution": -0.8590026830776031, "tweet_id": 524923462398513152, "text": "Shots fired on parliament hill after a man walked up with a gun. I'm locked in a security office on parliament hill", "type": "source"}]}