{"thread_id": "524939378552864768", "gold_label": 0, "predicted_label": 0, "tweet_attributions": [{"index": 0, "attribution": 0.2633295174618702, "content_attribution": 0.08550432555236465, "stance_attribution": 0.17782519190950555, "tweet_id": 524939378552864768, "text": "Reports now police suspect two or three shooters on Parliament Hill. Sergeant at Arms Kevin Vickers shot one assailant.", "type": "source"}, {"index": 5, "attribution": 0.055150555078127286, "content_attribution": -0.003619918165116467, "stance_attribution": 0.05877047324324376, "tweet_id": 524944835690901504, "text": "@BCheadle @LawScribes Are Canadian Returning immoderate tunnelling jihardis involved working/not working 4FBI in a #drill @adamcurry #ottawa", "type": "direct_reply"}, {"index": 6, "attribution": 0.05137837686103368, "content_attribution": 0.016043589630608354, "stance_attribution": 0.03533478723042532, "tweet_id": 524941066240548864, "text": "\u201c@BCheadle: Reports now police suspect two or three shooters on Parliament Hill. Sergeant at Arms Kevin Vickers shot one assailant.\u201d", "type": "direct_reply"}, {"index": 3, "attribution": 0.026800082691986405, "content_attribution": 0.015606607958141512, "stance_attribution": 0.011193474733844891, "tweet_id": 524942124991934464, "text": "Wow RT @BCheadle: Reports now police suspect two or three shooters on Parliament Hill. Sergeant at Arms Kevin Vickers shot one assailant.\u201d", "type": "direct_reply"}, {"index": 7, "attribution": 0.00947744078635136, "content_attribution": -0.004817694632685331, "stance_attribution": 0.014295135419036696, "tweet_id": 524943016373784576, "text": "\u201c@BCheadle: now police suspect two or three shooters on Parliament Hill. Sergeant at Arms KVickers shot 1assailant.\u201d +shooters @luvlealife", "type": "direct_reply"}, {"index": 1, "attribution": 0.006916598632636718, "content_attribution": 0.004289861783107467, "stance_attribution": 0.002626736849529251, "tweet_id": 524942860429561856, "text": "RT \u201c@BCheadle: Reports now police suspect two or three shooters on Parliament Hill. Sergeant at Arms, Kevin Vickers, shot one assailant.\u201d", "type": "direct_reply"}, {"index": 4, "attribution": 0.0007786010042543255, "content_attribution": -0.0016722691422064587, "stance_attribution": 0.0024508701464607836, "tweet_id": 525397630793572352, "text": "@BCheadle you're the best", "type": "direct_reply"}, {"index": 2, "attribution": 0.00046300447824592153, "content_attribution": -0.003073881571265178, "stance_attribution": 0.0035368860495111005, "tweet_id": 524947324972564481, "text": "@BCheadle @ArponBasu  tweeting his name is unwise.", "type": "direct_reply"}, {"index": 8, "attribution": -0.00030095688638187524, "content_attribution": 0.002527016531217822, "stance_attribution": -0.002827973417599699, "tweet_id": 524940999802765312, "text": "@BCheadle @CdnPress woah he carries a gun?", "type": "direct_reply"}]}