{"thread_id": "524922729485848576", "gold_label": 0, "predicted_label": 2, "tweet_attributions": [{"index": 12, "attribution": 3.6167363437426356, "content_attribution": 0.02517531034302091, "stance_attribution": 3.591561033399614, "tweet_id": 524996775049191424, "text": "@tdgecas @Henderburn \"professional, adjective: engaged in a specified activity as one's main paid occupation rather than as a pastime\"", "type": "lower_reply"}, {"index": 19, "attribution": 2.3557906330476053, "content_attribution": 0.024167252406025783, "stance_attribution": 2.331623380641579, "tweet_id": 524996902832852992, "text": "@tdgecas @Henderburn so yeah, expecting to get paid for doing his job seems pretty professional to me", "type": "lower_reply"}, {"index": 35, "attribution": 1.3140768490018104, "content_attribution": 0.0020770739429951906, "stance_attribution": 1.311999775058815, "tweet_id": 524938764616204290, "text": "@Henderburn don't have to give cpr. Other ways to help. But yeah keep looking for profit. Great professionalism.", "type": "lower_reply"}, {"index": 29, "attribution": 1.0454117903759748, "content_attribution": 0.007441911932048069, "stance_attribution": 1.0379698784439266, "tweet_id": 525014151161081856, "text": "@tdgecas @Henderburn I agree Tyler, have some respect.That man shot is servicing your country and all you want to do is snap a pic.Pity you!", "type": "lower_reply"}, {"index": 21, "attribution": 0.6557668063974247, "content_attribution": 0.006636773980154135, "stance_attribution": 0.6491300324172705, "tweet_id": 525016388457738241, "text": "@DriesBrent do you think I shouldn't have used social media to warn people? What should I have done?", "type": "lower_reply"}, {"index": 5, "attribution": 0.21917433768437405, "content_attribution": -0.036366577632116176, "stance_attribution": 0.25554091531649026, "tweet_id": 525000276894572546, "text": "@BigDilbertFan Call 911? Signal for help? Keep an eye out for the rescuers? Simply ask the people if there's anything he can do?", "type": "lower_reply"}, {"index": 18, "attribution": 0.1443747938642942, "content_attribution": 0.0022027945581839844, "stance_attribution": 0.14217199930611024, "tweet_id": 524935834941001728, "text": "@Henderburn so.. Instead of helping you took a picture for profit?", "type": "direct_reply"}, {"index": 16, "attribution": 0.11917555727239525, "content_attribution": -0.0005954905922093585, "stance_attribution": 0.1197710478646046, "tweet_id": 525003648104161281, "text": "@tdgecas You don't have any evidence that he didn't do any of these things in addition to taking a picture, but you accuse away.", "type": "lower_reply"}, {"index": 14, "attribution": 0.05320447167077644, "content_attribution": 0.015747071978600674, "stance_attribution": 0.037457399692175763, "tweet_id": 524943557657133056, "text": "@skobos Yeah, sure. Please credit me though.", "type": "lower_reply"}, {"index": 23, "attribution": 0.04095491385267205, "content_attribution": 0.024720871418640898, "stance_attribution": 0.016234042434031155, "tweet_id": 524935320786456578, "text": "@nomedeplume84 I would like to be paid for it, on account of being a journalist.", "type": "lower_reply"}, {"index": 17, "attribution": 0.029244337692727027, "content_attribution": 0.012404418146082721, "stance_attribution": 0.016839919546644308, "tweet_id": 524929863333842944, "text": "@Henderburn Hi Peter, this is Marta, reporter from Demotix. Did you take the photo? Would be ok for us to use? Can you send it? thanks", "type": "direct_reply"}, {"index": 9, "attribution": 0.024804055549274895, "content_attribution": 0.02231003090620212, "stance_attribution": 0.002494024643072779, "tweet_id": 525023805572648960, "text": "@Henderburn my main issue was the picture. Heard your reporting on cnn thought you did a good job. Continue to be safe.", "type": "lower_reply"}, {"index": 33, "attribution": 0.02053585945364674, "content_attribution": 0.020064879342574726, "stance_attribution": 0.0004709801110720107, "tweet_id": 524943685264629760, "text": "@Henderburn Will do! Would you Prefer your name or your handle?", "type": "lower_reply"}, {"index": 36, "attribution": 0.014835636165935195, "content_attribution": 0.01736268580564183, "stance_attribution": -0.002527049639706633, "tweet_id": 524949065469923328, "text": "@Henderburn could you email me please to subeditors@demotix.com and I'll explain better, thx", "type": "lower_reply"}, {"index": 32, "attribution": 0.014450051441367124, "content_attribution": 0.00044980442107679907, "stance_attribution": 0.014000247020290324, "tweet_id": 524923106289516546, "text": "Reports of gunshots unconfirmed RT @Henderburn: Only photo I will tweet. CPR being performed on the soldier #ottawa http://t.co/zO6CGFl7QR", "type": "direct_reply"}, {"index": 25, "attribution": 0.013489942772100381, "content_attribution": 0.014259359554666205, "stance_attribution": -0.0007694167825658228, "tweet_id": 524943846711754752, "text": "@skobos Will both fit on the lower thirds? I would appreciate name, then handle.", "type": "lower_reply"}, {"index": 30, "attribution": 0.010496073920483557, "content_attribution": 0.01232277144848109, "stance_attribution": -0.0018266975279975337, "tweet_id": 524998898117779456, "text": "@tdgecas @henderburn I didn't realize you were on the scene and could verify that he could have saved the life of the guy shot four times.", "type": "lower_reply"}, {"index": 31, "attribution": 0.00878176207350618, "content_attribution": 0.017119514520342133, "stance_attribution": -0.008337752446835949, "tweet_id": 524999052367527937, "text": "@tdgecas @Henderburn Getting the word out about an active shooter situation seems pretty helpful, but please, tell us what you'd have done.", "type": "lower_reply"}, {"index": 26, "attribution": 0.006268017575548972, "content_attribution": 0.005227454290133985, "stance_attribution": 0.0010405632854149872, "tweet_id": 524943951472906240, "text": "@Henderburn Yep, I can add both for sure. Thank you!", "type": "lower_reply"}, {"index": 15, "attribution": 0.005396500636590522, "content_attribution": 0.008102957440284393, "stance_attribution": -0.002706456803693872, "tweet_id": 524940813089144833, "text": "@Henderburn @nomedeplume84 ...seriously?! You're trying to profit from this? Think about it...", "type": "lower_reply"}, {"index": 8, "attribution": 0.0023664909830421006, "content_attribution": 0.000414324307339174, "stance_attribution": 0.0019521666757029267, "tweet_id": 524938903762268160, "text": "@Henderburn stay safe. Hope you're never in the same situation.", "type": "lower_reply"}, {"index": 10, "attribution": 0.002301513939989438, "content_attribution": 0.0014863441518285709, "stance_attribution": 0.000815169788160867, "tweet_id": 525000734992248832, "text": "@BigDilbertFan we won't agree on this and that's okay. If you're in Ottawa stay safe.", "type": "lower_reply"}, {"index": 3, "attribution": 0.0018400377004045088, "content_attribution": -0.0005347346164485496, "stance_attribution": 0.0023747723168530597, "tweet_id": 524935781643980800, "text": "@cholmes96 I was there before the police were", "type": "lower_reply"}, {"index": 7, "attribution": 0.001710541340679681, "content_attribution": 0.0008970904987724245, "stance_attribution": 0.0008134508419072553, "tweet_id": 524938364743876608, "text": "@tdgecas Fuck you idiot", "type": "lower_reply"}, {"index": 1, "attribution": 0.001638497395844794, "content_attribution": -0.00041930556879649235, "stance_attribution": 0.002057802964641286, "tweet_id": 524923432933552128, "text": "@Henderburn thank you for posting. It may just be hard to tell in the picture but bystanders look quite calm considering gunfire in area.", "type": "direct_reply"}, {"index": 22, "attribution": 0.0008919489347228038, "content_attribution": -0.0007725104285501453, "stance_attribution": 0.0016644593632729493, "tweet_id": 524964692423630849, "text": "@tdgecas @Henderburn well said @tdgecas", "type": "lower_reply"}, {"index": 11, "attribution": 0.0006906830962199143, "content_attribution": -0.00015092696129332718, "stance_attribution": 0.0008416100575132416, "tweet_id": 524924489058889728, "text": "@Henderburn @sherrilynne Who the hell would shoot a protector of our freedoms, not a Canadian I hope !", "type": "direct_reply"}, {"index": 24, "attribution": 0.00042986392925120544, "content_attribution": -0.00016855835637004897, "stance_attribution": 0.0005984222856212544, "tweet_id": 524927409100193792, "text": "@Henderburn @alimhaider wow. Prayers for the soldier.", "type": "direct_reply"}, {"index": 13, "attribution": -0.0006463109844873699, "content_attribution": 0.02304456208615643, "stance_attribution": -0.0236908730706438, "tweet_id": 525018964364382209, "text": "@DriesBrent the photo does not show the soldier. It shows the response. Brave bystanders trying to save him", "type": "lower_reply"}, {"index": 4, "attribution": -0.0015955637063308082, "content_attribution": 0.001361323661071218, "stance_attribution": -0.0029568873674020264, "tweet_id": 524935505755254786, "text": "@Henderburn why are there no police ??", "type": "direct_reply"}, {"index": 34, "attribution": -0.007651334979763055, "content_attribution": 0.0023511800004965945, "stance_attribution": -0.010002514980259652, "tweet_id": 525003675685888000, "text": "@tdgecas Way to care for people.", "type": "lower_reply"}, {"index": 28, "attribution": -0.012189343777357255, "content_attribution": -0.00017273740472500222, "stance_attribution": -0.012016606372632252, "tweet_id": 524938343180931073, "text": "@tdgecas yeah posting information about an evolving shooter situation is less worthwhile than an untrained journalist performing CPR", "type": "lower_reply"}, {"index": 20, "attribution": -0.013367250804209755, "content_attribution": -0.00354004876476038, "stance_attribution": -0.009827202039449374, "tweet_id": 524941702046707712, "text": "@Henderburn I'm a Photo Editor @ ABC- Would you be willing to share this with all ABC News platforms and with partners if we credit?", "type": "direct_reply"}, {"index": 27, "attribution": -0.017873654581044455, "content_attribution": 0.013358700348466467, "stance_attribution": -0.031232354929510917, "tweet_id": 524998240262180865, "text": "@BigDilbertFan photography is his job? My whole issue was a man needed help. There are ways to help if you don't know cpr", "type": "lower_reply"}, {"index": 6, "attribution": -0.06551582347144633, "content_attribution": 0.02687407097164847, "stance_attribution": -0.09238989444309482, "tweet_id": 525017113618956290, "text": "@Henderburn I have no issue with warning people whatsoever. But to take a photo, please!", "type": "lower_reply"}, {"index": 2, "attribution": -0.09621415384638797, "content_attribution": -0.00014960496436465016, "stance_attribution": -0.09606454888202332, "tweet_id": 525020495759282176, "text": "@DriesBrent @tdgecas @Henderburn You have a phone! Did you call for help? Nope. I took pics to sell and tweeted that I'm on CNN and ABC.", "type": "lower_reply"}, {"index": 0, "attribution": -0.12679614547507043, "content_attribution": 0.013046057840864943, "stance_attribution": -0.13984220331593536, "tweet_id": 524922729485848576, "text": "Only photo I will tweet. CPR being performed on the soldier now. I heard four shots. #ottawa http://t.co/cqdw1yx8AI", "type": "source"}]}