{"thread_id": "524924619812511746", "gold_label": 2, "predicted_label": 2, "tweet_attributions": [{"index": 3, "attribution": 4.2019492818696556, "content_attribution": 0.0046316849687597465, "stance_attribution": 4.197317596900895, "tweet_id": 524925154611441664, "text": "@CBCAlerts Change the laws, change the reckless immigration policies!  Sensitize people to be on the look-out!  Get real, folks!", "type": "direct_reply"}, {"index": 8, "attribution": 0.12429699654283313, "content_attribution": 0.08224384134961323, "stance_attribution": 0.04205315519321987, "tweet_id": 524926050351185920, "text": "@ashleyjmorton @CBCAlerts Right, there is no obvious context.  How insightful of you!", "type": "lower_reply"}, {"index": 4, "attribution": 0.08613670566025897, "content_attribution": 0.07475984907103568, "stance_attribution": 0.011376856589223284, "tweet_id": 524926393394933760, "text": "@ivoirien_com @CBCAlerts I know I can't be insightful yet - that's the bloody point, neither can you, and by trying to, you lose ground.", "type": "lower_reply"}, {"index": 5, "attribution": 0.0337108060985269, "content_attribution": 0.029917187707607977, "stance_attribution": 0.003793618390918922, "tweet_id": 524927041599447040, "text": "@ashleyjmorton @CBCAlerts Give it one hour and my points will be confirmed.", "type": "lower_reply"}, {"index": 9, "attribution": 0.011882599632531028, "content_attribution": 0.00036177176240882584, "stance_attribution": 0.0115208278701222, "tweet_id": 524925152430403584, "text": "\u201c@CBCAlerts: Witness tells #CBCNews suspected shooter of uniformed soldier at #Ottawa's War Memorial was carrying rifle.'", "type": "direct_reply"}, {"index": 6, "attribution": 0.001575302305751244, "content_attribution": -0.001066093972502126, "stance_attribution": 0.00264139627825337, "tweet_id": 524924867825913856, "text": "@CBCAlerts Canada needs to get real and recognize that this war is REAL; it's no joke.  Arrest these monsters BEFORE they murder more of us!", "type": "direct_reply"}, {"index": 7, "attribution": -0.12884367604851843, "content_attribution": 0.002007901131543163, "stance_attribution": -0.13085157718006157, "tweet_id": 525256528337854465, "text": "@ivoirien_com @CBCAlerts could nt agree more we need to speak up when we see something", "type": "lower_reply"}, {"index": 1, "attribution": -0.27346954770539467, "content_attribution": 0.024742414911619326, "stance_attribution": -0.298211962617014, "tweet_id": 524925023552020480, "text": "@CBCAlerts We are not obligated to sit passively, just waiting for these rapists to tear up our society!  Arrest them NOW!!!", "type": "direct_reply"}, {"index": 2, "attribution": -0.573853834741164, "content_attribution": 0.03126526596223977, "stance_attribution": -0.6051191007034038, "tweet_id": 524925487941160960, "text": "@ivoirien_com @CBCAlerts Can you lay off the politics right now? We know *nothing* about who did this, what's going on.", "type": "lower_reply"}, {"index": 0, "attribution": -0.6309194185054507, "content_attribution": 0.05402149619530208, "stance_attribution": -0.6849409147007529, "tweet_id": 524924619812511746, "text": "Witness tells #CBCNews suspected shooter of uniformed soldier at #Ottawa's War Memorial was carrying rifle.", "type": "source"}]}