{"thread_id": "524969963850051584", "gold_label": 0, "predicted_label": 2, "tweet_attributions": [{"index": 0, "attribution": 0.17257723358315952, "content_attribution": 0.05008541571061556, "stance_attribution": 0.12249181787254391, "tweet_id": 524969963850051584, "text": "#PrayForOttawa As an American Veteran, my prayers are w/ the Canadian soldier who died in today's shooting standing duty at a war memorial \ud83d\ude4f", "type": "source"}, {"index": 2, "attribution": 0.060499272915396494, "content_attribution": 0.0021400124576230486, "stance_attribution": 0.05835926045777345, "tweet_id": 524994713049661440, "text": "@Montel_Williams is this a terrorist thing,or a crazy person deal? Havent seen any news yet.", "type": "direct_reply"}, {"index": 3, "attribution": 0.0473729352848101, "content_attribution": 0.004183958768235935, "stance_attribution": 0.04318897651657416, "tweet_id": 524971822904004608, "text": "#FF @Montel_Williams @FightExtremism Would be interested in your views on countering #ISIS recruitment on #socialmedia &amp; youth alienation", "type": "direct_reply"}, {"index": 13, "attribution": 0.03898838262795118, "content_attribution": 0.0008496186372453545, "stance_attribution": 0.03813876399070582, "tweet_id": 525162895047684097, "text": "@Montel_Williams So horrible. Terror has spread all over the globe.", "type": "direct_reply"}, {"index": 9, "attribution": 0.033496663682405364, "content_attribution": 0.005002043212071557, "stance_attribution": 0.02849462047033381, "tweet_id": 525010980636745728, "text": "@Montel_Williams @DHoltSzcinski condolences to the family &amp; hope that they get the support they deserve to find closure...", "type": "direct_reply"}, {"index": 8, "attribution": 0.02918396646755872, "content_attribution": 0.0037407827868834484, "stance_attribution": 0.02544318368067527, "tweet_id": 524970446974746624, "text": "@Montel_Williams AMEN! May God protect all Military personnel in Canada and America!", "type": "direct_reply"}, {"index": 11, "attribution": 0.02578827956533464, "content_attribution": 0.0006358089999123661, "stance_attribution": 0.025152470565422275, "tweet_id": 524970383049756672, "text": "@Montel_Williams prayers for our fallen Brother in Arms,  and his family.", "type": "direct_reply"}, {"index": 7, "attribution": 0.024879306607709876, "content_attribution": 0.003332423260404953, "stance_attribution": 0.021546883347304924, "tweet_id": 524972205659414529, "text": "@Montel_Williams #PrayForOttawa and his family and friends! Thank You To The Sgt At Arms Who had a Gun and Shot one of these Terrorists!", "type": "direct_reply"}, {"index": 12, "attribution": 0.011374790790114019, "content_attribution": 0.0008805596354333671, "stance_attribution": 0.010494231154680652, "tweet_id": 524970128761708544, "text": "@Montel_Williams RIP", "type": "direct_reply"}, {"index": 6, "attribution": 0.011033944150655704, "content_attribution": -0.0006505550004757999, "stance_attribution": 0.011684499151131504, "tweet_id": 524970462124593152, "text": "@Montel_Williams Ty Montel *Crying* \nCanada Needs the People's Prayers.\nO'Canada what has happen to my beautiful Country!! \ud83c\udf41", "type": "direct_reply"}, {"index": 1, "attribution": 0.005288673094165699, "content_attribution": -0.0034039851912331205, "stance_attribution": 0.00869265828539882, "tweet_id": 524970620229283840, "text": "@Montel_Williams It is very hard for me as a Canadian who lives here in the US to hear about this. Thank you for your very kind words.", "type": "direct_reply"}, {"index": 5, "attribution": -0.0030123537815546853, "content_attribution": 0.0010963015818912462, "stance_attribution": -0.004108655363445932, "tweet_id": 524972055817887744, "text": "@Montel_Williams Respect.", "type": "direct_reply"}, {"index": 10, "attribution": -0.008503544258937295, "content_attribution": 0.0019276645972125086, "stance_attribution": -0.010431208856149805, "tweet_id": 524997826019749888, "text": "@Montel_Williams Just a tragedy.", "type": "direct_reply"}, {"index": 4, "attribution": -0.028599738869516417, "content_attribution": 0.0030972665152034775, "stance_attribution": -0.03169700538471989, "tweet_id": 524971913689325569, "text": "@Montel_Williams Me too Montel and the killer is a low life scumbag. Acts like this only unify us more, and we have to fight back.", "type": "direct_reply"}]}