{"thread_id": "524943812339437569", "gold_label": 1, "predicted_label": 0, "tweet_attributions": [{"index": 0, "attribution": 0.12566008297683448, "content_attribution": -0.03875505626037314, "stance_attribution": 0.1644151392372076, "tweet_id": 524943812339437569, "text": "Global News camera man reporting shots fired by Chateau Laurier hotel #ottawa", "type": "source"}, {"index": 4, "attribution": 0.08817108995480112, "content_attribution": -0.008945572796580132, "stance_attribution": 0.09711666275138126, "tweet_id": 524947786195030016, "text": "@l_stone @keithbaldrey #ottawaterror Omigish My Capitol city will never be the same!", "type": "direct_reply"}, {"index": 3, "attribution": 0.03387050624168586, "content_attribution": -0.004519737161545854, "stance_attribution": 0.03839024340323171, "tweet_id": 524944505364283392, "text": "@l_stone @GlobalNational @CTVNews Global News camera man reporting shots fired by Chateau Laurier hotel #ottawa", "type": "direct_reply"}, {"index": 2, "attribution": 0.009135879491179166, "content_attribution": -0.0027728570852382406, "stance_attribution": 0.011908736576417406, "tweet_id": 524945198837940224, "text": "RT \"@l_stone: Global News camera man reporting shots fired by Chateau Laurier hotel #ottawa\u201d", "type": "direct_reply"}, {"index": 5, "attribution": 0.0022133496173608906, "content_attribution": -0.0019407307023772398, "stance_attribution": 0.004154080319738131, "tweet_id": 524951018774085632, "text": "@l_stone @joe_nuzz multiple shooting in Ottawa parliament", "type": "direct_reply"}, {"index": 1, "attribution": -0.016500925669049565, "content_attribution": 0.00949447140032378, "stance_attribution": -0.025995397069373344, "tweet_id": 524948937355296768, "text": "@l_stone warning shots as reported on CNN to get people to stay away to sort people out", "type": "direct_reply"}]}