{"thread_id": "524991576163250176", "gold_label": 1, "predicted_label": 0, "tweet_attributions": [{"index": 0, "attribution": 0.32217545523461166, "content_attribution": 0.043402230185710676, "stance_attribution": 0.27877322504890095, "tweet_id": 524991576163250176, "text": "MORE: Police believe three gunmen were involved in shootings in Ottawa this morning and are looking for two shooters. http://t.co/IHV4galEtC", "type": "source"}, {"index": 3, "attribution": 0.06417624828754129, "content_attribution": 0.04312496192301377, "stance_attribution": 0.021051286364527504, "tweet_id": 524992668301262848, "text": "@CBSNews Your info is out of date. Rideau shooting didn't happen. Police press conference says nothing about number of shooters.", "type": "direct_reply"}, {"index": 6, "attribution": 0.06015359873624229, "content_attribution": -0.00588465918183434, "stance_attribution": 0.06603825791807663, "tweet_id": 524993079603130368, "text": "@CBSNews Check @CBCNews for updates from police that are current.", "type": "lower_reply"}, {"index": 8, "attribution": 0.0018010146617710061, "content_attribution": 0.0002671583936462974, "stance_attribution": 0.00153385626812471, "tweet_id": 524991671218745344, "text": "@CBSNews Lies and propaganda are traditionally the tools of theocracy, fascism, and totalitarianism. Stop build terrorism &amp; #Isis's fame!", "type": "direct_reply"}, {"index": 1, "attribution": -0.0021249444094287857, "content_attribution": 0.0013898437150144448, "stance_attribution": -0.00351478812444323, "tweet_id": 524992137260453888, "text": "RT @CBSNews: Police believe 3 gunmen were involved in shootings in Ottawa and are looking for two shooters. http://t.co/ezPjE4zAcW", "type": "direct_reply"}, {"index": 9, "attribution": -0.005983271137790748, "content_attribution": 0.00011492165022459135, "stance_attribution": -0.006098192788015339, "tweet_id": 524991949917663232, "text": "@CBSNews That's not what they just said at the Press Conference!", "type": "direct_reply"}, {"index": 7, "attribution": -0.006715324590531417, "content_attribution": 0.022884869608330895, "stance_attribution": -0.029600194198862315, "tweet_id": 524991797630865408, "text": "@CBSNews The police chief just totally dodged that question and wouldn't say there was more than 1..jUst FYI", "type": "direct_reply"}, {"index": 5, "attribution": -0.021169108517282785, "content_attribution": -0.013543291600246293, "stance_attribution": -0.007625816917036498, "tweet_id": 524993414056927232, "text": "@CBSNews Probably a drill.", "type": "direct_reply"}, {"index": 4, "attribution": -0.021924668085026904, "content_attribution": -0.0010592965283478051, "stance_attribution": -0.0208653715566791, "tweet_id": 524993314207305729, "text": "@CBSNews And when will you be announcing they are Muslims? http://t.co/lZwUzG0nAI", "type": "direct_reply"}, {"index": 2, "attribution": -0.02415348447107024, "content_attribution": 0.0018403057561578926, "stance_attribution": -0.02599379022722813, "tweet_id": 524993836050042880, "text": "@CBSNews  It appears now it was only 1 shooter and the shots were heard at nearby hotel/shopping cntr causing reports of more shootings", "type": "direct_reply"}]}