{"thread_id": "524974318087061504", "gold_label": 0, "predicted_label": 0, "tweet_attributions": [{"index": 10, "attribution": 0.13425183190851028, "content_attribution": 0.004795244476858922, "stance_attribution": 0.1294565874316514, "tweet_id": 524975062483730433, "text": "\u201c@grahamctv: BREAKING: the most terrible news of the day so far: soldier has died of his injuries #OttawaShooting @ctvnews @ctvottawa\u201d", "type": "direct_reply"}, {"index": 11, "attribution": 0.04478964008582822, "content_attribution": -0.00018850744777644524, "stance_attribution": 0.044978147533604663, "tweet_id": 524975144243306496, "text": "@grahamctv @ctvottawa @CTVNews may he rest in peace", "type": "direct_reply"}, {"index": 17, "attribution": 0.03855702287546307, "content_attribution": 0.00019023034615149608, "stance_attribution": 0.03836679252931158, "tweet_id": 524978346006831104, "text": "RIP Soldier @grahamctv @CTVNews @ctvottawa", "type": "direct_reply"}, {"index": 15, "attribution": 0.028804386105526616, "content_attribution": 0.037527371143156185, "stance_attribution": -0.008722985037629579, "tweet_id": 524975381309579265, "text": "@rsbmiller @grahamctv @CTVNews @ctvottawa yes Scott he was from #HamOnt - our city in mourning and hoping your city is safe", "type": "lower_reply"}, {"index": 7, "attribution": 0.026629039077144617, "content_attribution": 0.0002605886631345908, "stance_attribution": 0.02636845041401003, "tweet_id": 524975622582722562, "text": "@grahamctv Does it have to be deemd \"most terrible news?\"  Many children have also died today @reallisa @CTVNews @ctvottawa", "type": "direct_reply"}, {"index": 8, "attribution": 0.026509380326859313, "content_attribution": -0.00058321806183714, "stance_attribution": 0.027092598388696446, "tweet_id": 524976409518014464, "text": "@grahamctv @CTVNews @ctvottawa Has CTV confirmed this with the DND, or is this based on what @kenneyjason said on Twitter?", "type": "direct_reply"}, {"index": 5, "attribution": 0.02173483268403863, "content_attribution": 0.0005901707110767072, "stance_attribution": 0.02114466197296193, "tweet_id": 524974883428892672, "text": "@grahamctv @CTVNews @ctvottawa very sad indeed", "type": "direct_reply"}, {"index": 13, "attribution": 0.015340987107876737, "content_attribution": -0.0013202747594452666, "stance_attribution": 0.016661261867322, "tweet_id": 524975835644960768, "text": "@grahamctv @CTVNews @ctvottawa heartbreaking...", "type": "direct_reply"}, {"index": 1, "attribution": 0.01521815677045775, "content_attribution": 0.00012840741838685574, "stance_attribution": 0.015089749352070895, "tweet_id": 524977189637615618, "text": "@grahamctv @CTVNews @ctvottawa Heartbreaking news.  I am so very sad for him, for his family, and for our country.", "type": "direct_reply"}, {"index": 12, "attribution": 0.011059099252546728, "content_attribution": 0.00084674007811536, "stance_attribution": 0.01021235917443137, "tweet_id": 524975035266920448, "text": "\u201c@grahamctv:the most terrible news of the day so far: soldier has died of his injuries #OttawaShooting @ctvnews @ctvottawa\u201d Absolutely true.", "type": "direct_reply"}, {"index": 4, "attribution": 0.009515434362052646, "content_attribution": 0.00078613763862088, "stance_attribution": 0.008729296723431767, "tweet_id": 524975424468942849, "text": "@grahamctv @ctvottawa @CTVNews Our condolences go out to this soldier's family. This was a senseless act if violance", "type": "direct_reply"}, {"index": 16, "attribution": 0.007084929063784905, "content_attribution": 0.004532941657549058, "stance_attribution": 0.0025519874062358457, "tweet_id": 524976195742744577, "text": "@grahamctv @AmyFerguson2 @CTVNews @ctvottawa @mwkoop he died not long ago but before they said he was alright", "type": "direct_reply"}, {"index": 6, "attribution": 0.006372586560298069, "content_attribution": 6.970037388166002e-05, "stance_attribution": 0.006302886186416408, "tweet_id": 524977598750023680, "text": "\u201c@grahamctv: BREAKING: the most terrible news of the day so far: soldier has died of his injuries #OttawaShooting @ctvnews @ctvottawa\u201d- SAD", "type": "direct_reply"}, {"index": 14, "attribution": 0.00535160833387437, "content_attribution": -6.572915382535911e-05, "stance_attribution": 0.005417337487699728, "tweet_id": 524976312457248768, "text": "\u201c@grahamctv: BREAKING: the most terrible news of the day so far: soldier has died of his injuries #OttawaShooting @ctvnews @ctvottawa\u201d \ud83d\ude10", "type": "direct_reply"}, {"index": 3, "attribution": 0.0052909457650251995, "content_attribution": -2.315865506495257e-05, "stance_attribution": 0.005314104420090152, "tweet_id": 524975722012893184, "text": "\u201c@grahamctv: BREAKING: the most terrible news of the day so far: soldier has died of his injuries #OttawaShooting @ctvnews @ctvottawa\u201d \ud83d\udc94", "type": "direct_reply"}, {"index": 2, "attribution": 0.004437579001372632, "content_attribution": -4.953359251918783e-05, "stance_attribution": 0.00448711259389182, "tweet_id": 524975587174002688, "text": "\u201c@grahamctv: BREAKING: the most terrible news of the day so far: soldier has died of his injuries #OttawaShooting @ctvnews @ctvottawa\u201d \ud83d\ude14\ud83d\ude1e\ud83d\ude23", "type": "direct_reply"}, {"index": 9, "attribution": 0.002996789663190325, "content_attribution": 0.0002229015748969225, "stance_attribution": 0.0027738880882934025, "tweet_id": 524975269078401024, "text": "\u201c@grahamctv: BREAKING: the most terrible news of the day so far: soldier has died of his injuries #OttawaShooting @ctvnews @ctvottawa\u201d\ud83d\ude22RIP\u2764\ufe0f", "type": "direct_reply"}, {"index": 18, "attribution": -0.001597140110794246, "content_attribution": -0.001562509309123413, "stance_attribution": -3.463080167083303e-05, "tweet_id": 524974705670119426, "text": "RT\u201c@grahamctv: BREAKING: the most terrible news of the day so far: soldier has died of his injuries #OttawaShooting @ctvottawa\u201d #smem", "type": "direct_reply"}, {"index": 0, "attribution": -0.17702143036775247, "content_attribution": 0.021426648955003867, "stance_attribution": -0.19844807932275638, "tweet_id": 524974318087061504, "text": "BREAKING: the most terrible news of the day so far: soldier has died of his injuries #OttawaShooting @ctvnews @ctvottawa", "type": "source"}]}