{"thread_id": "524948264886759424", "gold_label": 0, "predicted_label": 2, "tweet_attributions": [{"index": 0, "attribution": 0.4296635103823662, "content_attribution": -0.03430807190317248, "stance_attribution": 0.46397158228553864, "tweet_id": 524948264886759424, "text": "Dramatic video of gunfire from inside Parliament Hill: http://t.co/8xCefbbnZa http://t.co/SYydkfOxAI", "type": "source"}, {"index": 8, "attribution": 0.051698598399397, "content_attribution": -0.01725091396226374, "stance_attribution": 0.06894951236166073, "tweet_id": 524949691952558080, "text": "@Goobleheimen @CTVVancouver", "type": "lower_reply"}, {"index": 1, "attribution": 0.018391521071807332, "content_attribution": 0.006873466869632572, "stance_attribution": 0.01151805420217476, "tweet_id": 524957269185032192, "text": "@CTVVancouver @EmaanKazemi @bfinskars @_btomas shots fired for reals", "type": "direct_reply"}, {"index": 2, "attribution": 0.007071496256579167, "content_attribution": 0.008144511984277904, "stance_attribution": -0.0010730157276987395, "tweet_id": 524949167593234432, "text": "@CTVVancouver insane!!", "type": "direct_reply"}, {"index": 4, "attribution": 0.005442316509270042, "content_attribution": -0.0015393524544580492, "stance_attribution": 0.00698166896372809, "tweet_id": 524948619699302400, "text": "@CTVVancouver @ctvedmonton brave RCMP.", "type": "direct_reply"}, {"index": 6, "attribution": 0.00018645242523405298, "content_attribution": 0.00015561955510741066, "stance_attribution": 3.083287012664365e-05, "tweet_id": 524967285208129536, "text": "\u201c@CTVVancouver: Dramatic video of gunfire from inside Parliament Hill: http://t.co/4c6Ycg3kvs http://t.co/cNIygBlT7C\u201d wtf", "type": "direct_reply"}, {"index": 7, "attribution": -0.003617843417910598, "content_attribution": 0.00031742900486847914, "stance_attribution": -0.003935272422779077, "tweet_id": 524979138353188864, "text": "\u201c@CTVVancouver: Dramatic video of gunfire from inside Parliament Hill: http://t.co/9AmXaeGahs http://t.co/nVnzwSgMUk\u201d this is terrifying", "type": "direct_reply"}, {"index": 5, "attribution": -0.014016744641712695, "content_attribution": 0.0007561545429645639, "stance_attribution": -0.014772899184677259, "tweet_id": 524949252842463233, "text": "@CTVVancouver did they at least hit @pmharper ?", "type": "direct_reply"}, {"index": 3, "attribution": -0.5694465134827063, "content_attribution": -0.014744059292766266, "stance_attribution": -0.55470245418994, "tweet_id": 524949110731079680, "text": "\u201c@CTVVancouver: Dramatic video of gunfire from inside Parliament Hill: http://t.co/tsWgup6CGN http://t.co/QGFTMMaeSQ\u201d this is scary stuff", "type": "direct_reply"}]}