{"thread_id": "524936966492942336", "gold_label": 0, "predicted_label": 0, "tweet_attributions": [{"index": 0, "attribution": 0.28833733426720826, "content_attribution": -0.07461899564910668, "stance_attribution": 0.36295632991631493, "tweet_id": 524936966492942336, "text": "Canada's parliament in lockdown after shooting - follow our live coverage here:\nhttp://t.co/1AhAZAaFUW http://t.co/Sf7EkD4PEB", "type": "source"}, {"index": 13, "attribution": 0.005966331504622393, "content_attribution": 0.007059504423638835, "stance_attribution": -0.0010931729190164414, "tweet_id": 524941632291225601, "text": "@BBCBreaking #OscarPistorius at it again", "type": "direct_reply"}, {"index": 2, "attribution": 0.0053017808659896835, "content_attribution": -0.0008365187457858896, "stance_attribution": 0.0061382996117755745, "tweet_id": 524939859732230145, "text": "Why cant u say terrorism?? @bbcbreaking", "type": "direct_reply"}, {"index": 14, "attribution": 0.004653440633295114, "content_attribution": 0.00011757213652143481, "stance_attribution": 0.004535868496773679, "tweet_id": 524937713695592448, "text": "@BBCBreaking more shots reported within the parliament building, an \"agent\" down and shooter reported dead.", "type": "direct_reply"}, {"index": 8, "attribution": 0.002640497717595495, "content_attribution": -0.00014009285998250006, "stance_attribution": 0.0027805905775779944, "tweet_id": 524939640709869569, "text": "@BBCBreaking Abu Nasir is back!", "type": "direct_reply"}, {"index": 9, "attribution": 0.002122165106678341, "content_attribution": 0.001264189215830347, "stance_attribution": 0.0008579758908479941, "tweet_id": 524939272567406592, "text": "@BBCBreaking \"FIGHT FOR NEW WORLD ORDER\"....\n\n\"WE NEED TO END WEAPON PRODUCTION\" AND WE NEED TO BEGIN A, \"WEAPON EVACUATION VERIFICATION\"...", "type": "direct_reply"}, {"index": 11, "attribution": 0.001843424222811696, "content_attribution": 8.034511909652334e-05, "stance_attribution": 0.0017630791037151737, "tweet_id": 524937203622109185, "text": "\u201c@BBCBreaking: Canada's parliament in lockdown after shooting -follow our live coverage here:\nhttp://t.co/Fpwo0pTQZK http://t.co/pGGdU7MIDe\u201d", "type": "direct_reply"}, {"index": 1, "attribution": 0.0013319487832914815, "content_attribution": -0.0002674874668088851, "stance_attribution": 0.0015994362501003665, "tweet_id": 524943109046956033, "text": "@BBCBreaking @tatianamaslany This is just across the street from my office. I can see police everywhere!", "type": "direct_reply"}, {"index": 15, "attribution": 0.0007772611891990078, "content_attribution": -0.0001941797453692247, "stance_attribution": 0.0009714409345682323, "tweet_id": 524946045524901888, "text": "\u30ab\u30ca\u30c0\u306e\u30aa\u30bf\u30ef\u3001\u8b70\u4f1a\u5468\u8fba\u65bd\u8a2d\u306e\u9283\u6483\u4e8b\u4ef6\u3092\u53d7\u3051\u3066\u3001\u8b70\u4f1a\u3092\u9589\u9396\u3002@BBCBreaking Canada's parliament in lockdown after shooting  http://t.co/AbbgToFnsl", "type": "direct_reply"}, {"index": 3, "attribution": -0.0015006363481728704, "content_attribution": -0.0006062148639860709, "stance_attribution": -0.0008944214841867992, "tweet_id": 524938141346828288, "text": "@BBCBreaking \"Welcome to our live coverage of the shooting near parliament in Ottawa. We'll bring you the latest as it happens.\" ???", "type": "direct_reply"}, {"index": 6, "attribution": -0.00785273009404913, "content_attribution": 0.0005339852739091386, "stance_attribution": -0.008386715367958267, "tweet_id": 524937653704470528, "text": "@BBCBreaking Canada Shooting distraction from MASSIVE story breaking in UK #CSAinquiry #childabuse #CUSIPnumber @GlobalRevLive @EXPATS4HK", "type": "direct_reply"}, {"index": 12, "attribution": -0.008133335571772317, "content_attribution": -0.0021329043672162146, "stance_attribution": -0.006000431204556101, "tweet_id": 524940715034697728, "text": "@BBCBreaking Religion of Pieces...", "type": "direct_reply"}, {"index": 7, "attribution": -0.008178005163495719, "content_attribution": 0.004265652196966014, "stance_attribution": -0.01244365736046173, "tweet_id": 524944818947227649, "text": "@BBCBreaking Not only the shooting places but the entire country need to be in watch out.Extremist are home/visitors.", "type": "direct_reply"}, {"index": 10, "attribution": -0.016619834583688077, "content_attribution": 4.94067534460415e-06, "stance_attribution": -0.016624775259032686, "tweet_id": 524937092963790848, "text": "@BBCBreaking Clique, acesse e leia em http://t.co/DPeyQj53zz Muito obrigadoo.", "type": "direct_reply"}, {"index": 4, "attribution": -0.02278824782703883, "content_attribution": -0.00017832051180703196, "stance_attribution": -0.022609927315231797, "tweet_id": 524942854129725440, "text": "@BBCBreaking @tatianamaslany This is just happening everywhere \ud83d\ude1eso horrible", "type": "direct_reply"}, {"index": 5, "attribution": -0.06512798765123881, "content_attribution": -0.036018903083471575, "stance_attribution": -0.029109084567767243, "tweet_id": 524958514759106561, "text": "@pokemanzbattlez @BBCBreaking that's intense", "type": "lower_reply"}, {"index": 16, "attribution": -0.24135009670869703, "content_attribution": 0.019603914333283803, "stance_attribution": -0.2609540110419808, "tweet_id": 524938220652728320, "text": "@BBCBreaking hey @BlueSpartain u heard about this", "type": "direct_reply"}]}