{"thread_id": "524954630279925760", "gold_label": 0, "predicted_label": 2, "tweet_attributions": [{"index": 5, "attribution": 1.1161921787566578, "content_attribution": 0.02823131322398723, "stance_attribution": 1.0879608655326707, "tweet_id": 524954755358289921, "text": "@Reuters Possible five shooters.", "type": "direct_reply"}, {"index": 1, "attribution": 0.2581166148907731, "content_attribution": 0.021303353816213087, "stance_attribution": 0.23681326107456002, "tweet_id": 524954869258784768, "text": "@Reuters Soldier who has been shot is alive in the hospital", "type": "lower_reply"}, {"index": 2, "attribution": 0.034998506237343206, "content_attribution": 0.026023645372204474, "stance_attribution": 0.008974860865138733, "tweet_id": 524966643857108992, "text": "@Francolinie @putainovitsj @Reuters  zuid America heb je weer andere ellende maar allah zal daar niets voor elkaar krijgen #SchietenTerug", "type": "lower_reply"}, {"index": 11, "attribution": 0.025045072790452785, "content_attribution": 0.0008749238629098391, "stance_attribution": 0.024170148927542948, "tweet_id": 525005068731703296, "text": "@7E55E @spieringfl @Francolinie @Reuters Wrijft de priester over je bolletje, let dan maar op voor je euh...\"holletje\" ;-) lol!", "type": "lower_reply"}, {"index": 10, "attribution": 0.019864893187737622, "content_attribution": -0.0005836006918320447, "stance_attribution": 0.020448493879569665, "tweet_id": 524968584385024000, "text": "RT @AristeguiOnline \u201c@Reuters: Shooting locks down Canadian parliament; one suspect reported dead http://t.co/uhSd68EKkV\u201d", "type": "direct_reply"}, {"index": 14, "attribution": 0.017735781355491323, "content_attribution": 0.02103826818891869, "stance_attribution": -0.0033024868334273648, "tweet_id": 524956031416565760, "text": "Canada kan nu definitef v mijn lijst als veilig land om heen te vluchten wanneer het hier uit de hand gaat lopen #aanslagen #jihad @Reuters", "type": "direct_reply"}, {"index": 6, "attribution": 0.016056435474821686, "content_attribution": 0.00010516289489557413, "stance_attribution": 0.015951272579926113, "tweet_id": 524964132513005568, "text": "Now I am SURE the entire world has gone bonkers...  \u201c@Reuters: Shooting locks down Canadian parliament;  http://t.co/0KgfE5TBWm\u201d", "type": "direct_reply"}, {"index": 12, "attribution": 0.011783726956033207, "content_attribution": -0.00033729126448281936, "stance_attribution": 0.012121018220516028, "tweet_id": 524954712895127553, "text": "@Reuters \u062a\u0628\u064a \u064a\u0646\u0644\u062d\u0633 \u0645\u062e\u0643 \u061f \u062a\u0639\u0627\u0644 \u0647\u0627\u0644\u062d\u0633\u0627\u0628 - @Question_arab", "type": "direct_reply"}, {"index": 13, "attribution": 0.00673032494429039, "content_attribution": 0.0001126727216584256, "stance_attribution": 0.006617652222631965, "tweet_id": 524958718648410112, "text": "@Reuters It wld surely some paki inspired by the way they had attacked Indian parliament, Canadian govt need to control this rats", "type": "direct_reply"}, {"index": 4, "attribution": 0.005300194478151403, "content_attribution": 0.0012952125767022697, "stance_attribution": 0.004004981901449131, "tweet_id": 525004017467154432, "text": "@spieringfl @Francolinie @putainovitsj @Reuters  en laat ik dat nou veel liever hebben #KiezenTussenTweeKwaden", "type": "lower_reply"}, {"index": 8, "attribution": 0.003989682474575405, "content_attribution": -0.00022872103436191407, "stance_attribution": 0.004218403508937319, "tweet_id": 524956029113491456, "text": "oMG \"@Reuters: Shooting locks down Canadian parliament; one suspect reported dead http://t.co/NWInhJlq4B\u201d", "type": "direct_reply"}, {"index": 9, "attribution": 0.001343051184576911, "content_attribution": 0.00015489714108362284, "stance_attribution": 0.001188154043493288, "tweet_id": 525005229503553537, "text": "Gheghe @putainovitsj @7E55E @spieringfl @Reuters", "type": "lower_reply"}, {"index": 3, "attribution": -0.0006083870879705687, "content_attribution": -0.0002544554290458941, "stance_attribution": -0.000353931658924674, "tweet_id": 524955920783396866, "text": "\u201c@Reuters: Shooting locks down Canadian parliament; 1 suspect reported dead..\" #GodIsUrTerrorist #HidingWontHelp #LiftTheBan #CanadaNeedsWBC", "type": "direct_reply"}, {"index": 7, "attribution": -0.007418276972000797, "content_attribution": 0.00033830404571872524, "stance_attribution": -0.007756581017719522, "tweet_id": 524971863274180609, "text": "@Reuters soldier in uniform dead\ud83c\udfba", "type": "direct_reply"}, {"index": 0, "attribution": -0.5869633881158063, "content_attribution": 0.0910490485332013, "stance_attribution": -0.6780124366490076, "tweet_id": 524954630279925760, "text": "Shooting locks down Canadian parliament; one suspect reported dead http://t.co/H3Z4PtvSuU", "type": "source"}]}