{"thread_id": "524935633463037953", "gold_label": 0, "predicted_label": 0, "tweet_attributions": [{"index": 1, "attribution": 0.16150807923549415, "content_attribution": -0.009270030276328115, "stance_attribution": 0.1707781095118223, "tweet_id": 524937069445918720, "text": "@HuffPostCanada My twitter app shwos Ottawa shotting http://t.co/VlcPC99uBJ", "type": "direct_reply"}, {"index": 0, "attribution": 0.11428733820846164, "content_attribution": -0.11447223953545513, "stance_attribution": 0.2287595777439168, "tweet_id": 524935633463037953, "text": "OTTAWA SHOOTING\n- Soldier shot at memorial\n- Parliament Hill on lockdown\n- Harper, Mulcair, Trudeau, safe\nhttp://t.co/rrG871HBGv", "type": "source"}, {"index": 2, "attribution": -0.05216883497916736, "content_attribution": -0.026980646107600804, "stance_attribution": -0.025188188871566555, "tweet_id": 524936755989217281, "text": "@HuffPostCanada That's great. The important question is how is the soldier?", "type": "direct_reply"}]}