{"thread_id": "524972277406773248", "gold_label": 0, "predicted_label": 2, "tweet_attributions": [{"index": 4, "attribution": 4.238690098590707, "content_attribution": 0.025307183355574376, "stance_attribution": 4.213382915235133, "tweet_id": 525059907155148800, "text": "@seemakalia It seems I was wrong. It was a shotgun. But still definitely a major difference in sound in that 1st shot &amp; the rest.\ud83d\ude2c", "type": "lower_reply"}, {"index": 7, "attribution": 2.1297795675337783, "content_attribution": 0.011471463060697767, "stance_attribution": 2.1183081044730807, "tweet_id": 525060428292837377, "text": "@ScottInSC Thank you for following up. I'd be curious to know who fired first shots.", "type": "lower_reply"}, {"index": 8, "attribution": 0.2162516853879451, "content_attribution": 0.010867284798036139, "stance_attribution": 0.20538440058990898, "tweet_id": 525062711164801025, "text": "@seemakalia Also listen closely to how loud the first shot is. Definitely not a pistol caliber round. Bad guy shot first. Glad he's dead.", "type": "lower_reply"}, {"index": 3, "attribution": 0.173767253806477, "content_attribution": 0.028496368359336825, "stance_attribution": 0.14527088544714017, "tweet_id": 524976309534228480, "text": "@TelegraphNews I'm 99% sure first shot fired is from a rifle.", "type": "direct_reply"}, {"index": 6, "attribution": 0.026828560626273167, "content_attribution": 0.027307797609502835, "stance_attribution": -0.0004792369832296692, "tweet_id": 524985127248875520, "text": "@seemakalia No I'm saying I shoot firearms a good bit and the first shot sounds (to me) like a rifle. Could've been anybody. @TelegraphNews", "type": "lower_reply"}, {"index": 2, "attribution": 0.026332637437966724, "content_attribution": -2.3362981957807057e-05, "stance_attribution": 0.026356000419924534, "tweet_id": 524975748650909696, "text": "\u201c@TelegraphNews: Video: Reporter captures shoot-out in Ottawa's Parliament Hill building.  http://t.co/yUkWmEnreR http://t.co/sFRcKnS5MJ\u201d", "type": "direct_reply"}, {"index": 9, "attribution": 0.005675403165876053, "content_attribution": -0.0017110976239264207, "stance_attribution": 0.007386500789802473, "tweet_id": 525179599626731520, "text": "@TelegraphNews @RISLEIMAN \u0627\u0644\u0645\u0634\u0643\u0644\u0629 \u0623\u0645\u0647 \u0643\u0646\u062f\u064a\u0629 \u0648\u0645\u0648\u0644\u0648\u062f \u0641\u064a \u0643\u0646\u062f\u0627 \u0648\u0639\u0645\u0631\u0647 \u0645\u0627\u0634\u0627\u0641 \u0644\u064a\u0628\u064a\u0627\n#\u0627\u0644\u0645\u0647\u0627\u062c\u0645 \u0644\u064a\u0628\u064a \u0645\u0646 \u0639\u0627\u0626\u0644\u0629 \u0627\u0644\u0632\u062d\u0627\u0641 #\u064a\u0642\u0627\u0644 \u0627\u0646\u0647 \u0634\u0627\u0631\u0643 \u0641\u064a \u0627\u0644\u062b\u0648\u0631\u0629 \u0627\u0644\u0644\u064a\u0628\u064a\u0629", "type": "direct_reply"}, {"index": 1, "attribution": -0.01670646468004384, "content_attribution": 0.00034628920384213713, "stance_attribution": -0.017052753883885982, "tweet_id": 524985481336205313, "text": "@TelegraphNews @FearDept Probably a drill.", "type": "direct_reply"}, {"index": 0, "attribution": -0.033977575814793944, "content_attribution": 0.03298780462036365, "stance_attribution": -0.0669653804351576, "tweet_id": 524972277406773248, "text": "Video: Reporter captures shoot-out in Ottawa's Parliament Hill building. Watch: http://t.co/BIemkWAVtc http://t.co/d0BakjCrAB", "type": "source"}, {"index": 5, "attribution": -0.040762762573419646, "content_attribution": 0.009140210799450587, "stance_attribution": -0.04990297337287023, "tweet_id": 525062128341118978, "text": "@seemakalia Absolutely. I was curious myself. Glad they stopped him before he did more damage.", "type": "lower_reply"}, {"index": 10, "attribution": -0.49916092936867146, "content_attribution": 0.02277638706267295, "stance_attribution": -0.5219373164313443, "tweet_id": 524983999694110720, "text": "@ScottInSC @TelegraphNews Meaning that would be the suspect shooting?", "type": "lower_reply"}]}