{"thread_id": "524929893759737856", "gold_label": 0, "predicted_label": 2, "tweet_attributions": [{"index": 34, "attribution": 3.0617268580778267, "content_attribution": 0.035197835315733915, "stance_attribution": 3.026529022762093, "tweet_id": 524958523260948480, "text": "@BlackFlagRising @FoxNews America would still be the first country Canada ask help for.", "type": "lower_reply"}, {"index": 44, "attribution": 1.911968282782357, "content_attribution": 0.013924229216518395, "stance_attribution": 1.8980440535658387, "tweet_id": 524952295826784256, "text": "@SnakeReaper115 @FoxNews I know it's hard being an American these days knowing 99% of the world wants to see you all dead. But c'mon now...", "type": "lower_reply"}, {"index": 20, "attribution": 1.3162562800209958, "content_attribution": 0.045232631896360696, "stance_attribution": 1.271023648124635, "tweet_id": 524971012371533824, "text": "@SnakeReaper115 @FoxNews When have we ever asked you for military help? Canada trains your spies you retard lmfao!!", "type": "lower_reply"}, {"index": 27, "attribution": 1.0962155923616024, "content_attribution": 0.03765344210552215, "stance_attribution": 1.05856215025608, "tweet_id": 524971631320764417, "text": "@SnakeReaper115 @FoxNews I can see how well that american education is working for you lol", "type": "lower_reply"}, {"index": 25, "attribution": 0.6922905651496652, "content_attribution": 0.008715949758670754, "stance_attribution": 0.6835746153909944, "tweet_id": 524948090051395584, "text": "@BlackFlagRising @FoxNews problems first.", "type": "lower_reply"}, {"index": 38, "attribution": 0.6637737337361963, "content_attribution": 0.014907195506625188, "stance_attribution": 0.6488665382295712, "tweet_id": 524972685479391232, "text": "@BlackFlagRising @FoxNews The U.S is the only thing standing in the way of Russia invading Canada. That is when you will ask for our help.", "type": "lower_reply"}, {"index": 10, "attribution": 0.2833703526506428, "content_attribution": 0.019138647828595045, "stance_attribution": 0.26423170482204783, "tweet_id": 524984285863100416, "text": "@SnakeReaper115 @FoxNews Umm Google fracking then tell me agen why Russia is a threat to Canada", "type": "lower_reply"}, {"index": 12, "attribution": 0.22722303387161805, "content_attribution": 0.04750398128922357, "stance_attribution": 0.17971905258239448, "tweet_id": 524938333261422592, "text": "@KraftyWurker @FoxNews Pretty good actually. More problematic is when we get involved in your \"liberating\".", "type": "lower_reply"}, {"index": 24, "attribution": 0.1450143155374949, "content_attribution": 0.008036969571340383, "stance_attribution": 0.13697734596615452, "tweet_id": 524985287777464320, "text": "@BlackFlagRising @FoxNews Is that how you spell?  Yet, you were making fun of our country's education system.", "type": "lower_reply"}, {"index": 9, "attribution": 0.12874395961005608, "content_attribution": 0.006781069456329199, "stance_attribution": 0.12196289015372687, "tweet_id": 524983604888498176, "text": "@BlackFlagRising @FoxNews They've been doing that since 60's. Canada has enought oil reserves to solve even the U.S economic problem.", "type": "lower_reply"}, {"index": 42, "attribution": 0.05202740412642011, "content_attribution": 0.0010187940450127654, "stance_attribution": 0.05100861008140734, "tweet_id": 524931460550373377, "text": "@FoxNews Problems in Canuckistan, how's that diversity working out for you?", "type": "direct_reply"}, {"index": 2, "attribution": 0.041018779103605185, "content_attribution": -0.0005061793769827086, "stance_attribution": 0.04152495848058789, "tweet_id": 524932513631051776, "text": "@FoxNews @AmericaNewsroom you never hear of anything bad coming out of Canada. This is troubling.", "type": "direct_reply"}, {"index": 6, "attribution": 0.01608021887828644, "content_attribution": -0.0015651952510870556, "stance_attribution": 0.017645414129373496, "tweet_id": 524978030423576577, "text": "@SnakeReaper115 @FoxNews We sell our oilsand to china. So china might have a problem with that...Jeez no wonder the usa is losing allies...", "type": "lower_reply"}, {"index": 39, "attribution": 0.014502864867673179, "content_attribution": 0.001225163593047118, "stance_attribution": 0.013277701274626061, "tweet_id": 524979133869490176, "text": "@BlackFlagRising @FoxNews Besides China would never go to war with Russia. They're to close.", "type": "lower_reply"}, {"index": 15, "attribution": 0.011513200445218136, "content_attribution": 0.0015112076845454662, "stance_attribution": 0.01000199276067267, "tweet_id": 524997253669601281, "text": "@SnakeReaper115 @FoxNews look Canada gets attacked by an American made enemy! Why? For helping America! I don't get why we help you assholes", "type": "lower_reply"}, {"index": 17, "attribution": 0.010768314779309028, "content_attribution": -0.0003137126724811652, "stance_attribution": 0.011082027451790193, "tweet_id": 524930396975550464, "text": "\u201c@FoxNews: #BREAKING: Soldier shot at war memorial near Canadian parliament: http://t.co/Jmnhb3JW2N\u201d @LeeannWright4", "type": "direct_reply"}, {"index": 5, "attribution": 0.00768879179059158, "content_attribution": -0.0006600173572648104, "stance_attribution": 0.00834880914785639, "tweet_id": 524939096477941760, "text": "@FoxNews garuantee it's a Muslim!!! A Muslim ran over two soldiers yesterday in an act of terrorism! The shooter is a Koran follower!", "type": "direct_reply"}, {"index": 21, "attribution": 0.004025629753422169, "content_attribution": 0.0003886518409540621, "stance_attribution": 0.003636977912468106, "tweet_id": 524931731485622272, "text": "@FoxNews Serious stuff here Now pay attention!!", "type": "direct_reply"}, {"index": 33, "attribution": 0.003523215813034633, "content_attribution": 0.002268446896175157, "stance_attribution": 0.0012547689168594751, "tweet_id": 524946410220027904, "text": "@SnakeReaper115 @FoxNews yup. The Usa always comes crying for canadian forces to help them lol #pathetic", "type": "lower_reply"}, {"index": 37, "attribution": 0.003406014316143473, "content_attribution": 0.05199694036519624, "stance_attribution": -0.04859092604905277, "tweet_id": 524938797411475456, "text": "@lenmac1 I seriously doubt the #diversity attacking your parliment is wearing kilts. @FoxNews", "type": "lower_reply"}, {"index": 26, "attribution": 0.002130597976606709, "content_attribution": -3.227335499803705e-05, "stance_attribution": 0.0021628713316047465, "tweet_id": 524937935695929344, "text": "@SnakeReaper115 @FoxNews Yep. Lost 155 of them in Afghanistan. Many others injured.", "type": "lower_reply"}, {"index": 43, "attribution": 0.002111601276656669, "content_attribution": 0.013098489353399773, "stance_attribution": -0.010986888076743107, "tweet_id": 524931419798532096, "text": "@FoxNews Canada has soldiers?", "type": "direct_reply"}, {"index": 11, "attribution": 0.0005258469299081103, "content_attribution": -0.0013010634124947297, "stance_attribution": 0.0018269103424028402, "tweet_id": 524946823765843968, "text": "@BlackFlagRising @FoxNews Is this the same country who we patrol their own air border for them?", "type": "lower_reply"}, {"index": 18, "attribution": 0.0004862531889693426, "content_attribution": 0.000327743390491534, "stance_attribution": 0.0001585097984778086, "tweet_id": 524986240861765632, "text": "@SnakeReaper115 @FoxNews http://t.co/wUPwtgjcAI", "type": "lower_reply"}, {"index": 4, "attribution": 0.00047768493268623584, "content_attribution": 0.0010994217884488003, "stance_attribution": -0.0006217368557625647, "tweet_id": 524930381980917760, "text": "@FoxNews The man is now inside the Parliament library with a hunting rifle.", "type": "direct_reply"}, {"index": 36, "attribution": 0.00014780529662968098, "content_attribution": 0.00043524123401229734, "stance_attribution": -0.0002874359373826163, "tweet_id": 524948043578503168, "text": "@BlackFlagRising @FoxNews Yeah I admit we should have came in earlier. I think i found out the reason why we interfere with everyone's", "type": "lower_reply"}, {"index": 14, "attribution": -0.00018626192468251655, "content_attribution": -6.787710176041237e-05, "stance_attribution": -0.00011838482292210424, "tweet_id": 524932641624055808, "text": "@FoxNews Is it terrorist or workplace violence?", "type": "direct_reply"}, {"index": 22, "attribution": -0.00019018723014727393, "content_attribution": -0.00012473593023749956, "stance_attribution": -6.545129990977443e-05, "tweet_id": 524978343738101760, "text": "@BlackFlagRising @FoxNews Why buy it off you then make a deal with a country to take a cut?", "type": "lower_reply"}, {"index": 7, "attribution": -0.0004493921405559245, "content_attribution": -6.28350306477286e-06, "stance_attribution": -0.0004431086374911513, "tweet_id": 524930928704229376, "text": "@FoxNews WOW those jihadi bastards are going hard in Oh, Canada...", "type": "direct_reply"}, {"index": 31, "attribution": -0.0018775088503321592, "content_attribution": 0.002956859825398814, "stance_attribution": -0.004834368675730973, "tweet_id": 524983909910872064, "text": "@SnakeReaper115 @FoxNews just remember who it was that burnt your white house down. So so powerful lol", "type": "lower_reply"}, {"index": 1, "attribution": -0.0022505677415798017, "content_attribution": -6.891349730050528e-05, "stance_attribution": -0.0021816542442792968, "tweet_id": 524986162101125120, "text": "@SnakeReaper115 @FoxNews again* sorry for the typo?Happy to see you're proof reading it for me teach....", "type": "lower_reply"}, {"index": 40, "attribution": -0.0023773300690542887, "content_attribution": -0.0020114771415388898, "stance_attribution": -0.0003658529275153992, "tweet_id": 524930310375743488, "text": "#ISIS RT @FoxNews #BREAKING: Soldier shot at war memorial near Canadian parliament: http://t.co/2xhbVbKyB9", "type": "direct_reply"}, {"index": 41, "attribution": -0.0024460508669270336, "content_attribution": 1.1138393882116214e-06, "stance_attribution": -0.002447164706315245, "tweet_id": 524930034319233024, "text": "@FoxNews \n\nAnd this:  https://t.co/HSrkQbMfbn", "type": "direct_reply"}, {"index": 16, "attribution": -0.003215418403425021, "content_attribution": 0.0013835907595872825, "stance_attribution": -0.004599009163012301, "tweet_id": 524974483107766272, "text": "@SnakeReaper115 @FoxNews ummm russia has beef with you not us. We train with the russians and serve over in bosnia? How dumb are you?", "type": "lower_reply"}, {"index": 3, "attribution": -0.0037481829742373966, "content_attribution": 0.0017642224638358547, "stance_attribution": -0.005512405438073251, "tweet_id": 524985061620580353, "text": "@BlackFlagRising @FoxNews and yet farmers with pitch forks beat you a second time.", "type": "lower_reply"}, {"index": 35, "attribution": -0.003792476025861285, "content_attribution": 0.0006369187425695591, "stance_attribution": -0.004429394768430844, "tweet_id": 524946925288968193, "text": "@BlackFlagRising @FoxNews Yeah we love it when Canada comes in at the last second and says the helped.", "type": "lower_reply"}, {"index": 30, "attribution": -0.006835299432914521, "content_attribution": -0.0005468836092767437, "stance_attribution": -0.006288415823637778, "tweet_id": 524934085442277376, "text": "So scary. \u201c@FoxNews: #BREAKING: Soldier shot at war memorial near Canadian parliament: http://t.co/8ug1Vj0YcE\u201d", "type": "direct_reply"}, {"index": 19, "attribution": -0.0080685470976177, "content_attribution": 0.0029930595379645715, "stance_attribution": -0.01106160663558227, "tweet_id": 524982939575406592, "text": "@SnakeReaper115 @FoxNews Russia threatened the US with nuclear war this year and yet you think it's Canada that they want to go to war with?", "type": "lower_reply"}, {"index": 32, "attribution": -0.015056128328872088, "content_attribution": -0.0025279170309320267, "stance_attribution": -0.01252821129794006, "tweet_id": 524947466802987009, "text": "@SnakeReaper115 @FoxNews umm the usa did that in ww2 you idiot lol usa was the last to join the war.  Dumb american lol", "type": "lower_reply"}, {"index": 0, "attribution": -0.016476315876430586, "content_attribution": 0.04278182476068449, "stance_attribution": -0.059258140637115084, "tweet_id": 524929893759737856, "text": "#BREAKING: Soldier shot at war memorial near Canadian parliament: http://t.co/vAAbHQcZif", "type": "source"}, {"index": 23, "attribution": -0.019149337969930562, "content_attribution": -0.00010963669214217396, "stance_attribution": -0.019039701277788392, "tweet_id": 524975568237125632, "text": "@BlackFlagRising @FoxNews Do you really think Russia gives a damn about you? Russia wants your oil you dumb-ass.", "type": "lower_reply"}, {"index": 29, "attribution": -0.024576186093531238, "content_attribution": -0.0056046569774643035, "stance_attribution": -0.018971529116066935, "tweet_id": 525099574290305024, "text": "@Mich_Robertson I know an American who will protect \ud83d\udc4a", "type": "lower_reply"}, {"index": 8, "attribution": -0.03517295554451176, "content_attribution": 0.007189045701785654, "stance_attribution": -0.042362001246297416, "tweet_id": 524932064551133184, "text": "@FoxNews @Mich_Robertson What this never happens in Canada...", "type": "direct_reply"}, {"index": 13, "attribution": -0.04077587235747695, "content_attribution": 0.04690129669679851, "stance_attribution": -0.08767716905427546, "tweet_id": 524939272168931328, "text": "@KraftyWurker @FoxNews Ah a Fox News watcher.", "type": "lower_reply"}, {"index": 28, "attribution": -0.047724944130174154, "content_attribution": -0.002604959614828901, "stance_attribution": -0.04511998451534525, "tweet_id": 525098439789780993, "text": "@Dirtbags_Pride sad day for Canada", "type": "lower_reply"}]}