{"thread_id": "524942946765131776", "gold_label": 0, "predicted_label": 0, "tweet_attributions": [{"index": 0, "attribution": 0.09390472804732902, "content_attribution": 0.13393416715621087, "stance_attribution": -0.04002943910888181, "tweet_id": 524942946765131776, "text": "BREAKING: Peter Mansbridge now reporting one suspect shot dead inside Parliament Hill", "type": "source"}, {"index": 2, "attribution": 0.08904477841603042, "content_attribution": 0.02551540248221615, "stance_attribution": 0.06352937593381427, "tweet_id": 524943141225660418, "text": "@cbcsteve @HuffPostCanada is it confirmed?", "type": "direct_reply"}, {"index": 3, "attribution": 0.06299365124675291, "content_attribution": 0.05920004905892989, "stance_attribution": 0.003793602187823016, "tweet_id": 524943524287242240, "text": "@LaComtess @HuffPostCanada yes", "type": "lower_reply"}, {"index": 4, "attribution": 0.038054416352476556, "content_attribution": 0.013155530190815477, "stance_attribution": 0.024898886161661072, "tweet_id": 524943262449426432, "text": "@cbcsteve @HuffPostCanada Good.", "type": "direct_reply"}, {"index": 1, "attribution": -0.025791355297099257, "content_attribution": 0.00956481176399079, "stance_attribution": -0.03535616706109005, "tweet_id": 524943843326967809, "text": "@cbcsteve My niece works there. Hope she's oke. @jrdevrije", "type": "direct_reply"}]}