{"thread_id": "524977321430630400", "gold_label": 1, "predicted_label": 2, "tweet_attributions": [{"index": 0, "attribution": 0.737663370505082, "content_attribution": -0.02334385546181878, "stance_attribution": 0.7610072259669008, "tweet_id": 524977321430630400, "text": "Ottawa Police spokesman tells @ABC News that 3 suspects are being sought following shootings in Canadian capital - @WorldNews", "type": "source"}, {"index": 5, "attribution": 0.08879003491866394, "content_attribution": -0.049496589812136546, "stance_attribution": 0.13828662473080047, "tweet_id": 524979528972906496, "text": "@cindogg88 @ABC @WorldNews After the hit and run attack on a soldier yesterday? I believe it.", "type": "lower_reply"}, {"index": 3, "attribution": 0.026755794472868164, "content_attribution": 0.0011482684537710936, "stance_attribution": 0.025607526019097073, "tweet_id": 524977800537587713, "text": "MT @ABC #Ottawa Police spokesman tells @ABC News that 3 suspects are being sought following shootings in Canadian capital", "type": "direct_reply"}, {"index": 6, "attribution": 0.009664918923689966, "content_attribution": 0.0008485288775167471, "stance_attribution": 0.008816390046173217, "tweet_id": 524977588914384897, "text": "RT @ABC Ottawa Police spokesman tells @ABC News that 3 suspects are being sought following shootings in Canadian capital.", "type": "direct_reply"}, {"index": 1, "attribution": 0.005479159199209385, "content_attribution": 0.002720824113206094, "stance_attribution": 0.0027583350860032906, "tweet_id": 524980704870797312, "text": "\u201c@ABC: Ottawa Police spokesman tells @ABC News that 3 suspects are being sought following shootings in Canadian capital - @WorldNews\u201d #MM330", "type": "direct_reply"}, {"index": 4, "attribution": 0.003947087451847519, "content_attribution": -0.0018699279559191812, "stance_attribution": 0.0058170154077667015, "tweet_id": 524996727456403457, "text": "@ABC  Why does ABC insist on preemptive disruption of scheduled shows to rehash old news &amp; footage. Take a lead from CBS, NBC, &amp; FOX ...", "type": "direct_reply"}, {"index": 2, "attribution": -1.141049219793471, "content_attribution": -0.015823313802921606, "stance_attribution": -1.1252259059905492, "tweet_id": 524978578119610368, "text": "@ABC @FaithBased92 @WorldNews Muslims I bet you", "type": "direct_reply"}]}