{"thread_id": "524964564018790400", "gold_label": 1, "predicted_label": 0, "tweet_attributions": [{"index": 15, "attribution": 0.8263512086651226, "content_attribution": 0.005217846896497331, "stance_attribution": 0.8211333617686253, "tweet_id": 524969643984039936, "text": "\u201c@Reuters: Ottawa police..looking for more than 1 suspect in Parliament Hill shooting..\" Look up! #GodIsUrTerrorist #FilthyCanadaUnderSiege", "type": "direct_reply"}, {"index": 16, "attribution": 0.13654395124486224, "content_attribution": 0.04200996245632603, "stance_attribution": 0.09453398878853622, "tweet_id": 524970040852885505, "text": ".@WBCRejoice @Reuters You're a fucking idiot.", "type": "lower_reply"}, {"index": 13, "attribution": 0.11914705510596302, "content_attribution": 0.0502963275694428, "stance_attribution": 0.06885072753652022, "tweet_id": 524965171127926784, "text": "\u201c@Reuters: Ottawa police confirm they are looking for more than one suspect in Parliament Hill shooting. http://t.co/6O3sFFS6R7\u201d fuck", "type": "direct_reply"}, {"index": 8, "attribution": 0.03346974753208341, "content_attribution": 1.0114956404118857e-06, "stance_attribution": 0.03346873603644299, "tweet_id": 524965808699895808, "text": "@KevinZegers @Reuters hi", "type": "lower_reply"}, {"index": 1, "attribution": 0.017129311375492253, "content_attribution": 0.0017655676310163995, "stance_attribution": 0.015363743744475857, "tweet_id": 524970333464297472, "text": "@KevinZegers @Reuters #PrayForOttawa", "type": "lower_reply"}, {"index": 11, "attribution": 0.01568485634013105, "content_attribution": 0.0019368357312163403, "stance_attribution": 0.013748020608914707, "tweet_id": 524965525005537281, "text": "@Reuters \u062d\u0633\u0627\u0628 \u0641\u0627\u064a\u0632 \u0627\u0644\u0645\u0627\u0644\u0643\u064a \u0627\u0644\u062b\u0627\u0646\u064a \u0627\u0644\u062d\u0642\u0648\u0648\u0648 - @Question_arab", "type": "direct_reply"}, {"index": 3, "attribution": 0.0073398793444687475, "content_attribution": 0.000649497566772633, "stance_attribution": 0.006690381777696114, "tweet_id": 524979257550700544, "text": "@KevinZegers @Reuters So very sad.", "type": "lower_reply"}, {"index": 14, "attribution": 0.004310704978102443, "content_attribution": 0.0019939462717105797, "stance_attribution": 0.0023167587063918638, "tweet_id": 524965578847432704, "text": "@KevinZegers @Reuters What is going on? That sounds crazy.", "type": "lower_reply"}, {"index": 17, "attribution": 0.0032666193203100156, "content_attribution": 0.004404798201336943, "stance_attribution": -0.0011381788810269282, "tweet_id": 524965418252136448, "text": "@KevinZegers wtf?", "type": "lower_reply"}, {"index": 9, "attribution": 0.0022010318465584115, "content_attribution": 0.001188081753147255, "stance_attribution": 0.0010129500934111563, "tweet_id": 524966424864096256, "text": "@KevinZegers now i understand your last tweet... wow...", "type": "lower_reply"}, {"index": 2, "attribution": 0.0021744747292566377, "content_attribution": 0.0012712514117249462, "stance_attribution": 0.0009032233175316916, "tweet_id": 524965016618143744, "text": "RT\u201c@Reuters: #Ottawa police confirm they are looking for more than one suspect in Parliament Hill shooting. http://t.co/bII6CCNdDj\u201d #smem", "type": "direct_reply"}, {"index": 5, "attribution": 0.0016616987753027808, "content_attribution": -4.3703592475475525e-05, "stance_attribution": 0.001705402367778257, "tweet_id": 524965327080144896, "text": "@KevinZegers i love youuuuuuuuuuu", "type": "lower_reply"}, {"index": 6, "attribution": 0.0007913188664435359, "content_attribution": 0.0013424671234738201, "stance_attribution": -0.0005511482570302851, "tweet_id": 524964733318070273, "text": "@Reuters \u0641\u0627\u064a\u0632 \u0627\u0644\u0645\u0627\u0644\u0643\u064a \u064a\u062d\u0628 \u0647\u0630\u0627 \u0627\u0644\u062d\u0633\u0627\u0628 \u0644\u064a\u0634 \u061f @Question_arab", "type": "direct_reply"}, {"index": 12, "attribution": 0.0007407837671457952, "content_attribution": 0.0006449884167030319, "stance_attribution": 9.57953504427631e-05, "tweet_id": 524995965095522304, "text": "@KevinZegers Exactly!  \ud83d\ude1e", "type": "lower_reply"}, {"index": 7, "attribution": -0.0009157526147425081, "content_attribution": 0.0072989436557048554, "stance_attribution": -0.008214696270447363, "tweet_id": 524967466338775041, "text": "@KevinZegers @Reuters watching the news here in Australia,  unreal.", "type": "lower_reply"}, {"index": 4, "attribution": -0.0013393293443675278, "content_attribution": 0.0020842881009730157, "stance_attribution": -0.0034236174453405443, "tweet_id": 524967414367125504, "text": "RT: @Reuters: Ottawa police confirm they are looking for more than one suspect in Parliament Hill shooting. http://t.co/Ea19g5Vmot", "type": "direct_reply"}, {"index": 10, "attribution": -0.01355737271436217, "content_attribution": 0.0012158618082423204, "stance_attribution": -0.014773234522604487, "tweet_id": 524967964991553537, "text": "@KevinZegers @Reuters they've shot and killed two gunmen, the third one is still at large", "type": "lower_reply"}, {"index": 0, "attribution": -0.6607257882801221, "content_attribution": 0.0768152206295437, "stance_attribution": -0.7375410089096657, "tweet_id": 524964564018790400, "text": "Ottawa police confirm they are looking for more than one suspect in Parliament Hill shooting. http://t.co/1cKIHwuCzl", "type": "source"}]}