{"thread_id": "524965786059026432", "gold_label": 0, "predicted_label": 0, "tweet_attributions": [{"index": 0, "attribution": 0.19185441527746813, "content_attribution": -0.011220073890298478, "stance_attribution": 0.2030744891677666, "tweet_id": 524965786059026432, "text": "BREAKING NEWS: ONE SOLDIER HAS DIED AFTER OTTAWA SHOOTING, SUSPECT(S) STILL AT LARGE - http://t.co/lXFiYaVImZ", "type": "source"}, {"index": 3, "attribution": 0.0863418229117145, "content_attribution": 0.015821777772784363, "stance_attribution": 0.07052004513893015, "tweet_id": 524965837795782656, "text": "@PzFeed get the army in", "type": "direct_reply"}, {"index": 1, "attribution": 0.014784724335620426, "content_attribution": 0.016787690573683768, "stance_attribution": -0.0020029662380633374, "tweet_id": 524968491456421889, "text": "@PzFeed @HuffPostCrime  2 of 3 patients in stable condition. Must wait for state of health from Dept National Defense.", "type": "direct_reply"}, {"index": 5, "attribution": 0.011619032491560002, "content_attribution": -0.004743820116419649, "stance_attribution": 0.016362852607979653, "tweet_id": 524969011365548034, "text": "\u201c@PzFeed: BREAKING NEWS: ONE SOLDIER HAS DIED AFTER OTTAWA SHOOTING, SUSPECT(S) STILL AT LARGE - http://t.co/BmW3O4IpGd\u201d &lt; Just crazy!!", "type": "direct_reply"}, {"index": 2, "attribution": 0.005532944725597543, "content_attribution": 5.365233861598438e-05, "stance_attribution": 0.005479292386981559, "tweet_id": 524966848954400769, "text": "RIP - \ud83d\udc9c\ud83d\udc99 \u201c@PzFeed: BREAKING NEWS: ONE SOLDIER HAS DIED AFTER OTTAWA SHOOTING, SUSPECT(S) STILL AT LARGE - http://t.co/nx2x8qk223\u201d", "type": "direct_reply"}, {"index": 4, "attribution": -0.011201096077832488, "content_attribution": -0.00455168088071191, "stance_attribution": -0.006649415197120579, "tweet_id": 524966397223653376, "text": "@PzFeed Soldier NOT dead... Shot and wounded, currently at hospital.", "type": "direct_reply"}, {"index": 6, "attribution": -0.011984820488529538, "content_attribution": -0.0033199791978643723, "stance_attribution": -0.008664841290665169, "tweet_id": 524966199474786304, "text": "@PzFeed Thanks to Harper warmongering... innocent people die not only in Iraq and Syria but in Canada now too...", "type": "direct_reply"}]}