{"thread_id": "524965775036387329", "gold_label": 0, "predicted_label": 0, "tweet_attributions": [{"index": 0, "attribution": 0.1995665196196366, "content_attribution": -0.005121316269689299, "stance_attribution": 0.2046878358893259, "tweet_id": 524965775036387329, "text": "Hero. @affanchowdhry: Kevin Vickers, head of security in parliament, being credited for taking down shooter #Ottawa http://t.co/rVYetE0KYq\"", "type": "source"}, {"index": 4, "attribution": 0.12654419664532315, "content_attribution": 0.000563058875735434, "stance_attribution": 0.12598113776958772, "tweet_id": 525015279387299840, "text": "@LindaFrum @affanchowdhry.. \nThis was an attack on all Canadians whatever stripe \nObviously these despicable acts are from cowardly cretins.", "type": "direct_reply"}, {"index": 1, "attribution": 0.020129103903025886, "content_attribution": -0.0052189991674427075, "stance_attribution": 0.02534810307046859, "tweet_id": 525005729938554882, "text": "@LindaFrum @affanchowdhry The real hero is the soldier who lost his life doing his job and serving his country.", "type": "direct_reply"}, {"index": 2, "attribution": 0.016338373711930344, "content_attribution": 0.002355617774032215, "stance_attribution": 0.013982755937898125, "tweet_id": 524972195978964993, "text": "@LindaFrum @LeBlancJpl @affanchowdhry good for Vickers", "type": "direct_reply"}, {"index": 3, "attribution": 0.011215405543093394, "content_attribution": -0.006877080114474342, "stance_attribution": 0.01809248565756774, "tweet_id": 524974387125317633, "text": "@LindaFrum @affanchowdhry  absolutely!", "type": "direct_reply"}]}