{"thread_id": "524943886553468929", "gold_label": 0, "predicted_label": 2, "tweet_attributions": [{"index": 6, "attribution": 2.417032838732043, "content_attribution": 0.05260149754366394, "stance_attribution": 2.364431341188379, "tweet_id": 524967843079933953, "text": "@sofiadmateus @SkyNewsBreak I expected it given ISIS threats I just wouldnt think Canada would be the first", "type": "lower_reply"}, {"index": 12, "attribution": 1.3922314399736806, "content_attribution": 0.003724711069617424, "stance_attribution": 1.3885067289040633, "tweet_id": 524968863331782656, "text": "@sofiadmateus @SkyNewsBreak yeah but id be really suprised if its not, its not 1 crazy guy losing it is it", "type": "lower_reply"}, {"index": 14, "attribution": 0.783799908211285, "content_attribution": 0.015965398645326073, "stance_attribution": 0.7678345095659589, "tweet_id": 524944829453963264, "text": "@sofiadmateus @SkyNewsBreak 3", "type": "lower_reply"}, {"index": 15, "attribution": 0.2499237302888303, "content_attribution": 0.030226412443901313, "stance_attribution": 0.21969731784492902, "tweet_id": 524969357064278016, "text": "@James_Aston_29 @SkyNewsBreak Not saying that it's that or that it isn't, just I'd rather wait to see what it is exactly...", "type": "lower_reply"}, {"index": 0, "attribution": 0.15586694751366142, "content_attribution": 0.06036928114397459, "stance_attribution": 0.09549766636968685, "tweet_id": 524943886553468929, "text": "Reuters: One gunman has been shot dead inside Canadian parliament building #OttawaShooting", "type": "source"}, {"index": 16, "attribution": 0.02033008661978944, "content_attribution": -0.0004698481601896273, "stance_attribution": 0.020799934779979067, "tweet_id": 524950898301493248, "text": "@SkyNewsBreak If this turns out to be a Jihadist, may the world wake up !", "type": "direct_reply"}, {"index": 10, "attribution": 0.007879613653830296, "content_attribution": 0.0010071807085052387, "stance_attribution": 0.006872432945325057, "tweet_id": 524945769980497920, "text": "\u201c@SkyNewsBreak: Reuters: One gunman has been shot dead inside Canadian parliament building #OttawaShooting\u201d wtffff", "type": "direct_reply"}, {"index": 9, "attribution": 0.0027913034482072944, "content_attribution": 0.00047617495574604795, "stance_attribution": 0.0023151284924612468, "tweet_id": 524944180339281922, "text": "@SkyNewsBreak @SkyNews good!", "type": "direct_reply"}, {"index": 2, "attribution": -0.00012414334302020022, "content_attribution": 0.00026120180492724733, "stance_attribution": -0.0003853451479474474, "tweet_id": 524945497078116352, "text": "\u201c@SkyNewsBreak: Reuters: One gunman has been shot dead inside Canadian parliament building #OttawaShooting\u201d", "type": "direct_reply"}, {"index": 1, "attribution": -0.0005291067500567681, "content_attribution": 0.0004017927657115399, "stance_attribution": -0.0009308995157683076, "tweet_id": 524983378169581569, "text": "@SkyNewsBreak Ottowa.bet it was D.despicable.I.indiscriminate.S.stupid IS.C.condemnated.O.ooo..oops that was Ottowan..they even attack music", "type": "direct_reply"}, {"index": 8, "attribution": -0.001346174439579418, "content_attribution": -0.000537819908662324, "stance_attribution": -0.0008083545309170941, "tweet_id": 524944052924710913, "text": "@SkyNewsBreak hope it was @justinbieber", "type": "direct_reply"}, {"index": 3, "attribution": -0.0026724000202537936, "content_attribution": 0.01441362014479051, "stance_attribution": -0.01708602016504431, "tweet_id": 524944238661079040, "text": "@SkyNewsBreak There was more than one?", "type": "direct_reply"}, {"index": 4, "attribution": -0.004135861368897547, "content_attribution": -0.0032590658898376573, "stance_attribution": -0.0008767954790598909, "tweet_id": 524947211864801280, "text": "\u201c@SkyNewsBreak: Reuters: One gunman has been shot dead inside Canadian parliament building #OttawaShooting\u201d #fuoriuno", "type": "direct_reply"}, {"index": 7, "attribution": -0.0046729478475024825, "content_attribution": -0.0015148346907622673, "stance_attribution": -0.003158113156740215, "tweet_id": 524945538782097408, "text": "@SkyNewsBreak sounds like a 2nd suspect shot now #OttawaShooting", "type": "direct_reply"}, {"index": 13, "attribution": -0.00887766213776176, "content_attribution": -0.003154006868113898, "stance_attribution": -0.005723655269647862, "tweet_id": 524944078480621568, "text": "@SkyNewsBreak @BBCWorld So there is more than 1 shooter? https://t.co/39dZbPmEAJ", "type": "direct_reply"}, {"index": 11, "attribution": -0.13024828418265624, "content_attribution": 0.05467029491416145, "stance_attribution": -0.1849185790968177, "tweet_id": 524947360456380416, "text": "@James_Aston_29 @SkyNewsBreak Thanks. I can't believe it....", "type": "lower_reply"}, {"index": 5, "attribution": -0.4917003611804695, "content_attribution": 0.029052540802531467, "stance_attribution": -0.520752901983001, "tweet_id": 524968614966091776, "text": "@James_Aston_29 @SkyNewsBreak There is no concrete indication yet that this incident has any connection with ISIS, correct?", "type": "lower_reply"}]}