{"thread_id": "524940014065811456", "gold_label": 0, "predicted_label": 2, "tweet_attributions": [{"index": 2, "attribution": 4.0447381552338335, "content_attribution": 0.012067568869526308, "stance_attribution": 4.032670586364308, "tweet_id": 524945505030529024, "text": "@cnni Wait times at Canadian hospitals can reach 18 hours or more", "type": "lower_reply"}, {"index": 9, "attribution": 2.6896198447559994, "content_attribution": 0.07183887656332302, "stance_attribution": 2.6177809681926765, "tweet_id": 524946072352092160, "text": "@cnni Canada's aboriginals live in intermittent camps with no clean water and no hope while new Immagrats get free health care and cash", "type": "lower_reply"}, {"index": 5, "attribution": 1.7893000806864863, "content_attribution": 0.000711243459854319, "stance_attribution": 1.788588837226632, "tweet_id": 524944938317119488, "text": "@cnni wsib in Ontario, Canada has ruined more injuried worker's lives than the work related injuries have While lining their pockets", "type": "lower_reply"}, {"index": 13, "attribution": 0.2298916238663714, "content_attribution": 0.027396340896939538, "stance_attribution": 0.20249528296943187, "tweet_id": 524946485239365632, "text": "@cnni Federal politicians gave themselves, voted themselves a life time pension after 6 years in office", "type": "lower_reply"}, {"index": 12, "attribution": 0.08228964344709036, "content_attribution": 0.03260342124102849, "stance_attribution": 0.04968622220606186, "tweet_id": 524946896365047809, "text": "@cnni Government agencies do nothing to help and are only in existence for their salaries and out of control pensions", "type": "lower_reply"}, {"index": 19, "attribution": 0.025752465184457046, "content_attribution": 0.02755141241173356, "stance_attribution": -0.0017989472272765157, "tweet_id": 524944390935310336, "text": "@cnni Politicians in Canada line their pockets while the citizens go to under funded foodbanks", "type": "direct_reply"}, {"index": 1, "attribution": 0.022665378330879372, "content_attribution": -0.0011215812667808823, "stance_attribution": 0.02378695959766025, "tweet_id": 524944028581003264, "text": "@cnni Bound2happen w/ the way the Canadian politicians &amp; civil servants treat the tax payers of Canada Surprised it didn't happen sooner", "type": "direct_reply"}, {"index": 4, "attribution": 0.018329887532213443, "content_attribution": 0.028718875879068552, "stance_attribution": -0.010388988346855112, "tweet_id": 524940198673924096, "text": "@cnni shooter inside the parliament has been killed but possible second shooter near the Chateau Laurier hotel.", "type": "direct_reply"}, {"index": 14, "attribution": 0.01630852462042465, "content_attribution": 0.01909824409854637, "stance_attribution": -0.002789719478121719, "tweet_id": 524966311126761473, "text": "@worldmist1 Thanks...thought it an Oprah kinda moment...! LOL..!", "type": "lower_reply"}, {"index": 11, "attribution": 0.015476992758202305, "content_attribution": 0.017516068527883656, "stance_attribution": -0.0020390757696813495, "tweet_id": 524965034095435776, "text": "Exactly! @hoosercharles58", "type": "lower_reply"}, {"index": 20, "attribution": 0.008726785147447368, "content_attribution": -7.65274182716689e-05, "stance_attribution": 0.008803312565719036, "tweet_id": 524941980673904640, "text": "@cnni @CNN my goodness!", "type": "direct_reply"}, {"index": 6, "attribution": 0.005860177324887486, "content_attribution": 0.0015626663111844349, "stance_attribution": 0.00429751101370305, "tweet_id": 524940558997807104, "text": "@JWadeMoses @cnni Whoa! \ud83d\ude31", "type": "lower_reply"}, {"index": 18, "attribution": 0.0032161788149013487, "content_attribution": 0.004373241983968818, "stance_attribution": -0.0011570631690674682, "tweet_id": 524953254765920256, "text": "@cnni @worldmist1 @CNN Why do I see CNN as running \"toward\" the incident in Canada...yet...have seen CNN running \"away\" from Ferguson..?", "type": "direct_reply"}, {"index": 8, "attribution": 0.0023692720875840186, "content_attribution": -0.00026841118036618924, "stance_attribution": 0.0026376832679502085, "tweet_id": 524963925025366016, "text": "Kanada bile sapitti \u201c@cnni: BREAKING: \"Dozens\" of shots fired in Canada's Parliament after gunman entered main door http://t.co/K0wfxoqvpo\u201d", "type": "direct_reply"}, {"index": 3, "attribution": 0.0008379002610965547, "content_attribution": 0.00017188830836897, "stance_attribution": 0.0006660119527275849, "tweet_id": 524961526331887616, "text": "@cnni My map app shows tweets from #Ottawa shooting site http://t.co/VlcPC99uBJ \u2026 #ParliamentHill", "type": "direct_reply"}, {"index": 7, "attribution": 0.00038578441409709604, "content_attribution": 0.0005496333646310746, "stance_attribution": -0.00016384895053397837, "tweet_id": 524940830470316032, "text": "@cnni  word of police swarming hotel near parliament hill no word why", "type": "direct_reply"}, {"index": 17, "attribution": 0.00010431829828149754, "content_attribution": -0.00020525412598008095, "stance_attribution": 0.0003095724242615785, "tweet_id": 524946661681143808, "text": "@cnni What I do not get is they are saying that the Parliament Building doesn't have a metal detector. How can it not have a metal detector?", "type": "direct_reply"}, {"index": 16, "attribution": -0.007946630388003844, "content_attribution": -0.0005949436482835989, "stance_attribution": -0.007351686739720245, "tweet_id": 524942010080579584, "text": "@cnni \"Breaking news\" is so played out now!  \ud83d\ude1e\ud83d\ude1e\ud83d\ude1e\ud83d\ude1e", "type": "direct_reply"}, {"index": 10, "attribution": -0.010348636160176691, "content_attribution": 0.0004133644895441213, "stance_attribution": -0.010762000649720811, "tweet_id": 524945310695837696, "text": "@cnni Government of Canada ignores the veterans' needs to the point where they commit suicide", "type": "lower_reply"}, {"index": 0, "attribution": -0.013779055668905497, "content_attribution": 0.07335766590292335, "stance_attribution": -0.08713672157182883, "tweet_id": 524940014065811456, "text": "BREAKING: \"Dozens\" of shots fired in Canada's Parliament after gunman entered main door, Ottawa journalist says. http://t.co/qsAnGNqBEw", "type": "source"}, {"index": 15, "attribution": -0.017297247304038803, "content_attribution": -0.0020453952082451843, "stance_attribution": -0.01525185209579362, "tweet_id": 524944290834026496, "text": "@cnni  Don't they have strict gun laws there?", "type": "direct_reply"}]}