{"thread_id": "524943721302089728", "gold_label": 0, "predicted_label": 2, "tweet_attributions": [{"index": 8, "attribution": 1.4086913775088907, "content_attribution": 0.05754459965694801, "stance_attribution": 1.3511467778519426, "tweet_id": 524944209980448768, "text": "@ReutersLive @Reuters Shooter inside the parliament has been killed, second one dtill on the loose", "type": "direct_reply"}, {"index": 1, "attribution": 1.3009238072796288, "content_attribution": 0.08729522486661001, "stance_attribution": 1.2136285824130189, "tweet_id": 524945412252499968, "text": "@FaithBased92 @ReutersLive @Reuters Monday a radicalized canadian killed one Canadian soldier and now that .... I am pretty sure its one.", "type": "lower_reply"}, {"index": 14, "attribution": 1.2154824814084526, "content_attribution": 0.020226256176692665, "stance_attribution": 1.19525622523176, "tweet_id": 524944944344338433, "text": "@FaithBased92 @ReutersLive @Reuters Possibility of a third one too", "type": "lower_reply"}, {"index": 16, "attribution": 1.0258305537909145, "content_attribution": 0.01693729868968275, "stance_attribution": 1.008893255101232, "tweet_id": 524946189134102528, "text": "@FaithBased92 @ReutersLive @Reuters Can happen everywhere, stay safe.", "type": "lower_reply"}, {"index": 18, "attribution": 0.481444938096241, "content_attribution": 0.019251489030671726, "stance_attribution": 0.46219344906556925, "tweet_id": 524944836378775552, "text": "@JWadeMoses @ReutersLive @Reuters There's two?", "type": "lower_reply"}, {"index": 7, "attribution": 0.15668388952027956, "content_attribution": 0.00023365266052497856, "stance_attribution": 0.15645023685975457, "tweet_id": 524947193913147392, "text": "@JWadeMoses @ReutersLive @Reuters Would need potassium iodide pills and would have to go west to get away.", "type": "lower_reply"}, {"index": 15, "attribution": 0.1487660831286611, "content_attribution": 0.03551310514709931, "stance_attribution": 0.11325297798156181, "tweet_id": 524946097161392128, "text": "@JWadeMoses @ReutersLive @Reuters I know about monday. I agree. This is too well done. And if it happened in Canada...it can happen here in", "type": "lower_reply"}, {"index": 19, "attribution": 0.11505155749317161, "content_attribution": 0.02974451255018832, "stance_attribution": 0.08530704494298327, "tweet_id": 524946124315324416, "text": "@JWadeMoses @ReutersLive @Reuters the USA.", "type": "lower_reply"}, {"index": 4, "attribution": 0.0938944469308455, "content_attribution": 0.06032324014759537, "stance_attribution": 0.03357120678325015, "tweet_id": 524945256446693377, "text": "@JWadeMoses @ReutersLive @Reuters What are the odds this is terrorism?", "type": "lower_reply"}, {"index": 5, "attribution": 0.08164245494327364, "content_attribution": -0.0019507091542462916, "stance_attribution": 0.08359316409751993, "tweet_id": 524947069908549632, "text": "@JWadeMoses @ReutersLive @Reuters However there is a power plant a couple miles away, and I live in the hot zone if it blew.", "type": "lower_reply"}, {"index": 3, "attribution": 0.0045684269263129955, "content_attribution": -0.0003977749672453741, "stance_attribution": 0.0049662018935583705, "tweet_id": 524953293483556865, "text": "@ReutersLive @Reuters Those IS pigs plan multiple attacks in one day. That:s their modus operandi.", "type": "direct_reply"}, {"index": 10, "attribution": 0.0028814276139928693, "content_attribution": 0.00018204815357780334, "stance_attribution": 0.0026993794604150707, "tweet_id": 524944115738632194, "text": "\u201c@ReutersLive: Stay with us for LIVE coverage on the active shooting at Canadian parliament: http://t.co/UbU1uAXLUm http://t.co/nBlBhrNdZu\u201d", "type": "direct_reply"}, {"index": 9, "attribution": 0.0018501136577009627, "content_attribution": 0.0002675021645617535, "stance_attribution": 0.001582611493139209, "tweet_id": 524953059684651008, "text": "@ReutersLive @Reuters This could very well be a \"decoy\", the first of many more terrorist plots in other Canadian provinces. This is jihad", "type": "direct_reply"}, {"index": 17, "attribution": 0.0016473470797470045, "content_attribution": 0.0004901177202433371, "stance_attribution": 0.0011572293595036665, "tweet_id": 524947995683725312, "text": "@ReutersLive A video seized from the Ukrainian troops is showing Nazi battalion Donbass executing Donbass... http://t.co/HfS3Fubj0k", "type": "direct_reply"}, {"index": 12, "attribution": -0.0004365785799058721, "content_attribution": -0.0008749820071169056, "stance_attribution": 0.0004384034272110337, "tweet_id": 524945118579916801, "text": "@ReutersLive We need some chemo or radiation or something to kill the tumours.", "type": "direct_reply"}, {"index": 13, "attribution": -0.006043146281177858, "content_attribution": 0.00031004929531474527, "stance_attribution": -0.0063531955764926035, "tweet_id": 524957887123054593, "text": "@ReutersLive @ReutersIndia World should punish the offenders.I know the feelings of inside people.I was inside indian parliamen duringattack", "type": "direct_reply"}, {"index": 11, "attribution": -0.014501450333291206, "content_attribution": 0.0027671217067100832, "stance_attribution": -0.01726857204000129, "tweet_id": 524946687157370880, "text": "@JWadeMoses @ReutersLive @Reuters I live in a podunk little town that hasn't been targeted since WWII.", "type": "lower_reply"}, {"index": 0, "attribution": -0.032434216496555396, "content_attribution": 0.07667068141309509, "stance_attribution": -0.10910489790965049, "tweet_id": 524943721302089728, "text": "Stay with us for LIVE coverage on the active shooting at Canadian parliament: http://t.co/vglAGcuBQZ http://t.co/cI7IXtJc82", "type": "source"}, {"index": 2, "attribution": -0.08350187050987132, "content_attribution": -0.0031357727006588775, "stance_attribution": -0.08036609780921244, "tweet_id": 525041607310311425, "text": "@ReutersLive #weneedironmanandorsentinels", "type": "lower_reply"}, {"index": 6, "attribution": -0.22851160801718334, "content_attribution": -0.00724743135681677, "stance_attribution": -0.2212641766603666, "tweet_id": 524944791252238336, "text": "@ReutersLive It looks like the ISIS disease is spreading...", "type": "direct_reply"}]}