{"thread_id": "524937330923417600", "gold_label": 2, "predicted_label": 2, "tweet_attributions": [{"index": 10, "attribution": 1.2204507072810502, "content_attribution": 0.030202957466834792, "stance_attribution": 1.1902477498142152, "tweet_id": 524950846396579841, "text": "@globeandmail STUPID CANADA IMPORT MUSLIMS &amp; BLACKS EVERY COUNTRY WILL BE DEVOURED DESTROYED BY WORLD VERMINTS \"COLONIZATION OF WHITE RACE\"", "type": "direct_reply"}, {"index": 2, "attribution": 0.035880546889616206, "content_attribution": 0.00045207396768657984, "stance_attribution": 0.03542847292192963, "tweet_id": 524939124093235201, "text": "#AttackInOttawa\nDowntown\n@globeandmail: Gunman on loose aft soldier shot\n#Ottawa war memorial\nhttp://t.co/Lgu3eHZmxD\nhttp://t.co/xffx8QKUPd", "type": "direct_reply"}, {"index": 5, "attribution": 0.020847700352533863, "content_attribution": -0.0003246793257024546, "stance_attribution": 0.02117237967823632, "tweet_id": 524938501381685248, "text": "yikes \u201c@globeandmail: UPDATED: Gunman on the loose after soldier shot at Ottawa war memorial http://t.co/upd3YhrAtJ http://t.co/OOVpa11ijE\u201d", "type": "direct_reply"}, {"index": 8, "attribution": 0.017734326169810778, "content_attribution": 0.00014192270120327914, "stance_attribution": 0.017592403468607496, "tweet_id": 524938892483756032, "text": "@globeandmail Thanks for useful map - non Ottawa people don't have a feel for the layout.", "type": "direct_reply"}, {"index": 1, "attribution": 0.016800578763575665, "content_attribution": -0.00023222325428175314, "stance_attribution": 0.017032802017857424, "tweet_id": 524944459763437569, "text": "@globeandmail ISIS has declared jihad on western soldiers. Is this &amp; the vehicular murder of the soldier connected? @WhiteHouse Are we next?", "type": "direct_reply"}, {"index": 3, "attribution": 0.0038074599162104222, "content_attribution": 0.00012086814433296799, "stance_attribution": 0.0036865917718774525, "tweet_id": 524939622132895744, "text": "@globeandmail My twitter app shwos Ottawa shotting http://t.co/VlcPC99uBJ", "type": "direct_reply"}, {"index": 4, "attribution": 0.002286485457851588, "content_attribution": 0.003666328667348226, "stance_attribution": -0.0013798432094966392, "tweet_id": 524947122802946049, "text": "@Cuellar360 dis u?  @globeandmail", "type": "direct_reply"}, {"index": 12, "attribution": 0.0016590172136528754, "content_attribution": 0.010913624652598954, "stance_attribution": -0.009254607438946079, "tweet_id": 524962195428622336, "text": "@IZEDNECK @globeandmail EMAS", "type": "lower_reply"}, {"index": 7, "attribution": 0.0009345718048699763, "content_attribution": 9.782931120870648e-05, "stance_attribution": 0.0008367424936612699, "tweet_id": 524941478758727680, "text": "\u201c@globeandmail: UPDATED: Gunman on the loose after soldier shot at Ottawa war memorial http://t.co/hewEzX0SDP http://t.co/5ooPhpQjgx\u201d", "type": "direct_reply"}, {"index": 11, "attribution": 0.0008346413435120192, "content_attribution": 6.311956429583792e-05, "stance_attribution": 0.0007715217792161812, "tweet_id": 524938406582050816, "text": "\u201c@globeandmail: UPDATED: Gunman on the loose after soldier shot at Ottawa war memorial http://t.co/8bTTcZC1ld http://t.co/q7JWxe3UwX\u201d", "type": "direct_reply"}, {"index": 9, "attribution": -0.002207165103319442, "content_attribution": -0.0011440583513718117, "stance_attribution": -0.00106310675194763, "tweet_id": 524943094631108610, "text": "\u201c@globeandmail: UPDATED: Gunman on the loose after soldier shot at #Ottawa war memorial http://t.co/jKne45gMhQ http://t.co/MvUxgzr2GR\u201d", "type": "direct_reply"}, {"index": 6, "attribution": -0.01606134697612809, "content_attribution": 0.08352004086384421, "stance_attribution": -0.09958138783997228, "tweet_id": 524953935711596544, "text": "@FastFuriousBOLD @globeandmail this is the exact kind of statement that would come out of the mouth of an extremist. Very scary.", "type": "lower_reply"}, {"index": 0, "attribution": -0.7375975428197512, "content_attribution": 0.08762041090082473, "stance_attribution": -0.8252179537205758, "tweet_id": 524937330923417600, "text": "UPDATED: Gunman on the loose after soldier shot at Ottawa war memorial http://t.co/0XJ9qbOJ3G http://t.co/Mqgn3ouul8", "type": "source"}]}