{"thread_id": "524981945131102211", "gold_label": 0, "predicted_label": 0, "tweet_attributions": [{"index": 0, "attribution": 0.10686148781970155, "content_attribution": -0.053388077116334046, "stance_attribution": 0.1602495649360356, "tweet_id": 524981945131102211, "text": "Prayers for #Ottawa, those directly affected, family of the soldier who died. God keep our land glorious and free.  #WeStandOnGuardForThee", "type": "source"}, {"index": 3, "attribution": 0.09322967064747698, "content_attribution": 0.0010975326658482737, "stance_attribution": 0.0921321379816287, "tweet_id": 524996558837002241, "text": "@paulbrandt greatest place on earth! Prayers to everyone", "type": "direct_reply"}, {"index": 2, "attribution": 0.01741379196903736, "content_attribution": 0.004091685850798971, "stance_attribution": 0.013322106118238395, "tweet_id": 524982697052340224, "text": "@paulbrandt #nomorelossoflife", "type": "direct_reply"}, {"index": 5, "attribution": 0.015619343482615872, "content_attribution": -0.0050281238247536, "stance_attribution": 0.020647467307369466, "tweet_id": 524982249838903296, "text": "@paulbrandt Amen", "type": "direct_reply"}, {"index": 4, "attribution": -0.000518142178748713, "content_attribution": -0.0062698105298780865, "stance_attribution": 0.005751668351129375, "tweet_id": 524982799858958336, "text": "@paulbrandt Amen.", "type": "direct_reply"}, {"index": 1, "attribution": -0.010419414085907502, "content_attribution": -0.006768498516537484, "stance_attribution": -0.0036509155693700193, "tweet_id": 524983258225065986, "text": "@paulbrandt Amen.", "type": "direct_reply"}]}