{"thread_id": "524927281048080385", "gold_label": 2, "predicted_label": 2, "tweet_attributions": [{"index": 14, "attribution": 3.9996927171893892, "content_attribution": 0.0029146121213204923, "stance_attribution": 3.9967781050680693, "tweet_id": 524942844499619841, "text": "@Russell_Barth @devo1400 @spaikin I've had concerns about that for a while", "type": "lower_reply"}, {"index": 34, "attribution": 3.462212994186037, "content_attribution": 0.0065421637835483305, "stance_attribution": 3.4556708304024886, "tweet_id": 524965141268692993, "text": "@dmatthewmillar @Russell_Barth @devo1400 @spaikin Sure but in how many years has this happened? This is extremely unusual.", "type": "lower_reply"}, {"index": 40, "attribution": 1.6041831000074647, "content_attribution": 0.013150875351609446, "stance_attribution": 1.5910322246558555, "tweet_id": 524942493050494976, "text": "@devo1400 @dmatthewmillar @spaikin \nfunny, a guy with a joint can't make it past the memorial flame, but a gunman, whoosh, right inside", "type": "lower_reply"}, {"index": 19, "attribution": 0.6049596323417286, "content_attribution": -0.002177561462563117, "stance_attribution": 0.6071371938042917, "tweet_id": 524965546379739136, "text": "@dmatthewmillar @Russell_Barth @devo1400 @spaikin In historical terms this is a blip. Screw those losers.", "type": "lower_reply"}, {"index": 1, "attribution": 0.5224508158177137, "content_attribution": 0.007711039900812832, "stance_attribution": 0.5147397759169009, "tweet_id": 524965532211351552, "text": "@Ont_Ombudsnanny @dmatthewmillar @devo1400 @spaikin \nvery rare. but it has been increasingly likely as we chop away at ment hlth services", "type": "lower_reply"}, {"index": 2, "attribution": 0.1939033852729217, "content_attribution": 0.010387771694571439, "stance_attribution": 0.18351561357835025, "tweet_id": 524966130700791808, "text": "@Russell_Barth @dmatthewmillar @devo1400 @spaikin 1/2 Violence doesn't automatically indicate a relationship to MH.", "type": "lower_reply"}, {"index": 6, "attribution": 0.06462380885729377, "content_attribution": 0.0400413108712438, "stance_attribution": 0.024582497986049966, "tweet_id": 524968348468412416, "text": "@Ont_Ombudsnanny @dmatthewmillar @devo1400 @spaikin \nthe truth will never come out. martial law is coming", "type": "lower_reply"}, {"index": 0, "attribution": 0.06257354764883592, "content_attribution": 0.03270476931127293, "stance_attribution": 0.029868778337562983, "tweet_id": 524927281048080385, "text": "Snipers set up on National Art Gallery as we remain barricaded in Centre Block on Parliament Hill #cdnpoli. http://t.co/lWKaxLI9jO", "type": "source"}, {"index": 35, "attribution": 0.049172058702780616, "content_attribution": 0.04968905164706882, "stance_attribution": -0.0005169929442881994, "tweet_id": 524947016238268416, "text": "@_spookyboobs @dmatthewmillar right &amp; terrorist don't have access to social media to find out where we have placed that valuable security!", "type": "lower_reply"}, {"index": 32, "attribution": 0.029337979222600084, "content_attribution": 0.01368279609513371, "stance_attribution": 0.01565518312746637, "tweet_id": 524934434404192256, "text": "@dmatthewmillar @spaikin odd how they happened to be already ready for this, eh? doesn't look staged at all. nope. totally believable.", "type": "direct_reply"}, {"index": 37, "attribution": 0.024733232691797183, "content_attribution": 0.004092824178711314, "stance_attribution": 0.02064040851308586, "tweet_id": 524966663251566594, "text": "@Ont_Ombudsnanny @dmatthewmillar @devo1400 @spaikin true enough", "type": "lower_reply"}, {"index": 11, "attribution": 0.024335887850045243, "content_attribution": 0.018603863841035122, "stance_attribution": 0.005732024009010123, "tweet_id": 524941965012795393, "text": "@Maritimes_HOME @dmatthewmillar because canada doesnt fuck around with security", "type": "lower_reply"}, {"index": 10, "attribution": 0.024285683292291596, "content_attribution": 0.008867581304953562, "stance_attribution": 0.01541810198733803, "tweet_id": 524968082083958784, "text": "@Russell_Barth @dmatthewmillar @devo1400 @spaikin Ah true. Problem now is we'll probably only get coroner's details \ud83d\ude01 they won't make it.", "type": "lower_reply"}, {"index": 27, "attribution": 0.023840398596208668, "content_attribution": 0.018383435137166032, "stance_attribution": 0.005456963459042632, "tweet_id": 524931034329395200, "text": "@dmatthewmillar very helpful why would you tweet that!!??", "type": "direct_reply"}, {"index": 38, "attribution": 0.01931017095478605, "content_attribution": 0.019671808348530974, "stance_attribution": -0.0003616373937449264, "tweet_id": 524948547750621184, "text": "@Maritimes_HOME @dmatthewmillar lmao you expect social media to shut down during a shooting? thats when most tweets happen fuckboi", "type": "lower_reply"}, {"index": 33, "attribution": 0.018112986387478637, "content_attribution": 0.05826184247585542, "stance_attribution": -0.04014885608837678, "tweet_id": 524969635410870273, "text": "@Russell_Barth @dmatthewmillar @devo1400 @spaikin Not EVERYTHING will come out. But we will get details, especially these days.", "type": "lower_reply"}, {"index": 39, "attribution": 0.017769642961033217, "content_attribution": -0.0006737824681856585, "stance_attribution": 0.018443425429218875, "tweet_id": 524928510654443520, "text": "@Rory_Johnston @zoewhittall @elamin88 @dmatthewmillar holy shit, i would never have known that was possible", "type": "lower_reply"}, {"index": 20, "attribution": 0.01673780361755487, "content_attribution": 0.018039235390856882, "stance_attribution": -0.001301431773302012, "tweet_id": 524970281379823616, "text": "@Russell_Barth @dmatthewmillar @devo1400 @spaikin Call me bad Canuck, I hope those fucktards get their asses kicked. http://t.co/Xwl6nPO3UQ", "type": "lower_reply"}, {"index": 15, "attribution": 0.008827660577367353, "content_attribution": -0.0026110006392125397, "stance_attribution": 0.011438661216579894, "tweet_id": 524936956225282048, "text": "@dmatthewmillar showing the shooter where those police are???  @TSNBobMcKenzie", "type": "direct_reply"}, {"index": 25, "attribution": 0.006168620572173912, "content_attribution": 0.006143612645731004, "stance_attribution": 2.5007926442907862e-05, "tweet_id": 524970687803715584, "text": "@Russell_Barth @dmatthewmillar @devo1400 @spaikin And I know they will too :) #stupidattack", "type": "lower_reply"}, {"index": 12, "attribution": 0.0053873753222946534, "content_attribution": 0.0011723009703754226, "stance_attribution": 0.004215074351919231, "tweet_id": 524966555072094208, "text": "@Russell_Barth @dmatthewmillar @devo1400 @spaikin 2/2 If it did, every guy in the NHL would be institutionalized.", "type": "lower_reply"}, {"index": 24, "attribution": 0.002123436018490384, "content_attribution": 0.004933606924197862, "stance_attribution": -0.0028101709057074776, "tweet_id": 524971471501021184, "text": "@Russell_Barth @dmatthewmillar @devo1400 @spaikin This one was pretty good. Stay strong! Odd day, but have a good one anyways.", "type": "lower_reply"}, {"index": 18, "attribution": 0.0004485180423196636, "content_attribution": 0.0002837481457766263, "stance_attribution": 0.00016476989654303718, "tweet_id": 524939504982167552, "text": "@dmatthewmillar @Jaclyn_Colville Twice in one week!?!?!?! #Toclosetohomeforcomfort", "type": "direct_reply"}, {"index": 31, "attribution": 0.00034916102671279117, "content_attribution": -0.0009882385709106365, "stance_attribution": 0.0013373995976234277, "tweet_id": 524938376735379457, "text": "@dmatthewmillar @FionaMcK also, maybe just window cleaners- https://t.co/QAhDtpg5bv", "type": "direct_reply"}, {"index": 22, "attribution": 0.00034215471820919443, "content_attribution": 0.0005991913621104971, "stance_attribution": -0.00025703664390130276, "tweet_id": 524934820124975106, "text": "@dmatthewmillar @gregobr Might be a good idea to not tweet about police movement/location?", "type": "direct_reply"}, {"index": 42, "attribution": 0.00028594642789617046, "content_attribution": 0.0004693299694910459, "stance_attribution": -0.0001833835415948754, "tweet_id": 524936331605323776, "text": "#AttackInOttawa\nPolice action\n@dmatthewmillar: Snipers NationalArtGallery\nwe r barricadedCentreBlock ParliamentHill\nhttp://t.co/HvykTnlcuz", "type": "direct_reply"}, {"index": 16, "attribution": -8.591964433170583e-05, "content_attribution": -0.0003122109494021194, "stance_attribution": 0.00022629130507041358, "tweet_id": 524928498771972096, "text": "@dmatthewmillar @LRyck why would you tweet the location of snipers? Who does that help? #cdnpoli", "type": "direct_reply"}, {"index": 8, "attribution": -0.0002218165746434319, "content_attribution": -0.0002218165746434319, "stance_attribution": 0.0, "tweet_id": 524927826718638081, "text": ".@dmatthewmillar What a silly response. They are targets 2 an embedded sniper. #Canada needs a #Security make-over. #Fail #CdnPoli #Design", "type": "direct_reply"}, {"index": 26, "attribution": -0.0004631378831541509, "content_attribution": -0.0004631378831541509, "stance_attribution": 0.0, "tweet_id": 524928326566412289, "text": "@dmatthewmillar  Stay safe.", "type": "direct_reply"}, {"index": 3, "attribution": -0.0006256554637128981, "content_attribution": -3.498821247721888e-05, "stance_attribution": -0.0005906672512356794, "tweet_id": 524936606516801536, "text": "Suivi - Des snipers positionn\u00e9s sur le toit de la national gallery en face du parlement #cdnpoli via @dmatthewmillar http://t.co/cwx0nDbkm4", "type": "direct_reply"}, {"index": 7, "attribution": -0.0006461374153368346, "content_attribution": -0.0006461374153368346, "stance_attribution": 0.0, "tweet_id": 524931933168746496, "text": "@dmatthewmillar Stay safe, Matt!", "type": "direct_reply"}, {"index": 30, "attribution": -0.000893067134464108, "content_attribution": -0.000869335709720314, "stance_attribution": -2.3731424743794044e-05, "tweet_id": 524939756455477249, "text": "@dmatthewmillar delete this you idiot", "type": "direct_reply"}, {"index": 4, "attribution": -0.0016625161125143285, "content_attribution": 0.00011735316644784547, "stance_attribution": -0.0017798692789621747, "tweet_id": 524967669083414528, "text": "@Ont_Ombudsnanny @dmatthewmillar @devo1400 @spaikin \n364 days a year, the cops are 100% unbelievable. today, everyone lines up to suck them", "type": "lower_reply"}, {"index": 28, "attribution": -0.0020282469006957203, "content_attribution": -0.0020282469006957203, "stance_attribution": 0.0, "tweet_id": 524929656190148609, "text": "@dmatthewmillar Stay safe, Matt.", "type": "direct_reply"}, {"index": 29, "attribution": -0.0026417908719059114, "content_attribution": -0.0018805384603612656, "stance_attribution": -0.0007612524115446454, "tweet_id": 524950880681201664, "text": "@dmatthewmillar email me at dcdesk@cctv-america.com when you get a chance - good to know you are safe -Nathan", "type": "lower_reply"}, {"index": 41, "attribution": -0.0032288074334496236, "content_attribution": 0.023562754936377307, "stance_attribution": -0.02679156236982694, "tweet_id": 524941897266397184, "text": "@Russell_Barth @dmatthewmillar @spaikin you're an idiot its parliament hill. Of course they're prepared for situations like this you idiot!", "type": "lower_reply"}, {"index": 9, "attribution": -0.011049445376922734, "content_attribution": 0.006257100777654987, "stance_attribution": -0.01730654615457772, "tweet_id": 524967144367591425, "text": "@Ont_Ombudsnanny @dmatthewmillar @devo1400 @spaikin \ni am only saying that all three scenarios are plausible.", "type": "lower_reply"}, {"index": 5, "attribution": -0.013694176532698039, "content_attribution": 0.001979229345454189, "stance_attribution": -0.015673405878152226, "tweet_id": 524942146475163649, "text": "@devo1400 @dmatthewmillar @spaikin \nhow the guy got that far leads me to suspect this is not what it seems.", "type": "lower_reply"}, {"index": 23, "attribution": -0.019544292273663173, "content_attribution": 0.0023441681965451397, "stance_attribution": -0.021888460470208315, "tweet_id": 524971151693729792, "text": "@Russell_Barth @dmatthewmillar @devo1400 @spaikin The science is ongoing, it can't cure, I got a link hang on...http://t.co/MmfTP5usPH", "type": "lower_reply"}, {"index": 13, "attribution": -0.024928347589453614, "content_attribution": 0.0032196261497252072, "stance_attribution": -0.028147973739178815, "tweet_id": 524967132090888192, "text": "@Russell_Barth @dmatthewmillar @devo1400 @spaikin That's why there are professionals. Average citizen can only currently make a guess.", "type": "lower_reply"}, {"index": 17, "attribution": -0.06153431400740833, "content_attribution": 0.02579763175223325, "stance_attribution": -0.08733194575964158, "tweet_id": 524969935383326721, "text": "@Ont_Ombudsnanny @dmatthewmillar @devo1400 @spaikin \nfrom the same cops and government who tell us that cancer-curing marijuana is evil.", "type": "lower_reply"}, {"index": 36, "attribution": -0.06474158859716916, "content_attribution": 0.011005959372307287, "stance_attribution": -0.07574754796947644, "tweet_id": 524965821337329666, "text": "@Ont_Ombudsnanny @dmatthewmillar @devo1400 @spaikin a) actual \"terror\", b) nutbars, c) false flag. all 3 r plausible http://t.co/6ZWDCGXXPw", "type": "lower_reply"}, {"index": 21, "attribution": -0.18301832574923071, "content_attribution": 0.01732030899188121, "stance_attribution": -0.2003386347411119, "tweet_id": 524966881573470208, "text": "@Russell_Barth @dmatthewmillar @devo1400 @spaikin That's rather specious. We don't know t MH situation. Can't b determined from a distance.", "type": "lower_reply"}]}