{"thread_id": "524965723672961024", "gold_label": 0, "predicted_label": 2, "tweet_attributions": [{"index": 12, "attribution": 4.071036207047737, "content_attribution": 0.07891337265481323, "stance_attribution": 3.992122834392924, "tweet_id": 524968675624112128, "text": "@Mrs__Met @GayPatriot @AFP The Soldier was shot in the chest. It was civilians who have rec'd non-life-threatening injuries.", "type": "lower_reply"}, {"index": 16, "attribution": 3.1956846483109747, "content_attribution": 0.0459746365581172, "stance_attribution": 3.149710011752857, "tweet_id": 524967867285250048, "text": "@theloon @GayPatriot @AFP I just heard on live Canada non life threatening injuries.", "type": "lower_reply"}, {"index": 18, "attribution": 0.790219368859421, "content_attribution": 0.0926755541138444, "stance_attribution": 0.6975438147455767, "tweet_id": 524970412816732162, "text": "@theloon @GayPatriot @AFP \n&gt;&gt;The soldier's condition is not known as this time.", "type": "lower_reply"}, {"index": 0, "attribution": 0.09087502330484312, "content_attribution": 0.06322729139822744, "stance_attribution": 0.027647731906615697, "tweet_id": 524965723672961024, "text": "#BREAKING Canada soldier shot near parliament has died, an official says", "type": "source"}, {"index": 15, "attribution": 0.03570851824992759, "content_attribution": -0.0006073486802580515, "stance_attribution": 0.03631586693018564, "tweet_id": 524967494725824512, "text": "\u201c@AFP: #BREAKING Canada soldier shot near parliament has died, an official says\u201d. Heartbreaking. What is wrong with people???", "type": "direct_reply"}, {"index": 8, "attribution": 0.012542983080836765, "content_attribution": -0.0002294435187070237, "stance_attribution": 0.012772426599543788, "tweet_id": 524966084097884160, "text": "=( RT @AFP: #BREAKING Canada soldier shot near parliament has died, an official says", "type": "direct_reply"}, {"index": 4, "attribution": 0.009975534113774574, "content_attribution": 0.00023563021458806815, "stance_attribution": 0.00973990389918651, "tweet_id": 524967403718209536, "text": "#BREAKING Canadian soldier shot near parliament has died, an official says v @AFP #Ottawa", "type": "direct_reply"}, {"index": 5, "attribution": 0.0015395132480596405, "content_attribution": 0.00017784891838014947, "stance_attribution": 0.0013616643296794906, "tweet_id": 524966958291496962, "text": "@AFP @EWErickson All this man was doing was honoring the war dead. And he is shot and killed by a cowardly punk.  Terrorist have no honor", "type": "direct_reply"}, {"index": 1, "attribution": 0.000848253266672542, "content_attribution": 0.000536643763331735, "stance_attribution": 0.00031160950334080715, "tweet_id": 524966043547336706, "text": "@AFP -- definitely the slowest #Breaking news agency.", "type": "direct_reply"}, {"index": 2, "attribution": 0.0008071633604402376, "content_attribution": 0.0003505997204278357, "stance_attribution": 0.00045656364001240196, "tweet_id": 524967652511744000, "text": "\u201c@AFP: #BREAKING Canada soldier shot near parliament has died, an official says\u201d Heartbreaking :'(", "type": "direct_reply"}, {"index": 6, "attribution": 0.0003103082336551387, "content_attribution": 7.002564488692281e-05, "stance_attribution": 0.00024028258876821585, "tweet_id": 524966342319800322, "text": "\u201c@AFP: #BREAKING Canada soldier shot near parliament has died, an official says\u201d", "type": "direct_reply"}, {"index": 3, "attribution": -2.2028749680598117e-05, "content_attribution": 0.00019512340784927373, "stance_attribution": -0.0002171521575298719, "tweet_id": 524966878406389760, "text": "\u201c@AFP: #BREAKING Canada soldier shot near parliament has died, an official says\u201d my heart is breaking.", "type": "direct_reply"}, {"index": 14, "attribution": -0.0001357684681268701, "content_attribution": 0.0002257738402029441, "stance_attribution": -0.00036154230832981417, "tweet_id": 524967331256995840, "text": "\u201c@AFP: #BREAKING Canada soldier shot near parliament has died, an official says\u201d", "type": "direct_reply"}, {"index": 11, "attribution": -0.00022472264886942987, "content_attribution": 0.0002485250333493994, "stance_attribution": -0.0004732476822188294, "tweet_id": 524966057673756672, "text": "\u201c@AFP: #BREAKING Canada soldier shot near parliament has died, an official says\u201d", "type": "direct_reply"}, {"index": 17, "attribution": -0.0002966571655861707, "content_attribution": -0.00023111106447447862, "stance_attribution": -6.554610111169215e-05, "tweet_id": 524966910128324609, "text": "@AFP how very sad. RIP hero.", "type": "direct_reply"}, {"index": 10, "attribution": -0.00032986400773997514, "content_attribution": 0.0002157063315196266, "stance_attribution": -0.0005455703392596017, "tweet_id": 524966042125090816, "text": "\u201c@AFP: #BREAKING Canada soldier shot near parliament has died, an official says\u201d -- Peaceful Canada no more? :(", "type": "direct_reply"}, {"index": 9, "attribution": -0.0021314911909679404, "content_attribution": -0.0009464175834266717, "stance_attribution": -0.0011850736075412684, "tweet_id": 524967140458115072, "text": "@AFP So sad, take a moment", "type": "direct_reply"}, {"index": 7, "attribution": -0.005116638096164319, "content_attribution": -0.0008145875382537481, "stance_attribution": -0.004302050557910572, "tweet_id": 524967358407114753, "text": "@AFP @LauraBabcock fuck.", "type": "direct_reply"}, {"index": 13, "attribution": -0.08342448388180383, "content_attribution": 0.0632369426232751, "stance_attribution": -0.14666142650507893, "tweet_id": 524982071992008704, "text": "@theloon @GayPatriot @AFP he died.\n:-(", "type": "lower_reply"}, {"index": 19, "attribution": -0.23773186770086735, "content_attribution": 0.0458567400782414, "stance_attribution": -0.2835886077791087, "tweet_id": 524967489445564416, "text": "@AFP @GayPatriot - This has NOT been confirmed by RCMP, Ottawa Police, Canadian Army, or Canadian news agencies.", "type": "direct_reply"}]}