{"thread_id": "524935791794221057", "gold_label": 1, "predicted_label": 2, "tweet_attributions": [{"index": 7, "attribution": 2.5150028739588124, "content_attribution": 0.08496411425979027, "stance_attribution": 2.4300387596990225, "tweet_id": 524936228387700736, "text": "@RT_com @DashaTurkey Avoid #Parliament Area So #WhiteHats Can Make Arrests", "type": "direct_reply"}, {"index": 2, "attribution": 1.8216483228002223, "content_attribution": 0.06814991222635385, "stance_attribution": 1.7534984105738687, "tweet_id": 524937098445746176, "text": "@nakedshortkilla @RT_com #Reminder :) http://t.co/nfzlloc7vN", "type": "lower_reply"}, {"index": 4, "attribution": 0.2176338427176861, "content_attribution": 0.03637537157669479, "stance_attribution": 0.1812584711409913, "tweet_id": 524939112814358529, "text": "@DashaTurkey @nakedshortkilla @RT_com iknow that because he is mason man and they who created the terrorist in the world like mafia isis!!!!", "type": "lower_reply"}, {"index": 11, "attribution": 0.10384477580589954, "content_attribution": 0.047953775060398454, "stance_attribution": 0.055891000745501095, "tweet_id": 524937781492350976, "text": "@DashaTurkey @RT_com #ArrestNaziyahu", "type": "lower_reply"}, {"index": 5, "attribution": 0.009202231634397214, "content_attribution": -0.0006034084961373585, "stance_attribution": 0.009805640130534574, "tweet_id": 524936161412644865, "text": "Good god \"@RT_com #OTTAWA SHOOTING: Police claim multiple suspects at large, ask people to avoid Paraliment area http://t.co/mNbMsZr8Zy\"", "type": "direct_reply"}, {"index": 10, "attribution": 0.009172732869771745, "content_attribution": -0.0018264316153871385, "stance_attribution": 0.010999164485158884, "tweet_id": 524987056183709696, "text": "@RT_com \n\nCIA Propaganda in blood to scare nationsto justfy invading Syria.The thugs who carried the attack r the CIA Terror operative", "type": "direct_reply"}, {"index": 9, "attribution": 0.004697075622637226, "content_attribution": 0.0004152636514950658, "stance_attribution": 0.004281811971142159, "tweet_id": 524942257636769792, "text": "@RT_com @sharonePack pray for Parliament Hill", "type": "direct_reply"}, {"index": 8, "attribution": 0.0018153795284489135, "content_attribution": -0.0009396717162523166, "stance_attribution": 0.0027550512447012303, "tweet_id": 524943251972038656, "text": "@RT_com @ClarkKentwars these dirty stupid cops trip over their own Dick and step on their busums", "type": "direct_reply"}, {"index": 3, "attribution": -0.002191802725179752, "content_attribution": -0.001955450288260767, "stance_attribution": -0.00023635243691898515, "tweet_id": 524986311422525440, "text": "@RT_com @EnaLolena it's over already.", "type": "direct_reply"}, {"index": 1, "attribution": -0.004075378367114599, "content_attribution": -0.00110668227979965, "stance_attribution": -0.0029686960873149507, "tweet_id": 524937006489825280, "text": "@RT_com chickens coming home to roost?", "type": "direct_reply"}, {"index": 6, "attribution": -0.006430092866062312, "content_attribution": 0.0008124038718074287, "stance_attribution": -0.0072424967378697394, "tweet_id": 524937591934578689, "text": "@RT_com IS IT CANADA'S 26/11 MUMBAI?", "type": "direct_reply"}, {"index": 0, "attribution": -0.3546946411795946, "content_attribution": 0.03328687920521611, "stance_attribution": -0.3879815203848107, "tweet_id": 524935791794221057, "text": "#OTTAWA SHOOTING: Police claim multiple suspects at large, ask people to avoid Paraliment area http://t.co/Zp9AKplH9p http://t.co/b3yQV4ewOs", "type": "source"}]}