{"thread_id": "524940659778920448", "gold_label": 2, "predicted_label": 0, "tweet_attributions": [{"index": 0, "attribution": 0.13179734940732085, "content_attribution": -0.06308863057684988, "stance_attribution": 0.19488597998417073, "tweet_id": 524940659778920448, "text": "Attack on Parliament: Soldier shot; gunman on the loose. Follow our developing story: http://t.co/bo99C9HqJE http://t.co/2FXEYtTl8w", "type": "source"}, {"index": 6, "attribution": 0.07753576905857115, "content_attribution": 0.009132142967713823, "stance_attribution": 0.06840362609085734, "tweet_id": 524971253388816385, "text": "@globeandmail R.I.P\ud83d\ude4f", "type": "direct_reply"}, {"index": 3, "attribution": 0.01199260378094484, "content_attribution": -0.007667119138564508, "stance_attribution": 0.019659722919509348, "tweet_id": 524966301085995008, "text": "\u201c@globeandmail: Attack on Parliament: Soldier shot; gunman on the loose.\u201d Thinking of everyone back home.", "type": "direct_reply"}, {"index": 2, "attribution": 0.005417457364702007, "content_attribution": 0.0008861958271394335, "stance_attribution": 0.004531261537562573, "tweet_id": 525100398718484481, "text": "@globeandmail Please remove this picture of Cpl Nathan Cirillo. Let's show this hero some dignity and the respect he deserves!!", "type": "direct_reply"}, {"index": 4, "attribution": 0.0017623983479086753, "content_attribution": -0.003721043537307308, "stance_attribution": 0.0054834418852159825, "tweet_id": 524943514686464000, "text": "\u201c@globeandmail: Attack on Parliament: Soldier shot; gunman on the loose: http://t.co/tIHEot5TXR http://t.co/HqN84tRbcT\u201d", "type": "direct_reply"}, {"index": 1, "attribution": 0.0013869333624167224, "content_attribution": -0.008771863686020901, "stance_attribution": 0.010158797048437626, "tweet_id": 524941666411872256, "text": "Soldier shot, shooter still at large MT @globeandmail: Attack on Parliament: Follow our developing story http://t.co/g1FW17t0yP", "type": "direct_reply"}, {"index": 5, "attribution": -0.0019249869930895534, "content_attribution": -0.012678145307518571, "stance_attribution": 0.010753158314429023, "tweet_id": 524943452786929664, "text": "\u201c@globeandmail: Attack on Parliament: Soldier shot; gunman on the loose. http://t.co/h61LKMHmrK \" Not a good week to be a Can soldier :-(", "type": "direct_reply"}]}