{"thread_id": "524926184069808129", "gold_label": 0, "predicted_label": 0, "tweet_attributions": [{"index": 0, "attribution": 0.14091889648012487, "content_attribution": -0.007546087581929248, "stance_attribution": 0.14846498406205413, "tweet_id": 524926184069808129, "text": "#DEVELOPING story here: Soldier shot in Ottawa at War Memorial http://t.co/jjL9ezaDjt", "type": "source"}, {"index": 2, "attribution": 0.059327810728672506, "content_attribution": -0.001585855408830495, "stance_attribution": 0.06091366613750299, "tweet_id": 524939698205388801, "text": "\u201c@CTVNews: #DEVELOPING story here: Soldier shot in Ottawa at War Memorial http://t.co/HyZl7fIMeg\u201d this makes me sick! So sad sending prayers", "type": "direct_reply"}, {"index": 8, "attribution": 0.02590054738983945, "content_attribution": -0.006566284913847411, "stance_attribution": 0.03246683230368686, "tweet_id": 524933014737137664, "text": "@CTVNews @cnnbrk @wolfblitzer @andersoncooper @CNNAshleigh @CarolCNN", "type": "direct_reply"}, {"index": 4, "attribution": 0.02088399316773564, "content_attribution": 7.96625396693843e-05, "stance_attribution": 0.020804330628066255, "tweet_id": 524926312071176192, "text": "Rt \u201c@CTVNews: #DEVELOPING story here: Soldier shot in Ottawa at War Memorial http://t.co/IshY4TO7Ag", "type": "direct_reply"}, {"index": 1, "attribution": 0.01681333073915903, "content_attribution": -0.0017210846093143818, "stance_attribution": 0.018534415348473415, "tweet_id": 524927350522523648, "text": "\u201c@CTVNews: #DEVELOPING story here: Soldier shot in Ottawa at War Memorial http://t.co/M3Mp3IUPyP\u201d\n\nWhat the fuck!? Please catch this fucker!", "type": "direct_reply"}, {"index": 7, "attribution": 0.011472095283509526, "content_attribution": -0.0005593985557258822, "stance_attribution": 0.01203149383923541, "tweet_id": 524927683248279552, "text": "\u201c@CTVNews: #DEVELOPING story here: Soldier shot in Ottawa at War Memorial http://t.co/95EUgUDph8\u201d", "type": "direct_reply"}, {"index": 6, "attribution": 0.005146867910723202, "content_attribution": 0.0007252179484751953, "stance_attribution": 0.004421649962248007, "tweet_id": 524926840247709697, "text": "#PrayForCanada\n\u201c@CTVNews: #DEVELOPING story here: Soldier shot in #Ottawa at War Memorial http://t.co/lgarRyAg82\u201d", "type": "direct_reply"}, {"index": 5, "attribution": 0.0001560652936527119, "content_attribution": -0.0004207924908476876, "stance_attribution": 0.0005768577845003992, "tweet_id": 524926727538352129, "text": "Thoughts go out to the victim.  RT @CTVNews #DEVELOPING story here: Soldier shot in Ottawa at War Memorial http://t.co/pkLfJ3BEAd", "type": "direct_reply"}, {"index": 3, "attribution": -0.012303290117076957, "content_attribution": -0.0020246918888976147, "stance_attribution": -0.010278598228179343, "tweet_id": 524926793506373633, "text": "@CTVNews Also there is currently a gunman in the parliament block. @josh_wingrove is covering that", "type": "direct_reply"}]}