{"thread_id": "524959027516932096", "gold_label": 2, "predicted_label": 2, "tweet_attributions": [{"index": 1, "attribution": 3.9714039770498815, "content_attribution": -0.0006258265238815149, "stance_attribution": 3.972029803573763, "tweet_id": 524995696223858688, "text": "@cnnbrk @Karentalk please shake your head.... it was confirmed that non of the shooters were from the middle east/muslim. This wasn't ISIS.", "type": "direct_reply"}, {"index": 2, "attribution": 2.303945043021484, "content_attribution": 0.11119423603295335, "stance_attribution": 2.1927508069885304, "tweet_id": 525040278173126656, "text": "@HalaykoOfficial @cnnbrk They dont have to be...to be RADICALIZED..IN ISIS IDEOLOGY...are you unaware of the ISIS recruits worldwide?", "type": "lower_reply"}, {"index": 7, "attribution": 0.18263171869228786, "content_attribution": 0.03341730046880686, "stance_attribution": 0.14921441822348103, "tweet_id": 525040667593289728, "text": "@Karentalk @cnnbrk your preaching to a preacher of this stuff.", "type": "lower_reply"}, {"index": 17, "attribution": 0.11539012209442386, "content_attribution": 0.02371959194919566, "stance_attribution": 0.09167053014522818, "tweet_id": 525041107504496641, "text": "@Karentalk @cnnbrk this is part of why we are having racial wars. Everyone's to quick to point a finger without facts.", "type": "lower_reply"}, {"index": 12, "attribution": 0.049102238438237675, "content_attribution": 0.027423461578886903, "stance_attribution": 0.021678776859350764, "tweet_id": 525040878466117632, "text": "@Karentalk @cnnbrk just because an attack happened doesn't not automatically mean Isis or any other group. The profiling needs to stop", "type": "lower_reply"}, {"index": 8, "attribution": 0.018532370949521537, "content_attribution": -0.0016512379394689857, "stance_attribution": 0.020183608888990522, "tweet_id": 524960579287810048, "text": "RT @cnnbrk:In response #Ottawa incidents, NORAD increased number of planes on higher alert status ready to respond. http://t.co/2EUTJ4EOfI", "type": "direct_reply"}, {"index": 18, "attribution": 0.01802091010437232, "content_attribution": -0.0009677159648819845, "stance_attribution": 0.018988626069254305, "tweet_id": 524959258480476161, "text": "@cnnbrk All the hallmarks of  #OperationChaos #falseflag attk by those who believe\"from chaos comes order\":USjrno http://t.co/a94wJvDnTL", "type": "direct_reply"}, {"index": 4, "attribution": 0.009464599586895349, "content_attribution": 0.003551741877257952, "stance_attribution": 0.005912857709637398, "tweet_id": 524964451209195520, "text": "@Nicest_Girl_Evr @cnnbrk wo events on LAND.", "type": "lower_reply"}, {"index": 3, "attribution": 0.000986796918347961, "content_attribution": -4.064354953572857e-05, "stance_attribution": 0.0010274404678836896, "tweet_id": 524964792230895616, "text": "@cnnbrk Prayers going out to all those affected by the Ottawa shooting in Canada this morning.\ud83d\ude22\ud83d\ude14\ud83d\udc4f", "type": "direct_reply"}, {"index": 9, "attribution": 0.0006250050458050729, "content_attribution": 0.00024159968035767238, "stance_attribution": 0.00038340536544740044, "tweet_id": 524965389076541440, "text": "@Nicest_Girl_Evr Norad couldn't even stop 911. How they fuck are they gonna stop some crazed gunman on the ground?", "type": "lower_reply"}, {"index": 14, "attribution": 0.00021127434047202222, "content_attribution": -0.0005455317629225365, "stance_attribution": 0.0007568061033945586, "tweet_id": 524960273342275584, "text": "@cnnbrk ISIS IS CHANGING OUR WORLD..AND WE ARE LETTING THEM..OTTAWA CANADA UNDER ATTACK....MULTIPLE SHOOTERS..UNLEASH HELL ON ISIS", "type": "direct_reply"}, {"index": 6, "attribution": -0.00024187408740089365, "content_attribution": 2.3354492725900832e-05, "stance_attribution": -0.00026522858012679453, "tweet_id": 524960758325444608, "text": "@cnnbrk CANADA'S CAPITAL UNDER ATTACK..OTTAWA..MULTIPLE SHOOTERS..DOES THIS CHANGE ANYTHING AT ALL FOR YOU MR. PRESIDENT..PLEASE STOP ISIS.", "type": "direct_reply"}, {"index": 5, "attribution": -0.002302498435239317, "content_attribution": -0.0017384610219889293, "stance_attribution": -0.0005640374132503865, "tweet_id": 524959219968405504, "text": "@cnnbrk Good.", "type": "direct_reply"}, {"index": 13, "attribution": -0.004186412876069303, "content_attribution": 0.023025427135323562, "stance_attribution": -0.027211840011392874, "tweet_id": 525041384253038594, "text": "@Karentalk @cnnbrk Isis needs to be stopped 100% yes. But facts need to be presented before fingers are pointed and accusations made.", "type": "lower_reply"}, {"index": 11, "attribution": -0.012758094962180808, "content_attribution": -0.0009381955253603424, "stance_attribution": -0.011819899436820464, "tweet_id": 524965865393905665, "text": "@cnnbrk Respectfully this is not an incident..this is ISIS...POLICY NOW MUST BE CHANGED..THEY ARE HERE..MULTIPLE SHOOTERS..SHOOTING SOLDIERS", "type": "direct_reply"}, {"index": 15, "attribution": -0.014079602676949219, "content_attribution": -0.001527851666982826, "stance_attribution": -0.012551751009966392, "tweet_id": 524961629482782720, "text": "Really, NORAD? &lt;headdesk&gt; @cnnbrk", "type": "direct_reply"}, {"index": 16, "attribution": -0.03873243460119577, "content_attribution": 0.004982167983570135, "stance_attribution": -0.0437146025847659, "tweet_id": 524963821266665472, "text": "@tim_bousquet @cnnbrk #falseflag here we go!", "type": "lower_reply"}, {"index": 10, "attribution": -0.16842292458276958, "content_attribution": -0.009806332765064893, "stance_attribution": -0.15861659181770468, "tweet_id": 524963727142322176, "text": "Oh, FFS MT @cnnbrk In response to Ottawa incidents, NORAD increased number of planes on higher alert status  http://t.co/sit9CKgp9b", "type": "direct_reply"}, {"index": 0, "attribution": -0.6646279200073124, "content_attribution": -0.005305378257404252, "stance_attribution": -0.6593225417499081, "tweet_id": 524959027516932096, "text": "In response to Ottawa incidents, NORAD increased number of planes on higher alert status ready to respond if needed. http://t.co/q98AMohu7T", "type": "source"}]}