{"thread_id": "524958743000125440", "gold_label": 2, "predicted_label": 0, "tweet_attributions": [{"index": 0, "attribution": 0.3208497354547937, "content_attribution": -0.019451980847232788, "stance_attribution": 0.3403017163020265, "tweet_id": 524958743000125440, "text": "BREAKING: #Ottawa Civic Hosp official says TWO NEW PATIENTS are enroute to hospital. 1 w/gunshot wounds. Both stable. @ctvottawa #ottnews", "type": "source"}, {"index": 2, "attribution": 0.026090742664077828, "content_attribution": -0.0003288756258104514, "stance_attribution": 0.02641961828988828, "tweet_id": 524960213762588672, "text": "#AttackInOttawa\n@CatherineCTV: BREAKING: #Ottawa CivicHosp official: TWO NEW PATIENTS are enroute to hospital\n1 w/gunshot wounds\nBoth stable", "type": "direct_reply"}, {"index": 1, "attribution": -0.03162729076462022, "content_attribution": -0.012086666050418745, "stance_attribution": -0.019540624714201472, "tweet_id": 524962755049439233, "text": "@CatherineCTV @ctvottawa That makes four in total?", "type": "direct_reply"}]}