{"thread_id": "524937542131793920", "gold_label": 2, "predicted_label": 2, "tweet_attributions": [{"index": 4, "attribution": 3.6976554997034587, "content_attribution": 0.0012723138987003613, "stance_attribution": 3.696383185804759, "tweet_id": 524959677827014656, "text": "@RideauCentre @bernardcolin we were near here trying to drive to Wakefield. Stuck in tfc now", "type": "direct_reply"}, {"index": 1, "attribution": 1.9520431032685996, "content_attribution": 0.06888444996875913, "stance_attribution": 1.8831586532998403, "tweet_id": 524962719980879872, "text": "@mercy2us @RideauCentre Glad you guys are ok.", "type": "lower_reply"}, {"index": 6, "attribution": 0.12834988142196443, "content_attribution": 0.08492863054930579, "stance_attribution": 0.043421250872658634, "tweet_id": 524981938038534147, "text": "@bernardcolin glad you're safe too!! Was weird to be only car on rideau &amp; not know about the #ottawashooting til afterwards", "type": "lower_reply"}, {"index": 5, "attribution": 0.006335605239702547, "content_attribution": -0.0010912465673127518, "stance_attribution": 0.0074268518070152965, "tweet_id": 524953098201362432, "text": "Stay safe my friends. RT @RideauCentre: We are in full lock down until further notice from Ottawa Police.", "type": "direct_reply"}, {"index": 2, "attribution": -0.0037843611817911394, "content_attribution": -0.0008928628426146776, "stance_attribution": -0.0028914983391764614, "tweet_id": 524953732480794624, "text": "@RideauCentre any reports of shots fired inside the Rideau Centre or just nearby?", "type": "direct_reply"}, {"index": 3, "attribution": -0.009509588548346172, "content_attribution": -0.0017505299994851774, "stance_attribution": -0.007759058548860996, "tweet_id": 524954077072228352, "text": ".@RideauCentre Conflicting reports regarding a possible shooting on/near the Centre, but your GM said no shooting. Can you clarify at all?", "type": "direct_reply"}, {"index": 0, "attribution": -0.44643254323762604, "content_attribution": 0.028508802327466328, "stance_attribution": -0.4749413455650924, "tweet_id": 524937542131793920, "text": "We are in full lock down until further notice from Ottawa Police.", "type": "source"}]}