{"thread_id": "524959809402331137", "gold_label": 0, "predicted_label": 2, "tweet_attributions": [{"index": 0, "attribution": 0.10676558271624265, "content_attribution": 0.07125192863244244, "stance_attribution": 0.035513654083800215, "tweet_id": 524959809402331137, "text": "Senior U.S. official: Canadian government has informed U.S. that one shooter is dead in Ottawa. Live blog: http://t.co/q98AMohu7T", "type": "source"}, {"index": 11, "attribution": 0.07516701601720387, "content_attribution": 0.019690610516667817, "stance_attribution": 0.05547640550053605, "tweet_id": 524960034305114113, "text": "@cnnbrk PLEASE help us spread the word for our fundraiser to kickstart our company https://t.co/liBfXjcv6y #ROC #SmallBusiness #the585", "type": "direct_reply"}, {"index": 14, "attribution": 0.03799565790417322, "content_attribution": 0.00021930306852389067, "stance_attribution": 0.03777635483564932, "tweet_id": 524960144632070145, "text": "@cnnbrk I hate to say that but maybe we should let Assad finish the job over there", "type": "direct_reply"}, {"index": 1, "attribution": 0.030624231231391668, "content_attribution": 0.00011564536425323227, "stance_attribution": 0.030508585867138435, "tweet_id": 524960156669726720, "text": "@cnnbrk \u0627\u0646\u062a \u0645\u062b\u0642\u0641 \u061f \u062d\u0627\u0635\u0644 \u0639\u0644\u0649 \u062f\u0643\u062a\u0648\u0631\u0627\u0647 \u061f \u062a\u0639\u0627\u0644 \u0647\u0646\u0627 \u0637\u064a\u0628 - @Question_arab", "type": "direct_reply"}, {"index": 10, "attribution": 0.02228688378589614, "content_attribution": 0.0003430706995421783, "stance_attribution": 0.021943813086353958, "tweet_id": 524961297721749505, "text": "@cnnbrk There is no proof yet that the shooter(s) has anything to do with ISIL but A BANFIELD &amp; CNN are already dropping that scare message", "type": "direct_reply"}, {"index": 4, "attribution": 0.02088083497389764, "content_attribution": -0.00034252597681786156, "stance_attribution": 0.021223360950715496, "tweet_id": 524961643688890368, "text": "@cnnbrk US official - whatever. Take your source from the Canadian government what has your channel become", "type": "direct_reply"}, {"index": 16, "attribution": 0.02013736255729401, "content_attribution": 0.00027992864487945445, "stance_attribution": 0.019857433912414554, "tweet_id": 524960933211168770, "text": "@cnnbrk Replies 2 this English post really need to be in English. Especially when  the world is assuming  this is yet another act of terror.", "type": "direct_reply"}, {"index": 5, "attribution": 0.018845579358961067, "content_attribution": -9.8442329997785e-05, "stance_attribution": 0.018944021688958847, "tweet_id": 524960004529737728, "text": "@cnnbrk @TheCurrentCBC: Police - more than 1 suspect, downtown remains in lockdown. LA http://t.co/TLbGZbQCj3 http://t.co/BkUpSsslXy", "type": "direct_reply"}, {"index": 2, "attribution": 0.016634011585083902, "content_attribution": -0.0007016570482026553, "stance_attribution": 0.017335668633286557, "tweet_id": 524960359388823552, "text": "\u201c@cnnbrk: Senior U.S. official: Canadian government has informed U.S. that one shooter is dead in Ottawa. Live blog: http://t.co/bjWnX0FzOC", "type": "direct_reply"}, {"index": 15, "attribution": 0.015826684601675484, "content_attribution": -0.0004492831407057218, "stance_attribution": 0.016275967742381207, "tweet_id": 524960960227078144, "text": "@cnnbrk looks like Canada caught a case of the United States , \ud83d\udd2b", "type": "direct_reply"}, {"index": 18, "attribution": 0.015624632418424107, "content_attribution": 9.492178653581454e-06, "stance_attribution": 0.015615140239770522, "tweet_id": 524961093496885248, "text": "@cnnbrk The world has gone #MAD. http://t.co/78Q5v78rlO", "type": "direct_reply"}, {"index": 19, "attribution": 0.014159840406334506, "content_attribution": -0.0006979039449143446, "stance_attribution": 0.014857744351248852, "tweet_id": 524960097563590656, "text": "@cnnbrk So sad. This is not right.\n\n#PrayForOttawa \n#Ottawa \n#ottawashooting \n#CanadaShooting", "type": "direct_reply"}, {"index": 8, "attribution": 0.012870636967168, "content_attribution": 0.002290922434244178, "stance_attribution": 0.01057971453292382, "tweet_id": 524960862248132608, "text": "@cnnbrk Police searching and firing on Parliament Hill https://t.co/fjS8NPayIr", "type": "direct_reply"}, {"index": 6, "attribution": 0.009842628781091097, "content_attribution": -0.00045782425095397577, "stance_attribution": 0.010300453032045074, "tweet_id": 524959988956291074, "text": "@cnnbrk War Memorial Soldier pronounced dead just now.", "type": "direct_reply"}, {"index": 13, "attribution": 0.008859881646390243, "content_attribution": -0.0012637300070554552, "stance_attribution": 0.010123611653445698, "tweet_id": 524961861406838784, "text": "@cnnbrk we need d I.D of the shooter", "type": "direct_reply"}, {"index": 17, "attribution": 0.0064060934109776025, "content_attribution": -5.3250316432557206e-05, "stance_attribution": 0.00645934372741016, "tweet_id": 524960409602650113, "text": "@cnnbrk those gun crazy canadians need to be stopped, destroy all donuts", "type": "direct_reply"}, {"index": 12, "attribution": 0.0007263126350814837, "content_attribution": -6.812160876052408e-05, "stance_attribution": 0.0007944342438420078, "tweet_id": 524960144858554368, "text": "@cnnbrk \u0647\u0647\u0647\u0647\u0647 \u0634\u0648\u0641\u0648\u0622 \u0639\u0644\u0627 \u0627\u0644\u0641\u0627\u0631\u0633 \u0645\u064a\u0646 \u0645\u062a\u0627\u0628\u0639\u0647 \u061f @Question_arab", "type": "direct_reply"}, {"index": 9, "attribution": -8.384237169766352e-05, "content_attribution": -6.25851424741115e-05, "stance_attribution": -2.1257229223552252e-05, "tweet_id": 524960151871447040, "text": "@cnnbrk \u0645\u0646 \u062c\u062f \u0648\u0631\u0628\u064a \u0647\u0627\u0644\u062d\u0633\u0627\u0628 \u0645\u062f\u0631\u064a \u0643\u064a\u0641 \u0627\u0644\u0646\u0627\u0633 \u062a\u062c\u0627\u0648\u0628 \u0639\u0644\u064a\u0647 @Question_arab", "type": "direct_reply"}, {"index": 7, "attribution": -0.0061054299506886935, "content_attribution": -0.001978822102767281, "stance_attribution": -0.004126607847921414, "tweet_id": 524960274156371968, "text": "Scary situation. RT @cnnbrk U.S. official: Canadian government has informed U.S. that one shooter is dead in Ottawa. http://t.co/6rcpmWTjRX", "type": "direct_reply"}, {"index": 3, "attribution": -0.03480961229384027, "content_attribution": 0.04992335490957614, "stance_attribution": -0.08473296720341641, "tweet_id": 524985774224048129, "text": "@NYWEC you're a scumbag for trying to profit off a tragedy.", "type": "lower_reply"}]}