{"thread_id": "524941132237910016", "gold_label": 0, "predicted_label": 0, "tweet_attributions": [{"index": 0, "attribution": 0.18890720189520432, "content_attribution": -0.05587629892260372, "stance_attribution": 0.24478350081780806, "tweet_id": 524941132237910016, "text": "Here's that dramatic video via @josh_wingrove of shots fired inside parliament building: https://t.co/1waid25vOE #Ottawa #shooting", "type": "source"}, {"index": 1, "attribution": 0.14405121676931387, "content_attribution": 0.010204751495664136, "stance_attribution": 0.13384646527364974, "tweet_id": 524944416721862656, "text": "@affanchowdhry @josh_wingrove why does this idiot think it's ok to follow the police during a armed man hunt?", "type": "direct_reply"}, {"index": 2, "attribution": -0.02162923776288738, "content_attribution": -0.03708561860344692, "stance_attribution": 0.015456380840559537, "tweet_id": 524941892115783680, "text": "\u201c@affanchowdhry: Here's that dramatic video via @josh_wingrove of shots fired inside parliament building: https://t.co/RHGVpajcg4", "type": "direct_reply"}]}