{"thread_id": "524953604717686784", "gold_label": 2, "predicted_label": 2, "tweet_attributions": [{"index": 15, "attribution": 0.7674641049444663, "content_attribution": 0.031668439860020325, "stance_attribution": 0.7357956650844459, "tweet_id": 524963108817997824, "text": "@Breaking911 @treesaree  They obviously didnt clear that w Obama since he thinks he rules the world!", "type": "direct_reply"}, {"index": 1, "attribution": 0.5275232934283016, "content_attribution": -0.0024168391138877825, "stance_attribution": 0.5299401325421894, "tweet_id": 524953838835728385, "text": "@Breaking911 Plausible. Multiple locations. Multiple gunmen. They've got to be motivated by something.", "type": "direct_reply"}, {"index": 19, "attribution": 0.18382987932367398, "content_attribution": 0.06491241744771963, "stance_attribution": 0.11891746187595435, "tweet_id": 524977128035868672, "text": "@SleepySteve95 @Breaking911 HATE.", "type": "lower_reply"}, {"index": 2, "attribution": 0.1730354790281152, "content_attribution": 0.03250577653722267, "stance_attribution": 0.14052970249089253, "tweet_id": 524984366079148032, "text": "@RobertH2334 @Breaking911 He is and has been a zero walking.", "type": "lower_reply"}, {"index": 12, "attribution": 0.03319680682445017, "content_attribution": -0.00047856345594903297, "stance_attribution": 0.0336753702803992, "tweet_id": 524963171594141696, "text": "@Breaking911 @GCGATOR24 OMG Don't tell me...The Religion of Peace again!", "type": "direct_reply"}, {"index": 4, "attribution": 0.023903311117482486, "content_attribution": -0.0007727863518572243, "stance_attribution": 0.024676097469339704, "tweet_id": 524981885005332480, "text": "@Breaking911 @SemiAutoAZ  Glad to see SOMEBODY call terrorism what it is.", "type": "direct_reply"}, {"index": 14, "attribution": 0.016840971598216202, "content_attribution": -0.000826183648488627, "stance_attribution": 0.017667155246704827, "tweet_id": 524982007114522626, "text": "@Breaking911 @AZWS Racists...  #ISIS #Bergdahl #Taliban5 #MuslimBrotherhood #Benghazi   We have your back. Unfortunately our Pres is MUSLIM.", "type": "direct_reply"}, {"index": 17, "attribution": 0.012384375786631584, "content_attribution": -0.00032854896936618076, "stance_attribution": 0.012712924755997767, "tweet_id": 524963665343422464, "text": "@Breaking911 lets see if the lib media will pick this up. Finally someone calling this what it is.", "type": "direct_reply"}, {"index": 11, "attribution": 0.0068003597001203035, "content_attribution": -0.00020317872954323326, "stance_attribution": 0.007003538429663536, "tweet_id": 524976581551603713, "text": "@Breaking911 @im4tech73h Are they sure it's not workplace violence?  Maybe they should check with #Obama.", "type": "direct_reply"}, {"index": 18, "attribution": 0.006542837798576881, "content_attribution": 0.0004062237160487749, "stance_attribution": 0.006136614082528105, "tweet_id": 524954863793221632, "text": "@Breaking911 @chazermann26 Could It Be That Their Coddling Of The Terrorists Streaming Into Their Nation ; Somehow Encouraged The Wolves ?", "type": "direct_reply"}, {"index": 13, "attribution": 0.005348790461257333, "content_attribution": -0.00023860453203412336, "stance_attribution": 0.005587394993291456, "tweet_id": 524956540424691712, "text": "@Breaking911 @TMZ_Politics So, \"terrorist attack\" is Canadian for \"workplace violence\"?", "type": "direct_reply"}, {"index": 16, "attribution": 0.004351407233923494, "content_attribution": 0.00019310306367823998, "stance_attribution": 0.0041583041702452535, "tweet_id": 524982227500007424, "text": "@Breaking911 @AZWS Are you sure it wasn't a multiple sight work place violence type thing...ugh", "type": "direct_reply"}, {"index": 9, "attribution": 0.002507254948666796, "content_attribution": -0.00016135600086549532, "stance_attribution": 0.0026686109495322914, "tweet_id": 524964142290325504, "text": "@Breaking911 @RahnBForney That's like a robber or murderer getting shot and complaining about gun violence.", "type": "direct_reply"}, {"index": 6, "attribution": 0.0009957773977833538, "content_attribution": -0.00010635448719654222, "stance_attribution": 0.001102131884979896, "tweet_id": 524983084325036032, "text": "@Breaking911 @shelliecorreia of course it terror premeated right out of #ottawa mosques that are #ISIS training centres to radicalize CDNs", "type": "direct_reply"}, {"index": 3, "attribution": 0.000478432092384083, "content_attribution": 0.0002560840280468511, "stance_attribution": 0.0002223480643372324, "tweet_id": 524965748012507136, "text": "@Breaking911 so was the WTC....not a MOSSAD setup...noooo", "type": "direct_reply"}, {"index": 8, "attribution": -3.664095259446712e-05, "content_attribution": -0.0004091921870171849, "stance_attribution": 0.0003725512344227177, "tweet_id": 524954408812302338, "text": "@Breaking911 @gailtalk Do you remember when #Canada was White. The Great White North. Before #immigration #diversity? #Canuckistan", "type": "direct_reply"}, {"index": 5, "attribution": -0.0014561005936081428, "content_attribution": -0.00415016929974698, "stance_attribution": 0.0026940687061388375, "tweet_id": 524963651766468608, "text": "@Breaking911 @RahnBForney Well, that seems to be the excuse to bring out the army, pretending to be police.", "type": "direct_reply"}, {"index": 10, "attribution": -0.006938573202084927, "content_attribution": -0.0005994257913845237, "stance_attribution": -0.006339147410700402, "tweet_id": 524954572511383552, "text": "@Breaking911 I call the EXECUTION of #MikeBrown by #DarrenWilson a TERRORIST ATTACK against the people! @SleepySteve95 #OttawaShooting", "type": "direct_reply"}, {"index": 7, "attribution": -0.010930896786993475, "content_attribution": -0.000240164036120343, "stance_attribution": -0.01069073275087313, "tweet_id": 524963597038809088, "text": "@Breaking911 @RahnBForney \nDown here it would be called work violence!", "type": "direct_reply"}, {"index": 0, "attribution": -0.7194328703980786, "content_attribution": 0.06987242112752863, "stance_attribution": -0.7893052915256072, "tweet_id": 524953604717686784, "text": "CANADIAN OFFICIALS NOW CALLING TODAY'S PARLIAMENT SHOOTING A TERRORIST ATTACK - http://t.co/5VYMWGWyx3 http://t.co/jQn39E7hTA", "type": "source"}]}