{"thread_id": "524979668282519552", "gold_label": 2, "predicted_label": 2, "tweet_attributions": [{"index": 0, "attribution": 0.42963444467577394, "content_attribution": 0.04843536359908733, "stance_attribution": 0.38119908107668665, "tweet_id": 524979668282519552, "text": "Ottawa hospital confirms it's treating 3 #OttawaShooting victims - 2 in stable condition\nhttp://t.co/IbLAWEjEeD http://t.co/zSoC0VxOKN", "type": "source"}, {"index": 10, "attribution": 0.012345085806491388, "content_attribution": 0.0008399266682941476, "stance_attribution": 0.011505159138197241, "tweet_id": 524981387258912768, "text": "@BBCBreaking http://t.co/yN7dL9dFzU", "type": "direct_reply"}, {"index": 5, "attribution": 0.009256275416728174, "content_attribution": -0.0005105764838360747, "stance_attribution": 0.009766851900564248, "tweet_id": 524980367854682113, "text": "@BBCBreaking Giralo a politici e sindacalisti: https://t.co/7A7Y8Q3HH3", "type": "direct_reply"}, {"index": 4, "attribution": 0.005285279922897128, "content_attribution": 0.00022937578746305102, "stance_attribution": 0.005055904135434077, "tweet_id": 524990469441617921, "text": "@BBCBreaking 2 delle tre vittime in condizioni stabil\u00ec?", "type": "direct_reply"}, {"index": 1, "attribution": 0.0014500491328628697, "content_attribution": -0.00045957480479069933, "stance_attribution": 0.0019096239376535686, "tweet_id": 524984686305878018, "text": "@BBCBreaking They kill in an open liberal society. A society which is too liberal and too open for its own good.", "type": "direct_reply"}, {"index": 3, "attribution": -0.0013517014187426914, "content_attribution": -0.00023599764234640133, "stance_attribution": -0.00111570377639629, "tweet_id": 524982075670417408, "text": "@BBCBreaking", "type": "direct_reply"}, {"index": 13, "attribution": -0.00154335756948205, "content_attribution": -0.0003508162477180018, "stance_attribution": -0.0011925413217640478, "tweet_id": 524979772225748993, "text": "@BBCBreaking @piersmorgan", "type": "direct_reply"}, {"index": 11, "attribution": -0.0021038255036974172, "content_attribution": -0.0002760897826029383, "stance_attribution": -0.0018277357210944793, "tweet_id": 524990920740319232, "text": "@BBCBreaking", "type": "direct_reply"}, {"index": 2, "attribution": -0.0023901956188287408, "content_attribution": -0.0004705083338711237, "stance_attribution": -0.0019196872849576172, "tweet_id": 525018048940744704, "text": "@BBCBreaking", "type": "direct_reply"}, {"index": 15, "attribution": -0.0027786686357225065, "content_attribution": -0.0007687891112203231, "stance_attribution": -0.0020098795245021843, "tweet_id": 524979890836484099, "text": "@BBCBreaking more senseless violence #OttawaShooting #Ottawa", "type": "direct_reply"}, {"index": 8, "attribution": -0.00954524665136584, "content_attribution": 0.005766737226839595, "stance_attribution": -0.015311983878205433, "tweet_id": 524984760230498304, "text": "@BBCBreaking @BBCWorld BBC calls it a shooting until they know it was brown people, then it will be a terrorist attack", "type": "direct_reply"}, {"index": 7, "attribution": -0.0115543832429837, "content_attribution": 0.003473605822741487, "stance_attribution": -0.01502798906572519, "tweet_id": 524979996189020160, "text": "@BBCBreaking How about you stop showing pictures of the bald guy running around like hes fucking John McClane", "type": "direct_reply"}, {"index": 6, "attribution": -0.02848204231476557, "content_attribution": -0.0006890201306815443, "stance_attribution": -0.027793022184084026, "tweet_id": 524986962361712640, "text": "@BBCBreaking @holly1950 So what has Canada done to provoke attacks? Tired of the BS excuses for terror. Man up, LET'S ROLL!", "type": "direct_reply"}, {"index": 12, "attribution": -0.04357715293894178, "content_attribution": -0.00010471139565149448, "stance_attribution": -0.04347244154329029, "tweet_id": 524980352247672833, "text": "@BBCBreaking the wars borders have been extended to Canada now", "type": "direct_reply"}, {"index": 9, "attribution": -0.12212059461952295, "content_attribution": -0.06672972031149615, "stance_attribution": -0.05539087430802678, "tweet_id": 524994967992012800, "text": "@reuvenir @BBCBreaking @pinksliptv BBC see clearly not without taking off it blinkers", "type": "lower_reply"}, {"index": 14, "attribution": -0.2923579304304787, "content_attribution": -0.018551631454758008, "stance_attribution": -0.2738062989757206, "tweet_id": 524992458954788864, "text": "@BBCBreaking @pinksliptv SAY IT CLEARLY - TERROR ATTACK!!!", "type": "direct_reply"}]}