{"thread_id": "524945665827545089", "gold_label": 0, "predicted_label": 0, "tweet_attributions": [{"index": 0, "attribution": 0.11609661262972365, "content_attribution": -0.030788433566902352, "stance_attribution": 0.14688504619662598, "tweet_id": 524945665827545089, "text": "#BREAKING Soldier shot in the Canadian capital of Ottawa and a gunman is believed to have entered Parliament.\nhttp://t.co/3DWYnF22aI", "type": "source"}, {"index": 1, "attribution": 0.07199431896688571, "content_attribution": -0.0016172779755052407, "stance_attribution": 0.07361159694239096, "tweet_id": 525126534311739392, "text": "@shomaristone World News \"world of news\" \nhttp://t.co/K8S3mlJQIR", "type": "direct_reply"}, {"index": 4, "attribution": 0.01174879746411307, "content_attribution": 0.0009976505447879774, "stance_attribution": 0.010751146919325091, "tweet_id": 524952967779467264, "text": "@shomaristone 3 CONFIRMED SHOOTING SITES. UP TO 5 SHOOTERS.", "type": "direct_reply"}, {"index": 7, "attribution": 0.007894828204210023, "content_attribution": -0.003800485626547559, "stance_attribution": 0.01169531383075758, "tweet_id": 524981278077382656, "text": "\u201c@shomaristone: #BREAKING Soldier shot in the Canadian capital of Ottawa and a gunman is believed to have entered Parliament.\nExtremely sad!", "type": "direct_reply"}, {"index": 2, "attribution": 0.00028839075616717783, "content_attribution": -0.0062914026877017365, "stance_attribution": 0.006579793443868916, "tweet_id": 524960611935850496, "text": "@shomaristone Sunny leone in kbc\n\n http://t.co/YvxeXS3oy5", "type": "direct_reply"}, {"index": 6, "attribution": -0.0044559259059398955, "content_attribution": -0.003804167292622486, "stance_attribution": -0.0006517586133174076, "tweet_id": 524967139372191744, "text": "TY. You're doing an Excellent Job, @shomaristone \nHeartily #appreciationtweet from #GloriaLawSunShines :)))", "type": "direct_reply"}, {"index": 5, "attribution": -0.011250842894843106, "content_attribution": -0.012120488868198208, "stance_attribution": 0.0008696459733551021, "tweet_id": 524967885182365696, "text": "@shomaristone Who the hell is this brave enough to do this! In Parliament! Wow what is wrong with this world! http://t.co/SqHO5TEAmb", "type": "direct_reply"}, {"index": 3, "attribution": -0.029154981184759413, "content_attribution": 0.002992322606616307, "stance_attribution": -0.03214730379137572, "tweet_id": 524974153548709889, "text": "@shomaristone I thought guns were illegal in Canada? #FlipTheSenate", "type": "direct_reply"}]}