{"thread_id": "524947424482435073", "gold_label": 0, "predicted_label": 2, "tweet_attributions": [{"index": 6, "attribution": 0.9971578325999899, "content_attribution": 0.04812134819447404, "stance_attribution": 0.949036484405516, "tweet_id": 524962899526430720, "text": "@HibaqJaamac there's more than one", "type": "lower_reply"}, {"index": 14, "attribution": 0.5181926133031642, "content_attribution": 0.07124591235512202, "stance_attribution": 0.4469467009480422, "tweet_id": 524962667321384960, "text": "\u201c@CTVNews: #BREAKING: Shooter is dead, according to sources on Parliament Hill\u201d Can we leave now?", "type": "direct_reply"}, {"index": 13, "attribution": 0.11466510086443897, "content_attribution": 0.021614924990321235, "stance_attribution": 0.09305017587411776, "tweet_id": 524963853315358720, "text": "@nochillmariam @HibaqJaamac there's 3 different shooters, but 1 is dead", "type": "lower_reply"}, {"index": 1, "attribution": 0.10501260526761388, "content_attribution": 0.03923791848993743, "stance_attribution": 0.06577468677767646, "tweet_id": 524963030199988225, "text": "@nochillmariam fuck. I told my teacher that and he almost let us out. He's a dumbass", "type": "lower_reply"}, {"index": 7, "attribution": 0.03248929588173273, "content_attribution": -0.00016886509368620417, "stance_attribution": 0.03265816097541893, "tweet_id": 524975523760713729, "text": "RT\u201c@CTVNews: #BREAKING: Shooter is dead, according to sources on Parliament Hill\u201d #PrayForOttawa #ppsmnight", "type": "direct_reply"}, {"index": 9, "attribution": 0.01606932825501671, "content_attribution": 0.0002391848110694457, "stance_attribution": 0.015830143443947266, "tweet_id": 524951118770491392, "text": "\u201c@CTVNews: #BREAKING: Shooter is dead, according to sources on Parliament Hill\u201d one of two?", "type": "direct_reply"}, {"index": 18, "attribution": 0.008230435736888682, "content_attribution": 0.0003882072536032262, "stance_attribution": 0.007842228483285455, "tweet_id": 524948022497538048, "text": "@CTVNews @CTVCalgary - Multiple gunmen - no??? So \"Shooter is dead\" is misleading to say the least...", "type": "direct_reply"}, {"index": 5, "attribution": 0.004079588897351695, "content_attribution": 0.0006251077539202968, "stance_attribution": 0.0034544811434313975, "tweet_id": 524947933515743232, "text": "@CTVNews which one?", "type": "direct_reply"}, {"index": 2, "attribution": 0.00267993930471837, "content_attribution": 0.0022323418696548105, "stance_attribution": 0.00044759743506355754, "tweet_id": 524949698667626496, "text": "@TarrahHarvey @CTVNews there is more than one", "type": "lower_reply"}, {"index": 12, "attribution": 0.0025940312120216504, "content_attribution": 0.0002565539482282518, "stance_attribution": 0.002337477263793397, "tweet_id": 524947897373048834, "text": "\u201c@CTVNews: #BREAKING: Shooter is dead, according to sources on Parliament Hill\u201d is it confirmed?", "type": "direct_reply"}, {"index": 11, "attribution": 0.001823167709183246, "content_attribution": 0.0007683582948260084, "stance_attribution": 0.0010548094143572376, "tweet_id": 524947530274992128, "text": "\u201c@CTVNews: #BREAKING: Shooter is dead, according to sources on Parliament Hill\u201d UNCONFIRMED by police.", "type": "direct_reply"}, {"index": 17, "attribution": 0.00033842651767575335, "content_attribution": 0.0005840434459845929, "stance_attribution": -0.00024561692830883956, "tweet_id": 524961301580496896, "text": "@CTVNews @adamadonaldson good.", "type": "direct_reply"}, {"index": 15, "attribution": -3.0056237023397666e-05, "content_attribution": 0.0003335058397161252, "stance_attribution": -0.00036356207673952294, "tweet_id": 524949397344645120, "text": "@CTVNews one is. Other still on the loose", "type": "direct_reply"}, {"index": 3, "attribution": -0.00744790937997368, "content_attribution": -0.0011564270249983708, "stance_attribution": -0.006291482354975309, "tweet_id": 524949072520957952, "text": "@CTVNews good! Don't let these bastards live long enough to wate taxpayer money in courts and jails.", "type": "direct_reply"}, {"index": 10, "attribution": -0.009540191664003675, "content_attribution": -0.002386433430116958, "stance_attribution": -0.007153758233886715, "tweet_id": 524947600920043520, "text": "@CTVNews @CTVKitchener multiple shooters....", "type": "direct_reply"}, {"index": 16, "attribution": -0.011698552615584437, "content_attribution": 0.0005076403926368741, "stance_attribution": -0.012206193008221311, "tweet_id": 524951060964999168, "text": "@CTVNews  but they are saying there are 2 more", "type": "direct_reply"}, {"index": 8, "attribution": -0.013246170218864966, "content_attribution": -0.0026145662902375168, "stance_attribution": -0.010631603928627449, "tweet_id": 524975332701794304, "text": "Jimmy Pardo nooooooooooo\n\n\u201c@CTVNews: #BREAKING: Shooter is dead, according to sources on Parliament Hill\u201d", "type": "direct_reply"}, {"index": 4, "attribution": -0.013537189858661713, "content_attribution": 0.00023826284714683997, "stance_attribution": -0.013775452705808554, "tweet_id": 524951540378116097, "text": "@CTVNews @alixwala There is more than one shooter, not over yet.", "type": "direct_reply"}, {"index": 0, "attribution": -0.1023574569381657, "content_attribution": 0.05469372433469925, "stance_attribution": -0.15705118127286494, "tweet_id": 524947424482435073, "text": "#BREAKING: Shooter is dead, according to sources on Parliament Hill", "type": "source"}]}