{"thread_id": "524949069945634816", "gold_label": 0, "predicted_label": 0, "tweet_attributions": [{"index": 1, "attribution": 0.11860330482419394, "content_attribution": 0.09171618175941429, "stance_attribution": 0.026887123064779625, "tweet_id": 524973690988298241, "text": "@caitlinquarry @CTVNews Could not agree more.", "type": "lower_reply"}, {"index": 0, "attribution": 0.06690369121860004, "content_attribution": 0.09407196634291495, "stance_attribution": -0.027168275124314942, "tweet_id": 524949069945634816, "text": "Watch as bullets fly inside hallways of Parliament Hill http://t.co/R8BUhfrvX2 #Ottawa", "type": "source"}, {"index": 10, "attribution": 0.04435760784102785, "content_attribution": 0.019987392304934862, "stance_attribution": 0.02437021553609299, "tweet_id": 524950639332569089, "text": "@CTVNews Please don't glamorize the situation to get clicks. Your tweet is completely inappropriate. This isn't a video game description.", "type": "direct_reply"}, {"index": 3, "attribution": 0.025601897775426548, "content_attribution": 6.386035430558054e-06, "stance_attribution": 0.02559551173999599, "tweet_id": 524959724434104320, "text": "@CTVNews that is not the way to tweet about this event. Incredibly unimpressed.", "type": "direct_reply"}, {"index": 2, "attribution": 0.024932263055407182, "content_attribution": -0.0005780215916320636, "stance_attribution": 0.025510284647039246, "tweet_id": 524949257468784640, "text": "@CTVNews This isn't a movie, have some respect.", "type": "direct_reply"}, {"index": 8, "attribution": 0.019753640302212456, "content_attribution": -0.0005591436588884558, "stance_attribution": 0.02031278396110091, "tweet_id": 524949422372040704, "text": "\u201c@CTVNews: Watch as bullets fly inside hallways of Parliament Hill http://t.co/WVB9xb2E82 #Ottawa\u201d BE SAFE W EVERYONE IF YOU ARE DOWNTOWN!", "type": "direct_reply"}, {"index": 4, "attribution": 0.014187419859139011, "content_attribution": 0.0007487315210763437, "stance_attribution": 0.013438688338062665, "tweet_id": 524949450419351552, "text": "@CTVNews Nice tone, jerks", "type": "direct_reply"}, {"index": 5, "attribution": 0.010997004997913791, "content_attribution": -0.00016187815884441078, "stance_attribution": 0.011158883156758202, "tweet_id": 524951762051272704, "text": "@CTVNews \"watch bullets fly \" don't think appropriate title by CTV.", "type": "direct_reply"}, {"index": 9, "attribution": 0.010613269009662288, "content_attribution": 0.0007345147548074004, "stance_attribution": 0.009878754254854885, "tweet_id": 524955872741437441, "text": "\u201c@CTVNews: Watch as bullets fly inside hallways of Parliament Hill http://t.co/pNTCVTzk6S #Ottawa\u201d. \ud83d\ude48This doesn't happen in Canada!!!!", "type": "direct_reply"}, {"index": 11, "attribution": 0.00818145994699555, "content_attribution": -0.0010706897195493364, "stance_attribution": 0.009252149666544885, "tweet_id": 524973916901879808, "text": "@CTVNews @Gary_Archibald no thanks.", "type": "direct_reply"}, {"index": 12, "attribution": 0.0069890491441359955, "content_attribution": 2.2765779169528075e-05, "stance_attribution": 0.006966283364966467, "tweet_id": 524974734405304320, "text": "\u201c@MatthewPerry @CTVNews: Watch as bullets fly inside hallways of Parliament Hill http://t.co/mloARQQWO0 #Ottawa\u201d", "type": "direct_reply"}, {"index": 7, "attribution": -0.0062094041137475105, "content_attribution": 0.000575754287499056, "stance_attribution": -0.006785158401246562, "tweet_id": 524951555879870464, "text": "@CTVNews really offensive tone here. Try to have some compassion for the people subjected to the trauma.", "type": "direct_reply"}, {"index": 6, "attribution": -0.006577193098748637, "content_attribution": -0.0015162908928356936, "stance_attribution": -0.005060902205912944, "tweet_id": 524949879781855232, "text": "\u201c@CTVNews: Watch as bullets fly inside hallways of Parliament Hill http://t.co/Y97b8RyfjE #Ottawa\u201d unbelievably terrifying #OttawaShooting", "type": "direct_reply"}]}