{"thread_id": "524922507380670464", "gold_label": 0, "predicted_label": 0, "tweet_attributions": [{"index": 0, "attribution": 0.5346430972512718, "content_attribution": -0.06082867128874666, "stance_attribution": 0.5954717685400185, "tweet_id": 524922507380670464, "text": "#Ottawa police confirm shooting at War Memorial. Reports say victim may be a soldier.", "type": "source"}, {"index": 1, "attribution": 0.14333173822222853, "content_attribution": 0.0019919413540035805, "stance_attribution": 0.14133979686822493, "tweet_id": 524923112065081344, "text": "@KathleenCanada @CBCAlerts Who did the shooting?", "type": "lower_reply"}, {"index": 5, "attribution": 0.009637247070706852, "content_attribution": -0.003377149837091006, "stance_attribution": 0.013014396907797855, "tweet_id": 524925473986736128, "text": "\"@CBCAlerts: #Ottawa police confirm shooting at War Memorial. Reports say victim may be a soldier.\" GODDAMNIT NOT IN MY FUCKING BACKYARD &gt;:(", "type": "direct_reply"}, {"index": 2, "attribution": 0.005315366923647209, "content_attribution": -0.0024542649135288223, "stance_attribution": 0.00776963183717603, "tweet_id": 524923072852529152, "text": "\u201c@CBCAlerts: #Ottawa police confirm shooting at War Memorial. Reports say victim may be a soldier.\u201d", "type": "direct_reply"}, {"index": 6, "attribution": 0.0035660022803082805, "content_attribution": -0.0018087532302813148, "stance_attribution": 0.005374755510589594, "tweet_id": 524924695356125184, "text": "RT\u201c@CBCAlerts: #Ottawa police confirm shooting at War Memorial. Reports say victim may be a soldier.\u201d", "type": "direct_reply"}, {"index": 3, "attribution": -0.0021661604258243635, "content_attribution": -0.0068888515447205045, "stance_attribution": 0.004722691118896143, "tweet_id": 524928726497525761, "text": "@CBCAlerts", "type": "direct_reply"}, {"index": 4, "attribution": -0.8450061615445752, "content_attribution": -0.017435075440156652, "stance_attribution": -0.8275710861044184, "tweet_id": 524922753066221568, "text": "Ugh...please be safe RT@CBCAlerts: #Ottawa police confirm shooting at War Memorial. Reports say victim may be a soldier.\u201d", "type": "direct_reply"}]}