{"thread_id": "524971124845985792", "gold_label": 0, "predicted_label": 0, "tweet_attributions": [{"index": 0, "attribution": 0.34084130221387854, "content_attribution": 0.06492844562157461, "stance_attribution": 0.2759128565923039, "tweet_id": 524971124845985792, "text": "My heart aches for the family of the Canadian Soldier murdered this morning in Ottawa. RIP \u2764\ufe0f", "type": "source"}, {"index": 8, "attribution": 0.022555266038765488, "content_attribution": -0.0020993033507112537, "stance_attribution": 0.024654569389476744, "tweet_id": 524983667803033602, "text": "@dallassmith Ottawa Police confirm the Canadian soldier is dead.  Conflicting news reports...this being the latest update.", "type": "lower_reply"}, {"index": 4, "attribution": 0.005060090369501962, "content_attribution": -0.0032631090161176664, "stance_attribution": 0.008323199385619626, "tweet_id": 524975503544176640, "text": "@dallassmith No he is alive.  Wrong info given out!!!", "type": "direct_reply"}, {"index": 2, "attribution": 0.002114271944623181, "content_attribution": -0.0006244058980857507, "stance_attribution": 0.0027386778427089314, "tweet_id": 525068100363091969, "text": "@dallassmith @COUNTRYMUSICRD So sad. May he rest in peace.", "type": "direct_reply"}, {"index": 6, "attribution": -0.0005413276017772993, "content_attribution": 0.0030659380747435367, "stance_attribution": -0.003607265676520835, "tweet_id": 524974447288385536, "text": "@dallassmith I'm just glad dallas your safe and not touring near the area\ud83d\ude22 #CanadaStrong", "type": "direct_reply"}, {"index": 3, "attribution": -0.002121473446151291, "content_attribution": 0.0013480923033828223, "stance_attribution": -0.0034695657495341127, "tweet_id": 524972972734291968, "text": "@dallassmith yes it is. They just confirmed it.", "type": "direct_reply"}, {"index": 9, "attribution": -0.004412338530176443, "content_attribution": -0.029846411592064477, "stance_attribution": 0.025434073061888038, "tweet_id": 524974399422623744, "text": "@dallassmith News just confirmed it....the soldier has indeed passed away. RIP", "type": "lower_reply"}, {"index": 1, "attribution": -0.005400658660175905, "content_attribution": 4.111254281798229e-05, "stance_attribution": -0.005441771202993888, "tweet_id": 524971399690342400, "text": "@dallassmith The death is not officially confirmed yet.", "type": "direct_reply"}, {"index": 5, "attribution": -0.020529421885873325, "content_attribution": -0.0002176005609277734, "stance_attribution": -0.02031182132494555, "tweet_id": 524976280999976960, "text": "@dallassmith CNN and CBC confirmed death.", "type": "direct_reply"}, {"index": 10, "attribution": -0.14051686687139314, "content_attribution": -0.00273164675188392, "stance_attribution": -0.1377852201195092, "tweet_id": 525027267165323264, "text": "@paigeecrossman You young lady need to grow up. #SMRT", "type": "lower_reply"}, {"index": 7, "attribution": -0.17555528119284103, "content_attribution": 0.0029380608961820653, "stance_attribution": -0.1784933420890231, "tweet_id": 524973304537288704, "text": "@dallassmith Reports are varying.....believe the solder is still alive.", "type": "direct_reply"}]}