{"thread_id": "524969679790817280", "gold_label": 2, "predicted_label": 0, "tweet_attributions": [{"index": 0, "attribution": 0.18508859022775614, "content_attribution": -0.02303764108169876, "stance_attribution": 0.2081262313094549, "tweet_id": 524969679790817280, "text": "#leafs could hear shots from their rooms, I am told. #OttawaShooting", "type": "source"}, {"index": 8, "attribution": 0.03896638161786212, "content_attribution": 0.0004406113194768222, "stance_attribution": 0.0385257702983853, "tweet_id": 524996174000816128, "text": "\u201c@kevin_mcgran: #leafs could hear shots from their rooms, I am told. #OttawaShooting\u201d\n\nThat's fuckin scary", "type": "direct_reply"}, {"index": 5, "attribution": 0.014734760241325248, "content_attribution": -0.0006256196163514552, "stance_attribution": 0.015360379857676701, "tweet_id": 524970859178786816, "text": "\u201c@kevin_mcgran: #leafs could hear shots from their rooms, I am told. #OttawaShooting\u201d oh my god", "type": "direct_reply"}, {"index": 6, "attribution": 0.013338543348313161, "content_attribution": -0.0013225221753913343, "stance_attribution": 0.014661065523704492, "tweet_id": 524970098788798467, "text": "@kevin_mcgran @JeffMarek how to make your self relevant.", "type": "direct_reply"}, {"index": 7, "attribution": 0.011855999740321168, "content_attribution": 0.0017842514330197925, "stance_attribution": 0.010071748307301375, "tweet_id": 524973075461578752, "text": "\u201c@kevin_mcgran: #leafs could hear shots from their rooms, I am told. #OttawaShooting\u201d that's scary #PrayForOttawa", "type": "direct_reply"}, {"index": 4, "attribution": 0.00704828854579724, "content_attribution": -0.0006635923229810195, "stance_attribution": 0.007711880868778257, "tweet_id": 524970085237395457, "text": "FYI @kevin_mcgran: #leafs could hear shots from their rooms, I am told. #OttawaShooting\u201d", "type": "direct_reply"}, {"index": 3, "attribution": 0.0061509054365739245, "content_attribution": 0.006119079107499264, "stance_attribution": 3.182632907465857e-05, "tweet_id": 524972313234923520, "text": "@kevin_mcgran @JeffMarek because that's what everyone wanted to know. #idiot", "type": "direct_reply"}, {"index": 9, "attribution": 0.005718349151891601, "content_attribution": -0.00043896810318706596, "stance_attribution": 0.006157317255078666, "tweet_id": 524970762672029696, "text": "Omg RT @kevin_mcgran: #leafs could hear shots from their rooms, I am told. #OttawaShooting", "type": "direct_reply"}, {"index": 2, "attribution": 0.0004988636542355516, "content_attribution": 0.003609823738155731, "stance_attribution": -0.0031109600839201754, "tweet_id": 524984758657613825, "text": "@kevin_mcgran @JeffMarek who cares? is that supposed to make the situation worse than it already is?", "type": "direct_reply"}, {"index": 1, "attribution": -0.015140205413023175, "content_attribution": -0.005344744598686668, "stance_attribution": -0.00979546081433651, "tweet_id": 524973890208944128, "text": "@kevin_mcgran Seriously? A soldier may have died; who cares what the Leafs heard. Get some perspective. #OttawaShooting", "type": "direct_reply"}]}