{"thread_id": "524964989975937024", "gold_label": 2, "predicted_label": 0, "tweet_attributions": [{"index": 0, "attribution": 0.23838046302077776, "content_attribution": 0.0434409018113998, "stance_attribution": 0.19493956120937794, "tweet_id": 524964989975937024, "text": "Canadian authorities 'were aware of potential #Isis-style attacks for weeks'\nhttp://t.co/AEMhmInJxm #OttawaShooting http://t.co/TDL4Wl1lFL", "type": "source"}, {"index": 3, "attribution": 0.09691703812230532, "content_attribution": 0.013167158169590618, "stance_attribution": 0.08374987995271468, "tweet_id": 525085458628235264, "text": "@IBTimesUK  Ah that's how they're going to get into the USA  through Canada &amp; not through Mexico.", "type": "direct_reply"}, {"index": 2, "attribution": 0.008581284403236782, "content_attribution": -0.005086486962671802, "stance_attribution": 0.013667771365908583, "tweet_id": 524975549215555584, "text": "@IBTimesUK How can they fight ISIS in Iraq when they have so many in Canada.", "type": "direct_reply"}, {"index": 4, "attribution": 0.0062954252337209205, "content_attribution": -0.0072920349532535475, "stance_attribution": 0.013587460186974463, "tweet_id": 524992402625687552, "text": "@IBTimesUK Entire free world aware of possibility of attack for months.Great story,keep digging, when's recess for Gr.7 journalism class?", "type": "direct_reply"}, {"index": 5, "attribution": 0.0018937173414810132, "content_attribution": -0.006161074577197476, "stance_attribution": 0.008054791918678488, "tweet_id": 524965842145259520, "text": "@IBTimesUK @MarianneSansum Zippy's Canada pals were supposed to lay low til AFTER election. Now there's \"workplace violence\" in Canada!", "type": "direct_reply"}, {"index": 1, "attribution": -0.006736947430860422, "content_attribution": -0.006172232569322603, "stance_attribution": -0.0005647148615378192, "tweet_id": 524973324913639425, "text": "\u201c@IBTimesUK: Canadian authorities 'potential #Isis-style attack\nhttp://t.co/CPvv0SplOq #OttawaShooting http://t.co/v8QVKO5JuZ\u201d\n#Ottawa", "type": "direct_reply"}]}