{"thread_id": "524947416869388288", "gold_label": 1, "predicted_label": 0, "tweet_attributions": [{"index": 0, "attribution": 0.1774375454570178, "content_attribution": -0.003383563619261301, "stance_attribution": 0.18082110907627907, "tweet_id": 524947416869388288, "text": "Reports now that 2nd shooter has been shot in downtown Ottawa #ottnews", "type": "source"}, {"index": 2, "attribution": 0.0518694916757586, "content_attribution": -0.005534313593381043, "stance_attribution": 0.05740380526913965, "tweet_id": 524947580149825537, "text": "@newhot899 #ottnews", "type": "direct_reply"}, {"index": 3, "attribution": 0.006658098285660451, "content_attribution": -0.01727105351172319, "stance_attribution": 0.02392915179738364, "tweet_id": 524947672822988800, "text": "@newhot899 good!!! \ud83d\udc4c", "type": "direct_reply"}, {"index": 1, "attribution": 0.005986435381464454, "content_attribution": 0.013061950714070984, "stance_attribution": -0.007075515332606528, "tweet_id": 524956595588194305, "text": "@newhot899 live news just reported cops yelling at people to run. Must be a third shooter!", "type": "direct_reply"}]}