{"thread_id": "524949073154301952", "gold_label": 1, "predicted_label": 2, "tweet_attributions": [{"index": 0, "attribution": 0.1229529320308754, "content_attribution": -0.08072817292284103, "stance_attribution": 0.20368110495371647, "tweet_id": 524949073154301952, "text": "BREAKING: @ottawapolice confirm one death on Parliament Hill. 3 separate shootings: War Memorial, Hill and \"near Rideau Centre\" @ctvottawa", "type": "source"}, {"index": 3, "attribution": 0.0261184796219291, "content_attribution": 0.0004757049364581866, "stance_attribution": 0.025642774685470916, "tweet_id": 524951172550250496, "text": "@grahamctv @OttawaPolice @ctvottawa ctv national say 1 shooter shot", "type": "direct_reply"}, {"index": 2, "attribution": 0.01158169197820463, "content_attribution": 0.013049247383945427, "stance_attribution": -0.0014675554057408, "tweet_id": 524952686828191745, "text": ".@grahamctv @ottawapolice @ctvottawa Has \"near\" been clarified? @RideauCentre gm told @CFRAOttawa no shooting there.", "type": "direct_reply"}, {"index": 6, "attribution": 0.008590448053023803, "content_attribution": -0.0008461901437340787, "stance_attribution": 0.009436638196757881, "tweet_id": 524952562341273600, "text": "@grahamctv @ctvottawa @OttawaPolice @LeifLeclair", "type": "direct_reply"}, {"index": 10, "attribution": 0.0026480449063341974, "content_attribution": -0.005600141756147263, "stance_attribution": 0.00824818666248146, "tweet_id": 524956281296388096, "text": "MT @grahamctv: BREAKING @ottawapolice confirm one death on Parliament Hill. 3 separate shootings: War Memorial, Hill and \"near Rideau Centre", "type": "direct_reply"}, {"index": 8, "attribution": -0.004724859334002372, "content_attribution": 0.0007141003975904738, "stance_attribution": -0.005438959731592846, "tweet_id": 524952223189860352, "text": "@@Ihave6kids @grahamctv @ctvottawa @OttawaPolice", "type": "direct_reply"}, {"index": 7, "attribution": -0.007266271948979169, "content_attribution": -0.004416034376237961, "stance_attribution": -0.0028502375727412093, "tweet_id": 524949595538063360, "text": "@grahamctv @cfhorgan @OttawaPolice @ctvottawa @melissagrelo Did you see this report?", "type": "direct_reply"}, {"index": 5, "attribution": -0.017178393342897585, "content_attribution": -0.016674428406963523, "stance_attribution": -0.0005039649359340624, "tweet_id": 524949588332269568, "text": "From @grahamctv: @ottawapolice confirm one death on Parliament Hill. 3 separate shootings: War Memorial, Hill and \"near Rideau Centre\"", "type": "direct_reply"}, {"index": 1, "attribution": -0.0376005084720738, "content_attribution": -0.0016283365530400168, "stance_attribution": -0.03597217191903378, "tweet_id": 524951682711830528, "text": "@grahamctv @OttawaPolice @ctvottawa wonder if this is at all connected to Canada sending planes for airstrikes in Iraq/Syria?", "type": "direct_reply"}, {"index": 4, "attribution": -0.04589684192354058, "content_attribution": -0.0027911791711276376, "stance_attribution": -0.043105662752412933, "tweet_id": 524954934270492672, "text": "@grahamctv @TheLeeWilliams @OttawaPolice @ctvottawa Please let the innocent ones be safe, and our wounded soldier. This is so sickening.", "type": "direct_reply"}, {"index": 9, "attribution": -0.1078349753662903, "content_attribution": -0.005712820467349101, "stance_attribution": -0.10212215489894118, "tweet_id": 524949611664789504, "text": "@grahamctv @ctvottawa @OttawaPolice am watching CBC news on tv and they are slow with news. Ty for update!", "type": "direct_reply"}]}