{"thread_id": "524949439367380993", "gold_label": 1, "predicted_label": 0, "tweet_attributions": [{"index": 0, "attribution": 0.23112192996468855, "content_attribution": -0.02346861445419181, "stance_attribution": 0.2545905444188804, "tweet_id": 524949439367380993, "text": "#OttawaShooting police say they are investigating 3 shootings, one at War Memorial, one on Parliament Hill and one near Rideau Centre", "type": "source"}, {"index": 1, "attribution": 0.08284563777203366, "content_attribution": -0.007218576838275781, "stance_attribution": 0.09006421461030943, "tweet_id": 524950430522953728, "text": "@erinanderssen", "type": "direct_reply"}, {"index": 3, "attribution": 0.020956341456869317, "content_attribution": 0.001964512984146019, "stance_attribution": 0.0189918284727233, "tweet_id": 524950297601658881, "text": "#AttackInOttawa\n@ErinAnderssen: police are investigating 3 shootings, one at War Memorial, one on Parliament Hill and one near Rideau Centre", "type": "direct_reply"}, {"index": 2, "attribution": -0.02258300806612997, "content_attribution": -0.02692701151026991, "stance_attribution": 0.004344003444139935, "tweet_id": 524951134105255936, "text": "@ErinAnderssen @saleemkhan awful news for people who don't deserve such unusual occurrences there! Sad visitor", "type": "direct_reply"}]}