{"thread_id": "524926472432410625", "gold_label": 2, "predicted_label": 0, "tweet_attributions": [{"index": 0, "attribution": 0.18699731252468035, "content_attribution": -0.0504809055716994, "stance_attribution": 0.23747821809637976, "tweet_id": 524926472432410625, "text": "One person shot outside Centre Block, a second wounded inside the building in Parliament Hill shooting http://t.co/zng0g0aelU", "type": "source"}, {"index": 2, "attribution": 0.0744406273314495, "content_attribution": -0.008433273835344922, "stance_attribution": 0.08287390116679441, "tweet_id": 524928355016396800, "text": "@CTVMontreal When will Canadians wake up and realize this war on the Islamist rapist slavers is no game, no joke.  Arrest them NOW !!!", "type": "direct_reply"}, {"index": 1, "attribution": 0.003777771223100055, "content_attribution": -0.007153981284008884, "stance_attribution": 0.010931752507108941, "tweet_id": 524928143229190145, "text": "@CTVMontreal @careysmithctv if @JustinTrudeau reacts same as his home break in he will want full on Armed Forces assault on ISIS.", "type": "direct_reply"}, {"index": 3, "attribution": -0.013654236057949302, "content_attribution": -0.02032852411467028, "stance_attribution": 0.0066742880567209825, "tweet_id": 524926985454518272, "text": "\"@CTVMontreal: One person shot outside Centre Block, 2nd wounded inside the building in Parliament Hill shooting http://t.co/YaZ5ptIm5y\" &gt;:(", "type": "direct_reply"}]}