{"thread_id": "524952883343925249", "gold_label": 0, "predicted_label": 2, "tweet_attributions": [{"index": 12, "attribution": 3.631251781739686, "content_attribution": 0.018205604407890513, "stance_attribution": 3.6130461773317957, "tweet_id": 524954074262011904, "text": "@BBCBreaking The Religion of Peace I am guessing.", "type": "direct_reply"}, {"index": 15, "attribution": 2.190358555237526, "content_attribution": 0.04512579913723389, "stance_attribution": 2.1452327561002926, "tweet_id": 525019382490361856, "text": "@Teknofish @BBCBreaking u dumb fuck before u open ur mouth u should get ur fact ta straight.. isn't it funny that it was white guy?", "type": "lower_reply"}, {"index": 14, "attribution": 0.21617937509554924, "content_attribution": 0.022421751597611082, "stance_attribution": 0.19375762349793815, "tweet_id": 525034103985684480, "text": "@FlemosKing @BBCBreaking HAHAHA hes a muslim.   Fucktard", "type": "lower_reply"}, {"index": 1, "attribution": 0.09294083259741084, "content_attribution": 0.02472925809128499, "stance_attribution": 0.06821157450612586, "tweet_id": 525031846355435520, "text": "@FlemosKing @BBCBreaking \nWHOOPS - Angry man looka silly on the internet.\n\n\"Ottawa suspect was 'Canadian convert to Islam'\"", "type": "lower_reply"}, {"index": 11, "attribution": 0.02929696710832956, "content_attribution": -0.0036123345448569287, "stance_attribution": 0.03290930165318649, "tweet_id": 524959159377080320, "text": "@BBCBreaking @BBCWorld 2-3 means are controlling the whole police haha", "type": "direct_reply"}, {"index": 19, "attribution": 0.019978779516841037, "content_attribution": 3.0389920130509136e-05, "stance_attribution": 0.01994838959671053, "tweet_id": 524954684994629633, "text": "@BBCBreaking cr@p, now for even more security.. what moron decided was a good thing to do? No, don't give him the publicity by telling us!!", "type": "direct_reply"}, {"index": 3, "attribution": 0.006713368023356278, "content_attribution": 0.00012179717003159801, "stance_attribution": 0.006591570853324679, "tweet_id": 524954368324288512, "text": "Now what! \u201c@BBCBreaking: Watch video showing gunfire inside Canada's parliament in Ottawa http://t.co/AMraVs0bEg http://t.co/mu6FDnsUSd\u201d", "type": "direct_reply"}, {"index": 7, "attribution": 0.0025321284201161066, "content_attribution": 0.0003240649152356872, "stance_attribution": 0.0022080635048804193, "tweet_id": 524954362448449537, "text": "@BBCBreaking @BBCWorld @cnnbrk @cnn @CNN @CBCNews It was eminent for Canada being safe haven &amp; a sanctuary for these jihadis &amp; terrorists", "type": "direct_reply"}, {"index": 5, "attribution": 0.0007610951319127491, "content_attribution": -0.00010164767201881908, "stance_attribution": 0.0008627428039315681, "tweet_id": 524953204224962560, "text": "Super scary \u201c@BBCBreaking: Watch video showing gunfire inside Canada's parliament in Ottawa http://t.co/qL7qy8JTfz http://t.co/t4K5TtoIUC\u201d", "type": "direct_reply"}, {"index": 13, "attribution": 0.00022053177530674583, "content_attribution": -0.003947864747722676, "stance_attribution": 0.004168396523029421, "tweet_id": 524954461349752832, "text": "@BBCBreaking Why are the enforcement folks not wearing bullet proof helmets, while they wear bullet proof vests?", "type": "direct_reply"}, {"index": 20, "attribution": 0.00017543055095412812, "content_attribution": 0.00024017825948644336, "stance_attribution": -6.474770853231527e-05, "tweet_id": 524954311395405824, "text": "\u201c@BBCBreaking: Watch video showing gunfire inside Canada's parliament in Ottawa http://t.co/O47xVihF1V http://t.co/M7R71czM6G\u201d\n\nOmg!", "type": "direct_reply"}, {"index": 6, "attribution": 0.0001686346862232402, "content_attribution": 0.00023790920796522508, "stance_attribution": -6.927452174198488e-05, "tweet_id": 524954979736379392, "text": "\u201c@BBCBreaking: Watch video showing gunfire inside Canada's parliament in Ottawa http://t.co/xX5qB7L8KJ http://t.co/cAI5O1gOeA\u201d", "type": "direct_reply"}, {"index": 16, "attribution": -4.85992486251386e-06, "content_attribution": 0.00015531637010254135, "stance_attribution": -0.00016017629496505522, "tweet_id": 524961842603388928, "text": "\ud83d\udea8\ud83d\udea8\ud83d\ude33 \u201c@BBCBreaking: Watch video showing gunfire inside Canada's parliament in Ottawa http://t.co/ZliVbLVzrp http://t.co/5bo39y5pHc\u201d", "type": "direct_reply"}, {"index": 9, "attribution": -0.0006857123998772225, "content_attribution": -0.000552086974126773, "stance_attribution": -0.00013362542575044955, "tweet_id": 524956203294941184, "text": "\u201c@BBCBreaking: Watch video showing gunfire inside Canada's parliament in Ottawa http://t.co/GPF3jvzlFG http://t.co/9c6QBSwr6m\u201d WTF \ud83d\ude33", "type": "direct_reply"}, {"index": 8, "attribution": -0.0006928670685661135, "content_attribution": 0.005289968497193677, "stance_attribution": -0.005982835565759792, "tweet_id": 524960241340141568, "text": "@danlouth90 @BBCBreaking definitely tank top. Chuck key ......use it.", "type": "lower_reply"}, {"index": 10, "attribution": -0.0013959540367690898, "content_attribution": -0.0004095677031478585, "stance_attribution": -0.000986386333621231, "tweet_id": 524956639883837441, "text": "@conormcdiarmid1 @kILLBenGregory Is that Stephan harper running by with a handgun around 18 seconds in? Kidding though, a horrible sight", "type": "lower_reply"}, {"index": 21, "attribution": -0.0016684307258016072, "content_attribution": -0.0009825140992328067, "stance_attribution": -0.0006859166265688004, "tweet_id": 524956937667235840, "text": "@MrJackNyren @conormcdiarmid1 I saw a tweet that was \"Oscar Pistorius at it again\" hahaha but ya terrible story", "type": "lower_reply"}, {"index": 2, "attribution": -0.002087237362782951, "content_attribution": -0.002509542809352534, "stance_attribution": 0.0004223054465695825, "tweet_id": 524961388532228098, "text": "@BBCBreaking @TheMattB81 this is crazy...", "type": "direct_reply"}, {"index": 4, "attribution": -0.002747221462744009, "content_attribution": 0.01736520061495559, "stance_attribution": -0.0201124220776996, "tweet_id": 524959930928070656, "text": "\u201c@BBCBreaking:  gunfire inside Canada's parliament in Ottawa http://t.co/9XPzxYwFI2 http://t.co/5grXS1Fhd4\u201d @hughieb79 Tim Martin??", "type": "direct_reply"}, {"index": 17, "attribution": -0.010531580387925028, "content_attribution": 0.01494571460928099, "stance_attribution": -0.02547729499720602, "tweet_id": 524954878138155008, "text": "@Teknofish @BBCBreaking shooting randomly at defenseless ppl ...I'm would bet on it ..", "type": "lower_reply"}, {"index": 18, "attribution": -0.05282201663061499, "content_attribution": 0.006306801612081997, "stance_attribution": -0.05912881824269698, "tweet_id": 525030741252767744, "text": "@FlemosKing @BBCBreaking Hey ill give you one.   Ill take the other dozen.", "type": "lower_reply"}, {"index": 0, "attribution": -0.497398760000035, "content_attribution": 0.07338575406764264, "stance_attribution": -0.5707845140676777, "tweet_id": 524952883343925249, "text": "Watch video showing gunfire inside Canada's parliament in Ottawa http://t.co/CJpXNAk8nS http://t.co/hxwr2NEr2K", "type": "source"}]}