{"thread_id": "524923341359300608", "gold_label": 0, "predicted_label": 2, "tweet_attributions": [{"index": 17, "attribution": 4.046666394757937, "content_attribution": 0.0706998827019355, "stance_attribution": 3.9759665120560004, "tweet_id": 524925268465831936, "text": "@AeroConnor101 This is what happens when Harper pokes his nose where it doesn't belong! Heave Steve!", "type": "lower_reply"}, {"index": 3, "attribution": 2.2375168005064165, "content_attribution": 0.09846536417672325, "stance_attribution": 2.139051436329693, "tweet_id": 524936095826731008, "text": "@MarkMAWalchuk @AeroConnor101 you are a total ass. You don't shoot a fellow Cdn cause politics.", "type": "lower_reply"}, {"index": 13, "attribution": 1.521293253824342, "content_attribution": 0.023281865937277404, "stance_attribution": 1.4980113878870651, "tweet_id": 524924220296679425, "text": "\u201c@CBCAlerts: Uniformed Canadian soldier shot at War Memorial in #Ottawa.\u201d What the fuck is going on", "type": "direct_reply"}, {"index": 20, "attribution": 0.1272004138985335, "content_attribution": 0.08743660675997861, "stance_attribution": 0.03976380713855489, "tweet_id": 525016832101875712, "text": "@lbcalgary_leah @MarkMAWalchuk There's no excuse to why an innocent person who devotes their life to keeping Canadians safe has to die. Ever", "type": "lower_reply"}, {"index": 8, "attribution": 0.03479289701612415, "content_attribution": 0.0033005296312213226, "stance_attribution": 0.03149236738490282, "tweet_id": 524934785031221248, "text": "@Stuthefarmer @CBCAlerts \nThat is horrendous! Gave me creeps even when read in another continent... \n\nNOW World has really gone crazy.", "type": "lower_reply"}, {"index": 10, "attribution": 0.015287575406502371, "content_attribution": 0.0001734158173930635, "stance_attribution": 0.015114159589109305, "tweet_id": 524925025741455360, "text": "@CBCAlerts", "type": "direct_reply"}, {"index": 4, "attribution": 0.005505575546903642, "content_attribution": 7.861854263184131e-05, "stance_attribution": 0.0054269570042717995, "tweet_id": 524929528029011969, "text": "\u201c@CBCAlerts: Uniformed Canadian soldier shot at War Memorial in #Ottawa.\u201d @gillsimons", "type": "direct_reply"}, {"index": 1, "attribution": 0.005142737464042197, "content_attribution": 0.00046296971217058816, "stance_attribution": 0.004679767751871609, "tweet_id": 524929829620432896, "text": "\u201c@CBCAlerts: Uniformed Canadian soldier shot at War Memorial in #Ottawa.\u201d @megzmcmillz", "type": "direct_reply"}, {"index": 5, "attribution": 0.004019197305588972, "content_attribution": 0.00013943782946167332, "stance_attribution": 0.003879759476127299, "tweet_id": 524925136743702528, "text": "@CBCAlerts @CBCNews Please contact CJAD Amanda Kline (514) 207-2173", "type": "direct_reply"}, {"index": 21, "attribution": 0.0010337147969980095, "content_attribution": 0.0005359356302944527, "stance_attribution": 0.0004977791667035573, "tweet_id": 524923775553634304, "text": "\"@CBCAlerts  Uniformed Canadian soldier shot at War Memorial in #Ottawa.\" First the Montreal murder of a soldier, now Ottawa.", "type": "direct_reply"}, {"index": 16, "attribution": 0.0008107950819248112, "content_attribution": 0.0007746521145772143, "stance_attribution": 3.614296734759685e-05, "tweet_id": 524924309135818752, "text": "\u201c@CBCAlerts: Uniformed Canadian soldier shot at War Memorial in #Ottawa.\u201d Absolutely disgusting ... #CantBelieveIt", "type": "direct_reply"}, {"index": 22, "attribution": 0.0005655929812928853, "content_attribution": -6.49250571958017e-05, "stance_attribution": 0.0006305180384886869, "tweet_id": 524923587434926080, "text": "RT @CBCAlerts: Uniformed Canadian soldier shot at War Memorial in #Ottawa.", "type": "direct_reply"}, {"index": 12, "attribution": 0.000198890190948265, "content_attribution": -0.00013038980310504686, "stance_attribution": 0.00032927999405331186, "tweet_id": 524924081242914817, "text": "\u201c@CBCAlerts: Uniformed Canadian soldier shot at War Memorial in #Ottawa.\u201d I get a sense that Canada is about to be on a very High alert", "type": "direct_reply"}, {"index": 14, "attribution": 7.218411769342563e-05, "content_attribution": 0.0002019500633091392, "stance_attribution": -0.00012976594561571366, "tweet_id": 524925385575006208, "text": "\u201c@CBCAlerts: Uniformed Canadian soldier shot at War Memorial in #Ottawa.\u201d Terrible!", "type": "direct_reply"}, {"index": 18, "attribution": -3.745147719874657e-05, "content_attribution": 0.00021562165142682474, "stance_attribution": -0.0002530731286255713, "tweet_id": 524924408323125248, "text": "@CBCAlerts What is going on in our country!?", "type": "direct_reply"}, {"index": 11, "attribution": -0.000240191657718363, "content_attribution": 0.00022683191290067472, "stance_attribution": -0.000467023570619038, "tweet_id": 524927351818559488, "text": "\u201c@CBCAlerts: Uniformed Canadian soldier shot at War Memorial in #Ottawa.\u201d Sickening \ud83d\ude14", "type": "direct_reply"}, {"index": 2, "attribution": -0.0005271661807517338, "content_attribution": -0.00023733081583019136, "stance_attribution": -0.0002898353649215425, "tweet_id": 524926110123839489, "text": "@CBCAlerts @CBCMontreal ...what is wrong with the people in the world these days?? #Ottawa soldier shot", "type": "direct_reply"}, {"index": 7, "attribution": -0.0008378607951590253, "content_attribution": -0.001093285136051093, "stance_attribution": 0.0002554243408920676, "tweet_id": 524925090488938496, "text": "@CBCAlerts @CBCNews this is insane!! Wtf", "type": "direct_reply"}, {"index": 9, "attribution": -0.0016213818952886404, "content_attribution": -0.0024666859047045974, "stance_attribution": 0.0008453040094159567, "tweet_id": 524929050276814848, "text": "@CBCAlerts @CBCNews brutal! How could Canadians do this?", "type": "direct_reply"}, {"index": 19, "attribution": -0.0018565958261449814, "content_attribution": 0.003810730652960983, "stance_attribution": -0.005667326479105967, "tweet_id": 524925753302208513, "text": "\u201c@CBCAlerts: Uniformed Canadian soldier shot at War Memorial in #Ottawa.\u201d!?!?!?!?!?!???!?", "type": "direct_reply"}, {"index": 15, "attribution": -0.011516268390436403, "content_attribution": 3.964994968089568e-05, "stance_attribution": -0.0115559183401173, "tweet_id": 524924901090938880, "text": "\u201c@CBCAlerts: Uniformed Canadian soldier shot at War Memorial in #Ottawa.\u201d So insane.", "type": "direct_reply"}, {"index": 6, "attribution": -0.0228109792177056, "content_attribution": -0.023163004337434512, "stance_attribution": 0.00035202511972891076, "tweet_id": 524924651081060352, "text": "@CBCAlerts what...? Are they targetting men in uniform? Getting scary now....", "type": "direct_reply"}, {"index": 0, "attribution": -0.11059130994025917, "content_attribution": 0.030186323762477773, "stance_attribution": -0.14077763370273694, "tweet_id": 524923341359300608, "text": "Uniformed Canadian soldier shot at War Memorial in #Ottawa.", "type": "source"}]}