{"thread_id": "524950404283772930", "gold_label": 0, "predicted_label": 2, "tweet_attributions": [{"index": 7, "attribution": 3.6721806896706948, "content_attribution": 0.06563664667179045, "stance_attribution": 3.606544042998905, "tweet_id": 524951949595410432, "text": "@sarahle00464480 @20committee it's happening now Ottawa Canada", "type": "lower_reply"}, {"index": 0, "attribution": 0.8729799622614404, "content_attribution": 0.009601355830125707, "stance_attribution": 0.8633786064313147, "tweet_id": 524950404283772930, "text": "Shooting soldiers guarding the war memorial....terrorism really doesn't get much more cowardly than that. Bastards.", "type": "source"}, {"index": 5, "attribution": 0.40201397319844634, "content_attribution": 0.07205259945589002, "stance_attribution": 0.3299613737425563, "tweet_id": 524960544617668609, "text": "@fireandskill @20committee was anyone hurt? At work so I can't turn on a tv...wait I have internet on my phone...brain fart!", "type": "lower_reply"}, {"index": 1, "attribution": 0.25354480559578596, "content_attribution": 0.0027129536687347418, "stance_attribution": 0.2508318519270512, "tweet_id": 524951022322851840, "text": "@20committee It actually wasn't \"guarding\"; they hold vigil in the weeks leading up to Remembrance Day. That makes it all the worse. :-(", "type": "direct_reply"}, {"index": 19, "attribution": 0.11260999393285609, "content_attribution": 0.049754975374179965, "stance_attribution": 0.06285501855867612, "tweet_id": 524963908600487936, "text": "@sarahle00464480 @20committee it's all ongoing but a soldier guarding war memorial was shot, 1 gunman killed and possible others at large.", "type": "lower_reply"}, {"index": 11, "attribution": 0.08122749848347086, "content_attribution": -0.008761374862966798, "stance_attribution": 0.08998887334643761, "tweet_id": 524951508102950913, "text": "@20committee @fireandskill what???? When did this happen?", "type": "direct_reply"}, {"index": 3, "attribution": 0.011653453878723206, "content_attribution": -0.0012373113704463015, "stance_attribution": 0.012890765249169506, "tweet_id": 524950750133514240, "text": "@InfoSomniac2 bingo", "type": "lower_reply"}, {"index": 9, "attribution": 0.004824785864961131, "content_attribution": -0.0004079531519128926, "stance_attribution": 0.005232739016874024, "tweet_id": 524953925917868033, "text": "@20committee Goes to show they oppose everything we fought for in those wars", "type": "direct_reply"}, {"index": 4, "attribution": 0.0018994557200539696, "content_attribution": -4.397859031142474e-05, "stance_attribution": 0.001943434310365394, "tweet_id": 524951497097097216, "text": "@20committee i agree its disgusting and more as cowardly !!!!", "type": "direct_reply"}, {"index": 13, "attribution": 0.0011999391572627624, "content_attribution": -0.0002442930056018199, "stance_attribution": 0.0014442321628645822, "tweet_id": 524951816174583808, "text": "@20committee @HumanGrip Putin did much worse to children and civilians in East Ukraine - thousands of victims+ cold winter + food scarce", "type": "direct_reply"}, {"index": 12, "attribution": 0.0009612966376103208, "content_attribution": -0.0018884023482390318, "stance_attribution": 0.002849698985849353, "tweet_id": 524951615879778304, "text": "@20committee this is not a safe world as some \"end-of-history\" folks think. The old Latin \"si vis pacem, para bellum\" still applies", "type": "direct_reply"}, {"index": 16, "attribution": 0.0006057409826208049, "content_attribution": 0.0001425995221335465, "stance_attribution": 0.00046314146048725844, "tweet_id": 524952353368465408, "text": "@20committee that's tyranny. crucifying teenagers. chopping children in half. nuclear threats. denying people right to choose a leader.", "type": "direct_reply"}, {"index": 10, "attribution": 0.00026022177482187304, "content_attribution": 0.0008051403582789348, "stance_attribution": -0.0005449185834570623, "tweet_id": 524950844014211072, "text": "@20committee I thought so but wasn't sure thanks.", "type": "lower_reply"}, {"index": 14, "attribution": -0.0007631130461692526, "content_attribution": -0.00031529568203112195, "stance_attribution": -0.00044781736413813055, "tweet_id": 524954814804148224, "text": "@20committee @HumanGrip Let's hope each terrorist gets what he deserves - a bullet!", "type": "direct_reply"}, {"index": 8, "attribution": -0.0009248602864225983, "content_attribution": -0.0005697976287600429, "stance_attribution": -0.00035506265766255545, "tweet_id": 524951161846382592, "text": "@20committee Hope JTF2 was able to establish a timely perimeter...no small task in a densely urban environment.", "type": "direct_reply"}, {"index": 2, "attribution": -0.0012359249831728157, "content_attribution": -0.001478879519998952, "stance_attribution": 0.00024295453682613636, "tweet_id": 524953466075373568, "text": "@20committee exactly.", "type": "direct_reply"}, {"index": 17, "attribution": -0.004855464438835631, "content_attribution": -0.0008782854825892475, "stance_attribution": -0.003977178956246384, "tweet_id": 524957012845932544, "text": "@20committee @Cameron_Gray Any bets on Canada labeling this Workplace Violence?", "type": "direct_reply"}, {"index": 15, "attribution": -0.007944610240796391, "content_attribution": 0.007443829860369617, "stance_attribution": -0.015388440101166013, "tweet_id": 524954273181102080, "text": "@rouquinne @20committee the soldiers are an Honour Guard, hence guarding, although purely ceremonial.", "type": "lower_reply"}, {"index": 6, "attribution": -0.009230329654072519, "content_attribution": -0.00024464295804991045, "stance_attribution": -0.008985686696022607, "tweet_id": 524951774432858112, "text": "@20committee @onlyothershoe shit", "type": "direct_reply"}, {"index": 18, "attribution": -0.0412039969664735, "content_attribution": 0.003910116348176961, "stance_attribution": -0.045114113314650456, "tweet_id": 524951427496419328, "text": "@20committee A moving, evocative memorial ... the Tomb of the Unknown Soldier ... been to Nov 11 ceremonies there often ... I am furious.", "type": "direct_reply"}]}