{"thread_id": "524967727266398209", "gold_label": 2, "predicted_label": 0, "tweet_attributions": [{"index": 0, "attribution": 0.2546111829765265, "content_attribution": 0.023869369395167688, "stance_attribution": 0.23074181358135887, "tweet_id": 524967727266398209, "text": "Ottawa hospital says it's treating three patients, two in stable condition, after shooting incident. http://t.co/1cKIHwuCzl", "type": "source"}, {"index": 1, "attribution": 0.1086178937137213, "content_attribution": -0.002453463752425637, "stance_attribution": 0.11107135746614695, "tweet_id": 524968487857684482, "text": "@Reuters \u0642\u0644\u064a\u0644 \u0645\u0646 \u064a\u0633\u062a\u062d\u0642 \u0627\u0644\u0645\u062a\u0627\u0628\u0639\u0647 \u0645\u062b\u0644 \u0647\u0627\u0644\u062d\u0633\u0627\u0628 - @Question_arab", "type": "direct_reply"}, {"index": 3, "attribution": 0.0377169251296372, "content_attribution": 0.019178705923092794, "stance_attribution": 0.018538219206544408, "tweet_id": 524968165626118145, "text": "#AttackInOttawa\n@Reuters: #Ottawa hosp says it's treating 3patients, 2in stable condition, after shooting incident\nhttp://t.co/y86Y50JoNS", "type": "direct_reply"}, {"index": 4, "attribution": -0.0027530735936543704, "content_attribution": -0.0013985978804842405, "stance_attribution": -0.0013544757131701297, "tweet_id": 524968271532273664, "text": "@Reuters \u0647\u0647\u0647\u0647\u0647\u0647 \u0627\u0644\u0648\u0644\u064a\u062f \u0628\u0646 \u0637\u0644\u0627\u0644 \u0645\u062a\u0627\u0628\u0639 \u0647\u0627\u0644\u062d\u0633\u0627\u0628 \u0644\u064a\u0634 \u061f @Question_arab", "type": "direct_reply"}, {"index": 2, "attribution": -0.011028193164733323, "content_attribution": -0.004055923885430623, "stance_attribution": -0.0069722692793027004, "tweet_id": 524969120077713408, "text": "@Reuters", "type": "direct_reply"}]}