{"thread_id": "524973811092193280", "gold_label": 0, "predicted_label": 2, "tweet_attributions": [{"index": 0, "attribution": 0.1575900856718767, "content_attribution": -0.03816051947512361, "stance_attribution": 0.19575060514700032, "tweet_id": 524973811092193280, "text": "#OttawaShooting @RCMP_Nat_Div press conference will be held at 2 pm today", "type": "source"}, {"index": 4, "attribution": 0.08916263201463966, "content_attribution": -0.003286180714550932, "stance_attribution": 0.0924488127291906, "tweet_id": 524975319925915648, "text": "@ErinAnderssen @globeandmail Hope to say CDA recalling CF18s and ending foreign entanglements. #cdnpoli  http://t.co/tapy7HBoSW", "type": "direct_reply"}, {"index": 2, "attribution": 0.0027103670906036895, "content_attribution": -0.004634100082748211, "stance_attribution": 0.007344467173351901, "tweet_id": 524974459359617024, "text": "@ErinAnderssen @globeandmail @RCMP_Nat_Div 5PM PST?", "type": "direct_reply"}, {"index": 1, "attribution": -0.00977949108744455, "content_attribution": -0.01313640462763699, "stance_attribution": 0.003356913540192439, "tweet_id": 524974669863350273, "text": "RT @ErinAnderssen:  #OttawaShooting @RCMP_Nat_Div press conference will be held at 2 pm today.", "type": "direct_reply"}, {"index": 3, "attribution": -0.016313968837578907, "content_attribution": 0.006031041475798067, "stance_attribution": -0.022345010313376972, "tweet_id": 524975142305542144, "text": "@ErinAnderssen So is it over? What about the one's still at large?", "type": "direct_reply"}]}