{"thread_id": "524989654995849216", "gold_label": 0, "predicted_label": 0, "tweet_attributions": [{"index": 0, "attribution": 0.12844485347295478, "content_attribution": -0.04652265070636872, "stance_attribution": 0.1749675041793235, "tweet_id": 524989654995849216, "text": "Police in #Ottawa call situation 'fluid,' 'dynamic,' 'unfolding.' Confirm deaths of soldier, gunman. #cdnpoli", "type": "source"}, {"index": 1, "attribution": 0.09826314167116693, "content_attribution": 0.035230833424389735, "stance_attribution": 0.06303230824677719, "tweet_id": 524992104351940608, "text": "@CBCAlerts Basically, police won't disclose anything more than what we've already pieced together for ourselves.", "type": "direct_reply"}, {"index": 3, "attribution": 0.02416935227887477, "content_attribution": -0.0033206626250471202, "stance_attribution": 0.027490014903921885, "tweet_id": 524996865536704514, "text": "@CBCAlerts Keep the situation in Ottawa in your prayers.", "type": "direct_reply"}, {"index": 4, "attribution": 0.0020321022832033003, "content_attribution": -0.009074937513823335, "stance_attribution": 0.011107039797026635, "tweet_id": 525000930807537664, "text": "@CBCAlerts ans tmorrow lits raining ,badluck", "type": "direct_reply"}, {"index": 2, "attribution": -0.011213852951331787, "content_attribution": -0.006196114780396814, "stance_attribution": -0.005017738170934972, "tweet_id": 525001924718772224, "text": "@CBCAlerts is the situation over or is it still \"unfloding\"?", "type": "direct_reply"}, {"index": 6, "attribution": -0.014485182631322431, "content_attribution": 0.006760977295465607, "stance_attribution": -0.021246159926788036, "tweet_id": 524989867810631680, "text": "@CBCAlerts what about the other confirmed gunmen?", "type": "direct_reply"}, {"index": 5, "attribution": -0.018761057097425492, "content_attribution": -0.003123215673976996, "stance_attribution": -0.015637841423448498, "tweet_id": 525004654761873408, "text": "@CBCAlerts @CBCEdmonton Another bad guy in Rideau Hull RCMP friend confirms", "type": "direct_reply"}]}