{"thread_id": "524957566502445056", "gold_label": 1, "predicted_label": 0, "tweet_attributions": [{"index": 0, "attribution": 0.13244609773299149, "content_attribution": -0.03479150980127753, "stance_attribution": 0.16723760753426903, "tweet_id": 524957566502445056, "text": "Reports of a shooting at Rideau Centre have misstated the shooting location.", "type": "source"}, {"index": 7, "attribution": 0.03423590712749013, "content_attribution": -0.004937632440456236, "stance_attribution": 0.03917353956794638, "tweet_id": 524962669183664129, "text": "@RideauCentre @CBCTheNational guys i know this is a tragedy but please keep shopping at our mall please", "type": "direct_reply"}, {"index": 1, "attribution": 0.030294507479278407, "content_attribution": 0.0020781478238821, "stance_attribution": 0.028216359655396307, "tweet_id": 524957813416947713, "text": "NO shooting @RideauCentre. #ottawa", "type": "direct_reply"}, {"index": 2, "attribution": 0.01130900848590569, "content_attribution": 0.00044389007085710985, "stance_attribution": 0.010865118415048575, "tweet_id": 524959270891421697, "text": "@RideauCentre so....", "type": "direct_reply"}, {"index": 3, "attribution": 0.00883382362231503, "content_attribution": -0.00034417603183523114, "stance_attribution": 0.009177999654150263, "tweet_id": 524958734083457024, "text": "\u201c@RideauCentre: Reports of a shooting at Rideau Centre have misstated the shooting location.\u201d", "type": "direct_reply"}, {"index": 5, "attribution": 0.006627761417830399, "content_attribution": 0.0028147188207620338, "stance_attribution": 0.0038130425970683635, "tweet_id": 524962937782669312, "text": "\u201c@RideauCentre: Reports of a shooting at Rideau Centre have misstated the shooting location.\u201d Scary stuff", "type": "direct_reply"}, {"index": 8, "attribution": 0.005726965397704095, "content_attribution": -0.0003351347004891165, "stance_attribution": 0.006062100098193211, "tweet_id": 524960299942965248, "text": "\u201c@RideauCentre: Reports of a shooting at Rideau Centre have misstated the shooting location.\u201d", "type": "direct_reply"}, {"index": 6, "attribution": -0.01879253570249573, "content_attribution": -0.00065249185057484, "stance_attribution": -0.018140043851920893, "tweet_id": 524958103176232961, "text": "@RideauCentre You should let @OttawaPolice make the statements. #crisiscomms", "type": "direct_reply"}, {"index": 4, "attribution": -0.030321513875688922, "content_attribution": 0.0005979000893215941, "stance_attribution": -0.030919413965010516, "tweet_id": 524957936645582848, "text": "@RideauCentre they are saying it was outside the mall? Is this not accurate?", "type": "direct_reply"}]}