{"thread_id": "524962142563610625", "gold_label": 0, "predicted_label": 0, "tweet_attributions": [{"index": 0, "attribution": 0.20258924732694458, "content_attribution": 0.044865319422209664, "stance_attribution": 0.1577239279047349, "tweet_id": 524962142563610625, "text": "#BREAKING Rick Hughes at CBC Hamilton: \n\nThe soldier who was shot in Ottawa Wednesday morning is a reservist serving in Hamilton", "type": "source"}, {"index": 3, "attribution": 0.07630451309316176, "content_attribution": 0.007324684923350037, "stance_attribution": 0.06897982816981171, "tweet_id": 524962753099075584, "text": "@cbcsaltzman @CBCNews is he alright?", "type": "direct_reply"}, {"index": 5, "attribution": 0.028526694104360116, "content_attribution": 0.021301086474433455, "stance_attribution": 0.007225607629926655, "tweet_id": 524964642406535168, "text": "@cbcsaltzman @mog7546 Well, what can you say? Spare a though for ALL who serve as reservists-they defend everyone's right to debate FREELY!", "type": "direct_reply"}, {"index": 4, "attribution": 0.026818625698254786, "content_attribution": 0.005199097323054201, "stance_attribution": 0.02161952837520058, "tweet_id": 524968425685516288, "text": "\u201c@cbcsaltzman: #BREAKING \n\nThe soldier who was shot in Ottawa Wednesday morning is a reservist serving in Hamilton\u201d @tidridge", "type": "direct_reply"}, {"index": 2, "attribution": -0.026227249469942978, "content_attribution": 0.004703605841078001, "stance_attribution": -0.030930855311020976, "tweet_id": 524963251181076481, "text": "@cbcsaltzman @CBCNews  heartbreaking.", "type": "direct_reply"}, {"index": 1, "attribution": -0.04959240669929005, "content_attribution": 0.00425970122740546, "stance_attribution": -0.05385210792669551, "tweet_id": 524975109023735808, "text": "@cbcsaltzman @CBCNews He's an argyll  is the name of the unit", "type": "direct_reply"}]}