{"thread_id": "524974779540197376", "gold_label": 0, "predicted_label": 2, "tweet_attributions": [{"index": 5, "attribution": 3.181730131861486, "content_attribution": 0.015681211831584854, "stance_attribution": 3.166048920029901, "tweet_id": 524976896476344320, "text": "@CBCAlerts Yep...First of all...lets call it 'workspace accident'... @jihadwartracker", "type": "direct_reply"}, {"index": 10, "attribution": 1.879078951966449, "content_attribution": 0.05373430363480616, "stance_attribution": 1.825344648331643, "tweet_id": 524980064208039936, "text": "@usurytiger @CBCAlerts The canadians aren't giant cunts like our leaders.", "type": "lower_reply"}, {"index": 14, "attribution": 0.08811715633294365, "content_attribution": 0.08041943728921834, "stance_attribution": 0.0076977190437253, "tweet_id": 524988503675764736, "text": "@jihadwartracker I hope so. @CBCAlerts", "type": "lower_reply"}, {"index": 17, "attribution": 0.013838459026500787, "content_attribution": -0.0001916923787306167, "stance_attribution": 0.014030151405231402, "tweet_id": 524975347536633856, "text": "@CBCAlerts funny when obama get his wh attack he does nothin but when harper gets his attack obama is there with assistence..", "type": "direct_reply"}, {"index": 6, "attribution": 0.006153123419094124, "content_attribution": -0.0009582637375878308, "stance_attribution": 0.007111387156681953, "tweet_id": 524977404779827201, "text": "@InDobbyWeTrust obama can't look after his own wh when attack cause he's off golfing an does nothin .. but when harper gts his obama is", "type": "lower_reply"}, {"index": 13, "attribution": 0.006015637148866945, "content_attribution": 4.800055506168941e-06, "stance_attribution": 0.0060108370933607755, "tweet_id": 524977038474903552, "text": "Obama's dope \u201c@CBCAlerts: White House says US ready to offer Canada any necessary assistance after shootings in #Ottawa.\u201d", "type": "direct_reply"}, {"index": 4, "attribution": 0.0054047534256161985, "content_attribution": -0.0009234084742413105, "stance_attribution": 0.0063281618998575085, "tweet_id": 524977052458696704, "text": "\u201c@CBCAlerts: White House says US ready to offer Canada any necessary assistance after shootings in #Ottawa.\"\n\n#NoThanks #NSA #TSA #CIA", "type": "direct_reply"}, {"index": 7, "attribution": 0.003943611222291171, "content_attribution": -0.0003432883738797713, "stance_attribution": 0.004286899596170944, "tweet_id": 524975183405535232, "text": "@CBCAlerts I think we are all wondering if ISIS is behind these shootings.", "type": "direct_reply"}, {"index": 3, "attribution": 0.0037325861190959765, "content_attribution": 0.00047221998087238853, "stance_attribution": 0.0032603661382235877, "tweet_id": 524975083278696448, "text": "@CBCAlerts uh oh when you get both it's not good..", "type": "direct_reply"}, {"index": 2, "attribution": 0.0025763971458233137, "content_attribution": 0.00033717575841678033, "stance_attribution": 0.0022392213874065335, "tweet_id": 524976454392500224, "text": "@CBCAlerts  Didn't take long for Obama to stick his big snout into this.  Help?? They don't even know how to lock the White House doors.", "type": "direct_reply"}, {"index": 16, "attribution": 0.001721252978581424, "content_attribution": 0.0019149308941227943, "stance_attribution": -0.00019367791554137018, "tweet_id": 524977344143192064, "text": "@COCAPTEA  Go fuck yourself.", "type": "lower_reply"}, {"index": 11, "attribution": 0.0015487566119498017, "content_attribution": -0.00015581720873686345, "stance_attribution": 0.0017045738206866654, "tweet_id": 524974947643711488, "text": "@CBCAlerts good", "type": "direct_reply"}, {"index": 19, "attribution": 0.0005737037726925678, "content_attribution": -0.00018775880153371071, "stance_attribution": 0.0007614625742262786, "tweet_id": 524975550490636289, "text": "@CBCAlerts obama better look after his own before assistening another..", "type": "direct_reply"}, {"index": 15, "attribution": 0.0005681186401723337, "content_attribution": 0.00040253175988736063, "stance_attribution": 0.00016558688028497304, "tweet_id": 524975320345374720, "text": "@CBCAlerts thanks america!", "type": "direct_reply"}, {"index": 12, "attribution": 0.00021544795313797709, "content_attribution": 0.00019634347188470538, "stance_attribution": 1.9104481253271648e-05, "tweet_id": 524977343795044352, "text": "@CBCAlerts \n\"we don't need your war machines\nwe don't need your ghetto scenes.\"", "type": "direct_reply"}, {"index": 1, "attribution": -0.000563711556771156, "content_attribution": -0.0006923015023567108, "stance_attribution": 0.0001285899455855548, "tweet_id": 524975943983837184, "text": "@CBCAlerts thank god!! \ud83d\udc4c\ud83d\udc4c", "type": "direct_reply"}, {"index": 9, "attribution": -0.0028009727157955406, "content_attribution": -0.0032565941554663766, "stance_attribution": 0.0004556214396708363, "tweet_id": 524975819190325249, "text": "@CBCAlerts #neighbourlyhelp", "type": "direct_reply"}, {"index": 8, "attribution": -0.01717665116447961, "content_attribution": 0.005916018411152349, "stance_attribution": -0.023092669575631962, "tweet_id": 524998034527363072, "text": "@SeanHChin @CBCAlerts amen! Now canada is a target for isis", "type": "lower_reply"}, {"index": 18, "attribution": -0.09291433639312416, "content_attribution": 0.00440638542692631, "stance_attribution": -0.09732072182005047, "tweet_id": 524976116688486400, "text": "@CBCAlerts Thanks but no thanks.  Our PM kissed up to you and look where it got us. Stay away from Canada.", "type": "direct_reply"}, {"index": 0, "attribution": -0.6276558713660731, "content_attribution": 0.04535805770796163, "stance_attribution": -0.6730139290740347, "tweet_id": 524974779540197376, "text": "White House says US ready to offer Canada any necessary assistance after shootings in #Ottawa. #BarackObama to speak with PM Harper today.", "type": "source"}]}