{"thread_id": "524941124893700096", "gold_label": 0, "predicted_label": 0, "tweet_attributions": [{"index": 0, "attribution": 0.13686638409274168, "content_attribution": -0.04232448465117917, "stance_attribution": 0.17919086874392084, "tweet_id": 524941124893700096, "text": "Prayers for the shot soldier in #Ottawa. God bless the Canadian army. #Canada", "type": "source"}, {"index": 2, "attribution": 0.07877506689480906, "content_attribution": -0.005978985582667171, "stance_attribution": 0.08475405247747622, "tweet_id": 524979636053508096, "text": "@ChakerKhazaal He has died :(", "type": "direct_reply"}, {"index": 3, "attribution": 0.026459174228977624, "content_attribution": 0.005591989514398215, "stance_attribution": 0.020867184714579406, "tweet_id": 524944687770386432, "text": "@ChakerKhazaal #PrayForOttawa #GodBlessCanada", "type": "direct_reply"}, {"index": 4, "attribution": 0.0008320794218697261, "content_attribution": -0.0007916424868431658, "stance_attribution": 0.0016237219087128928, "tweet_id": 524941792064864256, "text": "@ChakerKhazaal #PrayForOttawa \u2764\ufe0f", "type": "direct_reply"}, {"index": 1, "attribution": -0.0006899252375984395, "content_attribution": -0.0008009302704703326, "stance_attribution": 0.00011100503287189408, "tweet_id": 524941896456880129, "text": "@ChakerKhazaal #PrayForOttawa", "type": "direct_reply"}]}