{"thread_id": "524954028287877121", "gold_label": 1, "predicted_label": 0, "tweet_attributions": [{"index": 0, "attribution": 0.2033114327728707, "content_attribution": 0.01668739258744335, "stance_attribution": 0.18662404018542736, "tweet_id": 524954028287877121, "text": "Police in Ottawa are searching for suspected gunmen who shot a solider and fired shots in Parliament this morning. http://t.co/1cKIHwuCzl", "type": "source"}, {"index": 6, "attribution": 0.0923960755939527, "content_attribution": -0.0034492934034748455, "stance_attribution": 0.09584536899742754, "tweet_id": 524954331351904256, "text": "@Reuters LIVE COVERAGE: http://t.co/g3QaJKWZ35", "type": "direct_reply"}, {"index": 5, "attribution": 0.02227945378568085, "content_attribution": 0.0015913192680282204, "stance_attribution": 0.020688134517652633, "tweet_id": 524954240083828736, "text": "@Reuters CONFIRMED 1 gunman SHOT DEAD, 2 MORE on the loose in Ottawa near the Rideau Center Mall.", "type": "direct_reply"}, {"index": 3, "attribution": 0.017628124300497924, "content_attribution": -0.0018034666834657398, "stance_attribution": 0.019431590983963666, "tweet_id": 524954130335690752, "text": "@Reuters \u062d\u0633\u0627\u0628 \u0641\u064a\u0647 \u0627\u0633\u0626\u0644\u0629 \u0633\u062d\u0631\u064a\u0647 -_- !! - @Question_arab", "type": "direct_reply"}, {"index": 7, "attribution": 0.0040596419725022195, "content_attribution": -0.002351510579763314, "stance_attribution": 0.006411152552265535, "tweet_id": 524967517199282177, "text": "@Reuters @IslamZimbabwe How many politicians needed clean underwear? Easy 2  send soldiers into war but shuts down a state becoz of gunshots", "type": "direct_reply"}, {"index": 4, "attribution": -0.0003684162544583796, "content_attribution": -0.0019466182913461937, "stance_attribution": 0.001578202036887813, "tweet_id": 524954134496411648, "text": "@Reuters \u064a\u0627\u0631\u062c\u0627\u0644 \u0648\u0634 \u0647\u0627\u0644\u062d\u0633\u0627\u0628 \u061f - \u062a\u0627\u0628\u0639\u0648\u0647 @Question_arab", "type": "direct_reply"}, {"index": 1, "attribution": -0.008726522535000633, "content_attribution": -0.0019238099852656619, "stance_attribution": -0.006802712549734973, "tweet_id": 524975705063690240, "text": "@Reuters  Definitely will shake Canadian complacency and make it a meaner place to live.", "type": "direct_reply"}, {"index": 2, "attribution": -0.03528312664609174, "content_attribution": -0.0031927373048219964, "stance_attribution": -0.03209038934126975, "tweet_id": 524955850121961473, "text": "@Reuters Cue the bombardment now.", "type": "direct_reply"}]}