{"thread_id": "524931913426157568", "gold_label": 0, "predicted_label": 2, "tweet_attributions": [{"index": 17, "attribution": 2.2144997314598367, "content_attribution": 0.046721656002158156, "stance_attribution": 2.167778075457679, "tweet_id": 524962959035232256, "text": "@Signorile21 @NADEENNQ threat levels were increased yesterday due to internal chatter of ISIS and other Islamic groups. No coincidence", "type": "lower_reply"}, {"index": 3, "attribution": 1.926288041595019, "content_attribution": 0.020005405709920272, "stance_attribution": 1.9062826358850986, "tweet_id": 525008230012162048, "text": "@Signorile21 \u274c While they kill &amp; murder in the name of Islam they are fundamentally un-Islamic. Get informed &gt;&gt; http://t.co/WEyHKBcQ5p", "type": "lower_reply"}, {"index": 10, "attribution": 1.7136381658634796, "content_attribution": 0.019062497553444677, "stance_attribution": 1.6945756683100348, "tweet_id": 524963687707447296, "text": "@rockqli @Signorile21 these are terrorist groups and not Islamic groups, 2 complete different things", "type": "lower_reply"}, {"index": 15, "attribution": 1.2376033184130768, "content_attribution": 0.027921785267836396, "stance_attribution": 1.2096815331452406, "tweet_id": 525041907312107521, "text": "@thehalalgourmet cool. Still doesn't defer from the fact that they are killing in the name of Islam.", "type": "lower_reply"}, {"index": 2, "attribution": 0.9089027998259745, "content_attribution": 0.008309476752228654, "stance_attribution": 0.9005933230737458, "tweet_id": 524964119506866176, "text": "@NADEENNQ @rockqli yes but the vast majority of these terrorist groups also happen to be Islamic.", "type": "lower_reply"}, {"index": 18, "attribution": 0.7959622165596889, "content_attribution": 0.10911166544412126, "stance_attribution": 0.6868505511155676, "tweet_id": 524961237701251075, "text": "@NADEENNQ @CP24 2 soldiers run over \"in the name of Allah\" yesterday do you not think these 2 incidences are related?", "type": "lower_reply"}, {"index": 27, "attribution": 0.41454701806543814, "content_attribution": 0.03038360552056577, "stance_attribution": 0.38416341254487246, "tweet_id": 524948390002823168, "text": "@RebeccaErol @CP24 Gunman is CONFIRMED DEAD!!!!!!!!!! Sgt.at Arms Kevin Vickers shot him!!! WAY TO GO KEVIN.", "type": "lower_reply"}, {"index": 22, "attribution": 0.3424636128843409, "content_attribution": 0.014369586404382398, "stance_attribution": 0.3280940264799585, "tweet_id": 524950098573524992, "text": "@Neiler_1 @CP24 gunmen now\u2026.", "type": "lower_reply"}, {"index": 9, "attribution": 0.2689392552396984, "content_attribution": 0.051710826323216635, "stance_attribution": 0.2172284289164818, "tweet_id": 524934645390258176, "text": "@Neiler_1 @CP24 Gunman is on the loose apparently...", "type": "lower_reply"}, {"index": 11, "attribution": 0.134289182344919, "content_attribution": 0.017357792014852463, "stance_attribution": 0.11693139033006653, "tweet_id": 525045540850266112, "text": "@Signorile21 Absolutely!! The point is that these are not Islamic groups. Continuing to say so is to engender Islam w/ such actions. \u274c\u274c\u274c", "type": "lower_reply"}, {"index": 19, "attribution": 0.11664711856329305, "content_attribution": 0.0012370176185737545, "stance_attribution": 0.11541010094471929, "tweet_id": 524967341139197952, "text": "@NADEENNQ @Signorile21 are you just ignorant to the fact that they're RADICAL islams? You think ISIS and Al'Qaeda are terrorists for fun?", "type": "lower_reply"}, {"index": 24, "attribution": 0.036198611311004616, "content_attribution": 0.004412890662751466, "stance_attribution": 0.03178572064825315, "tweet_id": 524950713550790656, "text": "@RebeccaErol @CP24 Yes, it is believed that there are 2 more on the loose or hiding at the Rideau Center.", "type": "lower_reply"}, {"index": 4, "attribution": 0.01681311698429257, "content_attribution": 0.05109237225084257, "stance_attribution": -0.034279255266550006, "tweet_id": 524960648367996928, "text": "\u201c@Signorile21: @CP24 I bet the \"religion of peace\" had something to do with this.\u201d What does religion have to do with any of this...", "type": "lower_reply"}, {"index": 8, "attribution": 0.013743864329132206, "content_attribution": 0.00022166878883214962, "stance_attribution": 0.013522195540300055, "tweet_id": 524938850121310208, "text": "@manof1000 @CP24 haha wait until they release the shooter's name and you'll see.", "type": "lower_reply"}, {"index": 21, "attribution": 0.013202712711218832, "content_attribution": 0.016464324074170006, "stance_attribution": -0.003261611362951177, "tweet_id": 524932939793313793, "text": "@CP24 Please tell me the Police took care of him/her with an empty magazine in return fire!", "type": "direct_reply"}, {"index": 6, "attribution": 0.005687169975474259, "content_attribution": 0.00019454424891603682, "stance_attribution": 0.0054926257265582226, "tweet_id": 524933456137310208, "text": "RT @CP24: UPDATED: Shots fired on Parliament Hill, soldier injured at National War Memorial http://t.co/OcogO31Jk5 http://t.co/93klgktUJx", "type": "direct_reply"}, {"index": 23, "attribution": 0.0032519316350496353, "content_attribution": 0.0003614565054591298, "stance_attribution": 0.002890475129590508, "tweet_id": 524933934363058178, "text": "@CP24", "type": "direct_reply"}, {"index": 1, "attribution": 0.0024428958275076874, "content_attribution": 0.00027205906676140826, "stance_attribution": 0.00217083676074628, "tweet_id": 524937260371046400, "text": "\u201c@CP24: UPDATED: Shots fired -Parliament Hill, soldier injured at National War Memorial http://t.co/nDFb0XEbUB http://t.co/27sMaSyFPG\u201d\nScary", "type": "direct_reply"}, {"index": 20, "attribution": 0.0002996875548431596, "content_attribution": 0.0002617477195007098, "stance_attribution": 3.793983534244967e-05, "tweet_id": 524943646999605249, "text": "@Dwubaseballmom not good at all!", "type": "lower_reply"}, {"index": 28, "attribution": -0.00043717232674759116, "content_attribution": -0.00043689899109929656, "stance_attribution": -2.7333564829455415e-07, "tweet_id": 524942224446857216, "text": "@Dwubaseballmom not good at all! Let me know what happens!", "type": "lower_reply"}, {"index": 14, "attribution": -0.001600095308369898, "content_attribution": -0.0014870761394690343, "stance_attribution": -0.00011301916890086428, "tweet_id": 524944289043066880, "text": "@manof1000 @CP24 2 soldiers got run over yesterday \"in the name of Allah\" do you not think this could be related?", "type": "lower_reply"}, {"index": 26, "attribution": -0.002536706482921854, "content_attribution": -2.049351140547119e-05, "stance_attribution": -0.002516212971516383, "tweet_id": 524933999467450368, "text": "\u201c@CP24: UPDATED: Shots fired on Parliament Hill, soldier injured at National War Memorial http://t.co/uHX1znkPyU http://t.co/teexDg6ooH\u201d", "type": "direct_reply"}, {"index": 25, "attribution": -0.002722928498916951, "content_attribution": -0.002314438567949143, "stance_attribution": -0.00040848993096780865, "tweet_id": 524943032936693760, "text": "@Dwubaseballmom multiple shooters too", "type": "lower_reply"}, {"index": 12, "attribution": -0.002776103276670754, "content_attribution": -0.00048760726886595823, "stance_attribution": -0.002288496007804795, "tweet_id": 524933887311740928, "text": "@CP24 @runcanucksrun dammit! :(", "type": "direct_reply"}, {"index": 7, "attribution": -0.0031829010284252154, "content_attribution": -9.422940579543451e-05, "stance_attribution": -0.0030886716226297814, "tweet_id": 524937061057703936, "text": "\u201c@CP24: UPDATED: Shots fired on Parliament Hill, soldier injured at National War Memorial http://t.co/cBSvFRhA5h http://t.co/1si7q6APjz\u201d", "type": "direct_reply"}, {"index": 13, "attribution": -0.004708461487286441, "content_attribution": -0.00041436800125617726, "stance_attribution": -0.0042940934860302635, "tweet_id": 524941039304704001, "text": "@CP24 oh shit nvm @haileyhutul", "type": "direct_reply"}, {"index": 29, "attribution": -0.013267784753009434, "content_attribution": 0.0023031334726200453, "stance_attribution": -0.01557091822562948, "tweet_id": 524932680480473088, "text": "@CP24 I bet the \"religion of peace\" had something to do with this.", "type": "direct_reply"}, {"index": 0, "attribution": -0.03685152687467036, "content_attribution": 0.013296548115181616, "stance_attribution": -0.05014807498985197, "tweet_id": 524931913426157568, "text": "UPDATED: Shots fired on Parliament Hill, soldier injured at National War Memorial http://t.co/eyhV6c2yiv http://t.co/wy63eYJbB1", "type": "source"}, {"index": 5, "attribution": -0.057456438059960514, "content_attribution": -0.0001283372051658696, "stance_attribution": -0.05732810085479464, "tweet_id": 524937316750880768, "text": "@Crickey13 @CP24 ya very scary! @KellaOnair", "type": "lower_reply"}, {"index": 16, "attribution": -0.10220326043176993, "content_attribution": 0.0008061211989624324, "stance_attribution": -0.10300938163073237, "tweet_id": 524934118367580161, "text": "@CP24 @999virginTO what the hell is wrong with people?!", "type": "direct_reply"}]}