{"thread_id": "524949628689461249", "gold_label": 2, "predicted_label": 2, "tweet_attributions": [{"index": 1, "attribution": 0.7311541446899585, "content_attribution": 0.01735601601018305, "stance_attribution": 0.7137981286797757, "tweet_id": 524952748232826881, "text": "@ABCNewsLive @ABC2020 @SpaceNigs hey remember that question you got on Ask.fm about nothing going on in Canada?  here's something", "type": "direct_reply"}, {"index": 2, "attribution": 0.44677107034325925, "content_attribution": 0.01950868983146047, "stance_attribution": 0.42726238051179877, "tweet_id": 524950400416620544, "text": "@ABCNewsLive @ABC These Jihad Jack Asses are everywhere, thanks to Our Wide open Borders, and just taking temperatures. POTUS don't Care.", "type": "direct_reply"}, {"index": 3, "attribution": 0.20941129314934886, "content_attribution": 0.022879047739774425, "stance_attribution": 0.18653224540957447, "tweet_id": 524965981534576640, "text": "@sirbrickrock @ABCNewsLive @ABC2020 I live 8 hours away from there. I think I'm good.", "type": "lower_reply"}, {"index": 4, "attribution": 0.0675413369279944, "content_attribution": 0.06636368353669586, "stance_attribution": 0.0011776533912985256, "tweet_id": 524959959935877120, "text": "@Patriot715 @ABCNewsLive @ABC \nNo rush to judgement.  There is crazy everywhere and don't carry titles.  Let's pray  in this trying times.", "type": "lower_reply"}, {"index": 8, "attribution": 0.025407239875361656, "content_attribution": 0.0004132107070613747, "stance_attribution": 0.024994029168300284, "tweet_id": 525003380322603008, "text": "@ABCNewsLive Holy ALMIGHTY GOD please forgive &amp; pardon us who are ignorant to your Holy words and forgive every soul you've created", "type": "direct_reply"}, {"index": 7, "attribution": 0.015887211982854754, "content_attribution": -0.0002129209743549813, "stance_attribution": 0.016100132957209738, "tweet_id": 524952289807990784, "text": "\u201c@ABCNewsLive: LIVE:Coverage of \"several shooting incidents\" at and near Canadian Parliament: http://t.co/peKaBIlMLE http://t.co/EwpfJMyHGz\u201d", "type": "direct_reply"}, {"index": 9, "attribution": 0.01524439890893155, "content_attribution": -0.00027981280230982415, "stance_attribution": 0.015524211711241376, "tweet_id": 524952532523970560, "text": "\u201c@ABCNewsLive: LIVE:Coverage of \"several shooting incidents\" at and near Canadian Parliament: http://t.co/XrPQOdNtQa http://t.co/riKYuvxM0W\u201d", "type": "direct_reply"}, {"index": 6, "attribution": 0.005933460424167269, "content_attribution": 0.00045701626741290706, "stance_attribution": 0.005476444156754361, "tweet_id": 524950463364726784, "text": "@ABCNewsLive is someone trying to over throw the government or other crazy thing?", "type": "direct_reply"}, {"index": 5, "attribution": -0.020162016964688785, "content_attribution": -0.002596200505299897, "stance_attribution": -0.017565816459388893, "tweet_id": 524968807643639808, "text": "@ABCNewsLive wakeup world we are all going to hell .", "type": "direct_reply"}, {"index": 0, "attribution": -0.719070811994269, "content_attribution": 0.12150404616860153, "stance_attribution": -0.8405748581628706, "tweet_id": 524949628689461249, "text": "LIVE:Coverage of \"several shooting incidents\" at and near Canadian Parliament: http://t.co/0nuzHcvr2J http://t.co/ZJO2hQqtLF", "type": "source"}]}