{"thread_id": "524951625556066304", "gold_label": 0, "predicted_label": 2, "tweet_attributions": [{"index": 2, "attribution": 2.360498023697045, "content_attribution": 0.03370192009400856, "stance_attribution": 2.326796103603037, "tweet_id": 524986052277465089, "text": "@Lisa00249251 @RJennromao @Justin_Ling CNN link I tweeted confirmst.  These things happen when news agencies report 1st soundbite they hear", "type": "lower_reply"}, {"index": 9, "attribution": 1.3918131953738557, "content_attribution": 0.02665714048524649, "stance_attribution": 1.365156054888609, "tweet_id": 524970779747033088, "text": "\u201c@Justin_Ling: CTV reports that #soldier shot at war memorial still alive.\u201d #ThankGod @QuornDawg", "type": "direct_reply"}, {"index": 6, "attribution": 0.17663162438954197, "content_attribution": 0.0371578731950766, "stance_attribution": 0.13947375119446537, "tweet_id": 524991171731673089, "text": "@QuornDawg @Lisa00249251 @Justin_Ling the assailant is also now deceased both were alive upon arrival. #RIP #Hamilton #Highlander #Soldier", "type": "lower_reply"}, {"index": 4, "attribution": 0.049912064057934746, "content_attribution": 0.03612833911017324, "stance_attribution": 0.013783724947761509, "tweet_id": 524990583480516608, "text": "@Lisa00249251 @QuornDawg @Justin_Ling when I wrote that there was no report of death an hour ago, approx 45 min agous press release re death", "type": "lower_reply"}, {"index": 11, "attribution": 0.02538895451748372, "content_attribution": -0.0007098965196714139, "stance_attribution": 0.026098851037155136, "tweet_id": 524952064531910656, "text": "@Justin_Ling @paigemacp thank goodness", "type": "direct_reply"}, {"index": 7, "attribution": 0.004138347679960862, "content_attribution": -0.0003367625651509853, "stance_attribution": 0.004475110245111846, "tweet_id": 524954710722510848, "text": "Thank God RT @Justin_Ling: CTV reports that soldier shot at war memorial still alive.", "type": "direct_reply"}, {"index": 3, "attribution": 0.0028644309498267184, "content_attribution": -0.0008688191635318362, "stance_attribution": 0.0037332501133585548, "tweet_id": 524951872168136704, "text": "@Justin_Ling thanks for this first bit of good news today. Really hope the only people killed are those responsible.", "type": "direct_reply"}, {"index": 8, "attribution": 0.0023157604488822365, "content_attribution": 0.0005186932950574585, "stance_attribution": 0.001797067153824778, "tweet_id": 524953528054583297, "text": "@Justin_Ling  I'm so happy to hear that. Hope for his improvement!", "type": "direct_reply"}, {"index": 12, "attribution": 0.002186792336095058, "content_attribution": 0.0005312433619955967, "stance_attribution": 0.0016555489740994614, "tweet_id": 524952955288842241, "text": "I really hope so. RT @Justin_Ling: CTV reports that soldier shot at war memorial still alive.", "type": "direct_reply"}, {"index": 1, "attribution": 0.0010685063018266196, "content_attribution": 0.0007815804615434721, "stance_attribution": 0.00028692584028314693, "tweet_id": 524952676493045760, "text": "@Justin_Ling @jm_mcgrath that is very good news if true.", "type": "direct_reply"}, {"index": 14, "attribution": 0.0007114338143841479, "content_attribution": 0.009166288142363935, "stance_attribution": -0.008454854327979787, "tweet_id": 524985414479003648, "text": "@RJennromao @Justin_Ling http://t.co/gHrtGclhx2", "type": "lower_reply"}, {"index": 5, "attribution": -0.006270686117865798, "content_attribution": -0.0005274227893223093, "stance_attribution": -0.0057432633285434895, "tweet_id": 524951845660528640, "text": "Please be accurate. \u201c@Justin_Ling: CTV reports that soldier shot at war memorial still alive.\u201d", "type": "direct_reply"}, {"index": 0, "attribution": -0.1381697089571408, "content_attribution": 0.022487628556675555, "stance_attribution": -0.1606573375138164, "tweet_id": 524951625556066304, "text": "CTV reports that soldier shot at war memorial still alive.", "type": "source"}, {"index": 15, "attribution": -0.17120653519040246, "content_attribution": 0.0063538176409302025, "stance_attribution": -0.1775603528313327, "tweet_id": 524952674345959425, "text": "@rthonb @Justin_Ling a soldier was killed to days ago in an attack in Quebec, NYTimes may be confusing incidents.", "type": "lower_reply"}, {"index": 13, "attribution": -0.35967884337128286, "content_attribution": 0.0003163206934371429, "stance_attribution": -0.35999516406472004, "tweet_id": 524952257260187648, "text": "@Justin_Ling New York Times is reporting his death. Obv hard to get accurate info", "type": "direct_reply"}, {"index": 10, "attribution": -0.6840220303155665, "content_attribution": 0.03876223088996319, "stance_attribution": -0.7227842612055297, "tweet_id": 524973173268553729, "text": "@RJennromao @QuornDawg @Justin_Ling Is this true cos according to the news coverage Im watching his death has just been confirmed?", "type": "lower_reply"}]}