{"thread_id": "524991067675189250", "gold_label": 0, "predicted_label": 2, "tweet_attributions": [{"index": 14, "attribution": 4.296883040059837, "content_attribution": 0.08377289202827719, "stance_attribution": 4.213110148031559, "tweet_id": 524995043443376129, "text": "@sunkistdaisy glad to hear your fine. I hope they catch the other perpetrators for everyone's safety.", "type": "lower_reply"}, {"index": 10, "attribution": 2.691133296607298, "content_attribution": 0.07938992014618748, "stance_attribution": 2.6117433764611104, "tweet_id": 524995337627664384, "text": "@KarlaSolano1525 me too. Scary to think there may be a violent suspect still out there", "type": "lower_reply"}, {"index": 17, "attribution": 1.6882614835743048, "content_attribution": 0.040541008276789234, "stance_attribution": 1.6477204752975154, "tweet_id": 524994430517121025, "text": "@KarlaSolano1525 yes I'm ok. I live on the other side of the country. As of now I believe there hasn't been any further shootings", "type": "lower_reply"}, {"index": 18, "attribution": 0.09293920146021876, "content_attribution": 0.026441877869759187, "stance_attribution": 0.06649732359045958, "tweet_id": 524994027855552512, "text": "@sunkistdaisy are you safe? I hope everyone you know is safe too.", "type": "lower_reply"}, {"index": 22, "attribution": 0.08534777178140401, "content_attribution": 0.008175581199465817, "stance_attribution": 0.07717219058193818, "tweet_id": 524993689656233985, "text": "@KarlaSolano1525 yes it's awful. Police are still looking for another suspect &amp; that's disconcerting. Ppl are still in lock down in bldgs", "type": "lower_reply"}, {"index": 9, "attribution": 0.003412280199902679, "content_attribution": 0.008895987113192227, "stance_attribution": -0.005483706913289543, "tweet_id": 524993093632675840, "text": "@CBCNews @sunkistdaisy This is terrible to hear, I'm sorry to hear this is happening to Canada.My heart goes out to the soldier &amp; his family", "type": "direct_reply"}, {"index": 15, "attribution": 0.002838237980871435, "content_attribution": -5.51971795323877e-05, "stance_attribution": 0.0028934351604038224, "tweet_id": 525445869550993408, "text": "@tarastrong @CBCNews I'm so sorry, Tara...", "type": "lower_reply"}, {"index": 1, "attribution": 0.0019393213411996613, "content_attribution": 0.0012203360596497932, "stance_attribution": 0.0007189852815498685, "tweet_id": 524991666139443201, "text": "@tarastrong @CBCNews :( #PrayForOttawa", "type": "lower_reply"}, {"index": 19, "attribution": 0.0018133166094128402, "content_attribution": 0.001395292716099288, "stance_attribution": 0.00041802389331355237, "tweet_id": 524992535283113984, "text": "@tarastrong I'm just really shocked. I've seen the footage in the Parliament building on BBC News and I just couldn't believe it.", "type": "lower_reply"}, {"index": 16, "attribution": 0.001555379279141006, "content_attribution": 3.51331011533721e-05, "stance_attribution": 0.001520246177987634, "tweet_id": 525051472728190976, "text": "@tarastrong @CBCNews it's so sad #PrayForOttawa", "type": "lower_reply"}, {"index": 4, "attribution": 0.00040247094689606366, "content_attribution": 0.0003267105899543188, "stance_attribution": 7.576035694174474e-05, "tweet_id": 524993775790477315, "text": "@tarastrong @CBCNews Thanks Tara. I was really impressed at how quickly our law enforcement acted in the chaos. #ottawashooting", "type": "lower_reply"}, {"index": 7, "attribution": 0.00018307544518987058, "content_attribution": 0.00023207551943947374, "stance_attribution": -4.900007424960317e-05, "tweet_id": 524992104603602944, "text": "@tarastrong @CBCNews even though I don't live in Canada, it's sad to see a Canadian soldier die", "type": "lower_reply"}, {"index": 12, "attribution": -0.00019113301295889948, "content_attribution": -2.6172419862021865e-05, "stance_attribution": -0.00016496059309687767, "tweet_id": 524999816057982977, "text": "@tarastrong @CBCNews it really hits our hearts when this happen in our own home province...", "type": "lower_reply"}, {"index": 20, "attribution": -0.00033505613465087457, "content_attribution": -0.00010230431852819311, "stance_attribution": -0.00023275181612268143, "tweet_id": 524992504408842240, "text": "@tarastrong @CBCNews So sad.", "type": "lower_reply"}, {"index": 23, "attribution": -0.000401352409164658, "content_attribution": 6.384413368636376e-05, "stance_attribution": -0.0004651965428510217, "tweet_id": 524998494772555776, "text": "@tarastrong @CBCNews. I couldn't believe something like this could happen in Canada. My prayers are with Canada. \ud83d\ude22", "type": "lower_reply"}, {"index": 25, "attribution": -0.0004805251461839642, "content_attribution": -0.00010801415386132483, "stance_attribution": -0.0003725109923226396, "tweet_id": 525000121222971393, "text": "@tarastrong @CBCNews Heartbreaking...my thoughts with his family &amp; friends.", "type": "lower_reply"}, {"index": 13, "attribution": -0.0013986350301869038, "content_attribution": -0.0006735815165001674, "stance_attribution": -0.0007250535136867367, "tweet_id": 524991256389488640, "text": "@CBCNews Tragic Day. # Ottawa Shooting #StaySafeOttawa", "type": "direct_reply"}, {"index": 24, "attribution": -0.0020968308683749952, "content_attribution": -0.0010461850740842587, "stance_attribution": -0.0010506457942907367, "tweet_id": 524991749950046210, "text": "@CBCNews why are we killing ppl in the middle east for American political gain, making us a ripe target for his kind of revenge attack", "type": "direct_reply"}, {"index": 11, "attribution": -0.008183138571450446, "content_attribution": -0.0009814166429243472, "stance_attribution": -0.007201721928526099, "tweet_id": 524992221263966209, "text": "@CBCNews stay safe", "type": "direct_reply"}, {"index": 5, "attribution": -0.01253219355742908, "content_attribution": -1.7686761656765998e-05, "stance_attribution": -0.012514506795772316, "tweet_id": 524995169918406656, "text": "@tarastrong @CBCNews Thoughts and prayers go out to all my Canadian friends. #PrayForOttawa", "type": "lower_reply"}, {"index": 8, "attribution": -0.018791591829875446, "content_attribution": -4.462907885849178e-05, "stance_attribution": -0.018746962751016952, "tweet_id": 524992169485271040, "text": "@tarastrong @CBCNews  damn someone's rollin on Ottawa. :-(\nStay safe.", "type": "lower_reply"}, {"index": 21, "attribution": -0.052654831204217746, "content_attribution": -0.0012705219773875445, "stance_attribution": -0.05138430922683019, "tweet_id": 525012339742244865, "text": "@tarastrong I know you're from Toronto like me, but if you have family/friends living in Ottawa, I hope they're safe.", "type": "lower_reply"}, {"index": 0, "attribution": -0.06886152257416374, "content_attribution": 0.04078752755121495, "stance_attribution": -0.10964905012537868, "tweet_id": 524991067675189250, "text": "UPDATE: Parliament Hill attack: Soldier dies of injuries, gunman shot dead http://t.co/pp6hcfWcRw #OttawaShooting http://t.co/P0DfYqt63V", "type": "source"}, {"index": 3, "attribution": -0.08356300504289717, "content_attribution": -0.00021039792959207478, "stance_attribution": -0.08335260711330508, "tweet_id": 524991977281302528, "text": "@tarastrong @CBCNews so sad some people refuse the magic of friendship", "type": "lower_reply"}, {"index": 2, "attribution": -0.13720458234667157, "content_attribution": 0.08660568897388911, "stance_attribution": -0.2238102713205607, "tweet_id": 524996633906675712, "text": "@sunkistdaisy absolutely! It's very scary.", "type": "lower_reply"}, {"index": 6, "attribution": -0.39349770009177226, "content_attribution": 0.004786316000585904, "stance_attribution": -0.39828401609235814, "tweet_id": 524991360688861185, "text": "\u201c@CBCNews: UPDATE: Soldier dies of injuries,http://t.co/O1TIRqMVAO #OttawaShooting http://t.co/7kYfOIxBp0\u201d so tragic #PrayForOttawa", "type": "direct_reply"}]}