{"thread_id": "524953110285152256", "gold_label": 0, "predicted_label": 2, "tweet_attributions": [{"index": 8, "attribution": 3.8785018546722774, "content_attribution": 0.05930874988547084, "stance_attribution": 3.819193104786806, "tweet_id": 524970303869304832, "text": "@komie_ @CP24 omg I hope no causality ....", "type": "lower_reply"}, {"index": 11, "attribution": 2.0540193156568245, "content_attribution": 0.05792604935980143, "stance_attribution": 1.996093266297023, "tweet_id": 524976564870868992, "text": "@SohailNazish 1 so far :( :( :( :(", "type": "lower_reply"}, {"index": 6, "attribution": 1.6185767956053962, "content_attribution": 0.04507001712338761, "stance_attribution": 1.5735067784820087, "tweet_id": 524954022957289472, "text": "\u201c@CP24: EXTENDED VIDEO: Numerous gunshots heard inside Centre Block on Parliament Hill http://t.co/mO5ucHAgWg\u201d oh my god. How can this be?!?", "type": "direct_reply"}, {"index": 9, "attribution": 0.26869249450200455, "content_attribution": 0.04971853507742616, "stance_attribution": 0.21897395942457842, "tweet_id": 524984416737570816, "text": "@komie_ hope every things goes normal soon", "type": "lower_reply"}, {"index": 3, "attribution": 0.01956692466239528, "content_attribution": -0.0004162275127734628, "stance_attribution": 0.019983152175168745, "tweet_id": 524978180898443264, "text": "\u201c@CP24: EXTENDED VIDEO: Numerous gunshots heard inside Centre Block on Parliament Hill http://t.co/kJv4NWYUI6\u201dThats so scary", "type": "direct_reply"}, {"index": 1, "attribution": 0.0101741208106951, "content_attribution": -0.0028021492878316807, "stance_attribution": 0.012976270098526779, "tweet_id": 524954414193577984, "text": "@CP24 Why are you sharing this video?!  Shouldn't be allowed! Stop Glorifying these maniacs!", "type": "direct_reply"}, {"index": 7, "attribution": 0.006730748253816944, "content_attribution": -0.0012562904233558883, "stance_attribution": 0.007987038677172834, "tweet_id": 524995097071714305, "text": "This is insane \u201c@CP24: Numerous gunshots heard inside Centre Block on Parliament Hill\"", "type": "direct_reply"}, {"index": 2, "attribution": 0.004404745065400772, "content_attribution": -0.0007427799161184104, "stance_attribution": 0.0051475249815191824, "tweet_id": 524954406094372864, "text": "@CP24 how sad for the soldier and his family", "type": "direct_reply"}, {"index": 5, "attribution": 3.246704371685281e-05, "content_attribution": 0.00046035514163976173, "stance_attribution": -0.00042788809792290895, "tweet_id": 524957548479545344, "text": "\ud83d\ude31 \ud83d\ude31 \u201c@CP24: EXTENDED VIDEO: Numerous gunshots heard inside Centre Block on Parliament Hill http://t.co/tFhI1LmIVF\u201d", "type": "direct_reply"}, {"index": 4, "attribution": -0.004818461241973304, "content_attribution": -0.000415887922698681, "stance_attribution": -0.004402573319274623, "tweet_id": 524953397313929216, "text": "@CP24 Stay Safe everyone in #Ottawa Praying for everyone's safety", "type": "direct_reply"}, {"index": 10, "attribution": -0.00886370234536925, "content_attribution": 0.0006042905902714624, "stance_attribution": -0.009467992935640712, "tweet_id": 524959433030631424, "text": "What the heck RT\u201c@CP24: EXTENDED VIDEO: Numerous gunshots heard inside Centre Block on Parliament Hill http://t.co/t9kpOyCURK\u201d", "type": "direct_reply"}, {"index": 0, "attribution": -0.08290432414095408, "content_attribution": 0.051167044567688696, "stance_attribution": -0.13407136870864278, "tweet_id": 524953110285152256, "text": "EXTENDED VIDEO: Numerous gunshots heard inside Centre Block on Parliament Hill http://t.co/PVcAGKdahe", "type": "source"}]}