{"thread_id": "524955062486196224", "gold_label": 1, "predicted_label": 0, "tweet_attributions": [{"index": 0, "attribution": 0.190963393090089, "content_attribution": -0.03815878090171708, "stance_attribution": 0.22912217399180607, "tweet_id": 524955062486196224, "text": "Rideau Centre general manager tell @globeandmail there was no shooting inside the mall. But people can't leave or enter. #OttawaShooting", "type": "source"}, {"index": 2, "attribution": 0.09242451840151325, "content_attribution": -0.002270144971559508, "stance_attribution": 0.09469466337307277, "tweet_id": 524957217225588737, "text": "@ErinAnderssen @ShreeyaSinha @globeandmail shooter is dead!!!!", "type": "direct_reply"}, {"index": 3, "attribution": 0.008706613675448864, "content_attribution": -0.007953877191172506, "stance_attribution": 0.016660490866621365, "tweet_id": 524957579722498049, "text": "@ErinAnderssen @ShreeyaSinha @globeandmail http://t.co/PKKNLhhJ1R", "type": "direct_reply"}, {"index": 4, "attribution": -0.021055986913389797, "content_attribution": 0.0008974505556744955, "stance_attribution": -0.021953437469064294, "tweet_id": 525013727968366592, "text": "@ErinAnderssen @KayBurley @globeandmail \u060chi", "type": "direct_reply"}, {"index": 1, "attribution": -0.023539889567836262, "content_attribution": 0.0013028802741964652, "stance_attribution": -0.024842769842032722, "tweet_id": 524958277420204032, "text": "@Alice_Chiche @ErinAnderssen @globeandmail hi", "type": "direct_reply"}]}