{"thread_id": "524964223185850368", "gold_label": 0, "predicted_label": 0, "tweet_attributions": [{"index": 0, "attribution": 0.2421353316612285, "content_attribution": 0.013059725818214771, "stance_attribution": 0.22907560584301367, "tweet_id": 524964223185850368, "text": "Canadian soldier shot in Ottawa a reservist from Hamilton http://t.co/MTYfpfQLJY #HamOnt #Canpoli #ottawashooting http://t.co/geEQSNG1mi", "type": "source"}, {"index": 3, "attribution": 0.06190684042342084, "content_attribution": -0.005592373614932587, "stance_attribution": 0.06749921403835343, "tweet_id": 524976494347812864, "text": "@CBCHamilton @CBCNews Harper brought war to Canada, open your eyes!!! We were peace keepers, gave aid. Then there was Harper who brought war", "type": "direct_reply"}, {"index": 2, "attribution": 0.03386603001231911, "content_attribution": -0.0014171321480581072, "stance_attribution": 0.03528316216037721, "tweet_id": 524974339943587840, "text": "@CBCHamilton @CBCNews #HamOnt #Canpoli #ottawashooting Prayers to the Family n Military family of the murdered reservists!", "type": "direct_reply"}, {"index": 1, "attribution": -0.009579537341508682, "content_attribution": -0.004031969790481041, "stance_attribution": -0.005547567551027636, "tweet_id": 524969723705184256, "text": "@CBCHamilton @LynneHolland11 R.I.P. young man. Deepest sympathies to those affected by these needless and tragic events, from the UK.", "type": "direct_reply"}]}