{"thread_id": "524974885362479104", "gold_label": 0, "predicted_label": 2, "tweet_attributions": [{"index": 0, "attribution": 0.15245018597853088, "content_attribution": -0.05900158913107746, "stance_attribution": 0.21145177510960833, "tweet_id": 524974885362479104, "text": "BREAKING: CTV News reports that a solider wounded in a shooting at the National War Memorial has died.", "type": "source"}, {"index": 4, "attribution": 0.05680437240287526, "content_attribution": -0.008805321853916566, "stance_attribution": 0.06560969425679183, "tweet_id": 524975215282237440, "text": "@CP24 On whose official confirmation?", "type": "direct_reply"}, {"index": 14, "attribution": 0.012150903467256327, "content_attribution": 0.0001855815317267466, "stance_attribution": 0.01196532193552958, "tweet_id": 524998734636400641, "text": "@coriferguson @CP24 chief of police", "type": "lower_reply"}, {"index": 6, "attribution": 0.009528358196488947, "content_attribution": -0.0006880331926365369, "stance_attribution": 0.010216391389125484, "tweet_id": 524975375668224000, "text": "@CP24 and cp24 with the late news", "type": "direct_reply"}, {"index": 13, "attribution": 0.006642866314974743, "content_attribution": 0.0002524163083053646, "stance_attribution": 0.006390450006669378, "tweet_id": 524975393749876737, "text": "\u201c@CP24: BREAKING: CTV News reports that a solider wounded in a shooting at the National War Memorial has died.\u201d Rest in peace.", "type": "direct_reply"}, {"index": 2, "attribution": 0.006400330952713334, "content_attribution": 0.007705632448276538, "stance_attribution": -0.0013053014955632025, "tweet_id": 524975800148561921, "text": "@CP24 breaks our hearts #GodBless and our condolences to his family #truenorthstrongandfree", "type": "direct_reply"}, {"index": 10, "attribution": 0.006029490117179379, "content_attribution": -0.00025973988549016875, "stance_attribution": 0.006289230002669548, "tweet_id": 524975977349525505, "text": "\u201c@CP24: BREAKING: CTV News reports that a solider wounded in a shooting at the National War Memorial has died.\u201d  :( so sad", "type": "direct_reply"}, {"index": 8, "attribution": 0.0021585937990182573, "content_attribution": -0.0006393787050143555, "stance_attribution": 0.0027979725040326127, "tweet_id": 524975611312607233, "text": "\u201c@CP24: BREAKING: CTV News reports that a solider wounded in a shooting at the National War Memorial has died.\u201d \ud83d\ude2a", "type": "direct_reply"}, {"index": 7, "attribution": -0.00034421941101375167, "content_attribution": -0.0002807406034597974, "stance_attribution": -6.347880755395424e-05, "tweet_id": 524975057526079488, "text": "\u201c@CP24: BREAKING: CTV News reports that a solider wounded in a shooting at the National War Memorial has died.\u201d \ud83d\ude14\ud83d\ude14", "type": "direct_reply"}, {"index": 16, "attribution": -0.001112367251614693, "content_attribution": 8.651024878408296e-05, "stance_attribution": -0.0011988775003987735, "tweet_id": 524975040908251137, "text": "\u201c@CP24: BREAKING: CTV News reports that a solider wounded in a shooting at the National War Memorial has died.\u201d Praying for his family.", "type": "direct_reply"}, {"index": 11, "attribution": -0.0031467031388683403, "content_attribution": -0.028413176998831936, "stance_attribution": 0.025266473859963598, "tweet_id": 524979893168513026, "text": "@coriferguson @CP24 Probably that arsehole @kenneyjason being a 'twat' on Twitter!!!", "type": "lower_reply"}, {"index": 1, "attribution": -0.0038469219148844504, "content_attribution": -0.001669991691030096, "stance_attribution": -0.002176930223854355, "tweet_id": 524975377878618112, "text": "\u201c@CP24: BREAKING: CTV News reports that a solider wounded in a shooting at the National War Memorial has died.\u201d R.I.P", "type": "direct_reply"}, {"index": 15, "attribution": -0.0043895251917011515, "content_attribution": -0.00044564814894109024, "stance_attribution": -0.003943877042760061, "tweet_id": 524975681604976640, "text": "\u201c@CP24: BREAKING: CTV News reports that a solider wounded in a shooting at the National War Memorial has died.\u201d :'( this is heartbreaking.", "type": "direct_reply"}, {"index": 3, "attribution": -0.01165721148361466, "content_attribution": 0.00044991897692743, "stance_attribution": -0.012107130460542086, "tweet_id": 524975846579515392, "text": "@CP24 so sad. Thoughts go out to the family.", "type": "direct_reply"}, {"index": 17, "attribution": -0.018442652120609544, "content_attribution": -0.0017913868820782983, "stance_attribution": -0.016651265238531242, "tweet_id": 524975736541560833, "text": "@CP24 @andrewbostom so sad.  thoughts and prayers to his family.", "type": "direct_reply"}, {"index": 9, "attribution": -0.01848380643538851, "content_attribution": -0.000688636443820344, "stance_attribution": -0.01779516999156816, "tweet_id": 524975042250432512, "text": "@CP24 so damn sad", "type": "direct_reply"}, {"index": 12, "attribution": -0.021211766789909547, "content_attribution": 0.0017137767934200642, "stance_attribution": -0.022925543583329617, "tweet_id": 524975261276971010, "text": "@CP24 2 soldiers in 3 days.... might wanna raise that threat level to high", "type": "direct_reply"}, {"index": 5, "attribution": -0.032529111385003924, "content_attribution": 0.0009119690771810095, "stance_attribution": -0.033441080462184934, "tweet_id": 524975588218789889, "text": "\u201c@CP24: BREAKING: CTV News reports that a solider wounded in a shooting at the National War Memorial has died.\u201d let's hope this ends soon", "type": "direct_reply"}]}