{"thread_id": "524993533212897281", "gold_label": 2, "predicted_label": 2, "tweet_attributions": [{"index": 4, "attribution": 1.2688611292616823, "content_attribution": 0.023900522363235432, "stance_attribution": 1.2449606068984471, "tweet_id": 524993786276220928, "text": "@CTVNews WHY??? its not their country", "type": "direct_reply"}, {"index": 5, "attribution": 0.2474234357343567, "content_attribution": 0.02227103076242836, "stance_attribution": 0.2251524049719284, "tweet_id": 524995135822905345, "text": "@PC_Consult39 @CTVNews When it comes to security were all in it together you dope. In times of crisis we are as one.", "type": "lower_reply"}, {"index": 1, "attribution": 0.05126095360502438, "content_attribution": 0.0011816457091981167, "stance_attribution": 0.05007930789582626, "tweet_id": 525031764155453441, "text": "@CTVNews I want answers Why did I get netter News fom CNN And CBS ???", "type": "direct_reply"}, {"index": 3, "attribution": 0.013288364564673106, "content_attribution": 0.00318094176090302, "stance_attribution": 0.010107422803770088, "tweet_id": 524994741180846080, "text": "@CTVNews thankfully  the FBI is really good with lots of resources", "type": "direct_reply"}, {"index": 2, "attribution": 0.0023638255567726, "content_attribution": 0.0005023386315711027, "stance_attribution": 0.0018614869252014977, "tweet_id": 525023033585827840, "text": "@CTVNews shooting suspect http://t.co/NIMwIg5Ewb", "type": "direct_reply"}, {"index": 6, "attribution": -0.011777260013765178, "content_attribution": 0.015070183313087487, "stance_attribution": -0.02684744332685266, "tweet_id": 524994366541398017, "text": "@PC_Consult39 because it is a possible terrorist threat that could expand into the US, and they are our closest (literally) allies.", "type": "lower_reply"}, {"index": 0, "attribution": -0.7831217088926095, "content_attribution": 0.07147896884944045, "stance_attribution": -0.8546006777420498, "tweet_id": 524993533212897281, "text": "FBI assisting in the case of the Ottawa shooting, sources have confirmed to CTV News", "type": "source"}]}