{"thread_id": "524956294395224064", "gold_label": 1, "predicted_label": 2, "tweet_attributions": [{"index": 20, "attribution": 3.7252582371647196, "content_attribution": 0.0777167596713852, "stance_attribution": 3.647541477493334, "tweet_id": 524957833763119104, "text": "@gjhall @1310NewsDay @SMLBound @CNNJason Hey, I'm just pointing out that liberty is more safe that totalitarianism.", "type": "lower_reply"}, {"index": 8, "attribution": 2.117625817621857, "content_attribution": 0.045242472468390124, "stance_attribution": 2.072383345153467, "tweet_id": 524957660018642944, "text": "@montfordgreenwo @1310NewsDay @SMLBound @CNNJason hey how about FUCK YOU and your cheap shots", "type": "lower_reply"}, {"index": 18, "attribution": 1.7259713224645286, "content_attribution": 0.021892490743753927, "stance_attribution": 1.704078831720775, "tweet_id": 524958704052228096, "text": "@montfordgreenwo @gjhall @1310NewsDay @SMLBound @CNNJason And I can guarantee you know fuck all about Canadian law.", "type": "lower_reply"}, {"index": 13, "attribution": 0.6913683924656479, "content_attribution": 0.0013528569029506554, "stance_attribution": 0.6900155355626972, "tweet_id": 524958961804398592, "text": "@justaguytoronto @gjhall @1310NewsDay @SMLBound @CNNJason were supposedly shot up. So yeah, don't get mad because I got there first.", "type": "lower_reply"}, {"index": 17, "attribution": 0.5597152014608934, "content_attribution": 0.0024536176400182415, "stance_attribution": 0.5572615838208751, "tweet_id": 524959216482918400, "text": "@montfordgreenwo @gjhall @1310NewsDay @SMLBound @CNNJason Honestly, go back to whatever hole you crawled out of.", "type": "lower_reply"}, {"index": 24, "attribution": 0.4420698235662919, "content_attribution": 0.05208953199726342, "stance_attribution": 0.38998029156902836, "tweet_id": 524957905120813056, "text": "@gjhall @1310NewsDay @SMLBound @CNNJason People have a RIGHT a HUMAN RIGHT, to self defense.", "type": "lower_reply"}, {"index": 16, "attribution": 0.31405510754004873, "content_attribution": 0.028267333099939354, "stance_attribution": 0.2857877744401094, "tweet_id": 524958581347872768, "text": "@montfordgreenwo @gjhall @1310NewsDay @SMLBound @CNNJason People may have died, and you're using it as an excuse for cheap political shots.", "type": "lower_reply"}, {"index": 21, "attribution": 0.22959918286352027, "content_attribution": 0.021352301549343606, "stance_attribution": 0.20824688131417665, "tweet_id": 524964781979996160, "text": "@montfordgreenwo @gjhall @1310NewsDay @SMLBound @CNNJason There is no \"human right\" to self defense, check the Declaration, but legal right!", "type": "lower_reply"}, {"index": 25, "attribution": 0.10813591418457016, "content_attribution": 0.024886119175987056, "stance_attribution": 0.08324979500858312, "tweet_id": 524956845652185088, "text": "@1310NewsDay @SMLBound @CNNJason How are those \"common sense\" gun legislations working Canada? As well as in Chicago I see.", "type": "direct_reply"}, {"index": 4, "attribution": 0.0927607900725645, "content_attribution": -1.2195012960500377e-05, "stance_attribution": 0.092772985085525, "tweet_id": 524959602001977344, "text": "@justaguytoronto @gjhall @1310NewsDay @SMLBound @CNNJason Death is not safety.", "type": "lower_reply"}, {"index": 15, "attribution": 0.07123775003036811, "content_attribution": 0.012390999627057557, "stance_attribution": 0.058846750403310555, "tweet_id": 524974833205907456, "text": "@FilozofA @gjhall @1310NewsDay @SMLBound @CNNJason Dumbass @FilozofA", "type": "lower_reply"}, {"index": 27, "attribution": 0.030517485347226637, "content_attribution": 0.0003890512370438676, "stance_attribution": 0.030128434110182768, "tweet_id": 524959481180868608, "text": "@justaguytoronto @gjhall @1310NewsDay @SMLBound @CNNJason No, I will not accept people being murdered as a thing we have to have for this", "type": "lower_reply"}, {"index": 26, "attribution": 0.029476020947027635, "content_attribution": 0.00741301506557923, "stance_attribution": 0.022063005881448404, "tweet_id": 524958777703800832, "text": "@justaguytoronto @gjhall @1310NewsDay @SMLBound @CNNJason I'm using it to point out that the goal of the left leads to death.", "type": "lower_reply"}, {"index": 19, "attribution": 0.027807834600295712, "content_attribution": -3.549062143884418e-05, "stance_attribution": 0.027843325221734556, "tweet_id": 524958802303807488, "text": "@1310NewsDay @News1130radio @CNNJason goofleearth", "type": "direct_reply"}, {"index": 3, "attribution": 0.013836525595455248, "content_attribution": 0.0003707849220116826, "stance_attribution": 0.013465740673443565, "tweet_id": 524959553494843392, "text": "@justaguytoronto @gjhall @1310NewsDay @SMLBound @CNNJason supposed safety these \"governments\" seem to think they are giving us.", "type": "lower_reply"}, {"index": 6, "attribution": 0.012156758747573484, "content_attribution": 0.006390097602216005, "stance_attribution": 0.005766661145357481, "tweet_id": 524958889641381888, "text": "@justaguytoronto @gjhall @1310NewsDay @SMLBound @CNNJason And the left rolled out their gun control after the notional \"kids\" at sandy hook", "type": "lower_reply"}, {"index": 11, "attribution": 0.010921811954170826, "content_attribution": 0.011303641063470312, "stance_attribution": -0.000381829109299486, "tweet_id": 524992128028381184, "text": "@montfordgreenwo @gjhall @1310NewsDay @SMLBound @CNNJason Yes you are!", "type": "lower_reply"}, {"index": 9, "attribution": 0.009996540074055212, "content_attribution": 0.005114165618091255, "stance_attribution": 0.00488237445596397, "tweet_id": 524959081132335105, "text": "@justaguytoronto @gjhall @1310NewsDay @SMLBound @CNNJason Fuck Canadian law, I know about HUMAN RIGHTS you prog fuck", "type": "lower_reply"}, {"index": 22, "attribution": 0.009981680316050644, "content_attribution": 0.009635014722530904, "stance_attribution": 0.0003466655935197391, "tweet_id": 524959523313029122, "text": "@montfordgreenwo @justaguytoronto @1310NewsDay @SMLBound @CNNJason what a gem you are. blocked.", "type": "lower_reply"}, {"index": 5, "attribution": 0.009558167464293799, "content_attribution": 0.010219774428682908, "stance_attribution": -0.0006616069643891099, "tweet_id": 524959057955012608, "text": "@montfordgreenwo @justaguytoronto @1310NewsDay @SMLBound @CNNJason suck a bag of dicks buddy", "type": "lower_reply"}, {"index": 10, "attribution": 0.008591883012995696, "content_attribution": 0.011905397710576379, "stance_attribution": -0.0033135146975806834, "tweet_id": 524959358564585472, "text": "@gjhall @justaguytoronto @1310NewsDay @SMLBound @CNNJason I'm not a prog fag lover like you seem to be.", "type": "lower_reply"}, {"index": 12, "attribution": 0.008524689785409732, "content_attribution": 0.007717637417520311, "stance_attribution": 0.0008070523678894205, "tweet_id": 524959275714486272, "text": "@justaguytoronto @gjhall @1310NewsDay @SMLBound @CNNJason YOu are a pathetic piece of shit, revealing  your love of slavery.", "type": "lower_reply"}, {"index": 1, "attribution": 0.007120394379972698, "content_attribution": 0.006857126225891116, "stance_attribution": 0.00026326815408158054, "tweet_id": 524958963046313984, "text": "@montfordgreenwo @gjhall @1310NewsDay @SMLBound @CNNJason You are a profoundly stupid asshole, using today's events to grind political axes.", "type": "lower_reply"}, {"index": 23, "attribution": -0.003259871764656668, "content_attribution": 0.0026744321351770527, "stance_attribution": -0.005934303899833721, "tweet_id": 524992055806672896, "text": "@montfordgreenwo @gjhall @1310NewsDay @SMLBound @CNNJason Give a quote?", "type": "lower_reply"}, {"index": 2, "attribution": -0.0045144077976055855, "content_attribution": 0.0065734764748437416, "stance_attribution": -0.011087884272449326, "tweet_id": 524992995041366017, "text": "@FilozofA @gjhall @1310NewsDay @SMLBound @CNNJason Oh boy, you're rubber and I'm glue? Guess what shit bag, you're also blocked.", "type": "lower_reply"}, {"index": 7, "attribution": -0.00761536131700513, "content_attribution": 0.009406590284673753, "stance_attribution": -0.017021951601678884, "tweet_id": 524972775824314368, "text": "@FilozofA @gjhall @1310NewsDay @SMLBound @CNNJason Bullshit. There is indeed a human right to self defense you senseless commie fuck", "type": "lower_reply"}, {"index": 14, "attribution": -0.05830284972373609, "content_attribution": 0.02117981718742841, "stance_attribution": -0.0794826669111645, "tweet_id": 524977980033232896, "text": "@montfordgreenwo @SMLBound @gjhall @1310NewsDay @CNNJason Most definitely a right to self defense! Stop all this pc indoctrination", "type": "lower_reply"}, {"index": 0, "attribution": -0.06019977122483794, "content_attribution": 0.01720151521951195, "stance_attribution": -0.07740128644434989, "tweet_id": 524956294395224064, "text": "Here are the 3 locations of shootings in #Ottawa around Parliament Hill (GoofleEarth)\nFrom: @CNNJason\nhttp://t.co/DSyNgBC02U", "type": "source"}]}