{"thread_id": "524990180034609152", "gold_label": 0, "predicted_label": 2, "tweet_attributions": [{"index": 14, "attribution": 2.762823826859905, "content_attribution": 0.07064986861762308, "stance_attribution": 2.692173958242282, "tweet_id": 525012136016506880, "text": "@Adesh_ka @Nduna_lux @SkyNews @SkyNews Guess who could it be . The religion of peace , seculars will now shout", "type": "lower_reply"}, {"index": 3, "attribution": 2.3639254747333602, "content_attribution": 0.10334476768802558, "stance_attribution": 2.2605807070453343, "tweet_id": 524994916355940352, "text": "@nduna_lux @skynews I found your tweet subtly imprudent and irritating,must you mention muslim which should uncalled for.", "type": "lower_reply"}, {"index": 5, "attribution": 1.6454608614607809, "content_attribution": 0.029421331223420936, "stance_attribution": 1.6160395302373596, "tweet_id": 524991744124157953, "text": "@skynews Britain has to be on alert. Too many muslims in the country", "type": "direct_reply"}, {"index": 15, "attribution": 0.33843031220363806, "content_attribution": 0.04194462476660865, "stance_attribution": 0.2964856874370294, "tweet_id": 525141503543218176, "text": "@nikkyboy22 @nduna_lux @skynews Sercastically xtian promote peace,who is kiling ppl in Iraq,Syria by bomb MUSLIM?End of the Discusion.", "type": "lower_reply"}, {"index": 17, "attribution": 0.04394585076441371, "content_attribution": 0.05871381358242854, "stance_attribution": -0.014767962818014825, "tweet_id": 525002470431670273, "text": "@adesh_ka @skynews what's prudent? Abductions, terror tunnels and beheadings?", "type": "lower_reply"}, {"index": 2, "attribution": 0.021577301278334755, "content_attribution": -0.0013901945934923301, "stance_attribution": 0.022967495871827087, "tweet_id": 524990968660238336, "text": "@SkyNews #Heroes Come in every shape size true character of humanity at it's very finest when others need them most Thank God for courage&gt;&gt;&gt;", "type": "direct_reply"}, {"index": 13, "attribution": 0.010475717307589246, "content_attribution": -0.000830780022701816, "stance_attribution": 0.01130649733029106, "tweet_id": 524995566720548864, "text": "@SkyNews @sixthunderbirds Here he is Canada's Hero.", "type": "direct_reply"}, {"index": 12, "attribution": 0.008489652363788031, "content_attribution": -6.78491041565557e-05, "stance_attribution": 0.008557501467944588, "tweet_id": 524991024922628096, "text": "@SkyNews a true hero", "type": "direct_reply"}, {"index": 4, "attribution": 0.007893759833522696, "content_attribution": -0.00015356286290990964, "stance_attribution": 0.008047322696432603, "tweet_id": 524990480032227328, "text": "@SkyNews That's for sure! He should be given a raise in his pension for this one.", "type": "direct_reply"}, {"index": 16, "attribution": 0.005418316734853814, "content_attribution": 0.0004518886546052741, "stance_attribution": 0.004966428080248541, "tweet_id": 524997466249519105, "text": "@SkyNews top bloke!", "type": "direct_reply"}, {"index": 0, "attribution": 0.003422841168484906, "content_attribution": 0.0546493106907954, "stance_attribution": -0.05122646952231048, "tweet_id": 524990180034609152, "text": "Sergeant-at-Arms of Canada's parliament called a hero for shooting gunman who entered building http://t.co/n7Uyuj8zgu http://t.co/kfV2La0M7m", "type": "source"}, {"index": 18, "attribution": 0.0021748609831401967, "content_attribution": -0.00031915306100149305, "stance_attribution": 0.0024940140441416896, "tweet_id": 524994239495553024, "text": "@SkyNews You guys are not ready for what's happening in the world. How do you let a gunman reach your Parliament?", "type": "direct_reply"}, {"index": 9, "attribution": 0.0009229266861716817, "content_attribution": 0.00019212369818773575, "stance_attribution": 0.0007308029879839461, "tweet_id": 524995452518010882, "text": "@SkyNews well done.  Good thing he had a gun &amp; knew how to use it properly.", "type": "direct_reply"}, {"index": 7, "attribution": 0.0005735858493673723, "content_attribution": 0.0006143176669346352, "stance_attribution": -4.073181756726293e-05, "tweet_id": 524993990865993728, "text": "@SkyNews why dont you call that 'called' to an 'is'", "type": "direct_reply"}, {"index": 6, "attribution": -0.0003672905620340709, "content_attribution": 0.00023394729549015795, "stance_attribution": -0.0006012378575242288, "tweet_id": 524997038665396224, "text": "@SkyNews What a hero!!! Salute! Sir", "type": "direct_reply"}, {"index": 10, "attribution": -0.001473277423663166, "content_attribution": -0.0015463413886348271, "stance_attribution": 7.306396497166068e-05, "tweet_id": 525002419974201344, "text": "@SkyNews Just like that.", "type": "direct_reply"}, {"index": 1, "attribution": -0.003234523066803786, "content_attribution": -0.0022422991949159884, "stance_attribution": -0.0009922238718877965, "tweet_id": 524991830199644160, "text": "@ceddkay @SkyNews  Idiot. Very hard to do knowing you could take someone's life. All credit to him.", "type": "lower_reply"}, {"index": 11, "attribution": -0.016887789804408682, "content_attribution": -0.0008564147817855504, "stance_attribution": -0.016031375022623133, "tweet_id": 524994883384532992, "text": "@ceddkay @SkyNews lol. Under stress and hit your target and not innocents? Damn tough.", "type": "lower_reply"}, {"index": 8, "attribution": -0.025442496717028737, "content_attribution": -0.0005596836337895965, "stance_attribution": -0.024882813083239134, "tweet_id": 524991300962357248, "text": "@ceddkay stupid comment", "type": "lower_reply"}]}