{"thread_id": "524924225463668738", "gold_label": 0, "predicted_label": 2, "tweet_attributions": [{"index": 5, "attribution": 1.4850834702693678, "content_attribution": 0.05613103095008694, "stance_attribution": 1.428952439319281, "tweet_id": 524924734971342851, "text": "@CSB1998 @CP24 cameron youre a bad person", "type": "lower_reply"}, {"index": 7, "attribution": 1.1591947977901587, "content_attribution": 0.04504541880331788, "stance_attribution": 1.1141493789868409, "tweet_id": 524924531807625216, "text": "\u201c@CP24: BREAKING: CTV News confirms that shots have been fired on Parliament Hill.\u201d", "type": "direct_reply"}, {"index": 3, "attribution": 0.1782696586459934, "content_attribution": 0.1195179247218111, "stance_attribution": 0.05875173392418229, "tweet_id": 524924993025884161, "text": "@morganparishh @CP24 for quoting a tweet?", "type": "lower_reply"}, {"index": 14, "attribution": 0.016661353516130323, "content_attribution": -5.958306902251732e-05, "stance_attribution": 0.01672093658515284, "tweet_id": 524925417044860928, "text": "\u201c@CP24: BREAKING: CTV News confirms that shots have been fired on Parliament Hill.\u201d WOWZERS!", "type": "direct_reply"}, {"index": 10, "attribution": 0.016237484040668264, "content_attribution": -0.0002760089659740164, "stance_attribution": 0.01651349300664228, "tweet_id": 524925434979696640, "text": "RT @CP24: BREAKING: CTV News confirms that shots have been fired on Parliament Hill.\u201d", "type": "direct_reply"}, {"index": 12, "attribution": 0.01474772598275899, "content_attribution": 4.031709817993918e-05, "stance_attribution": 0.014707408884579052, "tweet_id": 524925530156838912, "text": "\u201c@CP24: BREAKING: CTV News confirms that shots have been fired on Parliament Hill.\u201d @amandaherdman", "type": "direct_reply"}, {"index": 4, "attribution": 0.00837508115054957, "content_attribution": -0.0001457433949855395, "stance_attribution": 0.008520824545535112, "tweet_id": 524924637248233472, "text": "SMH... RT \"@CP24: BREAKING: CTV News confirms that shots have been fired on Parliament Hill.\"", "type": "direct_reply"}, {"index": 8, "attribution": 0.0035683888167437243, "content_attribution": -0.0025327192920815817, "stance_attribution": 0.006101108108825306, "tweet_id": 524926220216320001, "text": "@CP24 Isis", "type": "direct_reply"}, {"index": 15, "attribution": 0.0034112392346597256, "content_attribution": 8.951217331118687e-05, "stance_attribution": 0.0033217270613485382, "tweet_id": 524924506427904000, "text": "guess I left at the right time \u201c@CP24: BREAKING: CTV News confirms that shots have been fired on Parliament Hill.\u201d", "type": "direct_reply"}, {"index": 9, "attribution": 0.0009937673224977607, "content_attribution": -0.0005708869430768103, "stance_attribution": 0.0015646542655745708, "tweet_id": 524926084056637441, "text": "@cp24 Yup thats great. IM LITERALLY 10 MINUTES AWAY", "type": "direct_reply"}, {"index": 11, "attribution": 0.0007154288627308313, "content_attribution": -0.002858064456423395, "stance_attribution": 0.0035734933191542266, "tweet_id": 524925839792943104, "text": "@CP24 OMG", "type": "direct_reply"}, {"index": 16, "attribution": 5.526399774974774e-05, "content_attribution": 0.00015429970944006553, "stance_attribution": -9.903571169031778e-05, "tweet_id": 524924308209270785, "text": "\u201c@CP24: BREAKING: CTV News confirms that shots have been fired on Parliament Hill.\u201d", "type": "direct_reply"}, {"index": 13, "attribution": -0.0009627843385453913, "content_attribution": 0.00010362867486446862, "stance_attribution": -0.0010664130134098613, "tweet_id": 524925064547172352, "text": "\u201c@CP24: BREAKING: CTV News confirms that shots have been fired on Parliament Hill.\u201d vat?", "type": "direct_reply"}, {"index": 17, "attribution": -0.0017540512495687484, "content_attribution": 0.0004371618417549985, "stance_attribution": -0.0021912130913237463, "tweet_id": 524924397682180096, "text": "\u201c@CP24: BREAKING: CTV News confirms that shots have been fired on Parliament Hill.\u201d Wtf....", "type": "direct_reply"}, {"index": 1, "attribution": -0.0031033811237087044, "content_attribution": 0.011567265249791561, "stance_attribution": -0.014670646373500264, "tweet_id": 524926943297142786, "text": "@2Shae89 @CP24 seems to be still on the loose in parliament..", "type": "lower_reply"}, {"index": 6, "attribution": -0.015768642801029575, "content_attribution": 0.007859144549302437, "stance_attribution": -0.023627787350332018, "tweet_id": 524926233965236224, "text": "\u201c@CP24: BREAKING: CTV News confirms that shots have been fired on Parliament Hill.\u201d  Wow...", "type": "direct_reply"}, {"index": 18, "attribution": -0.030617275846245337, "content_attribution": 0.007174534326091896, "stance_attribution": -0.03779181017233724, "tweet_id": 524930051381665792, "text": "@F_ckYourWords @CP24 \ud83d\ude02\ud83d\ude02", "type": "lower_reply"}, {"index": 2, "attribution": -0.06229124275592402, "content_attribution": 0.0035095019973051217, "stance_attribution": -0.06580074475322914, "tweet_id": 524926237832400897, "text": "black Twitter or white Twitter shots fired .. RT \u201c@CP24: BREAKING: CTV News confirms that shots have been fired on Parliament Hill.\u201d", "type": "direct_reply"}, {"index": 0, "attribution": -0.35918260710746286, "content_attribution": 0.05441001589956671, "stance_attribution": -0.4135926230070295, "tweet_id": 524924225463668738, "text": "BREAKING: CTV News confirms that shots have been fired on Parliament Hill.", "type": "source"}]}