{"thread_id": "524955620538343426", "gold_label": 0, "predicted_label": 2, "tweet_attributions": [{"index": 6, "attribution": 1.3696664701755594, "content_attribution": 0.036451706872463935, "stance_attribution": 1.3332147633030955, "tweet_id": 524956851780464640, "text": "@ScottyHarm @AP they make it sound so mundane... That's a human life lost it's not just something u post on the internet for more traffic", "type": "lower_reply"}, {"index": 3, "attribution": 0.37668705184333007, "content_attribution": 0.0021779683206818836, "stance_attribution": 0.3745090835226482, "tweet_id": 524955826021466113, "text": ". @AP This has no place being put on the internet for glorification. Shame on you.", "type": "direct_reply"}, {"index": 13, "attribution": 0.1506183101866112, "content_attribution": 0.039495194391972466, "stance_attribution": 0.11112311579463871, "tweet_id": 524956969548140544, "text": "@katenugent @AP He's still alive, but it's an INCREDIBLY disrespectful thing to do in a time of crisis for Canada.", "type": "lower_reply"}, {"index": 8, "attribution": 0.11146505125620644, "content_attribution": -0.0037237238727364547, "stance_attribution": 0.1151887751289429, "tweet_id": 524974987070152704, "text": "@ScottyHarm I'm calling you stupid because you are. This is THE ASSOCIATED PRESS. A NATIONAL NEWS ORGANIZATION. THEY COVER NATIONAL NEWS.", "type": "lower_reply"}, {"index": 14, "attribution": 0.04411572961157419, "content_attribution": 0.017632217575094443, "stance_attribution": 0.02648351203647975, "tweet_id": 524958131990716416, "text": "@JRogers304 @AP why? because we are a free civilized who despise terrorism", "type": "lower_reply"}, {"index": 10, "attribution": 0.024204655599011752, "content_attribution": -0.0005378305973219561, "stance_attribution": 0.024742486196333707, "tweet_id": 524956431791820801, "text": "Frightening @AP", "type": "direct_reply"}, {"index": 7, "attribution": 0.01658765375351308, "content_attribution": 0.0006676446916669429, "stance_attribution": 0.015920009061846135, "tweet_id": 524974527202467840, "text": "@ScottyHarm I guess people shouldn't have recorded 9/11? There should be no WW2 videos? Video journalism preserves history.", "type": "lower_reply"}, {"index": 12, "attribution": 0.009544549333569203, "content_attribution": 0.0015699757252692708, "stance_attribution": 0.007974573608299932, "tweet_id": 524955913338490880, "text": "@AP All the hallmarks of an #OperationChaos #falseflag attk by those who believe \"from chaos comes order\": US journo http://t.co/a94wJvDnTL", "type": "direct_reply"}, {"index": 2, "attribution": 0.007772135988280812, "content_attribution": -0.0003222944869241705, "stance_attribution": 0.008094430475204986, "tweet_id": 524974156291772417, "text": "@ScottyHarm um yes there is. Its literally the whole point. Are you dumb? It brings a weight of reality to the situation; recording history", "type": "lower_reply"}, {"index": 5, "attribution": 0.004481950608955689, "content_attribution": -0.0034949989346031787, "stance_attribution": 0.007976949543558867, "tweet_id": 524974345358422016, "text": "@ScottyHarm did you even watch the video? That clip is about 3 seconds long.", "type": "lower_reply"}, {"index": 4, "attribution": -0.000563914021263502, "content_attribution": 0.009651857752152371, "stance_attribution": -0.010215771773415872, "tweet_id": 524956168826138624, "text": "@AP Why would someone shoot a Canadian? Arguably the nicest country in the world.", "type": "direct_reply"}, {"index": 9, "attribution": -0.0013290109190295764, "content_attribution": 0.001113214942507983, "stance_attribution": -0.0024422258615375584, "tweet_id": 524959268408401920, "text": "@AP Prayers to Canada. Terrorists hate God and Freedom. Stay strong, God Bless and keep you.", "type": "direct_reply"}, {"index": 11, "attribution": -0.009725792758346157, "content_attribution": 0.00029665893399488815, "stance_attribution": -0.010022451692341044, "tweet_id": 524975495390449664, "text": "@ScottyHarm lack of integrity? You are bitching at a news organization to stop reporting the news. That makes sense.", "type": "lower_reply"}, {"index": 1, "attribution": -0.01047051816293582, "content_attribution": 0.016675596311727006, "stance_attribution": -0.027146114474662825, "tweet_id": 524971733024264192, "text": "@ScottyHarm @katenugent its called journalism you idiots....", "type": "lower_reply"}, {"index": 0, "attribution": -0.15930812671811354, "content_attribution": 0.0652390359183648, "stance_attribution": -0.22454716263647834, "tweet_id": 524955620538343426, "text": "AP VIDEO: Gunman shoots a Canadian soldier standing guard at the National War Memorial in Ottawa: http://t.co/ELdZHZa0Q9", "type": "source"}]}