{"thread_id": "524925215235911680", "gold_label": 0, "predicted_label": 0, "tweet_attributions": [{"index": 0, "attribution": 0.07911696157157162, "content_attribution": -0.02384557565609456, "stance_attribution": 0.10296253722766621, "tweet_id": 524925215235911680, "text": "#BREAKING news: Shots fired at Parliament Hill. Follow developing story: http://t.co/gPg9nujRvk http://t.co/H0Hw24j5ma", "type": "source"}, {"index": 7, "attribution": 0.016685809584348434, "content_attribution": 0.005721844075645956, "stance_attribution": 0.01096396550870248, "tweet_id": 524929949258768384, "text": "#BreakingNews RT \u201c@globeandmail: Shots fired at Parliament Hill. Follow developing story: http://t.co/odhUy8kXPZ http://t.co/pGcQ8KBZKm\u201d", "type": "direct_reply"}, {"index": 9, "attribution": 0.011982269857860389, "content_attribution": -0.0003546901594743015, "stance_attribution": 0.012336960017334695, "tweet_id": 524937817924067328, "text": "@globeandmail", "type": "direct_reply"}, {"index": 16, "attribution": 0.011852773236127935, "content_attribution": -0.0002036432681065985, "stance_attribution": 0.012056416504234531, "tweet_id": 524931144476028928, "text": "\u201c@globeandmail: #BREAKING news: Shots fired at Parliament Hill. Follow developing story: http://t.co/0xTrHyIlG6 http://t.co/1P0LA8mxfM\u201d", "type": "direct_reply"}, {"index": 6, "attribution": 0.01019433168286563, "content_attribution": -0.00028444115951754004, "stance_attribution": 0.010478772842383171, "tweet_id": 524935683908333569, "text": "@globeandmail", "type": "direct_reply"}, {"index": 14, "attribution": 0.00991704149319246, "content_attribution": -0.004715700686305625, "stance_attribution": 0.014632742179498087, "tweet_id": 524940919494426624, "text": "Canada: \u201c@globeandmail: BREAKING: Shots fired at Parliament Hill. Follow developing story: http://t.co/lJrDWxgxQz http://t.co/zUEKo0sT5T\u201d", "type": "direct_reply"}, {"index": 11, "attribution": 0.008771312177572987, "content_attribution": -0.002160578961296685, "stance_attribution": 0.010931891138869672, "tweet_id": 524925724499935232, "text": "RT @globeandmail: #BREAKING news: Shots fired at Parliament Hill. Follow developing story: http://t.co/izPAUV0qd4 http://t.co/rM0ext7FAF", "type": "direct_reply"}, {"index": 15, "attribution": 0.008306067521052594, "content_attribution": 0.0016612828516476175, "stance_attribution": 0.006644784669404973, "tweet_id": 524937442655477761, "text": "@globeandmail #Islamic_State\nMessage from Mujahid\nhttp://t.co/dSOluMUy6d", "type": "direct_reply"}, {"index": 2, "attribution": 0.007367921595763551, "content_attribution": 0.014124987891269116, "stance_attribution": -0.0067570662955055635, "tweet_id": 524927455715663872, "text": "@globeandmail @ggreenwald I'm taking bets on how quick #ISIS or #Syria will be blamed. After all #Syria is where the US want to bomb next.", "type": "direct_reply"}, {"index": 18, "attribution": 0.0067672483390580195, "content_attribution": -0.0019486933280453865, "stance_attribution": 0.008715941667103407, "tweet_id": 524926127174078464, "text": "\u201c@globeandmail: #BREAKING news: Shots fired at Parliament Hill. http://t.co/Gtg62UeZ3b http://t.co/pOLTF1F0t1\u201d @Tark31", "type": "direct_reply"}, {"index": 10, "attribution": 0.003646158596328241, "content_attribution": 0.00013637300932369515, "stance_attribution": 0.0035097855870045457, "tweet_id": 524926300990214144, "text": "Yikes rt:@globeandmail : #BREAKING news: Shots fired at Parliament Hill. http://t.co/1wfX85AkBj http://t.co/52jzBjj1lA", "type": "direct_reply"}, {"index": 1, "attribution": 0.003111998168668643, "content_attribution": -0.0003184700817156014, "stance_attribution": 0.003430468250384244, "tweet_id": 524933596113801218, "text": "@globeandmail", "type": "direct_reply"}, {"index": 13, "attribution": 0.0008779333293979683, "content_attribution": -0.0004591528487235949, "stance_attribution": 0.0013370861781215634, "tweet_id": 524925756087214082, "text": "@globeandmail", "type": "direct_reply"}, {"index": 5, "attribution": -0.0002863087132799029, "content_attribution": 0.007142229167773471, "stance_attribution": -0.007428537881053374, "tweet_id": 524934180548124672, "text": "@globeandmail Stay safe police and soldiers protecting us all! @rcmpgrcpolice @OttawaPolice", "type": "direct_reply"}, {"index": 12, "attribution": -0.005040043130357769, "content_attribution": -0.0006521080077161778, "stance_attribution": -0.004387935122641592, "tweet_id": 524928329468870657, "text": "Sending thoughts and prayers. \"@globeandmail: #BREAKING: Shots fired at Parliament Hill. http://t.co/hvTLvS7PF3 http://t.co/0qSanyC0vx\u201d", "type": "direct_reply"}, {"index": 17, "attribution": -0.0051633481288383765, "content_attribution": 0.00023831096964600776, "stance_attribution": -0.005401659098484384, "tweet_id": 524926377481736192, "text": "@globeandmail @JennReed4 ! be careful!", "type": "direct_reply"}, {"index": 3, "attribution": -0.00829501820420082, "content_attribution": 0.010297569064830269, "stance_attribution": -0.018592587269031086, "tweet_id": 524935939077206016, "text": "@globeandmail @ggreenwald looks like American values are heading north", "type": "direct_reply"}, {"index": 8, "attribution": -0.011844591760676943, "content_attribution": -0.005355046618607246, "stance_attribution": -0.006489545142069698, "tweet_id": 524941120636469248, "text": "@globeandmail Probably another \"false flag\" on the Canadian side!", "type": "direct_reply"}, {"index": 4, "attribution": -0.016158296931853444, "content_attribution": -0.004004590375781766, "stance_attribution": -0.012153706556071675, "tweet_id": 524928075981918209, "text": "@globeandmail trying to but got this - shameful behaviour http://t.co/BsGTnvDyhc", "type": "direct_reply"}]}