{"thread_id": "524987990524047361", "gold_label": 0, "predicted_label": 0, "tweet_attributions": [{"index": 0, "attribution": 0.19505144787182077, "content_attribution": -0.08878647112516701, "stance_attribution": 0.28383791899698774, "tweet_id": 524987990524047361, "text": "Ottawa police chief confirms that both gunman and soldier at war memorial are dead.", "type": "source"}, {"index": 3, "attribution": -0.006016752431910523, "content_attribution": -0.020305075067378976, "stance_attribution": 0.014288322635468451, "tweet_id": 524996825527644160, "text": "\u201c@CTVNews: Ottawa police chief confirms that both gunman and soldier at war memorial are dead.\u201dnot necessarily the same person ws the gunman", "type": "direct_reply"}, {"index": 1, "attribution": -0.011588393365169253, "content_attribution": -0.01759148729667654, "stance_attribution": 0.006003093931507283, "tweet_id": 525025692342583296, "text": "\u201c@CTVNews: Ottawa police chief confirms that both gunman and soldier at war memorial are dead.\u201d gunman? You mean terrorist...", "type": "direct_reply"}, {"index": 2, "attribution": -0.011917002513080543, "content_attribution": -0.026870519434312335, "stance_attribution": 0.014953516921231792, "tweet_id": 524988074426499072, "text": "\u201c@CTVNews: Ottawa police chief confirms that both gunman and soldier at war memorial are dead.\u201d Sad news", "type": "direct_reply"}]}