{"thread_id": "524948554344054785", "gold_label": 1, "predicted_label": 2, "tweet_attributions": [{"index": 3, "attribution": 1.5439072046670017, "content_attribution": 0.026180245283357273, "stance_attribution": 1.5177269593836442, "tweet_id": 524949458610847745, "text": "@CFRAOttawa @kimfox RT \"We are all infidels\" #outlawIslam #cdnpoli", "type": "direct_reply"}, {"index": 1, "attribution": 0.3240096927503836, "content_attribution": 0.10252720319067729, "stance_attribution": 0.22148248955970637, "tweet_id": 524950105850675200, "text": "@GTMGQ @CFRAOttawa I want nothing to do with that RT &amp; you should learn proper conventions of Twitter.", "type": "lower_reply"}, {"index": 2, "attribution": 0.029083760756394256, "content_attribution": 0.002405503804161914, "stance_attribution": 0.02667825695223234, "tweet_id": 524949107522027522, "text": "@CFRAOttawa @suepeac GOOD NEWS. Get them all.", "type": "direct_reply"}, {"index": 4, "attribution": 0.0214621232462864, "content_attribution": 0.004142909279302359, "stance_attribution": 0.01731921396698404, "tweet_id": 524949347197534208, "text": "\u201c@CFRAOttawa: UPDATE: Reports of 1 more shooter being SHOT. In addition to 1 shot and killed earlier in Parliament Hill #ottnews #edue", "type": "direct_reply"}, {"index": 0, "attribution": -0.84675648344078, "content_attribution": 0.09083014463994314, "stance_attribution": -0.9375866280807231, "tweet_id": 524948554344054785, "text": "UPDATE: Reports of 1 more shooter being SHOT. This is in addition to one shot and killed earlier in Parliament Hill #ottnews #OttawaShooting", "type": "source"}]}