{"thread_id": "524967298604359684", "gold_label": 0, "predicted_label": 0, "tweet_attributions": [{"index": 0, "attribution": 0.17036401636969895, "content_attribution": -0.030646877404974387, "stance_attribution": 0.20101089377467332, "tweet_id": 524967298604359684, "text": "WATCH: Sounds of apparent gunfire inside halls of Canada's Parliament Hill: http://t.co/KzOOm96NEL http://t.co/WOzpsb6dXi", "type": "source"}, {"index": 1, "attribution": 0.05133547917396204, "content_attribution": -0.001766928510492372, "stance_attribution": 0.053102407684454414, "tweet_id": 524967423536287745, "text": "@ABC sounds like terrorists. maybe ISIS", "type": "direct_reply"}, {"index": 7, "attribution": 0.0429090112792468, "content_attribution": 0.03693153244807494, "stance_attribution": 0.005977478831171857, "tweet_id": 524971884379521025, "text": "@ABC why does it say apparent gunfire? Interesting", "type": "direct_reply"}, {"index": 6, "attribution": 0.02944313391039559, "content_attribution": -0.0008441715332320946, "stance_attribution": 0.030287305443627684, "tweet_id": 524969440647979009, "text": "Wowww crazy \u201c@ABC: WATCH: Sounds of apparent gunfire inside halls of Canada's Parliament Hill http://t.co/k7AYE6Fnx0 http://t.co/1f63T9kQ96\u201d", "type": "direct_reply"}, {"index": 3, "attribution": 0.017114172944045426, "content_attribution": -0.0001588926586682226, "stance_attribution": 0.01727306560271365, "tweet_id": 524968526961192960, "text": "@ABC WOW", "type": "direct_reply"}, {"index": 5, "attribution": 0.0005216270006549342, "content_attribution": -0.003055470505778506, "stance_attribution": 0.0035770975064334403, "tweet_id": 524982176312332288, "text": "\u201c@ABC: WATCH: Sounds of apparent gunfire inside halls of Canada's Parliament Hill: http://t.co/aMaLmACFy5 http://t.co/OnkriQEfK9\u201d", "type": "direct_reply"}, {"index": 8, "attribution": 0.00036154684521690853, "content_attribution": -0.004929731343330206, "stance_attribution": 0.005291278188547115, "tweet_id": 524996502205128704, "text": "Scary news from Parliament Hill in Ottawa.  I was an intern once there - thinking of everyone today @abc @reuters @cnn", "type": "direct_reply"}, {"index": 9, "attribution": -0.004434801151785786, "content_attribution": -0.004009672063968066, "stance_attribution": -0.0004251290878177189, "tweet_id": 524970610112593921, "text": "@ABC Our thoughts are with you Ottawa http://t.co/3GTYfDczty", "type": "direct_reply"}, {"index": 2, "attribution": -0.02637372959187813, "content_attribution": -0.006962398283982839, "stance_attribution": -0.01941133130789529, "tweet_id": 525061923264425984, "text": "@ABC  SOLUTION?  2 A-Bombs. Let Our God and Their \"God\" sort it out.", "type": "direct_reply"}, {"index": 4, "attribution": -0.029501543179210565, "content_attribution": -6.742622519737262e-05, "stance_attribution": -0.029434116954013188, "tweet_id": 524968894784864256, "text": "@ABC  rcmp should have put em down by now.", "type": "direct_reply"}]}