{"thread_id": "524994747883323392", "gold_label": 0, "predicted_label": 0, "tweet_attributions": [{"index": 0, "attribution": 0.1544580359342506, "content_attribution": -0.021618470506977877, "stance_attribution": 0.17607650644122844, "tweet_id": 524994747883323392, "text": "I am so saddened by the death of a young man serving us and our great nation. God bless him #Ottawa #OttawaShooting", "type": "source"}, {"index": 3, "attribution": 0.1343530583706542, "content_attribution": -0.009715461393371566, "stance_attribution": 0.14406851976402577, "tweet_id": 525025101310226433, "text": "@GeneralHillier @markcritch just devastating.  God bless.", "type": "direct_reply"}, {"index": 2, "attribution": 0.010401385679926814, "content_attribution": -0.003035259417190175, "stance_attribution": 0.013436645097116989, "tweet_id": 525000029103472641, "text": "@GeneralHillier  General, we're with you on that sir!", "type": "direct_reply"}, {"index": 1, "attribution": -0.00865154203433346, "content_attribution": -0.0056561929812679376, "stance_attribution": -0.0029953490530655207, "tweet_id": 525020661379780608, "text": "@GeneralHillier @markcritch A cowardly act on one of our own. Sad day for Canada!", "type": "direct_reply"}]}