{"thread_id": "524984773211860994", "gold_label": 0, "predicted_label": 2, "tweet_attributions": [{"index": 31, "attribution": 4.089289142313392, "content_attribution": 0.023239544228184427, "stance_attribution": 4.066049598085208, "tweet_id": 524987434829099008, "text": "@oshwm @BBCBreaking Well, that's what's next: #ISIS armed with portable drills and jigsaws.", "type": "lower_reply"}, {"index": 29, "attribution": 2.5521344120567893, "content_attribution": 0.0637909906827813, "stance_attribution": 2.488343421374007, "tweet_id": 524987986577219586, "text": "@pdarmancour @BBCBreaking yeh so they can sneak 'em through airports security and use the jigsaws to cut all our heads off!!!", "type": "lower_reply"}, {"index": 38, "attribution": 1.1643731184846735, "content_attribution": 0.01687519987270665, "stance_attribution": 1.147497918611967, "tweet_id": 524985418446831616, "text": "@pdarmancour @BBCBreaking sounded more liek a gun than a drill :D", "type": "lower_reply"}, {"index": 30, "attribution": 0.56578577425042, "content_attribution": 0.08371378437041219, "stance_attribution": 0.4820719898800078, "tweet_id": 524988319336509440, "text": "@oshwm @BBCBreaking I doubt it.", "type": "lower_reply"}, {"index": 11, "attribution": 0.3059303633877996, "content_attribution": 0.06260929807488999, "stance_attribution": 0.24332106531290962, "tweet_id": 524989132159082498, "text": "@pdarmancour @BBCBreaking trust me, we should ban all work tools in case they can be used for terrorism :D", "type": "lower_reply"}, {"index": 24, "attribution": 0.07707590393743519, "content_attribution": 0.020635857863584003, "stance_attribution": 0.056440046073851176, "tweet_id": 524989512070725632, "text": "@oshwm @BBCBreaking &gt;&gt;&gt; @seanhannity could commit terrorism with his NERF football.", "type": "lower_reply"}, {"index": 18, "attribution": 0.0708890453663939, "content_attribution": 0.004624230283951426, "stance_attribution": 0.06626481508244247, "tweet_id": 524987265010122752, "text": "@notatroll255 @DYounger_ @BBCBreaking by a terrorist driving into a crowd of people", "type": "lower_reply"}, {"index": 20, "attribution": 0.058520927802884495, "content_attribution": 0.029060508856544428, "stance_attribution": 0.029460418946340067, "tweet_id": 524985407151538176, "text": "@BBCBreaking wjat about the 3 month old baby murdered in israel?", "type": "lower_reply"}, {"index": 32, "attribution": 0.05136751940615082, "content_attribution": 0.0038287849337773476, "stance_attribution": 0.04753873447237347, "tweet_id": 524986011533987840, "text": "@DYounger_ @BBCBreaking  by who?", "type": "lower_reply"}, {"index": 28, "attribution": 0.04442056377662233, "content_attribution": 0.03994790269625055, "stance_attribution": 0.004472661080371784, "tweet_id": 524985177127538689, "text": "Ottawa Police say there were 2 #OttawaShooting sites - War Memorial, Parliament Hill but not Rideau shopping centre http://t.co/TLq8c8sWrG", "type": "direct_reply"}, {"index": 34, "attribution": 0.03939112308726783, "content_attribution": -0.0008275901946517501, "stance_attribution": 0.04021871328191958, "tweet_id": 524985089823080449, "text": "@BBCBreaking Probably a drill.", "type": "direct_reply"}, {"index": 36, "attribution": 0.00692715680646004, "content_attribution": 0.005437091965348415, "stance_attribution": 0.001490064841111625, "tweet_id": 525011666337931264, "text": "@DYounger_ @BBCBreaking oh really what about the 13 year old boy killed by IDF and the little girl run over by a settler ??", "type": "lower_reply"}, {"index": 10, "attribution": 0.006529437202132823, "content_attribution": -0.000695840529401732, "stance_attribution": 0.007225277731534556, "tweet_id": 524986557170995200, "text": "@BBCBreaking GOD BLESS KEVIN, EX RCMP, SGT. @ ARMS! BRAVE MAN!", "type": "direct_reply"}, {"index": 2, "attribution": 0.0024293464653307242, "content_attribution": 0.0002556592549488836, "stance_attribution": 0.002173687210381841, "tweet_id": 524986512450928641, "text": "@BBCBreaking  These nutters  have achieved 1 thing today , more hate from #Canada towards mad #muslim #ISIS  terrorists !!", "type": "direct_reply"}, {"index": 19, "attribution": 0.0021667399003760957, "content_attribution": -5.7810809273852755e-05, "stance_attribution": 0.0022245507096499482, "tweet_id": 524986312106205184, "text": "@BBCBreaking Canadians ... mark this well.\n\n Your Govt will use this day's events to subjugate you.\n\n(see \"America\" for more details)", "type": "lower_reply"}, {"index": 37, "attribution": 0.0021350879014312924, "content_attribution": 3.0284983949751412e-05, "stance_attribution": 0.0021048029174815415, "tweet_id": 524985051701063681, "text": "@BBCBreaking", "type": "direct_reply"}, {"index": 3, "attribution": 0.001994198302591032, "content_attribution": 0.0004301676865875671, "stance_attribution": 0.0015640306160034651, "tweet_id": 524985191815581696, "text": "@BBCBreaking follow me i will follow you soon", "type": "direct_reply"}, {"index": 25, "attribution": 0.00158568995199871, "content_attribution": 0.000701593587849877, "stance_attribution": 0.0008840963641488333, "tweet_id": 524991703036739585, "text": "@BBCBreaking it's kind of sad to see what the shooting taken place in Canada innocent people of been killed", "type": "lower_reply"}, {"index": 7, "attribution": 0.0006406187713819285, "content_attribution": 0.0006406187713819285, "stance_attribution": 0.0, "tweet_id": 524986867134263296, "text": "\u201c@BBCBreaking: Ottawa Police say there were 2 #OttawaShooting sites - War Memorial, Parliament Hill... http://t.co/p2p5G0dKNe\u201d Evil happens", "type": "lower_reply"}, {"index": 6, "attribution": 0.000599931471216915, "content_attribution": 0.0031895199115126423, "stance_attribution": -0.0025895884402957273, "tweet_id": 524987573609836544, "text": "@ohgoditslexi @BBCBreaking Live CBC . http://t.co/WGq7dBe7zH statement live now...", "type": "lower_reply"}, {"index": 5, "attribution": 0.0002931383280661246, "content_attribution": -0.00011753744341198459, "stance_attribution": 0.0004106757714781092, "tweet_id": 524986579312717824, "text": "@bbcbreaking Canada is one of our great allies in the war on terror. Theses cowardly terrorists will be beaten. #ottawashootings", "type": "direct_reply"}, {"index": 9, "attribution": -5.960328744259442e-05, "content_attribution": -0.00038306394177681544, "stance_attribution": 0.00032346065433422116, "tweet_id": 524985579575185408, "text": "\u201c@BBCBreaking: Ottawa Police confirms 1 gunman dead, 1 soldier killed in #OttawaShooting  http://t.co/5MPIq4bQFD http://t.co/zgorMw6U2k\u201d", "type": "direct_reply"}, {"index": 27, "attribution": -8.504049381680444e-05, "content_attribution": -0.0001267325635809639, "stance_attribution": 4.1692069764159435e-05, "tweet_id": 524986919785332737, "text": "@bbcbreaking @bbcworld heart breaking news. May the brave and gentle soul of the soldier rest in perfect peace.", "type": "lower_reply"}, {"index": 1, "attribution": -0.00012514438047300146, "content_attribution": -0.0004114006763791537, "stance_attribution": 0.0002862562959061523, "tweet_id": 524985076703326208, "text": "\u201c@BBCBreaking: Ottawa Police confirms 1 gunman dead, 1 soldier killed in #OttawaShooting  http://t.co/fcKsKrq5Lf http://t.co/DCtKBf2UD2", "type": "direct_reply"}, {"index": 21, "attribution": -0.0004298000203157442, "content_attribution": 0.00027800282772937046, "stance_attribution": -0.0007078028480451146, "tweet_id": 524987457704456192, "text": "\u201c@BBCBreaking: Ottawa Police say there were 2 shooting sites http://t.co/hY2MJKqwXD\u201d thoughts and prayers for the families. Awful", "type": "lower_reply"}, {"index": 35, "attribution": -0.0005608218885872151, "content_attribution": 3.174178474264975e-05, "stance_attribution": -0.0005925636733298649, "tweet_id": 524995043405623297, "text": "@BBCBreaking", "type": "lower_reply"}, {"index": 8, "attribution": -0.0008999647719352286, "content_attribution": -0.0009306991762352583, "stance_attribution": 3.073440430002967e-05, "tweet_id": 524986365369671681, "text": "@BBCBreaking Was this work place violence like Obama called the Fort Hood massacre?", "type": "direct_reply"}, {"index": 14, "attribution": -0.001124797144261153, "content_attribution": -0.0011373456815163068, "stance_attribution": 1.2548537255153684e-05, "tweet_id": 524986968631808000, "text": "@BBCBreaking  Very Sad", "type": "lower_reply"}, {"index": 12, "attribution": -0.001126159414251769, "content_attribution": 0.0015967890435718986, "stance_attribution": -0.0027229484578236663, "tweet_id": 524985290436251649, "text": "@BBCBreaking It has not been confirmed that the soldier has died.", "type": "direct_reply"}, {"index": 33, "attribution": -0.0014162054471822266, "content_attribution": -0.0013224493039986347, "stance_attribution": -9.375614318359178e-05, "tweet_id": 524986910180409345, "text": "@DYounger_ @BBCBreaking douche #edgy", "type": "lower_reply"}, {"index": 15, "attribution": -0.0017443591262530295, "content_attribution": -0.0003472018097252752, "stance_attribution": -0.001397157316527754, "tweet_id": 524987565192269824, "text": "@BBCBreaking no sympathy for the gun man", "type": "lower_reply"}, {"index": 22, "attribution": -0.0023947903336353406, "content_attribution": 9.342126744337239e-05, "stance_attribution": -0.0024882116010787126, "tweet_id": 524990180940206081, "text": "@BBCBreaking Criminals don't hav race, caste,religion &amp; belong2 no nation.Take stern action against all criminals in prison 2 send msg 2 all", "type": "lower_reply"}, {"index": 16, "attribution": -0.004347541276624482, "content_attribution": 0.0013525493775307703, "stance_attribution": -0.0057000906541552505, "tweet_id": 524993911811751937, "text": "@DYounger_ @BBCBreaking what group was driving?", "type": "lower_reply"}, {"index": 13, "attribution": -0.004538951037548017, "content_attribution": -0.000103062789670532, "stance_attribution": -0.004435888247877486, "tweet_id": 524988130580262912, "text": "@jstyson \u201c@BBCBreaking: Ottawa Police say there were 2 #OttawaShooting sites - War Memorial, Parliament Hill .... http://t.co/qD9U2euz8M\u201d", "type": "lower_reply"}, {"index": 26, "attribution": -0.004559688255220355, "content_attribution": -0.0011271214385876523, "stance_attribution": -0.003432566816632703, "tweet_id": 524986882468618240, "text": "@BBCBreaking @BBCWorld dear BBC, it's just \"Rideau Centre\"...we use the same English", "type": "lower_reply"}, {"index": 4, "attribution": -0.029459826215165817, "content_attribution": -0.0007079710854925967, "stance_attribution": -0.02875185512967322, "tweet_id": 524987083803611136, "text": "@Josh_wills27 @BBCBreaking LOL", "type": "lower_reply"}, {"index": 23, "attribution": -0.03891957725222454, "content_attribution": 0.0019396021592740164, "stance_attribution": -0.040859179411498546, "tweet_id": 524985458527571968, "text": "@algator2 @BBCBreaking Source?", "type": "lower_reply"}, {"index": 17, "attribution": -0.08179788309781647, "content_attribution": 0.0005027930879676264, "stance_attribution": -0.08230067618578409, "tweet_id": 524986197115158528, "text": "@BBCBreaking \nI hope the gunman died slowly the cunt", "type": "direct_reply"}, {"index": 0, "attribution": -0.1219468569641017, "content_attribution": 0.05443179101925519, "stance_attribution": -0.1763786479833569, "tweet_id": 524984773211860994, "text": "Ottawa Police confirms 1 gunman dead, 1 soldier killed in #OttawaShooting  http://t.co/pI1qVrCQBe http://t.co/wDK64hpO7H", "type": "source"}]}