{"thread_id": "524947870735429632", "gold_label": 1, "predicted_label": 0, "tweet_attributions": [{"index": 0, "attribution": 0.17965510830006945, "content_attribution": 0.012322153557481176, "stance_attribution": 0.16733295474258827, "tweet_id": 524947870735429632, "text": "LATEST: Numerous gunmen involved in #Ottawa shooting attacks, manhunt is on - police spokesman http://t.co/Zp9AKplH9p http://t.co/hji1netpU8", "type": "source"}, {"index": 1, "attribution": 0.05356949874219316, "content_attribution": 0.00224442480388928, "stance_attribution": 0.05132507393830388, "tweet_id": 524949509462577152, "text": "\u201c@RT_com: Numerous gunmen involved in #Ottawa shooting attacks, manhunt is onhttp://on.rt.com/vwyokk http://t.co/hujcwacOww\u201d\nHunt Them Down", "type": "direct_reply"}, {"index": 2, "attribution": 0.045758818172398893, "content_attribution": 0.0015471756492827712, "stance_attribution": 0.04421164252311612, "tweet_id": 524947993062293505, "text": "@RT_com Cue the bombardment now.", "type": "direct_reply"}, {"index": 5, "attribution": 0.021527000081253037, "content_attribution": 0.0007698295107455638, "stance_attribution": 0.020757170570507473, "tweet_id": 524954864808628224, "text": "@RT_com I Sverige \u00e4gnar sig milit\u00e4ren \u00e5t att jaga #UFO medans somliga #svenskar \u00e4gnar sig \u00e5t krigsf\u00f6rbrytelser f\u00f6r #ISIS r\u00e4kning. #svpol", "type": "direct_reply"}, {"index": 3, "attribution": 0.00046607794717835015, "content_attribution": -0.00041919407211590907, "stance_attribution": 0.0008852720192942592, "tweet_id": 524949277995724800, "text": "@RT_com @HerMajestyVi", "type": "direct_reply"}, {"index": 6, "attribution": -0.02293621698237941, "content_attribution": 0.00035217937807435285, "stance_attribution": -0.023288396360453763, "tweet_id": 524955380011778048, "text": "@RT_com isis? Or just madmen?", "type": "direct_reply"}, {"index": 4, "attribution": -0.06035696791217759, "content_attribution": -0.015611325516638347, "stance_attribution": -0.044745642395539235, "tweet_id": 524951461441323010, "text": "@RT_com these fuckin scum need exterminated off the face of the planet.  Isis SCUM SCUM SCUM", "type": "direct_reply"}]}