{"thread_id": "524982066564567040", "gold_label": 0, "predicted_label": 2, "tweet_attributions": [{"index": 22, "attribution": 0.18265477411608239, "content_attribution": -0.00047991022686498335, "stance_attribution": 0.18313468434294736, "tweet_id": 524998072523583489, "text": "@imafan4you @CP24 Ok no problem", "type": "lower_reply"}, {"index": 26, "attribution": 0.16068628539435284, "content_attribution": -1.7768390493043564e-05, "stance_attribution": 0.16070405378484587, "tweet_id": 524982643008733184, "text": "@imafan4you @CP24 You support terrorists???", "type": "lower_reply"}, {"index": 0, "attribution": 0.06301135454339817, "content_attribution": 0.04613615920090153, "stance_attribution": 0.016875195342496638, "tweet_id": 524982066564567040, "text": "BREAKING: Ottawa Police confirm that a member of the Canadian Forces has succumbed to injuries in hospital following shooting...", "type": "source"}, {"index": 4, "attribution": 0.05320525217817153, "content_attribution": -4.532105314058562e-05, "stance_attribution": 0.05325057323131212, "tweet_id": 524983876536795138, "text": "@imafan4you @CP24 are you out of your mind - terrorist rest in peace? No, may he burn in hell", "type": "lower_reply"}, {"index": 16, "attribution": 0.047354348191130116, "content_attribution": -0.00023647215806636078, "stance_attribution": 0.04759082034919648, "tweet_id": 524997721955254274, "text": "@K3y53rS0ze @CP24 oh I read it wrong. I thought this was about the soldier. Sorry.", "type": "lower_reply"}, {"index": 19, "attribution": 0.045346405939570775, "content_attribution": -0.0013896466935618913, "stance_attribution": 0.046736052633132665, "tweet_id": 524994295292772354, "text": "@CP24  Then send him to the country where he thinks terrorism is how Canadians live...evict him for good..mistakes cost lives", "type": "lower_reply"}, {"index": 24, "attribution": 0.027918881442811454, "content_attribution": -0.0017498933833248742, "stance_attribution": 0.029668774826136328, "tweet_id": 524994269120323584, "text": "@CP24 who was the suspect???", "type": "lower_reply"}, {"index": 15, "attribution": 0.02744537936509657, "content_attribution": 0.05473257897797311, "stance_attribution": -0.02728719961287654, "tweet_id": 524983454728208384, "text": "@CP24 CONFIRMED there were ONLY 2 shooting sites, War Monument and Parliament in Ottawa. NOT in the Rideau Center Mall", "type": "lower_reply"}, {"index": 10, "attribution": 0.025236606798802283, "content_attribution": 0.00039265723625710246, "stance_attribution": 0.02484394956254518, "tweet_id": 524982601505710081, "text": "@CP24", "type": "direct_reply"}, {"index": 1, "attribution": 0.013852504725915277, "content_attribution": 0.00012177890085342515, "stance_attribution": 0.013730725825061851, "tweet_id": 524984420189872128, "text": "RIP \ud83d\ude14\ud83c\udf39 \u201c@CP24: Ottawa Police confirm that a member of the Canadian Forces has succumbed to injuries in hospital following shooting...\u201d", "type": "direct_reply"}, {"index": 9, "attribution": 0.013674810732863144, "content_attribution": 0.0003046491564731167, "stance_attribution": 0.013370161576390028, "tweet_id": 524985160119631873, "text": "@CP24 Such a dark and sad day for Canada! A strip of our innocence ripped off.Deepest sympathy to the family of the fallen soldier.\ud83d\ude22", "type": "direct_reply"}, {"index": 13, "attribution": 0.012122319406313743, "content_attribution": 0.00020663239566210317, "stance_attribution": 0.011915687010651642, "tweet_id": 524986106748874753, "text": "@CP24 Simply heartbreaking", "type": "direct_reply"}, {"index": 6, "attribution": 0.011617747519500907, "content_attribution": 0.023898255420086105, "stance_attribution": -0.012280507900585203, "tweet_id": 524982425034960896, "text": "\"This is an ongoing joint police operation and there is no one in custody at this time,\" a press release from Ottawa Police reads.", "type": "lower_reply"}, {"index": 7, "attribution": 0.009287232052691288, "content_attribution": 0.0001849015449395891, "stance_attribution": 0.0091023305077517, "tweet_id": 524982904234188800, "text": "@CP24 so sad. rest in peace", "type": "direct_reply"}, {"index": 20, "attribution": 0.006215976303757795, "content_attribution": 0.0007513881814052463, "stance_attribution": 0.005464588122352549, "tweet_id": 524982567339327488, "text": "@CP24 @Tweetbrk #OneBastardBitesTheDust", "type": "lower_reply"}, {"index": 18, "attribution": 0.004197105667077015, "content_attribution": 0.00035595688230603075, "stance_attribution": 0.0038411487847709843, "tweet_id": 524982160969961472, "text": "\u201c@CP24: BREAKING: Ottawa Police confirm that a member of the Canadian Forces has succumbed to injuries in hospital following shooting...\u201dRIP", "type": "direct_reply"}, {"index": 12, "attribution": 0.004045167741130954, "content_attribution": 0.0024929508244851102, "stance_attribution": 0.0015522169166458377, "tweet_id": 524998711118934017, "text": "@7PinkPanther7 @CP24 I thought it was about the soldier that was shot and has passed.", "type": "lower_reply"}, {"index": 14, "attribution": 0.0039827376042666646, "content_attribution": -3.829346783652575e-05, "stance_attribution": 0.004021031072103189, "tweet_id": 524985532942934016, "text": "@CP24 My prayers and heart goes out  for the family of the slain soldier. God Bless his family.", "type": "direct_reply"}, {"index": 8, "attribution": 0.0005447068724430142, "content_attribution": -0.0008448557336471832, "stance_attribution": 0.0013895626060901973, "tweet_id": 524983081238028288, "text": "@CP24 Rest in peace \ud83d\ude14", "type": "direct_reply"}, {"index": 5, "attribution": -0.00024775312061887076, "content_attribution": -0.0005204489491144425, "stance_attribution": 0.00027269582849557156, "tweet_id": 524982401735622657, "text": "\u201c@CP24: BREAKING: Ottawa Police confirm that a member of the Canadian Forces has succumbed to injuries in hospital following shooting...\u201d \ud83d\ude22\ud83d\ude22", "type": "direct_reply"}, {"index": 23, "attribution": -0.000276211879874974, "content_attribution": -0.00040647449232872877, "stance_attribution": 0.00013026261245375467, "tweet_id": 524983288734433281, "text": "\u201c@CP24: BREAKING: Ottawa Police confirm that a member of the Canadian Forces has succumbed to injuries in hospital following shooting...\u201d", "type": "direct_reply"}, {"index": 11, "attribution": -0.00029967072455992967, "content_attribution": -0.00042629861833310214, "stance_attribution": 0.00012662789377317234, "tweet_id": 524985822341509120, "text": "\u201c@CP24: BREAKING: Ottawa Police confirm that a member of the Canadian Forces has succumbed to injuries in hospital following shooting...\u201d", "type": "direct_reply"}, {"index": 25, "attribution": -0.0003823636056336988, "content_attribution": -0.0004121940501607828, "stance_attribution": 2.9830444527083963e-05, "tweet_id": 524982172789510144, "text": "\u201c@CP24: BREAKING: Ottawa Police confirm that a member of the Canadian Forces has succumbed to injuries in hospital following shooting...\u201d \ud83d\ude22\ud83c\udf41", "type": "direct_reply"}, {"index": 3, "attribution": -0.0018919241678167242, "content_attribution": 0.0015551967234118905, "stance_attribution": -0.003447120891228616, "tweet_id": 524993984524193793, "text": "@CP24  Have we not learned from 9/11? Stop letting these terrorists into Canada.  DEPORTATION! if he was Canadian &amp; he became radicalised...", "type": "lower_reply"}, {"index": 21, "attribution": -0.0020825162624955517, "content_attribution": -0.0008408638780754373, "stance_attribution": -0.001241652384420115, "tweet_id": 524997942944731137, "text": "@7PinkPanther7 @CP24 no I'm sorry read it wrong. Not at all.", "type": "lower_reply"}, {"index": 2, "attribution": -0.009740989213934839, "content_attribution": -0.00117004553129748, "stance_attribution": -0.008570943682637357, "tweet_id": 524983319935848448, "text": "@CP24 @metrowinnipeg rest in peace.", "type": "direct_reply"}, {"index": 27, "attribution": -0.016633177816747065, "content_attribution": 0.05017693551025196, "stance_attribution": -0.06681011332699902, "tweet_id": 524982197573672961, "text": "Ottawa Police also say that one male suspect has also been confirmed deceased.", "type": "direct_reply"}, {"index": 17, "attribution": -0.14229635676614982, "content_attribution": -0.00043065437211062664, "stance_attribution": -0.14186570239403923, "tweet_id": 524998797693550592, "text": "@imafan4you @CP24 No problem! :)", "type": "lower_reply"}]}