{"thread_id": "524931324763992064", "gold_label": 0, "predicted_label": 2, "tweet_attributions": [{"index": 1, "attribution": 1.7328484864079186, "content_attribution": 0.046312275840109586, "stance_attribution": 1.686536210567809, "tweet_id": 524932714940862464, "text": "@KrisReyes I'm not. I just received an email from someone in Centre Block.", "type": "lower_reply"}, {"index": 6, "attribution": 0.08514961965379443, "content_attribution": 0.05352301856098535, "stance_attribution": 0.03162660109280907, "tweet_id": 524932994553769984, "text": "@_MarkSutcliffe thanks Mark, Are you in Ottawa? Stay safe", "type": "lower_reply"}, {"index": 3, "attribution": 0.04197356559155556, "content_attribution": 0.00167781877150291, "stance_attribution": 0.04029574682005265, "tweet_id": 524934352845938689, "text": "@_MarkSutcliffe @SensChirp Your source is half right, there are 2 of em.", "type": "direct_reply"}, {"index": 7, "attribution": 0.004874352129344027, "content_attribution": -0.00017475209634069678, "stance_attribution": 0.005049104225684723, "tweet_id": 524931653781958656, "text": "\u201c@_MarkSutcliffe: Very reliable source on Parliament Hill tells me the assailant has been killed. #cdnpoli #ottnews\u201d", "type": "direct_reply"}, {"index": 4, "attribution": 0.003468595053265768, "content_attribution": 0.00042569315796289915, "stance_attribution": 0.003042901895302869, "tweet_id": 524936002297933824, "text": "\u201c@_MarkSutcliffe: Very reliable source on Parliament Hill tells me the assailant has been killed. #cdnpoli #ottnews\u201d", "type": "direct_reply"}, {"index": 5, "attribution": -0.0035454045017508564, "content_attribution": 0.0008718199847019509, "stance_attribution": -0.004417224486452808, "tweet_id": 524933622441476096, "text": "@_MarkSutcliffe @nspector4 God I hope this is true.", "type": "direct_reply"}, {"index": 0, "attribution": -0.03922655950933373, "content_attribution": 0.10847398611774176, "stance_attribution": -0.14770054562707546, "tweet_id": 524931324763992064, "text": "Very reliable source on Parliament Hill tells me the assailant has been killed. #cdnpoli #ottnews", "type": "source"}, {"index": 2, "attribution": -0.24823082841240904, "content_attribution": 0.04060447707853196, "stance_attribution": -0.288835305490941, "tweet_id": 524932468437053440, "text": "@_MarkSutcliffe are you inside PH? can we talk to you on Global News?", "type": "direct_reply"}]}