{"thread_id": "524941529928839168", "gold_label": 0, "predicted_label": 0, "tweet_attributions": [{"index": 0, "attribution": 0.15424498600336842, "content_attribution": -0.03014990718611442, "stance_attribution": 0.18439489318948285, "tweet_id": 524941529928839168, "text": "#Canada journalist captures outbreak of small-arms fire inside Parliament building in #Ottawa: http://t.co/oFsOV9xva2", "type": "source"}, {"index": 6, "attribution": 0.06306945535695034, "content_attribution": 0.0022754405575988925, "stance_attribution": 0.06079401479935145, "tweet_id": 524951098042638336, "text": "@charles_lister @clareyh I hope they catch the perps and KILL them. Nobody needs an extended court case trying to prove they broke a law or2", "type": "direct_reply"}, {"index": 1, "attribution": 0.01925829307291801, "content_attribution": -0.0047597122973313255, "stance_attribution": 0.024018005370249333, "tweet_id": 524942747804123137, "text": "\u201c@Charles_Lister: #Canada journalist captures video in  Parliament building in #Ottawa: http://t.co/NN4vviym1y\u201d @NBCNews @cnnbrk @CNN", "type": "direct_reply"}, {"index": 3, "attribution": 0.012878087163164137, "content_attribution": 0.000976093206030597, "stance_attribution": 0.011901993957133537, "tweet_id": 524943460034678784, "text": "\u201c@Charles_Lister: #Canada journalist captures outbreak of small-arms fire inside Parliament building in #Ottawa: http://t.co/wCodPjFwUO\u201d", "type": "direct_reply"}, {"index": 2, "attribution": 0.010691763380540231, "content_attribution": -0.0015881540127067652, "stance_attribution": 0.012279917393246995, "tweet_id": 524943863392120833, "text": "@Charles_Lister Notice how they went right into active shooter protocol. They will not permit a protracted Mumbai style attack.", "type": "direct_reply"}, {"index": 5, "attribution": 0.00942518567011522, "content_attribution": -0.0049935526656119614, "stance_attribution": 0.014418738335727179, "tweet_id": 524942498620522498, "text": "\"@Charles_Lister #Canada journalist captures outbreak of small-arms fire inside Parliament building in #Ottawa: http://t.co/fBuIiqP3Xk \"", "type": "direct_reply"}, {"index": 4, "attribution": -0.00023715088700462805, "content_attribution": -0.004519237163554424, "stance_attribution": 0.004282086276549797, "tweet_id": 524943546227245056, "text": "@Charles_Lister @sqwerin Ran like soldiers right at the gunfire.", "type": "direct_reply"}]}