{"thread_id": "524947971679744000", "gold_label": 1, "predicted_label": 2, "tweet_attributions": [{"index": 6, "attribution": 2.2370974599590188, "content_attribution": 0.04261814417128238, "stance_attribution": 2.1944793157877367, "tweet_id": 524953789108080640, "text": "@Breaking911 @pjamesjp1\nA car hits people waiting at the Ammunition Hill station\nof Jerusalem's light rail\ndriver shot trying to flee...", "type": "direct_reply"}, {"index": 5, "attribution": 1.1203267363193319, "content_attribution": 0.07181426682477515, "stance_attribution": 1.0485124694945567, "tweet_id": 524954489363914752, "text": "@chasmarang @Breaking911 TY!", "type": "lower_reply"}, {"index": 7, "attribution": 0.05172841759044298, "content_attribution": 0.09627431600293845, "stance_attribution": -0.04454589841249547, "tweet_id": 524955105783996417, "text": "@Breaking911\nYou're welcome --&gt; @pjamesjp1", "type": "lower_reply"}, {"index": 4, "attribution": 0.027423181529253556, "content_attribution": 0.0013941192050988026, "stance_attribution": 0.026029062324154754, "tweet_id": 524948789178544128, "text": "@Breaking911 My map app shows tweets from #Ottawa shooting site http://t.co/VlcPC99uBJ \u2026 #ParliamentHill", "type": "direct_reply"}, {"index": 3, "attribution": 0.020531863790270968, "content_attribution": -0.00027951692944344836, "stance_attribution": 0.020811380719714417, "tweet_id": 524953182930501632, "text": "\u201c@Breaking911: : Police source has told The Globe that a second shooter has been shot. #OttawaShooting\u201dBless the Canadian police force", "type": "direct_reply"}, {"index": 2, "attribution": 0.012841053379372202, "content_attribution": -0.004997546988539278, "stance_attribution": 0.01783860036791148, "tweet_id": 524948471846305793, "text": "\u201c@Breaking911: BREAKING: Police source has told The Globe that a second shooter has been shot. #OttawaShooting\u201d\nGOOD.", "type": "direct_reply"}, {"index": 1, "attribution": -0.001701901088286366, "content_attribution": -0.0011592776481746667, "stance_attribution": -0.0005426234401116998, "tweet_id": 524983554326151169, "text": "@Breaking911 @ChantalHbert Thank you Mr. Harper for getting us involved in this American ISIS folly.", "type": "direct_reply"}, {"index": 8, "attribution": -0.005128069891301091, "content_attribution": -0.005285554379804945, "stance_attribution": 0.00015748448850385276, "tweet_id": 524952653730963456, "text": "\u201c@Breaking911: BREAKING: Police source has told The Globe that a second shooter has been shot. #OttawaShooting\u201d", "type": "direct_reply"}, {"index": 0, "attribution": -0.4793105145786966, "content_attribution": 0.020066300045662983, "stance_attribution": -0.4993768146243596, "tweet_id": 524947971679744000, "text": "BREAKING: Police source has told The Globe that a second shooter has been shot. #OttawaShooting", "type": "source"}]}