{"thread_id": "524961362448240642", "gold_label": 1, "predicted_label": 0, "tweet_attributions": [{"index": 0, "attribution": 0.28621353007252076, "content_attribution": 0.052901157605469505, "stance_attribution": 0.23331237246705128, "tweet_id": 524961362448240642, "text": "Breaking: Shots were fired at three separate locations in Ottawa, say Ottawa police  http://t.co/64ryfqadX1", "type": "source"}, {"index": 3, "attribution": 0.054935828310670495, "content_attribution": -0.0007892329418522307, "stance_attribution": 0.05572506125252273, "tweet_id": 524966271528357888, "text": "@WSJ question Drake !?!", "type": "direct_reply"}, {"index": 2, "attribution": 0.03816169842985087, "content_attribution": 1.4386636427283182e-05, "stance_attribution": 0.038147311793423594, "tweet_id": 524973024207179776, "text": "@WSJ #Absent2032 is a story about a global pandemic, mandatory vaccines,1st Grade at Freedom Elementary http://t.co/2Nrl9PouCo", "type": "direct_reply"}, {"index": 1, "attribution": -0.0140854725437346, "content_attribution": -0.01834353853515299, "stance_attribution": 0.004258065991418393, "tweet_id": 524961822995013632, "text": "@WSJ I THINK POWER STRUGGLE,BETWEEN GENERALS/ARMY SOLDIERS,GET ANGRY QUICK", "type": "direct_reply"}]}