{"thread_id": "524945676443340800", "gold_label": 1, "predicted_label": 0, "tweet_attributions": [{"index": 0, "attribution": 0.1821394444470173, "content_attribution": -0.027139902905672766, "stance_attribution": 0.20927934735269005, "tweet_id": 524945676443340800, "text": "Police confirm multiple suspects involved in shooting incident at Ottawa War Memorial - @VassyKapelos, @amyminsky http://t.co/aF9HyT9BgX", "type": "source"}, {"index": 4, "attribution": 0.035425230433619954, "content_attribution": -0.001769904251410767, "stance_attribution": 0.03719513468503073, "tweet_id": 524945997315989504, "text": "@BreakingNews @VassyKapelos @amyminsky @SeanSchoferTVN", "type": "direct_reply"}, {"index": 1, "attribution": 0.029470947135339168, "content_attribution": -0.004888645722693455, "stance_attribution": 0.034359592858032625, "tweet_id": 525080292038410240, "text": "@BreakingNews @VassyKapelos @amyminsky @rcallimachi  go after the suspect til the end", "type": "direct_reply"}, {"index": 2, "attribution": 0.012829791677522167, "content_attribution": -0.010826312910630603, "stance_attribution": 0.02365610458815277, "tweet_id": 524946396441374720, "text": "@BreakingNews @VassyKapelos @amyminsky Probably Buddhists or Hassidic Jews.", "type": "direct_reply"}, {"index": 3, "attribution": 0.004796661684467684, "content_attribution": -0.0022872956027433205, "stance_attribution": 0.007083957287211006, "tweet_id": 524947280185790465, "text": "@BreakingNews @VassyKapelos @amyminsky http://t.co/TLWek8ao8V", "type": "direct_reply"}, {"index": 5, "attribution": 0.0032580704216082328, "content_attribution": -0.0025321376971531835, "stance_attribution": 0.005790208118761419, "tweet_id": 524987052287619073, "text": "@BreakingNews @VassyKapelos @amyminsky", "type": "direct_reply"}, {"index": 6, "attribution": -0.004324578735561793, "content_attribution": 0.009584878785049445, "stance_attribution": -0.013909457520611242, "tweet_id": 524993450702561282, "text": "@BreakingNews @amyminsky @VassyKapelos \u201cPolice are unwilling to confirm multiple suspects\u201d.", "type": "direct_reply"}]}