{"thread_id": "524954586696933377", "gold_label": 1, "predicted_label": 2, "tweet_attributions": [{"index": 14, "attribution": 2.526539016335014, "content_attribution": 0.026145432110677887, "stance_attribution": 2.5003935842243363, "tweet_id": 524959932039593985, "text": "@usarubric @BreakingNews @CP24 @CBCNews Testing the waters... but for sure, they are getting ready here. LOTS of insurgents here thanks 2...", "type": "lower_reply"}, {"index": 15, "attribution": 1.8672360820997955, "content_attribution": 0.011353874926214234, "stance_attribution": 1.8558822071735812, "tweet_id": 524958078056558593, "text": "@BreakingNews @usarubric @CP24 @CBCNews WAKE UP Folks... it's on the way!!!", "type": "direct_reply"}, {"index": 16, "attribution": 1.4302221516282552, "content_attribution": 0.012710638556830177, "stance_attribution": 1.4175115130714249, "tweet_id": 524959550676668416, "text": "@WardM313 @BreakingNews @CP24 @CBCNews To tell the truth, every morning wondered, is it today? They kicked off in Canada because no #guns.", "type": "lower_reply"}, {"index": 10, "attribution": 0.4223083473101492, "content_attribution": -0.007147401139782383, "stance_attribution": 0.4294557484499316, "tweet_id": 524955701287067650, "text": "@BreakingNews @WhatTheBit @CP24 @CBCNews they did raise their terror warning in the past 24hours so they must've gotten word of this", "type": "direct_reply"}, {"index": 12, "attribution": 0.41779271021915354, "content_attribution": 0.04141459691533589, "stance_attribution": 0.3763781133038177, "tweet_id": 524962457069314048, "text": "@WardM313 @BreakingNews @CP24 @CBCNews Hey, #Dems, how'd'ya like those open borders now? Your heads will roll, same as everyone else!", "type": "lower_reply"}, {"index": 11, "attribution": 0.03314401367061985, "content_attribution": 0.02498608407188522, "stance_attribution": 0.008157929598734629, "tweet_id": 524958308948787203, "text": "@jchamas @andref1989 @BreakingNews @WhatTheBit @CP24 @CBCNews Dressed in Black with a covered face... 1 guess.", "type": "lower_reply"}, {"index": 6, "attribution": 0.016368740671341073, "content_attribution": 0.048915521136945826, "stance_attribution": -0.03254678046560476, "tweet_id": 524957143502684161, "text": "@andref1989 @BreakingNews @WhatTheBit @CP24 @CBCNews Who is \"they\" that you're referring to @andref1989 ?", "type": "lower_reply"}, {"index": 8, "attribution": 0.01135699967449471, "content_attribution": 0.021812459381418244, "stance_attribution": -0.010455459706923536, "tweet_id": 524957682747580418, "text": "@jchamas @BreakingNews @WhatTheBit @CP24 @CBCNews http://t.co/vP0WxVmiol", "type": "lower_reply"}, {"index": 2, "attribution": 0.0023695419469356876, "content_attribution": -0.0003718711130611831, "stance_attribution": 0.0027414130599968706, "tweet_id": 525002600199245825, "text": "@BreakingNews Doesn't sound like a coincidence to me,  at all. Looking forward to finding out more.", "type": "direct_reply"}, {"index": 3, "attribution": 7.94456402712255e-06, "content_attribution": -0.00028842329925851397, "stance_attribution": 0.0002963678632856365, "tweet_id": 524955051736182787, "text": "@BreakingNews @CP24 @CBCNews jtf is on they're ass now.", "type": "direct_reply"}, {"index": 7, "attribution": -0.0001931735835870559, "content_attribution": -0.0015020838531524866, "stance_attribution": 0.0013089102695654307, "tweet_id": 524955719318392832, "text": "RT @BreakingNews: Ottawa police confirm 3 separate shooting incidents today; 1 on Parliament Hill, 1 at War Memorial and 1 near area mall", "type": "direct_reply"}, {"index": 5, "attribution": -0.0027199237913934156, "content_attribution": -0.0002699841319663736, "stance_attribution": -0.002449939659427042, "tweet_id": 524955232825249792, "text": "@BreakingNews @shark_nieto @CP24 @CBCNews i hope everyone is ok", "type": "direct_reply"}, {"index": 4, "attribution": -0.01691464547995429, "content_attribution": -0.0002311331600716903, "stance_attribution": -0.016683512319882597, "tweet_id": 524974338500730880, "text": "@BreakingNews @CP24 @CBCNews muslims?", "type": "direct_reply"}, {"index": 1, "attribution": -0.023680294912595122, "content_attribution": 0.0011635978637618714, "stance_attribution": -0.024843892776356992, "tweet_id": 524960418557886465, "text": "@WardM313 @BreakingNews @CP24 @CBCNews #Holder's goal which he cldn't pull off, was to take guns away from citizens. #DOJ creating laws? NOT", "type": "lower_reply"}, {"index": 9, "attribution": -0.08778467171662085, "content_attribution": 0.0008680558867559757, "stance_attribution": -0.08865272760337685, "tweet_id": 524960033998917632, "text": "@BreakingNews @CP24 @CBCNews This time it is Canada not US", "type": "lower_reply"}, {"index": 0, "attribution": -0.14078934697527884, "content_attribution": 0.0578309178113271, "stance_attribution": -0.19862026478660594, "tweet_id": 524954586696933377, "text": "Ottawa police confirm 3 separate shooting incidents today; 1 on Parliament Hill, 1 at War Memorial and 1 near area mall - @CP24, @CBCNews", "type": "source"}, {"index": 13, "attribution": -0.24643400499781642, "content_attribution": 0.0025957404497982074, "stance_attribution": -0.24902974544761466, "tweet_id": 524958513848930304, "text": "@BreakingNews @CP24 @CBCNews Why must there be shooting in US everytime", "type": "direct_reply"}]}