{"thread_id": "524941720249978880", "gold_label": 0, "predicted_label": 2, "tweet_attributions": [{"index": 12, "attribution": 4.255242634932954, "content_attribution": 0.024975231045626222, "stance_attribution": 4.2302674038873285, "tweet_id": 524956259624054784, "text": "@ericabecks @MissTaraTeng @globeandmail hey maybe its bin Laden", "type": "lower_reply"}, {"index": 14, "attribution": 3.66010376933217, "content_attribution": 0.03656996915916388, "stance_attribution": 3.6235338001730053, "tweet_id": 524956916305645568, "text": "@cdn_rob @MissTaraTeng @globeandmail no he's already dead you obviously think this is a joke so I will end this now", "type": "lower_reply"}, {"index": 9, "attribution": 1.4713165806550461, "content_attribution": 0.024096679676431323, "stance_attribution": 1.4472199009786149, "tweet_id": 524956095841050624, "text": "@cdn_rob @MissTaraTeng @globeandmail Come on I know it's hard to imagine but we need to suspect the coinsedence. Even the news agrees.", "type": "lower_reply"}, {"index": 15, "attribution": 0.9244880373205977, "content_attribution": 0.036537686294515564, "stance_attribution": 0.8879503510260822, "tweet_id": 524957228327907328, "text": "@ericabecks @MissTaraTeng @globeandmail ya keep thinking its isis. Theres alot of fkd up people out there other then them idiots over there", "type": "lower_reply"}, {"index": 8, "attribution": 0.09669067555129801, "content_attribution": 0.01936536182800805, "stance_attribution": 0.07732531372328998, "tweet_id": 524958721479155713, "text": "@ericabecks @MissTaraTeng @globeandmail wat news agrees its isis ?  Im interested", "type": "lower_reply"}, {"index": 7, "attribution": 0.07376569028519991, "content_attribution": 0.049174656862033574, "stance_attribution": 0.02459103342316635, "tweet_id": 524942600344571904, "text": "@globeandmail How is the suspect STILL on the loose? And how was he able to drive right up to centre block, get inside &amp; start shooting?", "type": "direct_reply"}, {"index": 27, "attribution": 0.059273780009205725, "content_attribution": 0.002644356207897418, "stance_attribution": 0.05662942380130831, "tweet_id": 524942355175337984, "text": "\u201c@globeandmail: Footage from Globe reporter captures exchange of gun fire in Parliament Hill building https://t.co/gisvSVGgvc\u201d here it is", "type": "direct_reply"}, {"index": 5, "attribution": 0.058989157519529475, "content_attribution": 0.02154719506508996, "stance_attribution": 0.037441962454439516, "tweet_id": 524946060985532417, "text": "@MissTaraTeng @globeandmail I say he was let in that is the only explanation. We have to b open If it is ISIS related they have supporters", "type": "lower_reply"}, {"index": 17, "attribution": 0.022670142454377824, "content_attribution": 0.022558055590940217, "stance_attribution": 0.00011208686343760438, "tweet_id": 524955491965730818, "text": "@cdn_rob @ericabecks @globeandmail // She's just saying that it could be anyone... We don't have the full story. No accusations here.", "type": "lower_reply"}, {"index": 0, "attribution": 0.015028794890250958, "content_attribution": 0.055460407749542445, "stance_attribution": -0.04043161285929149, "tweet_id": 524941720249978880, "text": "Footage from Globe reporter captures exchange of gun fire in Parliament Hill building https://t.co/FOu4PbNCDq", "type": "source"}, {"index": 3, "attribution": 0.011653285774141011, "content_attribution": 0.00032788032589300693, "stance_attribution": 0.011325405448248003, "tweet_id": 524944812752252928, "text": "@dutchysc @globeandmail so scary.", "type": "lower_reply"}, {"index": 26, "attribution": 0.006857166100382187, "content_attribution": 3.255056320463921e-05, "stance_attribution": 0.006824615537177548, "tweet_id": 524943390816079872, "text": "\u201c@globeandmail: Footage from Globe reporter captures exchange of gun fire in Parliament Hill building https://t.co/bNqfhPI1mx\u201d", "type": "direct_reply"}, {"index": 4, "attribution": 0.001131789523971592, "content_attribution": 5.8625574699914924e-05, "stance_attribution": 0.0010731639492716773, "tweet_id": 524941972788633600, "text": "\u201c@globeandmail: Footage from Globe reporter captures exchange of gun fire in Parliament Hill building https://t.co/EFkaKoY3u1\u201d new link.", "type": "direct_reply"}, {"index": 10, "attribution": 0.0010035032077936876, "content_attribution": 0.00042311765770338154, "stance_attribution": 0.0005803855500903061, "tweet_id": 524942125553954816, "text": "\u201c@globeandmail: Footage from Globe reporter captures exchange of gun fire in Parliament Hill building https://t.co/6SVYevOT4V\u201d Disturbing", "type": "direct_reply"}, {"index": 18, "attribution": 0.0004198170533925132, "content_attribution": 8.457193541749494e-05, "stance_attribution": 0.00033524511797501823, "tweet_id": 524942599866830849, "text": "Thoughts to all involved. \u201c@globeandmail: Footage fr Globe reporter captures exchange of gun fire in Parliament Hill https://t.co/tvhcyltFKf", "type": "direct_reply"}, {"index": 25, "attribution": 0.0003077488616244429, "content_attribution": -2.733399911687516e-05, "stance_attribution": 0.0003350828607413181, "tweet_id": 524945042574938113, "text": "@globeandmail irresponsible use of fire arms creates laws that restrict them? Use your voice not your gun. Guns don't create solutions.", "type": "direct_reply"}, {"index": 21, "attribution": 5.9615788274286493e-05, "content_attribution": 0.00014780597990192955, "stance_attribution": -8.819019162764304e-05, "tweet_id": 524944527111757825, "text": "\u201c@globeandmail: Footage from Globe reporter captures exchange of gun fire in Parliament Hill building https://t.co/qnOzl1GynU\u201d wow.", "type": "direct_reply"}, {"index": 11, "attribution": 3.8389016847259686e-05, "content_attribution": 0.00015875125946790368, "stance_attribution": -0.00012036224262064398, "tweet_id": 524942059657244673, "text": "Chilling footage: @globeandmail: Globe reporter captures exchange of gun fire in Parliament Hill building https://t.co/SIQyjpAKpB", "type": "direct_reply"}, {"index": 23, "attribution": -9.972906326675119e-05, "content_attribution": -0.00034127443961843446, "stance_attribution": 0.0002415453763516832, "tweet_id": 524942613934141440, "text": "@globeandmail Surreal video. Shocking. #cdnpoli", "type": "direct_reply"}, {"index": 2, "attribution": -0.0001439876564592622, "content_attribution": -0.00012367266269411065, "stance_attribution": -2.0314993765151575e-05, "tweet_id": 524942091634614273, "text": "Holy shit!!! @globeandmail: Footage from Globe reporter captures exchange of gun fire in Parliament Hill building https://t.co/AQweBsfdTs\u201d", "type": "direct_reply"}, {"index": 20, "attribution": -0.0006857667609938673, "content_attribution": -0.0013155884218758454, "stance_attribution": 0.0006298216608819779, "tweet_id": 524946345271263234, "text": "@MissTaraTeng @globeandmail that 1st gunman is dead his partner in crime is on a brown motorcycle and took shelter", "type": "lower_reply"}, {"index": 24, "attribution": -0.0008500958405832013, "content_attribution": -0.0006238842690519295, "stance_attribution": -0.00022621157153127164, "tweet_id": 524943217947860992, "text": "@globeandmail HOLY KRUD!", "type": "direct_reply"}, {"index": 29, "attribution": -0.0017807256228829843, "content_attribution": -0.0017314849282888277, "stance_attribution": -4.9240694594156615e-05, "tweet_id": 524944194402795520, "text": "@globeandmail sounded like 9 rest echoes", "type": "direct_reply"}, {"index": 6, "attribution": -0.0026938285078001805, "content_attribution": 0.008133401234298386, "stance_attribution": -0.010827229742098567, "tweet_id": 524946564167397378, "text": "@cfletch_13 @globeandmail @exjon Neither. Do you not understand how sarcasm works or are you merely obtuse?", "type": "lower_reply"}, {"index": 16, "attribution": -0.0034938782633310078, "content_attribution": -0.003056078660514661, "stance_attribution": -0.0004377996028163462, "tweet_id": 524945172321538048, "text": "@globeandmail \nFOX-7 News in Austin Tx here.. May we use you video on the air? We will credit The Globe and Mail.", "type": "direct_reply"}, {"index": 28, "attribution": -0.012680333504911084, "content_attribution": 0.03606125252687992, "stance_attribution": -0.048741586031791004, "tweet_id": 524953928320831489, "text": "@ericabecks @MissTaraTeng @globeandmail who said anything about isis?", "type": "lower_reply"}, {"index": 19, "attribution": -0.02846621628072719, "content_attribution": -0.0040355391344427324, "stance_attribution": -0.02443067714628446, "tweet_id": 524945273358139392, "text": "@IStateYourName_ @globeandmail @exjon Are you on strong opiates or are you an idiot?", "type": "lower_reply"}, {"index": 1, "attribution": -0.029881158906362344, "content_attribution": 0.00184793026639693, "stance_attribution": -0.03172908917275927, "tweet_id": 524944501052145664, "text": "@globeandmail @exjon And this is literally at our door. Pres won't secure our borders from #ebola or #ISIS...why is that?", "type": "direct_reply"}, {"index": 13, "attribution": -0.03797620748701768, "content_attribution": -0.0005272106323871988, "stance_attribution": -0.03744899685463049, "tweet_id": 524943714029150209, "text": "@davesquiresnl @globeandmail Seems surreal, doesn't it? Incredible professionalism to keep shooting &amp; share horrific scene.", "type": "lower_reply"}, {"index": 22, "attribution": -0.16015623787607022, "content_attribution": -0.0009682387419457485, "stance_attribution": -0.15918799913412449, "tweet_id": 524942687427121153, "text": "Wow \"@globeandmail: Footage from Globe reporter captures exchange of gun fire in Parliament Hill building https://t.co/6XLV4cXBSj\u201d", "type": "direct_reply"}]}