{"thread_id": "524934381828603904", "gold_label": 0, "predicted_label": 2, "tweet_attributions": [{"index": 3, "attribution": 1.0891144426670853, "content_attribution": 0.049148724524932595, "stance_attribution": 1.0399657181421529, "tweet_id": 524934948122558464, "text": "@CutGovtSpending @cnnbrk oh puhleeez  one gun death for every couple of thousands in the us - and probably terrorist", "type": "lower_reply"}, {"index": 6, "attribution": 0.402842768933826, "content_attribution": 0.00227793535008084, "stance_attribution": 0.40056483358374523, "tweet_id": 524935663427543040, "text": "@cnnbrk and so it begins ISIS invades Our Peaceful country starting with the ones we let in", "type": "direct_reply"}, {"index": 9, "attribution": 0.13721340121034628, "content_attribution": 0.024918218943866116, "stance_attribution": 0.11229518226648016, "tweet_id": 524964132433698817, "text": "@ericabecks @cnnbrk do you really think that it's possible to stop everyone?", "type": "lower_reply"}, {"index": 5, "attribution": 0.07718882811403899, "content_attribution": 0.07873028079766295, "stance_attribution": -0.0015414526836239478, "tweet_id": 524963857572593664, "text": "@schwaid @CutGovtSpending @cnnbrk exactly. Safer there than here in the States by far.", "type": "lower_reply"}, {"index": 8, "attribution": 0.01789378152550232, "content_attribution": 0.0006228692116214944, "stance_attribution": 0.01727091231388083, "tweet_id": 524934810695774208, "text": "Non terrorism by definition @cnnbrk: Canadian media: Gunman shot soldier at war memorial. http://t.co/L5km1a7ui9\u201d", "type": "direct_reply"}, {"index": 7, "attribution": -0.0001704695342029239, "content_attribution": 0.00034280313647796546, "stance_attribution": -0.0005132726706808892, "tweet_id": 524945476559183872, "text": "\u30ab\u30ca\u30c0\u306e\u30aa\u30bf\u30ef\u306e\u8b70\u4f1a\u5468\u8fba\u3001\u6226\u4e89\u8ffd\u60bc\u65bd\u8a2d\u3067\u9283\u6483\u3001\u5175\u58eb1\u4eba\u8ca0\u50b7\u3002@cnnbrk Canadian media: Gunman shot soldier at war memorial. http://t.co/fJ39PwvEtr", "type": "direct_reply"}, {"index": 2, "attribution": -0.0001751938000139077, "content_attribution": 0.00017526662002518057, "stance_attribution": -0.00035046042003908823, "tweet_id": 524935525661425664, "text": "OMG!!! I don't think of this kind of thing in Canada. RT @cnnbrk Canadian media: Gunman shot soldier at war memorial. http://t.co/FOhdzj2rof", "type": "direct_reply"}, {"index": 4, "attribution": -0.000478776256275512, "content_attribution": -0.00012057369624154732, "stance_attribution": -0.00035820256003396626, "tweet_id": 524935687339274240, "text": "\u201c@cnnbrk: Canadian media: Gunman shot soldier at war memorial. http://t.co/U1k0RqJuv0\u201d what", "type": "direct_reply"}, {"index": 1, "attribution": -0.22088142203134276, "content_attribution": 0.03715686977687136, "stance_attribution": -0.25803829180821414, "tweet_id": 524934633176059904, "text": "@cnnbrk So Canada's strict gun control policies have failed again", "type": "direct_reply"}, {"index": 0, "attribution": -0.46409565283692544, "content_attribution": 0.06916833963682942, "stance_attribution": -0.5332639924737548, "tweet_id": 524934381828603904, "text": "Canadian media: Gunman shot soldier at war memorial. http://t.co/zNhxK6wBoy", "type": "source"}]}