{"thread_id": "524969137660231680", "gold_label": 0, "predicted_label": 2, "tweet_attributions": [{"index": 0, "attribution": 0.1999893748390383, "content_attribution": -0.011940562167770553, "stance_attribution": 0.2119299370068089, "tweet_id": 524969137660231680, "text": "Chaos broke out in Ottawa after a shooting at the war memorial and reports of gunfire in Parliament http://t.co/pVOh34l2ea", "type": "source"}, {"index": 3, "attribution": 0.05120714122666385, "content_attribution": -0.0027414479565173937, "stance_attribution": 0.05394858918318125, "tweet_id": 524975805580210176, "text": "@washingtonpost 13 favorites?! Really? Not sure you understand twitter people.", "type": "direct_reply"}, {"index": 2, "attribution": 0.031872458933183426, "content_attribution": -0.0131383052705954, "stance_attribution": 0.04501076420377882, "tweet_id": 524978445873598464, "text": "@washingtonpost In Ottawa the situation sounds political and related to ISIS just by the nature of events", "type": "direct_reply"}, {"index": 4, "attribution": 0.029064142435362816, "content_attribution": 0.02591549015577225, "stance_attribution": 0.0031486522795905695, "tweet_id": 525002109171671041, "text": "@washingtonpost CANADIAN COPS INSIST THEY DID NOT DO IT!  BLAME IT ON AMERICAN TERRORISTS COPS.", "type": "direct_reply"}, {"index": 1, "attribution": -0.03914139667329687, "content_attribution": -0.015968778330005637, "stance_attribution": -0.02317261834329123, "tweet_id": 524969775068635136, "text": "@washingtonpost You ARE SO LATE, Why not wait and just print it Tomorrow????", "type": "direct_reply"}]}