{"thread_id": "524948941956448257", "gold_label": 0, "predicted_label": 2, "tweet_attributions": [{"index": 8, "attribution": 3.249646205438811, "content_attribution": 0.07045220870809839, "stance_attribution": 3.179193996730713, "tweet_id": 524951232176480256, "text": "@alfonsotellezr so defending sinjar and kobane are unjustified?", "type": "lower_reply"}, {"index": 6, "attribution": 2.581029173531416, "content_attribution": 0.09929865399767647, "stance_attribution": 2.4817305195337394, "tweet_id": 524951544744378369, "text": "@basznocz it's not our war.", "type": "lower_reply"}, {"index": 2, "attribution": 1.2871411586361683, "content_attribution": 0.03948318090335272, "stance_attribution": 1.2476579777328156, "tweet_id": 524950681397239808, "text": "@CBCNews  Mr Harper is responsible for this shooting after involving Canada in bombings to Siria and Iraq. @pmharper", "type": "direct_reply"}, {"index": 4, "attribution": 0.3797476285436163, "content_attribution": 0.07488441402196053, "stance_attribution": 0.30486321452165577, "tweet_id": 524985902708584448, "text": "@alfonsotellezr thanks for not answering my question", "type": "lower_reply"}, {"index": 1, "attribution": 0.02392821693281935, "content_attribution": -0.0006153145214012753, "stance_attribution": 0.024543531454220627, "tweet_id": 524951159640162305, "text": "@CBCNews Globe and Mail posted this one a little more dramatic. http://t.co/CoLvBrpqu7", "type": "direct_reply"}, {"index": 3, "attribution": 0.021987035838762437, "content_attribution": -0.000905791596484692, "stance_attribution": 0.022892827435247128, "tweet_id": 524950706646966273, "text": "Shocking @CBCNews Parliament Hill shooting. Video from inside Parliament Hill after shots were fired. #breaking http://t.co/lNBc1IFiuz", "type": "direct_reply"}, {"index": 5, "attribution": 0.02160497239679763, "content_attribution": -0.0004618910599975856, "stance_attribution": 0.02206686345679522, "tweet_id": 524950618352267266, "text": "@CBCNews Looks like  a movie scene on set!\n#toManyDonuts", "type": "direct_reply"}, {"index": 7, "attribution": -0.011108988738299715, "content_attribution": 0.00038936673992897035, "stance_attribution": -0.011498355478228684, "tweet_id": 524950423862779904, "text": "@CBCNews what is the door at the end of the hall during the shooting?  Is that the parliamentary library?", "type": "direct_reply"}, {"index": 0, "attribution": -0.026694855519350903, "content_attribution": 0.057166955929628824, "stance_attribution": -0.08386181144897972, "tweet_id": 524948941956448257, "text": "RAW VIDEO : Parliament Hill shooting.\nVideo from inside Parliament Hill after shots were fired. #breaking http://t.co/sIwoId5RoH #CBCNews", "type": "source"}]}