{"thread_id": "524928119955013632", "gold_label": 0, "predicted_label": 0, "tweet_attributions": [{"index": 0, "attribution": 0.19499067192643632, "content_attribution": 0.053517235903816615, "stance_attribution": 0.1414734360226197, "tweet_id": 524928119955013632, "text": "Police say they have located car belonging to suspect in #Ottawa shooting. Uniformed soldier shot at War Memorial, condition unknown.", "type": "source"}, {"index": 3, "attribution": 0.014767217710720898, "content_attribution": -0.0005812601795548938, "stance_attribution": 0.015348477890275793, "tweet_id": 524929564708184064, "text": "@CBCAlerts @CBCNews stay away from the car. #ottawa", "type": "direct_reply"}, {"index": 4, "attribution": 0.014755772848108252, "content_attribution": -0.0004382495757759633, "stance_attribution": 0.01519402242388422, "tweet_id": 524938436323848192, "text": "@CBCAlerts time to lock down suspected radical element in Canada and throw away the key", "type": "direct_reply"}, {"index": 8, "attribution": 0.008998357506696236, "content_attribution": 0.0038989477880772925, "stance_attribution": 0.005099409718618941, "tweet_id": 524930277060403200, "text": "#cdnpoli\n@CBCAlerts \n#LordHaveMercy", "type": "direct_reply"}, {"index": 9, "attribution": 0.004805507125333272, "content_attribution": 0.00040700623851225564, "stance_attribution": 0.004398500886821015, "tweet_id": 524928518480986113, "text": "@CBCAlerts @CBCNews That car may not be safe.", "type": "direct_reply"}, {"index": 5, "attribution": -0.011444011341485559, "content_attribution": 0.0005451920877678066, "stance_attribution": -0.011989203429253364, "tweet_id": 524930197389582339, "text": "@CBCAlerts @KVasilas @Chloekinng", "type": "direct_reply"}, {"index": 1, "attribution": -0.015633832512580628, "content_attribution": -0.001487445962620467, "stance_attribution": -0.014146386549960158, "tweet_id": 524932290347290624, "text": "@CBCAlerts @CBCVancouver horrendous", "type": "direct_reply"}, {"index": 10, "attribution": -0.01712390488728932, "content_attribution": -0.0013446685084124459, "stance_attribution": -0.015779236378876876, "tweet_id": 524928994391908352, "text": "@CBCAlerts @CBCNews why is this not breaking news on CBC right now on TV....really???", "type": "direct_reply"}, {"index": 6, "attribution": -0.019135400166915575, "content_attribution": -0.005131059021156813, "stance_attribution": -0.014004341145758766, "tweet_id": 524928710693388289, "text": "@CBCAlerts Was the Prime Minister on the hill this morning?", "type": "direct_reply"}, {"index": 7, "attribution": -0.021828703628503476, "content_attribution": -0.00043886866945599696, "stance_attribution": -0.02138983495904748, "tweet_id": 524928958748708864, "text": "@CBCAlerts", "type": "direct_reply"}, {"index": 2, "attribution": -0.026874354932744614, "content_attribution": -0.0006027029178572228, "stance_attribution": -0.026271652014887396, "tweet_id": 524928886782832640, "text": "@CBCAlerts", "type": "direct_reply"}]}