{"thread_id": "524966582544781313", "gold_label": 0, "predicted_label": 0, "tweet_attributions": [{"index": 0, "attribution": 0.08499395822156183, "content_attribution": -0.022726245866789636, "stance_attribution": 0.10772020408835145, "tweet_id": 524966582544781313, "text": "AFP: an official says a Canadian soldier has died after being shot in #OttawaShooting", "type": "source"}, {"index": 16, "attribution": 0.016765543315565453, "content_attribution": -0.0005039350737079333, "stance_attribution": 0.01726947838927339, "tweet_id": 524967200978137088, "text": "@SkyNewsBreak &gt; Very sad. R.I.P brave soldier. Tragic.", "type": "direct_reply"}, {"index": 3, "attribution": 0.014499525594067534, "content_attribution": 0.0013589014029902506, "stance_attribution": 0.013140624191077286, "tweet_id": 524967027723993089, "text": "@SkyNewsBreak no suprise there....  after 30 or more bullets were shot.", "type": "direct_reply"}, {"index": 1, "attribution": 0.011691373738654184, "content_attribution": 0.0017411034919264017, "stance_attribution": 0.009950270246727778, "tweet_id": 524966697095417857, "text": "\u201c@SkyNewsBreak: AFP: an official says a Canadian soldier has died after being shot in #OttawaShooting\u201d #RIP \ud83d\ude2a", "type": "direct_reply"}, {"index": 7, "attribution": 0.009298667412886034, "content_attribution": 0.004974166933878093, "stance_attribution": 0.004324500479007943, "tweet_id": 524968385344716800, "text": "@SkyNewsBreak #RIP Canadian soldier. \ud83d\ude22", "type": "direct_reply"}, {"index": 15, "attribution": 0.005557756660770874, "content_attribution": 0.00012736536525753336, "stance_attribution": 0.005430391295513341, "tweet_id": 524968664651812864, "text": "\u201c@SkyNewsBreak: AFP: an official says a Canadian soldier has died after being shot in #OttawaShooting\u201d RIP x", "type": "direct_reply"}, {"index": 11, "attribution": 0.005485215663508814, "content_attribution": 0.0021853731991464996, "stance_attribution": 0.0032998424643623093, "tweet_id": 524967527219478528, "text": "@SkyNewsBreak thinking of his family at this time. Another victim of brainwashed psychopaths. #Islamic #pureevil", "type": "direct_reply"}, {"index": 8, "attribution": 0.00490171890635974, "content_attribution": 7.974205505827808e-05, "stance_attribution": 0.004821976851301462, "tweet_id": 524967046652911616, "text": "@SkyNewsBreak RIP", "type": "direct_reply"}, {"index": 9, "attribution": 0.00300966320566235, "content_attribution": 0.0026721458477252675, "stance_attribution": 0.00033751735793708217, "tweet_id": 524974486379311104, "text": "@SkyNewsBreak Islam, the so called religion of peace, as if!!!", "type": "direct_reply"}, {"index": 6, "attribution": 0.0020621590852160435, "content_attribution": 0.0001814550918894229, "stance_attribution": 0.0018807039933266207, "tweet_id": 524968875625295872, "text": "RIP to the brave soldier. \u201c@SkyNewsBreak: AFP: an official says a Canadian soldier has died after being shot in #OttawaShooting\u201d", "type": "direct_reply"}, {"index": 12, "attribution": 0.001956258647122566, "content_attribution": -0.0003265377213572233, "stance_attribution": 0.0022827963684797893, "tweet_id": 524966732763770880, "text": "\u201c@SkyNewsBreak: AFP: an official says a Canadian soldier has died after being shot in #OttawaShooting\u201d", "type": "direct_reply"}, {"index": 4, "attribution": -3.156144075736262e-05, "content_attribution": -0.00031204501231764956, "stance_attribution": 0.00028048357156028694, "tweet_id": 524982917781782528, "text": "\u201c@SkyNewsBreak: AFP: an official says a Canadian soldier has died after being shot in #OttawaShooting\u201d very sad condolences 2the family RIP", "type": "direct_reply"}, {"index": 5, "attribution": -0.0025102368892712034, "content_attribution": -0.0006505915388804764, "stance_attribution": -0.0018596453503907271, "tweet_id": 524967527773130752, "text": "\u201c@SkyNewsBreak: AFP: an official (Min Kenney) says a Canadian soldier has died after being shot in #OttawaShooting\u201d @MAJIC100Ottawa", "type": "direct_reply"}, {"index": 14, "attribution": -0.004746834544552618, "content_attribution": 0.000389030544530638, "stance_attribution": -0.005135865089083256, "tweet_id": 524967361448013824, "text": "\u201c@SkyNewsBreak: AFP: an official says a Canadian soldier has died after being shot in #OttawaShooting\u201d. RIP this is greeting serious", "type": "direct_reply"}, {"index": 13, "attribution": -0.006849549362896733, "content_attribution": -0.0017931845123144653, "stance_attribution": -0.005056364850582268, "tweet_id": 524968907405545472, "text": "@SkyNewsBreak Peace be upon him.", "type": "direct_reply"}, {"index": 2, "attribution": -0.017448146852205793, "content_attribution": -0.02028024108508857, "stance_attribution": 0.002832094232882774, "tweet_id": 524967592101163008, "text": "@SkyNewsBreak very sad :(", "type": "direct_reply"}, {"index": 10, "attribution": -0.03253905697296698, "content_attribution": -0.002627184697952293, "stance_attribution": -0.029911872275014684, "tweet_id": 524967230044258305, "text": "An official?  What organization and do you have two independent sources? @SkyNewsBreak @AFP", "type": "direct_reply"}]}