{"thread_id": "524964948683005952", "gold_label": 1, "predicted_label": 2, "tweet_attributions": [{"index": 1, "attribution": 2.130216518345454, "content_attribution": 0.0042114967104076705, "stance_attribution": 2.1260050216350463, "tweet_id": 524969503499616256, "text": "@DaryusAzad @CBCAlerts @CBCNews @JustinTrudeau are you for real?", "type": "lower_reply"}, {"index": 21, "attribution": 1.801985941377639, "content_attribution": 0.007994745027860172, "stance_attribution": 1.7939911963497788, "tweet_id": 524971397488336897, "text": "@DaryusAzad @CBCAlerts @CBCNews @JustinTrudeau convo over. Trudeau is a windbag, name one good idea that he has tabled?", "type": "lower_reply"}, {"index": 5, "attribution": 1.327111678422982, "content_attribution": 0.03141227427773609, "stance_attribution": 1.2956994041452459, "tweet_id": 524971955381092353, "text": "@mythos_man @CBCAlerts @CBCNews @JustinTrudeau you guys don't realize that harder is a snake and your lives are at stake because of him", "type": "lower_reply"}, {"index": 41, "attribution": 0.9732194002004774, "content_attribution": 0.001283291783475405, "stance_attribution": 0.971936108417002, "tweet_id": 524973312901132288, "text": "@Cdn_Bowhunter Kanadar needs Canadian help, afghans welcome foreign help. Today Afghanistan is much better place thanks to Canada", "type": "lower_reply"}, {"index": 31, "attribution": 0.7942509048633148, "content_attribution": 0.0012211129530275348, "stance_attribution": 0.7930297919102873, "tweet_id": 524971804096737280, "text": "@Cdn_Bowhunter @CBCAlerts @CBCNews @JustinTrudeau #Afghanistan is the only country needed help", "type": "lower_reply"}, {"index": 36, "attribution": 0.6934141727064145, "content_attribution": 0.042615918107903245, "stance_attribution": 0.6507982545985111, "tweet_id": 524972433984323584, "text": "@DaryusAzad @CBCAlerts @CBCNews @JustinTrudeau lives are at stake because of Isis and extremist snakes and cowards, not Harper", "type": "lower_reply"}, {"index": 33, "attribution": 0.6789359393120695, "content_attribution": -2.945444821584372e-05, "stance_attribution": 0.6789653937602853, "tweet_id": 524972948508409856, "text": "@DaryusAzad yes, but the liberals put us into direct combat by sending is to Kandahar. So why blame the CPC for this attack.", "type": "lower_reply"}, {"index": 32, "attribution": 0.5991286819547357, "content_attribution": 0.0018315646289331136, "stance_attribution": 0.5972971173258026, "tweet_id": 524973597467901952, "text": "@DaryusAzad Yes it is, my point is though the liberals started us into this chain of events within foreign policy, CPC just continued it.", "type": "lower_reply"}, {"index": 39, "attribution": 0.5448579803485787, "content_attribution": 0.028530961594865067, "stance_attribution": 0.5163270187537138, "tweet_id": 524968014484365313, "text": "@CBCAlerts @CBCNews #harperAdminstration foreign policy is making Canadians a victim #voteLiberal @JustinTrudeau", "type": "direct_reply"}, {"index": 23, "attribution": 0.3277098142355803, "content_attribution": 0.0015952883355260365, "stance_attribution": 0.3261145259000543, "tweet_id": 524971249152577536, "text": "@DaryusAzad @CBCAlerts @CBCNews @JustinTrudeau Liberals sent me and many more Canadian Soldiers to Afghanistan in the first place...", "type": "lower_reply"}, {"index": 44, "attribution": 0.25524795037502007, "content_attribution": 0.007069990244961062, "stance_attribution": 0.24817796013005905, "tweet_id": 524973370677690368, "text": "@DaryusAzad @CBCAlerts @CBCNews @JustinTrudeau No ones even confirmed this was an Islamic attack yet.", "type": "lower_reply"}, {"index": 2, "attribution": 0.1367261136246905, "content_attribution": 0.0008041421596955421, "stance_attribution": 0.13592197146499496, "tweet_id": 524973750710591490, "text": "@DaryusAzad @CBCAlerts @CBCNews @JustinTrudeau this has to be crushed to the point it won't rise again", "type": "lower_reply"}, {"index": 42, "attribution": 0.10425778028464544, "content_attribution": 0.0010143004361803933, "stance_attribution": 0.10324347984846505, "tweet_id": 524977054178353154, "text": "@Cdn_Bowhunter I believe #cpc pushed it too far", "type": "lower_reply"}, {"index": 24, "attribution": 0.08772118112316281, "content_attribution": 0.006507687878544466, "stance_attribution": 0.08121349324461835, "tweet_id": 524973072504606720, "text": "@mythos_man @CBCAlerts @CBCNews @JustinTrudeau that's the Canada we want, not a Canada that wants to send its military all over ME", "type": "lower_reply"}, {"index": 40, "attribution": 0.07574812577006321, "content_attribution": 0.00027421533218262956, "stance_attribution": 0.0754739104378806, "tweet_id": 524973817219653633, "text": "@DaryusAzad @CBCAlerts @CBCNews @JustinTrudeau are you middle eastern, by chance?", "type": "lower_reply"}, {"index": 7, "attribution": 0.0670032987051617, "content_attribution": 0.02548402197788248, "stance_attribution": 0.04151927672727923, "tweet_id": 524974118614347776, "text": "@Cdn_Bowhunter @CBCAlerts @CBCNews @JustinTrudeau exactly so why did you or your friend already pointed the fingers at Muslims #ignorantmuch", "type": "lower_reply"}, {"index": 38, "attribution": 0.06468072791320506, "content_attribution": 0.008517073842360102, "stance_attribution": 0.05616365407084496, "tweet_id": 524976953707999232, "text": "@Cdn_Bowhunter @JustinTrudeau I just think we need a change", "type": "lower_reply"}, {"index": 43, "attribution": 0.052677212182210144, "content_attribution": 0.003107460535216125, "stance_attribution": 0.04956975164699402, "tweet_id": 524977699584897024, "text": "@DaryusAzad perhaps, Trudeau is not that change. He's out of touch with most Canadians, he's not ready to run this country.", "type": "lower_reply"}, {"index": 12, "attribution": 0.044626745432238754, "content_attribution": 0.04509906331827748, "stance_attribution": -0.00047231788603872545, "tweet_id": 524972964052103169, "text": "@DaryusAzad @CBCAlerts @CBCNews @JustinTrudeau these extremist infidels are the problem not our Govt", "type": "lower_reply"}, {"index": 9, "attribution": 0.0431694985934615, "content_attribution": 0.0005690257466742934, "stance_attribution": 0.04260047284678721, "tweet_id": 524974054957002752, "text": "@DaryusAzad @CBCAlerts @CBCNews @JustinTrudeau you force that woman in your pic to dress that way?", "type": "lower_reply"}, {"index": 11, "attribution": 0.04018288052419397, "content_attribution": 0.010126087213503094, "stance_attribution": 0.030056793310690874, "tweet_id": 524972933652185089, "text": "@mythos_man @CBCAlerts @CBCNews @JustinTrudeau that's cause Canada only focused on humanitarian aid and not military", "type": "lower_reply"}, {"index": 20, "attribution": 0.03597333059413578, "content_attribution": 0.0351354697987874, "stance_attribution": 0.0008378607953483804, "tweet_id": 524972665564835841, "text": "@mythos_man @CBCAlerts @CBCNews @JustinTrudeau I can't believe people focus on stupidity instead of real problems.", "type": "lower_reply"}, {"index": 37, "attribution": 0.024960419979996703, "content_attribution": 0.00465975817262683, "stance_attribution": 0.02030066180736987, "tweet_id": 524972276345622528, "text": "@DaryusAzad @CBCAlerts @CBCNews @JustinTrudeau Justins' new book spoiler alert. \"My dad was famous...the end\"", "type": "lower_reply"}, {"index": 27, "attribution": 0.014362165522470025, "content_attribution": 0.013811080397847782, "stance_attribution": 0.0005510851246222433, "tweet_id": 524973940343840768, "text": "@mythos_man @CBCAlerts @CBCNews @JustinTrudeau when our sole purpose was to help civilians with humanitarian aid in the past under liberals", "type": "lower_reply"}, {"index": 10, "attribution": 0.010410659288774295, "content_attribution": 0.009800859238504663, "stance_attribution": 0.0006098000502696307, "tweet_id": 524973904969093120, "text": "@mythos_man @CBCAlerts @CBCNews @JustinTrudeau your #Harper govt has changed Canada to a military nation...", "type": "lower_reply"}, {"index": 29, "attribution": 0.009467461733140808, "content_attribution": 0.008293494337822869, "stance_attribution": 0.0011739673953179396, "tweet_id": 524974938256457729, "text": "@DaryusAzad @CBCAlerts @CBCNews @JustinTrudeau you did, you blamed our foreign policy to start with...", "type": "lower_reply"}, {"index": 28, "attribution": 0.0079078780826485, "content_attribution": -6.79384880852022e-05, "stance_attribution": 0.007975816570733702, "tweet_id": 524973649527193601, "text": "@DaryusAzad @CBCAlerts @CBCNews @JustinTrudeau we follow our Allies, we need them and they need us.", "type": "lower_reply"}, {"index": 30, "attribution": 0.007424658107868461, "content_attribution": 0.00032343581888500696, "stance_attribution": 0.007101222288983455, "tweet_id": 524971522126270464, "text": "@rikermacdaniels @CBCAlerts @CBCNews @JustinTrudeau canada has never been this dangerous before until #harperadminstration changed their #FP", "type": "lower_reply"}, {"index": 14, "attribution": 0.006493983380787575, "content_attribution": 0.006322091591675367, "stance_attribution": 0.0001718917891122085, "tweet_id": 524972859714981889, "text": "@mythos_man @CBCAlerts @CBCNews @JustinTrudeau wow you are dumber that I thought. Haven't you asked why Canada want in danger before?", "type": "lower_reply"}, {"index": 35, "attribution": 0.00553666127827674, "content_attribution": -5.384304177667254e-05, "stance_attribution": 0.005590504320053412, "tweet_id": 524974290115244032, "text": "@mythos_man @CBCAlerts @CBCNews @JustinTrudeau you are an imbecile and because of imbeciles like you, our lives are in danger", "type": "lower_reply"}, {"index": 45, "attribution": 0.003898113809470761, "content_attribution": -0.00206510645738276, "stance_attribution": 0.00596322026685352, "tweet_id": 524965868305141760, "text": "RT @CBCAlerts: #Ottawa police confirm they are still seeking 1 or more suspects \" la polizia in caccia di 1 o pi\u00f9 attentatori .", "type": "direct_reply"}, {"index": 25, "attribution": 0.0026413013962206834, "content_attribution": 0.000104600119308143, "stance_attribution": 0.0025367012769125412, "tweet_id": 524974795503726593, "text": "@mythos_man @CBCAlerts @CBCNews @JustinTrudeau I am a proud Canadian afghan &amp; I support Canada's presence in Afghanistan", "type": "lower_reply"}, {"index": 19, "attribution": 0.0016618874683176391, "content_attribution": 0.00045859811823188983, "stance_attribution": 0.0012032893500857494, "tweet_id": 524971348469510145, "text": "@rikermacdaniels @CBCAlerts @CBCNews @JustinTrudeau they don't give a shit about Islam they care about regional tensions", "type": "lower_reply"}, {"index": 4, "attribution": 0.0005545997326400493, "content_attribution": 0.0010859216080778369, "stance_attribution": -0.0005313218754377882, "tweet_id": 524970201503526912, "text": "@mythos_man @CBCAlerts @CBCNews yes why not?? stop criticizing @JustinTrudeau and you need to realize that #harper put our lives at risk", "type": "lower_reply"}, {"index": 3, "attribution": 0.0004953946702529698, "content_attribution": 0.00014658693361351745, "stance_attribution": 0.0003488077366394523, "tweet_id": 524973155014946816, "text": "@DaryusAzad @CBCAlerts @CBCNews @JustinTrudeau Rather then point fingers, why don't you stand united with the rest of Canadians.", "type": "lower_reply"}, {"index": 13, "attribution": 0.00020506410205211906, "content_attribution": 0.0023251371164173793, "stance_attribution": -0.0021200730143652604, "tweet_id": 525029545540612096, "text": "@DaryusAzad I don't think he's a good leader at all, he's to involved in racial movements. Trudeau is better than Obama.", "type": "lower_reply"}, {"index": 18, "attribution": -0.002786768401103048, "content_attribution": 0.010932952183161272, "stance_attribution": -0.013719720584264322, "tweet_id": 524976005564215296, "text": "@DaryusAzad @JustinTrudeau I never blamed Muslims for this, I don't think you should be pushing vote liberal bullshit at a time like this.", "type": "lower_reply"}, {"index": 17, "attribution": -0.007838562365942959, "content_attribution": 0.004376621542100653, "stance_attribution": -0.012215183908043614, "tweet_id": 525011846164938752, "text": "@Cdn_Bowhunter if you remember #americans Said the same about @BarackObama but he turned out to be a good leader despite all his critics", "type": "lower_reply"}, {"index": 8, "attribution": -0.011324274198290242, "content_attribution": 0.005264547945729288, "stance_attribution": -0.01658882214401953, "tweet_id": 524970424246226945, "text": "@rikermacdaniels @CBCAlerts @CBCNews @JustinTrudeau you are too ignorant to understand that extremism has always been there. Blame Harper", "type": "lower_reply"}, {"index": 22, "attribution": -0.014467408717470825, "content_attribution": -0.0016290028361695991, "stance_attribution": -0.012838405881301225, "tweet_id": 524974420428075009, "text": "@mythos_man @CBCAlerts @CBCNews @JustinTrudeau you are such an ignorant wow keep running your mouth cause you are an idiot", "type": "lower_reply"}, {"index": 6, "attribution": -0.016374265292739963, "content_attribution": 0.0001084624750907969, "stance_attribution": -0.01648272776783076, "tweet_id": 524971210275565568, "text": "@rikermacdaniels @CBCAlerts @CBCNews @JustinTrudeau your radical Muslims are being funded by American Senate, Israel and Saudia Arabia", "type": "lower_reply"}, {"index": 16, "attribution": -0.01914617683960812, "content_attribution": 1.0792323960631298e-05, "stance_attribution": -0.01915696916356875, "tweet_id": 524967686284255232, "text": "@SmotheringTwat @CBCAlerts the way #harperadminstration is leading this government, there will be many more attacks on our #nation", "type": "lower_reply"}, {"index": 26, "attribution": -0.04009903411246636, "content_attribution": 0.013946758576221874, "stance_attribution": -0.05404579268868824, "tweet_id": 524970031856488448, "text": "@DaryusAzad @CBCAlerts @CBCNews @JustinTrudeau your defense and justification of Islamic terrorism is disgusting", "type": "lower_reply"}, {"index": 15, "attribution": -0.051447593649893375, "content_attribution": 0.0009820134374907874, "stance_attribution": -0.05242960708738416, "tweet_id": 524969798170869761, "text": "@DaryusAzad @CBCAlerts @CBCNews @JustinTrudeau no, radical Muslim extremists are making us victims.", "type": "lower_reply"}, {"index": 0, "attribution": -0.09554171220361038, "content_attribution": 0.04397601060484593, "stance_attribution": -0.1395177228084563, "tweet_id": 524964948683005952, "text": "#Ottawa police confirm to #CBCNews they are still seeking 1 or more suspects after shootings on Parliament Hill, War Memorial, nearby mall.", "type": "source"}, {"index": 34, "attribution": -0.10914630450030448, "content_attribution": 0.0028786801260665116, "stance_attribution": -0.11202498462637099, "tweet_id": 524965523470434305, "text": "@CBCAlerts That's two terrorist attacks under Harper and counting!", "type": "direct_reply"}]}