{"thread_id": "524988712367955970", "gold_label": 0, "predicted_label": 2, "tweet_attributions": [{"index": 3, "attribution": 3.9719979832034276, "content_attribution": 0.003306177125041882, "stance_attribution": 3.968691806078386, "tweet_id": 525002281247580160, "text": "@nachos710 @KatyKatopodis @AP oh please. Settlers have been tormenting Palestinian residents for weeks. Killing 3 kids in the last 2 weeks", "type": "lower_reply"}, {"index": 20, "attribution": 2.6319547427329018, "content_attribution": 0.009605078287576636, "stance_attribution": 2.6223496644453252, "tweet_id": 525000637491462145, "text": "@KatyKatopodis @AP maybe this story also deserves some focus heres the video you decide https://t.co/2Fe5wssR6P terror attack in Israel 2day", "type": "lower_reply"}, {"index": 15, "attribution": 0.20385641137645946, "content_attribution": 0.010463633573615237, "stance_attribution": 0.1933927778028442, "tweet_id": 525003669096628225, "text": "@HussainD1 @KatyKatopodis @AP learn your facts my friend, even if you right your response to a baby been killed says it all#murderingisfine", "type": "lower_reply"}, {"index": 23, "attribution": 0.09920265793288952, "content_attribution": -0.00043007251949735717, "stance_attribution": 0.09963273045238685, "tweet_id": 525002870652145667, "text": "@HussainD1 @KatyKatopodis @AP that settler to whom you refer turned HIMSELF into police @ first police station in a safe place,he didnt run", "type": "lower_reply"}, {"index": 2, "attribution": 0.08829900065878482, "content_attribution": 0.08877526760305879, "stance_attribution": -0.0004762669442739453, "tweet_id": 525004199298617344, "text": "@HussainD1 @KatyKatopodis @AP and yet you ONLY spoke of your disinterest in the death of the child and never mentioned the reporting at all", "type": "lower_reply"}, {"index": 1, "attribution": 0.0739732055736134, "content_attribution": 0.06257429483678395, "stance_attribution": 0.011398910736829432, "tweet_id": 525003886210596864, "text": "@nachos710 @KatyKatopodis @AP  my issue is with the one sided reporting not with the death of a baby.", "type": "lower_reply"}, {"index": 21, "attribution": 0.0685146764647974, "content_attribution": 0.022916811159694298, "stance_attribution": 0.045597865305103104, "tweet_id": 525004844755861504, "text": "@nachos710 @KatyKatopodis @AP cos I've been following actual reports of harassment, detention, murder for weeks. Nothing in media.", "type": "lower_reply"}, {"index": 0, "attribution": 0.06311127204925587, "content_attribution": 0.04763623099559633, "stance_attribution": 0.01547504105365956, "tweet_id": 524988712367955970, "text": "MORE: Canadian soldier shot at war memorial has died; one of three suspected gunmen also dead, police say: http://t.co/uFsW7vHPRi", "type": "source"}, {"index": 4, "attribution": 0.046065350623006485, "content_attribution": 0.025558812582595195, "stance_attribution": 0.020506538040411294, "tweet_id": 525005995089870850, "text": "@nachos710 @KatyKatopodis @AP lets not forget who the occupying power enforcing martial law here. Palestinian kids are killed weekly.", "type": "lower_reply"}, {"index": 26, "attribution": 0.019873946716420246, "content_attribution": 0.030943193385165362, "stance_attribution": -0.011069246668745116, "tweet_id": 525005056199122944, "text": "@nachos710 @KatyKatopodis @AP so now we should all cry because its Israeli deaths. All deaths are wrong. Not just one side.", "type": "lower_reply"}, {"index": 25, "attribution": 0.01645499604798682, "content_attribution": 0.00452626918607418, "stance_attribution": 0.01192872686191264, "tweet_id": 525006466970025986, "text": "@HussainD1 @KatyKatopodis @AP you can lie to yourself and tell yourself you do but an Israeli life or even jewish anywhere is not NB to u", "type": "lower_reply"}, {"index": 8, "attribution": 0.013071154548510532, "content_attribution": 0.014079179875757318, "stance_attribution": -0.0010080253272467855, "tweet_id": 525006169308676096, "text": "@HussainD1 @KatyKatopodis funny how you never seemed to mention that first becoz I agree with that, but I dont believe thats what u feel", "type": "lower_reply"}, {"index": 19, "attribution": 0.009473372369383688, "content_attribution": -0.001487630182007908, "stance_attribution": 0.010961002551391595, "tweet_id": 524999920462618624, "text": "@KatyKatopodis @AP eh", "type": "lower_reply"}, {"index": 18, "attribution": 0.007360289090759632, "content_attribution": 0.013266754655151446, "stance_attribution": -0.005906465564391812, "tweet_id": 524988898049806336, "text": "\u201c@AP: MORE: Canadian soldier shot at war memorial has died; one of three suspected gunmen also dead, police say: http://t.co/uJ7Nk4mTHN\u201d", "type": "direct_reply"}, {"index": 14, "attribution": 0.006285015047533448, "content_attribution": 0.00788300549588737, "stance_attribution": -0.0015979904483539218, "tweet_id": 525005358805561348, "text": "@HussainD1 @KatyKatopodis @AP and therefore you chose to mention how you dont care that a 3 month old was murdered as if who cares becoz 1/2", "type": "lower_reply"}, {"index": 16, "attribution": 0.0038291983742936887, "content_attribution": 0.0033890789635492753, "stance_attribution": 0.0004401194107444128, "tweet_id": 525006347608522752, "text": "@HussainD1 @KatyKatopodis @AP occupying force- so now a child is killed and you worried about the land issue- you see you don't care", "type": "lower_reply"}, {"index": 12, "attribution": 0.0021349304463087896, "content_attribution": 0.00022691813359031258, "stance_attribution": 0.0019080123127184767, "tweet_id": 524995572852219904, "text": "@AP ,...--- ((( O people! Say \"No God But Allah\" To Obtain Salvation )))\n\nTHE MEANING OF LIFE \"SPOKEN WORD\"\n\nhttps://t.co/YBaU294GFx", "type": "direct_reply"}, {"index": 27, "attribution": 0.0019169522041817158, "content_attribution": -0.00040718222725149374, "stance_attribution": 0.0023241344314332093, "tweet_id": 524988972787724289, "text": "\u201c@AP: MORE: Canadian soldier shot at war memorial has died; one of three suspected gunmen also dead, police say: http://t.co/HZKW1FN2tV\u201d RIP", "type": "direct_reply"}, {"index": 6, "attribution": 0.0016283635355406286, "content_attribution": -0.0006288445408465087, "stance_attribution": 0.0022572080763871376, "tweet_id": 524989918880485377, "text": "@AP there's gonna be a meeting today about it, cool them jets boi", "type": "direct_reply"}, {"index": 10, "attribution": 0.0006091715228801707, "content_attribution": 0.000727155162757189, "stance_attribution": -0.00011798363987701831, "tweet_id": 524991521188491264, "text": "@AP CBC Ottawa @CBCOttawa 11m11 minutes ago\n\nThere was no mention of another gunman in Bordeleau's talk.", "type": "direct_reply"}, {"index": 22, "attribution": -0.0005628678218021362, "content_attribution": -0.00011717742237263495, "stance_attribution": -0.0004456903994295001, "tweet_id": 524988952303112192, "text": "Rt&gt;@AP:MORE: Canadian soldier shot at war memorial has died; one of three suspected gunmen also dead, police say: http://t.co/AiBrOLb95k #p2", "type": "direct_reply"}, {"index": 7, "attribution": -0.0016153153851526845, "content_attribution": 0.0004201013013561521, "stance_attribution": -0.002035416686508836, "tweet_id": 525002081791651840, "text": ".@nachos710 @KatyKatopodis @AP why can't it be an official story?", "type": "lower_reply"}, {"index": 11, "attribution": -0.0017957902998210265, "content_attribution": 0.003316578728579146, "stance_attribution": -0.005112369028400172, "tweet_id": 524997933297844225, "text": "@KCTVPhotogBrett @AP RCMP in charge, not Ottawa police: one soldier dead, shooter dead. All else is speculation - talking heads.", "type": "lower_reply"}, {"index": 24, "attribution": -0.0019407490869050885, "content_attribution": -0.0015918597875539927, "stance_attribution": -0.00034888929935109563, "tweet_id": 524989307548078080, "text": "@AP Heard the suspect a Muslim", "type": "direct_reply"}, {"index": 9, "attribution": -0.0020495825520696386, "content_attribution": -0.00016471677611144955, "stance_attribution": -0.0018848657759581893, "tweet_id": 525002940315348993, "text": "@AP GOD Bless this soldier and all soldiers that stand bravely knowing many in the world want to kill them.", "type": "direct_reply"}, {"index": 17, "attribution": -0.014716997702725604, "content_attribution": -0.00013163589832328767, "stance_attribution": -0.014585361804402315, "tweet_id": 525001875800993792, "text": "@KatyKatopodis #respect", "type": "lower_reply"}, {"index": 13, "attribution": -0.017794209482504222, "content_attribution": 0.0026181311844920303, "stance_attribution": -0.02041234066699625, "tweet_id": 525005528435798017, "text": "@HussainD1 @KatyKatopodis @AP 2/2 other sad stories never made the news?? That's a little ridiculous on the face of it don't you think", "type": "lower_reply"}, {"index": 5, "attribution": -0.22597186941213462, "content_attribution": 0.03208568974041846, "stance_attribution": -0.258057559152553, "tweet_id": 524999580296183808, "text": "RT @AP: MORE: Canadian soldier shot at war memorial has died; one of three suspected gunmen also dead, police say: http://t.co/t7iwVftpYB", "type": "direct_reply"}]}