{"thread_id": "524932056560963584", "gold_label": 2, "predicted_label": 0, "tweet_attributions": [{"index": 0, "attribution": 0.17168518223308468, "content_attribution": -0.029542010158487418, "stance_attribution": 0.2012271923915721, "tweet_id": 524932056560963584, "text": "BREAKING: At least 20 shots have been fired in the Canadian parliament in Ottawa, according to witnesses.", "type": "source"}, {"index": 2, "attribution": 0.07670108465755604, "content_attribution": -0.030341857332253516, "stance_attribution": 0.10704294198980957, "tweet_id": 524941386231971841, "text": "@jfxm @locustiya may secularism thrive! Order more investigations against those oppose terrorism", "type": "direct_reply"}, {"index": 3, "attribution": 0.009120606079484266, "content_attribution": -0.00203526481925294, "stance_attribution": 0.011155870898737208, "tweet_id": 524932989613256705, "text": "@JFXM: BREAKING: At least 20 shots have been fired in the Canadian parliament in Ottawa, according to witnesses.", "type": "direct_reply"}, {"index": 1, "attribution": -0.03302851707722987, "content_attribution": -0.009478128660099469, "stance_attribution": -0.0235503884171304, "tweet_id": 524933566405562368, "text": "@JFXM wats happening?@AbuSaalihah1", "type": "direct_reply"}]}