{"thread_id": "524949887591653376", "gold_label": 1, "predicted_label": 2, "tweet_attributions": [{"index": 9, "attribution": 2.2824303511366812, "content_attribution": 0.01314844883020802, "stance_attribution": 2.2692819023064725, "tweet_id": 524952175148277761, "text": "@dave_bradley @GCGATOR24 sounds like the rag heads gone wild in Canada", "type": "direct_reply"}, {"index": 5, "attribution": 1.4723459846762492, "content_attribution": 0.05994425022377996, "stance_attribution": 1.412401734452469, "tweet_id": 524967803758317568, "text": "@BrianTaxwhiz @dave_bradley @GCGATOR24 don't worry , we'll kill em", "type": "lower_reply"}, {"index": 11, "attribution": 0.17629138984226392, "content_attribution": 0.059351038931673025, "stance_attribution": 0.1169403509105909, "tweet_id": 525376764647055360, "text": "@BrianTaxwhiz @dave_bradley @GCGATOR24 they got him , we, in Canada , have no tolerance for this , just Trudeau wants their votes, we don't", "type": "lower_reply"}, {"index": 10, "attribution": 0.11260670556237411, "content_attribution": 0.011842480571742477, "stance_attribution": 0.10076422499063163, "tweet_id": 524973554966597632, "text": "@dave_bradley @Steven31015146 Now we cant profile here, just because these guys dressed like ISIS doesnt mean they are Muslim terrorists...", "type": "direct_reply"}, {"index": 12, "attribution": 0.013898390314999513, "content_attribution": -0.0016709907136606688, "stance_attribution": 0.015569381028660184, "tweet_id": 524955083004735490, "text": "holy hell. RT @dave_bradley: #BREAKING: Ottawa Police now confirming a 3rd shooting. This one at the Rideau Centre Mall.", "type": "direct_reply"}, {"index": 6, "attribution": 0.0102713646013884, "content_attribution": 0.0005523612558697839, "stance_attribution": 0.009719003345518618, "tweet_id": 524952988021170176, "text": "@dave_bradley @Olivianuzzi Apparently not? https://t.co/fM2wj2Rt8V", "type": "direct_reply"}, {"index": 2, "attribution": 0.004398036724399071, "content_attribution": 0.003413890433749412, "stance_attribution": 0.0009841462906496593, "tweet_id": 525009647754018816, "text": "@CounterJihad @dave_bradley http://t.co/p2Ey3AgaVE", "type": "lower_reply"}, {"index": 7, "attribution": 0.00204594274259919, "content_attribution": 0.00038901431841550335, "stance_attribution": 0.0016569284241836864, "tweet_id": 524953989306408962, "text": "@dave_bradley @sophielui OMG, is Senator Duffy okay?", "type": "direct_reply"}, {"index": 4, "attribution": 0.00016172587623932756, "content_attribution": -0.0016564838014741141, "stance_attribution": 0.0018182096777134415, "tweet_id": 524958095097602048, "text": ".@dave_bradley @mletterle latest update is one soldier shot (maybe dead) and one shooter killed. #ottawa", "type": "direct_reply"}, {"index": 3, "attribution": -0.0017069748702028035, "content_attribution": -0.0014577517020669352, "stance_attribution": -0.0002492231681358681, "tweet_id": 524977202874843136, "text": "@dave_bradley @pathomas626 USA needs to implement this. Shoot killers, shoot fleeing criminals, imprison gangsters, rapist, murderers,", "type": "direct_reply"}, {"index": 1, "attribution": -0.006156094070329294, "content_attribution": -0.01018815246887322, "stance_attribution": 0.004032058398543928, "tweet_id": 524953002847641600, "text": "@dave_bradley @NoahCRothman Sounds like MUSLIMS! Coordinated attack of ISIS sympathizers...soon in USA! Start packing heat folks!", "type": "direct_reply"}, {"index": 8, "attribution": -0.016225065897012267, "content_attribution": 0.0022682253696917967, "stance_attribution": -0.018493291266704067, "tweet_id": 525385992178794499, "text": "@dave_bradley @Steven31015146 Yes, just because they read the Qur'an and use Islamic theology to justify terror doesnt mean they're Muslims", "type": "lower_reply"}, {"index": 0, "attribution": -0.5744007863997124, "content_attribution": 0.05646053304166893, "stance_attribution": -0.6308613194413812, "tweet_id": 524949887591653376, "text": "#BREAKING: Ottawa Police now confirming a 3rd shooting. This one at the Rideau Centre Mall. No word on injuries at that one.#OttawaShooting", "type": "source"}]}