{"thread_id": "524950899899113473", "gold_label": 0, "predicted_label": 2, "tweet_attributions": [{"index": 1, "attribution": 1.003794222128081, "content_attribution": 0.04448892895407146, "stance_attribution": 0.9593052931740094, "tweet_id": 524966168772485120, "text": "\u201c@ctvottawa: Gunfire inside hallways of Parliament Hill.\u201d GIRL ARE YOU GOOD @Tthaixo", "type": "direct_reply"}, {"index": 8, "attribution": 0.032272018614693566, "content_attribution": 0.04478034608522714, "stance_attribution": -0.012508327470533577, "tweet_id": 524985155858231296, "text": "@htchngs yeah, thanks girl \u2764\ufe0f", "type": "lower_reply"}, {"index": 7, "attribution": 0.028536126927420122, "content_attribution": 0.0015770737395446684, "stance_attribution": 0.026959053187875455, "tweet_id": 524951548460552192, "text": "RT @ctvottawa EXTENDED: Dramatic video of gunfire inside hallways of Parliament Hill. (The Globe and Mail) http://t.co/6wjreJMf9a \u2026", "type": "direct_reply"}, {"index": 3, "attribution": 0.019340990726638814, "content_attribution": 0.00014406141131222182, "stance_attribution": 0.019196929315326593, "tweet_id": 524954849637847040, "text": "@ctvottawa @DerianPlouffe", "type": "direct_reply"}, {"index": 6, "attribution": 0.017690067130184093, "content_attribution": 4.411397638832046e-05, "stance_attribution": 0.017645953153795774, "tweet_id": 524984876874080257, "text": "@ctvottawa @Mr_Burundi", "type": "direct_reply"}, {"index": 10, "attribution": 0.010071970815148353, "content_attribution": -0.00253114559290317, "stance_attribution": 0.012603116408051522, "tweet_id": 524953369719627778, "text": "@ctvottawa this is so scary!", "type": "direct_reply"}, {"index": 5, "attribution": 0.0049562580562365725, "content_attribution": 0.0002403500970813336, "stance_attribution": 0.00471590795915524, "tweet_id": 524973422682853376, "text": "@ctvottawa cool!", "type": "direct_reply"}, {"index": 2, "attribution": 0.004825553379283996, "content_attribution": 0.001492868731235934, "stance_attribution": 0.003332684648048061, "tweet_id": 524957878768394240, "text": "@ctvottawa so proud of our parliament security police and military", "type": "direct_reply"}, {"index": 4, "attribution": 0.004594087181186042, "content_attribution": -0.0016899942142208112, "stance_attribution": 0.0062840813954068535, "tweet_id": 525005502468849664, "text": "@ctvottawa two attacks on CAF personnel in two days seems like more than a coincidence.", "type": "direct_reply"}, {"index": 9, "attribution": -0.030795317370103187, "content_attribution": -0.03344900214613597, "stance_attribution": 0.0026536847760327835, "tweet_id": 524952361601859586, "text": "@ctvottawa sounds like a shotgun blast followed by officers returning fire.", "type": "direct_reply"}, {"index": 0, "attribution": -0.648550541614757, "content_attribution": 0.07315521988138671, "stance_attribution": -0.7217057614961437, "tweet_id": 524950899899113473, "text": "EXTENDED: Dramatic video of gunfire inside hallways of Parliament Hill. (The Globe and Mail) http://t.co/SbOu4rAp96 http://t.co/71rNixs3Eb", "type": "source"}]}