{"thread_id": "524930538009006081", "gold_label": 2, "predicted_label": 2, "tweet_attributions": [{"index": 6, "attribution": 0.8547395420241821, "content_attribution": 0.02744712975376894, "stance_attribution": 0.8272924122704131, "tweet_id": 524930812265787392, "text": "@Reuters i am in Canada.  CTV news are reporting a tweet from a NDP MP inside building saying shooter arrested.", "type": "direct_reply"}, {"index": 2, "attribution": 0.16064647371498364, "content_attribution": -0.002849261732336461, "stance_attribution": 0.16349573544732007, "tweet_id": 524930917966823424, "text": "What's going on? \u201c@Reuters: Canada police say suspect in Ottawa shooting still at large, tactical units on scene.\u201d", "type": "direct_reply"}, {"index": 4, "attribution": 0.13990153250277523, "content_attribution": 0.06796716484914905, "stance_attribution": 0.0719343676536262, "tweet_id": 524940720050696192, "text": "@randomnessIsIs @Reuters a full tactical assault", "type": "lower_reply"}, {"index": 12, "attribution": 0.1290453155276008, "content_attribution": -0.0011789264130343765, "stance_attribution": 0.13022424194063514, "tweet_id": 524931447359299584, "text": "@AnkithL I don't know.", "type": "lower_reply"}, {"index": 11, "attribution": 0.06107580243781632, "content_attribution": 0.002302280682569743, "stance_attribution": 0.05877352175524658, "tweet_id": 524931443429220353, "text": "@cneldred @Reuters I hope that's true..", "type": "lower_reply"}, {"index": 8, "attribution": 0.04328083801074264, "content_attribution": 0.014319430249461298, "stance_attribution": 0.028961407761281335, "tweet_id": 524931957097234432, "text": "@cneldred @Reuters Please tell me the Police took care of him/her with an empty magazine in return fire!!! FORGET ARRESTING.", "type": "lower_reply"}, {"index": 7, "attribution": 0.010806302014432511, "content_attribution": -0.0008862691684450552, "stance_attribution": 0.011692571182877566, "tweet_id": 524930744855322625, "text": "@Reuters http://t.co/GbF4gMifEZ", "type": "direct_reply"}, {"index": 9, "attribution": 0.008781605059661662, "content_attribution": -0.00020339122718927253, "stance_attribution": 0.008984996286850934, "tweet_id": 524930996832329728, "text": "@Reuters \u062d\u0633\u0627\u0628 \u0645\u064f\u062a\u0627\u0628\u0639 \u0645\u0646 \u0627\u0644\u0648\u0644\u064a\u062f \u0628\u0646 \u0637\u0644\u0627\u0644 - @Question_arab", "type": "direct_reply"}, {"index": 13, "attribution": 0.005608653627829954, "content_attribution": -0.0007535618625974835, "stance_attribution": 0.006362215490427435, "tweet_id": 524932980494458880, "text": "@Reuters 3 Tips of Life - Bubblews http://t.co/2WocnfepHa", "type": "direct_reply"}, {"index": 3, "attribution": -0.0006906405505851584, "content_attribution": 0.0011881620582474054, "stance_attribution": -0.0018788026088325644, "tweet_id": 524931189111816192, "text": "@cneldred @Reuters CBCNN reporting gunman still at large 10:32 am. I just came home to this!", "type": "lower_reply"}, {"index": 1, "attribution": -0.001002839357195418, "content_attribution": -0.0004924832512786515, "stance_attribution": -0.0005103561059167668, "tweet_id": 524931863920771072, "text": "@Reuters Please tell me the Police took care of him/her with an empty magazine in return fire!!!", "type": "direct_reply"}, {"index": 14, "attribution": -0.0010113358115185342, "content_attribution": -0.00034238708730119675, "stance_attribution": -0.0006689487242173381, "tweet_id": 524936687303270400, "text": "@Reuters  they have guns in canada, black powder muskets?", "type": "direct_reply"}, {"index": 10, "attribution": -0.0015029778305409843, "content_attribution": -0.0009883365228217826, "stance_attribution": -0.0005146413077192016, "tweet_id": 524931547179528192, "text": "\u201c@Reuters: Canada police say suspect in Ottawa shooting still at large, tactical units on scene.\u201d@MTanquita", "type": "direct_reply"}, {"index": 5, "attribution": -0.002341617907794566, "content_attribution": -0.0020612582901751333, "stance_attribution": -0.0002803596176194324, "tweet_id": 524930611107344384, "text": "\u201c@Reuters: Canada police say suspect in Ottawa shooting still at large, tactical units on scene.\u201d", "type": "direct_reply"}, {"index": 0, "attribution": -0.5910542534649534, "content_attribution": 0.0594506909523788, "stance_attribution": -0.6505049444173323, "tweet_id": 524930538009006081, "text": "Canada police say suspect in Ottawa shooting still at large, tactical units on scene.", "type": "source"}]}