{"thread_id": "524987184836005889", "gold_label": 0, "predicted_label": 2, "tweet_attributions": [{"index": 0, "attribution": 0.14500354592192743, "content_attribution": -0.05813605284354926, "stance_attribution": 0.20313959876547671, "tweet_id": 524987184836005889, "text": "The RCMP and Ottawa police news conference is beginning now. Watch live: http://t.co/alz6qu6Mca #cbcOTT #OTTnews", "type": "source"}, {"index": 2, "attribution": -0.012166645138742917, "content_attribution": -0.027944396491041162, "stance_attribution": 0.01577775135229825, "tweet_id": 524991240295575552, "text": "@CBCOttawa @daybreaknorth dear Toronto star lady, we don't want the steps necessary in order for the police to know of every attack :(", "type": "direct_reply"}, {"index": 1, "attribution": -0.035508725395080425, "content_attribution": -0.028483118600056645, "stance_attribution": -0.007025606795023783, "tweet_id": 524989569947947008, "text": "@CBCOttawa Prayers for the fallen soldier &amp; his family. Hope his death isn't used to advertise the shooter's lame ideas, whatever they were.", "type": "direct_reply"}]}