{"thread_id": "524968205690089472", "gold_label": 0, "predicted_label": 2, "tweet_attributions": [{"index": 8, "attribution": 1.1854281412165646, "content_attribution": -0.010574554766976278, "stance_attribution": 1.1960026959835408, "tweet_id": 524979834079162368, "text": "@TorontoStar Ok, time to take it to the fucking muslims. Look out Allah, here comes the revenge. KILL MUSLIMS, KILL MUSLIMS.", "type": "direct_reply"}, {"index": 10, "attribution": 0.22982886648286519, "content_attribution": 0.006907138124332079, "stance_attribution": 0.22292172835853308, "tweet_id": 524984720976019456, "text": "@Bazmeg6969 @Rrrrnessa @TorontoStar damn this asses", "type": "lower_reply"}, {"index": 1, "attribution": 0.09722765761071196, "content_attribution": 0.06135986652170038, "stance_attribution": 0.035867791089011586, "tweet_id": 524968868465639425, "text": "@KristineHartlin @TorontoStar It looks like confirmations are coming in now.", "type": "lower_reply"}, {"index": 2, "attribution": 0.04995415203770095, "content_attribution": 0.007762684220856995, "stance_attribution": 0.04219146781684395, "tweet_id": 524983568146382848, "text": "@bazmeg6969 @torontostar @rrrrnessa Come to the battlefield we will deliver you to the hellfire", "type": "lower_reply"}, {"index": 9, "attribution": 0.04406590426147713, "content_attribution": 0.039159392252553084, "stance_attribution": 0.004906512008924039, "tweet_id": 524968603452715008, "text": "@TorontoStar the civic hospital has not released any information on the status of the injured soldier.", "type": "direct_reply"}, {"index": 14, "attribution": 0.036848653931984394, "content_attribution": -0.0006062280832478575, "stance_attribution": 0.037454882015232255, "tweet_id": 524969065920884736, "text": "@TorontoStar Where is confirmation coming from? Jason Kenney posted about but Global said it was false, who's right?", "type": "direct_reply"}, {"index": 13, "attribution": 0.01461095999981318, "content_attribution": 0.0004539975299332778, "stance_attribution": 0.014156962469879901, "tweet_id": 524969069481828352, "text": "@TorontoStar Soldiers death is UNCONFIRMED", "type": "direct_reply"}, {"index": 4, "attribution": 0.013519213359543519, "content_attribution": 0.0006805189983676827, "stance_attribution": 0.012838694361175833, "tweet_id": 524969040310444033, "text": "@TorontoStar no confirmation on the solider.  As far as anyone knows, he is still fighting.  Statement was been retracted", "type": "direct_reply"}, {"index": 3, "attribution": 0.011522965215127298, "content_attribution": 0.0003365836765953158, "stance_attribution": 0.011186381538531982, "tweet_id": 524970752127565824, "text": "@TorontoStar Jason Kenney removes tweet @CBCNews", "type": "direct_reply"}, {"index": 7, "attribution": 0.006171185680104314, "content_attribution": 0.0017229215525850522, "stance_attribution": 0.004448264127519263, "tweet_id": 524969464337809408, "text": "@TorontoStar I don't think the soldier is dead. You guys are mistaking the soldier from Monday in Quebec", "type": "direct_reply"}, {"index": 12, "attribution": 0.004861334658644988, "content_attribution": 2.6433923511300848e-05, "stance_attribution": 0.004834900735133686, "tweet_id": 524970533461712896, "text": "@TorontoStar I am so sorry to hear that Ottawa is going through this. My prayers are with all of you for the wounded and the capture of shts", "type": "direct_reply"}, {"index": 11, "attribution": 0.0036972725639424836, "content_attribution": -0.0004658603487686725, "stance_attribution": 0.004163132912711156, "tweet_id": 524971465209573377, "text": "@TorontoStar @CTVNationalNews", "type": "direct_reply"}, {"index": 6, "attribution": -0.00016018662919922515, "content_attribution": -0.002343799092309239, "stance_attribution": 0.002183612463110014, "tweet_id": 524975316213964800, "text": "Hope all my friends and colleagues in Ottawa are safe. Terrible that this is happening in Canada...@TorontoStar \nhttp://t.co/8dNjGhMpcx", "type": "direct_reply"}, {"index": 5, "attribution": -0.003816052812402672, "content_attribution": -0.003013244644162691, "stance_attribution": -0.0008028081682399815, "tweet_id": 524969558864834560, "text": "#AttackInOttawa\n@TorontoStar: Update\n-Cdn soldier dies \n-ParliamentGuard wounded\n-ParliamentHill still in lockdown\nhttp://t.co/31Pkg1wKsx", "type": "direct_reply"}, {"index": 0, "attribution": -0.9131279978877307, "content_attribution": 0.10491381614062038, "stance_attribution": -1.0180418140283511, "tweet_id": 524968205690089472, "text": "Update from Ottawa:\n-Cdn soldier dies from shooting\n-Parliamentary guard wounded\n-Parliament Hill still in lockdown\nhttp://t.co/chbTWxVN0q", "type": "source"}]}