{"thread_id": "524967620588896256", "gold_label": 2, "predicted_label": 2, "tweet_attributions": [{"index": 12, "attribution": 3.7298801861159223, "content_attribution": 0.028635909602570047, "stance_attribution": 3.7012442765133517, "tweet_id": 524968489787088896, "text": "@CBCOttawa @craignorriscbc grain of salt as always though as we have heard nothing from DND", "type": "lower_reply"}, {"index": 15, "attribution": 3.0707695712455307, "content_attribution": 0.02273645813372356, "stance_attribution": 3.0480331131118072, "tweet_id": 524968362531880960, "text": "@CBCOttawa @craignorriscbc Jason Kenney stating that the soldier has passed away", "type": "direct_reply"}, {"index": 6, "attribution": 0.1319962075293828, "content_attribution": 0.05150561460600614, "stance_attribution": 0.08049059292337662, "tweet_id": 524968684394405888, "text": "@irrellenphant Indeed. Which is why we're not reporting it.", "type": "lower_reply"}, {"index": 8, "attribution": 0.03701695986170143, "content_attribution": 0.024990869214076623, "stance_attribution": 0.012026090647624794, "tweet_id": 524969289926053890, "text": "@craignorriscbc I was just going to say. \nVery tense downtown here. uOttawa is having all flaws in lockdown procedure revealed. Not good.", "type": "lower_reply"}, {"index": 9, "attribution": 0.012994934704660295, "content_attribution": 0.0005038145449603724, "stance_attribution": 0.012491120159699925, "tweet_id": 524969550195216384, "text": "@CBCOttawa @CBCNews thoughts and wishes go out to Ottawa this morning. *shocking*", "type": "direct_reply"}, {"index": 7, "attribution": 0.012879943038428467, "content_attribution": 0.0001806580891264787, "stance_attribution": 0.01269928494930199, "tweet_id": 524968469461487616, "text": "@christinasauve @CBCOttawa DND may want to notify family before official announcement. :(((", "type": "lower_reply"}, {"index": 10, "attribution": 0.0045257355673498124, "content_attribution": -0.00043334864038634146, "stance_attribution": 0.004959084207736154, "tweet_id": 524970217769021440, "text": "@CBCOttawa : prayers to the v\u0131ct\u0131ms and the\u0131r fam\u0131l\u0131es. Well w\u0131shes for the\u0131r qu\u0131ck recovery. Pray\u0131ng for dt sold\u0131er and sold\u0131er's fam\u0131ly.", "type": "direct_reply"}, {"index": 4, "attribution": 0.004099168742537453, "content_attribution": 0.00024964355971782615, "stance_attribution": 0.0038495251828196252, "tweet_id": 524969566426763265, "text": "@CBCOttawa @CBCNews Just confirmed that the soldier has died in hospital. Very sad news.", "type": "direct_reply"}, {"index": 17, "attribution": 0.0019824722620730333, "content_attribution": -0.0011009011624251092, "stance_attribution": 0.0030833734244981427, "tweet_id": 524970145052389376, "text": "@CBCOttawa @CBCNews", "type": "direct_reply"}, {"index": 1, "attribution": 0.001583900593711675, "content_attribution": 0.00013129236480566937, "stance_attribution": 0.0014526082289060055, "tweet_id": 524971242944987136, "text": "@CBCOttawa @CBCNews very sad is that the soldier died, hope they will find the culprits", "type": "direct_reply"}, {"index": 13, "attribution": 0.00020205256257939787, "content_attribution": -0.00042817897798292065, "stance_attribution": 0.0006302315405623186, "tweet_id": 524970017721290752, "text": "@CBCOttawa @CBCNews Sky News is reporting soldier has died. http://t.co/YFwlxgPR0N . Such a sad day for everyone.", "type": "direct_reply"}, {"index": 2, "attribution": -0.0009177849993185981, "content_attribution": -0.0005433495832836932, "stance_attribution": -0.0003744354160349047, "tweet_id": 524968713863577600, "text": "@CBCOttawa @CBCNews  Reports are stating that the solider passed away  :(", "type": "direct_reply"}, {"index": 16, "attribution": -0.002333854283569106, "content_attribution": 2.9719743783520235e-05, "stance_attribution": -0.002363574027352626, "tweet_id": 524974360827015168, "text": "@CBCOttawa @saveusrepublic2 my thoughts and prayers to the people of Ottawa so sorry u have to go through this", "type": "direct_reply"}, {"index": 3, "attribution": -0.0035001604897191988, "content_attribution": -0.003319240405945989, "stance_attribution": -0.00018092008377321013, "tweet_id": 524969010526715904, "text": "@christinasauve @CBCOttawa Yeah saw that.  Kenney stated it, not hospital.", "type": "lower_reply"}, {"index": 11, "attribution": -0.01638863290305166, "content_attribution": 0.0019717568615063236, "stance_attribution": -0.01836038976455799, "tweet_id": 524969286834880513, "text": "@mtnbvan @CBCOttawa Good point :)", "type": "lower_reply"}, {"index": 18, "attribution": -0.04077135709389523, "content_attribution": 0.0032539647416479113, "stance_attribution": -0.04402532183554314, "tweet_id": 524969600505884672, "text": "@QueenofSheba1 @CBCOttawa @CBCNews for real? That's so sad. I was hoping he would make it #PrayForOttawa", "type": "lower_reply"}, {"index": 5, "attribution": -0.19048789133907096, "content_attribution": 0.0026052412616164207, "stance_attribution": -0.1930931326006874, "tweet_id": 524968331590520833, "text": "@CBCOttawa @CBCNews reports now soldier has died from injuries", "type": "direct_reply"}, {"index": 14, "attribution": -0.2275029639629068, "content_attribution": 0.05770643948575354, "stance_attribution": -0.28520940344866036, "tweet_id": 524969003031486465, "text": "@irrellenphant Well, now we are.", "type": "lower_reply"}, {"index": 0, "attribution": -0.36658646181856286, "content_attribution": 0.024920916009195195, "stance_attribution": -0.3915073778277581, "tweet_id": 524967620588896256, "text": "Ottawa Hospital has received 3 patients, 2 of whom are in stable condition. Won't give update on soldier, deferring to DND. #cbcOTT #OTTnews", "type": "source"}]}