{"thread_id": "524927356830760961", "gold_label": 0, "predicted_label": 0, "tweet_attributions": [{"index": 0, "attribution": 0.12742048708983963, "content_attribution": -0.02879789111317773, "stance_attribution": 0.15621837820301737, "tweet_id": 524927356830760961, "text": "#BREAKING news: Shots fired at Parliament Hill. Follow developing story: http://t.co/3k0YV9dfLq http://t.co/atLjT75nz0", "type": "source"}, {"index": 1, "attribution": 0.07233375722926844, "content_attribution": -0.01950179656136181, "stance_attribution": 0.09183555379063024, "tweet_id": 524931435786813441, "text": "\u201c@globeandmail: #BREAKING news: Shots fired at Parliament Hill.\u201d Stay away from #ParliamentHill &amp; stay safe #Ottawa", "type": "direct_reply"}, {"index": 2, "attribution": 0.027848002024200607, "content_attribution": -0.017023446710291937, "stance_attribution": 0.044871448734492544, "tweet_id": 524931167045578754, "text": "\u201c@globeandmail: #BREAKING news: Shots fired at Parliament Hill. Follow developing story: http://t.co/K9dVVTcBDb http://t.co/3o0RqSwfWO\u201d", "type": "direct_reply"}, {"index": 3, "attribution": -0.009509325300889765, "content_attribution": 6.154009988807146e-05, "stance_attribution": -0.009570865400777832, "tweet_id": 524952665437249536, "text": "@globeandmail can you spread the word to the rest of your competitors to not give up any info on he positions and on police doings. Plz!!!", "type": "direct_reply"}]}