{"thread_id": "524957647653863424", "gold_label": 0, "predicted_label": 0, "tweet_attributions": [{"index": 0, "attribution": 0.22686300005960017, "content_attribution": 0.1190792403265704, "stance_attribution": 0.10778375973302978, "tweet_id": 524957647653863424, "text": "Harper to make statement today after gunman shot dead in #Parliament. PM safe, not on Parliament Hill, being briefed by security officials.", "type": "source"}, {"index": 5, "attribution": 0.0686433563798429, "content_attribution": 0.004293828394734486, "stance_attribution": 0.0643495279851084, "tweet_id": 524958674876649473, "text": "@CBCAlerts did they know about these guys too?", "type": "direct_reply"}, {"index": 4, "attribution": 0.05631128932465482, "content_attribution": 0.010890137572106807, "stance_attribution": 0.04542115175254802, "tweet_id": 525061487035822082, "text": "Wik kaqua yaqua. Ikta kata ukuk ilahi. \u201cMT @CBCAlerts: Harper to make statement gunman shot dead in #Parliament. \u201d", "type": "direct_reply"}, {"index": 3, "attribution": 0.02967352122077633, "content_attribution": 0.004541985763217465, "stance_attribution": 0.025131535457558862, "tweet_id": 524959177593331712, "text": "@CBCAlerts @NBCNews how sad that NBC is providing more detailed information on this than CBC.", "type": "direct_reply"}, {"index": 2, "attribution": 0.01930218463478206, "content_attribution": 0.007725303928185266, "stance_attribution": 0.01157688070659679, "tweet_id": 524957921533501441, "text": "@CBCAlerts God bless you all.", "type": "direct_reply"}, {"index": 1, "attribution": -0.035418896998931255, "content_attribution": 0.017469030793032584, "stance_attribution": -0.052887927791963836, "tweet_id": 524965196641869824, "text": "@CBCAlerts Some security, pathetic. Should stop spending $B on spying on everyone &amp; start looking at what's under their nose.", "type": "direct_reply"}]}