{"thread_id": "524924034124107776", "gold_label": 0, "predicted_label": 2, "tweet_attributions": [{"index": 5, "attribution": 0.8986809017946035, "content_attribution": 0.01213558448317116, "stance_attribution": 0.8865453173114323, "tweet_id": 524924287233585153, "text": "Horrible. RT @CBCAlerts Three or four shots fired at #Ottawa's War Memorial, Soldier wounded, being treated by several paramedics.", "type": "direct_reply"}, {"index": 7, "attribution": 0.23031954123640394, "content_attribution": 0.06264268690807506, "stance_attribution": 0.1676768543283289, "tweet_id": 524927141495177217, "text": "@MrsLoulou just terrible!", "type": "lower_reply"}, {"index": 3, "attribution": 0.04327834669243835, "content_attribution": 0.0007361658988391861, "stance_attribution": 0.04254218079359916, "tweet_id": 524925527011102720, "text": "@CBCAlerts @dexybailman Let me guess... It was the Canadian Tea Party.", "type": "direct_reply"}, {"index": 4, "attribution": 0.03588792459104361, "content_attribution": -0.000470487218278179, "stance_attribution": 0.03635841180932179, "tweet_id": 524924809004990464, "text": "@CBCAlerts So sad\ud83d\udc94 Do we have video surveillance there? If not, then Canada needs to beef up it's surveillance in public places", "type": "direct_reply"}, {"index": 1, "attribution": 0.015975405722632917, "content_attribution": -0.0021350027059240523, "stance_attribution": 0.01811040842855697, "tweet_id": 524941111706779648, "text": "\u201c@CBCAlerts: Witness says say three or four shots fired at #Ottawa's War Memorial, Soldier wounded, being treated by paramedics.\u201d @SofiitaVN", "type": "direct_reply"}, {"index": 2, "attribution": 0.008051812952743136, "content_attribution": 9.920778998238845e-05, "stance_attribution": 0.007952605162760747, "tweet_id": 524941249120595968, "text": "\u201c@CBCAlerts: Witness says say three or four shots fired at #Ottawa's War Memorial, Soldier wounded, being treated by paramedics @lineman1960", "type": "direct_reply"}, {"index": 6, "attribution": 0.0029825123086341947, "content_attribution": 0.0003235718452885505, "stance_attribution": 0.0026589404633456434, "tweet_id": 524925062563250177, "text": "@CBCAlerts praying for the soldier and his family.", "type": "direct_reply"}, {"index": 8, "attribution": -0.01970483161960302, "content_attribution": -0.0007858792955230739, "stance_attribution": -0.018918952324079946, "tweet_id": 524924456788316160, "text": "@CBCAlerts Glad paramedics on the scene. First aid critical! Hope our soldier is okay.", "type": "direct_reply"}, {"index": 0, "attribution": -0.5638687715802149, "content_attribution": 0.010913438223582504, "stance_attribution": -0.5747822098037976, "tweet_id": 524924034124107776, "text": "Witness says say three or four shots fired at #Ottawa's War Memorial, Soldier wounded, being treated by several paramedics.", "type": "source"}]}