{"thread_id": "524981689781870593", "gold_label": 0, "predicted_label": 0, "tweet_attributions": [{"index": 0, "attribution": 0.5855205957157201, "content_attribution": -0.014124189988244384, "stance_attribution": 0.5996447857039645, "tweet_id": 524981689781870593, "text": "One shooting victim succumbed to injuries. He was a member of the Canadian Forces. Our thoughts and prayers are with him and his loved ones.", "type": "source"}, {"index": 1, "attribution": 0.0388127142209227, "content_attribution": 5.83713608656835e-05, "stance_attribution": 0.03875434286005702, "tweet_id": 524982151906066432, "text": "Just awful. \u201c@OttawaPolice: One shooting victim succumbed to injuries. He was a member of the Canadian Forces.\"", "type": "direct_reply"}, {"index": 2, "attribution": 0.013957193336772686, "content_attribution": 0.00012770010374372982, "stance_attribution": 0.013829493233028956, "tweet_id": 524982595147558913, "text": ". @OttawaPolice just confirmed that a member of the Canadian Forces has \"succumbed to injuries\" #OttawaShooting", "type": "direct_reply"}, {"index": 3, "attribution": 0.008957983810793959, "content_attribution": 0.0013110456497373052, "stance_attribution": 0.007646938161056651, "tweet_id": 524985923147034624, "text": "@OttawaPolice Congrats on your 250\u2605 tweet! http://t.co/O9vSt0wbgx", "type": "direct_reply"}, {"index": 9, "attribution": 0.0070263244605461685, "content_attribution": 0.0005414683553674501, "stance_attribution": 0.006484856105178718, "tweet_id": 524983070076567552, "text": "MT @OttawaPolice: 1 shooting victim succumbed to injuries. He was a member of the C.F. Our thoughts and prayers are w him &amp; his loved ones.", "type": "direct_reply"}, {"index": 6, "attribution": 0.005746806227934352, "content_attribution": 0.0014927626732993424, "stance_attribution": 0.0042540435546350105, "tweet_id": 524982628240588800, "text": "@OttawaPolice confirm one suspect and a victim - a CF member are dead #cdnpoli #ottnews", "type": "direct_reply"}, {"index": 10, "attribution": 0.003389612159802594, "content_attribution": 0.0070710073126816885, "stance_attribution": -0.0036813951528790944, "tweet_id": 524982721563885568, "text": "BREAKING @OttawaPolice confirm one shooting victim succumbed to injuries. He was a member of the Canadian Forces #OttawaShooting #cdnpoli", "type": "direct_reply"}, {"index": 15, "attribution": 0.0017352127047828311, "content_attribution": 0.0018009463576372888, "stance_attribution": -6.573365285445778e-05, "tweet_id": 524983062204276736, "text": "@OttawaPolice Just heartbreaking to read this. My deepest condolences to all &amp; prayers for your safety as suspects are pursued.", "type": "direct_reply"}, {"index": 8, "attribution": 0.0006597613736559299, "content_attribution": 0.000603520897030159, "stance_attribution": 5.624047662577134e-05, "tweet_id": 525481919366959105, "text": "@OttawaPolice Congrats on your 500\u2605 tweet! http://t.co/KIrYbynKWm", "type": "direct_reply"}, {"index": 4, "attribution": 0.0002232664160847868, "content_attribution": 6.246942325514095e-05, "stance_attribution": 0.00016079699282964505, "tweet_id": 524982936710283264, "text": "Sad. Very very sad MT \u201c@OttawaPolice: One shooting victim succumbed to injuries. He was a member of the Canadian Forces.\u201d", "type": "direct_reply"}, {"index": 11, "attribution": -0.0003761499898269307, "content_attribution": 0.001017012678889898, "stance_attribution": -0.0013931626687168287, "tweet_id": 524982927864901632, "text": "\u201c@OttawaPolice: One shooting victim succumbed to injuries. He was a member of the Canadian Forces.\" \ud83d\ude14", "type": "direct_reply"}, {"index": 13, "attribution": -0.0014457838877573181, "content_attribution": -0.0010903214513805607, "stance_attribution": -0.0003554624363767576, "tweet_id": 524982151847358464, "text": "@OttawaPolice @BuzzFeedNews Amen.", "type": "direct_reply"}, {"index": 7, "attribution": -0.004523766656005333, "content_attribution": -0.001974874839043711, "stance_attribution": -0.0025488918169616214, "tweet_id": 524984181659418624, "text": "@OttawaPolice @nytimesworld My condolences", "type": "direct_reply"}, {"index": 14, "attribution": -0.017599515083008718, "content_attribution": -0.0008738417083558785, "stance_attribution": -0.01672567337465284, "tweet_id": 524982034675273728, "text": "BREAKING: @OttawaPolice have now confirmed death of soldier shot at war memorial #Ottawashooting", "type": "direct_reply"}, {"index": 5, "attribution": -0.07436651015413795, "content_attribution": -0.049173702073498464, "stance_attribution": -0.025192808080639457, "tweet_id": 524982931820134400, "text": "@englishoak @OttawaPolice hear hear", "type": "lower_reply"}, {"index": 12, "attribution": -0.7732825755357307, "content_attribution": -0.0076390288657232665, "stance_attribution": -0.7656435466700073, "tweet_id": 524982851398553600, "text": "@OttawaPolice @tomchapman16  Sympathies to family from this family in England xx", "type": "direct_reply"}]}