{"thread_id": "524983050187579393", "gold_label": 1, "predicted_label": 2, "tweet_attributions": [{"index": 6, "attribution": 0.12489142376409572, "content_attribution": 0.012403115453294578, "stance_attribution": 0.11248830831080114, "tweet_id": 525004343087755265, "text": "@DonMartinCTV @JulietONeill  But several witnesses saw two men emerge from parked car without plates", "type": "direct_reply"}, {"index": 7, "attribution": 0.11459552064152909, "content_attribution": 0.08266129800701916, "stance_attribution": 0.031934222634509915, "tweet_id": 525005214508908544, "text": "@RayHeard @DonMartinCTV @JulietONeill wanting to keep 'vigilance' w/o saying some crazed terrorist got away, maybe on a motorbike..", "type": "lower_reply"}, {"index": 9, "attribution": 0.059882864265479605, "content_attribution": -3.6786493695117905e-05, "stance_attribution": 0.05991965075917472, "tweet_id": 524984092480503808, "text": "@DonMartinCTV @DerekMacEwen that is good news, well less horrible news", "type": "direct_reply"}, {"index": 8, "attribution": 0.04902188130348304, "content_attribution": -0.0014157551338454372, "stance_attribution": 0.05043763643732848, "tweet_id": 524983524961824768, "text": "@DonMartinCTV Early this am had indicated BLACK vehicle w man with gun leaving downtown area. This doesn't jibe with Beige/Coffee Toyota???", "type": "direct_reply"}, {"index": 1, "attribution": 0.03273010347080786, "content_attribution": -0.0007535870413054761, "stance_attribution": 0.033483690512113334, "tweet_id": 524985614828339200, "text": "@DonMartinCTV The media is doing the outrageous speculating not the police. Don't point a finger at them for your sensationalism pls.", "type": "direct_reply"}, {"index": 2, "attribution": 0.02868177019731171, "content_attribution": -6.81595348772866e-05, "stance_attribution": 0.028749929732188997, "tweet_id": 524995872413986818, "text": "@DonMartinCTV @NadineBoudreau The reporters upset with lack of answers watch too much US news; this is Canada. We have different rules here.", "type": "direct_reply"}, {"index": 5, "attribution": 0.02695331021278525, "content_attribution": -0.0012468819846096115, "stance_attribution": 0.02820019219739486, "tweet_id": 524984321992826880, "text": "@DonMartinCTV @CTVAtlantic Um, two people left the car.. Still looking for one", "type": "direct_reply"}, {"index": 10, "attribution": 0.021542598745502628, "content_attribution": 0.00020320212983144655, "stance_attribution": 0.02133939661567118, "tweet_id": 525002514018865152, "text": "@DonMartinCTV @trishyorke Trish, our love and prayers are with you and all Canadians.\ud83d\ude4f", "type": "direct_reply"}, {"index": 4, "attribution": 0.014887873504843012, "content_attribution": 0.0029495139821063814, "stance_attribution": 0.01193835952273663, "tweet_id": 524983424365654016, "text": "@DonMartinCTV who was down in parliament then?", "type": "direct_reply"}, {"index": 11, "attribution": -0.0005174276973729124, "content_attribution": 0.000358117062185695, "stance_attribution": -0.0008755447595586081, "tweet_id": 524983519412367360, "text": "\u201c@DonMartinCTV: Ottawa police correct their info. No shooting at Rideau shopping centre. Everything now points to 1 gunman in 2 locations.\u201d", "type": "direct_reply"}, {"index": 3, "attribution": -0.009394405979299062, "content_attribution": 0.0009348341957470847, "stance_attribution": -0.010329240175046148, "tweet_id": 524983314269347840, "text": "@DonMartinCTV \"everything now points\" is an interesting phrase under extant circumstances @jenditchburn @kady @CBCTerry", "type": "direct_reply"}, {"index": 0, "attribution": -0.13384278790196896, "content_attribution": 0.06853645802854327, "stance_attribution": -0.20237924593051224, "tweet_id": 524983050187579393, "text": "Ottawa police correct their info. No shooting at the Rideau shopping centre. Everything now points to one gunman in two locations.", "type": "source"}]}