{"thread_id": "524931019745812480", "gold_label": 0, "predicted_label": 2, "tweet_attributions": [{"index": 1, "attribution": 3.9993407363087394, "content_attribution": 0.054016611559545985, "stance_attribution": 3.9453241247491935, "tweet_id": 525229074265161730, "text": "@KerriBennettW @CTVToronto enemies in our midst...it is very sad! And for what? Hard to understand! A precious life lost senselessly \ud83d\ude22", "type": "lower_reply"}, {"index": 4, "attribution": 2.4974713063824536, "content_attribution": 0.10811852688057719, "stance_attribution": 2.3893527795018765, "tweet_id": 525462653943037952, "text": "@Elisa_Lo_ @CTVToronto Crazy evil. :( Prayers for comfort for all those harmed/hurt, body or soul.", "type": "lower_reply"}, {"index": 3, "attribution": 1.7521430117787082, "content_attribution": 0.015522035250277559, "stance_attribution": 1.7366209765284308, "tweet_id": 525152813857255424, "text": "@CTVToronto @Elisa_Lo_ So sad.", "type": "direct_reply"}, {"index": 2, "attribution": 0.3429123612979515, "content_attribution": 0.045335604667441735, "stance_attribution": 0.29757675663050975, "tweet_id": 525470479143170049, "text": "@KerriBennettW @CTVToronto that is the word....evil... no other explanation for such an act! :(( Prayers...only God can comfort &amp; heal...", "type": "lower_reply"}, {"index": 5, "attribution": -0.0018774664650845476, "content_attribution": -0.000618274194626441, "stance_attribution": -0.0012591922704581057, "tweet_id": 524934711656071168, "text": "@CTVToronto We need to do something about this Canada!!", "type": "direct_reply"}, {"index": 0, "attribution": -0.10634834334309931, "content_attribution": 0.03216641165847787, "stance_attribution": -0.1385147550015772, "tweet_id": 524931019745812480, "text": "DEVELOPING STORY: Soldier shot in #Ottawa at War Memorial. http://t.co/mm5SwzQpyZ http://t.co/U94FCGWlsi", "type": "source"}]}