{"thread_id": "524976526891417600", "gold_label": 0, "predicted_label": 2, "tweet_attributions": [{"index": 19, "attribution": 0.7323670724693482, "content_attribution": 0.019920455364015252, "stance_attribution": 0.7124466171053329, "tweet_id": 524977490846965760, "text": "@cnnbrk Yet no one treat GUNS as epidemic. Why?? What kind of power does these devils hold on you?", "type": "direct_reply"}, {"index": 16, "attribution": 0.21523936595704296, "content_attribution": 0.051022020194470045, "stance_attribution": 0.1642173457625729, "tweet_id": 524979401403162625, "text": "@Ashlybsmith @cnnbrk Guns? Its the people who use them thats the epidemic. Yes guns are bad but people can be worse guns dont shoot selves.", "type": "lower_reply"}, {"index": 11, "attribution": 0.04743350287264854, "content_attribution": 0.027920519013221318, "stance_attribution": 0.019512983859427225, "tweet_id": 524977173338529793, "text": "@cnnbrk so 2 members of parliament saying so makes it so?  Can't wait for official word from hospital/military/government?", "type": "direct_reply"}, {"index": 17, "attribution": 0.039774711545850785, "content_attribution": 0.0004545594723192371, "stance_attribution": 0.03932015207353155, "tweet_id": 524977412724240384, "text": "@cnnbrk Members of Parliament should not be making death announcements. NOT THEIR PLACE.", "type": "direct_reply"}, {"index": 2, "attribution": 0.03280179394153666, "content_attribution": 0.018024551431343933, "stance_attribution": 0.014777242510192717, "tweet_id": 524977667574353921, "text": "@corkskid my thought exactly", "type": "lower_reply"}, {"index": 3, "attribution": 0.016245089269768444, "content_attribution": 0.00010123153391782133, "stance_attribution": 0.016143857735850625, "tweet_id": 524977369866829824, "text": "@cnnbrk @kinsellawarren heard it from the military? has his parents? #StayClassy", "type": "direct_reply"}, {"index": 12, "attribution": 0.01601599996267253, "content_attribution": -0.0005663079945676603, "stance_attribution": 0.01658230795724019, "tweet_id": 524976898846502912, "text": "@cnnbrk So sad,#Myprayers", "type": "direct_reply"}, {"index": 10, "attribution": 0.013508692280195364, "content_attribution": -0.001575923232313352, "stance_attribution": 0.015084615512508715, "tweet_id": 524977602801328130, "text": "@cnnbrk How would they know if they are on lock down? I would stick  to hearing what either the police or military say", "type": "direct_reply"}, {"index": 7, "attribution": 0.008957378845489194, "content_attribution": -0.0003767765973671657, "stance_attribution": 0.00933415544285636, "tweet_id": 524977582006370304, "text": "@cnnbrk Disgusting attack that confirm the West is under attack from vile terrorists", "type": "direct_reply"}, {"index": 4, "attribution": 0.007503742917929852, "content_attribution": -0.00024052521895178103, "stance_attribution": 0.007744268136881632, "tweet_id": 524977270910623744, "text": "@cnnbrk \u0644\u064a\u0634 \u0641\u0627\u064a\u0632 \u0627\u0644\u0645\u0627\u0644\u0643\u064a \u0645\u062a\u0627\u0628\u0639 \u0630\u0627 \u0627\u0644\u062d\u0633\u0627\u0628 \u061f @Question_arab", "type": "direct_reply"}, {"index": 13, "attribution": 0.007448946689260033, "content_attribution": -1.4038510119455808e-05, "stance_attribution": 0.007462985199379489, "tweet_id": 524977263998431232, "text": "@cnnbrk \u0627\u0642\u0648\u0644\u0643 \u062e\u0644\u064a \u0639\u0646\u0643 \u0628\u0633 \u0648\u0634\u0648\u0641 \u0648\u0644\u064a\u062f \u0627\u0644\u0641\u0631\u0627\u062c \u0648\u0634 \u0645\u0633\u0648\u064a @Question_arab", "type": "direct_reply"}, {"index": 15, "attribution": 0.0066839627836352755, "content_attribution": -0.0002524859535138106, "stance_attribution": 0.006936448737149087, "tweet_id": 524977281786454016, "text": "@cnnbrk \u0647\u0647\u0647\u0647\u0647\u0647\u0647\u0647 \u0644\u064a\u0634 \u0627\u0644\u0648\u0644\u064a\u062f \u0628\u0646 \u0637\u0644\u0627\u0644 \u0645\u062a\u0627\u0628\u0639 \u0630\u0627 \u0627\u0644\u062d\u0633\u0627\u0628 \u061f @Question_arab", "type": "direct_reply"}, {"index": 1, "attribution": 0.0062001335613707746, "content_attribution": 0.00047725115221751896, "stance_attribution": 0.005722882409153257, "tweet_id": 524977273150394368, "text": "@cnnbrk \u062d\u0633\u0627\u0628 \u0641\u0627\u064a\u0632 \u0627\u0644\u0645\u0627\u0644\u0643\u064a \u0627\u0644\u062b\u0627\u0646\u064a \u0627\u0644\u062d\u0642\u0648\u0648\u0648 - @Question_arab", "type": "direct_reply"}, {"index": 6, "attribution": 0.005583030579913157, "content_attribution": -0.0006108365323469446, "stance_attribution": 0.006193867112260103, "tweet_id": 524977264719826944, "text": "@cnnbrk May His Soul Rest In Peace", "type": "direct_reply"}, {"index": 8, "attribution": 0.004135845995498102, "content_attribution": -0.0002547439194117388, "stance_attribution": 0.004390589914909841, "tweet_id": 524976972557189120, "text": "@cnnbrk praying that no more innocent people will die out of this. Thanks for the update", "type": "direct_reply"}, {"index": 18, "attribution": 0.003028131203696587, "content_attribution": 0.0008158074301752808, "stance_attribution": 0.0022123237735213056, "tweet_id": 524977277516652544, "text": "@cnnbrk \u0647\u0647\u0647\u0647\u0647\u0647 \u0648\u0631\u0628\u064a \u062d\u0633\u0627\u0628 \u0639\u062c\u064a\u0628 \u0634\u0648\u0641\u0648\u0622 \u0628\u0627\u0644\u0644\u0647 - @Question_arab", "type": "direct_reply"}, {"index": 14, "attribution": 0.002112505365135353, "content_attribution": 0.0010970139738881574, "stance_attribution": 0.0010154913912471955, "tweet_id": 524977138915889153, "text": "@cnnbrk RIP.", "type": "direct_reply"}, {"index": 20, "attribution": 0.00183307988053941, "content_attribution": 5.88607119619766e-05, "stance_attribution": 0.0017742191685774338, "tweet_id": 524977283938127872, "text": "@cnnbrk \u0645\u0648\u0633\u0648\u0639\u0647 \u0627\u0633\u0626\u0644\u0629 \u0639\u062c\u064a\u0628\u0629 \u0647\u0646\u0627 - @Question_arab", "type": "direct_reply"}, {"index": 5, "attribution": 0.0003378271460990254, "content_attribution": -0.0006100836305353584, "stance_attribution": 0.0009479107766343838, "tweet_id": 524977307543289856, "text": "@cnnbrk :( R.I.P.", "type": "direct_reply"}, {"index": 9, "attribution": 1.5109595608300656e-05, "content_attribution": -0.0029592456639966156, "stance_attribution": 0.0029743552596049154, "tweet_id": 524977618341597184, "text": "@cnnbrk my hometown RIP", "type": "direct_reply"}, {"index": 0, "attribution": -0.7763590346291871, "content_attribution": 0.07546952989392357, "stance_attribution": -0.8518285645231107, "tweet_id": 524976526891417600, "text": "The Canadian soldier shot at the War Memorial in Ottawa has died, according to two members of Parliament. Live blog: http://t.co/q98AMohu7T", "type": "source"}]}