{"thread_id": "524957429889777665", "gold_label": 0, "predicted_label": 2, "tweet_attributions": [{"index": 8, "attribution": 3.1744102731937143, "content_attribution": 0.035819904165410095, "stance_attribution": 3.1385903690283046, "tweet_id": 524961756150767616, "text": "@3CRKate @SkyNews Naughty God.", "type": "lower_reply"}, {"index": 4, "attribution": 2.424346325183077, "content_attribution": 0.080043774672451, "stance_attribution": 2.3443025505106254, "tweet_id": 524961888317489153, "text": "@balconyshirts @SkyNews ...time for some intervention.", "type": "lower_reply"}, {"index": 2, "attribution": 1.1379525174848246, "content_attribution": 0.020698315708874513, "stance_attribution": 1.1172542017759504, "tweet_id": 524961619827515392, "text": "MT\"@SkyNews: Ottawa shootings reportedly at three locations. http://t.co/jppFwoCQ59 http://t.co/P8uZ1nnibS\u201d Good God.", "type": "direct_reply"}, {"index": 9, "attribution": 0.4247253572030124, "content_attribution": 0.07498786238780451, "stance_attribution": 0.34973749481520783, "tweet_id": 524962264156504064, "text": "@3CRKate @SkyNews I'm washing my hair tonight mate.", "type": "lower_reply"}, {"index": 0, "attribution": 0.02958612864465842, "content_attribution": 0.04569606713346028, "stance_attribution": -0.016109938488801878, "tweet_id": 524957429889777665, "text": "Ottawa shootings reportedly at three locations - parliament, war memorial and shopping mall. http://t.co/fULkb6VpEv http://t.co/mL9Ivehy6Q", "type": "source"}, {"index": 6, "attribution": 0.021063981036981982, "content_attribution": -0.0004401746126527233, "stance_attribution": 0.021504155649634708, "tweet_id": 524961353794977792, "text": "@SkyNews when the news video starts looping u know it over", "type": "direct_reply"}, {"index": 12, "attribution": 0.004257133855016566, "content_attribution": -0.000909048363266243, "stance_attribution": 0.0051661822182828086, "tweet_id": 524964600387997696, "text": "@SkyNews @KorstenA @Nicolesandler We all look to Ottawa!", "type": "direct_reply"}, {"index": 1, "attribution": 0.0041110809882873795, "content_attribution": 7.210545562619938e-05, "stance_attribution": 0.004038975532661181, "tweet_id": 524958526582824961, "text": "@SkyNews who's behind? Terrorist act? plse help if you know. Thanks #ottawashooting", "type": "direct_reply"}, {"index": 5, "attribution": 0.0017477450352560999, "content_attribution": 0.0011161010302400548, "stance_attribution": 0.0006316440050160447, "tweet_id": 525199277165772801, "text": "@SkyNews @Nisha_Hindu I Is Canada paying4 its appeasement of Islamists,&amp; being extra nice2 them? Sad ! Innocents &amp; security ppl paying4 it !", "type": "direct_reply"}, {"index": 3, "attribution": 0.0009770840389697324, "content_attribution": 0.0025764186182510663, "stance_attribution": -0.0015993345792813334, "tweet_id": 524977291311710208, "text": "@3CRKate a little to close to home isn't it.", "type": "lower_reply"}, {"index": 13, "attribution": 0.00024823741859073066, "content_attribution": -0.00010177359549057215, "stance_attribution": 0.00035001101408130286, "tweet_id": 524959254663692289, "text": ".@SkyNews @ostercywriter shame @SkyNews ignores what happens outside our own parliament  #OccupyDemocracy #parliamentsquare", "type": "direct_reply"}, {"index": 11, "attribution": -0.0011214327257696645, "content_attribution": -0.0005159207058737189, "stance_attribution": -0.0006055120198959459, "tweet_id": 524965374803324929, "text": "\u201c@SkyNews: Ottawa shootings reportedly at three locations - parliament, war memorial and shopping mall.", "type": "direct_reply"}, {"index": 10, "attribution": -0.0013556528712295585, "content_attribution": -0.0010607029175510266, "stance_attribution": -0.00029494995367853184, "tweet_id": 524957943922720768, "text": "@SkyNews Cue the bombardment now.", "type": "direct_reply"}, {"index": 14, "attribution": -0.004525259125711116, "content_attribution": 0.0007380822553401551, "stance_attribution": -0.00526334138105127, "tweet_id": 524977373251665920, "text": "@3CRKate ^^too!", "type": "lower_reply"}, {"index": 7, "attribution": -0.007860536492535361, "content_attribution": -0.0008672542954053393, "stance_attribution": -0.006993282197130024, "tweet_id": 524966222631149568, "text": "@SkyNews haha very nice..you westerners should get nice doses before you learn about real enemy of humanity.stop being sickular", "type": "direct_reply"}]}