{"thread_id": "524955304199352320", "gold_label": 1, "predicted_label": 2, "tweet_attributions": [{"index": 0, "attribution": 0.17044131468682186, "content_attribution": -0.04815509671794462, "stance_attribution": 0.2185964114047665, "tweet_id": 524955304199352320, "text": "Police confirming a 3rd shooting at Rideau Center here in Ottawa, a popular shopping mall downtown - very tense in city #OttawaStrong", "type": "source"}, {"index": 2, "attribution": 0.17007102099177962, "content_attribution": -0.008488577694935703, "stance_attribution": 0.1785595986867153, "tweet_id": 524966356459212800, "text": "@GongshowGear great message boys #ottawastrong", "type": "direct_reply"}, {"index": 1, "attribution": -0.06277576039504668, "content_attribution": -0.03564778116677746, "stance_attribution": -0.027127979228269206, "tweet_id": 525010151355740162, "text": "@GongshowGear @WTF_Eh really?", "type": "direct_reply"}]}