{"thread_id": "524937594090844160", "gold_label": 2, "predicted_label": 2, "tweet_attributions": [{"index": 4, "attribution": 0.7580081310756644, "content_attribution": 0.023351736866326158, "stance_attribution": 0.7346563942093383, "tweet_id": 524940021733003265, "text": "@Reuters @michellemalkin  so is this next domino? Australia, England, gun control, confiscation. Let's hope cool heads in Ottawa prevail.", "type": "direct_reply"}, {"index": 7, "attribution": 0.2138166478346231, "content_attribution": 0.04368913740198794, "stance_attribution": 0.17012751043263516, "tweet_id": 524940523363368961, "text": "@Reuters @michellemalkin  Bloomberg &amp; Obama will not waste time to push that agenda and if Canada falls in line they'll make hay to that end", "type": "lower_reply"}, {"index": 17, "attribution": 0.03707554170000976, "content_attribution": -3.465960975952961e-05, "stance_attribution": 0.037110201309769296, "tweet_id": 524938817816788992, "text": "\"@Reuters: More shots being fired near parliament in Ottawa, suspect still at large: TV\u201d", "type": "direct_reply"}, {"index": 5, "attribution": 0.03300016790048321, "content_attribution": -0.0006443705591875447, "stance_attribution": 0.03364453845967075, "tweet_id": 524937704992419840, "text": "@Reuters Clique, acesse e leia em http://t.co/DPeyQj53zz Muito obrigadoo.", "type": "direct_reply"}, {"index": 14, "attribution": 0.025362701893959845, "content_attribution": 0.0008818499961613746, "stance_attribution": 0.024480851897798465, "tweet_id": 524939482647523328, "text": "@Reuters the bastard is gone! Dead! Cold and ready to be burned and buried in unknown site :-)", "type": "direct_reply"}, {"index": 1, "attribution": 0.02350981900589972, "content_attribution": -0.007884097999612184, "stance_attribution": 0.03139391700551191, "tweet_id": 524938672475754496, "text": "@Reuters @michellemalkin Hunting season?", "type": "direct_reply"}, {"index": 11, "attribution": 0.018694064464533644, "content_attribution": -0.0017947832501251826, "stance_attribution": 0.020488847714658823, "tweet_id": 524937865537798145, "text": "@Reuters  Big Trouble in Canuckistan, how's that #diversity &amp; #immigration working out for you? #Canada", "type": "direct_reply"}, {"index": 15, "attribution": 0.0082847859540182, "content_attribution": 0.00085009114572976, "stance_attribution": 0.007434694808288442, "tweet_id": 524951650109497344, "text": "@Reuters", "type": "direct_reply"}, {"index": 10, "attribution": 0.007441450966337689, "content_attribution": 0.0005704199484867472, "stance_attribution": 0.006871031017850943, "tweet_id": 524937833375887360, "text": "@Reuters suspect has now be killed. Unconfirmed", "type": "direct_reply"}, {"index": 8, "attribution": 0.0021215647114207403, "content_attribution": 0.00022098117400219338, "stance_attribution": 0.0019005835374185467, "tweet_id": 524937952930308096, "text": "OMFG RT @Reuters: More shots being fired near parliament in Ottawa, suspect still at large: TV", "type": "direct_reply"}, {"index": 9, "attribution": 0.001078078073847897, "content_attribution": -0.0006392040366683999, "stance_attribution": 0.0017172821105162972, "tweet_id": 524938306271068160, "text": "@reuters a once peaceful city! #Ottawa", "type": "direct_reply"}, {"index": 6, "attribution": 0.00086728846203527, "content_attribution": 0.00019511000889022273, "stance_attribution": 0.0006721784531450471, "tweet_id": 524937703381811201, "text": "\u201c@Reuters: More shots being fired near parliament in Ottawa, suspect still at large: TV\u201d", "type": "direct_reply"}, {"index": 12, "attribution": 0.0005572228214222848, "content_attribution": 0.00025892579711097533, "stance_attribution": 0.0002982970243113095, "tweet_id": 524937986421436416, "text": "\u201c@Reuters: More shots being fired near parliament in Ottawa, suspect still at large: TV", "type": "direct_reply"}, {"index": 3, "attribution": -0.0016929901595713513, "content_attribution": 1.7805680369998808e-05, "stance_attribution": -0.0017107958399413508, "tweet_id": 524938738082660352, "text": "@Reuters he is already dead", "type": "direct_reply"}, {"index": 16, "attribution": -0.00198976454098097, "content_attribution": 4.97482185291398e-05, "stance_attribution": -0.00203951275951011, "tweet_id": 524942377417707520, "text": "\u201c@Reuters: More shots being fired near parliament in Ottawa, suspect still at large: TV\u201d stay safe", "type": "direct_reply"}, {"index": 13, "attribution": -0.00250209475744887, "content_attribution": 0.00045818440392388614, "stance_attribution": -0.0029602791613727556, "tweet_id": 524963253387272192, "text": "@Reuters @michellemalkin If it were america \" they \" would be down playing it.", "type": "direct_reply"}, {"index": 2, "attribution": -0.005508863070127837, "content_attribution": -0.0004890357907455527, "stance_attribution": -0.005019827279382286, "tweet_id": 524937778250125313, "text": "@Reuters \u0641\u0627\u064a\u0632 \u0627\u0644\u0645\u0627\u0644\u0643\u064a: \u0631\u062c\u0644 \u0627\u0644\u0627\u0645\u0647 - \u0648\u064a\u0646\u0635\u062d \u0628\u0645\u062a\u0627\u0628\u0639\u0647 \u0630\u0627 \u0627\u0644\u062d\u0633\u0627\u0628 @Question_arab", "type": "direct_reply"}, {"index": 0, "attribution": -0.4882819560674906, "content_attribution": 0.07298482865098821, "stance_attribution": -0.5612667847184788, "tweet_id": 524937594090844160, "text": "More shots being fired near parliament in Ottawa, suspect still at large: TV", "type": "source"}]}