{"thread_id": "524927288077746176", "gold_label": 0, "predicted_label": 2, "tweet_attributions": [{"index": 14, "attribution": 3.7728391195143653, "content_attribution": 0.00516344491136626, "stance_attribution": 3.767675674602999, "tweet_id": 524934395938230272, "text": "@KraftyWurker @CTVNews @OfficeofSteve @WatchCTVNews Do you know how much of an idiot you are? No, I guess being an American you don't.", "type": "lower_reply"}, {"index": 9, "attribution": 2.133425577278107, "content_attribution": 0.017420354325922437, "stance_attribution": 2.1160052229521846, "tweet_id": 524934749014736896, "text": "@jasoncole123 @CTVNews  @WatchCTVNews Trouble in Canuckistan, how's that #diversity working out for you? #Canada", "type": "lower_reply"}, {"index": 8, "attribution": 1.7472065772466943, "content_attribution": 0.012054705209143514, "stance_attribution": 1.7351518720375507, "tweet_id": 524933925609938944, "text": "@CTVNews @OfficeofSteve @WatchCTVNews  Trouble in Canuckistan, how's that #diversity working out for you? #Canada", "type": "direct_reply"}, {"index": 3, "attribution": 0.6915239199026222, "content_attribution": 0.04813621718241822, "stance_attribution": 0.643387702720204, "tweet_id": 524959435878576129, "text": "When you harm yourself by taking in #immigration #diversity, it's your own damn fault. @Zinner2dot1 #Canuckistan", "type": "lower_reply"}, {"index": 19, "attribution": 0.2882997105847804, "content_attribution": 0.02472972880002785, "stance_attribution": 0.26356998178475255, "tweet_id": 524936207168716802, "text": "@KraftyWurker @CTVNews @WatchCTVNews At least when I leave my country I don't have to pretend I'm from somewhere else.", "type": "lower_reply"}, {"index": 17, "attribution": 0.1429402333260213, "content_attribution": 0.09350039337421151, "stance_attribution": 0.04943983995180977, "tweet_id": 524959679433412610, "text": "@KraftyWurker *refer to previous tweet*", "type": "lower_reply"}, {"index": 15, "attribution": 0.07662396074216563, "content_attribution": 0.005895457522450714, "stance_attribution": 0.07072850321971491, "tweet_id": 524958295639863296, "text": "@KraftyWurker wow fuck you, you American piece of shit", "type": "lower_reply"}, {"index": 7, "attribution": 0.06171779431594897, "content_attribution": 0.049794832231743906, "stance_attribution": 0.011922962084205062, "tweet_id": 524959934585532416, "text": "@Zinner2dot1 When you harm yourself by taking in #immigration #diversity, it's your own damn fault. #Canuckistan", "type": "lower_reply"}, {"index": 11, "attribution": 0.004766071159986175, "content_attribution": 0.0005582099498877406, "stance_attribution": 0.004207861210098434, "tweet_id": 524929244628267008, "text": "Soldiers in our prayers @CTVNews @CTVNewsHeather @WatchCTVNews", "type": "direct_reply"}, {"index": 13, "attribution": 0.00454062235424289, "content_attribution": -0.000495738388845815, "stance_attribution": 0.005036360743088705, "tweet_id": 524933057544212481, "text": "@CTVNews @WatchCTVNews get them RCMP and army.", "type": "direct_reply"}, {"index": 12, "attribution": 0.004506047833136884, "content_attribution": -0.00010202956276921936, "stance_attribution": 0.0046080773959061025, "tweet_id": 524931869159079936, "text": "@CTVNews @WatchCTVNews", "type": "direct_reply"}, {"index": 4, "attribution": 0.001282500406921872, "content_attribution": 0.00031575082366046633, "stance_attribution": 0.0009667495832614058, "tweet_id": 524946791339286528, "text": "@CTVNews @WatchCTVNews I am Canadian and these attacks on our soil are bullshit. My prayers to the soldier.", "type": "direct_reply"}, {"index": 2, "attribution": 0.0006750638179496021, "content_attribution": -6.631291773112068e-05, "stance_attribution": 0.0007413767356807227, "tweet_id": 524929735542185985, "text": "@CTVNews @WatchCTVNews My prayers go out to the soldier and his familly", "type": "direct_reply"}, {"index": 6, "attribution": -0.00022930957051541122, "content_attribution": 0.0021593478391228756, "stance_attribution": -0.0023886574096382866, "tweet_id": 524935023427067904, "text": "@KraftyWurker @CTVNews @OfficeofSteve @WatchCTVNews http://t.co/QUxiLNNnV0", "type": "lower_reply"}, {"index": 20, "attribution": -0.00023974205971142833, "content_attribution": 0.0005517914000718196, "stance_attribution": -0.0007915334597832481, "tweet_id": 524932669692706816, "text": "@CTVNews @TSNBobMcKenzie @WatchCTVNews Please tell me the Police took care of him/her with an empty magazine in return fire!!!", "type": "direct_reply"}, {"index": 16, "attribution": -0.00036782369737921566, "content_attribution": -0.00023465799041631693, "stance_attribution": -0.00013316570696289868, "tweet_id": 524934129587326977, "text": "@CTVNews @TSNBobMcKenzie @WatchCTVNews", "type": "direct_reply"}, {"index": 18, "attribution": -0.0004000959406543998, "content_attribution": -0.000286958136185383, "stance_attribution": -0.00011313780446901687, "tweet_id": 524955934310035456, "text": "@CTVNews @WatchCTVNews so...implications: more security? I just hope it doesn't make us Canadians less trusting, kind, or more narrow minded", "type": "direct_reply"}, {"index": 10, "attribution": -0.00046513922521244645, "content_attribution": -0.00017268855208037, "stance_attribution": -0.00029245067313207653, "tweet_id": 524933342656200704, "text": "@CTVNews @TSNBobMcKenzie @WatchCTVNews", "type": "direct_reply"}, {"index": 5, "attribution": -0.001376053189536749, "content_attribution": 8.077710775336998e-05, "stance_attribution": -0.0014568302972901193, "tweet_id": 524932752358260737, "text": "@CTVNews @WatchCTVNews @cnnbrk @wolfblitzer @andersoncooper @donlemon @CNNAshleigh @CarolCNN", "type": "direct_reply"}, {"index": 1, "attribution": -0.02535911405061579, "content_attribution": -0.0013643498507837696, "stance_attribution": -0.02399476419983202, "tweet_id": 524946523424325632, "text": "@CTVNews @WatchCTVNews shooting done?", "type": "direct_reply"}, {"index": 0, "attribution": -0.03944622319424326, "content_attribution": 0.07436053717156949, "stance_attribution": -0.11380676036581275, "tweet_id": 524927288077746176, "text": "RT @WatchCTVNews: LIVE NOW: Cops swarm Parliament Hill following reports of a shooting http://t.co/ekj0wMrYdV http://t.co/55Iz2M0542", "type": "source"}]}