{"thread_id": "524967376719466496", "gold_label": 0, "predicted_label": 0, "tweet_attributions": [{"index": 0, "attribution": 0.10705773663776048, "content_attribution": -0.04627039492140207, "stance_attribution": 0.15332813155916256, "tweet_id": 524967376719466496, "text": "Canada's Minister of Employment Jason Kenney says the soldier shot in Ottawa has died - @TorontoStar http://t.co/YXHpFMqGic", "type": "source"}, {"index": 10, "attribution": 0.03305099448079129, "content_attribution": 0.0027513186080231873, "stance_attribution": 0.030299675872768096, "tweet_id": 524968270516854784, "text": "@BreakingNews @TorontoStar prayers!", "type": "direct_reply"}, {"index": 3, "attribution": 0.026436149932178507, "content_attribution": -0.002395452154485704, "stance_attribution": 0.028831602086664205, "tweet_id": 524968548847063040, "text": "Damn RT @BreakingNews: Canada's Minister of Employment Jason Kenney says the soldier shot in Ottawa has died - @TorontoStar", "type": "direct_reply"}, {"index": 16, "attribution": 0.013149750076407656, "content_attribution": -0.0007237724250772597, "stance_attribution": 0.013873522501484915, "tweet_id": 524968059229188096, "text": "@BreakingNews @TorontoStar The minister of employment? So... Bullish? Seriously why is it this guy who says this...", "type": "direct_reply"}, {"index": 18, "attribution": 0.009728655977532724, "content_attribution": -0.00041012790835704544, "stance_attribution": 0.010138783885889771, "tweet_id": 524967641325502464, "text": "\u201c@BreakingNews: Canada's Minister of Employment Jason Kenney says the soldier shot in Ottawa has died - @TorontoStar http://t.co/a1LexzUbnV\u201d", "type": "direct_reply"}, {"index": 13, "attribution": 0.0074257116772411605, "content_attribution": -0.00033748493729900456, "stance_attribution": 0.007763196614540163, "tweet_id": 524967666562633728, "text": "\u201c@BreakingNews: Canada's Minister of Employment Jason Kenney says the soldier shot in Ottawa has died - @TorontoStar http://t.co/Cr9zFPAB8i\u201d", "type": "direct_reply"}, {"index": 15, "attribution": 0.006388364208678528, "content_attribution": -0.00019847726446523223, "stance_attribution": 0.006586841473143759, "tweet_id": 524967609062948865, "text": "\u201c@BreakingNews: Canada's Minister of Employment Jason Kenney says the soldier shot in Ottawa has died - @TorontoStar http://t.co/MkglOvK14D\u201d", "type": "direct_reply"}, {"index": 11, "attribution": 0.0057524157291836, "content_attribution": 0.0003740359422715334, "stance_attribution": 0.005378379786912068, "tweet_id": 524967708694028288, "text": "@BreakingNews. Oh nooooo oh my God", "type": "direct_reply"}, {"index": 7, "attribution": 0.005595790522301703, "content_attribution": 0.006706928446932838, "stance_attribution": -0.0011111379246311335, "tweet_id": 524967580067721216, "text": "@BreakingNews @TorontoStar Can someone please confirm and not go by Kenney who may or may not no.", "type": "direct_reply"}, {"index": 4, "attribution": 0.001562609358629398, "content_attribution": 0.0008829061180912758, "stance_attribution": 0.0006797032405381229, "tweet_id": 524967463709319170, "text": "@BreakingNews @TorontoStar oh no....", "type": "direct_reply"}, {"index": 12, "attribution": 0.001127988979275369, "content_attribution": -0.00017548054550014204, "stance_attribution": 0.0013034695247755115, "tweet_id": 524968402272940032, "text": "@BreakingNews  @CBCAlerts", "type": "direct_reply"}, {"index": 17, "attribution": 0.0010138724012322092, "content_attribution": 0.0014384862268366412, "stance_attribution": -0.00042461382560443194, "tweet_id": 524968061179539457, "text": "@BreakingNews rest in peace", "type": "direct_reply"}, {"index": 6, "attribution": 0.0009646584922723524, "content_attribution": -5.3836525281423424e-05, "stance_attribution": 0.001018495017553776, "tweet_id": 524967745549398016, "text": "@BreakingNews @TorontoStar", "type": "direct_reply"}, {"index": 5, "attribution": -0.002464855880534938, "content_attribution": -0.0007339003704397106, "stance_attribution": -0.0017309555100952266, "tweet_id": 524967642592215040, "text": "@BreakingNews @TorontoStar no", "type": "direct_reply"}, {"index": 2, "attribution": -0.007788754412031814, "content_attribution": -0.0021391259813155435, "stance_attribution": -0.0056496284307162685, "tweet_id": 524968016690569216, "text": "@BreakingNews @TorontoStar he was talking about the soldier that passed on Monday in Quebec", "type": "direct_reply"}, {"index": 9, "attribution": -0.013811416832163602, "content_attribution": -0.014047407506308514, "stance_attribution": 0.0002359906741449115, "tweet_id": 524967820715892737, "text": "@BreakingNews @TorontoStar He died in his country if not for his country.", "type": "direct_reply"}, {"index": 8, "attribution": -0.02063700804413386, "content_attribution": 0.0010369342540196373, "stance_attribution": -0.0216739422981535, "tweet_id": 524967977188614144, "text": "@BreakingNews @TorontoStar heard he is fine. Soooo which one is it?", "type": "direct_reply"}, {"index": 14, "attribution": -0.02990314692218953, "content_attribution": -0.0001754385103029261, "stance_attribution": -0.029727708411886607, "tweet_id": 524967933072928768, "text": "@BreakingNews @TorontoStar this has been retracted by many news outlets. Please confirm and correct.", "type": "direct_reply"}, {"index": 1, "attribution": -0.042711304025239545, "content_attribution": 0.0010381961123808207, "stance_attribution": -0.04374950013762037, "tweet_id": 524967588452126720, "text": "@BreakingNews @TorontoStar confirm it first", "type": "direct_reply"}]}