{"thread_id": "524987107081977856", "gold_label": 0, "predicted_label": 2, "tweet_attributions": [{"index": 12, "attribution": 4.2253524019132165, "content_attribution": 0.03735122305175132, "stance_attribution": 4.188001178861464, "tweet_id": 524988644772564995, "text": "@MastaOfMp3s @BBCWorld not a lot of people know Canada was involved in the wars in the middle east. #Ottawa #OttawaShooting #PrayForOttawa", "type": "lower_reply"}, {"index": 5, "attribution": 2.6521977230015668, "content_attribution": 0.05902098243785608, "stance_attribution": 2.5931767405637105, "tweet_id": 524988915129004032, "text": "@TwistAnonymous yea the us gov drags them into alot lol i just find the reaction to shootings different then in the us", "type": "lower_reply"}, {"index": 9, "attribution": 1.7614802918509698, "content_attribution": 0.03248486137634153, "stance_attribution": 1.7289954304746282, "tweet_id": 524987913495674882, "text": "@BBCWorld @TwistAnonymous canada dont play", "type": "direct_reply"}, {"index": 1, "attribution": 0.028010934855245508, "content_attribution": -0.0001762401535772775, "stance_attribution": 0.028187175008822785, "tweet_id": 525121794773372928, "text": "@BBCWorld #OttawaShooting #ATerroristIsATerrorist  #StephenHarper no liberal #WorkplaceViolence excuses http://t.co/0ajGZMXlvR", "type": "direct_reply"}, {"index": 14, "attribution": 0.017250207463017215, "content_attribution": -0.0001895812418298291, "stance_attribution": 0.017439788704847047, "tweet_id": 524989622884249600, "text": "@BBCWorld", "type": "direct_reply"}, {"index": 10, "attribution": 0.004142269415962354, "content_attribution": -0.0021501964184462152, "stance_attribution": 0.006292465834408569, "tweet_id": 525012779418148865, "text": "@BBCWorld HI THERE. IT'S SUZIQ. REMEMBER 6MOS AGO,SUZIQ PREDICTED ISIS WAS ALREADY HERE!ANOTHER TRUE FOR SUZIQ, AGAIN! GODBLESSAMERICA SUZIQ", "type": "direct_reply"}, {"index": 8, "attribution": 0.003950882128232843, "content_attribution": -0.003262593074334226, "stance_attribution": 0.007213475202567068, "tweet_id": 524987368676532224, "text": "@BBCWorld Lies and propaganda are traditionally the tools of theocracy, fascism, and totalitarianism. #ISIS CANCER #US #SYRIA #IRAQ #KOBANI", "type": "direct_reply"}, {"index": 4, "attribution": 0.0024212911890125572, "content_attribution": -0.0012416565894070547, "stance_attribution": 0.0036629477784196115, "tweet_id": 525011093748711424, "text": "@BBCWorld Moslems attack our Sacred Place, Our War Memorial\n#OttawaShooting #CanadaStrong Time to Nuke Mecca and Madina\nX-terimanate Moslems", "type": "direct_reply"}, {"index": 11, "attribution": 0.00030554103718547583, "content_attribution": 0.000281347220623558, "stance_attribution": 2.4193816561917855e-05, "tweet_id": 524988164566315011, "text": "@BBCWorld Republic of Korea, Seoul citizens 122 minutes massacred. Please help. http://t.co/wpZZQetYi3", "type": "direct_reply"}, {"index": 3, "attribution": 0.00016894332234571025, "content_attribution": -0.0006655535974027197, "stance_attribution": 0.0008344969197484299, "tweet_id": 524988241788018688, "text": "@BBCWorld our scary world \ud83d\ude29", "type": "direct_reply"}, {"index": 7, "attribution": -0.0013057029368661649, "content_attribution": -0.0014635032715945673, "stance_attribution": 0.00015780033472840237, "tweet_id": 524987543650308097, "text": "@BBCWorld BBC calls it a \"shooting\" until they know it was brown people, then it will be a \"terrorist attack\"! #OttawaShooting", "type": "direct_reply"}, {"index": 13, "attribution": -0.004139296238758766, "content_attribution": 0.001070439654794297, "stance_attribution": -0.005209735893553063, "tweet_id": 524988533321519106, "text": "@BBCWorld Stayed in Ottawa 3 years ago lovely city terrible to see what is happening", "type": "direct_reply"}, {"index": 6, "attribution": -0.016403541666382984, "content_attribution": -0.0032368768946171057, "stance_attribution": -0.013166664771765878, "tweet_id": 525015421431603200, "text": "@BBCWorld I saw a big gun to, maybe was the guy dick, fuckkk the world is coming to a and?", "type": "direct_reply"}, {"index": 2, "attribution": -0.04223136460526439, "content_attribution": 0.07148975501733995, "stance_attribution": -0.11372111962260434, "tweet_id": 524989643578937344, "text": "@MastaOfMp3s it's sad, not just in Canada, but in the US, mass shootings will initially be seen and linked to terrorism at first glance.", "type": "lower_reply"}, {"index": 0, "attribution": -0.09995933142189886, "content_attribution": 0.036223007333918936, "stance_attribution": -0.1361823387558178, "tweet_id": 524987107081977856, "text": "\"I saw a long gun, I heard one shot\" - eye witness to #OttawaShooting at Canadian Parliament http://t.co/509yRD4iCn http://t.co/YmMtvZDLom", "type": "source"}]}