{"thread_id": "524947744809418752", "gold_label": 2, "predicted_label": 0, "tweet_attributions": [{"index": 0, "attribution": 0.17213726314517472, "content_attribution": -0.03131969596470428, "stance_attribution": 0.203456959109879, "tweet_id": 524947744809418752, "text": "#RIGHTNOW all bridges from #Ottawa #Gatineau are NOW CLOSED! Active search still underway (11:37est) #ParliamentHill http://t.co/FMpAcCAI2b", "type": "source"}, {"index": 3, "attribution": 0.12025803296261268, "content_attribution": -0.006851928782766838, "stance_attribution": 0.12710996174537953, "tweet_id": 524948328728248321, "text": "@1310NewsDay @TanyaNews1130 RT \"We are all infidels\" #outlawIslam #cdnpoli", "type": "direct_reply"}, {"index": 2, "attribution": 0.0006399401612308224, "content_attribution": 0.0012991665213273858, "stance_attribution": -0.0006592263600965602, "tweet_id": 525036901380526081, "text": "@1310NewsDay I guess that is the only way they know how to catch a killer? Violate everybody to find him/her?", "type": "direct_reply"}, {"index": 1, "attribution": -0.026015269901476467, "content_attribution": -0.00440929172703541, "stance_attribution": -0.021605978174441057, "tweet_id": 524949058591670272, "text": "@1310NewsDay @WeeonePat May The Lord grant the capture and punishment of these Terrorists who cowardly attack our beloved neighbor, Canada!", "type": "direct_reply"}, {"index": 4, "attribution": -0.02871146760567206, "content_attribution": -0.011117081412636672, "stance_attribution": -0.017594386193035383, "tweet_id": 524948540720951297, "text": "RT @1310NewsDay: #RIGHTNOW all bridges from #Ottawa  are NOW CLOSED! #ParliamentHill http://t.co/zso4V0w9tK\u201d", "type": "direct_reply"}]}