{"thread_id": "524974106308251648", "gold_label": 0, "predicted_label": 2, "tweet_attributions": [{"index": 0, "attribution": 0.34590907946520005, "content_attribution": -0.045255504624988944, "stance_attribution": 0.39116458409018906, "tweet_id": 524974106308251648, "text": "#BREAKING: Soldier shot at the National War Memorial has died, CTV has confirmed", "type": "source"}, {"index": 7, "attribution": 0.03129279178579196, "content_attribution": -0.0008148396441480562, "stance_attribution": 0.03210763142994002, "tweet_id": 524974595292823552, "text": "\u201c@CTVNews: #BREAKING: Soldier shot at the National War Memorial has died, CTV has confirmed\u201d", "type": "direct_reply"}, {"index": 13, "attribution": 0.012784331164266076, "content_attribution": 0.011245807679997593, "stance_attribution": 0.0015385234842684836, "tweet_id": 524975220609011713, "text": "@CTVNews confirmed by ? and was it on an official statement?  @althiaraj #BREAKING", "type": "direct_reply"}, {"index": 2, "attribution": 0.0072678638057511995, "content_attribution": -0.00011416984954491289, "stance_attribution": 0.007382033655296112, "tweet_id": 524974497527758848, "text": "Sadly, there it is RT  \"@CTVNews #BREAKING: Soldier shot at the National War Memorial has died, CTV has confirmed\"", "type": "direct_reply"}, {"index": 9, "attribution": 0.006933108957755068, "content_attribution": -0.00014911370904786467, "stance_attribution": 0.007082222666802935, "tweet_id": 524974420751048705, "text": "@CTVNews confirmed how?  Seemed to be uncertainty", "type": "direct_reply"}, {"index": 11, "attribution": 0.006425640897642804, "content_attribution": -0.0005465229544733097, "stance_attribution": 0.006972163852116115, "tweet_id": 524979746481115136, "text": "This is awful RT\u201c@CTVNews: #BREAKING: Soldier shot at the National War Memorial has died, CTV has confirmed\u201d", "type": "direct_reply"}, {"index": 19, "attribution": 0.0016035690429872399, "content_attribution": -3.4262424295467655e-05, "stance_attribution": 0.001637831467282707, "tweet_id": 524974502627663872, "text": "#OttawaShooting RT @CTVNews Soldier shot at the National War Memorial has died, CTV has confirmed", "type": "direct_reply"}, {"index": 3, "attribution": 0.0004672214154885943, "content_attribution": -1.840828884798484e-05, "stance_attribution": 0.00048562970433657854, "tweet_id": 524976124120813568, "text": "\u201c@CTVNews: #BREAKING: Soldier shot at the National War Memorial has died, CTV has confirmed\u201d such a tragedy!", "type": "direct_reply"}, {"index": 14, "attribution": -0.0005773638254894377, "content_attribution": -0.0011907644466573936, "stance_attribution": 0.0006134006211679558, "tweet_id": 524975767500111873, "text": "@Keri_Adams @CTVNews Terrible! Strength &amp; sincere condolences to his family.", "type": "lower_reply"}, {"index": 1, "attribution": -0.002989884531355233, "content_attribution": -0.00013952256432344908, "stance_attribution": -0.0028503619670317832, "tweet_id": 524974216853356544, "text": "RT @CTVNews #BREAKING: Soldier shot at the National War Memorial has died, CTV has confirmed", "type": "direct_reply"}, {"index": 4, "attribution": -0.0037736301928718114, "content_attribution": 7.98759465863861e-05, "stance_attribution": -0.0038535061394581976, "tweet_id": 524974305848098816, "text": "@CTVNews payers to the family \ud83d\ude4f", "type": "direct_reply"}, {"index": 12, "attribution": -0.004667793780131238, "content_attribution": -0.024454782029296844, "stance_attribution": 0.01978698824916561, "tweet_id": 524975043710038016, "text": "\u201c@SimonOstler: \u201c@CTVNews: #BREAKING: Soldier shot at the National War Memorial has died, CTV has confirmed\u201d @NormanJamesCTV", "type": "lower_reply"}, {"index": 15, "attribution": -0.005432573368254882, "content_attribution": 0.0005784690686864301, "stance_attribution": -0.006011042436941312, "tweet_id": 524975333393448960, "text": "@CTVNews Source?", "type": "direct_reply"}, {"index": 17, "attribution": -0.00705145187526823, "content_attribution": -0.0031387223439511016, "stance_attribution": -0.003912729531317128, "tweet_id": 524977265025634304, "text": "@CTVNews heartbreaking news...we are all feeling it today :(", "type": "direct_reply"}, {"index": 16, "attribution": -0.008206341041187398, "content_attribution": 0.0016997358729769346, "stance_attribution": -0.009906076914164333, "tweet_id": 524975520942145536, "text": "@CTVNews Confirmed with WHO???", "type": "direct_reply"}, {"index": 10, "attribution": -0.009025280076516254, "content_attribution": 0.001102372063070643, "stance_attribution": -0.010127652139586897, "tweet_id": 524975259393724416, "text": "@CTVNews prayers to the family", "type": "direct_reply"}, {"index": 5, "attribution": -0.017733010622783214, "content_attribution": -0.03674749263032489, "stance_attribution": 0.019014482007541675, "tweet_id": 524975326284492801, "text": "@JennAnnis @CTVNews my heart goes out to the Canadian Military, the solider's family, and all of my fellow Canadians. #OttawaShooting", "type": "lower_reply"}, {"index": 6, "attribution": -0.030410725495972433, "content_attribution": 0.00017303788944359936, "stance_attribution": -0.030583763385416025, "tweet_id": 524976507257499650, "text": "@Keri_Adams So sad.  Veterans Day will take on such an important meaning.", "type": "lower_reply"}, {"index": 18, "attribution": -0.10999226370238299, "content_attribution": -0.006708146449095072, "stance_attribution": -0.10328411725328795, "tweet_id": 524975091549888512, "text": "\u201c@CTVNews: #BREAKING: Soldier shot at the National War Memorial has died, CTV has confirmed\u201d.  How awful.", "type": "direct_reply"}, {"index": 8, "attribution": -0.3198184472984982, "content_attribution": -0.007177834165550595, "stance_attribution": -0.31264061313294755, "tweet_id": 524974952655912960, "text": "Utterly heartbroken: RT @CTVNews: #BREAKING: Soldier shot at the National War Memorial has died, CTV has confirmed", "type": "direct_reply"}]}