{"thread_id": "524944544681705472", "gold_label": 2, "predicted_label": 2, "tweet_attributions": [{"index": 3, "attribution": 3.198090864913448, "content_attribution": 0.029773823808126196, "stance_attribution": 3.168317041105322, "tweet_id": 524985394979684353, "text": "@Reuters @TheMuslimIssue i think we very often hear the word CANADA", "type": "direct_reply"}, {"index": 1, "attribution": 1.8421499645297215, "content_attribution": 0.08427683983314335, "stance_attribution": 1.757873124696578, "tweet_id": 524989382340931584, "text": "@brahimelmaghrib @Reuters One day you'll be hearing the word \"you're the last Muslim left on earth\". #comingsoon", "type": "lower_reply"}, {"index": 9, "attribution": 0.2226234269692554, "content_attribution": 0.09086824974005028, "stance_attribution": 0.1317551772292051, "tweet_id": 524989920679829504, "text": "@TheMuslimIssue @Reuters go fock yourself son of a biaaatch", "type": "lower_reply"}, {"index": 8, "attribution": 0.02396181093316102, "content_attribution": -0.00027914025381363774, "stance_attribution": 0.024240951186974655, "tweet_id": 524950593878888448, "text": "\u201c@Reuters:..Actively looking for 1 or more suspects in Canadian parliament shooting..\u201d #CanadaNeedsWBC #LiftTheBan #GodIsUrTerrorist #Repent", "type": "direct_reply"}, {"index": 4, "attribution": -0.0005213608866507758, "content_attribution": 0.000943112762016721, "stance_attribution": -0.001464473648667497, "tweet_id": 524945757682401280, "text": "\u201c@Reuters: Ottawa police: Actively looking for one or more suspects in Canadian parliament shooting. http://t.co/ggMq8yCvyV\u201d\u2022\u2022@DeramosJen\ud83d\ude33", "type": "direct_reply"}, {"index": 5, "attribution": -0.0007604187625890324, "content_attribution": -0.0006477652777435304, "stance_attribution": -0.00011265348484550217, "tweet_id": 524945003228188673, "text": "#AttackInOttawa\n@Reuters: #Ottawa police: Actively looking for one or more suspects in Canadian parliament shooting\nhttp://t.co/HJ2M2oEBrj", "type": "direct_reply"}, {"index": 2, "attribution": -0.004721733763785108, "content_attribution": -0.00190392817167121, "stance_attribution": -0.002817805592113898, "tweet_id": 524944856951836672, "text": "Big Trouble in Canuckistan, how's that #diversity #immigration working out for you up there in #Canada? @Reuters", "type": "direct_reply"}, {"index": 7, "attribution": -0.008685334348326757, "content_attribution": -0.00850876403922994, "stance_attribution": -0.00017657030909681718, "tweet_id": 524945195826044929, "text": "@Reuters narcissistic stalker, what does it mean, who r the examples n does it mean that they believe victims r following the stalker!!?!??!", "type": "direct_reply"}, {"index": 6, "attribution": -0.010548847930015362, "content_attribution": -0.0025862234165948197, "stance_attribution": -0.007962624513420544, "tweet_id": 524945106357719040, "text": "@Reuters Possibly more that one shooter? What are the odds this is terrorism?", "type": "direct_reply"}, {"index": 0, "attribution": -0.6292964860117146, "content_attribution": 0.09184601791731024, "stance_attribution": -0.7211425039290249, "tweet_id": 524944544681705472, "text": "Ottawa police: Actively looking for one or more suspects in Canadian parliament shooting. http://t.co/UQ4xo5jvhF", "type": "source"}]}