{"thread_id": "524956129017995264", "gold_label": 1, "predicted_label": 2, "tweet_attributions": [{"index": 11, "attribution": 2.0297735582162746, "content_attribution": 0.025684158380165648, "stance_attribution": 2.0040893998361087, "tweet_id": 524965991072423936, "text": "@MystiRoz they may not be radicalised. This is only what you are fed by media which governments control you need to open your mind to truth", "type": "lower_reply"}, {"index": 17, "attribution": 1.89761781161232, "content_attribution": 0.012056888640875427, "stance_attribution": 1.8855609229714445, "tweet_id": 524965013291679744, "text": "@Gormanghast i knw u wld say tat...!! just becoz sum radicalised idiots are dng this doesnt mean tat we can blame d entire religion fr it..", "type": "lower_reply"}, {"index": 14, "attribution": 1.6775625511775787, "content_attribution": 0.050896555363244084, "stance_attribution": 1.6266659958143344, "tweet_id": 524961283523612673, "text": "@Gormanghast @BBCBreaking true..!!! bt its nt nice to say \"i told u so\"..wen ur country is at siege...!! we can say it later..!!", "type": "lower_reply"}, {"index": 1, "attribution": 1.437800436829339, "content_attribution": 0.028507572825478805, "stance_attribution": 1.40929286400386, "tweet_id": 524966291413561344, "text": "@Gormanghast then educate me..???", "type": "lower_reply"}, {"index": 9, "attribution": 1.2382771716144658, "content_attribution": 0.05945878142121759, "stance_attribution": 1.178818390193248, "tweet_id": 524962037617938432, "text": "@MystiRoz @BBCBreaking it's not a siege it's WAR This is the problem you and other are denying the fact we are at war WHY", "type": "lower_reply"}, {"index": 13, "attribution": 0.872455831799618, "content_attribution": 0.022191623316840783, "stance_attribution": 0.8502642084827773, "tweet_id": 524964253418401792, "text": "@MystiRoz slag the Islamic people then sit back and watch what happens. Bomb Islamic people and watch what happens,", "type": "lower_reply"}, {"index": 32, "attribution": 0.7792273989180152, "content_attribution": 0.02222699787569448, "stance_attribution": 0.7570004010423208, "tweet_id": 524967358528757761, "text": "@MystiRoz easily. Don't go to war in other country's and think it won't come home to you. Police shot person in America with hands up.", "type": "lower_reply"}, {"index": 23, "attribution": 0.7275372454314082, "content_attribution": 0.008896518805334968, "stance_attribution": 0.7186407266260731, "tweet_id": 524960426132791296, "text": "@MystiRoz @BBCBreaking what's stupid is we are at war but moan when it's on our own soil now they are using chemicals so it's WHEN, BEWARE", "type": "lower_reply"}, {"index": 16, "attribution": 0.3945944322265361, "content_attribution": 0.021733053615139466, "stance_attribution": 0.3728613786113967, "tweet_id": 524963581599547392, "text": "@Gormanghast if we are WAR..!!! who are we against...? whom do u blame..?", "type": "lower_reply"}, {"index": 28, "attribution": 0.17751271918895986, "content_attribution": 0.03924322098786442, "stance_attribution": 0.13826949820109544, "tweet_id": 524960305466466304, "text": "@raymondillo @BBCBreaking One shooter is dead. Shot by the Sargent at Arms.", "type": "lower_reply"}, {"index": 29, "attribution": 0.11941644947142427, "content_attribution": 0.006481713979985296, "stance_attribution": 0.11293473549143897, "tweet_id": 524960113732632576, "text": "@Darke_Conteur We always feel the same over here when similar happens.  Hope its all over.soon. @BBCBreaking", "type": "lower_reply"}, {"index": 25, "attribution": 0.0887252473565936, "content_attribution": 0.04063952172941358, "stance_attribution": 0.048085725627180026, "tweet_id": 524961799641526273, "text": "@Darke_Conteur BBC saying indications of more than one gunman. :( @BBCBreaking", "type": "lower_reply"}, {"index": 20, "attribution": 0.08124776819578033, "content_attribution": 0.009935164645554006, "stance_attribution": 0.07131260355022633, "tweet_id": 524976163391696896, "text": "@Gormanghast i wnt blame u fr saying this..bt u forgot hw many ppl's lives are being saved by these men...!!!", "type": "lower_reply"}, {"index": 22, "attribution": 0.012669190185429549, "content_attribution": 0.0014375666398993851, "stance_attribution": 0.011231623545530162, "tweet_id": 524957484336041984, "text": "RT @BBCBreaking #Shots at 3 #Ottawa sites -National War Memorial, Parliament Hill, and Rideau shopping centre http://t.co/GF5Gt9D5uB #FB", "type": "direct_reply"}, {"index": 6, "attribution": 0.012131099357651958, "content_attribution": 0.010422102163675697, "stance_attribution": 0.001708997193976259, "tweet_id": 524962985995821057, "text": "@raymondillo @BBCBreaking Yes, :( Still looking for the others.", "type": "lower_reply"}, {"index": 12, "attribution": 0.008165653528642123, "content_attribution": -0.00019384949068672347, "stance_attribution": 0.008359503019328847, "tweet_id": 524956728027512832, "text": "@BBCBreaking Disgusting desert pigs. Why the peaceful, polite Canadians? #WearewithCanada", "type": "direct_reply"}, {"index": 4, "attribution": 0.00657383918232546, "content_attribution": -0.0018548028363460267, "stance_attribution": 0.008428642018671488, "tweet_id": 524956946605309952, "text": "@BBCBreaking Kindly verify your report of shooting at Rideau Centre Ottawa, Canada. Local reports state otherwise.", "type": "direct_reply"}, {"index": 15, "attribution": 0.0044647729435504085, "content_attribution": 0.013775084348902684, "stance_attribution": -0.009310311405352276, "tweet_id": 524957744319975425, "text": "@BBCBreaking @raymondillo Yes, I can't believe this is happening...", "type": "direct_reply"}, {"index": 18, "attribution": 0.004088719252909108, "content_attribution": 0.000905737960656375, "stance_attribution": 0.0031829812922527325, "tweet_id": 524965291000750080, "text": "@Gormanghast lets nt tag one religion like tat..as if other religions are holy..!!!", "type": "lower_reply"}, {"index": 21, "attribution": 0.0014955340050140547, "content_attribution": -0.0006919133866139467, "stance_attribution": 0.0021874473916280016, "tweet_id": 524957310024945665, "text": "@bbcbreaking muslim terrorists", "type": "direct_reply"}, {"index": 30, "attribution": 0.0005551049284270397, "content_attribution": -0.000552408339080063, "stance_attribution": 0.0011075132675071031, "tweet_id": 524960172914266112, "text": "@BBCBreaking #Ottawa", "type": "direct_reply"}, {"index": 7, "attribution": 0.0005492211474149486, "content_attribution": -1.333802564906967e-05, "stance_attribution": 0.0005625591730640183, "tweet_id": 524957131930624000, "text": "@BBCBreaking oh god.", "type": "direct_reply"}, {"index": 26, "attribution": 0.0004415539218393504, "content_attribution": -0.0005155598889967652, "stance_attribution": 0.0009571138108361156, "tweet_id": 524960171345592321, "text": "@BBCBreaking sad world we live in most of the time.", "type": "direct_reply"}, {"index": 5, "attribution": -0.0001517395636331773, "content_attribution": 0.00029122048152680993, "stance_attribution": -0.00044296004515998713, "tweet_id": 524957420003803136, "text": "@BBCBreaking And at a hotel too.", "type": "direct_reply"}, {"index": 2, "attribution": -0.00016541575372564215, "content_attribution": -0.0009870426594795385, "stance_attribution": 0.0008216269057538961, "tweet_id": 524958112629809152, "text": "@BBCBreaking @BBCWorld police is quite lazy.", "type": "direct_reply"}, {"index": 8, "attribution": -0.00018204584023299232, "content_attribution": -0.00017910686214560022, "stance_attribution": -2.938978087392121e-06, "tweet_id": 524959489225940993, "text": "@BBCBreaking what's happening in this world and why this so much haterage everywhere. So sickening\ud83d\ude24\ud83d\ude24\ud83d\ude24", "type": "direct_reply"}, {"index": 31, "attribution": -0.00033769793143620223, "content_attribution": -1.2684890612124362e-05, "stance_attribution": -0.00032501304082407787, "tweet_id": 524956679025487872, "text": "@BBCBreaking @BBCWorld Shit...", "type": "direct_reply"}, {"index": 19, "attribution": -0.001574280354848548, "content_attribution": -4.09106857054478e-05, "stance_attribution": -0.0015333696691431, "tweet_id": 524957535925993472, "text": "MT @BBCBreaking shots fired at 3 #Ottawa sites National War Memorial, Parliament Hill, and now Rideau shopping centre http://t.co/1MdVX1IHbw", "type": "direct_reply"}, {"index": 10, "attribution": -0.0026349109759235757, "content_attribution": 1.434257238475484e-05, "stance_attribution": -0.002649253548308331, "tweet_id": 524956507230593026, "text": "@BBCBreaking Scary stuff in Ottawa", "type": "direct_reply"}, {"index": 3, "attribution": -0.008127975064176566, "content_attribution": -0.00016379768021072464, "stance_attribution": -0.007964177383965841, "tweet_id": 524956724311388161, "text": "@BBCBreaking {Heaven and Hell is right here on earth... \ud83d\ude4f'ing}", "type": "direct_reply"}, {"index": 24, "attribution": -0.021844009937881752, "content_attribution": 0.0027834048203448764, "stance_attribution": -0.024627414758226628, "tweet_id": 524979653027856385, "text": "@MystiRoz America BRITTIAN had supplied these men in Syria with the weapons to start with and now they are bombing them. Hmmmm hypocrisy", "type": "lower_reply"}, {"index": 0, "attribution": -0.09400570824547229, "content_attribution": 0.017090927731286155, "stance_attribution": -0.11109663597675845, "tweet_id": 524956129017995264, "text": "Police say shots fired at 3 #Ottawa sites -  National War Memorial, Parliament Hill, and now Rideau shopping centre http://t.co/rOnqpUbuqc", "type": "source"}, {"index": 27, "attribution": -0.21794823239224365, "content_attribution": 0.0010543367933442058, "stance_attribution": -0.2190025691855878, "tweet_id": 524959078229880832, "text": "@Gormanghast @BBCBreaking there are times we shld put our stupidness aside nd be feel bad fr wats happening at the moment...!!!!", "type": "lower_reply"}, {"index": 33, "attribution": -0.45925783744490456, "content_attribution": 0.0003818614549517536, "stance_attribution": -0.45963969889985634, "tweet_id": 524957146656821249, "text": "@BBCBreaking a bullet is just as evel as a bomb we bomb them they shot us but we make a big deal of both", "type": "direct_reply"}]}