{"thread_id": "524965406377664512", "gold_label": 0, "predicted_label": 0, "tweet_attributions": [{"index": 0, "attribution": 0.4080503480048303, "content_attribution": 0.026624110950989714, "stance_attribution": 0.38142623705384054, "tweet_id": 524965406377664512, "text": "This is Kevin Vickers, sergeant-at-arms who reportedly killed a shooter  inside the Parliament buildings #Ottawa http://t.co/rUra9TOZpu", "type": "source"}, {"index": 9, "attribution": 0.18990636395985158, "content_attribution": -0.03682880788531598, "stance_attribution": 0.22673517184516756, "tweet_id": 525153012663455744, "text": "@rcole96380 Well said! @newstalk1010", "type": "lower_reply"}, {"index": 12, "attribution": 0.01183711545100773, "content_attribution": 0.007293920935071186, "stance_attribution": 0.004543194515936545, "tweet_id": 524972195257528320, "text": "@newstalk1010 A \"good guy with gun\". Well trained too.", "type": "direct_reply"}, {"index": 8, "attribution": 0.0024734247408897143, "content_attribution": -0.0005329427440177086, "stance_attribution": 0.0030063674849074252, "tweet_id": 524974993541971968, "text": "@newstalk1010 @melissagrelo #Ottawa", "type": "direct_reply"}, {"index": 4, "attribution": 0.0019665965026448478, "content_attribution": -0.0007749924713242977, "stance_attribution": 0.0027415889739691454, "tweet_id": 524969191171174400, "text": "@newstalk1010 @melissagrelo good job hero", "type": "direct_reply"}, {"index": 11, "attribution": -0.0016088836285318305, "content_attribution": 0.0008803348156714462, "stance_attribution": -0.0024892184442032775, "tweet_id": 524967635461492739, "text": "@newstalk1010 @jsrioux  Kevin Vickers, sergeant-at-arms who reportedly killed a shooter inside the Parliament buildings. CLAP, CLAP, CLAP.", "type": "direct_reply"}, {"index": 7, "attribution": -0.00617974455291403, "content_attribution": 0.001961376616214247, "stance_attribution": -0.008141121169128277, "tweet_id": 524966175877640193, "text": "@newstalk1010 A hero for sure!", "type": "direct_reply"}, {"index": 2, "attribution": -0.0070390997374014126, "content_attribution": 0.00018366371806360953, "stance_attribution": -0.007222763455465021, "tweet_id": 524965904501981184, "text": "@newstalk1010 Hero.", "type": "direct_reply"}, {"index": 1, "attribution": -0.011771816041024556, "content_attribution": 0.0026228861151572297, "stance_attribution": -0.014394702156181785, "tweet_id": 524966100795408384, "text": "@newstalk1010 @canuck10001 #hero Kevin Vickers #PrayForOttawa", "type": "direct_reply"}, {"index": 5, "attribution": -0.012150362569847533, "content_attribution": -8.387509164012384e-05, "stance_attribution": -0.012066487478207408, "tweet_id": 524970949603753984, "text": "@newstalk1010 @DetroitSoulFood LIKE A BOSS", "type": "direct_reply"}, {"index": 3, "attribution": -0.012332990310729621, "content_attribution": -0.00015921236459725413, "stance_attribution": -0.012173777946132369, "tweet_id": 524998192635858945, "text": "@newstalk1010 @Blazingcatfur Thank you for taking your job literally,  Sergeant.", "type": "direct_reply"}, {"index": 10, "attribution": -0.014732492667180052, "content_attribution": -0.0002688093471481881, "stance_attribution": -0.014463683320031864, "tweet_id": 524966378626113536, "text": "@newstalk1010 @Sherriemae23 is pointing him out the smartest thing right now?  Without knowing details?", "type": "direct_reply"}, {"index": 6, "attribution": -0.604404709771131, "content_attribution": 0.010661412052348388, "stance_attribution": -0.6150661218234794, "tweet_id": 525006460204613632, "text": "@newstalk1010 way to go Mr. Vickers! A good guy with a gun.", "type": "direct_reply"}]}