{"thread_id": "524935485370929152", "gold_label": 0, "predicted_label": 2, "tweet_attributions": [{"index": 16, "attribution": 4.589453859386385, "content_attribution": 0.052390879473333374, "stance_attribution": 4.537062979913052, "tweet_id": 524937651229822976, "text": "@rcallimachi @ummsalama15_ news reported by IS journalists dipstick", "type": "lower_reply"}, {"index": 9, "attribution": 2.6388137766662596, "content_attribution": 0.030891030975717437, "stance_attribution": 2.607922745690542, "tweet_id": 524937325932212224, "text": "@Ahmed__Hussain_ @ummsalama15_ There is no media blackout against IS in the US. Please open a newspaper for a change.", "type": "lower_reply"}, {"index": 8, "attribution": 2.272209495929437, "content_attribution": 0.07060012446667893, "stance_attribution": 2.2016093714627583, "tweet_id": 524937953148403713, "text": "@Ahmed__Hussain_ @ummsalama15_ To be a journalist, you have to have worked in the profession &amp; abide by its rules. Not just spew propaganda", "type": "lower_reply"}, {"index": 4, "attribution": 0.641246237209474, "content_attribution": 0.01583713847306529, "stance_attribution": 0.6254090987364088, "tweet_id": 524936619879849985, "text": "@rcallimachi @ummsalama15_ journalists are not innocent, hence the media blackout against IS by US. Journalism is a crime", "type": "lower_reply"}, {"index": 1, "attribution": 0.22913044499080512, "content_attribution": 0.014366455781295823, "stance_attribution": 0.2147639892095093, "tweet_id": 524938416086347776, "text": "@rcallimachi @ummsalama15_ Any intelligent individual can understand your bullshit and where you're loyalty lies. It ain't rocket science", "type": "lower_reply"}, {"index": 18, "attribution": 0.038944254631002775, "content_attribution": 0.059729802330349066, "stance_attribution": -0.020785547699346298, "tweet_id": 524938851622854657, "text": "@rcallimachi @ummsalama15_ work for a liberal secular or state news company. Great", "type": "lower_reply"}, {"index": 0, "attribution": 0.004093360243187769, "content_attribution": 0.01027614018682084, "stance_attribution": -0.006182779943633065, "tweet_id": 524935485370929152, "text": "Shooting in Canadian parliament comes day after ISIS-inspired radical drove in2 Canadian soldier. Also reports of shooting at War memorial/1", "type": "source"}, {"index": 3, "attribution": 0.0031067536379755616, "content_attribution": 5.516582080364031e-07, "stance_attribution": 0.003106201979767525, "tweet_id": 524936266517733376, "text": "@rcallimachi @Sophia_MJones People R radicalising because their democracy is being radicalised by Elite.", "type": "direct_reply"}, {"index": 7, "attribution": 0.0029765735877801723, "content_attribution": -0.0011559485849644384, "stance_attribution": 0.004132522172744609, "tweet_id": 524935836899766272, "text": "@rcallimachi @Sophia_MJones CBC is running a live blog and tweet thing here on the shootings: http://t.co/M4Ul1K8vzI", "type": "direct_reply"}, {"index": 19, "attribution": 0.00257996530661267, "content_attribution": 0.0026647759692103516, "stance_attribution": -8.481066259768165e-05, "tweet_id": 524937985192886273, "text": "@rcallimachi @Eren__Jeager @ummsalama15_ you agree then, journalism is a war crime.. Thanks for agreeing", "type": "lower_reply"}, {"index": 11, "attribution": 0.001686832782075582, "content_attribution": 0.000982153090159145, "stance_attribution": 0.0007046796919164368, "tweet_id": 524936372889853952, "text": "@rcallimachi @ummsalama15_ how about dropping bombs on Muslims all over the world.  Not radical.", "type": "lower_reply"}, {"index": 2, "attribution": 0.0009599666853890439, "content_attribution": 0.0008155105731915584, "stance_attribution": 0.00014445611219748533, "tweet_id": 524936152902811648, "text": "@rcallimachi @ummsalama15_ is that radical?", "type": "lower_reply"}, {"index": 10, "attribution": 0.00014121797557267723, "content_attribution": 0.0007247654306743718, "stance_attribution": -0.0005835474551016935, "tweet_id": 524937553393512448, "text": "@Eren__Jeager @Ahmed__Hussain_ @ummsalama15_ Foley, Sotloff, Haines, Henning etc are not enemy combatants. Their only weapon was a pen.", "type": "lower_reply"}, {"index": 5, "attribution": -0.00023605449901229378, "content_attribution": 0.0009595933653204874, "stance_attribution": -0.001195647864332781, "tweet_id": 524937423420411904, "text": "@rcallimachi @Ahmed__Hussain_ @ummsalama15_ true BUT what about the one who presses the missile button knowing innocents will be slaughters?", "type": "lower_reply"}, {"index": 14, "attribution": -0.0019691461857348058, "content_attribution": -0.0027466347655974105, "stance_attribution": 0.0007774885798626052, "tweet_id": 524938166688841730, "text": "@Ahmed__Hussain_ @Eren__Jeager @ummsalama15_ Nope. Never agreed with you.", "type": "lower_reply"}, {"index": 13, "attribution": -0.006801516582290273, "content_attribution": -0.011961199873077677, "stance_attribution": 0.005159683290787404, "tweet_id": 524936215637000192, "text": "@rcallimachi Cue the \"we won't be cowed by such dastardly acts\" speechs. *yawn*", "type": "direct_reply"}, {"index": 15, "attribution": -0.035235223044295924, "content_attribution": 0.02271501956364649, "stance_attribution": -0.057950242607942404, "tweet_id": 524938104327905280, "text": "@rcallimachi @ummsalama15_ sure, yiu just need to work for a jew", "type": "lower_reply"}, {"index": 12, "attribution": -0.04670231602101006, "content_attribution": 0.03095707184551247, "stance_attribution": -0.07765938786652252, "tweet_id": 524938564866682880, "text": "@Ahmed__Hussain_ @ummsalama15_ Some media owned by Jews. Some by Christians. Many by Muslims. You just have 2 have actually worked", "type": "lower_reply"}, {"index": 6, "attribution": -0.052155031609692155, "content_attribution": 0.02638230234795391, "stance_attribution": -0.07853733395764606, "tweet_id": 524935938284486656, "text": "@Ahmed__Hussain_ @ummsalama15_ One definition? A person that thinks its ok to decapitate innocent journalists / aid workers", "type": "lower_reply"}, {"index": 17, "attribution": -0.10092594178363609, "content_attribution": 0.009753974249405405, "stance_attribution": -0.11067991603304149, "tweet_id": 524935708814086144, "text": "@rcallimachi @ummsalama15_ what's a radical", "type": "direct_reply"}]}