{"thread_id": "524961659685588995", "gold_label": 1, "predicted_label": 0, "tweet_attributions": [{"index": 0, "attribution": 0.2646169677917313, "content_attribution": 0.039718129763462486, "stance_attribution": 0.2248988380282688, "tweet_id": 524961659685588995, "text": "Extended Video: Guns raised, officers rush towards @RideauCentre http://t.co/YHpG2o8XeH http://t.co/UsPYjU85AS", "type": "source"}, {"index": 4, "attribution": 0.11327516120984311, "content_attribution": -0.0030063296170467595, "stance_attribution": 0.11628149082688989, "tweet_id": 524964948200288256, "text": "@ctvottawa @RideauCentre haha very nice.you westerners should get nice doses before you learn abt real enemy of humanity.stop being sickular", "type": "direct_reply"}, {"index": 3, "attribution": 0.0339316933736951, "content_attribution": 0.02287671652975174, "stance_attribution": 0.011054976843943368, "tweet_id": 524964401917751297, "text": "@ctvottawa @Blazingcatfur @RideauCentre Multiple shootings\u2026take one guess about the shooter(s)!", "type": "direct_reply"}, {"index": 2, "attribution": 0.014124462193988746, "content_attribution": 0.003332453896830182, "stance_attribution": 0.010792008297158564, "tweet_id": 524962655162101762, "text": "#AttackInOttawa\n@ctvottawa: Extended Video: Guns raised, officers rush towards @RideauCentre\nhttp://t.co/LEW2A096X2 http://t.co/12FomLgxSR", "type": "direct_reply"}, {"index": 1, "attribution": 0.007202345880002561, "content_attribution": -0.009704968537583309, "stance_attribution": 0.016907314417585872, "tweet_id": 524974196020228096, "text": "@ctvottawa @RideauCentre watched in tears..can't Belive this is happening in our Ottawa... :(", "type": "direct_reply"}]}