{"thread_id": "524974975623892992", "gold_label": 0, "predicted_label": 0, "tweet_attributions": [{"index": 0, "attribution": 0.14671863266780338, "content_attribution": -0.04073141949268606, "stance_attribution": 0.18745005216048946, "tweet_id": 524974975623892992, "text": "The NHL has decided to postpone tonight's #sens-#leafs game in Ottawa. The right decision. The only decision.", "type": "source"}, {"index": 5, "attribution": 0.10027417393165641, "content_attribution": -0.01003608637331551, "stance_attribution": 0.11031026030497193, "tweet_id": 524977565136474112, "text": "@reporterchris @DVDVR_DFA How on Earth it was ever a question, I find disturbing.", "type": "direct_reply"}, {"index": 3, "attribution": 0.008773288158799058, "content_attribution": -0.004962306522932601, "stance_attribution": 0.013735594681731661, "tweet_id": 524975233888182272, "text": "@fagstein @reporterchris Good....", "type": "direct_reply"}, {"index": 2, "attribution": 0.006740983139534235, "content_attribution": 0.0004025234960608116, "stance_attribution": 0.006338459643473425, "tweet_id": 524978857930027009, "text": "@reporterchris seriously. Did you think it wasn't going to be cancelled?", "type": "direct_reply"}, {"index": 1, "attribution": 0.006134940821125837, "content_attribution": 0.0022537560502542704, "stance_attribution": 0.003881184770871566, "tweet_id": 524976268010602497, "text": "@reporterchris agreed...just took too long to make it", "type": "direct_reply"}, {"index": 4, "attribution": -0.008452460342435065, "content_attribution": -0.010496340789286825, "stance_attribution": 0.0020438804468517592, "tweet_id": 524976259030597632, "text": "@reporterchris so sad and scary-hate this for all involved", "type": "direct_reply"}]}