{"thread_id": "524926235030589440", "gold_label": 0, "predicted_label": 0, "tweet_attributions": [{"index": 0, "attribution": 0.2247657745791058, "content_attribution": 0.01130639510202932, "stance_attribution": 0.21345937947707647, "tweet_id": 524926235030589440, "text": "BREAKING NEWS: At least 3 shots fired at Ottawa War Memorial. One soldier confirmed shot - http://t.co/wiPaKVPSDb http://t.co/vwxeqj8xe9", "type": "source"}, {"index": 5, "attribution": 0.051233052725431924, "content_attribution": -0.0024844894055924354, "stance_attribution": 0.05371754213102435, "tweet_id": 524946118774620161, "text": "@PzFeed sickening", "type": "direct_reply"}, {"index": 1, "attribution": 0.03635659248148541, "content_attribution": 0.0018675456530495807, "stance_attribution": 0.03448904682843582, "tweet_id": 524926674417500160, "text": "@PzFeed @Rui_Castro All our domestic military should be armed, now.", "type": "direct_reply"}, {"index": 2, "attribution": 0.020895288068691932, "content_attribution": -0.005197769047812968, "stance_attribution": 0.0260930571165049, "tweet_id": 524926750506377216, "text": "@PzFeed can't believe it I was there less then 24 hours ago", "type": "direct_reply"}, {"index": 6, "attribution": 0.007629068363278797, "content_attribution": -0.0006087814278133387, "stance_attribution": 0.008237849791092135, "tweet_id": 524929568327888896, "text": "@PzFeed @AbideSam That's disgusting tbh...", "type": "direct_reply"}, {"index": 4, "attribution": -0.020301849610390867, "content_attribution": 0.0031484877790025267, "stance_attribution": -0.02345033738939339, "tweet_id": 524926344992686081, "text": "@PzFeed Gee, I thought Canadians are supposed to be polite for once....", "type": "direct_reply"}, {"index": 3, "attribution": -0.029493721219083925, "content_attribution": 0.004111173187139685, "stance_attribution": -0.033604894406223614, "tweet_id": 524937952820883456, "text": "@PzFeed so who is the brainiac on the right that looks like he's taking a picture?", "type": "direct_reply"}]}