{"thread_id": "524932327907270656", "gold_label": 0, "predicted_label": 2, "tweet_attributions": [{"index": 1, "attribution": 1.2209668014557347, "content_attribution": 0.00599286538651498, "stance_attribution": 1.2149739360692198, "tweet_id": 524934421074673664, "text": "@SFUO_FEUO exactly! We tested the emergency alert system yesterday! Why haven't we got a notification?", "type": "direct_reply"}, {"index": 3, "attribution": 0.19790663349223564, "content_attribution": 0.04152053081103421, "stance_attribution": 0.15638610268120143, "tweet_id": 524935458695155712, "text": "@lauren_616 We are monitoring all #uOttawa twitter feeds and will pass on information as we get it. You can follow @uOttawaAlert as well", "type": "lower_reply"}, {"index": 5, "attribution": 0.033606402901888675, "content_attribution": 0.024426621960293198, "stance_attribution": 0.009179780941595484, "tweet_id": 524937183632056320, "text": "@a_shaily @uOttawa We are monitoring all uOttawa and City of Ottawa social media pages and will pass on information as we get it", "type": "lower_reply"}, {"index": 2, "attribution": 0.028704742069973522, "content_attribution": 0.031887917571457466, "stance_attribution": -0.0031831755014839463, "tweet_id": 524935829782007808, "text": "@a_shaily Avoid Rideau Center and surroundings, @uOttawa Protection monitoring ~AJ", "type": "lower_reply"}, {"index": 4, "attribution": 0.027994520281443364, "content_attribution": 0.026626899264087935, "stance_attribution": 0.001367621017355435, "tweet_id": 524933858236854273, "text": "@SFUO_FEUO @uOttawa why hasn't the university sent an emergency notification? Should have a while ago. #Ottawa #safety", "type": "direct_reply"}, {"index": 0, "attribution": -0.7580613988652307, "content_attribution": 0.10365545506848473, "stance_attribution": -0.8617168539337154, "tweet_id": 524932327907270656, "text": "Shooting in downtown Ottawa, police evacuating Rideau Centre and closing off Wellington. Stay safe #uOttawa students", "type": "source"}]}