{"thread_id": "524952437137092608", "gold_label": 0, "predicted_label": 0, "tweet_attributions": [{"index": 0, "attribution": 0.21471445411236229, "content_attribution": -0.007319231503110726, "stance_attribution": 0.22203368561547304, "tweet_id": 524952437137092608, "text": "Witness tells CNN gunman shot one of two soldiers standing guard at war memorial in Ottawa. Live blog: http://t.co/q98AMohu7T", "type": "source"}, {"index": 3, "attribution": 0.1448131449942852, "content_attribution": -0.009560050262905536, "stance_attribution": 0.15437319525719073, "tweet_id": 524952538500845568, "text": "@cnnbrk two soldiers?!", "type": "direct_reply"}, {"index": 18, "attribution": 0.007182030079685556, "content_attribution": 0.00025368271525545363, "stance_attribution": 0.006928347364430102, "tweet_id": 524952832534122496, "text": "@cnnbrk \u0627\u0642\u0648\u0644\u0643 \u062e\u0644\u064a \u0639\u0646\u0643 \u0628\u0633 @Question_arab", "type": "direct_reply"}, {"index": 7, "attribution": 0.0067468125387562475, "content_attribution": 0.00013219968162794582, "stance_attribution": 0.006614612857128301, "tweet_id": 524952604368199682, "text": "@cnnbrk \u0639\u0646\u0635\u0631\u064a\u0647 \u0648\u0644\u064a\u062f \u0627\u0644\u0641\u0631\u0627\u062c \u064a\u062a\u0627\u0628\u0639 \u0630\u0627 \u0627\u0644\u062d\u0633\u0627\u0628 \u061f @Question_arab", "type": "direct_reply"}, {"index": 6, "attribution": 0.006418287544178866, "content_attribution": -0.00240878304307473, "stance_attribution": 0.008827070587253596, "tweet_id": 524953300110553088, "text": "@cnnbrk hitler went after the wrong religion", "type": "direct_reply"}, {"index": 4, "attribution": 0.004439230291891268, "content_attribution": 0.006594765550448467, "stance_attribution": -0.0021555352585572, "tweet_id": 524953932653948928, "text": "@cnnbrk I read that as CNN had their own gunman...", "type": "direct_reply"}, {"index": 8, "attribution": 0.002800830007339731, "content_attribution": 0.00010848577915608411, "stance_attribution": 0.0026923442281836475, "tweet_id": 524952595660824577, "text": "@cnnbrk \u0627\u0646\u062a \u062c\u0627\u0647\u0644 \u061f \u062a\u0628\u064a \u062a\u0635\u064a\u0631 \u0645\u062b\u0642\u0641 \u061f \u062a\u0639\u0627\u0644 \u0647\u0646\u0627 @Question_arab", "type": "direct_reply"}, {"index": 14, "attribution": 0.0023305253336475644, "content_attribution": 0.028094306545276636, "stance_attribution": -0.02576378121162907, "tweet_id": 524954387903676417, "text": "@cnnbrk there's numerous cops with all type of weapons and scare to go in", "type": "direct_reply"}, {"index": 12, "attribution": 0.0014155340624049007, "content_attribution": -3.6408261360486836e-05, "stance_attribution": 0.0014519423237653874, "tweet_id": 524953508626587648, "text": "@DonnieWahlberg \u201c@cnnbrk: Witness tells CNN gunman shot one of two soldiers standing guard at war memorial in Ottawa.\"", "type": "direct_reply"}, {"index": 10, "attribution": 0.0013376619195987587, "content_attribution": 9.706894651876355e-05, "stance_attribution": 0.0012405929730799955, "tweet_id": 524952593450401793, "text": "@cnnbrk \u0647\u0647\u0647\u0647\u0647 \u0634\u0648\u0641 \u0627\u0644\u0648\u0644\u064a\u062f \u0628\u0646 \u0637\u0644\u0627\u0644 \u0645\u064a\u0646 \u0645\u062a\u0627\u0628\u0639 \u061f @Question_arab", "type": "direct_reply"}, {"index": 5, "attribution": 0.001139409117383553, "content_attribution": 0.0002295580389987722, "stance_attribution": 0.0009098510783847811, "tweet_id": 524954191312478209, "text": "@cnnbrk Witness tells CNN gunman shot one of 2 soldiers standing guard at war memorial in Ottawa:GET aresponse from @SenTedCruz CalgaryCruz", "type": "direct_reply"}, {"index": 2, "attribution": 0.0006030190765801673, "content_attribution": 0.0005735297112538337, "stance_attribution": 2.9489365326332284e-05, "tweet_id": 524953022477402112, "text": "@cnnbrk fuck you ISIS and you coward terrorist pricks", "type": "direct_reply"}, {"index": 1, "attribution": -0.00043373568085656696, "content_attribution": 0.001168996584954484, "stance_attribution": -0.0016027322658110515, "tweet_id": 524952530393243648, "text": "\u201c@cnnbrk: Witness tells CNN gunman shot one of two soldiers standing guard at war memorial in #Ottawa. Live blog: http://t.co/a7s22kTVOa\u201d", "type": "direct_reply"}, {"index": 17, "attribution": -0.0014036725282161495, "content_attribution": 8.572911920799435e-05, "stance_attribution": -0.0014894016474241434, "tweet_id": 524954301652033536, "text": "@cnnbrk Coordinated Terrorist attack being investigated in Canada", "type": "direct_reply"}, {"index": 9, "attribution": -0.00474591172558864, "content_attribution": 0.00010881712445866683, "stance_attribution": -0.004854728850047306, "tweet_id": 524953458211053568, "text": "@cnnbrk @dish Too bad can't see CNN on my tv. \ud83d\udc4e\ud83d\udcfa\ud83d\udcfa\ud83d\udcfa\ud83d\udcfa", "type": "direct_reply"}, {"index": 19, "attribution": -0.011424114291663987, "content_attribution": -0.03380552292698606, "stance_attribution": 0.02238140863532207, "tweet_id": 524952765014224896, "text": "@lueth_visuals @cnnbrk Canadian soldiers.", "type": "lower_reply"}, {"index": 16, "attribution": -0.014627302865898275, "content_attribution": -0.0026374516522916025, "stance_attribution": -0.011989851213606675, "tweet_id": 524953406822027264, "text": "@cnnbrk AGENDA IS ON. THEY COMING IN FOR GLOBAL TAKEOVER..Democrat/Rino allowing. http://t.co/b6ABbyFlBy", "type": "direct_reply"}, {"index": 13, "attribution": -0.018871468059642064, "content_attribution": -0.000520326275194785, "stance_attribution": -0.018351141784447276, "tweet_id": 524952987475931136, "text": "@cnnbrk Wtf 2 soilders\ud83d\ude21\ud83d\ude21", "type": "direct_reply"}, {"index": 15, "attribution": -0.0275061212930741, "content_attribution": -0.0002094494236508257, "stance_attribution": -0.027296671869423278, "tweet_id": 524953176026664960, "text": "@cnnbrk Islamic terrorism, what a surprise", "type": "direct_reply"}, {"index": 11, "attribution": -0.03179200859353983, "content_attribution": 0.0006503750569506967, "stance_attribution": -0.03244238365049053, "tweet_id": 524952623238365184, "text": "@cnnbrk why would CNN have gunmen?", "type": "direct_reply"}]}