{"thread_id": "524932935137628160", "gold_label": 0, "predicted_label": 2, "tweet_attributions": [{"index": 15, "attribution": 4.438442992767737, "content_attribution": 0.029742667223129814, "stance_attribution": 4.408700325544607, "tweet_id": 524957372369108993, "text": "@subloke @HDMcC I had confirmed the first gunman was dead when I tweeted.", "type": "lower_reply"}, {"index": 34, "attribution": 3.1852512018983155, "content_attribution": 0.00848002496637905, "stance_attribution": 3.1767711769319367, "tweet_id": 524958563312357376, "text": "@kellyoxford @subloke you managed to confirm before any other news outlet in Canada. Bravo.", "type": "lower_reply"}, {"index": 1, "attribution": 1.9209960159931134, "content_attribution": 0.04843104174335435, "stance_attribution": 1.8725649742497592, "tweet_id": 524944658992865280, "text": "@HDMcC @kellyoxford @obiterdictayo CBC news is reporting the gunman has been shot. Are you bitching at them also?", "type": "lower_reply"}, {"index": 27, "attribution": 0.39891524852715565, "content_attribution": 0.0017588988276115538, "stance_attribution": 0.39715634969954405, "tweet_id": 524959735091847168, "text": "@HDMcC @subloke I can get confirmation and video from witnesses and pass info along without a news producer. Simple stuff.", "type": "lower_reply"}, {"index": 23, "attribution": 0.18162210822875974, "content_attribution": 3.58239733444017e-05, "stance_attribution": 0.18158628425541534, "tweet_id": 524959184928768002, "text": "@HDMcC @kellyoxford where's the \"(sigh) I give up\" emoticon? Do you not understand twitter?", "type": "lower_reply"}, {"index": 6, "attribution": 0.08944505643005918, "content_attribution": 0.028556268702071383, "stance_attribution": 0.060888787727987795, "tweet_id": 524962247563431936, "text": "@HDMcC @kellyoxford exactly, because they are \"journalists\" and \"dems the rules\" Kelly is a \"comedic writer\" no rules. Go police journalists", "type": "lower_reply"}, {"index": 7, "attribution": 0.06261885774572773, "content_attribution": 0.014379375708789983, "stance_attribution": 0.04823948203693774, "tweet_id": 524962953695858689, "text": "@daxshepard1 @HDMcC THANK YOU.", "type": "lower_reply"}, {"index": 22, "attribution": 0.04019032964392624, "content_attribution": 0.03143647325109205, "stance_attribution": 0.008753856392834186, "tweet_id": 524945080613093376, "text": "@subloke @kellyoxford @obiterdictayo Stated as fact before news outlets even suggested.Still uncertain.Leave news to news pros.Done here.", "type": "lower_reply"}, {"index": 12, "attribution": 0.03531187802646168, "content_attribution": 0.028900057030997697, "stance_attribution": 0.006411820995463981, "tweet_id": 524943005313409025, "text": "@HDMcC @kellyoxford @obiterdictayo the news report I'm watching currently reported the same thing before Kelly tweeted it.", "type": "lower_reply"}, {"index": 10, "attribution": 0.03366271574703079, "content_attribution": 0.024062609012644013, "stance_attribution": 0.009600106734386774, "tweet_id": 524993526564929536, "text": "@jeremysale @daxshepard1 @HDMcC seeing as though I was 100% correct, yes.", "type": "lower_reply"}, {"index": 3, "attribution": 0.029632347842431902, "content_attribution": 0.026234304535823063, "stance_attribution": 0.0033980433066088415, "tweet_id": 524946657755299840, "text": "@HDMcC maybe people shouldn't look to the tweets of comedy writers for their news facts?", "type": "lower_reply"}, {"index": 31, "attribution": 0.02695731298566027, "content_attribution": 0.0221419605963748, "stance_attribution": 0.004815352389285466, "tweet_id": 524990987308134400, "text": "@daxshepard1 @HDMcC @kellyoxford No, you're right. We should follow comedic writers and trust their sources. That's my first instinct.", "type": "lower_reply"}, {"index": 24, "attribution": 0.02361138922729844, "content_attribution": 0.006894020294932908, "stance_attribution": 0.016717368932365535, "tweet_id": 524996012847665152, "text": "@jeremysale @daxshepard1 @HDMcC hey kid, go enjoy this weird sense of power I've afforded you this morning. Spend it wisely!!", "type": "lower_reply"}, {"index": 29, "attribution": 0.018626516073839208, "content_attribution": 0.006851558307306534, "stance_attribution": 0.01177495776653268, "tweet_id": 524994047451332608, "text": "@kellyoxford @daxshepard1 @HDMcC Kudos to your relaying of second-hand information! Do you have an app?", "type": "lower_reply"}, {"index": 2, "attribution": 0.010074911629225053, "content_attribution": 0.015398053280777414, "stance_attribution": -0.005323141651552362, "tweet_id": 524946023165460480, "text": "@subloke @HDMcC @kellyoxford @obiterdictayo they confirm facts before 'reporting'.", "type": "lower_reply"}, {"index": 32, "attribution": 0.006563805919110162, "content_attribution": 0.0056742117789107226, "stance_attribution": 0.0008895941401994396, "tweet_id": 524934776940412929, "text": "@obiterdictayo I know what I'm doing here, thanks.", "type": "lower_reply"}, {"index": 25, "attribution": 0.004498203195313071, "content_attribution": 0.00032704979599414196, "stance_attribution": 0.004171153399318929, "tweet_id": 524970141189431296, "text": "@HDMcC @kellyoxford @subloke Perhaps all of Twitter should follow HDM so we can learn the proper ways of Tweeting responsibly.", "type": "lower_reply"}, {"index": 16, "attribution": 0.003500345329344872, "content_attribution": 1.3746083139496481e-05, "stance_attribution": 0.0034865992462053755, "tweet_id": 524935670260047872, "text": "@kellyoxford It's Harper's Canada though", "type": "direct_reply"}, {"index": 28, "attribution": 0.001694210103229293, "content_attribution": -4.846638455378966e-06, "stance_attribution": 0.001699056741684672, "tweet_id": 524933148380237825, "text": "@kellyoxford agreed", "type": "direct_reply"}, {"index": 35, "attribution": 0.0011498146512041465, "content_attribution": 0.003933688161257924, "stance_attribution": -0.002783873510053778, "tweet_id": 524996728811175936, "text": "@kellyoxford @daxshepard1 @HDMcC Thanks, that was considerate of you! All the best.", "type": "lower_reply"}, {"index": 13, "attribution": 0.0005514034994452164, "content_attribution": 0.001959028605584762, "stance_attribution": -0.0014076251061395449, "tweet_id": 524958146343624704, "text": "@kellyoxford @HDMcC I had heard the same before I saw you &amp; many others tweet.", "type": "lower_reply"}, {"index": 19, "attribution": 0.00032436644170635425, "content_attribution": -0.0004336753384753737, "stance_attribution": 0.0007580417801817279, "tweet_id": 524933385010290688, "text": "@kellyoxford Was it your Canada when that guy beheaded that other guy on the bus? Shit happens, but we're mostly still fine up here", "type": "direct_reply"}, {"index": 18, "attribution": 0.00021666622302491677, "content_attribution": -9.545945329952275e-05, "stance_attribution": 0.0003121256763244396, "tweet_id": 524933274444238848, "text": "@kellyoxford what's your source? That's not confirmed!", "type": "direct_reply"}, {"index": 26, "attribution": -5.4808490008242255e-05, "content_attribution": 0.014332610576805394, "stance_attribution": -0.014387419066813636, "tweet_id": 525522784748060672, "text": "@kellyoxford @daxshepard1 yes from her newly decorated LA living room. Just like Egypt.", "type": "lower_reply"}, {"index": 4, "attribution": -0.0002898632717534596, "content_attribution": -0.0021560251092907876, "stance_attribution": 0.001866161837537328, "tweet_id": 524933431793553408, "text": "@kellyoxford the gunman is still on the loose.", "type": "direct_reply"}, {"index": 14, "attribution": -0.001607026058027326, "content_attribution": -0.0007981848815648533, "stance_attribution": -0.0008088411764624726, "tweet_id": 524939106367721472, "text": "@kellyoxford my thoughts also", "type": "direct_reply"}, {"index": 20, "attribution": -0.0021890759646680307, "content_attribution": 0.0019474308512458624, "stance_attribution": -0.004136506815913892, "tweet_id": 524934003892432896, "text": "@kellyoxford might want to actually confirm shit like that before tweeting.", "type": "direct_reply"}, {"index": 5, "attribution": -0.00221622032475843, "content_attribution": 0.047880197853592474, "stance_attribution": -0.0500964181783509, "tweet_id": 524941900223381504, "text": "@subloke @kellyoxford @obiterdictayo Not a comment. Stated  gunman had been neutralized.Simply not true. Over 500k followers.Irresponsible.", "type": "lower_reply"}, {"index": 33, "attribution": -0.002650251952931719, "content_attribution": 0.014774738172457714, "stance_attribution": -0.017424990125389436, "tweet_id": 524936650087231488, "text": "@kellyoxford @obiterdictayo there has been zero confirmation that gunman is down. Maybe let news outlets on scene handle the reporting.", "type": "lower_reply"}, {"index": 11, "attribution": -0.004049541000069276, "content_attribution": -0.004706280850703706, "stance_attribution": 0.0006567398506344296, "tweet_id": 524933486407602176, "text": "@kellyoxford please wait on this. Also sounds like multiple suspects. People need to stay vigilant.", "type": "direct_reply"}, {"index": 8, "attribution": -0.014394827223911583, "content_attribution": 0.018979581204058626, "stance_attribution": -0.03337440842797021, "tweet_id": 524940223160287232, "text": "@HDMcC @kellyoxford @obiterdictayo why shouldn't a private citizen make a comment on a news event?", "type": "lower_reply"}, {"index": 21, "attribution": -0.02786526246799577, "content_attribution": 0.0008773072497546189, "stance_attribution": -0.028742569717750382, "tweet_id": 524960764503674880, "text": "@kellyoxford @HDMcC maybe you should have a news crew on retainer just in case. Rapid deploy anywhere breaking news happens.", "type": "lower_reply"}, {"index": 17, "attribution": -0.06340622803861963, "content_attribution": -0.001022629305848356, "stance_attribution": -0.06238359873277127, "tweet_id": 524940370321629184, "text": "@TwitchieRich @kellyoxford I try\u2026. Unfortunately I don\u2019t think it\u2019d protect me against bullets", "type": "lower_reply"}, {"index": 0, "attribution": -0.16955689465145046, "content_attribution": 0.012816093819541935, "stance_attribution": -0.1823729884709924, "tweet_id": 524932935137628160, "text": "The gunman in Ottawa has been shot and killed. I'm at a loss for words this morning. That isn't my Canada.", "type": "source"}, {"index": 30, "attribution": -0.17524905147797987, "content_attribution": 0.0005198317187083678, "stance_attribution": -0.1757688831966882, "tweet_id": 524933104742723584, "text": "@kellyoxford Oh Canada\u2026.", "type": "direct_reply"}, {"index": 9, "attribution": -0.18112505818728059, "content_attribution": 0.0029253079866247843, "stance_attribution": -0.18405036617390536, "tweet_id": 524939588406878208, "text": "@alcanlin @kellyoxford great response bro.", "type": "lower_reply"}]}