{"thread_id": "524975093966209025", "gold_label": 0, "predicted_label": 2, "tweet_attributions": [{"index": 8, "attribution": 0.3375406011758711, "content_attribution": 0.015068353566552634, "stance_attribution": 0.3224722476093185, "tweet_id": 524980724806717440, "text": "@cbcsaltzman @Axel_Asen", "type": "direct_reply"}, {"index": 3, "attribution": 0.04449313053124841, "content_attribution": -0.0011135170167909934, "stance_attribution": 0.045606647548039406, "tweet_id": 524977630895177728, "text": "@cbcsaltzman @CBCNews And that's the final straw!!! Nobody messes with out game!!!", "type": "direct_reply"}, {"index": 1, "attribution": 0.03452397466668893, "content_attribution": 0.0021135065751388656, "stance_attribution": 0.03241046809155007, "tweet_id": 524975786936520705, "text": "@cbcsaltzman @CBCNews I understand the precaution should we then cancel all future games, events, concerts as this could happen at any time", "type": "direct_reply"}, {"index": 6, "attribution": 0.03030345443220997, "content_attribution": 0.00021956106335312397, "stance_attribution": 0.03008389336885685, "tweet_id": 524975649191366656, "text": "\u201c@cbcsaltzman: NHL : The game between the Toronto Maple Leafs and Ottawa Senators, scheduled for tonight in Ottawa, has been postponed\u201d", "type": "direct_reply"}, {"index": 7, "attribution": 0.030234957169254513, "content_attribution": -0.00010397455839360057, "stance_attribution": 0.03033893172764812, "tweet_id": 524976025550471168, "text": "@cbcsaltzman @snic14", "type": "direct_reply"}, {"index": 10, "attribution": 0.025984309129224645, "content_attribution": 0.0009844641687675767, "stance_attribution": 0.024999844960457072, "tweet_id": 524978551108673536, "text": "@cbcsaltzman @ExtraPtbo I guess security is a major issue hate to have terrorists control us!", "type": "direct_reply"}, {"index": 11, "attribution": 0.02226185527960526, "content_attribution": -0.0006062148584086341, "stance_attribution": 0.022868070138013896, "tweet_id": 524975394710360064, "text": "@cbcsaltzman @CBCNews @680News", "type": "direct_reply"}, {"index": 5, "attribution": 0.010923512526555556, "content_attribution": -0.001016662631294405, "stance_attribution": 0.01194017515784996, "tweet_id": 524975336770252801, "text": "@cbcsaltzman @CBCNL @TelegramJames  Ya called it.", "type": "direct_reply"}, {"index": 9, "attribution": 0.0043368818124115095, "content_attribution": -0.0008694092257706865, "stance_attribution": 0.005206291038182195, "tweet_id": 524977208184803328, "text": "@cbcsaltzman @colormered canada has alot to answer for letting gunmen get in to the law offices of govt.", "type": "direct_reply"}, {"index": 2, "attribution": -0.0014107273180310226, "content_attribution": -0.0016062767362249285, "stance_attribution": 0.00019554941819390674, "tweet_id": 524975973851467776, "text": "#AttackInOttawa\n@cbcsaltzman: #BREAKING : NHL: Game betwToronto MapleLeafs &amp; #Ottawa Senators for tonight in #Ottawa, has been postponed", "type": "direct_reply"}, {"index": 4, "attribution": -0.0045022348561537875, "content_attribution": 0.05353909875395292, "stance_attribution": -0.0580413336101067, "tweet_id": 524983697343512576, "text": "@wsoccer10 @cbcsaltzman fuck!", "type": "lower_reply"}, {"index": 12, "attribution": -0.008467302434879087, "content_attribution": -0.0008999133739815794, "stance_attribution": -0.0075673890608975065, "tweet_id": 524976129380454400, "text": "@cbcsaltzman @CBCNews Wow the Leaf's Dodged a Bull/ no a Puck there !!", "type": "direct_reply"}, {"index": 0, "attribution": -0.23190152323997953, "content_attribution": 0.05606514042879941, "stance_attribution": -0.28796666366877893, "tweet_id": 524975093966209025, "text": "#BREAKING : NHL : The game between the Toronto Maple Leafs and Ottawa Senators, scheduled for tonight in Ottawa, has been postponed", "type": "source"}]}