{"thread_id": "524944637489086464", "gold_label": 1, "predicted_label": 0, "tweet_attributions": [{"index": 0, "attribution": 0.19802981339653927, "content_attribution": 0.03673293067860464, "stance_attribution": 0.16129688271793466, "tweet_id": 524944637489086464, "text": "#OTTAWA SHOOTING: Police killed 1 guman, believe 2 or 3 still at large - reports http://t.co/Zp9AKplH9p http://t.co/f5jsyOog9b", "type": "source"}, {"index": 4, "attribution": 0.052431865839813935, "content_attribution": -0.002251876890031222, "stance_attribution": 0.05468374272984516, "tweet_id": 524945105095249920, "text": "@RT_com can't be very good gunmen if they have only managed to shoot a statue lol", "type": "direct_reply"}, {"index": 6, "attribution": 0.007433804549714599, "content_attribution": -0.0006064480035426303, "stance_attribution": 0.008040252553257233, "tweet_id": 524970798042583040, "text": "@RT_com damn, Canada ain't safe no more? Smh", "type": "direct_reply"}, {"index": 3, "attribution": 0.005910200432332778, "content_attribution": 0.016729173700959863, "stance_attribution": -0.010818973268627085, "tweet_id": 524946698637152256, "text": "@RT_com Gunman!", "type": "direct_reply"}, {"index": 5, "attribution": -0.0031386805357207755, "content_attribution": -0.0025150871053662613, "stance_attribution": -0.0006235934303545155, "tweet_id": 524950548697849856, "text": "@RT_com @Swamy39 @HMOIndia @PMOIndia @SushmaSwaraj\nIt was eminant for Canada being safe haven &amp; a sanctuary for these jihadis &amp; terrorists", "type": "direct_reply"}, {"index": 1, "attribution": -0.013179475297781504, "content_attribution": -0.008425413769107763, "stance_attribution": -0.004754061528673741, "tweet_id": 524947185713283073, "text": "@RT_com apparently he came to shore from his submarine after sightseeing in Sweden.", "type": "direct_reply"}, {"index": 2, "attribution": -0.026967110945548732, "content_attribution": -0.0030833306895451922, "stance_attribution": -0.02388378025600354, "tweet_id": 524945086702825472, "text": "@RT_com Guman? Can you please correct?", "type": "direct_reply"}]}