{"thread_id": "524956372199555072", "gold_label": 1, "predicted_label": 2, "tweet_attributions": [{"index": 6, "attribution": 2.715050656682053, "content_attribution": 0.0373074062966857, "stance_attribution": 2.677743250385367, "tweet_id": 524958800085024769, "text": "@MezlO Holllyyyyy shit. I liked to pretend that things like this didn't happen in Canada. Wow.", "type": "lower_reply"}, {"index": 8, "attribution": 2.000825836530071, "content_attribution": 0.02800059776948903, "stance_attribution": 1.9728252387605818, "tweet_id": 524962773533728768, "text": "@MezlO I'm actually such a petty person, the second thing I did was check NHL website. Crazy.", "type": "lower_reply"}, {"index": 2, "attribution": 1.2149911795676438, "content_attribution": 0.05346345017579096, "stance_attribution": 1.1615277293918531, "tweet_id": 524959373945479168, "text": "@AllysonGrono supposed to be a Sens/Leafs game tonight here too. Should be cancelled.", "type": "lower_reply"}, {"index": 7, "attribution": 0.3213482227177338, "content_attribution": 0.00957731583313004, "stance_attribution": 0.3117709068846037, "tweet_id": 524963111263297536, "text": "@AllysonGrono they're making an announcement this afternoon about whether the game is on.", "type": "lower_reply"}, {"index": 4, "attribution": 0.23534001306589541, "content_attribution": 0.035116282822684405, "stance_attribution": 0.20022373024321102, "tweet_id": 524957894765453313, "text": "@AllysonGrono \u201c@cnnbrk: Map of areas where shootings reported: War Memorial, near Rideau Centre and Parliament Hill. http://t.co/V76QLuD5vQ\u201d", "type": "direct_reply"}, {"index": 3, "attribution": 0.04705339156568766, "content_attribution": 0.050806782044306636, "stance_attribution": -0.003753390478618967, "tweet_id": 524959188959895552, "text": "@AllysonGrono we like to pretend that too. Police seem to be doing a good job though.", "type": "lower_reply"}, {"index": 5, "attribution": 0.02472005142540022, "content_attribution": -0.0022115475776694547, "stance_attribution": 0.026931599003069673, "tweet_id": 524957360776028160, "text": "@cnnbrk  NORAD has increased it's alert level! Canada's security guards are unarmed .!!!!' Still active", "type": "direct_reply"}, {"index": 0, "attribution": 0.016783784192141757, "content_attribution": 0.04201881538045947, "stance_attribution": -0.02523503118831772, "tweet_id": 524956372199555072, "text": "Map of areas where Ottawa shootings were reported: National War Memorial, near the Rideau Centre and Parliament Hill. http://t.co/NcfNCR5VCV", "type": "source"}, {"index": 1, "attribution": -0.0017029510335008816, "content_attribution": -0.001259483862588451, "stance_attribution": -0.0004434671709124305, "tweet_id": 524979272633831424, "text": "@cnnbrk @CFLancop God have mercy on the victims. But, will this terrorism be termed, Workplace Violence?", "type": "direct_reply"}]}