{"thread_id": "524929497205055488", "gold_label": 2, "predicted_label": 0, "tweet_attributions": [{"index": 0, "attribution": 0.1333685142991074, "content_attribution": -0.053255872189462664, "stance_attribution": 0.18662438648857005, "tweet_id": 524929497205055488, "text": "Canada's Parliament Hill is on lockdown as police hunt shooting suspect; at least 1 injured - @CBCNews, @TorontoStar http://t.co/aF9HyT9BgX", "type": "source"}, {"index": 2, "attribution": 0.09903900985292505, "content_attribution": -0.014299604409570624, "stance_attribution": 0.11333861426249564, "tweet_id": 524929713014181890, "text": "@BreakingNews @CBCNews @TorontoStar So Canada's strict gun control policies have failed", "type": "direct_reply"}, {"index": 5, "attribution": 0.03155307365182714, "content_attribution": -0.004427834915596821, "stance_attribution": 0.03598090856742396, "tweet_id": 524929931634286592, "text": "@CutGovtSpending @BreakingNews @CBCNews @TorontoStar this is probably ISIS. canadas gun control hasnt failed at all.", "type": "lower_reply"}, {"index": 12, "attribution": 0.012543346145195542, "content_attribution": -0.0008477409092895265, "stance_attribution": 0.013391087054485069, "tweet_id": 524931961744142338, "text": "@BreakingNews @SanaMerza @CBCNews @TorontoStar http://t.co/1Zu6gdZQfK \nNews,darams,cric,funny \nhttp://t.co/1Zu6gdZQfK", "type": "direct_reply"}, {"index": 3, "attribution": 0.006755562811262852, "content_attribution": 0.0006811015290330217, "stance_attribution": 0.006074461282229833, "tweet_id": 524931726699954178, "text": "\u201c@BreakingNews: Canada's Parliament Hill is on lockdown as police hunt shooting suspect; at least 1 injured http://t.co/kvitVgSx6j\u201d O.O", "type": "direct_reply"}, {"index": 9, "attribution": 0.0030698825992620266, "content_attribution": -0.003815657136461717, "stance_attribution": 0.006885539735723743, "tweet_id": 524930719077122048, "text": "@CutGovtSpending @BreakingNews @CBCNews @TorontoStar it's Isis fucktard", "type": "lower_reply"}, {"index": 8, "attribution": -0.0031871650926726942, "content_attribution": -0.005046669140657774, "stance_attribution": 0.0018595040479850809, "tweet_id": 525030609757151232, "text": "@BreakingNews @CBCNews @TorontoStar \nI'm guessing Obama will probably apologize to the terrorists on Canada's behalf.", "type": "direct_reply"}, {"index": 6, "attribution": -0.005625222914468458, "content_attribution": -0.002606850006198732, "stance_attribution": -0.003018372908269726, "tweet_id": 524930529637175296, "text": "@CutGovtSpending @BreakingNews @CBCNews @TorontoStar that is such a stupid, uneducated comment", "type": "lower_reply"}, {"index": 11, "attribution": -0.006482217193721348, "content_attribution": -0.00047350796616823934, "stance_attribution": -0.006008709227553108, "tweet_id": 524930651964051456, "text": "@CutGovtSpending @BreakingNews @CBCNews @TorontoStar Hardly, dont hear about a school shooting or spree every 5 mins do we?", "type": "lower_reply"}, {"index": 1, "attribution": -0.011391560749575595, "content_attribution": 0.008326533273612175, "stance_attribution": -0.019718094023187773, "tweet_id": 524930598733758465, "text": "@BreakingNews @CBCNews @TorontoStar praying for all affected by this shooting", "type": "direct_reply"}, {"index": 4, "attribution": -0.01394923219802365, "content_attribution": -0.0012469865321034176, "stance_attribution": -0.012702245665920233, "tweet_id": 524930854335053824, "text": "@CutGovtSpending @BreakingNews @CBCNews @TorontoStar you stupid fuck", "type": "lower_reply"}, {"index": 7, "attribution": -0.014217748710297554, "content_attribution": -0.0018709995907469485, "stance_attribution": -0.012346749119550608, "tweet_id": 524930767810756608, "text": "@BreakingNews @CBCNews @TorontoStar get well soon", "type": "direct_reply"}, {"index": 10, "attribution": -0.03561640604000781, "content_attribution": -0.0013977076864754756, "stance_attribution": -0.03421869835353233, "tweet_id": 524951847472488448, "text": "@BreakingNews @mkernohan what? You have only been there a week! How did you manage this! Stay safe.", "type": "direct_reply"}]}