{"thread_id": "524952341561491459", "gold_label": 0, "predicted_label": 2, "tweet_attributions": [{"index": 10, "attribution": 4.1830763809710705, "content_attribution": 0.06667924646767637, "stance_attribution": 4.116397134503394, "tweet_id": 524955496973746177, "text": "@ADWAyAM @RT_com These militants are worse than animals", "type": "lower_reply"}, {"index": 12, "attribution": 2.4641757295271542, "content_attribution": 0.10542257105767497, "stance_attribution": 2.3587531584694794, "tweet_id": 524955819180167169, "text": "@YuddhishthirS @RT_com you are ridiculing animals. Animals are faithful creatures.", "type": "lower_reply"}, {"index": 9, "attribution": 2.046461901072549, "content_attribution": 0.046441671595454856, "stance_attribution": 2.0000202294770935, "tweet_id": 524954620020285441, "text": "@YuddhishthirS @RT_com shame on these guys. CANADA is among top most country where people r peace n fun loving. Get of the land u dirty guys", "type": "lower_reply"}, {"index": 0, "attribution": 0.04720579679838956, "content_attribution": 0.04780430024760295, "stance_attribution": -0.0005985034492133915, "tweet_id": 524952341561491459, "text": "#OTTAWA FOOTAGE: Video captures moment shots fired in Canadian Parliament http://t.co/Zp9AKplH9p http://t.co/CkAO04v5gm", "type": "source"}, {"index": 1, "attribution": 0.03228129791827454, "content_attribution": 0.08284759552898896, "stance_attribution": -0.05056629761071443, "tweet_id": 524956614319566849, "text": "@ADWAyAM  You are right. Even animals are ashamed of them. Bloody bloodsucking devils", "type": "lower_reply"}, {"index": 2, "attribution": 0.0053001527437473595, "content_attribution": 0.0007894035151995008, "stance_attribution": 0.004510749228547859, "tweet_id": 524954909448613890, "text": "@RT_com Pretty cool vid but I couldnt help LoL'in at the fat assed police womin waddling along tryin to look useful.", "type": "direct_reply"}, {"index": 3, "attribution": 0.004961550318922126, "content_attribution": -0.0005870343185269589, "stance_attribution": 0.0055485846374490845, "tweet_id": 524954109343178752, "text": "@RT_com what goes around usually comes around, sad though! I blame dumb twit @pmharper !! @georgegalloway", "type": "direct_reply"}, {"index": 4, "attribution": 0.00025141589847898376, "content_attribution": -0.002377133240050995, "stance_attribution": 0.002628549138529979, "tweet_id": 524967094409261058, "text": "@RT_com In the U.S. this can't ever happen. Our legislators never show up for work. Too busy being prostitutes for their campaigns to work.", "type": "direct_reply"}, {"index": 6, "attribution": -0.0006487428743298453, "content_attribution": 9.337046127588088e-05, "stance_attribution": -0.0007421133356057259, "tweet_id": 524959326914752512, "text": "\u201c@RT_com: #OTTAWA FOOTAGE: Video captures moment shots fired in Canadian Parliament http://t.co/GOLXIFkYaE http://t.co/KJS5XwT2Ui\u201d", "type": "direct_reply"}, {"index": 11, "attribution": -0.0013326466887190976, "content_attribution": 7.603275472896642e-05, "stance_attribution": -0.0014086794434480642, "tweet_id": 524952827131461632, "text": "\u201c@RT_com: #OTTAWA FOOTAGE: Video captures moment shots fired in Canadian Parliament http://t.co/rQ1Dmykfza http://t.co/dsqAGTzk8N\u201d\n\nCrazy.", "type": "direct_reply"}, {"index": 5, "attribution": -0.00973855986765602, "content_attribution": 0.004674510977326086, "stance_attribution": -0.014413070844982105, "tweet_id": 524955117616103424, "text": "@wortonLOVESGAZA @RT_com Naw it was just that fat assed police womin at the rear farting.", "type": "lower_reply"}, {"index": 7, "attribution": -0.011479557291994279, "content_attribution": 0.0025809003188471576, "stance_attribution": -0.014060457610841438, "tweet_id": 524953311506857984, "text": "@RT_com did a bomb go off!!   violent shaking on the footage", "type": "direct_reply"}, {"index": 8, "attribution": -0.12545466425464152, "content_attribution": 0.04438325386135212, "stance_attribution": -0.16983791811599364, "tweet_id": 524953983387828224, "text": "\"@RT_com: #OTTAWA FOOTAGE: Video captures moment shots fired in Canadian Parliament http://t.co/qArIR1sudS http://t.co/gema5yAbAA\"", "type": "direct_reply"}]}