{"thread_id": "524926643325132800", "gold_label": 2, "predicted_label": 2, "tweet_attributions": [{"index": 7, "attribution": 1.7302755519891981, "content_attribution": 0.09384690391945928, "stance_attribution": 1.6364286480697388, "tweet_id": 524937782813556737, "text": "@MaldwynDobbs it is and scary,the other day a shooting incident in Quebec", "type": "lower_reply"}, {"index": 8, "attribution": 0.5960777110258701, "content_attribution": 0.07493771360826143, "stance_attribution": 0.5211399974176087, "tweet_id": 524931800863608832, "text": "\u201c@CBCAlerts: Watch live: CBC coverage of shooting of soldier at Ottawa shooter still on loose around Parliament Hill: http://t.co/byRRHIoSbR", "type": "direct_reply"}, {"index": 6, "attribution": 0.19691106643803402, "content_attribution": 0.08464489168700864, "stance_attribution": 0.11226617475102538, "tweet_id": 524937970441519104, "text": "@vonch Thanks!!!", "type": "lower_reply"}, {"index": 0, "attribution": 0.1459734050340896, "content_attribution": 0.07897668972809246, "stance_attribution": 0.06699671530599713, "tweet_id": 524926643325132800, "text": "Watch live: CBC NN coverage of shooting of soldier at Ottawa Cenotaph; shooter still on loose around Parliament Hill: http://t.co/16oYL4awFM", "type": "source"}, {"index": 13, "attribution": 0.021701715306499447, "content_attribution": -0.00012422885384705794, "stance_attribution": 0.021825944160346503, "tweet_id": 524929503106449408, "text": "\u201c@CBCAlerts: coverage of shooting of #soldier at #Ottawa Cenotaph; shooter still on loose around Parliament Hill: http://t.co/WUKsHunRAY\u201d", "type": "direct_reply"}, {"index": 16, "attribution": 0.020387436721061577, "content_attribution": -0.006049274907141329, "stance_attribution": 0.026436711628202908, "tweet_id": 524929897995964416, "text": "@CBCAlerts this breaks my heart", "type": "direct_reply"}, {"index": 9, "attribution": 0.013620466341425648, "content_attribution": -8.123618126721447e-05, "stance_attribution": 0.01370170252269286, "tweet_id": 524927413138907137, "text": "@CBCAlerts @instapundit Good thing its easy for Canadian citizens to arm and protect themselves.", "type": "direct_reply"}, {"index": 5, "attribution": 0.007970963058721154, "content_attribution": 0.0001319877235734205, "stance_attribution": 0.007838975335147734, "tweet_id": 524934258318917633, "text": "@CBCAlerts it doesnt work", "type": "direct_reply"}, {"index": 4, "attribution": 0.0015631225023704245, "content_attribution": -0.00021614270783265187, "stance_attribution": 0.0017792652102030767, "tweet_id": 524928824006688768, "text": "@CBCAlerts Wake up, people!  These Islamist rapist slavers are coming for you, taking advantage of your laws and loop-holes! Arrest them NOW", "type": "direct_reply"}, {"index": 11, "attribution": 0.000359411878312141, "content_attribution": -0.0005305283034030436, "stance_attribution": 0.0008899401817151847, "tweet_id": 524929355362099200, "text": "@CBCAlerts @yatesey", "type": "direct_reply"}, {"index": 14, "attribution": -0.0005172366756804666, "content_attribution": -0.0003623351942121455, "stance_attribution": -0.0001549014814683211, "tweet_id": 524940021535887361, "text": "@CBCAlerts ok...WTF? ON CDN SOIL - thoughts &amp; prayers go out to Soldier's Family.", "type": "direct_reply"}, {"index": 1, "attribution": -0.0006798054172513282, "content_attribution": 8.119389983392049e-05, "stance_attribution": -0.0007609993170852487, "tweet_id": 524927492524892160, "text": "@CBCAlerts I ask for welfare and medical after I am free from political jail in Iran RCMP send me in court and jail http://t.co/hioEnDUwmU", "type": "direct_reply"}, {"index": 10, "attribution": -0.001287108108279, "content_attribution": -0.001263243156562371, "stance_attribution": -2.3864951716628724e-05, "tweet_id": 524927910587944961, "text": "@CBCAlerts this is ridiculously close to my house", "type": "direct_reply"}, {"index": 15, "attribution": -0.0015450486384124362, "content_attribution": 0.0007213283084536558, "stance_attribution": -0.002266376946866092, "tweet_id": 524957109725966338, "text": "@CBCAlerts Trouble with liberal ideas is it assumes everyone holds similar views.THEY DO NOT.And those so inclined take advantage like this.", "type": "direct_reply"}, {"index": 12, "attribution": -0.006250524032359418, "content_attribution": -0.00015860380710558338, "stance_attribution": -0.006091920225253834, "tweet_id": 524929170573635584, "text": "@CBCAlerts @CBCNews if you do this act, is it more of frustration in life or financial frustration. I wonder???", "type": "direct_reply"}, {"index": 2, "attribution": -0.007437790287982665, "content_attribution": 0.06762762352933102, "stance_attribution": -0.07506541381731369, "tweet_id": 524933454048550914, "text": "@vonch @CBCAlerts Looks very bad.", "type": "lower_reply"}, {"index": 3, "attribution": -0.015033073062952942, "content_attribution": -0.00040464157492830534, "stance_attribution": -0.014628431488024637, "tweet_id": 524931392656777219, "text": "@CBCAlerts @CBCNews The transformation of a country before our very eyes. Get used to this kind of stuff cause it's gonna be commonplace.", "type": "direct_reply"}]}