{"thread_id": "524958599433691136", "gold_label": 2, "predicted_label": 2, "tweet_attributions": [{"index": 7, "attribution": 3.276258917166477, "content_attribution": 0.05981232230422209, "stance_attribution": 3.216446594862255, "tweet_id": 524964756411924481, "text": "@globeandmail anything to do with Middle East issues? Ban all flights to &amp; from the region? Canadians don't do this kind of insanity.", "type": "lower_reply"}, {"index": 8, "attribution": 2.784963279304421, "content_attribution": 0.06358685794271246, "stance_attribution": 2.7213764213617084, "tweet_id": 524967947996246016, "text": "@globeandmail deport anyone showing violent tendencies to Canada on behalf of the insanity taking place in the Middle East. Keep it there.", "type": "lower_reply"}, {"index": 5, "attribution": 1.814002189750203, "content_attribution": 0.032788179114331566, "stance_attribution": 1.7812140106358714, "tweet_id": 524962988533768192, "text": "@globeandmail insane to do this in Canada. There will be consequences. We take peace keeping very serious. They have disrupted our peace.", "type": "direct_reply"}, {"index": 9, "attribution": 0.452832392034839, "content_attribution": 0.038011474532045904, "stance_attribution": 0.41482091750279315, "tweet_id": 524989797929349120, "text": "@globeandmail if there are web sites brainwashing people into joining aq &amp; isis or encouraging terrorism shut them down. Be proactive?", "type": "lower_reply"}, {"index": 3, "attribution": 0.010342904935137266, "content_attribution": -0.0037068347835135956, "stance_attribution": 0.014049739718650865, "tweet_id": 524965305186283520, "text": "@globeandmail @USATODAY. US gun culture is moving north.", "type": "direct_reply"}, {"index": 4, "attribution": 0.0005300321333299189, "content_attribution": 0.00043587609719098597, "stance_attribution": 9.415603613893188e-05, "tweet_id": 524958940229275648, "text": "@globeandmail please stop posting pictures of the army deployement...", "type": "direct_reply"}, {"index": 6, "attribution": -0.0071458779684098585, "content_attribution": -0.00026674973987037486, "stance_attribution": -0.006879128228539483, "tweet_id": 524965554583793664, "text": "@globeandmail  @neilinozone I'm so glad the PM is safe. Hell with the 3month old.", "type": "direct_reply"}, {"index": 1, "attribution": -0.01734658684402543, "content_attribution": 0.04170624007841056, "stance_attribution": -0.05905282692243599, "tweet_id": 524968970244595712, "text": "@globeandmail this is an act of war.  We will not tolerate terrorism in  Canada or anywhere else. We value peace.", "type": "lower_reply"}, {"index": 2, "attribution": -0.023114186987440635, "content_attribution": -0.011581148627806879, "stance_attribution": -0.011533038359633756, "tweet_id": 524961802036072448, "text": "@globeandmail @USATODAY A few more guys, sharpshooters on the roof and a tank and it's Ferguson!", "type": "direct_reply"}, {"index": 0, "attribution": -0.09282775521231468, "content_attribution": 0.0682046426678293, "stance_attribution": -0.16103239788014398, "tweet_id": 524958599433691136, "text": "Police confirm 'several' shootings in Ottawa; PM safe; downtown buildings in lockdown http://t.co/WX22NpkCFs http://t.co/FlvvBW7Cu2", "type": "source"}]}