{"thread_id": "524976486902951936", "gold_label": 1, "predicted_label": 0, "tweet_attributions": [{"index": 0, "attribution": 0.20898875647929002, "content_attribution": 0.020576646327408306, "stance_attribution": 0.18841211015188172, "tweet_id": 524976486902951936, "text": "Map of three #Ottawa locations where police say shots have been fired http://t.co/QrP5bauJcR http://t.co/nutT2VYvpD", "type": "source"}, {"index": 1, "attribution": 0.051475294194809715, "content_attribution": 0.014582932056514052, "stance_attribution": 0.03689236213829565, "tweet_id": 524980159775248385, "text": "@BBCNewsGraphics you should try that at venezuela......", "type": "direct_reply"}, {"index": 8, "attribution": 0.03346498475952932, "content_attribution": 0.004317285252737194, "stance_attribution": 0.02914769950679212, "tweet_id": 524983424659226625, "text": "@BBCNewsGraphics @BBCWorld \n psychopathic viruses called #IslamicState\n R danger 4 every civil society\nCivilized #world must support #Kobani", "type": "direct_reply"}, {"index": 7, "attribution": 0.01598218576307947, "content_attribution": 0.003255915686245006, "stance_attribution": 0.012726270076834464, "tweet_id": 524978973231828994, "text": "\u201cMap of three #Ottawa locations where police say shots have been fired http://t.co/1rEZaY70As http://t.co/Nht2Qz37W6\u201d rt@BBCNewsGraphics", "type": "direct_reply"}, {"index": 6, "attribution": 0.013950216999104273, "content_attribution": 0.001080296704126891, "stance_attribution": 0.01286992029497738, "tweet_id": 524981114889580545, "text": "@BBCNewsGraphics @BBCWorld thank you for your coverage. Help keep the focus on the victims not the perpetrators. #OttawaShooting", "type": "direct_reply"}, {"index": 3, "attribution": 0.010538194617709998, "content_attribution": -0.001603331396398235, "stance_attribution": 0.012141526014108235, "tweet_id": 524976996716015620, "text": ".@CarrieOh_77 Another: MT @BBCNewsGraphics: Map of 3 Ottawa spots where cops say shots fired http://t.co/9GRoVF3ROj http://t.co/VMAy28URe3", "type": "direct_reply"}, {"index": 2, "attribution": 0.007350469187489614, "content_attribution": 4.300243672370884e-05, "stance_attribution": 0.007307466750765906, "tweet_id": 524980444186423297, "text": "\u201c@BBCNewsGraphics: Map of three #Ottawa locations where police say shots have been fired http://t.co/7xuYkMiyhg http://t.co/lp7Dk4kNRm\u201d", "type": "direct_reply"}, {"index": 4, "attribution": 0.0061551019744733055, "content_attribution": 0.009705786093289188, "stance_attribution": -0.0035506841188158848, "tweet_id": 524984794699288576, "text": "@BBCNewsGraphics @BBCWorld BBC calls it a shooting until they know it was brown people, then it will be a terrorist attack!", "type": "direct_reply"}, {"index": 5, "attribution": -0.014486988705591976, "content_attribution": -0.0026413994254710425, "stance_attribution": -0.011845589280120934, "tweet_id": 524980870554607616, "text": "@BBCNewsGraphics @BBCWorld  30+ shots fired- 1 Military reservist confirmed dead, 2 others injured,  # of shooters unknown. #OttawaStrong", "type": "direct_reply"}]}