{"thread_id": "524951585231994880", "gold_label": 1, "predicted_label": 2, "tweet_attributions": [{"index": 2, "attribution": 3.2276601690125646, "content_attribution": 0.06749262345178134, "stance_attribution": 3.160167545560783, "tweet_id": 524961954675580929, "text": "@CynleeF @CBCOttawa They said two people were hit but not in serious condition.", "type": "lower_reply"}, {"index": 12, "attribution": 2.4041860000982163, "content_attribution": 0.08267329481337464, "stance_attribution": 2.3215127052848414, "tweet_id": 524962926537736193, "text": "@Finlaure13 @CBCOttawa Hoping they'll be ok. Even if injuries aren't life-threatening, there is the trauma of being shot", "type": "lower_reply"}, {"index": 18, "attribution": 1.7430552889174196, "content_attribution": 0.012870492966268457, "stance_attribution": 1.7301847959511512, "tweet_id": 524961581936152576, "text": "@CBCOttawa @Finlaure13 Oh no! The mall too? There are always so many people in that area", "type": "direct_reply"}, {"index": 4, "attribution": 0.32943044948685984, "content_attribution": 0.08711431733882172, "stance_attribution": 0.24231613214803815, "tweet_id": 524963177256484864, "text": "@CynleeF @CBCOttawa For certain!", "type": "lower_reply"}, {"index": 1, "attribution": 0.014588667045093776, "content_attribution": -0.0006674413959061237, "stance_attribution": 0.015256108440999899, "tweet_id": 524953405232799745, "text": "\u201c@CBCOttawa:Police say there are 3 shooting scenes: Parliament, War Memorial, Rideau Center.\" Can't believe this is happening in my country.", "type": "direct_reply"}, {"index": 15, "attribution": 0.002963191866266852, "content_attribution": 0.0003159620007348316, "stance_attribution": 0.002647229865532021, "tweet_id": 524953194166636544, "text": "\u201c@CBCOttawa: Police say there are 3 shooting scenes: Parliament, War Memorial, Rideau Centre. They happened close together, police say @cnn", "type": "direct_reply"}, {"index": 10, "attribution": 0.002138854851651894, "content_attribution": 0.00020286353783698568, "stance_attribution": 0.0019359913138149083, "tweet_id": 524973018196369409, "text": "Shocked, sad news from Ottawa RT @CBCOttawa: Police say there are 3 shooting scenes: Parliament, War Memorial, Rideau Centre.", "type": "direct_reply"}, {"index": 9, "attribution": 0.0018963815351386599, "content_attribution": -0.0007089008812581872, "stance_attribution": 0.002605282416396847, "tweet_id": 524953887975800832, "text": "@cbcottawa @cbcnews just a suggestion, but it would be nice not to have to sit through three ads before watching footage on your web site.", "type": "direct_reply"}, {"index": 6, "attribution": 0.0006810700118309223, "content_attribution": 1.4574126044378573e-05, "stance_attribution": 0.0006664958857865439, "tweet_id": 524953176005308416, "text": "@CBCOttawa @YoniFreedhoff", "type": "direct_reply"}, {"index": 7, "attribution": 0.00034663858898620255, "content_attribution": 0.00036580456288685015, "stance_attribution": -1.916597390064738e-05, "tweet_id": 524952652103565313, "text": "\u201c@CBCOttawa: Police say there are 3 shooting scenes: Parliament, War Memorial, Rideau Centre. They happened close together @AdamBomb613", "type": "direct_reply"}, {"index": 14, "attribution": -0.0004579406464502357, "content_attribution": 0.0006258788618912186, "stance_attribution": -0.0010838195083414542, "tweet_id": 524952573682659328, "text": "Jeez. \u201c@CBCOttawa: Police say there are 3 shooting scenes: Parliament, War Memorial, Rideau Centre. Happened close together, police say.\"", "type": "direct_reply"}, {"index": 13, "attribution": -0.0005702510326219652, "content_attribution": 2.9600607651526984e-05, "stance_attribution": -0.0005998516402734922, "tweet_id": 524956775666425856, "text": "@CBCOttawa @CBCNews", "type": "direct_reply"}, {"index": 16, "attribution": -0.000584580362648119, "content_attribution": -0.00043652590178669843, "stance_attribution": -0.00014805446086142064, "tweet_id": 524958063820689410, "text": "#Ottawa MT @CBCOttawa: Police say there are 3 shooting scenes: Parliament, War Memorial, near Rideau Centre.", "type": "direct_reply"}, {"index": 8, "attribution": -0.0009745573941497913, "content_attribution": -7.710578228466897e-06, "stance_attribution": -0.0009668468159213244, "tweet_id": 524952291976421376, "text": "@CBCOttawa @katelalu", "type": "direct_reply"}, {"index": 3, "attribution": -0.0012375092566849694, "content_attribution": -6.791745079428037e-05, "stance_attribution": -0.0011695918058906892, "tweet_id": 524952651046612992, "text": "@CBCOttawa @SunnyFreeman", "type": "direct_reply"}, {"index": 17, "attribution": -0.00281807735602122, "content_attribution": -0.0007194206756270922, "stance_attribution": -0.0020986566803941273, "tweet_id": 524970849506693120, "text": "@CBCOttawa @NGourd the french in canada provides support against attacks", "type": "direct_reply"}, {"index": 5, "attribution": -0.004683448827214773, "content_attribution": -0.00022318123127328202, "stance_attribution": -0.00446026759594149, "tweet_id": 525024623180931072, "text": "@CBCOttawa @ViktaPaulo Rideau Center??!?", "type": "direct_reply"}, {"index": 11, "attribution": -0.010764155118059962, "content_attribution": 0.0006536844122978532, "stance_attribution": -0.011417839530357814, "tweet_id": 524954393272418307, "text": "@CBCOttawa @CBCNews Any news on the young soldier?", "type": "direct_reply"}, {"index": 0, "attribution": -0.020491012612715298, "content_attribution": 0.032924081624190436, "stance_attribution": -0.05341509423690573, "tweet_id": 524951585231994880, "text": "Police say there are 3 shooting scenes: Parliament, War Memorial, Rideau Centre. They happened close together, police say #cbcOTT #OTTnews", "type": "source"}]}