{"thread_id": "524983581983375360", "gold_label": 1, "predicted_label": 2, "tweet_attributions": [{"index": 14, "attribution": 3.3561172606620935, "content_attribution": 0.03057200866908503, "stance_attribution": 3.3255452519930087, "tweet_id": 524983715832029184, "text": "@cnnbrk hope they die fuck canada", "type": "direct_reply"}, {"index": 8, "attribution": 2.1299207278630963, "content_attribution": 0.046934640655175136, "stance_attribution": 2.082986087207921, "tweet_id": 524988101966303233, "text": "@CujoTheG @cnnbrk and I hope you are arrested for saying shit like that", "type": "lower_reply"}, {"index": 6, "attribution": 0.06296497169878326, "content_attribution": 0.05010601313701056, "stance_attribution": 0.012858958561772715, "tweet_id": 524988215376510976, "text": "@real_dashermace @cnnbrk FUCK U", "type": "lower_reply"}, {"index": 2, "attribution": 0.05112802857604664, "content_attribution": 0.060101837694515506, "stance_attribution": -0.008973809118468859, "tweet_id": 525056723497660416, "text": "@palescalesDRUNK @cnnbrk - You mean like someone who harps on someone else asking for clarification?  Sounds like *you* need to calm down.", "type": "lower_reply"}, {"index": 13, "attribution": 0.030289649431987278, "content_attribution": 0.038045147439755816, "stance_attribution": -0.007755498007768539, "tweet_id": 524985802502447105, "text": "@ViewFromAskew @cnnbrk breaking news is fraught with mistakes.  Calm down.", "type": "lower_reply"}, {"index": 4, "attribution": 0.028477207428677577, "content_attribution": -0.0024622342582048496, "stance_attribution": 0.030939441686882427, "tweet_id": 524984000134520834, "text": "@cnnbrk let's wish the best for #Canada and this time of tragedy", "type": "direct_reply"}, {"index": 18, "attribution": 0.01824669857598174, "content_attribution": -0.0016424526204005727, "stance_attribution": 0.019889151196382314, "tweet_id": 524985076250341376, "text": "\u201c@cnnbrk: Now two shooting incidents in Ottawa: one at the war memorial, the other on Parliament Hill. http://t.co/JnICuXj3qO\u201d \ud83d\ude4f #scary", "type": "direct_reply"}, {"index": 17, "attribution": 0.0028727271668438567, "content_attribution": -0.0003558347312872404, "stance_attribution": 0.003228561898131099, "tweet_id": 524984804161642497, "text": "@cnnbrk Three", "type": "direct_reply"}, {"index": 12, "attribution": 0.00189875772090629, "content_attribution": 0.00011239593931604722, "stance_attribution": 0.0017863617815902402, "tweet_id": 524984794480775168, "text": "\u201c@cnnbrk: Police now say there were 2 shooting incidents in Ottawa:  at the war memorial, &amp; on Parliament Hill. http://t.co/tmZD7LLvCo\u201d", "type": "direct_reply"}, {"index": 7, "attribution": 0.0012494550237905607, "content_attribution": 1.1309078541293083e-05, "stance_attribution": 0.0012381459452492677, "tweet_id": 524983809834754048, "text": "@cnnbrk \u0628\u0646\u0627\u062a \u062d\u0648\u0627\u0621 \u062a\u0639\u0627\u0644\u0648\u0622 \u0647\u0646\u0627\u0627\u0627\u0627\u0627\u0627\u0627\u0627 - @Question_arab", "type": "direct_reply"}, {"index": 15, "attribution": 0.00032211256430538686, "content_attribution": 4.16251515933782e-05, "stance_attribution": 0.0002804874127120086, "tweet_id": 524983795553165312, "text": "@cnnbrk \u0639\u0646\u0635\u0631\u064a\u0647 \u0648\u0644\u064a\u062f \u0627\u0644\u0641\u0631\u0627\u062c \u064a\u062a\u0627\u0628\u0639 \u0630\u0627 \u0627\u0644\u062d\u0633\u0627\u0628 \u061f @Question_arab", "type": "direct_reply"}, {"index": 11, "attribution": -5.450549778181585e-06, "content_attribution": 5.917008293323399e-05, "stance_attribution": -6.462063271141558e-05, "tweet_id": 524983797952282624, "text": "@cnnbrk \u0647\u0647\u0647\u0647\u0647 \u0634\u0648\u0641 \u0627\u0644\u0648\u0644\u064a\u062f \u0628\u0646 \u0637\u0644\u0627\u0644 \u0645\u064a\u0646 \u0645\u062a\u0627\u0628\u0639 \u061f @Question_arab", "type": "direct_reply"}, {"index": 5, "attribution": -7.096678380646073e-05, "content_attribution": 8.607241738488296e-06, "stance_attribution": -7.957402554494904e-05, "tweet_id": 524983791031693312, "text": "@cnnbrk \u0647\u0647\u0647\u0647\u0647\u0647\u0647 \u062d\u0633\u0627\u0628 \u0643\u0644\u0647 \u0633\u062d\u0631 \u0641\u064a \u0633\u062d\u0631 \u0648\u0631\u0628\u064a - @Question_arab", "type": "direct_reply"}, {"index": 1, "attribution": -8.167612524875498e-05, "content_attribution": -2.0778658115161302e-05, "stance_attribution": -6.089746713359371e-05, "tweet_id": 524984051019808768, "text": "@cnnbrk \u062d\u0633\u0627\u0628 \u0627\u0633\u0626\u0644\u0629 \u0627\u062a\u062d\u062f\u0627\u0643 \u062a\u062c\u0627\u0648\u0628 \u0639\u0644\u064a\u0647\u0627 - @Question_arab", "type": "direct_reply"}, {"index": 10, "attribution": -0.00016650595097522842, "content_attribution": 4.8934098823482725e-05, "stance_attribution": -0.0002154400497987111, "tweet_id": 524983802633125888, "text": "@cnnbrk \u0647\u0647\u0647\u0647\u0647\u0647 \u062e\u0644\u064a \u0639\u0646\u0643 \u0634\u0648\u0641 \u0647\u0627\u0644\u062d\u0633\u0627\u0628 \u0628\u0633 @Question_arab", "type": "direct_reply"}, {"index": 9, "attribution": -0.0031606443054951073, "content_attribution": 0.014683268599267352, "stance_attribution": -0.017843912904762463, "tweet_id": 524985542384320514, "text": "@cnnbrk Weren't you reporting THREE incidents earlier?", "type": "direct_reply"}, {"index": 3, "attribution": -0.003703998001356512, "content_attribution": -0.0091339041097169, "stance_attribution": 0.005429906108360388, "tweet_id": 524985119036411904, "text": "@cnnbrk how was Ebola at both places simultaneously??", "type": "direct_reply"}, {"index": 16, "attribution": -0.005587153519617577, "content_attribution": 0.00011215133634141557, "stance_attribution": -0.005699304855958992, "tweet_id": 524984454365077505, "text": "@cnnbrk http://t.co/hlvnBBaGmk http://t.co/Jwts6ifKqN", "type": "direct_reply"}, {"index": 0, "attribution": -0.5129344205106434, "content_attribution": 0.041883774501355595, "stance_attribution": -0.554818195011999, "tweet_id": 524983581983375360, "text": "Police now say there were two shooting incidents in Ottawa: one at the war memorial, the other on Parliament Hill. http://t.co/q98AMohu7T", "type": "source"}]}