{"thread_id": "524923678472286209", "gold_label": 0, "predicted_label": 2, "tweet_attributions": [{"index": 4, "attribution": 3.291636187176177, "content_attribution": 0.02673742404881006, "stance_attribution": 3.2648987631273663, "tweet_id": 524924656214888449, "text": "@globeandmail omg I hope everyone's ok", "type": "direct_reply"}, {"index": 2, "attribution": 2.029298890727152, "content_attribution": 0.02391097317489892, "stance_attribution": 2.0053879175522527, "tweet_id": 524928871033241601, "text": "@linmcgowan @globeandmail  6 medics are performing CPR on a fallen Canadian soldier.", "type": "lower_reply"}, {"index": 7, "attribution": 0.24989164190037672, "content_attribution": 0.04135066160971798, "stance_attribution": 0.20854098029065876, "tweet_id": 524929904006406144, "text": "@shelliecorreia @globeandmail I can't even click on my news alert app news its so busy", "type": "lower_reply"}, {"index": 5, "attribution": 0.02289349909938932, "content_attribution": -0.0011239214068712437, "stance_attribution": 0.024017420506260562, "tweet_id": 524923965224263680, "text": "@globeandmail @michale_carter", "type": "direct_reply"}, {"index": 8, "attribution": -0.0028141324054881747, "content_attribution": 0.0025630289395345883, "stance_attribution": -0.0053771613450227605, "tweet_id": 524924848041369601, "text": "\u201c@globeandmail: news: Shots fired at Parliament Hill. Follow developing story: http://t.co/MQ0F9Ycojd http://t.co/wjypk7jprx\u201d @rhs_trending", "type": "direct_reply"}, {"index": 3, "attribution": -0.005054702287129736, "content_attribution": -0.00042548220209916334, "stance_attribution": -0.004629220085030573, "tweet_id": 524923945204465664, "text": "\u201c@globeandmail: #BREAKING news: Shots fired at Parliament Hill. Follow developing story: http://t.co/b7FnZGuYeZ http://t.co/HfzK1SbrFH\u201d", "type": "direct_reply"}, {"index": 1, "attribution": -0.0057985728267683405, "content_attribution": -0.0008203986875058892, "stance_attribution": -0.004978174139262451, "tweet_id": 524924108446785536, "text": "\u201c@globeandmail: #BREAKING news: Shots fired at Parliament Hill. Follow developing story: http://t.co/zs9vK6EcR1 http://t.co/5Rsagw4MY1\u201d", "type": "direct_reply"}, {"index": 6, "attribution": -0.007307990001551202, "content_attribution": -0.0006438922780560345, "stance_attribution": -0.006664097723495169, "tweet_id": 524923917635690496, "text": "\u201c@globeandmail: #BREAKING news: Shots fired at Parliament Hill. Follow developing story: http://t.co/uYIjkQkuui http://t.co/3wIR2KFBhO\u201d", "type": "direct_reply"}, {"index": 0, "attribution": -0.49874592341221896, "content_attribution": 0.06886336123052786, "stance_attribution": -0.5676092846427468, "tweet_id": 524923678472286209, "text": "#BREAKING news: Shots fired at Parliament Hill. Follow developing story: http://t.co/B8LinPFjvj http://t.co/olsk7N4X5T", "type": "source"}]}