{"thread_id": "524946921547628545", "gold_label": 0, "predicted_label": 2, "tweet_attributions": [{"index": 11, "attribution": 3.5925322009683516, "content_attribution": 0.06547001806958434, "stance_attribution": 3.5270621828987667, "tweet_id": 524953927469768704, "text": "@Richard_Jacobs Tell that to your #Rabbi. #kosher  @nytimes", "type": "lower_reply"}, {"index": 4, "attribution": 2.8256027804044823, "content_attribution": 0.06278676905814443, "stance_attribution": 2.7628160113463376, "tweet_id": 524953318846918657, "text": "@KraftyWurker @nytimes still are the great white North.  Our diversity makes our stronger.", "type": "lower_reply"}, {"index": 25, "attribution": 1.1235465852086142, "content_attribution": 0.03936737740150377, "stance_attribution": 1.0841792078071104, "tweet_id": 524954162388549632, "text": "@KraftyWurker @nytimes I'm not Jewish but if I manage to find one I will relay the message.", "type": "lower_reply"}, {"index": 8, "attribution": 0.699344517465777, "content_attribution": 0.02149531134094245, "stance_attribution": 0.6778492061248345, "tweet_id": 524953135312551936, "text": "@Richard_Jacobs @nytimes Do you remember when #Canada was White. The Great White North. Before #immigration #diversity? #Canuckistan", "type": "lower_reply"}, {"index": 17, "attribution": 0.33530740000786696, "content_attribution": 0.012980934399410716, "stance_attribution": 0.32232646560845624, "tweet_id": 524955369781870592, "text": "@KraftyWurker @nytimes Canada was white? like, the land? trees? flag? sorry, don't follow...", "type": "lower_reply"}, {"index": 1, "attribution": 0.30245210282938884, "content_attribution": 0.007654160822529621, "stance_attribution": 0.29479794200685916, "tweet_id": 524952841602215936, "text": "@KraftyWurker @nytimes Beautifully thank you very much.  Our diversity and resiliency will help us overcome this.", "type": "lower_reply"}, {"index": 7, "attribution": 0.15836704796552364, "content_attribution": 0.007769040087216018, "stance_attribution": 0.15059800787830763, "tweet_id": 524955031309922304, "text": "@dacksworth @nytimes Do you remember when #Canada was White. The Great White North. Before #immigration #diversity? #Canuckistan", "type": "lower_reply"}, {"index": 27, "attribution": 0.1493214427547648, "content_attribution": 0.027477519061039353, "stance_attribution": 0.12184392369372543, "tweet_id": 524956823615725568, "text": "@dacksworth @nytimes Yep, before immigration-diversity has browned and paganized #Canada and its thinking.", "type": "lower_reply"}, {"index": 24, "attribution": 0.045212490901197125, "content_attribution": 0.003223734567079986, "stance_attribution": 0.04198875633411714, "tweet_id": 524954520544362496, "text": "@KraftyWurker @nytimes it's working great.", "type": "lower_reply"}, {"index": 10, "attribution": 0.02799469496613209, "content_attribution": 0.03071260044673908, "stance_attribution": -0.002717905480606987, "tweet_id": 524947451648942081, "text": "\ud83d\ude25 RT @nytimes: Updated: Canadian soldier killed in attack at Parliament Hill in Ottawa http://t.co/lgF4KEbzv0", "type": "direct_reply"}, {"index": 28, "attribution": 0.027519304941984117, "content_attribution": 0.022512106248623775, "stance_attribution": 0.005007198693360349, "tweet_id": 524954860882780161, "text": "@Richard_Jacobs Yeah, sure and go have a pork sandwich...@nytimes", "type": "lower_reply"}, {"index": 0, "attribution": 0.02141432148631183, "content_attribution": 0.06937352617390119, "stance_attribution": -0.047959204687589366, "tweet_id": 524946921547628545, "text": "Updated: Canadian soldier killed in attack at Parliament Hill in Ottawa http://t.co/tMfDn2GAbh", "type": "source"}, {"index": 13, "attribution": 0.015294345893094816, "content_attribution": -6.743067840109398e-05, "stance_attribution": 0.01536177657149591, "tweet_id": 524947462432489472, "text": "Killed?? \"@nytimes: Updated: Canadian soldier killed in attack at Parliament Hill in Ottawa http://t.co/Dvvto0cqPo\u201d", "type": "direct_reply"}, {"index": 15, "attribution": 0.007399614012559015, "content_attribution": 0.0015718198459190164, "stance_attribution": 0.0058277941666399985, "tweet_id": 524949999894163457, "text": "@meredithmartin @nytimes", "type": "lower_reply"}, {"index": 23, "attribution": 0.006782275467500218, "content_attribution": 5.6820343717676135e-05, "stance_attribution": 0.006725455123782544, "tweet_id": 524947426793111552, "text": "\u30ab\u30ca\u30c0\u3001\u30aa\u30bf\u30ef\u306e\u8b70\u4f1a\u9283\u6483\u4e8b\u4ef6\u3001\u30ab\u30ca\u30c0\u8ecd\u5175\u58eb1\u4eba\u6b7b\u4ea1\u3002@nytimes Canadian soldier killed in attack at Parliament Hill in Ottawa http://t.co/GbHELPEQIs", "type": "direct_reply"}, {"index": 5, "attribution": 0.006705410716630585, "content_attribution": 0.010577838951792063, "stance_attribution": -0.0038724282351614743, "tweet_id": 524957553969868800, "text": "@KraftyWurker @nytimes before Upper/Lower Canada, this place was plenty brown. But, whatever, good job being a piece of shit.", "type": "lower_reply"}, {"index": 2, "attribution": 0.0063589343657036845, "content_attribution": 0.0010155936636981806, "stance_attribution": 0.005343340702005505, "tweet_id": 524948318288244736, "text": ".@nytimes No local confirmation that shot soldier has died. One gunman reported dead, shot inside Cdn Parliament. Search for other shooters.", "type": "direct_reply"}, {"index": 12, "attribution": 0.0019312252854160542, "content_attribution": 0.0021131024334998224, "stance_attribution": -0.00018187714808376822, "tweet_id": 524954579247853568, "text": "@oord_van @nytimes CTV Reporting soldier who was gunned down at the War Memorial is ALIVE. Thank God. Good news.", "type": "lower_reply"}, {"index": 22, "attribution": 8.410049446510245e-05, "content_attribution": 0.00013134382100697296, "stance_attribution": -4.724332654187047e-05, "tweet_id": 524949815524737024, "text": "\u201c@nytimes: Updated: Canadian soldier killed in attack at Parliament Hill in Ottawa http://t.co/yiaYHP2LFR\u201d", "type": "direct_reply"}, {"index": 26, "attribution": 7.234555805663893e-05, "content_attribution": 0.00013401908567619675, "stance_attribution": -6.16735276195579e-05, "tweet_id": 524948377495425027, "text": "@nytimes You seem to be the only outlet saying this, pls make sure you're corrwct #OttawaShooting", "type": "direct_reply"}, {"index": 21, "attribution": -4.7539474459390484e-05, "content_attribution": -5.344673749153936e-05, "stance_attribution": 5.907263032148881e-06, "tweet_id": 524947504136466432, "text": "\u201c@nytimes: Updated: Canadian soldier killed in attack at Parliament Hill in Ottawa http://t.co/m6lMtJIUGN\u201d", "type": "direct_reply"}, {"index": 20, "attribution": -8.64942377677334e-05, "content_attribution": -0.0002490552191858988, "stance_attribution": 0.0001625609814181654, "tweet_id": 524947515083210752, "text": "@nytimes http://t.co/q7haREBU1h", "type": "direct_reply"}, {"index": 9, "attribution": -0.00041923356821637584, "content_attribution": -0.000461298300041553, "stance_attribution": 4.20647318251772e-05, "tweet_id": 524947415166492672, "text": "You may want to confirm this, @nytimes.", "type": "direct_reply"}, {"index": 29, "attribution": -0.000767724300380154, "content_attribution": -0.00010627009038806151, "stance_attribution": -0.0006614542099920925, "tweet_id": 524953243613679616, "text": "@nytimes Please stop spreading misinformation. The soldier was shot and taken to hospital ALIVE.", "type": "direct_reply"}, {"index": 6, "attribution": -0.0010167132348949273, "content_attribution": -0.0007968824088999723, "stance_attribution": -0.00021983082599495496, "tweet_id": 524949223608184832, "text": "@nytimes You're the only ones saying the soldier has died, what is your source? Can't find it in the article.", "type": "direct_reply"}, {"index": 14, "attribution": -0.0010603363534393412, "content_attribution": 0.004282370496972692, "stance_attribution": -0.0053427068504120325, "tweet_id": 524947141819899904, "text": "@nytimes this is not confirmed.  Shot yes, killed?", "type": "direct_reply"}, {"index": 19, "attribution": -0.00640620786583876, "content_attribution": 0.0016019250366147218, "stance_attribution": -0.008008132902453481, "tweet_id": 524951609827397632, "text": "@ayrporte @nytimes I know...find this interesting", "type": "lower_reply"}, {"index": 16, "attribution": -0.010151875840458279, "content_attribution": 0.008881419602114107, "stance_attribution": -0.019033295442572387, "tweet_id": 524947625582530560, "text": "Oh no. RT @kyjl89 \ud83d\ude25 RT @nytimes: Updated: Canadian soldier killed in attack at Parliament Hill in Ottawa http://t.co/RhcZ8adXC2", "type": "lower_reply"}, {"index": 3, "attribution": -0.01661777901131228, "content_attribution": -0.00029463893357530355, "stance_attribution": -0.01632314007773698, "tweet_id": 524947276259946496, "text": "@nytimes Big Trouble in Canuckistan, how's that #diversity #immigration working out for you up there in #Canada?", "type": "direct_reply"}, {"index": 18, "attribution": -0.02797115705895962, "content_attribution": 0.006503163520968818, "stance_attribution": -0.03447432057992844, "tweet_id": 524949965773475840, "text": "@nytimes @oord_van  Havent heard any confirmation of that", "type": "direct_reply"}]}