{"thread_id": "524998906799988736", "gold_label": 0, "predicted_label": 0, "tweet_attributions": [{"index": 0, "attribution": 0.40004444027433994, "content_attribution": -0.0017284618743120261, "stance_attribution": 0.40177290214865197, "tweet_id": 524998906799988736, "text": "Full White House statement on Obama's call to #Ottawa http://t.co/7UAGgehJms", "type": "source"}, {"index": 3, "attribution": -0.047355772929585184, "content_attribution": -0.015053814779822266, "stance_attribution": -0.032301958149762916, "tweet_id": 525004127848656896, "text": "@MPwrites @TorontoStar Did they talk at all about how they can prevent this from occurring again? Hope they do! #PublicSafety", "type": "direct_reply"}, {"index": 2, "attribution": -0.11207601517718419, "content_attribution": -0.057734369537207036, "stance_attribution": -0.05434164563997713, "tweet_id": 525007095843004416, "text": "@TigerStripe72 @MPwrites Thanks Obama but we got this. Now pass the beer n ammo eh?", "type": "lower_reply"}, {"index": 1, "attribution": -0.2568341191046021, "content_attribution": -0.04531369450596121, "stance_attribution": -0.21152042459864084, "tweet_id": 525005934255673346, "text": "#Respect #Obama \"@MPwrites: Full White House statement on Obama's call to #Ottawa http://t.co/yAwVhjbt0F\u201d", "type": "direct_reply"}]}