{"thread_id": "524978172110987264", "gold_label": 0, "predicted_label": 0, "tweet_attributions": [{"index": 0, "attribution": 0.14402930855459578, "content_attribution": -0.0922093088244565, "stance_attribution": 0.2362386173790523, "tweet_id": 524978172110987264, "text": "OTTAWA SHOOTING\n- Soldier shot at memorial has died: Globe, CTV\n- Harper to speak later today\nhttp://t.co/DkNJOduorR", "type": "source"}, {"index": 1, "attribution": 0.05269389412809979, "content_attribution": -0.01584377463515284, "stance_attribution": 0.06853766876325262, "tweet_id": 524979820422131712, "text": "@HuffPostCanada Rest now brother for you are with our kin in Valhalla. #VeteranToVeteran #RIP", "type": "direct_reply"}, {"index": 3, "attribution": 0.029978602163915853, "content_attribution": -0.024640309594595795, "stance_attribution": 0.05461891175851166, "tweet_id": 524982615473143808, "text": "@HuffPostCanada @HuffingtonPost So sad. This world is crazy.", "type": "direct_reply"}, {"index": 2, "attribution": -0.06082244614901004, "content_attribution": -0.027168006394832522, "stance_attribution": -0.03365443975417753, "tweet_id": 524982242108768256, "text": "MT \"@HuffPostCanada: OTTAWA SHOOTING\n- Soldier shot at memorial has died: Globe, CTV\". So sad and unnecessary-condolences to his family", "type": "direct_reply"}]}