{"thread_id": "524945684966166528", "gold_label": 1, "predicted_label": 2, "tweet_attributions": [{"index": 0, "attribution": 0.1397088062138049, "content_attribution": 0.021081973647282835, "stance_attribution": 0.11862683256652208, "tweet_id": 524945684966166528, "text": "BREAKING: Two or three gunmen were involved in shooting at Canada war memorial, Ottawa police say. http://t.co/qsAnGNqBEw", "type": "source"}, {"index": 4, "attribution": 0.0559509949847066, "content_attribution": 0.005563136453358394, "stance_attribution": 0.050387858531348195, "tweet_id": 524947725784473600, "text": "@cnni @BungeeWedgie A video seized from the Ukrainian troops is showing Nazi battalion Donbass executing Donbass... http://t.co/HfS3Fubj0k", "type": "direct_reply"}, {"index": 8, "attribution": 0.04974516168199991, "content_attribution": 0.007188526030580284, "stance_attribution": 0.042556635651419636, "tweet_id": 524949785787133953, "text": "@cnni @CNN india can boast that the Hymenoptera could not enter the Parliament and 6 of our martyrs laid their life to stop it.", "type": "direct_reply"}, {"index": 1, "attribution": 0.03679758347168226, "content_attribution": 0.0006321855343095075, "stance_attribution": 0.03616539793737276, "tweet_id": 524946491870564352, "text": "@cnni If it were one, I would say the person was crazy. Two or three? I call terrorism unless proven otherwise.", "type": "direct_reply"}, {"index": 9, "attribution": 0.03190408379838338, "content_attribution": 0.000754702703186563, "stance_attribution": 0.03114938109519682, "tweet_id": 525433346651095041, "text": "@cnni @vermontgmg @CNN rumour as news. You suck.", "type": "direct_reply"}, {"index": 7, "attribution": 0.02089466644139583, "content_attribution": 0.006364139232412403, "stance_attribution": 0.014530527208983424, "tweet_id": 524946072284979200, "text": "@cnni Solider was shot. One shooter was shot dead. There are still more shooters at large.", "type": "direct_reply"}, {"index": 3, "attribution": 0.004874306442680918, "content_attribution": -0.0006403464250057712, "stance_attribution": 0.00551465286768669, "tweet_id": 524947473941282816, "text": "@cnni: BREAKING: Two or three gunmen were involved in shooting at Canada war memorial, Ottawa police say. http://t.co/bV6YfbbV5A @tjbaker98", "type": "direct_reply"}, {"index": 5, "attribution": -0.0031589901752464866, "content_attribution": 0.0009242454539210773, "stance_attribution": -0.004083235629167564, "tweet_id": 524946544596754432, "text": "\u30ab\u30ca\u30c0\u306e\u30aa\u30bf\u30ef\u3001\u8b70\u4f1a\u5468\u8fba\u65bd\u8a2d\u9283\u6483\u4e8b\u4ef6\u3001\u72af\u884c\u30b0\u30eb\u30fc\u30d7\u306f2\uff5e3\u4eba\u3001\u30aa\u30bf\u30ef\u8b66\u5bdf\u767a\u8868\u3002@cnni Two or three gunmen were involved in shooting at Canada war memorial, Ottawa police say.", "type": "direct_reply"}, {"index": 10, "attribution": -0.003542700997893191, "content_attribution": 0.0005138828151392518, "stance_attribution": -0.0040565838130324425, "tweet_id": 524946612041580544, "text": "\u201c@cnni: BREAKING: Two or three gunmen were involved in shooting at Canada war memorial, Ottawa police say. http://t.co/Ixhikcsq4Y", "type": "direct_reply"}, {"index": 2, "attribution": -0.02575092352622437, "content_attribution": -0.010325128166453817, "stance_attribution": -0.015425795359770553, "tweet_id": 524948134062219264, "text": "Logo no Canad\u00e1! @cnni: BREAKING: Two or three gunmen were involved in shooting at Canada war memorial, Ottawa police say.", "type": "direct_reply"}, {"index": 6, "attribution": -0.02598049567401544, "content_attribution": 0.0020872362933952774, "stance_attribution": -0.02806773196741072, "tweet_id": 524957134463979520, "text": "@cnni Not first time when highest body of democracy is attacked by militants. First in India and now in Canada both being easy targets.", "type": "direct_reply"}]}