{"thread_id": "524987432656453632", "gold_label": 0, "predicted_label": 2, "tweet_attributions": [{"index": 19, "attribution": 4.099128273753935, "content_attribution": 0.0001259691905997444, "stance_attribution": 4.099002304563335, "tweet_id": 524987846135128066, "text": "@CujoTheG @cnnbrk fuck yourself.", "type": "lower_reply"}, {"index": 25, "attribution": 2.565563451421018, "content_attribution": 0.0010534802596827882, "stance_attribution": 2.5645099711613355, "tweet_id": 524988286981656576, "text": "@BlakeChilders @CujoTheG @cnnbrk kid. I could beat your ass down with a toothpick.", "type": "lower_reply"}, {"index": 4, "attribution": 1.6574914604477033, "content_attribution": 0.004812795511349175, "stance_attribution": 1.6526786649363543, "tweet_id": 524987483961176064, "text": "@cnnbrk FUCK CANADA", "type": "direct_reply"}, {"index": 11, "attribution": 0.2001022825203681, "content_attribution": 0.0014561071704299795, "stance_attribution": 0.19864617534993814, "tweet_id": 524988573289054208, "text": "@TeamAnnihilatio @CujoTheG @cnnbrk I'm 24,  And no you couldn't.", "type": "lower_reply"}, {"index": 6, "attribution": 0.170545518947192, "content_attribution": 0.0010865131078184058, "stance_attribution": 0.16945900583937362, "tweet_id": 525012388228382720, "text": "@CujoTheG @cnnbrk Fuck you", "type": "lower_reply"}, {"index": 1, "attribution": 0.13935737030892836, "content_attribution": 0.0029332135081288745, "stance_attribution": 0.1364241568007995, "tweet_id": 525012750142291968, "text": "@Troygilroy @cnnbrk fck u", "type": "lower_reply"}, {"index": 8, "attribution": 0.11673296832072143, "content_attribution": 0.012438830753291481, "stance_attribution": 0.10429413756742993, "tweet_id": 525014619505831936, "text": "@CujoTheG @cnnbrk All that you say. Why's that? Ignorant fat fuck", "type": "lower_reply"}, {"index": 28, "attribution": 0.10859494152037596, "content_attribution": 0.00999358840638905, "stance_attribution": 0.0986013531139869, "tweet_id": 525015043994550272, "text": "@Troygilroy @cnnbrk says the guy that's following me, fall back nerd", "type": "lower_reply"}, {"index": 21, "attribution": 0.10729725065891374, "content_attribution": 0.07842544251032611, "stance_attribution": 0.028871808148587648, "tweet_id": 524993582340792320, "text": "@xeniaqla @cnnbrk are you retarded? Are you saying his life is more important than an innocent civilian?", "type": "lower_reply"}, {"index": 22, "attribution": 0.09139225995404612, "content_attribution": 0.08895104844298615, "stance_attribution": 0.002441211511059983, "tweet_id": 524994319087071232, "text": "@imtrollingyou @cnnbrk Ok bud, like your name says, you're a troll. You clearly know nothing. No one has time for ignorant mutts like you.", "type": "lower_reply"}, {"index": 17, "attribution": 0.08249447039709831, "content_attribution": 0.00010225862912851645, "stance_attribution": 0.08239221176796979, "tweet_id": 524988020626571264, "text": "@BlakeChilders @cnnbrk FUCK YOU", "type": "lower_reply"}, {"index": 20, "attribution": 0.07866990280681584, "content_attribution": 0.07817375594249612, "stance_attribution": 0.0004961468643197097, "tweet_id": 524994683794370560, "text": "@xeniaqla @cnnbrk you don't need to have \"troll\" for a name to be a troll. You just proved that!", "type": "lower_reply"}, {"index": 26, "attribution": 0.04042281842472001, "content_attribution": 0.050102135712334975, "stance_attribution": -0.009679317287614966, "tweet_id": 524992424511549440, "text": "@imtrollingyou @cnnbrk Moron, not everyday you get such a huge threat to members of Parliament. Apparently, the PM was a target.", "type": "lower_reply"}, {"index": 14, "attribution": 0.01965547959739693, "content_attribution": -0.000950522813437852, "stance_attribution": 0.020606002410834785, "tweet_id": 524987562851827713, "text": "@cnnbrk \n#DIY\n#Fans\n#Bands\n#FanBase\n#Music101\n#ArtistHelp\n#Networking\n#Crowdfunding\n#exposure + #hit = #millions\n\nhttp://t.co/Rh69mRtZMJ", "type": "direct_reply"}, {"index": 15, "attribution": 0.015514354450680414, "content_attribution": 0.015878527088375387, "stance_attribution": -0.00036417263769497577, "tweet_id": 524995571879530496, "text": "@imtrollingyou @cnnbrk I am being affected by this as I'm in Ottawa, so please tell me how am I being the 'troll'? You're beyond stupid.", "type": "lower_reply"}, {"index": 10, "attribution": 0.0109221921030049, "content_attribution": 0.0012002662041370544, "stance_attribution": 0.009721925898867848, "tweet_id": 525018032125792256, "text": "@CujoTheG @cnnbrk Says ur friend, Cod fuck hahaha Im such a nerd like ur a G. Get off", "type": "lower_reply"}, {"index": 7, "attribution": 0.004374156022696973, "content_attribution": 0.0006678850695425203, "stance_attribution": 0.003706270953154453, "tweet_id": 524987939730620417, "text": "@cnnbrk Republic of Korea, Seoul citizens 122 minutes massacred. Please help. http://t.co/wpZZQetYi3", "type": "direct_reply"}, {"index": 18, "attribution": 0.0031834013786628413, "content_attribution": 3.9232414919004855e-05, "stance_attribution": 0.003144168963743836, "tweet_id": 524987820348567552, "text": "@cnnbrk \u062d\u0633\u0627\u0628 \u0645\u064f\u062a\u0627\u0628\u0639 \u0645\u0646 \u0627\u0644\u0648\u0644\u064a\u062f \u0628\u0646 \u0637\u0644\u0627\u0644 - @Question_arab", "type": "direct_reply"}, {"index": 27, "attribution": 0.001394162911066978, "content_attribution": -3.944520346038908e-06, "stance_attribution": 0.0013981074314130169, "tweet_id": 524987818075246592, "text": "@cnnbrk \u0627\u062a\u062d\u062f\u0627\u0643\u0645 \u062a\u062c\u0627\u0648\u0628\u0648\u0646 \u0639\u0644\u0649 \u0627\u0633\u0626\u0644\u0629 \u0647\u0627\u0644\u062d\u0633\u0627\u0628 - @Question_arab", "type": "direct_reply"}, {"index": 23, "attribution": 0.001089013569904628, "content_attribution": 0.0006627345980804444, "stance_attribution": 0.00042627897182418383, "tweet_id": 524987641536589824, "text": "@cnnbrk fuck off", "type": "direct_reply"}, {"index": 12, "attribution": 0.0006087197947787352, "content_attribution": -4.645249470428658e-05, "stance_attribution": 0.0006551722894830221, "tweet_id": 524987571785707520, "text": "@cnnbrk \u0627\u0646\u062a \u0645\u062b\u0642\u0641 \u061f \u062d\u0627\u0635\u0644 \u0639\u0644\u0649 \u062f\u0643\u062a\u0648\u0631\u0627\u0647 \u061f \u062a\u0639\u0627\u0644 \u0647\u0646\u0627 \u0637\u064a\u0628 - @Question_arab", "type": "direct_reply"}, {"index": 24, "attribution": 0.0004341264224009022, "content_attribution": 3.99634117065889e-05, "stance_attribution": 0.0003941630106943136, "tweet_id": 524987578655981568, "text": "@cnnbrk \u0647\u0647\u0647\u0647\u0647\u0647 \u064a\u0627\u0631\u062c\u0627\u0644 \u062e\u0644\u064a \u0639\u0646\u0643 \u0648\u062a\u0639\u0627\u0644 \u0634\u0648\u0641 \u0647\u0627\u0644\u062d\u0633\u0627\u0628 - @Question_arab", "type": "direct_reply"}, {"index": 5, "attribution": 0.0001624169248936986, "content_attribution": 0.00019073272059213285, "stance_attribution": -2.831579569843412e-05, "tweet_id": 524987566970658817, "text": "@cnnbrk \u0647\u0647\u0647\u0647\u0647 \u0634\u0648\u0641\u0648\u0622 \u0639\u0644\u0627 \u0627\u0644\u0641\u0627\u0631\u0633 \u0645\u064a\u0646 \u0645\u062a\u0627\u0628\u0639\u0647 \u061f @Question_arab", "type": "direct_reply"}, {"index": 2, "attribution": -0.0006159241020539522, "content_attribution": -0.0015214721515803443, "stance_attribution": 0.0009055480495263918, "tweet_id": 524987877994668032, "text": "@cnnbrk that's good. Don't have pride in serving your country. Let this jihadists create more terror.  What a dumb request.", "type": "direct_reply"}, {"index": 3, "attribution": -0.0034320006189355414, "content_attribution": -0.0014341472221313647, "stance_attribution": -0.0019978533968041767, "tweet_id": 524988441277521921, "text": "@Anthony8531 @cnnbrk fuck u", "type": "lower_reply"}, {"index": 16, "attribution": -0.007196408678983153, "content_attribution": 9.174852322331597e-05, "stance_attribution": -0.007288157202206468, "tweet_id": 524988338810683393, "text": "@CujoTheG @cnnbrk Fuck you", "type": "lower_reply"}, {"index": 9, "attribution": -0.01462513347208662, "content_attribution": -7.576380184378878e-05, "stance_attribution": -0.014549369670242833, "tweet_id": 524988182996480000, "text": "@CujoTheG @cnnbrk FUCK YOUR PEACHES", "type": "lower_reply"}, {"index": 13, "attribution": -0.06859942180553405, "content_attribution": 0.011550087407759242, "stance_attribution": -0.08014950921329331, "tweet_id": 524988020655915009, "text": "@cnnbrk meanwhile hundreds are shot and killed throughout cities on a daily basis!  But it's all about picking n choosing evens for ratings", "type": "direct_reply"}, {"index": 0, "attribution": -0.11152942933628776, "content_attribution": 0.023433254119725418, "stance_attribution": -0.1349626834560132, "tweet_id": 524987432656453632, "text": "Police are holding a news conference to provide the latest on today's incidents in Ottawa. Watch live now on CNNgo. http://t.co/AsypHTR7eA", "type": "source"}]}