{"thread_id": "524962199543230464", "gold_label": 1, "predicted_label": 2, "tweet_attributions": [{"index": 10, "attribution": 5.08062370797691, "content_attribution": 0.013825087487519889, "stance_attribution": 5.06679862048939, "tweet_id": 524967291893460992, "text": "@Karentalk no confirmation it is sanctioned, funded, or inspired by ISIS (now IS) yet. could be anything or anyone, with any motivation.", "type": "lower_reply"}, {"index": 13, "attribution": 2.345509811852233, "content_attribution": 0.022046323034877587, "stance_attribution": 2.3234634888173553, "tweet_id": 524968424821096449, "text": "@cpcolinchau keep watching the news..this is ISIS..and they are here..targeted soldier guarding war memorial..other soldiers..", "type": "lower_reply"}, {"index": 4, "attribution": 2.0409332779782634, "content_attribution": 0.025561933703914682, "stance_attribution": 2.0153713442743486, "tweet_id": 524963264069775360, "text": "@cnni OTTAWA CANADA UNDER ATTACK..MULTIPLE SHOOTERS..PLEASE MR. PRESIDENT CHANGE YOUR POLICY..UNLEASH HELL ON ISIS NOW..STOP THEM PLEASE.", "type": "direct_reply"}, {"index": 9, "attribution": 0.5742634939892842, "content_attribution": -0.013835355662103735, "stance_attribution": 0.5880988496513879, "tweet_id": 524968048185204738, "text": "@cpcolinchau witness statements...highly descriptive..driving a car..no plates..multiple shooters..on the roofs..entered parliment..lockdown", "type": "lower_reply"}, {"index": 17, "attribution": 0.3890900685885022, "content_attribution": 0.012541868588669472, "stance_attribution": 0.37654819999983263, "tweet_id": 524969404115611648, "text": "@Karentalk Yes, high likelihood. but just wait like a few hours for the confirmation. no need to emotional about it.", "type": "lower_reply"}, {"index": 19, "attribution": 0.11983808092935258, "content_attribution": 0.022693604054856736, "stance_attribution": 0.09714447687449584, "tweet_id": 524968745832153088, "text": "@cpcolinchau PLEASE PRAY FOR OTTAWA CANADA..AND ALL THOSE WHO ARE BEING ATTACKED BY ISIS..THE WORLD NEEDS TO STOP ISIS NOW", "type": "lower_reply"}, {"index": 11, "attribution": 0.09444470905784558, "content_attribution": 0.026770692972246983, "stance_attribution": 0.0676740160855986, "tweet_id": 524969033783726080, "text": "@Karentalk no need to spec. x likely env. activists, or animal rights actvs. won't be long before details r out. wait http://t.co/7N3PubQdDN", "type": "lower_reply"}, {"index": 18, "attribution": 0.019060011524292556, "content_attribution": -0.00010600753281842559, "stance_attribution": 0.01916601905711098, "tweet_id": 524964390114566146, "text": "@cnni the work of muslim fundos", "type": "direct_reply"}, {"index": 8, "attribution": 0.014689191472353232, "content_attribution": 0.004440958640653097, "stance_attribution": 0.010248232831700135, "tweet_id": 524970636146266112, "text": "@Karentalk 4 many of us it is our job to deal w/ this stuff daily.there's a bigger picture w/ many mving parts.let'em work w/out the noise.", "type": "lower_reply"}, {"index": 7, "attribution": 0.007625903437931901, "content_attribution": -0.001243759884160214, "stance_attribution": 0.008869663322092117, "tweet_id": 524964484616847360, "text": "@cnni ISIS, baby. ISIS, baby.", "type": "direct_reply"}, {"index": 12, "attribution": 0.0006716962060324232, "content_attribution": -0.0016562825808215764, "stance_attribution": 0.002327978786854001, "tweet_id": 524964009401790464, "text": "@cnni @CNN There were reports on one being injured, I acquire.", "type": "direct_reply"}, {"index": 2, "attribution": 0.0005265611549196076, "content_attribution": 0.0006996347485094687, "stance_attribution": -0.00017307359358986095, "tweet_id": 524966927567839232, "text": "@cnni Your anchor called an image of the Valiants Memorial (also in confederation square) the Nat'l War Memorial. http://t.co/RnBiz8foqG", "type": "direct_reply"}, {"index": 14, "attribution": -9.457346306564196e-05, "content_attribution": 0.008037258069232969, "stance_attribution": -0.00813183153229861, "tweet_id": 524969694487248896, "text": "@Karentalk y did u wait for today to say this? and it's IS now, not ISIS. there are many oth things we need to stop too. we're working on it", "type": "lower_reply"}, {"index": 6, "attribution": -0.0007759504417925825, "content_attribution": -4.445276244831713e-06, "stance_attribution": -0.0007715051655477507, "tweet_id": 524965016890781698, "text": "@cnni @CNN sad for Canada, we are used to this like Americans are with guns etc", "type": "direct_reply"}, {"index": 1, "attribution": -0.002372968343384198, "content_attribution": -1.9309873226942592e-05, "stance_attribution": -0.002353658470157255, "tweet_id": 524976464136257536, "text": "@cnni 1 dead 2 injured", "type": "direct_reply"}, {"index": 3, "attribution": -0.0028457045298382567, "content_attribution": -0.0011833821300834934, "stance_attribution": -0.0016623223997547637, "tweet_id": 524970070477656064, "text": "@cnni R.I.P to those killed except the shooter, burn in hell", "type": "direct_reply"}, {"index": 5, "attribution": -0.06377072261129192, "content_attribution": 0.010775854942564674, "stance_attribution": -0.0745465775538566, "tweet_id": 524968046788870146, "text": "@cpcolinchau Thanks brother for your good judgement.", "type": "lower_reply"}, {"index": 0, "attribution": -0.09099138203828464, "content_attribution": 0.04060827651054823, "stance_attribution": -0.13159965854883285, "tweet_id": 524962199543230464, "text": "No one hurt in shooting at Ottawa's Rideau Centre -- scene of 1 of 3 attacks, Canadian police say. http://t.co/qsAnGNqBEw #ottawashooting", "type": "source"}, {"index": 16, "attribution": -0.2937701161919942, "content_attribution": 0.011266779170794475, "stance_attribution": -0.30503689536278866, "tweet_id": 524967426257993729, "text": "@bunyatta the ebola scare is definitely overblown.", "type": "lower_reply"}, {"index": 15, "attribution": -0.3923553221854805, "content_attribution": 0.011811960402479194, "stance_attribution": -0.40416728258795964, "tweet_id": 524962612996751360, "text": "@cnni Do we now fear Guns or perceive African Ebola.", "type": "direct_reply"}]}