{"thread_id": "524952995034042368", "gold_label": 1, "predicted_label": 2, "tweet_attributions": [{"index": 7, "attribution": 1.1466163152136726, "content_attribution": 0.0359916485119186, "stance_attribution": 1.1106246667017539, "tweet_id": 524956295003385856, "text": "@kristabaumgart I hope you're not still near there!!!!!", "type": "lower_reply"}, {"index": 1, "attribution": 0.1990890888057208, "content_attribution": 0.035230789497272444, "stance_attribution": 0.16385829930844836, "tweet_id": 524958507519729664, "text": "@saraAxxoo I'm on the Ottawa u campus in lockdown!", "type": "lower_reply"}, {"index": 9, "attribution": 0.06640426933081675, "content_attribution": 0.0042390212049798915, "stance_attribution": 0.062165248125836854, "tweet_id": 524953099564486657, "text": "@CBCOttawa @BeccaBabe_", "type": "direct_reply"}, {"index": 4, "attribution": 0.0263516398187642, "content_attribution": -0.0007603418440189141, "stance_attribution": 0.02711198166278311, "tweet_id": 524953614423695360, "text": "@CBCOttawa @CBCNews Naive Canadians are what is really scary.", "type": "direct_reply"}, {"index": 5, "attribution": 0.026351009038543143, "content_attribution": 0.0016291433218649164, "stance_attribution": 0.024721865716678226, "tweet_id": 524964623884513280, "text": "@CBCOttawa @mouthnoize there is crime in canada?", "type": "direct_reply"}, {"index": 12, "attribution": 0.016782986562377342, "content_attribution": 0.016315553765361236, "stance_attribution": 0.00046743279701610637, "tweet_id": 524953208712867840, "text": "@CameronRooney1 @CBCOttawa was anyone hurt?", "type": "lower_reply"}, {"index": 0, "attribution": 0.009013670459689316, "content_attribution": 0.0652575277113022, "stance_attribution": -0.05624385725161289, "tweet_id": 524952995034042368, "text": "CLARIFICATION | The shooting was near the Rideau Centre, police say. Not inside it. #cbcOTT #OTTnews", "type": "source"}, {"index": 6, "attribution": 0.008982985227944475, "content_attribution": 0.0007633076809992296, "stance_attribution": 0.008219677546945246, "tweet_id": 524955727992213507, "text": "\u201c@CBCOttawa: CLARIFICATION | The shooting was near the Rideau Centre, police say. Not inside it. #cbcOTT #OTTnews\u201d", "type": "direct_reply"}, {"index": 8, "attribution": 0.005059557710151061, "content_attribution": 0.00019271104222973022, "stance_attribution": 0.00486684666792133, "tweet_id": 524955474148737025, "text": "@CBCOttawa can u please take the film of our soldier being given first aid off the air.  Ur disgusting. The family may not even been told", "type": "direct_reply"}, {"index": 3, "attribution": 0.003343040980824663, "content_attribution": 0.00046404951046721474, "stance_attribution": 0.0028789914703574483, "tweet_id": 524954623850053632, "text": "@CBCOttawa @curryb  https://t.co/DrmhQ5Nf6i", "type": "direct_reply"}, {"index": 2, "attribution": 0.003294991856048667, "content_attribution": 0.0001934772630946648, "stance_attribution": 0.003101514592954002, "tweet_id": 524955065883557889, "text": "[correction] RT @CBCOttawa: CLARIFICATION | The shooting was near the Rideau Centre, police say. Not inside it. #cbcOTT #OTTnews", "type": "direct_reply"}, {"index": 10, "attribution": 0.0005662469316925997, "content_attribution": -0.0006095358116495748, "stance_attribution": 0.0011757827433421751, "tweet_id": 524954851663675392, "text": "@CBCOttawa @CBCNews tell your radio reporters to correct their report because they're reporting the shooting was inside", "type": "direct_reply"}, {"index": 11, "attribution": -0.5878992601934651, "content_attribution": 0.04441674752252105, "stance_attribution": -0.6323160077159862, "tweet_id": 524954182856753152, "text": "\u201c@CBCOttawa: CLARIFICATION | The shooting was near the Rideau Centre, police say. Not inside it. #cbcOTT #OTTnews\u201d. THEY SENT US OUTSIDE", "type": "direct_reply"}]}