{"thread_id": "524933380929245184", "gold_label": 0, "predicted_label": 2, "tweet_attributions": [{"index": 10, "attribution": 4.223342408684066, "content_attribution": 0.04110542667049613, "stance_attribution": 4.182236982013569, "tweet_id": 524961798290960386, "text": "@stephiloo @CTVNews no one WANTS guards lol however they way the world is now and only to get worse, WE NEED THEM!!!! unfortunately!!!!", "type": "lower_reply"}, {"index": 19, "attribution": 2.5279043292922836, "content_attribution": 0.10511595511607894, "stance_attribution": 2.4227883741762044, "tweet_id": 524964298733666304, "text": "@mercedes8118 @CTVNews White House needs them more though. Im proud to be from a country that doesn't discuss weapons in the national anthem", "type": "lower_reply"}, {"index": 14, "attribution": 2.0454100196502485, "content_attribution": 0.014531482243860193, "stance_attribution": 2.0308785374063882, "tweet_id": 524956407511400448, "text": "@mercedes8118 @CTVNews the U.S. has terrible gun laws &amp; even worse healthcare/support for the mentally ill. I'd rather not REQUIRE guards.", "type": "lower_reply"}, {"index": 18, "attribution": 0.3262035058884605, "content_attribution": 0.091168412832802, "stance_attribution": 0.23503509305565845, "tweet_id": 524966820785430529, "text": "@stephiloo @CTVNews lol I agree \ud83d\ude0a\ud83d\udc4d however with ALL that is happining that our Country as well as Theirs is involved with, WE NEED GUARDS!", "type": "lower_reply"}, {"index": 0, "attribution": 0.03615980739706321, "content_attribution": 0.060661394324020845, "stance_attribution": -0.02450158692695763, "tweet_id": 524933380929245184, "text": "DEVELOPING story: Shots fired on Parliament Hill, soldier shot at War Memorial http://t.co/5fZ7wO6Gm4 #Ottawa http://t.co/Jb1pi3IysA", "type": "source"}, {"index": 16, "attribution": 0.017443388686367405, "content_attribution": 0.0022577230365031257, "stance_attribution": 0.01518566564986428, "tweet_id": 524948213028388865, "text": "@liteyourlife @CTVNews @CortneywithnoU Islam", "type": "lower_reply"}, {"index": 13, "attribution": 0.016385886765397525, "content_attribution": 0.0005555326747128682, "stance_attribution": 0.015830354090684656, "tweet_id": 524934572497436672, "text": "\u201c@CTVNews: DEVELOPING story: Shots fired on Parliament Hill, soldier shot  http://t.co/3oNT7zB1OT #Ottawa http://t.co/VDKVy8Do0J\u201d holy crap", "type": "direct_reply"}, {"index": 6, "attribution": 0.007954106911904237, "content_attribution": 0.0008015991604833746, "stance_attribution": 0.007152507751420862, "tweet_id": 524935881925603328, "text": "@CTVNews @CortneywithnoU What possesses people to do this sh\u2026?", "type": "direct_reply"}, {"index": 22, "attribution": 0.004787499585409706, "content_attribution": 0.0033068267250169394, "stance_attribution": 0.0014806728603927672, "tweet_id": 524939840375521280, "text": "@AmeetRules @CTVNews ya auto correct lol regardless you can't just walk into the White House should be same way here Period!", "type": "lower_reply"}, {"index": 1, "attribution": 0.001976941348197955, "content_attribution": 0.0009563837779252379, "stance_attribution": 0.0010205575702727167, "tweet_id": 524938325493166080, "text": "@CTVNews @TSNBobMcKenzie one of those days where I wish there was a dislike button.", "type": "direct_reply"}, {"index": 7, "attribution": 0.0012369550341511017, "content_attribution": 0.00044695689875113236, "stance_attribution": 0.0007899981353999693, "tweet_id": 524937409344307201, "text": "@CTVNews @CTVCalgary #praying", "type": "direct_reply"}, {"index": 8, "attribution": 0.0011354309538809879, "content_attribution": 0.0009209996869932764, "stance_attribution": 0.00021443126688771154, "tweet_id": 524941477341036546, "text": "\u201c@CTVNews: Shots fired on Parliament Hill, soldier shot at War Memorial http://t.co/AKDrKpNHCF #Ottawa http://t.co/2JjaFsYeYq\u201d goodluck", "type": "direct_reply"}, {"index": 17, "attribution": 0.0010260924002210787, "content_attribution": -0.000376848863402758, "stance_attribution": 0.0014029412636238367, "tweet_id": 524934355383500800, "text": "RT \u201c@CTVNews: Shots fired on Parliament Hill, soldier shot at War Memorial http://t.co/FpeMzJjqvU #Ottawa http://t.co/MwNve4PZi0\u201d", "type": "direct_reply"}, {"index": 5, "attribution": -1.253779778088071e-05, "content_attribution": -0.0005451539622657389, "stance_attribution": 0.0005326161644848583, "tweet_id": 524939464385495040, "text": "\u201c@CTVNews: DEVELOPING story: Shots fired on Parliament Hill, soldier shotWar Memorial http://t.co/gyqtRC6fZ4 #Ottawa #WTF", "type": "direct_reply"}, {"index": 15, "attribution": -0.002206910746464572, "content_attribution": -0.002306877541117668, "stance_attribution": 9.996679465309639e-05, "tweet_id": 524934579908784128, "text": "@CTVNews WHY ARE U NOT CARRYING LIVE ON CFTO TORONTO!!????", "type": "direct_reply"}, {"index": 4, "attribution": -0.002694219872091236, "content_attribution": -0.0025233034601986793, "stance_attribution": -0.0001709164118925562, "tweet_id": 524935422045327360, "text": "@CTVNews @MissVioletVega and let the fear mongering BEGIN!!", "type": "direct_reply"}, {"index": 9, "attribution": -0.003065128071057667, "content_attribution": -0.0032490165180788354, "stance_attribution": 0.00018388844702116837, "tweet_id": 524945893867659264, "text": "\u201c@CTVNews: DEVELOPING story: Shots fired on Parliament Hill, soldier shot at War Memorial http://t.co/sPgr6sVIMZ\" What is wrong with people", "type": "direct_reply"}, {"index": 21, "attribution": -0.007317850056920978, "content_attribution": 0.0004468461770834086, "stance_attribution": -0.007764696234004387, "tweet_id": 524948156132655105, "text": "@GodlessDino @CTVNews @MissVioletVega how is this fear mongering if it's actually happening you nitwit?", "type": "lower_reply"}, {"index": 3, "attribution": -0.008500843371657355, "content_attribution": 0.0027348885291800912, "stance_attribution": -0.011235731900837447, "tweet_id": 524946983757557760, "text": "@RyanRente @CTVNews yaand made it just passed front door and was caught lol these guys shot30 times and are STILLat large henseNOT GUARDED !", "type": "lower_reply"}, {"index": 12, "attribution": -0.023837587634724135, "content_attribution": 0.0005614526658933948, "stance_attribution": -0.024399040300617528, "tweet_id": 524937077624803330, "text": "@cdnmickeyfan @CTVNews Not anymore.", "type": "lower_reply"}, {"index": 23, "attribution": -0.026224879365473595, "content_attribution": 0.016747580842106844, "stance_attribution": -0.04297246020758044, "tweet_id": 524943091820945408, "text": "@mercedes8118 @CTVNews Some guy walked into the white house a few weeks ago", "type": "lower_reply"}, {"index": 20, "attribution": -0.038379514249164436, "content_attribution": 0.004172722968978179, "stance_attribution": -0.04255223721814261, "tweet_id": 524937725661962240, "text": "@mercedes8118 @CTVNews garded?", "type": "lower_reply"}, {"index": 11, "attribution": -0.060443326034417544, "content_attribution": 0.004345914810477356, "stance_attribution": -0.0647892408448949, "tweet_id": 524934308700893184, "text": "@CTVNews And people have a problem with Canada being involved with air strikes against ISIS. Ridiculous!!!!", "type": "direct_reply"}, {"index": 2, "attribution": -0.1999004541349123, "content_attribution": 0.026403010188613053, "stance_attribution": -0.22630346432352538, "tweet_id": 524933921788923905, "text": "@CTVNews give me a  break Parlement Hill is NOT protected at all, stop the lies lol White House is GARDED and so should be PARLEMENT Hill !", "type": "direct_reply"}]}