{"thread_id": "524956383318650880", "gold_label": 2, "predicted_label": 2, "tweet_attributions": [{"index": 8, "attribution": 0.9862521840475001, "content_attribution": 0.005597976978635739, "stance_attribution": 0.9806542070688644, "tweet_id": 524957387216932865, "text": "@globeandmail @KokomoNews It's a very sad day. This is my nation's capital. I have walked along these streets.", "type": "direct_reply"}, {"index": 4, "attribution": 0.2924123046394402, "content_attribution": 0.02049887165558247, "stance_attribution": 0.27191343298385773, "tweet_id": 524961013637349377, "text": "@globeandmail @Klarevas Wonder if they are related to the guy that follows #ISIS who ran down two RCMPs", "type": "direct_reply"}, {"index": 19, "attribution": 0.20572911441034625, "content_attribution": 0.012628148580175663, "stance_attribution": 0.19310096583017058, "tweet_id": 524964715936907264, "text": "@globeandmail @KokomoNews The war memorial is very open and accessible very much like your own memorial in Indianapolis. Close to leg build", "type": "lower_reply"}, {"index": 16, "attribution": 0.16629085825432843, "content_attribution": 0.005010736451571218, "stance_attribution": 0.16128012180275725, "tweet_id": 524956959217557504, "text": "@globeandmail @acarvin This is what happens when Canadian #guncontrol begins to look like US gun control. #cdnpoli #NotOneMore", "type": "direct_reply"}, {"index": 3, "attribution": 0.08268399171552501, "content_attribution": 0.01198593734248064, "stance_attribution": 0.07069805437304438, "tweet_id": 524961226582134784, "text": "@WheresSal I suspect too soon to tell", "type": "lower_reply"}, {"index": 6, "attribution": 0.03154798632556381, "content_attribution": 0.046231519427906584, "stance_attribution": -0.014683533102342758, "tweet_id": 524959432024027138, "text": "@MrCampese I think you have that backward... #tcot @globeandmail @acarvin", "type": "lower_reply"}, {"index": 15, "attribution": 0.006772829328454001, "content_attribution": 0.00022323632735747698, "stance_attribution": 0.006549593001096523, "tweet_id": 524962541198639104, "text": "@globeandmail TERRORISM LIVE IN THE STREETS IN CANADA", "type": "direct_reply"}, {"index": 10, "attribution": 0.004072009093097894, "content_attribution": 0.00038284414916450683, "stance_attribution": 0.0036891649439333867, "tweet_id": 524961651167346688, "text": "@globeandmail i have walked in that area so many times alot tourists probs gonna actually put security there lol", "type": "direct_reply"}, {"index": 5, "attribution": 0.0031768691040380877, "content_attribution": -0.000742220400273032, "stance_attribution": 0.0039190895043111195, "tweet_id": 524963813591093248, "text": "@globeandmail this is so horrific, shocking shocking, praying for peace and safety for our police and guards", "type": "direct_reply"}, {"index": 18, "attribution": 0.003030891339999654, "content_attribution": 0.0006062703049110289, "stance_attribution": 0.002424621035088625, "tweet_id": 524956864149483521, "text": "\u201c@globeandmail: Photos of the scene in Ottawa, where police confirm 'several' shootings http://t.co/LlN5pa5iXX http://t.co/7gtOUGxSfw\u201d", "type": "direct_reply"}, {"index": 17, "attribution": 0.002700254568357988, "content_attribution": 0.00036776396195148007, "stance_attribution": 0.002332490606406508, "tweet_id": 524962178823364608, "text": "=( \u201c@globeandmail: Photos of the scene in Ottawa, where police confirm 'several' shootings http://t.co/VNMJSIGATg http://t.co/EA26agyKAa\u201d", "type": "direct_reply"}, {"index": 9, "attribution": 0.002631192632564794, "content_attribution": -0.0006799999849903028, "stance_attribution": 0.0033111926175550966, "tweet_id": 524964529323909120, "text": "To @MrCampese &lt; Can't tell how many ways you're wrong.  @globeandmail @RonEClaiborne", "type": "direct_reply"}, {"index": 11, "attribution": 0.002503643029159116, "content_attribution": 0.0003434800357244826, "stance_attribution": 0.0021601629934346334, "tweet_id": 524957357424803841, "text": "\u201c@globeandmail: Photos of the scene in Ottawa, where police confirm 'several' shootings http://t.co/63oJizGpcE http://t.co/oTcFPn9uVm\u201d", "type": "direct_reply"}, {"index": 13, "attribution": 0.002383681295219109, "content_attribution": -0.00017117967871642826, "stance_attribution": 0.002554860973935537, "tweet_id": 524964030746988544, "text": "@globeandmail @RonEClaiborne Very sad. Will await updates. Prayers to all.", "type": "direct_reply"}, {"index": 7, "attribution": 0.002108883702316051, "content_attribution": -0.0003995594311262758, "stance_attribution": 0.0025084431334423275, "tweet_id": 524960132330168320, "text": "@globeandmail Thanks for sharing. I've added it to my Rebel Mouse page. http://t.co/35QAc9tXgY", "type": "direct_reply"}, {"index": 14, "attribution": 0.0005694941457015448, "content_attribution": -0.001598881692146992, "stance_attribution": 0.0021683758378485364, "tweet_id": 524957379419320320, "text": "Scary \u201c@globeandmail: Photos of the scene in Ottawa, where police confirm 'several' shootings http://t.co/W1KCYsaxNI http://t.co/KxxuSaXDkx\u201d", "type": "direct_reply"}, {"index": 12, "attribution": -0.0002483165905411796, "content_attribution": -0.00038981439081349825, "stance_attribution": 0.00014149780027231898, "tweet_id": 524956765193273344, "text": "\u201c@globeandmail: Photos of the scene in Ottawa, where police confirm 'several' shootings http://t.co/zYUMwWeYEv http://t.co/mmjAXLRDmR\u201d cmon", "type": "direct_reply"}, {"index": 1, "attribution": -0.0024496980298317262, "content_attribution": -0.0004133026548486777, "stance_attribution": -0.0020363953749830467, "tweet_id": 524957758538661888, "text": "@globeandmail @JonathanHuntFNC National Gun control at it's finest!", "type": "direct_reply"}, {"index": 2, "attribution": -0.004740426602497694, "content_attribution": -0.0008644308842159341, "stance_attribution": -0.00387599571828176, "tweet_id": 524960976601632768, "text": "@globeandmail @USATODAY   one respect for Kandas democratic (!) \nteo emeritus FR\u00c4MMESTAD sweden", "type": "direct_reply"}, {"index": 0, "attribution": -0.7470529767282317, "content_attribution": 0.08384364647704251, "stance_attribution": -0.8308966232052741, "tweet_id": 524956383318650880, "text": "Photos of the scene in Ottawa, where police confirm 'several' shootings http://t.co/1vpA0rErQg http://t.co/djjyH5S30C", "type": "source"}]}