{"thread_id": "524949837729787905", "gold_label": 1, "predicted_label": 0, "tweet_attributions": [{"index": 0, "attribution": 0.2554017923517783, "content_attribution": 0.02182490222449938, "stance_attribution": 0.23357689012727884, "tweet_id": 524949837729787905, "text": "#BREAKING: Ottawa police confirm to CTV news there were at least three separate shootings", "type": "source"}, {"index": 1, "attribution": 0.08534924254085512, "content_attribution": -0.009375906818227581, "stance_attribution": 0.0947251493590827, "tweet_id": 524950282518941696, "text": "RT @stephaniesmyth: #BREAKING: Ottawa police confirm to CTV news there were at least three separate shootings", "type": "direct_reply"}, {"index": 2, "attribution": 0.01586711149953701, "content_attribution": 0.0005262901541704511, "stance_attribution": 0.015340821345366561, "tweet_id": 524950856584953856, "text": "RT @stephaniesmyth: #BREAKING: Ottawa police confirm to CTV news there were at least three separate shootings #cdnpoli #ottawa", "type": "direct_reply"}, {"index": 3, "attribution": -0.02752288380118184, "content_attribution": 0.005316602904364257, "stance_attribution": -0.032839486705546095, "tweet_id": 524950469442297856, "text": "@stephaniesmyth wait...is that including the shooting of the perpetrator?", "type": "direct_reply"}]}