{"thread_id": "524941727753568257", "gold_label": 2, "predicted_label": 0, "tweet_attributions": [{"index": 0, "attribution": 0.12297346751915533, "content_attribution": -0.041724464445194565, "stance_attribution": 0.1646979319643499, "tweet_id": 524941727753568257, "text": "We r being told it's still not safe outside downtown. Shooter on the loose. University of Ottawa shut down.", "type": "source"}, {"index": 2, "attribution": 0.03716490628051578, "content_attribution": 0.026115893504272417, "stance_attribution": 0.011049012776243369, "tweet_id": 524961523471761408, "text": "@jenditchburn do stay safe....", "type": "direct_reply"}, {"index": 9, "attribution": 0.017990190564310525, "content_attribution": -0.00598474794894264, "stance_attribution": 0.023974938513253167, "tweet_id": 524943456050106368, "text": "@jenditchburn Welcome to The American Century", "type": "direct_reply"}, {"index": 8, "attribution": 0.012592055257062515, "content_attribution": -0.0027577508653461114, "stance_attribution": 0.015349806122408629, "tweet_id": 524942450868387840, "text": "@jenditchburn @CdnPress today's events should not break our resolve", "type": "direct_reply"}, {"index": 7, "attribution": 0.0061137797368219955, "content_attribution": 0.0003886565580459137, "stance_attribution": 0.005725123178776081, "tweet_id": 524942907556786176, "text": "@jenditchburn @CdnPress scary! My thoughts and prayers are with you!", "type": "direct_reply"}, {"index": 10, "attribution": 0.00434065198769303, "content_attribution": -0.0014934192375378433, "stance_attribution": 0.005834071225230873, "tweet_id": 524949899222077441, "text": "@jenditchburn Hope people of Ottawa are safe\nLets not shield terrorism &amp; d religion that perpetrates it just 4 sake of political correctness", "type": "direct_reply"}, {"index": 1, "attribution": -0.010341662670355394, "content_attribution": -0.0019556448757433887, "stance_attribution": -0.008386017794612007, "tweet_id": 524944469959770112, "text": "@jenditchburn @BabujiHDL Jihad has come to Canada, I reckon.", "type": "direct_reply"}, {"index": 6, "attribution": -0.01083212772367738, "content_attribution": 0.004789366082404028, "stance_attribution": -0.015621493806081407, "tweet_id": 524946909773852672, "text": "@jenditchburn kindly followback wanna ask u something(private) through DM please", "type": "direct_reply"}, {"index": 4, "attribution": -0.011387106620047091, "content_attribution": 0.0005886610607538634, "stance_attribution": -0.011975767680800956, "tweet_id": 524948978908266496, "text": "@jenditchburn Hi Jennifer - could you follow me so I can message you? thanks so much", "type": "direct_reply"}, {"index": 3, "attribution": -0.026563410524620232, "content_attribution": -0.003477403099697315, "stance_attribution": -0.02308600742492292, "tweet_id": 524948832669278208, "text": "@jenditchburn @SCalaisS I'm so sorry to hear this violence has reached Canada. I wish you all safety.", "type": "direct_reply"}, {"index": 5, "attribution": -0.04590789986492213, "content_attribution": -0.000989304821093643, "stance_attribution": -0.04491859504382849, "tweet_id": 524941859471495168, "text": "@jenditchburn i am hearing cell phone service is shut down", "type": "direct_reply"}]}