{"thread_id": "524925553489760256", "gold_label": 0, "predicted_label": 0, "tweet_attributions": [{"index": 0, "attribution": 0.19512996234542015, "content_attribution": -0.061369107566699665, "stance_attribution": 0.2564990699121198, "tweet_id": 524925553489760256, "text": "So I am locked down in Centre Block on Parliament Hill after at least one shooter burst in and opened fire", "type": "source"}, {"index": 3, "attribution": 0.049843747154125366, "content_attribution": 0.01634186938683202, "stance_attribution": 0.03350187776729335, "tweet_id": 524926120316383232, "text": "@josh_wingrove Burst into where?", "type": "direct_reply"}, {"index": 6, "attribution": 0.021587520949350836, "content_attribution": -0.000421603433296697, "stance_attribution": 0.022009124382647537, "tweet_id": 524926144018415616, "text": "\u201c@josh_wingrove: So I am locked down in Centre Block on Parliament Hill after at least one shooter burst in and opened fire\u201d @normwilner", "type": "direct_reply"}, {"index": 8, "attribution": 0.009528241799506898, "content_attribution": -0.00041235736950583535, "stance_attribution": 0.009940599169012734, "tweet_id": 524925609768910848, "text": "@josh_wingrove Stay safe sir.", "type": "direct_reply"}, {"index": 7, "attribution": 0.005050444855829063, "content_attribution": -0.0007382929540519394, "stance_attribution": 0.005788737809881002, "tweet_id": 524926765827751936, "text": "Follow for details MT @josh_wingrove: I'm locked down in Centre Block on Parliament Hill after at least one shooter burst in and opened fire", "type": "direct_reply"}, {"index": 5, "attribution": 0.004685420455072447, "content_attribution": -0.0003398161400201106, "stance_attribution": 0.0050252365950925575, "tweet_id": 524926095553216512, "text": "In Ottawa.  RT @josh_wingrove: So I am locked down in Centre Block on Parliament Hill after at least one shooter burst in and opened fire", "type": "direct_reply"}, {"index": 2, "attribution": 0.0013795092931358699, "content_attribution": -0.0010377927278928897, "stance_attribution": 0.0024173020210287595, "tweet_id": 524926486931730433, "text": "\u201c@josh_wingrove: So I am locked down in Centre Block on Parliament Hill after at least one shooter burst in and opened fire\u201d", "type": "direct_reply"}, {"index": 4, "attribution": -0.006072617287423708, "content_attribution": 0.002138940896602771, "stance_attribution": -0.008211558184026479, "tweet_id": 524925911205158912, "text": "@josh_wingrove Burst in? Into HOC?", "type": "direct_reply"}, {"index": 1, "attribution": -0.025858162665220345, "content_attribution": 0.0011492295165504175, "stance_attribution": -0.02700739218177076, "tweet_id": 524926490535006209, "text": "@josh_wingrove @journodave stay safe", "type": "direct_reply"}, {"index": 9, "attribution": -0.028565752420028304, "content_attribution": -0.08115925010289769, "stance_attribution": 0.05259349768286939, "tweet_id": 524953619553349632, "text": "@alainparadis @josh_wingrove ummm Centre Block on Parliament Hill? Like he just said?", "type": "lower_reply"}]}