{"thread_id": "524925987239120897", "gold_label": 0, "predicted_label": 0, "tweet_attributions": [{"index": 0, "attribution": 0.22080078297415917, "content_attribution": 5.5386176597466835e-05, "stance_attribution": 0.2207453967975617, "tweet_id": 524925987239120897, "text": "Soldier shot at National War Memorial in Ottawa http://t.co/Sgmcq7gUzf #cdnpoli #hw", "type": "source"}, {"index": 3, "attribution": 0.11233547364451382, "content_attribution": 0.010183848923894682, "stance_attribution": 0.10215162472061916, "tweet_id": 524933733246574592, "text": "@CBCPolitics Time to get snipers out on the roofs. Take him out, no talking!!!", "type": "direct_reply"}, {"index": 4, "attribution": 0.01751418308727174, "content_attribution": 0.0020343577872226817, "stance_attribution": 0.015479825300049061, "tweet_id": 524930943971504129, "text": "RT @CBCPolitics Soldier shot at National War Memorial in #Ottawa http://t.co/I5GY1kEqfq #cdnpoli #hw", "type": "direct_reply"}, {"index": 2, "attribution": 0.017031113285991453, "content_attribution": 0.0002892534664868866, "stance_attribution": 0.01674185981950457, "tweet_id": 524930594464362496, "text": "Gunfire inside Canadian parliament; soldier shot at National War Memorial in Ottawa http://t.co/HlfE0oVrN7 #cdnpoli @CBCPolitics", "type": "direct_reply"}, {"index": 1, "attribution": 0.016794041113562246, "content_attribution": -0.0028958616067313397, "stance_attribution": 0.019689902720293584, "tweet_id": 524938679958405120, "text": "Our thoughts to all those in Ottawa \u201c@CBCPolitics: Soldier shot at National War Memorial in Ottawa http://t.co/WTkR1N0elc #cdnpoli #hw\u201d", "type": "direct_reply"}]}