{"thread_id": "524964929083023360", "gold_label": 0, "predicted_label": 2, "tweet_attributions": [{"index": 2, "attribution": 0.5688387214433948, "content_attribution": 0.005001464170054614, "stance_attribution": 0.56383725727334, "tweet_id": 524977919156703232, "text": "@dexterdyne #MyCanada #UpYoursTerrorist #StandUpForCanada", "type": "direct_reply"}, {"index": 8, "attribution": 0.20515708695641216, "content_attribution": 0.037974685178245086, "stance_attribution": 0.16718240177816704, "tweet_id": 524992396875276288, "text": "@thepoliticalcat @dexterdyne Ottawa Ontario Quebec Canada US Britain all allied NATO countries don't give in 2terrorists #UpYoursTerrorist", "type": "lower_reply"}, {"index": 10, "attribution": 0.07819944121816448, "content_attribution": -0.0004614984186004872, "stance_attribution": 0.07866093963676497, "tweet_id": 524983060962758657, "text": "@dexterdyne Heroes among us.  Prayers for her and this young man's family.  May he rest in peace.  So tragic &amp; horrible. Can't imagine.", "type": "direct_reply"}, {"index": 14, "attribution": 0.02506475393929842, "content_attribution": 0.00033609700912338937, "stance_attribution": 0.024728656930175032, "tweet_id": 524984307543461888, "text": "@dexterdyne @JeffersonObama This strange Woman heroic act to save Honor Guard Truly Heroic Her action of Good Slaps Evil in Face #BRAVO", "type": "direct_reply"}, {"index": 16, "attribution": 0.016427344252296465, "content_attribution": -0.0003381510654164601, "stance_attribution": 0.01676549531771293, "tweet_id": 524980749028823041, "text": "@dexterdyne @SeanParnellUSA prayers for these people", "type": "direct_reply"}, {"index": 13, "attribution": 0.014391784347634488, "content_attribution": -0.00013799382019423508, "stance_attribution": 0.014529778167828723, "tweet_id": 524971901702377473, "text": "This is #MyCanada .. https://t.co/7BOSBbxy0m via @dexterdyne cc: @YourAnonCentral @YourAnonLive @AnonMedics @YourAnonNews", "type": "direct_reply"}, {"index": 12, "attribution": 0.011724385549696062, "content_attribution": -0.003942429459133618, "stance_attribution": 0.015666815008829677, "tweet_id": 524984162282119169, "text": "@dexterdyne These animals do not need to be in the west, they are as satanic as their demon god.", "type": "direct_reply"}, {"index": 6, "attribution": 0.011653127636799918, "content_attribution": 0.0017828587751446497, "stance_attribution": 0.009870268861655266, "tweet_id": 524977860361338880, "text": "@dexterdyne Powerful stuff.", "type": "direct_reply"}, {"index": 7, "attribution": 0.010572348431815662, "content_attribution": -0.0006536241016110435, "stance_attribution": 0.011225972533426706, "tweet_id": 524978943984562176, "text": "@dexterdyne Fucking terrorists. Kill em all", "type": "direct_reply"}, {"index": 5, "attribution": 0.008419534277106937, "content_attribution": 0.002022258066572686, "stance_attribution": 0.006397276210534251, "tweet_id": 524981128240066562, "text": "@dexterdyne @StuMillsCBC This is horrible. Cut down while standing guard for the memory of those who faught &amp; fell to keep us safe &amp; free.", "type": "direct_reply"}, {"index": 17, "attribution": 0.007078386171135598, "content_attribution": 0.00036130158086901816, "stance_attribution": 0.006717084590266579, "tweet_id": 524983125710213120, "text": "\u201c@dexterdyne: Passing woman valiantly tries to save #Hamilton Reservist shot in #Ottawa .. #OttawaShooting http://t.co/CjSf5RHLlb\u201d POP \u270a", "type": "direct_reply"}, {"index": 1, "attribution": 0.006108178030235255, "content_attribution": -9.156606927273399e-05, "stance_attribution": 0.006199744099507989, "tweet_id": 524978156139454464, "text": "@dexterdyne #MyCanada Thanking that woman for trying to save this young man. So sad he has passed photo represents our true heart - helping.", "type": "direct_reply"}, {"index": 18, "attribution": 0.005614401368004026, "content_attribution": -0.000651822441221141, "stance_attribution": 0.006266223809225167, "tweet_id": 524979183257411584, "text": "@dexterdyne @LCplSwofford RIP young man #sadtimes", "type": "direct_reply"}, {"index": 15, "attribution": 0.005234103290935515, "content_attribution": -0.00020974715078811375, "stance_attribution": 0.005443850441723629, "tweet_id": 524983889929187330, "text": "@dexterdyne @helynbolanis", "type": "direct_reply"}, {"index": 3, "attribution": 0.0031568264021794743, "content_attribution": -0.0002634088598206571, "stance_attribution": 0.0034202352620001314, "tweet_id": 524979967487410176, "text": "@dexterdyne @CaptBeezer OMG.   Bless her &amp; him.", "type": "direct_reply"}, {"index": 9, "attribution": 0.0029161604270539574, "content_attribution": -0.0036678558701871973, "stance_attribution": 0.006584016297241154, "tweet_id": 524984478578393090, "text": "THIS is #myCanada @dexterdyne", "type": "direct_reply"}, {"index": 4, "attribution": 0.0006453945132632551, "content_attribution": 0.0002757687809208327, "stance_attribution": 0.00036962573234242276, "tweet_id": 524983291645272065, "text": "@dexterdyne awful news RIP #OttawaShooting", "type": "direct_reply"}, {"index": 11, "attribution": -0.0002654817275001474, "content_attribution": -0.0012571787227649146, "stance_attribution": 0.0009916969952647673, "tweet_id": 524980204733992960, "text": "\u201c@dexterdyne: This is #MyCanada .. Passing woman valiantly tries to save #Hamilton Reservist shot in #OttawaShooting http://t.co/zcvsF9Agie\u201d", "type": "direct_reply"}, {"index": 0, "attribution": -0.49239584493342414, "content_attribution": 0.03487850224467291, "stance_attribution": -0.5272743471780971, "tweet_id": 524964929083023360, "text": "This is #MyCanada .. Passing woman valiantly tries to save #Hamilton Reservist shot in #Ottawa .. #OttawaShooting http://t.co/0uHEdCAylc", "type": "source"}]}