{"thread_id": "524983146266505216", "gold_label": 0, "predicted_label": 0, "tweet_attributions": [{"index": 0, "attribution": 0.22411815856973538, "content_attribution": -0.00046025506247202724, "stance_attribution": 0.22457841363220743, "tweet_id": 524983146266505216, "text": "Ottawa police confirm 1 male shooting suspect died; no one in custody - @OttawaPolice http://t.co/9emMsGE1FZ", "type": "source"}, {"index": 1, "attribution": 0.10825505456681792, "content_attribution": -0.01749254997727543, "stance_attribution": 0.12574760454409334, "tweet_id": 524995957356650496, "text": "@BreakingNews ,. ((( O people! Say \"No God But Allah\" To Obtain Salvation )))\n\nTHE MEANING OF LIFE \"SPOKEN WORD\"\n\nhttps://t.co/YBaU294GFx\n::", "type": "direct_reply"}, {"index": 2, "attribution": 0.013309082060537117, "content_attribution": 0.0029240038392184297, "stance_attribution": 0.010385078221318688, "tweet_id": 524991264702611456, "text": "\u201c@BreakingNews Ottawa police confirm 1 male shooting suspect died; no one in custody - @OttawaPolice http://t.co/Z89gCRSq6S\u201d", "type": "direct_reply"}, {"index": 3, "attribution": -0.03730107689920849, "content_attribution": -0.009373313699473612, "stance_attribution": -0.027927763199734883, "tweet_id": 525017061765185536, "text": "@BreakingNews @OttawaPolice sounds like things are changing in Canada  where is Michael Moore?", "type": "direct_reply"}]}