{"thread_id": "524950264303075328", "gold_label": 1, "predicted_label": 0, "tweet_attributions": [{"index": 0, "attribution": 0.05352930689828235, "content_attribution": -0.06038604502659406, "stance_attribution": 0.1139153519248764, "tweet_id": 524950264303075328, "text": "CANADA PARLIAMENT SHOOTING:\n- Still active shooter\n- 3 separate shooting sites\n- Multiple gunmen\n- 1 gunmen dead\nhttp://t.co/lXFiYaVImZ", "type": "source"}, {"index": 3, "attribution": 0.012772730130881232, "content_attribution": -0.0075379513200363995, "stance_attribution": 0.020310681450917634, "tweet_id": 524951701376483328, "text": "@PzFeed @LouisCavaliere", "type": "direct_reply"}, {"index": 4, "attribution": -0.004960274783138555, "content_attribution": 0.009256805901844366, "stance_attribution": -0.014217080684982918, "tweet_id": 524951014802067456, "text": "@PzFeed @allahpundit Time to break out the German RAF manual from the 70's/80's.", "type": "direct_reply"}, {"index": 1, "attribution": -0.01212376107081244, "content_attribution": -0.006428161107380723, "stance_attribution": -0.0056955999634317155, "tweet_id": 524951156729339905, "text": "@PzFeed fuck ISIS it's on now you fucking pieces of shit", "type": "direct_reply"}, {"index": 2, "attribution": -0.10192997618031621, "content_attribution": -0.0075032186880135575, "stance_attribution": -0.09442675749230263, "tweet_id": 524958647416528896, "text": "@coleenjud @PzFeed hey Col thanks. We are safe in our hotel. Not too far from the Parliament Buildings. All Gov. Buildings are locked down.", "type": "lower_reply"}]}