{"thread_id": "524947964620701696", "gold_label": 2, "predicted_label": 2, "tweet_attributions": [{"index": 4, "attribution": 3.1411062752854324, "content_attribution": 0.005277089119406368, "stance_attribution": 3.1358291861660263, "tweet_id": 524948304380321794, "text": "@BonsieTweets Awful ... just awful. Be safe all. Thoughts are with family of soldier :(", "type": "direct_reply"}, {"index": 10, "attribution": 1.6031800129242526, "content_attribution": 0.06298086690088027, "stance_attribution": 1.5401991460233724, "tweet_id": 524957922087145473, "text": "@Teaqueen180 @BonsieTweets it's the tomb of the unknown soldier meaning the soldiers they couldn't identify during/after WW1&amp;2 not a person", "type": "lower_reply"}, {"index": 7, "attribution": 0.13719628690116653, "content_attribution": 0.04687211841232178, "stance_attribution": 0.09032416848884475, "tweet_id": 524960960038318080, "text": "@VBroadbelt yes, I meant the one soldier that suffered injuries earlier in today's events", "type": "lower_reply"}, {"index": 8, "attribution": 0.04854359600546292, "content_attribution": -0.0077897441850338835, "stance_attribution": 0.05633334019049681, "tweet_id": 524951330868457472, "text": "@L0velyMissJenn they better be! ..they need to be shot themselves !! Pricks", "type": "lower_reply"}, {"index": 3, "attribution": 0.028890749050620685, "content_attribution": 0.0002528258675752102, "stance_attribution": 0.02863792318304547, "tweet_id": 524948410542338049, "text": "\u201c@BonsieTweets: Some Leaf players say they heard shots this morning from the Tomb of the Unknown Soldier. Scary events in Ottawa\u201d : O", "type": "direct_reply"}, {"index": 2, "attribution": 0.017180584893278245, "content_attribution": -0.0028605548802710895, "stance_attribution": 0.02004113977354933, "tweet_id": 524949423580008448, "text": "@BonsieTweets @L0velyMissJenn  omg...scary", "type": "direct_reply"}, {"index": 1, "attribution": 0.0025200384669950174, "content_attribution": 0.0003725147782263112, "stance_attribution": 0.002147523688768707, "tweet_id": 524950803648622592, "text": "\u201c@BonsieTweets: Some Leaf players say they heard shots this morning from the Tomb of the Unknown Soldier.\" @THNKenCampbell but Kanata right?", "type": "direct_reply"}, {"index": 11, "attribution": 0.002514287404014484, "content_attribution": 0.00040425682631174014, "stance_attribution": 0.0021100305777027443, "tweet_id": 524950984670588930, "text": "\u201c@BonsieTweets: Some Leaf players say they heard shots this morning from the Tomb of the Unknown Soldier. Scary events in Ottawa\u201d very scary", "type": "direct_reply"}, {"index": 5, "attribution": -0.007913119609578754, "content_attribution": -0.0002666110862989142, "stance_attribution": -0.007646508523279838, "tweet_id": 524949873121300480, "text": "@L0velyMissJenn it's unbelievable what this world is coming too.", "type": "lower_reply"}, {"index": 6, "attribution": -0.009535915101807926, "content_attribution": -0.0009691895158566161, "stance_attribution": -0.008566725585951309, "tweet_id": 524948398886375424, "text": "@BonsieTweets Stay Safe!", "type": "direct_reply"}, {"index": 9, "attribution": -0.011747798772173607, "content_attribution": -0.0009814677418969063, "stance_attribution": -0.0107663310302767, "tweet_id": 524951040513540096, "text": "@L0velyMissJenn Omg I didn't hear that..good lord!! The city is in lock down i'm sure..prayers r with everyone there .", "type": "lower_reply"}, {"index": 0, "attribution": -0.5977486616673355, "content_attribution": 0.03957619780924804, "stance_attribution": -0.6373248594765835, "tweet_id": 524947964620701696, "text": "Some Leaf players say they heard shots this morning from the Tomb of the Unknown Soldier. Scary events in Ottawa", "type": "source"}]}