{"thread_id": "524951893467234304", "gold_label": 0, "predicted_label": 2, "tweet_attributions": [{"index": 0, "attribution": 0.09192950335311455, "content_attribution": -0.05851460188767618, "stance_attribution": 0.15044410524079072, "tweet_id": 524951893467234304, "text": "CXN: 1 gunman shot dead in Parliament Hill attack, soldier shot in Ottawa http://t.co/pp6hcfWcRw No report soldier dead. #OttawaShooting", "type": "source"}, {"index": 6, "attribution": 0.08070102109683124, "content_attribution": -0.006612297008738008, "stance_attribution": 0.08731331810556923, "tweet_id": 524952694427881472, "text": "@CBCNews stop showing clip of the CPR for the solider at the War Memorial on the online feed. Not necessary, old, move on.", "type": "direct_reply"}, {"index": 2, "attribution": 0.053127093715166204, "content_attribution": -0.0025659613159793567, "stance_attribution": 0.05569305503114556, "tweet_id": 524956831102537729, "text": "OMG! @CBCNews @tbeaudrymellor CXN: 1 gunman shot dead in Parliament Hill attack, soldier shot Ottawa  http://t.co/rkzy5NRHq5 #OttawaShooting", "type": "direct_reply"}, {"index": 1, "attribution": 0.01185606298378683, "content_attribution": -0.007071979764147914, "stance_attribution": 0.01892804274793474, "tweet_id": 524953301880938498, "text": "\u201c@CBCNews: 1 gunman shot dead in Parliament Hill attack, soldier shot in Ottawa http://t.co/48k8mtpWRB No report soldier dead. @nytimes", "type": "direct_reply"}, {"index": 4, "attribution": -0.014906017300680325, "content_attribution": -0.001762398198748002, "stance_attribution": -0.013143619101932322, "tweet_id": 524952124082229248, "text": "@CBCNews ctv reporting he's alive", "type": "direct_reply"}, {"index": 3, "attribution": -0.020365898358575413, "content_attribution": 0.0033496763067421866, "stance_attribution": -0.023715574665317603, "tweet_id": 524957801727008768, "text": "@CBCNews European news reporting soldiers gun was not loaded?", "type": "direct_reply"}, {"index": 5, "attribution": -0.02869958655353871, "content_attribution": -0.010745408661817408, "stance_attribution": -0.017954177891721306, "tweet_id": 524953064214913024, "text": "@CBCNews horrible... all the best to the injured soldier!", "type": "direct_reply"}]}