{"thread_id": "524937968138878976", "gold_label": 2, "predicted_label": 2, "tweet_attributions": [{"index": 20, "attribution": 3.294996857719396, "content_attribution": 0.07032666226142373, "stance_attribution": 3.2246701954579726, "tweet_id": 524940061255950338, "text": "@jwoodgett @Reuters multiple now? Only read report of one. What the hell?", "type": "lower_reply"}, {"index": 7, "attribution": 2.4347519294274194, "content_attribution": 0.04440446813429142, "stance_attribution": 2.390347461293128, "tweet_id": 524941088625131523, "text": "@benoitbruneau @Reuters Developing story. Soldier shot at war memorial, shots inside Parliament. Multiple shooters (i.e. more than 1).", "type": "lower_reply"}, {"index": 13, "attribution": 1.6630978702469656, "content_attribution": 0.05394711068357359, "stance_attribution": 1.6091507595633923, "tweet_id": 524939105533444096, "text": "@benoitbruneau @Reuters Reports of multiple shooters around Canadian Parliament. Awful. Ongoing.", "type": "lower_reply"}, {"index": 6, "attribution": 0.2827333205384748, "content_attribution": 0.013807605681551453, "stance_attribution": 0.2689257148569233, "tweet_id": 524944050668183552, "text": "@SophieReynal @Cyremad @senateur61 @Reuters La Turquie a choisi de soutenir l\u2019EIIL plut\u00f4t que les kurdes\nhttp://t.co/j537hxvDQH", "type": "lower_reply"}, {"index": 15, "attribution": 0.11436333890710418, "content_attribution": 0.013703652534347625, "stance_attribution": 0.10065968637275657, "tweet_id": 524947282341679104, "text": "@maria91luis \u00e7a ne nous dit pas si le tireur d'ottawa venait de Syrie... @Cyremad @senateur61 @Reuters", "type": "lower_reply"}, {"index": 4, "attribution": 0.0891470886347652, "content_attribution": 0.01563172771165474, "stance_attribution": 0.07351536092311048, "tweet_id": 524943607917473793, "text": "@Cyremad d'o\u00f9 savez-vous que le tireur revenait de Syrie ?  @senateur61 @Reuters", "type": "lower_reply"}, {"index": 0, "attribution": 0.020156803120063876, "content_attribution": 0.06203907357239313, "stance_attribution": -0.04188227045232927, "tweet_id": 524937968138878976, "text": "BREAKING: Soldier shot near Canada's parliament; active shooter at large.  http://t.co/ldO9r3y0JQ http://t.co/5Ssy2fEmSb", "type": "source"}, {"index": 16, "attribution": 0.014734378088291339, "content_attribution": 0.04946626592083976, "stance_attribution": -0.03473188783254842, "tweet_id": 524938647653863424, "text": "WTF? \u201c@Reuters: BREAKING: Soldier shot near Canada's parliament; active shooter at large.  http://t.co/xAAHvOsS6h http://t.co/7eO9ZCgwkI\u201d", "type": "direct_reply"}, {"index": 17, "attribution": 0.012278969775303851, "content_attribution": -0.000530778994288903, "stance_attribution": 0.012809748769592757, "tweet_id": 524938321303465984, "text": "RT @Reuters: BREAKING: Soldier shot near Canada\u2019s parliament; active shooter at large.  http://t.co/dD2rHxnnie http://t.co/EfSQafinqg", "type": "direct_reply"}, {"index": 19, "attribution": 0.009503953336884816, "content_attribution": 0.009429290978280483, "stance_attribution": 7.466235860433392e-05, "tweet_id": 524944285033312256, "text": "@SophieReynal @senateur61 @Reuters La semaine derni\u00e8re c'\u00e9tait le cas. Aujourd'hui je n'en sais rien.", "type": "lower_reply"}, {"index": 18, "attribution": 0.004870687710368158, "content_attribution": 0.00033424175106928537, "stance_attribution": 0.004536445959298873, "tweet_id": 524944250576707584, "text": "\u30ab\u30ca\u30c0\u9996\u90fd\u30aa\u30bf\u30ef\u306e\u8b70\u4f1a\u3067\u9283\u6483\u3001\u5175\u58eb1\u4eba\u8ca0\u50b7\u3002\u30c6\u30ed\u304b\u3002@Reuters Soldier shot near Canada's parliament; active shooter at large. http://t.co/xmDyZupV4w", "type": "direct_reply"}, {"index": 2, "attribution": -0.0005489506086033197, "content_attribution": -0.00040142523694728125, "stance_attribution": -0.0001475253716560385, "tweet_id": 524941773223632896, "text": "\u201c@Reuters: BREAKING: Soldier shot near Canada's parliament; active shooter at large.  http://t.co/kUz6Svh3xz http://t.co/Gx84uVByNS\u201d", "type": "direct_reply"}, {"index": 11, "attribution": -0.0009120451351253104, "content_attribution": -0.0001711217543063307, "stance_attribution": -0.0007409233808189796, "tweet_id": 524938969172017153, "text": "Religion of peace at work ?@Reuters: BREAKING: Soldier shot near Canada's parliament; active shooter at large.", "type": "direct_reply"}, {"index": 3, "attribution": -0.0017584559641629065, "content_attribution": 0.0006463890342623473, "stance_attribution": -0.0024048449984252545, "tweet_id": 524948865900740609, "text": "@Hz_Mehdi_Mahdi @Reuters \nYeah Yeah right maybe the Jews did it\ud83d\ude48\ud83d\ude49\ud83d\ude4a", "type": "lower_reply"}, {"index": 10, "attribution": -0.00232538828624752, "content_attribution": -0.0024610191476843726, "stance_attribution": 0.00013563086143685292, "tweet_id": 524938199760900096, "text": "@Reuters was it a camera shot like this one", "type": "direct_reply"}, {"index": 8, "attribution": -0.0025953290396685674, "content_attribution": -0.001989541769490926, "stance_attribution": -0.0006057872701776412, "tweet_id": 524946637630607360, "text": "@Reuters omg", "type": "direct_reply"}, {"index": 9, "attribution": -0.003023565432995869, "content_attribution": -0.0017802612531452066, "stance_attribution": -0.0012433041798506621, "tweet_id": 524947175261077504, "text": "@Reuters @PaulaMeese  shooters were trained by the institution to make it easy for doctors to steal inherited prodigal wealth", "type": "direct_reply"}, {"index": 14, "attribution": -0.011470399579465908, "content_attribution": 0.003280740008385199, "stance_attribution": -0.01475113958785111, "tweet_id": 524950782563876865, "text": "@SophieReynal @maria91luis @senateur61 @Reuters Et ce n'est pas ce que j'ai dit.", "type": "lower_reply"}, {"index": 5, "attribution": -0.012475449768687741, "content_attribution": 0.006559507257361438, "stance_attribution": -0.01903495702604918, "tweet_id": 524941919991119872, "text": "@Reuters @senateur61 Deux soldats ont d\u00e9j\u00e0 \u00e9t\u00e9 des cibles, l'un est d\u00e9c\u00e9d\u00e9. Le tireur revenait de Syrie...", "type": "direct_reply"}, {"index": 12, "attribution": -0.10634321735604782, "content_attribution": 0.03624841542529164, "stance_attribution": -0.14259163278133946, "tweet_id": 524941701702373376, "text": "@benoitbruneau @Reuters This is unbelievable - inside parliament. https://t.co/ZxBb04ALtX", "type": "lower_reply"}, {"index": 1, "attribution": -0.11162095219762633, "content_attribution": 0.00033573481254618135, "stance_attribution": -0.11195668701017253, "tweet_id": 524945652334477312, "text": "@Reuters it is not allowed to attack Christians anywhere in the world this shooting is unislamic http://t.co/6jGzIdxFPk", "type": "direct_reply"}]}