{"thread_id": "524981513637888000", "gold_label": 1, "predicted_label": 2, "tweet_attributions": [{"index": 11, "attribution": 1.7913849246543607, "content_attribution": 0.009729389124052445, "stance_attribution": 1.7816555355303085, "tweet_id": 524988507585273856, "text": "@JimHumbert He was a Honor Guard so I'm not sure if he did or not. #OttawaShooting", "type": "lower_reply"}, {"index": 3, "attribution": 0.19453577267540767, "content_attribution": 0.03234015863156989, "stance_attribution": 0.1621956140438378, "tweet_id": 524993561603739648, "text": "@Reenit. Ok thanks....", "type": "lower_reply"}, {"index": 9, "attribution": 0.10285671755071704, "content_attribution": 0.03278542532404501, "stance_attribution": 0.07007129222667204, "tweet_id": 525005055507070978, "text": "@OttawaPolice there were shots fired outside of the Rideau centre, not inside so ya, technically the Rideau Centre didn't have a shooting", "type": "direct_reply"}, {"index": 7, "attribution": 0.087950872469568, "content_attribution": 0.03818529142509823, "stance_attribution": 0.049765581044469764, "tweet_id": 525010033843920896, "text": "@AngStarGazer @OttawaPolice shots at 3rd location? Yes or no?", "type": "lower_reply"}, {"index": 5, "attribution": 0.08737264058323124, "content_attribution": 0.08128349082675185, "stance_attribution": 0.006089149756479406, "tweet_id": 525812383382777858, "text": "@DavidBowes6 @OttawaPolice yes there were", "type": "lower_reply"}, {"index": 10, "attribution": 0.03022102431948047, "content_attribution": 8.661186291958189e-05, "stance_attribution": 0.03013441245656089, "tweet_id": 524994538382036992, "text": "@OttawaPolice @ibnlive its sad, but human rights is 4 humans not terrorists, punish all terrorists sheltered in canada under disguise of HR", "type": "direct_reply"}, {"index": 4, "attribution": 0.02427115740063126, "content_attribution": 0.000478452042636749, "stance_attribution": 0.023792705357994513, "tweet_id": 525021853212233728, "text": "@OttawaPolice this seemed like a clear terrorist attack http://t.co/AyDbT8xKCC", "type": "direct_reply"}, {"index": 14, "attribution": 0.020088874847992013, "content_attribution": -6.669413169680261e-05, "stance_attribution": 0.02015556897968882, "tweet_id": 524986416640438272, "text": "@OttawaPolice Any confirmation of the identity of these gunmen? Involvement of Al-queda or ISIS?", "type": "direct_reply"}, {"index": 1, "attribution": 0.0037619286073929973, "content_attribution": -0.0018206131558681825, "stance_attribution": 0.00558254176326118, "tweet_id": 524982111347163138, "text": "RT @OttawaPolice  This morning\u2019s shooting incidents occurred at the National War Memorial and on Parliament Hill. Not Rideau Centre #ottnews", "type": "direct_reply"}, {"index": 8, "attribution": 0.0016836781290852534, "content_attribution": -0.000644694854601363, "stance_attribution": 0.002328372983686616, "tweet_id": 524984294151061505, "text": "@OttawaPolice Thought from UK will the people of Ottawa shocking total shocking and well done to your emergency response teams", "type": "direct_reply"}, {"index": 13, "attribution": 0.0010332391619340014, "content_attribution": 7.974552646161935e-06, "stance_attribution": 0.0010252646092878395, "tweet_id": 524984248436920320, "text": "@OttawaPolice How did Rideau Centre get mixed in? Maybe it's on lockdown only?", "type": "direct_reply"}, {"index": 6, "attribution": 0.0005770789331351763, "content_attribution": 0.0012842425788357357, "stance_attribution": -0.0007071636457005592, "tweet_id": 524988011738841088, "text": "@OttawaPolice (Trad) Mise \u00e0 jour:Les fusillades ont eu lieu au monument comm\u00e9moratif de guerre et au Parlement. Pas au Centre Rideau #Ottawa", "type": "direct_reply"}, {"index": 12, "attribution": -0.00046192628095205354, "content_attribution": -0.0004009042815288544, "stance_attribution": -6.102199942319917e-05, "tweet_id": 524981685755326464, "text": "\u201c@OttawaPolice: UPDATE: This morning\u2019s shootings occurred at the National War Memorial and on Parliament Hill.  Not Rideau Centre. #ottnews\u201d", "type": "direct_reply"}, {"index": 2, "attribution": -0.0692358747369033, "content_attribution": 0.013472021997830779, "stance_attribution": -0.08270789673473407, "tweet_id": 524983846958534656, "text": "@OttawaPolice @Reenit Did the Soldier ... (military guard) have A loaded Rifle ?", "type": "direct_reply"}, {"index": 0, "attribution": -0.1394937830136971, "content_attribution": 0.05599223227712766, "stance_attribution": -0.19548601529082477, "tweet_id": 524981513637888000, "text": "UPDATE: This morning\u2019s shooting incidents occurred at the National War Memorial and on Parliament Hill.  Not Rideau Centre. #ottnews", "type": "source"}]}