{"thread_id": "524957752138149888", "gold_label": 2, "predicted_label": 2, "tweet_attributions": [{"index": 11, "attribution": 3.5884578337916215, "content_attribution": -0.005150082389844232, "stance_attribution": 3.593607916181466, "tweet_id": 524966547094503425, "text": "@matt_nett Cdn pilots have been taking pictures of Russian pilots &amp; vice versa up north smiling at each others ever since the 60s", "type": "lower_reply"}, {"index": 21, "attribution": 2.4139723964467645, "content_attribution": 0.003786838313477597, "stance_attribution": 2.4101855581332874, "tweet_id": 524967092509241344, "text": "@journeyheart I know. But Russia is the main threat of aviation attack. And they would attack Alaska first. But Canada's jets would kill em", "type": "lower_reply"}, {"index": 34, "attribution": 1.9866889514129906, "content_attribution": 0.012854810468984236, "stance_attribution": 1.9738341409440068, "tweet_id": 524965229621678080, "text": "@journeyheart than Homeland security.", "type": "lower_reply"}, {"index": 31, "attribution": 0.6847016541231002, "content_attribution": 0.005416577225545769, "stance_attribution": 0.6792850768975545, "tweet_id": 524968950300688385, "text": "@matt_nett Just a n automaticly triggered under security agreements of mutual protection at given level of alert", "type": "lower_reply"}, {"index": 13, "attribution": 0.5656080520688432, "content_attribution": 0.02329077698627792, "stance_attribution": 0.5423172750825653, "tweet_id": 524966675054358529, "text": "@matt_nett But Russia never thout about invading Canada or the US", "type": "lower_reply"}, {"index": 27, "attribution": 0.41940771352127215, "content_attribution": 0.008016313036824138, "stance_attribution": 0.4113914004844479, "tweet_id": 524969396880826369, "text": "@journeyheart oh. I thought they found out aircraft was being used.", "type": "lower_reply"}, {"index": 10, "attribution": 0.342528756921997, "content_attribution": 0.006176783933146211, "stance_attribution": 0.3363519729888508, "tweet_id": 524968357637160961, "text": "@journeyheart and I don't mean to argue. I am just wondering why NORAD would be on very high alert.", "type": "lower_reply"}, {"index": 4, "attribution": 0.3044539738626574, "content_attribution": 0.0009195188413046306, "stance_attribution": 0.3035344550213528, "tweet_id": 524967558886477824, "text": "@matt_nett In a hypothetical attack planes would'nt come our way ICBM with MERV would fly over aiming at Tactical military &amp; political targe", "type": "lower_reply"}, {"index": 23, "attribution": 0.18823492253396698, "content_attribution": 0.03862192892661079, "stance_attribution": 0.1496129936073562, "tweet_id": 524967531237617664, "text": "@journeyheart True. The would nuke us first. And I am 99% sure they have.", "type": "lower_reply"}, {"index": 18, "attribution": 0.17982514164025074, "content_attribution": 0.014892221908949035, "stance_attribution": 0.16493291973130167, "tweet_id": 524967957521518592, "text": "@matt_nett Anecdoticaley the US HAVE dropped a nuke once in the St-Lawrence river accidentaly", "type": "lower_reply"}, {"index": 6, "attribution": 0.10583271049174679, "content_attribution": 0.0008770844378626302, "stance_attribution": 0.10495562605388417, "tweet_id": 524965924554964992, "text": "@matt_nett lol we're talkin about 2 jihadists here as for ur assesment of an invasion by China &amp; Russia ur dreaming or having nightmares", "type": "lower_reply"}, {"index": 17, "attribution": 0.057298751994242364, "content_attribution": 0.0053433963828057015, "stance_attribution": 0.05195535561143666, "tweet_id": 524969684089991168, "text": "@matt_nett No nothing like that", "type": "lower_reply"}, {"index": 28, "attribution": 0.040800883517398454, "content_attribution": 0.0032127161566514358, "stance_attribution": 0.03758816736074702, "tweet_id": 524966771284262912, "text": "@journeyheart it's a threat honestly. But china wouldn't do it. Too much of economic relations with us. And Russia would first.", "type": "lower_reply"}, {"index": 20, "attribution": 0.03653821532025944, "content_attribution": 0.023528859582251746, "stance_attribution": 0.013009355738007697, "tweet_id": 524967715967352832, "text": "@matt_nett 99% surte they have WHAT??", "type": "lower_reply"}, {"index": 3, "attribution": 0.01625370214963283, "content_attribution": 0.01628186206239697, "stance_attribution": -2.8159912764137703e-05, "tweet_id": 524968001867894784, "text": "@journeyheart though about invading America and probably Canada.", "type": "lower_reply"}, {"index": 2, "attribution": 0.012107273380419448, "content_attribution": 0.01200992815280029, "stance_attribution": 9.734522761915663e-05, "tweet_id": 524965195144519680, "text": "@journeyheart kidding me?  If it wasn't for NORAD, us and Canada could have been invaded by Russia or even China. NORAD is more important..", "type": "lower_reply"}, {"index": 36, "attribution": 0.011918307360757531, "content_attribution": 0.0013743616992337709, "stance_attribution": 0.010543945661523758, "tweet_id": 524969491491721216, "text": "@matt_nett s'what i meant by SLBM &amp; that would be much faster But no one wants to trigger an Holocaust of world proportion in US or Russia", "type": "lower_reply"}, {"index": 26, "attribution": 0.009532939237573465, "content_attribution": -0.0006783045554201548, "stance_attribution": 0.01021124379299362, "tweet_id": 524959307851661312, "text": "@cnni @CNN what's going on? Is it all planes in US AND CANADA?", "type": "direct_reply"}, {"index": 16, "attribution": 0.008357017960358657, "content_attribution": 0.0009867033427981274, "stance_attribution": 0.00737031461756053, "tweet_id": 524967203570204674, "text": "@matt_nett No Russia not a threat of invasion Russia DOD is $88 Billions US DOD is $600 Billions Total security in US is over $900 Billions", "type": "lower_reply"}, {"index": 12, "attribution": 0.008114468465830315, "content_attribution": 0.008439766763673348, "stance_attribution": -0.0003252982978430343, "tweet_id": 524968090615152640, "text": "@journeyheart yeah. I know.", "type": "lower_reply"}, {"index": 37, "attribution": 0.0029482981527429774, "content_attribution": 3.5816939637647595e-05, "stance_attribution": 0.00291248121310533, "tweet_id": 524960363125551104, "text": "@cnni  least I was able  to text my hubby   \"Be Safe\"  &amp; theres been a possible Terrorist attack @ Canadas Parliament  Prayer to All", "type": "direct_reply"}, {"index": 33, "attribution": 0.0025063017717189546, "content_attribution": 0.0033487818926401136, "stance_attribution": -0.0008424801209211587, "tweet_id": 524967865808879616, "text": "@journeyheart Our satellites would see them coming first. And we have state of art military the to see them first.", "type": "lower_reply"}, {"index": 9, "attribution": 0.0020791986929846254, "content_attribution": 0.0026245791029652784, "stance_attribution": -0.0005453804099806527, "tweet_id": 524969249442643968, "text": "@journeyheart Russians have outdated shit. They could launch 20 ICBMs at us and we can shoot em down.", "type": "lower_reply"}, {"index": 19, "attribution": 0.0015968705080288313, "content_attribution": 0.0013166899051964367, "stance_attribution": 0.00028018060283239456, "tweet_id": 524970076970426368, "text": "@matt_nett Nuclear programs both in US &amp; Russia are planned to be modernised US will spend $355 Billion next decade $1Trillion over 30 yrs", "type": "lower_reply"}, {"index": 22, "attribution": 0.0015754179329798665, "content_attribution": -0.0002797426328030757, "stance_attribution": 0.0018551605657829424, "tweet_id": 524966233977159681, "text": "@matt_nett Been following information for 40 yrs &amp; believe me there was never any intent by China ever to invade Canada", "type": "lower_reply"}, {"index": 14, "attribution": 0.0013071002535481769, "content_attribution": 0.0019413381782857285, "stance_attribution": -0.0006342379247375515, "tweet_id": 524969025596837889, "text": "@journeyheart yeah true. But Russia could have a sub with WMDs on it not far off east coast.", "type": "lower_reply"}, {"index": 29, "attribution": 0.0008627447077651382, "content_attribution": 0.0018535419331606093, "stance_attribution": -0.0009907972253954708, "tweet_id": 524968642694615040, "text": "@matt_nett Only at reentry could the ICBM or SLBM possibly be taken down &amp; that would happen overland !!!", "type": "lower_reply"}, {"index": 1, "attribution": -0.0003337872597926224, "content_attribution": 0.045028470922391275, "stance_attribution": -0.04536225818218389, "tweet_id": 524964325606572032, "text": "@matt_nett 2 shooters &amp; no SU 24 can can fly the distance from Syria (IS says they have 3 of them but no pilots yet ) NORAD useless for this", "type": "lower_reply"}, {"index": 7, "attribution": -0.0008462893577265177, "content_attribution": -0.0023101071943978087, "stance_attribution": 0.0014638178366712913, "tweet_id": 524959374494543872, "text": "\u30aa\u30bf\u30ef\u9283\u6483\u4e8b\u4ef6\u3092\u53d7\u3051\u3001NORAD\u304c\u822a\u7a7a\u6a5f\u306e\u8b66\u6212\u30ec\u30d9\u30eb\u30a2\u30c3\u30d7\u3092\u6e96\u5099\u3002@cnni NORAD increases number of planes on higher alert status ready to respond if necessary,", "type": "direct_reply"}, {"index": 24, "attribution": -0.003319558973054324, "content_attribution": -0.002115462307686323, "stance_attribution": -0.0012040966653680005, "tweet_id": 524957994237591552, "text": "@cnni Ukraine is Europe http://t.co/62lkdQKyxf", "type": "direct_reply"}, {"index": 15, "attribution": -0.0038111940307307525, "content_attribution": 0.0002598889400448913, "stance_attribution": -0.004071082970775643, "tweet_id": 524963166821048320, "text": "@cnni", "type": "direct_reply"}, {"index": 32, "attribution": -0.004800990300049168, "content_attribution": 0.001112554906312191, "stance_attribution": -0.005913545206361358, "tweet_id": 524968370350096384, "text": "@matt_nett Humm From the Oural to Washington ICBM would take approximately 40 minutes &amp; time to take it down would last maybe 7-8 minutes", "type": "lower_reply"}, {"index": 30, "attribution": -0.009726659907757786, "content_attribution": -0.003527581147339056, "stance_attribution": -0.00619907876041873, "tweet_id": 524959246048571392, "text": "@cnni @CNNAshleigh There are many \"types\" of extremists. Violence is what makes them \"extreme.\"", "type": "lower_reply"}, {"index": 35, "attribution": -0.011734641200841401, "content_attribution": -3.886223336437689e-05, "stance_attribution": -0.011695778967477023, "tweet_id": 524958174387118080, "text": "@cnni http://t.co/jxb1ebO7a2", "type": "direct_reply"}, {"index": 25, "attribution": -0.04184940661795609, "content_attribution": -0.0035450904752124613, "stance_attribution": -0.03830431614274363, "tweet_id": 524958236798365697, "text": "@cnni A person who commits a violent extremist act has no ties in violent extremism? See the problem there. @CNNAshleigh", "type": "direct_reply"}, {"index": 0, "attribution": -0.13981290623455722, "content_attribution": -0.018225283204344207, "stance_attribution": -0.12158762303021302, "tweet_id": 524957752138149888, "text": "NORAD increases number of planes on higher alert status ready to respond if necessary, official says. http://t.co/qsAnGNqBEw #OttawaShooting", "type": "source"}, {"index": 5, "attribution": -0.19502460618425882, "content_attribution": 0.021257845193532694, "stance_attribution": -0.21628245137779145, "tweet_id": 524962486576218113, "text": "@journeyheart better than nothing.", "type": "lower_reply"}, {"index": 8, "attribution": -0.34511272598313003, "content_attribution": -0.0003673760540251037, "stance_attribution": -0.3447453499291049, "tweet_id": 524961678094770177, "text": "@cnni @joshrogin NORAD higher alert is a bit excessive", "type": "direct_reply"}]}