{"thread_id": "524966392702189569", "gold_label": 2, "predicted_label": 0, "tweet_attributions": [{"index": 0, "attribution": 0.24653265050142653, "content_attribution": 0.08031683340789594, "stance_attribution": 0.1662158170935306, "tweet_id": 524966392702189569, "text": "NORAD has gone on a high alert posture as a result of the shootings in Ottawa, U.S. military officials say - @JimMiklaszewski", "type": "source"}, {"index": 5, "attribution": 0.04682143656336044, "content_attribution": -0.005831947740058117, "stance_attribution": 0.052653384303418566, "tweet_id": 524967431182090242, "text": "@NBCNightlyNews @JimMiklaszewski Cheyenne Mtn Calling Scramble 2-The 147th Fighter Wing faithfully did for 60 years while Houstonians slept!", "type": "direct_reply"}, {"index": 4, "attribution": 0.015009544552033346, "content_attribution": -0.0015771299649628033, "stance_attribution": 0.016586674516996146, "tweet_id": 524968871166742528, "text": "@NBCNightlyNews @TODAYshow @JimMiklaszewski I can see why the cowards at NORAD are afraid.", "type": "direct_reply"}, {"index": 1, "attribution": 0.01404163908665898, "content_attribution": -0.0010207403719213726, "stance_attribution": 0.015062379458580352, "tweet_id": 524969312080371713, "text": "@nbcnightlynews @jimmiklaszewski @todayshow", "type": "direct_reply"}, {"index": 3, "attribution": 0.006317910369207522, "content_attribution": -0.0044698930057604355, "stance_attribution": 0.010787803374967953, "tweet_id": 524968052014981120, "text": "@NBCNightlyNews That's really not unusual. Crisis Action Teams at that lvl are activated all the time. #Scaretactics #Mediahype - MSgt....", "type": "direct_reply"}, {"index": 2, "attribution": 0.0023439077039810585, "content_attribution": -0.0007114994595028346, "stance_attribution": 0.0030554071634838935, "tweet_id": 524973167765643264, "text": "@NBCNightlyNews @TODAYshow @JimMiklaszewski WTF?", "type": "direct_reply"}]}