{"thread_id": "524971492820647936", "gold_label": 0, "predicted_label": 2, "tweet_attributions": [{"index": 17, "attribution": 2.7399224239637654, "content_attribution": 0.06387548948373245, "stance_attribution": 2.6760469344800333, "tweet_id": 524976436504199168, "text": "@liam23OFFICAL It appears the soldier is alive, so don't give up hope yet.  Conservative MP Jason Kenney put that incorrect info out there.", "type": "lower_reply"}, {"index": 13, "attribution": 2.5429844409412747, "content_attribution": 0.020916251679664048, "stance_attribution": 2.522068189261611, "tweet_id": 524977251482624003, "text": "@liam23OFFICAL The parliamentary official who dispatched the shooter is this elderly gentlemen w the golden mace: http://t.co/3VygF6MnsO", "type": "lower_reply"}, {"index": 3, "attribution": 0.9578413419400246, "content_attribution": 0.0484244960661701, "stance_attribution": 0.9094168458738545, "tweet_id": 524975975466295297, "text": "@pothen the link doesn't work he deserves it my thoughts are with the poor family that had to be told that sad news", "type": "lower_reply"}, {"index": 7, "attribution": 0.765098981918708, "content_attribution": 0.036753058076795006, "stance_attribution": 0.728345923841913, "tweet_id": 524978219146280960, "text": "@pothen av just looked at his twitter he shouldn't have a job if he's saying stuff like al keep my fingers crossed for the soldier \ud83d\ude10", "type": "lower_reply"}, {"index": 20, "attribution": 0.4443836428134825, "content_attribution": 0.04585415451207642, "stance_attribution": 0.3985294883014061, "tweet_id": 524981818182098944, "text": "@liam23OFFICAL Sigh.  He just passed.", "type": "lower_reply"}, {"index": 5, "attribution": 0.12019013356006138, "content_attribution": 0.055412748930731656, "stance_attribution": 0.06477738462932972, "tweet_id": 524982272681070592, "text": "@pothen aww am sorry to hear that \ud83d\ude2e what is this world comeing to \ud83d\ude23", "type": "lower_reply"}, {"index": 0, "attribution": 0.07358238287537328, "content_attribution": 0.007172834542933662, "stance_attribution": 0.06640954833243962, "tweet_id": 524971492820647936, "text": "\"I saw one of the soldiers laying on the ground.\" Witnesses depict chaos in #OttawaShooting http://t.co/VeZxrHnPCd http://t.co/1hhIi1ykh2", "type": "source"}, {"index": 14, "attribution": 0.02158735925437106, "content_attribution": 8.172728531597161e-05, "stance_attribution": 0.021505631969055083, "tweet_id": 524971767094599680, "text": "@CNN #Canada nut opens fire...who shoots people there? #Canadians don't hurt anyone! That's like shooting a kitten. #PrayForOttawa @cnnbrk", "type": "direct_reply"}, {"index": 2, "attribution": 0.007141321560678126, "content_attribution": 0.0005715942747986705, "stance_attribution": 0.006569727285879455, "tweet_id": 524974499486531584, "text": "@CNN Terrible", "type": "direct_reply"}, {"index": 12, "attribution": 0.006695793240079043, "content_attribution": 0.0008094096482772078, "stance_attribution": 0.005886383591801835, "tweet_id": 524975607197622272, "text": "\u201c@CNN: \"I saw one of the soldiers laying on the ground.\" Witnesses depict chaos in #OttawaShooting http://t.co/1XdSeOzzdx\u201d", "type": "direct_reply"}, {"index": 11, "attribution": 0.006208661056234218, "content_attribution": 8.391209325385045e-05, "stance_attribution": 0.006124748962980367, "tweet_id": 524974935379542016, "text": "@CNN This is a red flag for all government agencies, ISIS growth must be taken seriously around the world!", "type": "direct_reply"}, {"index": 21, "attribution": 0.004774058336666073, "content_attribution": -0.0010827161218209284, "stance_attribution": 0.005856774458487001, "tweet_id": 524972719205801984, "text": "@CNN aha and this soldier is dead.", "type": "direct_reply"}, {"index": 22, "attribution": 0.001616930690894665, "content_attribution": 3.7175181531054866e-05, "stance_attribution": 0.00157975550936361, "tweet_id": 524972042186399744, "text": "@CNN can we get some physical descriptions ?  or is that too politically incorrect ?  we wouldn't want to hurt libs in the midterms....smh", "type": "direct_reply"}, {"index": 10, "attribution": 0.0007116011401121005, "content_attribution": -0.0011933806736906466, "stance_attribution": 0.0019049818138027474, "tweet_id": 524971567831187456, "text": "@CNN The results are in!! Our viewers voted on the top online store! Check them out   --&gt; http://t.co/AMv5X4cQKn", "type": "direct_reply"}, {"index": 6, "attribution": 0.00024606903060105827, "content_attribution": -0.0004612472751154142, "stance_attribution": 0.0007073163057164724, "tweet_id": 524976377112846337, "text": "@CNN Today is a sad day for Canada, but it should be a wake up call to expand national security efforts to avoid any other cold blooded act.", "type": "direct_reply"}, {"index": 16, "attribution": 0.000182286042452686, "content_attribution": -3.4506454391390682e-06, "stance_attribution": 0.00018573668789182492, "tweet_id": 524972604353163265, "text": "@CNN Lies and propaganda are traditionally the tools of theocracy, fascism, and totalitarianism.", "type": "direct_reply"}, {"index": 18, "attribution": -0.0008633091757585731, "content_attribution": -0.0021173488896777536, "stance_attribution": 0.001254039713919181, "tweet_id": 524971971780837376, "text": "@CNN be strong Ottawa medics and police. Tough day at work.\nBe safe!\n#ivegotyourback911", "type": "direct_reply"}, {"index": 4, "attribution": -0.0014489187323363027, "content_attribution": 0.0002665402478744609, "stance_attribution": -0.0017154589802107637, "tweet_id": 524974412702167040, "text": "@CNN maybe the Terrorist are practicing?  A real terror attack would be much bigger than a couple of guards, , 7 shots to our WH,", "type": "direct_reply"}, {"index": 8, "attribution": -0.0022136528710426915, "content_attribution": -0.0014917921941319482, "stance_attribution": -0.0007218606769107433, "tweet_id": 524974390065504256, "text": "@CNN seems as though our country is under attack, not just another random shooting #cdnpoli", "type": "direct_reply"}, {"index": 15, "attribution": -0.0022595100165698125, "content_attribution": -0.001931345926147557, "stance_attribution": -0.00032816409042225577, "tweet_id": 524972020074037249, "text": "@CNN Oh boy, such an ordinary episode in Brasil. :(", "type": "direct_reply"}, {"index": 24, "attribution": -0.0025298809321764415, "content_attribution": -0.00013296170196980663, "stance_attribution": -0.002396919230206635, "tweet_id": 524973409844080640, "text": "@CNN It is new turn muslim, is it? Why the hell do it? What kind of brain washing it is?", "type": "direct_reply"}, {"index": 19, "attribution": -0.019360711714751837, "content_attribution": -0.0029886172791491923, "stance_attribution": -0.016372094435602644, "tweet_id": 524974444989513731, "text": "@CNN has there been any reports about if the shooter or shooters being  shot or captured?", "type": "direct_reply"}, {"index": 1, "attribution": -0.030011434221766525, "content_attribution": -0.001384431714329639, "stance_attribution": -0.02862700250743689, "tweet_id": 524972351155617792, "text": "@CNN shoot the person  that shot the soldier right in the head poor family my thoughts are with them all away from the UK", "type": "direct_reply"}, {"index": 9, "attribution": -0.09248975130771736, "content_attribution": 0.04289316531808472, "stance_attribution": -0.1353829166258021, "tweet_id": 524972797647671296, "text": "@liam23OFFICAL It appears that *this* gentleman DID kill the shooter. http://t.co/nffJIY1jGx #cdnpoli", "type": "lower_reply"}, {"index": 23, "attribution": -0.1060280776173265, "content_attribution": 0.012940983609609357, "stance_attribution": -0.11896906122693583, "tweet_id": 524976921776783360, "text": "@pothen I see well it all over the news in UK that he's has died \ud83d\ude15", "type": "lower_reply"}]}