{"thread_id": "524946336190586880", "gold_label": 2, "predicted_label": 2, "tweet_attributions": [{"index": 7, "attribution": 1.7692478399149272, "content_attribution": 0.02227362078333774, "stance_attribution": 1.7469742191315893, "tweet_id": 524947074757165057, "text": "@ABC @philwcvb WTFFFFFFF", "type": "direct_reply"}, {"index": 3, "attribution": 1.4854761970126278, "content_attribution": 0.06895665743254116, "stance_attribution": 1.4165195395800867, "tweet_id": 524947862837547008, "text": "@Traceynyy @ABC its ongoing.", "type": "lower_reply"}, {"index": 2, "attribution": 0.021346913161980657, "content_attribution": -0.003484135353226166, "stance_attribution": 0.024831048515206823, "tweet_id": 524947609635786752, "text": "@ABC So Sad, there's no safe place. Prayers for our Canadian Friends.", "type": "direct_reply"}, {"index": 6, "attribution": 0.018810171773481932, "content_attribution": 0.06788950328970324, "stance_attribution": -0.04907933151622128, "tweet_id": 524951513102548992, "text": "Holy crap, I see! @philwcvb thanks Phil, just reading up now.", "type": "lower_reply"}, {"index": 5, "attribution": 0.009532628359868331, "content_attribution": 0.00035774505280220025, "stance_attribution": 0.00917488330706613, "tweet_id": 524964340873437184, "text": "@ABC Why must there be so much violence againts our own people. Instead of compassion and love\ud83c\udf1f\ud83c\udf1f\ud83c\udf1f", "type": "direct_reply"}, {"index": 1, "attribution": 0.0036571289343079703, "content_attribution": -0.0003809475983474963, "stance_attribution": 0.004038076532655468, "tweet_id": 524952847448682497, "text": "@ABC Man after shaving ...\n\nhttp://t.co/4Cw21sdEy5", "type": "direct_reply"}, {"index": 4, "attribution": -0.0007733631544389631, "content_attribution": 0.00017591196454166415, "stance_attribution": -0.0009492751189806273, "tweet_id": 525026652317687809, "text": "@ABC", "type": "direct_reply"}, {"index": 9, "attribution": -0.003929241303179652, "content_attribution": -0.004951529051545867, "stance_attribution": 0.0010222877483662147, "tweet_id": 524951791725584385, "text": "@ABC - let me guess, the shooters are black southern baptists, right?", "type": "direct_reply"}, {"index": 8, "attribution": -0.0051663915631708895, "content_attribution": -0.0017105186022223135, "stance_attribution": -0.0034558729609485764, "tweet_id": 524963291164995584, "text": "\u201c@ABC: UPDATE: Police: \"Several shooting incidents\" being investigated in downtown Ottawa: http://t.co/BITpeOVgev http://t.co/6ofMTEBk6z\u201d", "type": "direct_reply"}, {"index": 0, "attribution": -0.26716903147209037, "content_attribution": 0.07484040195827732, "stance_attribution": -0.3420094334303677, "tweet_id": 524946336190586880, "text": "UPDATE: Police: \"Several shooting incidents\" being investigated in downtown Ottawa: http://t.co/9MAAywtu03 http://t.co/wW0aQmzRIb", "type": "source"}]}