{"thread_id": "524951419175309312", "gold_label": 1, "predicted_label": 0, "tweet_attributions": [{"index": 0, "attribution": 0.17082296895302002, "content_attribution": -0.008179536293939277, "stance_attribution": 0.17900250524695932, "tweet_id": 524951419175309312, "text": "#BREAKING : 3rd shooting incident reported in #ottawa at Rideau Centre Mall", "type": "source"}, {"index": 5, "attribution": 0.04581993088950784, "content_attribution": -0.006812482062097846, "stance_attribution": 0.05263241295160568, "tweet_id": 524956171309166592, "text": "@cbcsaltzman @CBCNews There is an entrance to DND through the Rideau Centre.", "type": "direct_reply"}, {"index": 3, "attribution": 0.022456015807749224, "content_attribution": -0.0011962774573585023, "stance_attribution": 0.02365229326510773, "tweet_id": 524954023947149312, "text": "@cbcsaltzman Now they say not inside the Rideau Centre.", "type": "direct_reply"}, {"index": 6, "attribution": 0.008282418125214868, "content_attribution": -0.0029312192231863957, "stance_attribution": 0.011213637348401265, "tweet_id": 524953968871743489, "text": "@cbcsaltzman @kellyoxford This was refuted by the mall it self.", "type": "direct_reply"}, {"index": 2, "attribution": -0.001721577962181451, "content_attribution": 0.001908882933747583, "stance_attribution": -0.0036304608959290318, "tweet_id": 524953225016123393, "text": "\u201c@cbcsaltzman: #BREAKING : 3rd shooting incident reported in #ottawa at Rideau Centre Mall\u201d Stay safe everyone involved!", "type": "direct_reply"}, {"index": 1, "attribution": -0.00663189305258748, "content_attribution": 0.003697220383477905, "stance_attribution": -0.010329113436065388, "tweet_id": 524952877760917504, "text": ".@cbcsaltzman and now reported as false.  No shooting at mall", "type": "direct_reply"}, {"index": 4, "attribution": -0.02736196743608287, "content_attribution": -0.004989312303873403, "stance_attribution": -0.022372655132209467, "tweet_id": 524952484574674945, "text": "@cbcsaltzman @CBCNews INSIDE the rideau centre or outside BY the mall????", "type": "direct_reply"}, {"index": 7, "attribution": -0.03201624355648941, "content_attribution": 0.00908370444837896, "stance_attribution": -0.04109994800486837, "tweet_id": 524951575958413313, "text": "@cbcsaltzman Do you think this could be #IS / #ISIS related?", "type": "direct_reply"}]}