{"thread_id": "524927695633666049", "gold_label": 0, "predicted_label": 2, "tweet_attributions": [{"index": 0, "attribution": 0.20443632630341166, "content_attribution": -0.06331742260287157, "stance_attribution": 0.26775374890628323, "tweet_id": 524927695633666049, "text": "UPDATE: Shots fired on Parliament Hill, soldier injured at National War Memorial in Ottawa http://t.co/6IRrutW1PI", "type": "source"}, {"index": 4, "attribution": 0.044498543552807274, "content_attribution": -0.013652888440826828, "stance_attribution": 0.058151431993634095, "tweet_id": 524936501080391680, "text": "@WahtswithAndy O.o", "type": "lower_reply"}, {"index": 8, "attribution": 0.021611707313316977, "content_attribution": -0.0017487923289640933, "stance_attribution": 0.02336049964228107, "tweet_id": 524928175311446017, "text": "@CdnPress", "type": "direct_reply"}, {"index": 2, "attribution": 0.004625160145918728, "content_attribution": 0.00018858219944700038, "stance_attribution": 0.004436577946471727, "tweet_id": 524933202801336320, "text": "@CdnPress @TSNBobMcKenzie", "type": "direct_reply"}, {"index": 10, "attribution": 0.0040868166722207, "content_attribution": -0.0008439812643840272, "stance_attribution": 0.004930797936604727, "tweet_id": 524928091479867392, "text": "\u201c@CdnPress: UPDATE: Shots fired on Parliament Hill, soldier injured at National War Memorial in Ottawa http://t.co/LHpMaHZBtX\u201d.  WTF", "type": "direct_reply"}, {"index": 5, "attribution": 0.0020889602208828714, "content_attribution": -0.0011464036983256007, "stance_attribution": 0.003235363919208472, "tweet_id": 524928573954863104, "text": "RT @CdnPress: UPDATE: Shots fired on Parliament Hill, soldier injured at National War Memorial in Ottawa http://t.co/2ylneIBVU2", "type": "direct_reply"}, {"index": 9, "attribution": 0.0007118113611484916, "content_attribution": -0.0013146937624745635, "stance_attribution": 0.002026505123623055, "tweet_id": 524941574170742784, "text": "\u201c@CdnPress: UPDATE: Shots fired on Parliament Hill, soldier injured at National War Memorial in Ottawa http://t.co/gjWxCou4Qp\u201d", "type": "direct_reply"}, {"index": 3, "attribution": -0.002965620005408912, "content_attribution": 0.0001895047768622394, "stance_attribution": -0.0031551247822711507, "tweet_id": 524928272887742464, "text": "\u201c@CdnPress: UPDATE: Shots fired on Parliament Hill, soldier injured at National War Memorial in Ottawa http://t.co/eUj4IRQeWx\u201d #WorldNews", "type": "direct_reply"}, {"index": 6, "attribution": -0.008042035081598054, "content_attribution": 0.000168032054558455, "stance_attribution": -0.008210067136156508, "tweet_id": 524947099532918785, "text": "@CdnPress: Listening to @1310news via @tunein. Praying for every1 in #Ottawa &amp; #Canada. #PrayersForOttawa", "type": "direct_reply"}, {"index": 7, "attribution": -0.017690843373329244, "content_attribution": -0.0014560718821098142, "stance_attribution": -0.016234771491219428, "tweet_id": 524950615722819584, "text": "@CdnPress @TSNBobMcKenzie What???", "type": "direct_reply"}, {"index": 1, "attribution": -0.10402375779012527, "content_attribution": -0.03762102980676241, "stance_attribution": -0.06640272798336286, "tweet_id": 524935570381086720, "text": "@satyaolivier \u201c@CdnPress: UPDATE: Shots fired on Parliament Hill, soldier injured at National War Memorial in Ottawa http://t.co/UORoNt573g\u201d", "type": "direct_reply"}]}