{"thread_id": "524947149134774272", "gold_label": 0, "predicted_label": 0, "tweet_attributions": [{"index": 0, "attribution": 0.25464826544238983, "content_attribution": -0.08440686177360637, "stance_attribution": 0.3390551272159962, "tweet_id": 524947149134774272, "text": "UPDATED | Attacker shot dead in Parliament after soldier shot at National War Memorial: http://t.co/4kP3Lib1dS #cbcOTT #OTTnews", "type": "source"}, {"index": 1, "attribution": 0.013439708338071637, "content_attribution": -0.021417566784101304, "stance_attribution": 0.03485727512217294, "tweet_id": 524948435649462272, "text": "#Ottawa Attacker shot dead in Parliament after soldier shot at National War Memorial: http://t.co/Dlqhm2K9zS  #cbcOTT #OTTnews v. @CBCOttawa", "type": "direct_reply"}, {"index": 2, "attribution": -0.09992953303408472, "content_attribution": -0.05065152629904614, "stance_attribution": -0.049278006735038585, "tweet_id": 524968863067566080, "text": "@CBCOttawa @JohnnyJesus gunman walked right passed the Conservative and NDP caucus meeting rooms , didn't make it to the FIBERALS,AT THE END", "type": "direct_reply"}]}