{"thread_id": "524982699220803586", "gold_label": 0, "predicted_label": 0, "tweet_attributions": [{"index": 7, "attribution": 0.08787055958738628, "content_attribution": 0.038087266588232804, "stance_attribution": 0.04978329299915348, "tweet_id": 524990635413995520, "text": ".@CBCAlerts @GCGATOR24 Terrorism?", "type": "direct_reply"}, {"index": 8, "attribution": 0.03435828346595684, "content_attribution": 0.05168669692061759, "stance_attribution": -0.017328413454660754, "tweet_id": 524991122029178880, "text": "@RichardLloydUSA It was declared a Terrorist attack by Canadien officials", "type": "lower_reply"}, {"index": 0, "attribution": 0.03220604167737255, "content_attribution": 0.08441046702507886, "stance_attribution": -0.0522044253477063, "tweet_id": 524982699220803586, "text": "#Ottawa police confirm fatal shooting of Canadian soldier at War Memorial, and shooting death of gunman in Parliament. No one in custody.", "type": "source"}, {"index": 4, "attribution": 0.031704600741747704, "content_attribution": 0.0009929095368233834, "stance_attribution": 0.030711691204924316, "tweet_id": 524984682627477504, "text": "@CBCAlerts terrible news", "type": "direct_reply"}, {"index": 11, "attribution": 0.030434443733715764, "content_attribution": 0.0018668815567938805, "stance_attribution": 0.028567562176921888, "tweet_id": 524984860478562305, "text": "@CBCAlerts The cowardly bastards.If you believe in honour in the fight, then fight on the battlefield, dont do it in a place of rememberance", "type": "direct_reply"}, {"index": 3, "attribution": 0.027312442395607837, "content_attribution": 0.00013253223738258525, "stance_attribution": 0.027179910158225254, "tweet_id": 524983593266065408, "text": "@CBCAlerts please consider stopping showing video of victim over and over again, his face is recgonizable. #respectforfamily", "type": "direct_reply"}, {"index": 10, "attribution": 0.02005246675961061, "content_attribution": -0.0006346644278419645, "stance_attribution": 0.020687131187452572, "tweet_id": 524997508792332289, "text": "@CBCAlerts @GCGATOR24 Attack in Ottawa didn't happen in U.S., Canadians called it what it was, a terrorist act, NOT \"workplace violence\"", "type": "direct_reply"}, {"index": 6, "attribution": 0.018108156203194135, "content_attribution": -0.0005663191356338125, "stance_attribution": 0.018674475338827948, "tweet_id": 524986262705672192, "text": "@CBCAlerts - Our deepest sympathies and condolences go out to the family of the slain Soldier.", "type": "direct_reply"}, {"index": 5, "attribution": 0.007902195472160381, "content_attribution": 0.001063438852816471, "stance_attribution": 0.00683875661934391, "tweet_id": 524983872849580032, "text": "@CBCAlerts My prayers and sympathy for his family, friends and fellow servicemen. His service to his country is honorable and respected.", "type": "direct_reply"}, {"index": 1, "attribution": 0.003728254977360268, "content_attribution": -0.0002314116689946624, "stance_attribution": 0.003959666646354932, "tweet_id": 524986274483281921, "text": "@CBCAlerts @CBCVancouver My thoughts are with the soldier's family &amp; friends. :(", "type": "direct_reply"}, {"index": 9, "attribution": -0.003250251990680376, "content_attribution": 0.0006662148947253164, "stance_attribution": -0.003916466885405693, "tweet_id": 524986886863851521, "text": "@CBCAlerts My thoughts are with family, friends and fellow servicemen &amp; women of the soldier killed. A true Canadian hero.", "type": "direct_reply"}, {"index": 2, "attribution": -0.004986131438794802, "content_attribution": 0.0019110729463046971, "stance_attribution": -0.006897204385099498, "tweet_id": 524982979802988544, "text": "@CBCAlerts @CBCNews He was From Hamilton,Ont.", "type": "direct_reply"}]}