{"thread_id": "524953391634866176", "gold_label": 0, "predicted_label": 0, "tweet_attributions": [{"index": 0, "attribution": 0.15822930634570545, "content_attribution": -0.03912436006604093, "stance_attribution": 0.1973536664117464, "tweet_id": 524953391634866176, "text": "Here's the footage shot by Globe reporter @josh_wingrove of gun fire in Parliament Hill building https://t.co/FOu4PbNCDq", "type": "source"}, {"index": 6, "attribution": 0.08644971917273614, "content_attribution": -0.00030498455830320825, "stance_attribution": 0.08675470373103933, "tweet_id": 524955493996191744, "text": "@globeandmail @josh_wingrove stay safe", "type": "direct_reply"}, {"index": 1, "attribution": 0.029762751129114768, "content_attribution": 0.0008218135312901179, "stance_attribution": 0.028940937597824647, "tweet_id": 524971750959095808, "text": "MT Cops running towards gunfire #heroes #Ottawa \n@globeandmail: Here's the footage shot in Parliament Hill building https://t.co/TuRQNLp8r1", "type": "direct_reply"}, {"index": 3, "attribution": 0.015372318594037794, "content_attribution": 0.0047079947946988415, "stance_attribution": 0.010664323799338953, "tweet_id": 524954026878984192, "text": "@globeandmail @josh_wingrove Thanks for posting, Josh. Stay safe!", "type": "direct_reply"}, {"index": 2, "attribution": 0.006454160206345521, "content_attribution": 1.2766611718702703e-06, "stance_attribution": 0.0064528835451736506, "tweet_id": 524975810604961792, "text": "@globeandmail @EuromaidanPR @josh_wingrove Starting to remind me of #Libya", "type": "direct_reply"}, {"index": 4, "attribution": -0.006020314819625042, "content_attribution": -0.0016226243493694182, "stance_attribution": -0.004397690470255623, "tweet_id": 524957322859532290, "text": "RT @globeandmail Here's the footage shot by Globe reporter @josh_wingrove of gun fire in Parliament Hill building https://t.co/PsJda3XGq2", "type": "direct_reply"}, {"index": 5, "attribution": -0.018401872551053425, "content_attribution": -0.008523338127653615, "stance_attribution": -0.009878534423399811, "tweet_id": 524958165750669312, "text": "@globeandmail @josh_wingrove  -- so sad that this has occurred.", "type": "direct_reply"}, {"index": 7, "attribution": -0.028023890068409094, "content_attribution": -0.0017871699431853154, "stance_attribution": -0.026236720125223774, "tweet_id": 524954378852392960, "text": "@globeandmail @josh_wingrove are the fbi involved or is there a drill on as per #usualsuspects", "type": "direct_reply"}]}