{"thread_id": "524923480173981696", "gold_label": 0, "predicted_label": 0, "tweet_attributions": [{"index": 2, "attribution": 0.3423679462637093, "content_attribution": 0.0011240963404960842, "stance_attribution": 0.34124384992321316, "tweet_id": 524932821379723264, "text": "@rudysplace strong criticism from someone who thinks we're at war with frozen water.", "type": "lower_reply"}, {"index": 0, "attribution": 0.12739338447185503, "content_attribution": 0.05295800683687646, "stance_attribution": 0.07443537763497858, "tweet_id": 524923480173981696, "text": "#BREAKING: Reports of shots fired on Parliament Hill", "type": "source"}, {"index": 6, "attribution": 0.043638715661367386, "content_attribution": 0.005009451276096325, "stance_attribution": 0.038629264385271055, "tweet_id": 524925053847494656, "text": "\u201c@CTVNews: #BREAKING: Reports of shots fired on Parliament Hill\u201d oh no", "type": "direct_reply"}, {"index": 4, "attribution": 0.04305446447510074, "content_attribution": 0.00652043416611665, "stance_attribution": 0.03653403030898408, "tweet_id": 524929472295079936, "text": "@CTVNews cops better round up these nutjobs or they risk it being taken care of by the mob.  That would be ugly and swift.", "type": "direct_reply"}, {"index": 5, "attribution": 0.019546950457183555, "content_attribution": 0.0039049060295270567, "stance_attribution": 0.015642044427656494, "tweet_id": 524923647849684992, "text": "dunyanin en guvenli noktalarindan birinde neler oluyor?? \u201c@CTVNews: #BREAKING: Reports of shots fired on Parliament Hill\u201d", "type": "direct_reply"}, {"index": 3, "attribution": 0.012351019937656423, "content_attribution": 0.0030446360384231473, "stance_attribution": 0.009306383899233276, "tweet_id": 524947209989922816, "text": "@CTVNews @JakeKock", "type": "direct_reply"}, {"index": 9, "attribution": 0.011964179240512378, "content_attribution": 0.0034206802137354657, "stance_attribution": 0.008543499026776912, "tweet_id": 524923935696375809, "text": "@CTVNews @TSNSteveLloyd", "type": "direct_reply"}, {"index": 7, "attribution": 0.010658937261566703, "content_attribution": 0.012713423287662876, "stance_attribution": -0.002054486026096172, "tweet_id": 524923966608400384, "text": "I hope everyone is ok. This is awful. \u201c@CTVNews: #BREAKING: Reports of shots fired on Parliament Hill\u201d", "type": "direct_reply"}, {"index": 1, "attribution": -0.0067407940795216285, "content_attribution": 0.00712066772656649, "stance_attribution": -0.013861461806088117, "tweet_id": 524924943457198081, "text": "RT @CTVNews: #BREAKING: Reports of shots fired on Parliament Hill", "type": "direct_reply"}, {"index": 8, "attribution": -0.22743376425178102, "content_attribution": 0.0013597702048795703, "stance_attribution": -0.22879353445666062, "tweet_id": 524939452775673856, "text": "@rudysplace I don't get offended by illiterates", "type": "lower_reply"}]}