{"thread_id": "524944006577668096", "gold_label": 0, "predicted_label": 2, "tweet_attributions": [{"index": 0, "attribution": 0.7201248057232205, "content_attribution": 0.09695459825550498, "stance_attribution": 0.6231702074677155, "tweet_id": 524944006577668096, "text": "RT @CBCOttawa: CONFIRMED | 1 shooter shot dead at Parliament Hill, but there is more than 1 suspect. #cbcOTT #OTTnews", "type": "source"}, {"index": 3, "attribution": 0.27383332303584595, "content_attribution": 0.011064453022725603, "stance_attribution": 0.2627688700131203, "tweet_id": 524944488469655552, "text": "@CBCOttawa #staysafe #Ottawa #prayers", "type": "direct_reply"}, {"index": 1, "attribution": -0.0027330957047921878, "content_attribution": 0.02092159805299868, "stance_attribution": -0.023654693757790876, "tweet_id": 524945612643794944, "text": "@CBCOttawa All Government Buildings on lockdown as precaution. Employees told to stay way from windows. #parliament", "type": "direct_reply"}, {"index": 2, "attribution": -0.07493093971312123, "content_attribution": 0.012025929620437427, "stance_attribution": -0.08695686933355867, "tweet_id": 524944149427281920, "text": "@CBCOttawa", "type": "direct_reply"}]}