{"thread_id": "524950887119482882", "gold_label": 1, "predicted_label": 2, "tweet_attributions": [{"index": 3, "attribution": 1.477273081132039, "content_attribution": 0.01737916738663585, "stance_attribution": 1.4598939137454032, "tweet_id": 524952456393138176, "text": "\u201c@globeandmail: Police in pursuit of multiple shooters in Ottawa; PM safe; downtown buildings in lockdown\u201d WTF!? This is out of control.", "type": "direct_reply"}, {"index": 11, "attribution": 0.23419715565852825, "content_attribution": 0.04958246519780499, "stance_attribution": 0.1846146904607232, "tweet_id": 524964611444191232, "text": "@Prokopsteph @globeandmail They're trained for this kind of stuff. Give them time and they'll have them either in handcuffs or a bodybags.", "type": "lower_reply"}, {"index": 1, "attribution": 0.016118195196943623, "content_attribution": 0.002522672784199384, "stance_attribution": 0.013595522412744233, "tweet_id": 524953578293964800, "text": "@globeandmail good Prime Minister Harper is ok", "type": "direct_reply"}, {"index": 14, "attribution": 0.006224771342751152, "content_attribution": -0.0008835458549760152, "stance_attribution": 0.007108317197727167, "tweet_id": 524961090292424704, "text": "@globeandmail @Nisha_Hindu kill the lot of the peace loving religion \ud83d\udc4d", "type": "direct_reply"}, {"index": 8, "attribution": 0.005682630513480457, "content_attribution": 5.722114461412924e-05, "stance_attribution": 0.005625409368866328, "tweet_id": 524958441195192325, "text": "@globeandmail \nThis is now personal you sons of bitches! #CANADA is our Country &amp; we can't/won't tolerate this kind of threat! #Ottawa", "type": "direct_reply"}, {"index": 2, "attribution": 0.004631113172224248, "content_attribution": 0.0008366743184355144, "stance_attribution": 0.003794438853788733, "tweet_id": 524957417407545347, "text": "@globeandmail Scary situation on Parliament Hill in Ottawa.", "type": "direct_reply"}, {"index": 5, "attribution": 0.004439442196810324, "content_attribution": 0.0003517783629308999, "stance_attribution": 0.004087663833879424, "tweet_id": 524996751774982144, "text": "@globeandmail Press conference a non event. People need reassurance and these guys couldn't wait to leave building. No info at all", "type": "direct_reply"}, {"index": 13, "attribution": 0.0033539803473875184, "content_attribution": -0.0005380939372246791, "stance_attribution": 0.003892074284612198, "tweet_id": 524965096720961536, "text": "@biebersrih @globeandmail Aren't you funny? You're heartless and stupid.", "type": "lower_reply"}, {"index": 15, "attribution": 0.00310456883407471, "content_attribution": -0.004448163200268005, "stance_attribution": 0.007552732034342716, "tweet_id": 524960645528453120, "text": "@globeandmail   How dare they!! I am so angry. Thanks for your coverage.", "type": "direct_reply"}, {"index": 7, "attribution": 0.00296225813381714, "content_attribution": -0.000549356499399698, "stance_attribution": 0.003511614633216837, "tweet_id": 524955067645165568, "text": "@globeandmail The CNN news thread on Twitter has a bunch of people writing posts in Arabic on it", "type": "direct_reply"}, {"index": 9, "attribution": 0.00031013779567335, "content_attribution": -0.000141510951395761, "stance_attribution": 0.000451648747069111, "tweet_id": 524967354443522048, "text": "@globeandmail @sonofselassie Thank God I can go back to sleep @pmharper is safe: And people say there is no God? Praise Our Fearless Leader!", "type": "direct_reply"}, {"index": 12, "attribution": -0.0015847952173399821, "content_attribution": -0.0002239080856552356, "stance_attribution": -0.0013608871316847463, "tweet_id": 524967160498896896, "text": "@globeandmail Sorry for your predicament. God Bless Canada and its beautiful citizens.", "type": "direct_reply"}, {"index": 10, "attribution": -0.005022056947766079, "content_attribution": -0.0018462819218953805, "stance_attribution": -0.003175775025870698, "tweet_id": 524956157170180096, "text": "Great coverage\n@globeandmail", "type": "direct_reply"}, {"index": 6, "attribution": -0.010014013306997539, "content_attribution": -0.001865133090123591, "stance_attribution": -0.00814888021687395, "tweet_id": 524953141666512896, "text": "Praying for safety in Ottawa today @globeandmail Police in pursuit of multiple shooters in Ottawa; PM safe; http://t.co/7JZOwzunix", "type": "direct_reply"}, {"index": 4, "attribution": -0.013688503502270468, "content_attribution": -0.0016219775761913316, "stance_attribution": -0.012066525926079137, "tweet_id": 524970215407632385, "text": "@darianhart @globeandmail I apologize I was hacked", "type": "lower_reply"}, {"index": 0, "attribution": -1.0110880608785513, "content_attribution": 0.0655589569740005, "stance_attribution": -1.0766470178525518, "tweet_id": 524950887119482882, "text": "Police in pursuit of multiple shooters in Ottawa; PM safe; downtown buildings in lockdown http://t.co/3FCWaFPA4y http://t.co/Si3yY0BRRd", "type": "source"}]}