{"thread_id": "524987851046658048", "gold_label": 0, "predicted_label": 2, "tweet_attributions": [{"index": 19, "attribution": 0.19820044669079073, "content_attribution": -0.0007565734623168018, "stance_attribution": 0.19895702015310757, "tweet_id": 524999101193400320, "text": "@alizinaty @BBCBreaking in all religions there is people who will twist the meaning to corrupt the weak minded and willed to cause trouble", "type": "lower_reply"}, {"index": 2, "attribution": 0.12388148156825565, "content_attribution": -0.002325311865332536, "stance_attribution": 0.1262067934335882, "tweet_id": 524997249206878208, "text": "@jimec65 @BBCBreaking Islam is a religion of love and harmony, because he calls for peace and peaceful coexistence for all", "type": "lower_reply"}, {"index": 0, "attribution": 0.11533751184807556, "content_attribution": 0.0621913885011342, "stance_attribution": 0.05314612334694136, "tweet_id": 524987851046658048, "text": "Police hold news conference on #OttawaShooting - follow our coverage here: http://t.co/0YmuK6kMQM", "type": "source"}, {"index": 20, "attribution": 0.11420497907093777, "content_attribution": 0.00021991835988579913, "stance_attribution": 0.11398506071105197, "tweet_id": 524997900938805248, "text": "@jimec65 @BBCBreaking HI James how is your uncle", "type": "lower_reply"}, {"index": 13, "attribution": 0.10233253192772898, "content_attribution": -0.0007643284768925878, "stance_attribution": 0.10309686040462157, "tweet_id": 524997527180165121, "text": "@jimec65 @BBCBreaking  and landmarks such as Alhambra and the fountain and the time remaining to the water so far2", "type": "lower_reply"}, {"index": 23, "attribution": 0.07836124694686718, "content_attribution": 0.06688087112789688, "stance_attribution": 0.011480375818970278, "tweet_id": 524993342434967553, "text": "@ticgran @BBCBreaking or the Palestinian terror attack in Jerusalem today! #bbcbias", "type": "lower_reply"}, {"index": 5, "attribution": 0.07438115449332547, "content_attribution": 0.00020389417451816152, "stance_attribution": 0.0741772603188073, "tweet_id": 524996928472637441, "text": "@jimec65 @BBCBreaking what?", "type": "lower_reply"}, {"index": 24, "attribution": 0.040835969930506325, "content_attribution": -0.0029905202642382116, "stance_attribution": 0.043826490194744536, "tweet_id": 525288801368047616, "text": "@jimec65 @BBCBreaking Islamic civilization in Andalusia - Alhambra 2/5 - YouTube \u25ba 10: 00\u25ba 10:00 http://t.co/YITqreIQlX \u2026 \u2026 \u2026", "type": "lower_reply"}, {"index": 15, "attribution": 0.028432531956194027, "content_attribution": 0.04643807546958699, "stance_attribution": -0.018005543513392952, "tweet_id": 524990246598225920, "text": "@BBCBreaking you going to report on Israelis shooting at Gaza fishermen . Or Israeli settlers running over and killing children ? #bbcbias", "type": "direct_reply"}, {"index": 17, "attribution": 0.021374203038723637, "content_attribution": -0.00013870820369581098, "stance_attribution": 0.021512911242419448, "tweet_id": 524998947849658368, "text": "@jimec65 @BBCBreaking Yes to love, peace and distribute roses to the whole world", "type": "lower_reply"}, {"index": 21, "attribution": 0.012862723369979203, "content_attribution": 0.0014122554586910633, "stance_attribution": 0.011450467911288141, "tweet_id": 524989131936780288, "text": "@BBCBreaking We want justice freedom equality and education for all in accordance with the unified global strategy", "type": "direct_reply"}, {"index": 27, "attribution": 0.010453953975102667, "content_attribution": 0.000610937475026782, "stance_attribution": 0.009843016500075885, "tweet_id": 525281654152388608, "text": "@liessn @jimec65 @BBCBreaking YouTube\n  Images of Islamic civilization in Alandls\u25ba 1: 14\u25ba 1:14\nhttp://t.co/xiVfVc4Wl6", "type": "lower_reply"}, {"index": 4, "attribution": 0.0031089087604125845, "content_attribution": -0.0016608267378542063, "stance_attribution": 0.004769735498266792, "tweet_id": 524997707400622081, "text": "@BBCBreaking  How could #Canada say it took them By surprise, when Australia's PM was threatened by #ISIS , HUGE SECURITY MISTAKE #CANADA", "type": "direct_reply"}, {"index": 1, "attribution": 0.0026618928857139426, "content_attribution": 0.0007495394678690002, "stance_attribution": 0.0019123534178449426, "tweet_id": 524989182411042816, "text": "@BBCBreaking  we want is to achieve peace security and love among peoples and to renounce violence and terrorism in the world", "type": "direct_reply"}, {"index": 9, "attribution": 0.0006394770866278779, "content_attribution": 0.00018729853123535195, "stance_attribution": 0.0004521785553925255, "tweet_id": 524988144241106946, "text": "@BBCBreaking Follow--&gt;HISTORIC #CHILDABUSE COVER-UP #CSAinquiry @rights_victims  #CUSIPnumber #BREAKING #news  #building7  #OttawaShooting", "type": "direct_reply"}, {"index": 10, "attribution": -2.3276069364824518e-05, "content_attribution": -2.3276069364824518e-05, "stance_attribution": 0.0, "tweet_id": 525277403099455489, "text": "@liessn @jimec65 @BBCBreaking Islamic civilization in Andalusia - Alhambra 2/5 - YouTube\n\u25ba 10: 00\u25ba 10:00\nhttp://t.co/YITqreIQlX", "type": "lower_reply"}, {"index": 8, "attribution": -0.0006257191097656482, "content_attribution": -0.0006488376005621682, "stance_attribution": 2.311849079651998e-05, "tweet_id": 525221154089627648, "text": "@alizinaty @jimec65 @BBCBreaking", "type": "lower_reply"}, {"index": 25, "attribution": -0.0016134099231676132, "content_attribution": 0.0005820086738527384, "stance_attribution": -0.0021954185970203526, "tweet_id": 524991981777584128, "text": "@BBCBreaking @BBCWorld Please don't turn the volume down when they speak French? I'd like to hear what they're saying.", "type": "direct_reply"}, {"index": 12, "attribution": -0.0020062650210488364, "content_attribution": -0.0003817832659910362, "stance_attribution": -0.0016244817550577998, "tweet_id": 525281545792544768, "text": "@liessn @jimec65 @BBCBreaking Video images of Islamic civilization in Alandls\u25ba 6: 18\u25ba 6:18\nhttp://t.co/CpDzrO9m8p", "type": "lower_reply"}, {"index": 3, "attribution": -0.002457205402594315, "content_attribution": -0.0006073628485950206, "stance_attribution": -0.0018498425539992935, "tweet_id": 524997590115692545, "text": "@jimec65 @BBCBreaking  To be that everyone knows and understands the meaning of Islam, humanity and high-end service to humanity", "type": "lower_reply"}, {"index": 14, "attribution": -0.004150112475515024, "content_attribution": -0.0004709079405089384, "stance_attribution": -0.00367920453500609, "tweet_id": 524997658948423680, "text": "@alizinaty @BBCBreaking Depends who is reading the book", "type": "lower_reply"}, {"index": 11, "attribution": -0.004541973694727042, "content_attribution": 3.5974776679149466e-06, "stance_attribution": -0.004545571172394957, "tweet_id": 525278355621683200, "text": "@liessn @jimec65 @BBCBreaking http://t.co/ViX7bMlzpN", "type": "lower_reply"}, {"index": 18, "attribution": -0.006668509822940924, "content_attribution": 0.0004877967848478218, "stance_attribution": -0.007156306607788747, "tweet_id": 524989084599844865, "text": "@BBCBreaking  we live in the era of spaces, regions and the world has become a small village", "type": "direct_reply"}, {"index": 7, "attribution": -0.010138910126731623, "content_attribution": -0.010501230733397773, "stance_attribution": 0.00036232060666615054, "tweet_id": 524997477473456128, "text": "@jimec65 @BBCBreaking  Islam is the making of the greatest civilization in Andalusia in Granada and Toledo, etc.1", "type": "lower_reply"}, {"index": 16, "attribution": -0.021080121478947104, "content_attribution": -0.00016196196267317164, "stance_attribution": -0.02091815951627394, "tweet_id": 525288740701605888, "text": "@jimec65 @BBCBreaking Video images of Islamic civilization in Alandls\u25ba 6: 18\u25ba 6:18 http://t.co/CpDzrO9m8p \u2026 \u2026 \u2026", "type": "lower_reply"}, {"index": 26, "attribution": -0.04941136242455951, "content_attribution": 0.00033947916037357294, "stance_attribution": -0.049750841584933085, "tweet_id": 525288865121456128, "text": "@jimec65 @BBCBreaking  YouTube Images of Islamic civilization in Alandls\u25ba 1: 14\u25ba 1:14 http://t.co/xiVfVc4Wl6 \u2026 \u2026 \u2026 \u2026", "type": "lower_reply"}, {"index": 6, "attribution": -0.05153969220370398, "content_attribution": 0.0004282002719749674, "stance_attribution": -0.05196789247567896, "tweet_id": 524999898719338498, "text": "@jimec65 @BBCBreaking Islamic religion that respects all religions and we say yes to interfaith and intercultural dialogue", "type": "lower_reply"}, {"index": 22, "attribution": -0.15632940212164662, "content_attribution": -5.845164332275463e-05, "stance_attribution": -0.15627095047832387, "tweet_id": 524998267093123072, "text": "@jimec65 @BBCBreaking But from acts that apply inside the book, which calls for love and peace", "type": "lower_reply"}]}