{"thread_id": "524945170777645059", "gold_label": 2, "predicted_label": 0, "tweet_attributions": [{"index": 4, "attribution": 0.0999333282066805, "content_attribution": 0.0031951971057916978, "stance_attribution": 0.0967381311008888, "tweet_id": 524954255816663040, "text": "@NBCNews @CTVNews Horrifying but I doubt it will have anything to do with Islam", "type": "direct_reply"}, {"index": 0, "attribution": 0.08656767906304376, "content_attribution": -0.049554814265419175, "stance_attribution": 0.13612249332846296, "tweet_id": 524945170777645059, "text": "Watch Live: Manhunt for Canadian Parliament shooting suspect http://t.co/oWI4Jj0X5i via @CTVNews http://t.co/iqiSSYHWP2", "type": "source"}, {"index": 1, "attribution": 0.028926116466705135, "content_attribution": 0.025687535580870287, "stance_attribution": 0.0032385808858348443, "tweet_id": 524945374625017856, "text": "@NBCNews narcissistic stalker, what does it mean, who r the examples n does it mean that they believe victims r following the stalker!!?!??!", "type": "direct_reply"}, {"index": 6, "attribution": 0.02320304596168912, "content_attribution": -0.0005162168566086712, "stance_attribution": 0.02371926281829779, "tweet_id": 524946466293698560, "text": "@NBCNews @RobertAlai @CTVNews http://t.co/zezljjXNwp", "type": "direct_reply"}, {"index": 11, "attribution": 0.013442010392833714, "content_attribution": -1.5030213803072682e-05, "stance_attribution": 0.013457040606636791, "tweet_id": 524947730465292289, "text": "\u201c@NBCNews: Watch Live: Manhunt for Canadian Parliament shooting suspect http://t.co/KBH35zFfAc via @CTVNews http://t.co/rtMQfcRg2C", "type": "direct_reply"}, {"index": 9, "attribution": 0.007188538621052827, "content_attribution": 0.00020115208819213436, "stance_attribution": 0.006987386532860691, "tweet_id": 524947927262040064, "text": "\u201c@NBCNews: Watch Live: Manhunt for Canadian Parliament shooting suspect http://t.co/uDilLRskh3 via @CTVNews http://t.co/UgPz31rU2k\u201d", "type": "direct_reply"}, {"index": 7, "attribution": 0.004024837220436409, "content_attribution": 0.0013048015023024706, "stance_attribution": 0.002720035718133938, "tweet_id": 524971252323459073, "text": "\"@NBCNews: Watch Live: Manhunt for Canadian Parliament shooting suspect http://t.co/e5kNmPrDuy via @CTVNews http://t.co/qrUTv0f13a\"", "type": "direct_reply"}, {"index": 12, "attribution": 0.0029784011100867733, "content_attribution": 0.00011235034675743647, "stance_attribution": 0.0028660507633293374, "tweet_id": 524952014644871168, "text": "\u201c@NBCNews: Watch Live: Manhunt for Canadian Parliament shooting suspect http://t.co/MCzhBeuDC8 via @CTVNews http://t.co/ycO7dshUhK\u201d", "type": "direct_reply"}, {"index": 3, "attribution": -0.0013325096680577436, "content_attribution": 0.0010155252784446072, "stance_attribution": -0.00234803494650235, "tweet_id": 524956229257666560, "text": "\u201c@NBCNews: Watch Live: Manhunt for Canadian Parliament shooting suspect http://t.co/K8rD3eCr6y via @CTVNews http://t.co/e5JsXDQtYp\u201d #9NEWS", "type": "direct_reply"}, {"index": 2, "attribution": -0.012415040589079175, "content_attribution": -0.0004548929083071217, "stance_attribution": -0.011960147680772058, "tweet_id": 524947078389059584, "text": "@NBCNews @CTVNews I swear, Canada looks so calm and pretty in that pic. I want to visit!", "type": "direct_reply"}, {"index": 5, "attribution": -0.01639157752377109, "content_attribution": -0.010591735111026889, "stance_attribution": -0.005799842412744203, "tweet_id": 524960449818009600, "text": "@NBCNews @CTVNews Canadian Parliament should must be secured immediately &amp; all terrorist should be taken to task.", "type": "direct_reply"}, {"index": 10, "attribution": -0.032781056717672105, "content_attribution": -0.00028875952920131323, "stance_attribution": -0.0324922971884708, "tweet_id": 524945609233817600, "text": "@NBCNews @CTVNews #CBC confirmed one shooter is dead. There is probably more than one shooter.", "type": "direct_reply"}, {"index": 8, "attribution": -0.03429386242128811, "content_attribution": -0.007351082621282789, "stance_attribution": -0.02694277980000532, "tweet_id": 525015550401847296, "text": "@NBCNews @CTVNews  May we be of any assistance? http://t.co/u0y3A3OaC7", "type": "direct_reply"}]}