{"thread_id": "524944569528750080", "gold_label": 1, "predicted_label": 2, "tweet_attributions": [{"index": 11, "attribution": 2.609032589315632, "content_attribution": 0.01930069462083442, "stance_attribution": 2.589731894694798, "tweet_id": 524953853251571712, "text": "@OttawaPolice Thats a really condensed area! :(", "type": "direct_reply"}, {"index": 17, "attribution": 1.988695334706032, "content_attribution": 0.0034082160640875794, "stance_attribution": 1.9852871186419447, "tweet_id": 524963143630741504, "text": "@PixelGhost25 @OttawaPolice DUFUS-You try doing a room by room,potential hostages search in old buildings shooters don't intend to surrender", "type": "lower_reply"}, {"index": 4, "attribution": 0.052344397324163384, "content_attribution": 0.04715873478074537, "stance_attribution": 0.005185662543418006, "tweet_id": 524968216255553537, "text": "@KDVatEastern @OttawaPolice Umm...can I help you?", "type": "lower_reply"}, {"index": 5, "attribution": 0.01674448508194265, "content_attribution": 0.014393686455026658, "stance_attribution": 0.002350798626915994, "tweet_id": 524962150910279680, "text": "@PixelGhost25 @OttawaPolice It's designed for media. Now we watch the Hegelian Dialectic operate OPENLY in Canadian news!  Right @PMHarper?", "type": "lower_reply"}, {"index": 9, "attribution": 0.008235905859697893, "content_attribution": -0.0002084431201895848, "stance_attribution": 0.008444348979887478, "tweet_id": 524961236899725312, "text": "@OttawaPolice Great for the globalists. This WILL lead to talk of a \"North American Union\" in short order. PAY ATTENTION! #AntiSovereignty", "type": "direct_reply"}, {"index": 7, "attribution": 0.006113342764418475, "content_attribution": -0.00019639953389191816, "stance_attribution": 0.006309742298310394, "tweet_id": 524953689644355585, "text": "\u201c@OttawaPolice: Incidents occurred at National War Memorial, near the Rideau Centre and Parliament Hill this morning. #ottnews\u201d", "type": "direct_reply"}, {"index": 16, "attribution": 0.0052318996680697245, "content_attribution": -7.647152943701877e-05, "stance_attribution": 0.0053083711975067446, "tweet_id": 524945156995170304, "text": "\u201c@OttawaPolice: Incidents occurred at National War Memorial, near the Rideau Centre and Parliament Hill this morning. #ottnews\u201d", "type": "direct_reply"}, {"index": 15, "attribution": 0.004047165612771636, "content_attribution": 0.0002232263631822591, "stance_attribution": 0.0038239392495893767, "tweet_id": 524948776956751872, "text": "\u201c@OttawaPolice: Incidents occurred at National War Memorial, near the Rideau Centre and Parliament Hill this morning. #ottnews\u201d \ud83d\udc94", "type": "direct_reply"}, {"index": 3, "attribution": 0.0034548616652765422, "content_attribution": 0.0034548842051682505, "stance_attribution": -2.2539891708943036e-08, "tweet_id": 524950180651884546, "text": "@OttawaPolice @jerryarcher stay safe men and women at parliament hill today", "type": "direct_reply"}, {"index": 14, "attribution": 0.0027613619349835645, "content_attribution": -0.001996912161502636, "stance_attribution": 0.0047582740964862, "tweet_id": 524945884380139520, "text": "@OttawaPolice be safe boys and girls..get the bastards...my thoughts are with all of you...so angry...not in my country..please be safe", "type": "direct_reply"}, {"index": 8, "attribution": 0.0006259645025220987, "content_attribution": -0.0007612637708970661, "stance_attribution": 0.0013872282734191646, "tweet_id": 524967943445417985, "text": "@OttawaPolice @RCMP_Nat_Div All the best to our police forces and secuirty personnel as they deal with the tragedy unfolding in Ottawa 2day", "type": "direct_reply"}, {"index": 6, "attribution": 0.00039222536242031203, "content_attribution": 0.0007579197343680047, "stance_attribution": -0.0003656943719476946, "tweet_id": 524950797885640704, "text": "Mt \"@OttawaPolice: Incidents occurred at National War Memorial, near the Rideau Centre and Parliament Hill this morning. #ottnews\u201d", "type": "direct_reply"}, {"index": 10, "attribution": -0.001281252561584846, "content_attribution": 2.2657829959490602e-05, "stance_attribution": -0.0013039103915443366, "tweet_id": 524962121562734592, "text": "@OttawaPolice anxious to know the reason for their attack.", "type": "direct_reply"}, {"index": 1, "attribution": -0.002873380793035114, "content_attribution": 0.00022106215893225457, "stance_attribution": -0.0030944429519673693, "tweet_id": 524956987550105600, "text": "RT @OttawaPolice \u4eca\u671d\uff08\u30aa\u30bf\u30ef\u6642\u9593\uff09\u6226\u4e89\u8a18\u5ff5\u7891\u3001\u56fd\u4f1a\u8b70\u4e8b\u5802\u3067\u9283\u6483\u4e8b\u4ef6", "type": "direct_reply"}, {"index": 2, "attribution": -0.01285422644107069, "content_attribution": 0.0366145283853041, "stance_attribution": -0.049468754826374785, "tweet_id": 524962390707019776, "text": "@gkelly49 @OttawaPolice @jaketapper But it's perfectly fine to shoot unarmed CITIZENS. #MoralInsanityRULES", "type": "lower_reply"}, {"index": 12, "attribution": -0.025816963818273135, "content_attribution": -0.0006489495298454019, "stance_attribution": -0.025168014288427736, "tweet_id": 524952325878980608, "text": "@OttawaPolice be safe", "type": "direct_reply"}, {"index": 13, "attribution": -0.14960808808516582, "content_attribution": 0.020317653789589045, "stance_attribution": -0.1699257418747549, "tweet_id": 524952404706340864, "text": "@OttawaPolice @jaketapper  Global News reported soldier shot in back 4 times. How cowardly to shoot an unarmed soldier in the back.", "type": "direct_reply"}, {"index": 0, "attribution": -0.6908806392674907, "content_attribution": 0.05214685207682225, "stance_attribution": -0.7430274913443129, "tweet_id": 524944569528750080, "text": "Incidents occurred at National War Memorial, near the Rideau Centre and Parliament Hill this morning. #ottnews", "type": "source"}]}