{"thread_id": "524934673760530432", "gold_label": 0, "predicted_label": 0, "tweet_attributions": [{"index": 0, "attribution": 0.16148303787331497, "content_attribution": -0.052058188201907406, "stance_attribution": 0.21354122607522238, "tweet_id": 524934673760530432, "text": "Canadian parliament on lockdown after shooting \u2013 live updates http://t.co/PBLZPFqhAP", "type": "source"}, {"index": 3, "attribution": 0.13170019712103626, "content_attribution": -0.007378848142375395, "stance_attribution": 0.13907904526341164, "tweet_id": 524937877575446528, "text": "@guardian @acoyne \"We are all infidels\" #outlawIslam", "type": "direct_reply"}, {"index": 2, "attribution": 0.008529075867335135, "content_attribution": -0.005152184429297149, "stance_attribution": 0.013681260296632282, "tweet_id": 524935286892269568, "text": "\u201c@guardian: Canadian parliament on lockdown after shooting \u2013 live updates http://t.co/b0V61RxZ0i\u201d", "type": "direct_reply"}, {"index": 1, "attribution": -0.012555479782114782, "content_attribution": -0.013769625488708238, "stance_attribution": 0.0012141457065934537, "tweet_id": 524943819327148032, "text": "@guardian That's very sad, RIP may gd lord ve mercy on u", "type": "direct_reply"}]}