{"thread_id": "524932792925569024", "gold_label": 2, "predicted_label": 0, "tweet_attributions": [{"index": 0, "attribution": 0.12072404941628123, "content_attribution": -0.08296503745066362, "stance_attribution": 0.20368908686694487, "tweet_id": 524932792925569024, "text": "Recap: Parliament Hill in lockdown after uniformed Canadian soldier shot at War Memorial. Suspect on loose; witnesses say he had rifle.", "type": "source"}, {"index": 11, "attribution": 0.09631420196430175, "content_attribution": -0.029656521740264025, "stance_attribution": 0.12597072370456575, "tweet_id": 524934035832074243, "text": "@CBCAlerts Got it.\nhttps://t.co/FhROjvDoeF", "type": "lower_reply"}, {"index": 2, "attribution": 0.05470103714537422, "content_attribution": 0.015166054795030946, "stance_attribution": 0.03953498235034328, "tweet_id": 524933518233985024, "text": ".@CBCAlerts Any word on soldier's condition? They must've let an ambulance in.", "type": "direct_reply"}, {"index": 4, "attribution": 0.010476963366435884, "content_attribution": 0.0002800420033639082, "stance_attribution": 0.010196921363071978, "tweet_id": 524934507036942336, "text": "@CBCAlerts the while diwntown is on lockdown!", "type": "direct_reply"}, {"index": 5, "attribution": 0.008601458615581044, "content_attribution": -0.0007680926380836334, "stance_attribution": 0.009369551253664678, "tweet_id": 524940312406654976, "text": "\u201c@CBCAlerts: Parliament Hill in lockdown after uniformed Canadian soldier shot at War Memorial.Suspect on loose;witnesses say he had rifle.\u201d", "type": "direct_reply"}, {"index": 9, "attribution": 0.006440118004736609, "content_attribution": -0.0007845031318186405, "stance_attribution": 0.007224621136555249, "tweet_id": 524937503888117761, "text": "MT @CBCAlerts Parliament Hill on lockdown after uniformed Canadian soldier shot at War Memorial. Suspect on loose witnesses say he had rifle", "type": "direct_reply"}, {"index": 1, "attribution": 0.005085976774524667, "content_attribution": 0.0004846768591254088, "stance_attribution": 0.004601299915399258, "tweet_id": 524944452100816896, "text": "@CBCAlerts @milnews_ca 2 witnesses say he kicked them out of their car &amp; drove off in it. (NPR)", "type": "direct_reply"}, {"index": 6, "attribution": 0.0021061464283033404, "content_attribution": -0.00021004008253765834, "stance_attribution": 0.0023161865108409993, "tweet_id": 524933375149473794, "text": "\u201c@CBCAlerts: How does this happen? Shooting a soldier who served our great nation. Radical? #Ottawa #Canada", "type": "direct_reply"}, {"index": 10, "attribution": -0.0024589833266998335, "content_attribution": 0.0001811356152751172, "stance_attribution": -0.00264011894197495, "tweet_id": 524935981615820800, "text": "@CBCAlerts @JeffreyGuterman unconfirmed but reliable source /Ottawa and RCMP not commenting police/Suspect has been killed inside Parliament", "type": "direct_reply"}, {"index": 12, "attribution": -0.00296428841474234, "content_attribution": -0.0006228470609121182, "stance_attribution": -0.0023414413538302217, "tweet_id": 524934252925050880, "text": "@CBCAlerts", "type": "direct_reply"}, {"index": 7, "attribution": -0.007478250702367239, "content_attribution": 0.0006572791800704867, "stance_attribution": -0.008135529882437724, "tweet_id": 524937704791085056, "text": "@CBCAlerts @JeffreyGuterman Very sad week for Canada. Our #CanadianForces aren't safe in their own country.", "type": "direct_reply"}, {"index": 3, "attribution": -0.007586105983142986, "content_attribution": 0.004099566802854353, "stance_attribution": -0.011685672785997338, "tweet_id": 524934184700493825, "text": "@CBCAlerts are the \"Terrorists \" being followed by CSIS?  That's what they say they are doing", "type": "direct_reply"}, {"index": 8, "attribution": -0.015236859860791475, "content_attribution": 4.9550431695890405e-05, "stance_attribution": -0.015286410292487364, "tweet_id": 524933821859643393, "text": "@CBCAlerts  I am sickened. This has to stop.  It's murder. Soldiers have families, they have Mothers.", "type": "direct_reply"}]}