{"thread_id": "524959332656349187", "gold_label": 1, "predicted_label": 2, "tweet_attributions": [{"index": 6, "attribution": 3.5629272736846933, "content_attribution": 0.026539397851401088, "stance_attribution": 3.536387875833292, "tweet_id": 524969972196712449, "text": "@LukeRussert @ott_deb obama said just coincidence, and be quiet he's teeing off.", "type": "direct_reply"}, {"index": 4, "attribution": 1.9603662830894146, "content_attribution": 0.08221794370951756, "stance_attribution": 1.878148339379897, "tweet_id": 524998667485601792, "text": "@meileiend @LukeRussert @ott_deb Soldiers of your main ally due, and you use it as a moment to b this disrespectful abt us AND Potus? Wow.", "type": "lower_reply"}, {"index": 5, "attribution": 0.00850360285154492, "content_attribution": -0.0015424919373576266, "stance_attribution": 0.010046094788902548, "tweet_id": 524974459740884992, "text": "@LukeRussert @ddiamond isis recruits?", "type": "direct_reply"}, {"index": 2, "attribution": 0.002450648834068026, "content_attribution": -0.00277617326773947, "stance_attribution": 0.005226822101807502, "tweet_id": 524959985483399169, "text": "@LukeRussert call it what it is... Terrorism", "type": "direct_reply"}, {"index": 7, "attribution": 0.0022664372976719076, "content_attribution": -0.0005745333472422259, "stance_attribution": 0.002840970644914133, "tweet_id": 524982441006891008, "text": "@LukeRussert when will @mitchellreports @chucktodd n @morning_joe blame this on Obama?", "type": "direct_reply"}, {"index": 1, "attribution": -0.0007331031332893174, "content_attribution": 0.0015416372360112576, "stance_attribution": -0.002274740369300575, "tweet_id": 524960606865358849, "text": "@LukeRussert a coordinated attack may not necessarily mean a terrorist attack in the context that people generally think of - NA. 2early2no", "type": "direct_reply"}, {"index": 3, "attribution": -0.015222458009791034, "content_attribution": -7.611027930546607e-05, "stance_attribution": -0.015146347730485565, "tweet_id": 524998360739348480, "text": "@LukeRussert Well, Canadians have not been told this by our national media, specifically the CBC. ???? #Ottawa", "type": "direct_reply"}, {"index": 8, "attribution": -0.01605242015511036, "content_attribution": 0.09596653277354167, "stance_attribution": -0.11201895292865204, "tweet_id": 525010966443225088, "text": "@vancouverboomer @LukeRussert @ott_deb duh huh?", "type": "lower_reply"}, {"index": 0, "attribution": -0.7060308503078996, "content_attribution": 0.046117233794328104, "stance_attribution": -0.7521480841022277, "tweet_id": 524959332656349187, "text": "Police in Canada have confirmed to NBC that multiple gunmen were involved in what appears to be coordinated series of shootings in #Ottawa", "type": "source"}]}