{"thread_id": "524981436252950528", "gold_label": 2, "predicted_label": 0, "tweet_attributions": [{"index": 0, "attribution": 0.1704465409770966, "content_attribution": -0.014479538776286764, "stance_attribution": 0.18492607975338335, "tweet_id": 524981436252950528, "text": "Canadian authorities have given name of suspect in Ottawa attacks to U.S. feds; ask for FBI assistance: Sr U.S. law enforcement official", "type": "source"}, {"index": 5, "attribution": 0.05438714903825556, "content_attribution": 0.00559061899326389, "stance_attribution": 0.048796530044991675, "tweet_id": 524982686369472512, "text": "\u201c@RamCNN: Canadian authorities have given name of suspect in #Ottawa to U.S. feds; ask for FBI help: Sr U.S. law enforcement official\u201d", "type": "direct_reply"}, {"index": 6, "attribution": 0.030088528581192667, "content_attribution": -0.0033816519814153516, "stance_attribution": 0.03347018056260802, "tweet_id": 525554047408160768, "text": "@RamCNN Follow Official account @Riconymous", "type": "direct_reply"}, {"index": 3, "attribution": 0.008714098806174197, "content_attribution": -0.0032056658556230038, "stance_attribution": 0.0119197646617972, "tweet_id": 525541364927574016, "text": "@RamCNN Follow Official account @Riconymous", "type": "direct_reply"}, {"index": 4, "attribution": 0.0026027926143386716, "content_attribution": 0.002920084224879158, "stance_attribution": -0.00031729161054048615, "tweet_id": 524981780122972161, "text": "@RamCNN @shephardm The FBI probably already knew him quite well, if past incidents are anything to go by.", "type": "direct_reply"}, {"index": 1, "attribution": -0.013332704837183951, "content_attribution": 0.002398116780597174, "stance_attribution": -0.015730821617781124, "tweet_id": 524982163456786432, "text": "@RamCNN My map app shows tweets from #Ottawa shooting site http://t.co/VlcPC99uBJ \u2026 \u2026", "type": "direct_reply"}, {"index": 2, "attribution": -0.014461503758417205, "content_attribution": 0.008363578667011824, "stance_attribution": -0.02282508242542903, "tweet_id": 524981904131764224, "text": "@RamCNN @20committee any timeline on when the general public gets the name?", "type": "direct_reply"}, {"index": 7, "attribution": -0.021431333948795903, "content_attribution": -0.009012716995329451, "stance_attribution": -0.01241861695346645, "tweet_id": 524982445469622272, "text": "@RamCNN @HuffPostCanada what is happening in Ottawa today is devastating. This is Canada, peace loving!!", "type": "direct_reply"}]}