{"thread_id": "524949339131904000", "gold_label": 0, "predicted_label": 2, "tweet_attributions": [{"index": 46, "attribution": 4.0723202519933945, "content_attribution": 0.0627868020953484, "stance_attribution": 4.009533449898047, "tweet_id": 525054656997629953, "text": "@MajuIndonesia11 @daz_haywood No Christan Fanatics don't behead,they do bomb women's health clinics and spread racism in the name of Christ", "type": "lower_reply"}, {"index": 25, "attribution": 2.482940900614823, "content_attribution": 0.04131139310667491, "stance_attribution": 2.441629507508148, "tweet_id": 525060125866737664, "text": "@ImmaNavyspouse, The reason they kill because other has diff religion. Christian fanatic may blow cause of revenge and hatred, not of relig", "type": "lower_reply"}, {"index": 14, "attribution": 1.6219934625218047, "content_attribution": 0.014156077689896424, "stance_attribution": 1.607837384831908, "tweet_id": 525049393657815041, "text": "@ImmaNavyspouse @daz_haywood, Christian fanatics did not beheading child. No order in Bible to fight infidel and force other to submit.", "type": "lower_reply"}, {"index": 23, "attribution": 0.5460440446391206, "content_attribution": 0.0018862700065676347, "stance_attribution": 0.544157774632553, "tweet_id": 524955236423962624, "text": "@daz_haywood @BBCBreaking We don't see a lot of fanatics trying to shoot up our Parliament Buildings as they do here in DC.", "type": "lower_reply"}, {"index": 70, "attribution": 0.4353155999157168, "content_attribution": 0.001144959188777985, "stance_attribution": 0.43417064072693873, "tweet_id": 524956263869079552, "text": "@ImmaNavyspouse @BBCBreaking These 'fanatics! are doing what the quran tells them to do to the non believer. We need to wake up quickly.", "type": "lower_reply"}, {"index": 28, "attribution": 0.28612765457987516, "content_attribution": 0.009383927568197937, "stance_attribution": 0.2767437270116772, "tweet_id": 525429518316892160, "text": "@MajuIndonesia11  Bombing an Abortion clinic in the Jesus and the Almighty God isn't the same?Both have a book of teachings.", "type": "lower_reply"}, {"index": 16, "attribution": 0.25785225911324655, "content_attribution": 0.01498727813740589, "stance_attribution": 0.24286498097584064, "tweet_id": 525060527249039360, "text": "@MajuIndonesia11 Do you live here in the US? To see the lvl of hatred spewed all in the name of religion?Murders or bombing of clinics?", "type": "lower_reply"}, {"index": 4, "attribution": 0.14054254931457666, "content_attribution": -0.0005243593742405887, "stance_attribution": 0.14106690868881724, "tweet_id": 525443501362659328, "text": "@ImmaNavyspouse, when he bombing it, its not led by Jesus'teaching for sure, but ISIS is led by literal teaching of Qur'an.", "type": "lower_reply"}, {"index": 64, "attribution": 0.117623626308336, "content_attribution": -0.011232860771256988, "stance_attribution": 0.12885648707959302, "tweet_id": 525404310138806273, "text": "@ImmaNavyspouse, not true, no teaching to kill infidel in Christian.The act of ISIS told by their quran. http://t.co/aRXIDQTIfx", "type": "lower_reply"}, {"index": 52, "attribution": 0.10749463187178354, "content_attribution": -0.0003852965350589516, "stance_attribution": 0.10787992840684249, "tweet_id": 524953364518699008, "text": "@ImmaNavyspouse @BBCBreaking am i right in thinking canada has 'imported' more followers of islam than any other major country ? Shame.", "type": "lower_reply"}, {"index": 71, "attribution": 0.0639053909934781, "content_attribution": 0.026943109858307196, "stance_attribution": 0.0369622811351709, "tweet_id": 524963753998438400, "text": "@ImmaNavyspouse @BBCBreaking Sounds like they have a fab mum.", "type": "lower_reply"}, {"index": 9, "attribution": 0.06202169922219158, "content_attribution": 0.003128897870898002, "stance_attribution": 0.05889280135129358, "tweet_id": 524958340980686848, "text": "@daz_haywood @BBCBreaking Nor are all Christians the Westbro Baptists either.People choose to interpret religious teachings in their own way", "type": "lower_reply"}, {"index": 12, "attribution": 0.06197051146186371, "content_attribution": 0.052817014312550446, "stance_attribution": 0.009153497149313277, "tweet_id": 525059535392624640, "text": "@ImmaNavyspouse, And you know that's not Christian teaching, that's politic issue. Islam terrorist issue is about pure teaching of Islam.", "type": "lower_reply"}, {"index": 27, "attribution": 0.06051555093191442, "content_attribution": 0.0015022981591049781, "stance_attribution": 0.059013252772809444, "tweet_id": 524954840326483968, "text": "@daz_haywood @BBCBreaking It is true that Canada is more tolerant to other cultures, however, stuff like this is a rarity compared to the US", "type": "lower_reply"}, {"index": 37, "attribution": 0.055925237936773106, "content_attribution": 0.02720140333396237, "stance_attribution": 0.028723834602810725, "tweet_id": 524962622069014528, "text": "@daz_haywood @BBCBreaking Which is why open dialog is important. That is what I have with my children.", "type": "lower_reply"}, {"index": 29, "attribution": 0.05590429359106706, "content_attribution": -0.0008403134476895754, "stance_attribution": 0.056744607038756625, "tweet_id": 524954105023041536, "text": "@Dowlerjnr @Nduna_lux @BBCBreaking @BBCWorld what complete rubbish. This is the 'religion of peace' at work yet again.", "type": "lower_reply"}, {"index": 21, "attribution": 0.04490407544362609, "content_attribution": 0.010433062703349922, "stance_attribution": 0.03447101274027617, "tweet_id": 525060754647445504, "text": "@MajuIndonesia11 Because you think someone goes against the bible? Muslim Fanatics just have a different way of getting their point across.", "type": "lower_reply"}, {"index": 30, "attribution": 0.03996794375158978, "content_attribution": 0.038139428487050334, "stance_attribution": 0.0018285152645394417, "tweet_id": 524961978146906113, "text": "@ImmaNavyspouse @BBCBreaking We need to stop brainwashing children and let them come to their own conclusion on the matter of religion", "type": "lower_reply"}, {"index": 0, "attribution": 0.028125341215024476, "content_attribution": 0.044403543973224525, "stance_attribution": -0.016278202758200043, "tweet_id": 524949339131904000, "text": "A gunman is killed after shooting at war memorial and Canadian parliament in Ottawa, media reports say http://t.co/sj9jOKOw2X", "type": "source"}, {"index": 48, "attribution": 0.01776569527480775, "content_attribution": 0.015510681192556908, "stance_attribution": 0.0022550140822508416, "tweet_id": 525059983763722240, "text": "@MajuIndonesia11 Interesting. But no. Most of the Christian Fanatics use Christ as their excuse to spread Racism and Hate.", "type": "lower_reply"}, {"index": 62, "attribution": 0.017594108052755953, "content_attribution": 0.015069770266130118, "stance_attribution": 0.002524337786625835, "tweet_id": 525060664696401920, "text": "@ImmaNavyspouse, yes,it against bible&amp; it does not make they kill and behead people, right?", "type": "lower_reply"}, {"index": 47, "attribution": 0.016127464649241804, "content_attribution": 0.018548585533093312, "stance_attribution": -0.0024211208838515064, "tweet_id": 524960527421038592, "text": "@daz_haywood @BBCBreaking Not all religion is bad. Belief is a personal thing. However you see it Its the fanatics that make it look bad.", "type": "lower_reply"}, {"index": 56, "attribution": 0.015696846271724612, "content_attribution": 0.00020847620483070294, "stance_attribution": 0.015488370066893908, "tweet_id": 524955300311609344, "text": "@ImmaNavyspouse @BBCBreaking A sad day for your gorgeous country but it needs to wake up to the major problems we're gonna get from islam", "type": "lower_reply"}, {"index": 26, "attribution": 0.015550347305785065, "content_attribution": 6.527743350697688e-05, "stance_attribution": 0.015485069872278089, "tweet_id": 524957991339307008, "text": "@daz_haywood @BBCBreaking We can't blame an entire religion for a group of people that are insane.Not all Muslims are evil.", "type": "lower_reply"}, {"index": 54, "attribution": 0.015228523458874876, "content_attribution": 0.0032725872700559468, "stance_attribution": 0.01195593618881893, "tweet_id": 525061258869891073, "text": "@MajuIndonesia11 Fanatical Christians justify killing someone the same way a Fanatical Muslim does. It goes against their religion.", "type": "lower_reply"}, {"index": 34, "attribution": 0.013564038109506522, "content_attribution": 0.008516898332285578, "stance_attribution": 0.005047139777220947, "tweet_id": 524963989546360833, "text": "@daz_haywood @BBCBreaking  Hahaha.. I try!", "type": "lower_reply"}, {"index": 11, "attribution": 0.011046868613552575, "content_attribution": -0.0006917928923664591, "stance_attribution": 0.011738661505919035, "tweet_id": 524976393499992064, "text": "@Nduna_lux @sophie__malik It's official, you're an idiot. Education is a wonderful thing.", "type": "lower_reply"}, {"index": 57, "attribution": 0.008631219790600823, "content_attribution": 0.0012901288527656528, "stance_attribution": 0.00734109093783517, "tweet_id": 524951927071969280, "text": "\ud83d\ude4f @BBCBreaking\nA gunman is killed after shooting at war memorial and Canadian parliament in Ottawa, media reports say http://t.co/BJQ2wlv2NQ", "type": "direct_reply"}, {"index": 33, "attribution": 0.006412644037920254, "content_attribution": -0.00017807488514137325, "stance_attribution": 0.006590718923061626, "tweet_id": 524972237955543040, "text": "@sophie__malik @Nduna_lux Nduna_lux, you sound like Hitler.", "type": "lower_reply"}, {"index": 32, "attribution": 0.006158146544255114, "content_attribution": 0.0006995411319500988, "stance_attribution": 0.005458605412305015, "tweet_id": 525447738075652096, "text": "@MajuIndonesia11 My point is all organized religions have their own brand of Fanatics. Murder in the name of religion is never good.", "type": "lower_reply"}, {"index": 50, "attribution": 0.005258920899793931, "content_attribution": -0.0007654959716277261, "stance_attribution": 0.0060244168714216565, "tweet_id": 524954176619831297, "text": "@Nduna_lux @BBCBreaking @BBCWorld learn how to spell immigrants before making stupid comments like that!!", "type": "lower_reply"}, {"index": 53, "attribution": 0.005062842825354965, "content_attribution": 0.0004628031683606745, "stance_attribution": 0.00460003965699429, "tweet_id": 524952202331578368, "text": "\u201c@BBCBreaking: A gunman is killed after shooting at war memorial and Canadian parliament in Ottawa  http://t.co/Vsv760TVYi\u201d @nastyotoe", "type": "direct_reply"}, {"index": 15, "attribution": 0.004881032435797453, "content_attribution": 0.01674811537719128, "stance_attribution": -0.011867082941393827, "tweet_id": 525060227666690048, "text": "@MajuIndonesia11 Gay Marriage?Goes against the bible. Abortion? Goes against the Bible.", "type": "lower_reply"}, {"index": 74, "attribution": 0.002868551001168878, "content_attribution": 0.00015625677902859688, "stance_attribution": 0.0027122942221402815, "tweet_id": 524957207692324864, "text": "@daz_haywood @BBCBreaking There are always going to be fanatics and the lunatics that carry out the worst possible scenarios.", "type": "lower_reply"}, {"index": 1, "attribution": 0.0023104175033419215, "content_attribution": -0.00014392584123444518, "stance_attribution": 0.002454343344576367, "tweet_id": 524973987622051840, "text": "@Nduna_lux @BBCBreaking @BBCWorld @daz_haywood I just think there are millions of Muslims. You can't label them all. But that's my opinion.", "type": "lower_reply"}, {"index": 43, "attribution": 0.00206314213759914, "content_attribution": 0.0031858065659477984, "stance_attribution": -0.001122664428348658, "tweet_id": 525060912932073474, "text": "@MajuIndonesia11 It makes them kill. Murder is murder. Whether or not you take a person's head off in the process.", "type": "lower_reply"}, {"index": 41, "attribution": 0.002024329857677875, "content_attribution": 0.002024329857677875, "stance_attribution": 0.0, "tweet_id": 524965360316219392, "text": "@daz_haywood Many Thanks!", "type": "lower_reply"}, {"index": 10, "attribution": 0.001486364942424604, "content_attribution": 0.003041025714120707, "stance_attribution": -0.0015546607716961037, "tweet_id": 524964526681497601, "text": "@ImmaNavyspouse @BBCBreaking Keep em safe sweety. From what i here DC is quite a dangerous city in places as are many US cities.", "type": "lower_reply"}, {"index": 45, "attribution": 0.0003676356968822499, "content_attribution": 0.000349937809516852, "stance_attribution": 1.7697887365397826e-05, "tweet_id": 524974461104443392, "text": "@Nduna_lux @BBCBreaking @BBCWorld @daz_haywood What they are doing is completely against the Koran in any case. not the made up one.", "type": "lower_reply"}, {"index": 8, "attribution": 0.0003001164808765023, "content_attribution": 0.0002336361730176513, "stance_attribution": 6.648030785885107e-05, "tweet_id": 524985966998458369, "text": "@Nduna_lux @sophie__malik Ppl  that believe like u are the reason I will hide with my innocent wife in our apartment in fear of retaliation", "type": "lower_reply"}, {"index": 18, "attribution": 0.0002481950783990073, "content_attribution": 0.00015853774678150053, "stance_attribution": 8.965733161750678e-05, "tweet_id": 524988076293361664, "text": "@Nduna_lux @BBCBreaking @BBCWorld how am I an extremist please? I'm not even a religious person?", "type": "lower_reply"}, {"index": 22, "attribution": 0.00019828992032422518, "content_attribution": 0.00019828992032422518, "stance_attribution": 0.0, "tweet_id": 524984811312939008, "text": "@Nduna_lux @BBCBreaking @BBCWorld read exodus 22:20. Then shut up", "type": "lower_reply"}, {"index": 61, "attribution": 0.00013412800563020292, "content_attribution": 0.00013412800563020292, "stance_attribution": 0.0, "tweet_id": 524960761677103104, "text": "@Nduna_lux @BBCBreaking @BBCWorld go there or any other country and you'll find peaceful moderate Muslims as well! Way more of them!", "type": "lower_reply"}, {"index": 35, "attribution": 0.00010895670295074306, "content_attribution": 8.707529308005037e-05, "stance_attribution": 2.1881409870692707e-05, "tweet_id": 524985179689844738, "text": "@Nduna_lux @sophie__malik Your tweets are offensive to those who are true to their faith, &amp; true to the peacefulness of society, as all are", "type": "lower_reply"}, {"index": 24, "attribution": 0.00010615470005508957, "content_attribution": 0.00010615470005508957, "stance_attribution": 0.0, "tweet_id": 524971900330868736, "text": "@Nduna_lux @BBCBreaking @BBCWorld and I'm against any form of terrorism as well as it's not confirmed that this was an Islamist attack", "type": "lower_reply"}, {"index": 51, "attribution": 7.356441502927928e-05, "content_attribution": 7.356441502927928e-05, "stance_attribution": 0.0, "tweet_id": 525164713291038720, "text": "@dwh17 oh well some people don't deserve to know the truth", "type": "lower_reply"}, {"index": 67, "attribution": 3.251088870815363e-05, "content_attribution": 3.251088870815363e-05, "stance_attribution": 0.0, "tweet_id": 524965555837894656, "text": "@Nduna_lux @BBCBreaking @BBCWorld are you fucking kidding me", "type": "lower_reply"}, {"index": 44, "attribution": 1.1738940113155138e-05, "content_attribution": 1.1738940113155138e-05, "stance_attribution": 0.0, "tweet_id": 524971785239134208, "text": "@Nduna_lux @BBCBreaking @BBCWorld how am I happy, are you even listening to what I'm saying!! I am completely against Islamism", "type": "lower_reply"}, {"index": 19, "attribution": -4.4696599301088736e-05, "content_attribution": -0.00011811522597079044, "stance_attribution": 7.34186266697017e-05, "tweet_id": 524964966215217152, "text": "@Nduna_lux @BBCBreaking @BBCWorld no it's not!! It's pointless having this discussion really, what you're doing is being a fascist dick and", "type": "lower_reply"}, {"index": 20, "attribution": -9.521198036942311e-05, "content_attribution": -2.485591569758497e-05, "stance_attribution": -7.035606467183813e-05, "tweet_id": 524984845055700992, "text": "@Nduna_lux @sophie__malik There are lunatics in every culture, every ethnicity. There are also innocent people in every culture as well.", "type": "lower_reply"}, {"index": 38, "attribution": -0.00026886519878459406, "content_attribution": -0.0002383909428145332, "stance_attribution": -3.0474255970060848e-05, "tweet_id": 525046498107486208, "text": "@sophie__malik I was going to let her know the shooter was a Canadian drug addict but it looks like she deleted her account..", "type": "lower_reply"}, {"index": 55, "attribution": -0.0003601600695878259, "content_attribution": -0.0006050195231050144, "stance_attribution": 0.0002448594535171885, "tweet_id": 524975923586924544, "text": "@Nduna_lux @BBCBreaking @BBCWorld @daz_haywood Point is these guys are radicalised. different from the law abiding Muslims.", "type": "lower_reply"}, {"index": 3, "attribution": -0.00036907245159277307, "content_attribution": -0.00035515768613214404, "stance_attribution": -1.3914765460629048e-05, "tweet_id": 524976033716797440, "text": "@Nduna_lux @BBCBreaking @BBCWorld @daz_haywood I just think it's important to differentiate.", "type": "lower_reply"}, {"index": 73, "attribution": -0.0003977532498040957, "content_attribution": -0.0003977532498040957, "stance_attribution": 0.0, "tweet_id": 524963463689666560, "text": "@Nduna_lux @BBCBreaking @BBCWorld look I'm not saying Islamism or any radical ideology of any religion is right but saying every Muslim is", "type": "lower_reply"}, {"index": 66, "attribution": -0.0003989447743536309, "content_attribution": -0.0003050321695406325, "stance_attribution": -9.391260481299838e-05, "tweet_id": 524965366897070080, "text": "@Nduna_lux @BBCBreaking @BBCWorld don't understand what it is really about and they'll  abuse it and that's it! Stop spreading islamophobia", "type": "lower_reply"}, {"index": 2, "attribution": -0.00048467445270291545, "content_attribution": -0.0007240089658797357, "stance_attribution": 0.00023933451317682033, "tweet_id": 524972794267066369, "text": "@Nduna_lux @BBCBreaking @BBCWorld could have been anyone really", "type": "lower_reply"}, {"index": 40, "attribution": -0.000585980920049162, "content_attribution": -6.76710290251722e-05, "stance_attribution": -0.0005183098910239899, "tweet_id": 524971518762434561, "text": "@Dowlerjnr @Nduna_lux @BBCBreaking @BBCWorld Have a flick through some of the more aggresive bits of the quran Niall. Their incompatable", "type": "lower_reply"}, {"index": 13, "attribution": -0.0006724251559303138, "content_attribution": -0.0006724251559303138, "stance_attribution": 0.0, "tweet_id": 525006755680382977, "text": "@Nduna_lux @sophie__malik You already don't.", "type": "lower_reply"}, {"index": 49, "attribution": -0.0010173713874978205, "content_attribution": -0.0009020706004856597, "stance_attribution": -0.00011530078701216073, "tweet_id": 524952230324371456, "text": "@Nduna_lux @BBCBreaking @BBCWorld It's not Muslims that are doing this but terrorists. Please remember this. More hate more recruits.", "type": "lower_reply"}, {"index": 63, "attribution": -0.0012545496964042955, "content_attribution": -0.0010214436240033502, "stance_attribution": -0.0002331060724009453, "tweet_id": 524965157647429632, "text": "@Nduna_lux @BBCBreaking @BBCWorld I'm not having none of it! Islam is a religion just like any other and there will always be people who", "type": "lower_reply"}, {"index": 69, "attribution": -0.0014071679157496384, "content_attribution": -0.0014071679157496384, "stance_attribution": 0.0, "tweet_id": 524963639355535360, "text": "@Nduna_lux @BBCBreaking @BBCWorld bad ain't either. Islamophobia is just as bad as radical Islamism and doesn't help in solving this", "type": "lower_reply"}, {"index": 59, "attribution": -0.001444408599981467, "content_attribution": -0.0012315712955553635, "stance_attribution": -0.00021283730442610329, "tweet_id": 524970192263450624, "text": "@Nduna_lux @daz_haywood @BBCBreaking @BBCWorld Again terrorists. Not Muslims. Muslims don't shoot at people, terrorists do.", "type": "lower_reply"}, {"index": 31, "attribution": -0.0015372321788136632, "content_attribution": -0.001463485632039786, "stance_attribution": -7.374654677387734e-05, "tweet_id": 524953206225666048, "text": "\u201c@BBCBreaking:A gunman is killed after shooting at war memorial and Canadian parliament in Ottawa, media reports say http://t.co/TrqAW77fgv\u201d", "type": "direct_reply"}, {"index": 42, "attribution": -0.0023475403427843065, "content_attribution": -0.0009474358024107016, "stance_attribution": -0.0014001045403736043, "tweet_id": 524975453720031234, "text": "@Nduna_lux @BBCBreaking @BBCWorld @daz_haywood Again there are different versions. You should see the iranian one.", "type": "lower_reply"}, {"index": 60, "attribution": -0.0032619313426857917, "content_attribution": -0.0005309471441050608, "stance_attribution": -0.0027309841985807297, "tweet_id": 525446904872972288, "text": "@MajuIndonesia11 I get what your are saying, however, both cases religion is the root of the issue, the issue being murder.", "type": "lower_reply"}, {"index": 58, "attribution": -0.004190652594242938, "content_attribution": 0.00948370837092858, "stance_attribution": -0.013674360965171519, "tweet_id": 524959213903417344, "text": "@ImmaNavyspouse @BBCBreaking I don't believe a word of it. Religion is legalised brainwashing. Islam is just incompatable in the west", "type": "lower_reply"}, {"index": 7, "attribution": -0.008117891535293392, "content_attribution": 0.0023078278247057426, "stance_attribution": -0.010425719359999135, "tweet_id": 525447437591146496, "text": "@ImmaNavyspouse, You take higher level view, which not objectively explained the real root cause.Actually that's total diff case.", "type": "lower_reply"}, {"index": 36, "attribution": -0.008247854947781729, "content_attribution": 9.935742146681858e-05, "stance_attribution": -0.008347212369248546, "tweet_id": 524956770268372992, "text": "@Nduna_lux @BBCBreaking @BBCWorld @Dowlerjnr better get used to this because it'll be happening worldwide", "type": "lower_reply"}, {"index": 6, "attribution": -0.00953039197833654, "content_attribution": -0.00017325209598994306, "stance_attribution": -0.009357139882346596, "tweet_id": 524984622921183233, "text": "@Nduna_lux @sophie__malik In humanity. No religion preaches hate, and you ought to know that but you prefer to be ignorant.", "type": "lower_reply"}, {"index": 17, "attribution": -0.014567211929907443, "content_attribution": 5.199431895744522e-05, "stance_attribution": -0.014619206248864888, "tweet_id": 524958222097317888, "text": "@ImmaNavyspouse @BBCBreaking Religion as a whole has a lot to answer for if you ask me. I'm so glad i wasn't brainwashed as a child", "type": "lower_reply"}, {"index": 72, "attribution": -0.018288994245817494, "content_attribution": 0.00016198202301565166, "stance_attribution": -0.018450976268833148, "tweet_id": 524994146143330305, "text": "@Nduna_lux @sophie__malik Hey George, George Bush, is that you?", "type": "lower_reply"}, {"index": 68, "attribution": -0.0199542783415962, "content_attribution": -5.7886013904168094e-05, "stance_attribution": -0.019896392327692036, "tweet_id": 524985513573240832, "text": "@Nduna_lux @sophie__malik These people are insane. U buy the fact that they are religion based, they are not. No religous person murders.", "type": "lower_reply"}, {"index": 39, "attribution": -0.024999143665750678, "content_attribution": 9.791913017594584e-05, "stance_attribution": -0.02509706279592662, "tweet_id": 524966811734147073, "text": "@Nduna_lux @BBCBreaking @BBCWorld Russia Ukraine? Any Muslim motivation you can see there? No, point invalid. Good bye", "type": "lower_reply"}, {"index": 5, "attribution": -0.026699117174249404, "content_attribution": 0.0009013927499899915, "stance_attribution": -0.027600509924239396, "tweet_id": 524956928787902464, "text": "@daz_haywood @BBCBreaking I don't disagree. But its the same down here in the US, with the Christian Fanatics and the nonexistant gun laws", "type": "lower_reply"}, {"index": 65, "attribution": -0.06983472288125844, "content_attribution": 0.03048466493152623, "stance_attribution": -0.10031938781278467, "tweet_id": 524950375452131329, "text": "@BBCBreaking This is so heartbreaking, as a Canadian to watch. As Canada prides itself as a nation that has strict gun laws.", "type": "direct_reply"}]}