{"thread_id": "524960247518330881", "gold_label": 0, "predicted_label": 2, "tweet_attributions": [{"index": 3, "attribution": 2.3276493778587053, "content_attribution": -0.006415564238682605, "stance_attribution": 2.334064942097388, "tweet_id": 524961786542309376, "text": "@nathancullen Pretty poorly planned attacks if you asked me.   Don't let the Gov't use this to railroad through their draconian legislation.", "type": "direct_reply"}, {"index": 6, "attribution": 0.31689354748508647, "content_attribution": 0.09012078716760119, "stance_attribution": 0.2267727603174853, "tweet_id": 524970780782632961, "text": "@RickFuerst I beg to differ.   This is exactly the time for cooler heads to prevail.", "type": "lower_reply"}, {"index": 1, "attribution": 0.1056058144566332, "content_attribution": 0.016237794631530043, "stance_attribution": 0.08936801982510315, "tweet_id": 524972230615498752, "text": "@Drew675r cooler heads being? What exactly does that mean in light of what has/is happening?", "type": "lower_reply"}, {"index": 7, "attribution": 0.0988067692320714, "content_attribution": 0.03335440327086443, "stance_attribution": 0.06545236596120699, "tweet_id": 524972559725756416, "text": "@Drew675r there's a dead Canadian soldier. Today. Shot for no reason. I refuse to be cool today. I refuse to listen to apologists.", "type": "lower_reply"}, {"index": 4, "attribution": 0.02192147988182328, "content_attribution": -0.00033374181569685834, "stance_attribution": 0.022255221697520138, "tweet_id": 524960458810605569, "text": "@nathancullen My stomach just turned reading that.", "type": "direct_reply"}, {"index": 8, "attribution": 0.019999539589482668, "content_attribution": -0.00025163444702872506, "stance_attribution": 0.02025117403651139, "tweet_id": 524964442195623936, "text": "@nathancullen @WoodfordCKNW980 not exactly classified information", "type": "direct_reply"}, {"index": 9, "attribution": 0.002066158896666703, "content_attribution": -0.0004259344974593938, "stance_attribution": 0.002492093394126097, "tweet_id": 524964832005865472, "text": "@nathancullen Why not just hand the attacker(s) your personal itinerary? I'm sorry, but this isn't a smart tweet to make &amp; should be removed", "type": "direct_reply"}, {"index": 15, "attribution": 0.001236603635859568, "content_attribution": -0.00018382051975154525, "stance_attribution": 0.001420424155611113, "tweet_id": 524962893725696000, "text": "@nathancullen @althiaraj Perhaps that's the type of non-news info shouldn't be tweeted, for security reasons?", "type": "direct_reply"}, {"index": 13, "attribution": 0.000777492396599886, "content_attribution": -0.00122283073899821, "stance_attribution": 0.002000323135598096, "tweet_id": 525063545893830657, "text": "@nathancullen so if shooter came an hour later he might have killed multiple MP's &amp; reporters. Which Minister will resign? #ottawashooting", "type": "direct_reply"}, {"index": 2, "attribution": -0.0004800768944799162, "content_attribution": -0.0008254034731406523, "stance_attribution": 0.00034532657866073583, "tweet_id": 524964352395603969, "text": "@nathancullen @WoodfordCKNW98", "type": "direct_reply"}, {"index": 10, "attribution": -0.0015567506161737233, "content_attribution": 4.798888755837746e-05, "stance_attribution": -0.0016047395037321007, "tweet_id": 524960491882700800, "text": "@nathancullen Well that's good to know for the next attack", "type": "direct_reply"}, {"index": 12, "attribution": -0.004482244503834089, "content_attribution": -0.001373951166161526, "stance_attribution": -0.0031082933376725625, "tweet_id": 524961908194299904, "text": "@nathancullen @christofow that's a sobering thought. Wow.", "type": "direct_reply"}, {"index": 14, "attribution": -0.009398478578551589, "content_attribution": -5.216432420495018e-05, "stance_attribution": -0.009346314254346639, "tweet_id": 524963662721581057, "text": "@nathancullen @CKNW dumbass", "type": "direct_reply"}, {"index": 11, "attribution": -0.01713109248509268, "content_attribution": -0.002962367412897359, "stance_attribution": -0.014168725072195323, "tweet_id": 524961492022861826, "text": "@nathancullen stay safe, Nathan!", "type": "direct_reply"}, {"index": 5, "attribution": -0.09436723308808369, "content_attribution": 0.07162855120581384, "stance_attribution": -0.16599578429389752, "tweet_id": 524966765286424576, "text": "@Drew675r  Disgraceful. This just happened, to a Canadian, in Canada. Save your Harper hate for another day please. http://t.co/ZsL5iVMgDy", "type": "lower_reply"}, {"index": 0, "attribution": -0.15894293480971436, "content_attribution": 0.029612890130225056, "stance_attribution": -0.1885558249399394, "tweet_id": 524960247518330881, "text": "Timing of Parliament shootings - an hour later and 200+ MPs and dozens of reporters would have been in hall where shooting took place", "type": "source"}]}