{"thread_id": "524929796862918656", "gold_label": 0, "predicted_label": 2, "tweet_attributions": [{"index": 0, "attribution": 0.10863797702248584, "content_attribution": -0.03119626952590432, "stance_attribution": 0.13983424654839016, "tweet_id": 524929796862918656, "text": "Soldier shot at National War Memorial in Ottawa http://t.co/9jLwNdsKp2 http://t.co/0a3tmPyUw9", "type": "source"}, {"index": 10, "attribution": 0.014709966716477313, "content_attribution": -1.0590711667416884e-05, "stance_attribution": 0.014720557428144732, "tweet_id": 524935619869687808, "text": "\u201c@CP24: Soldier shot at National War Memorial in Ottawa http://t.co/Jh9ftFX0Ns http://t.co/9JV3aUuYqC\u201d\n\nEverything's fucked up lately", "type": "direct_reply"}, {"index": 1, "attribution": 0.012634867660472627, "content_attribution": -0.0014478791457056706, "stance_attribution": 0.014082746806178296, "tweet_id": 524932112387174400, "text": "\u201c@CP24: Soldier shot at National War Memorial in Ottawa http://t.co/abpWnLiU8V http://t.co/jgSO8cxNB2\u201d be safe Ottawa!!!", "type": "direct_reply"}, {"index": 4, "attribution": 0.008364859678339179, "content_attribution": -4.017856335086016e-05, "stance_attribution": 0.008405038241690038, "tweet_id": 524947887567171584, "text": "Fuckinggg ridiculous \u201c@CP24: Soldier shot at National War Memorial in Ottawa http://t.co/OELksFUPBU http://t.co/mYZ5guZqp8\u201d", "type": "direct_reply"}, {"index": 7, "attribution": 0.007583214808604325, "content_attribution": 0.000445961366880089, "stance_attribution": 0.007137253441724235, "tweet_id": 524929870682681344, "text": "\u201c@CP24: Soldier shot at National War Memorial in Ottawa http://t.co/z1SbvGuKOp http://t.co/mXOZ90CR1Q\u201d wtf stop this nonsense :(", "type": "direct_reply"}, {"index": 12, "attribution": 0.007371083157576395, "content_attribution": -0.0024325127828346746, "stance_attribution": 0.00980359594041107, "tweet_id": 524933924653629441, "text": "I'm at a total loss for words. :( @CP24 : Soldier shot at National War Memorial in Ottawa http://t.co/XYRxJCEFEC http://t.co/9ochukDUrf", "type": "direct_reply"}, {"index": 2, "attribution": 0.00335861053458887, "content_attribution": -7.735790333401361e-05, "stance_attribution": 0.003435968437922884, "tweet_id": 524931721708716032, "text": "\u201c@CP24: Soldier shot at National War Memorial in Ottawa http://t.co/PybLQoluYf http://t.co/iufQCGqFGV\u201d #cdnpoli", "type": "direct_reply"}, {"index": 18, "attribution": 0.0032385797989426717, "content_attribution": 0.0005841314819784033, "stance_attribution": 0.0026544483169642676, "tweet_id": 524931844383735808, "text": "\u201c@CP24: Soldier shot at National War Memorial in Ottawa http://t.co/helCn5c68a http://t.co/1cPM1hPoOV\u201d OH CANADA! Get your guard up!", "type": "direct_reply"}, {"index": 9, "attribution": 0.0023467573675939246, "content_attribution": -6.046592604510598e-05, "stance_attribution": 0.002407223293639029, "tweet_id": 524931687579652096, "text": "\u201c@CP24: Soldier shot at National War Memorial in Ottawa http://t.co/VF3UlRVHV5 http://t.co/wt0ixrrTvK\u201d special place in hell for this prick", "type": "direct_reply"}, {"index": 3, "attribution": 0.0020862495757194483, "content_attribution": -0.00014006981899879445, "stance_attribution": 0.0022263193947182425, "tweet_id": 524930159397580800, "text": "\u201c@CP24: Soldier shot at National War Memorial in Ottawa http://t.co/3mCW43eaDd http://t.co/bYd1g4bEpE\u201d", "type": "direct_reply"}, {"index": 14, "attribution": 0.002034509460128957, "content_attribution": 0.00024343685124490844, "stance_attribution": 0.0017910726088840483, "tweet_id": 524930603851190272, "text": "Scary scene unfolding in Ottawa \u201c@CP24: Soldier shot at National War Memorial in Ottawa http://t.co/jip22VuGbA http://t.co/WrxI0DV8ym\u201d", "type": "direct_reply"}, {"index": 16, "attribution": -0.00045383226332014817, "content_attribution": 0.001140859216011147, "stance_attribution": -0.0015946914793312922, "tweet_id": 524930057606029312, "text": "@CP24 wtf", "type": "direct_reply"}, {"index": 5, "attribution": -0.0026236722478413725, "content_attribution": 0.0036248463701770476, "stance_attribution": -0.006248518618018424, "tweet_id": 524942114283851776, "text": "@CP24  Pray that everyone will be safe.", "type": "direct_reply"}, {"index": 17, "attribution": -0.0031317788047897097, "content_attribution": 0.003482280309521, "stance_attribution": -0.0066140591143107105, "tweet_id": 524931845335826433, "text": "@CP24 ARE THE FORDS OKAY", "type": "direct_reply"}, {"index": 13, "attribution": -0.007601780451355806, "content_attribution": -0.00011595615253573113, "stance_attribution": -0.007485824298820075, "tweet_id": 524930340507615232, "text": "@CP24 our prayers go out to the family of the soldier. These people are so pathetic to want to hurt anyone in our beautiful Canada .", "type": "direct_reply"}, {"index": 15, "attribution": -0.011335404731122267, "content_attribution": 0.016438521943181794, "stance_attribution": -0.027773926674304058, "tweet_id": 524931259391545344, "text": "@CP24 speechless, this is the second attack to our armed forces in one week. Smh", "type": "direct_reply"}, {"index": 6, "attribution": -0.018629446582488655, "content_attribution": -0.023341149717814078, "stance_attribution": 0.004711703135325422, "tweet_id": 524930635375603712, "text": "@CP24 I hope everyone is alright and they find whoever did this.", "type": "direct_reply"}, {"index": 11, "attribution": -0.028830755673857546, "content_attribution": -0.0029559780512116015, "stance_attribution": -0.025874777622645947, "tweet_id": 524933855095320576, "text": "\u201c@CP24: Soldier shot at National War Memorial in Ottawa http://t.co/WkR3ApVyEV http://t.co/TDUAiq0enm\u201d I hate people", "type": "direct_reply"}, {"index": 8, "attribution": -0.03894049444697363, "content_attribution": 0.011981079444968522, "stance_attribution": -0.05092157389194216, "tweet_id": 524930754397351938, "text": "@CP24 Please tell me the Police took care of him/her with an empty magazine in return fire!!!", "type": "direct_reply"}]}