{"thread_id": "524943012602716160", "gold_label": 2, "predicted_label": 0, "tweet_attributions": [{"index": 0, "attribution": 0.1004343261211949, "content_attribution": -0.05021643956831699, "stance_attribution": 0.1506507656895119, "tweet_id": 524943012602716160, "text": "OTTAWA! Sending postive vibes. Stay away from rooftops and windows in downtown. Shooter still in Parliament Hill: http://t.co/WzBRh1x9sq", "type": "source"}, {"index": 9, "attribution": 0.024653576878339377, "content_attribution": 0.004224468775090311, "stance_attribution": 0.020429108103249067, "tweet_id": 524943489671634946, "text": "@ThatKevinSmith it's pretty scary up here Kevin, all on lockdown.", "type": "direct_reply"}, {"index": 10, "attribution": 0.021615513356139662, "content_attribution": 0.005634836809240613, "stance_attribution": 0.015980676546899053, "tweet_id": 524943477797552128, "text": "@ThatKevinSmith One gunman down, other supposedly still on run, shots fired.", "type": "direct_reply"}, {"index": 5, "attribution": 0.007772155099684283, "content_attribution": -1.995391478981255e-06, "stance_attribution": 0.0077741504911632625, "tweet_id": 524944516919603200, "text": "@ThatKevinSmith Thanks for caring about us Hosers.  \ud83d\udc9c", "type": "direct_reply"}, {"index": 3, "attribution": 0.0012412194697997091, "content_attribution": 0.001310552162743667, "stance_attribution": -6.933269294396053e-05, "tweet_id": 524944278125285376, "text": "@ThatKevinSmith Thanks for the info.", "type": "direct_reply"}, {"index": 6, "attribution": -0.002058116067346063, "content_attribution": 0.0012365877431941908, "stance_attribution": -0.003294703810540254, "tweet_id": 524943732190490624, "text": "@ThatKevinSmith : all on lockdown here. Praying this gets sorted ASAP.", "type": "direct_reply"}, {"index": 12, "attribution": -0.002122752097734028, "content_attribution": 0.006825126068212041, "stance_attribution": -0.008947878165946072, "tweet_id": 524943517781479424, "text": "@ThatKevinSmith same here send up prayers for all.", "type": "direct_reply"}, {"index": 14, "attribution": -0.0024354214014306965, "content_attribution": -0.012005106826950098, "stance_attribution": 0.0095696854255194, "tweet_id": 524943336961212417, "text": "@ThatKevinSmith Oh no. How awful.", "type": "direct_reply"}, {"index": 11, "attribution": -0.005231156602027534, "content_attribution": 0.0020407335326872206, "stance_attribution": -0.007271890134714756, "tweet_id": 524943289146146817, "text": "@ThatKevinSmith Im a block away from the shooting area. Its a gong show out there. Be safe everyone!!!  #ottawa #shooting", "type": "direct_reply"}, {"index": 4, "attribution": -0.005316992922920274, "content_attribution": -0.00032983289796607797, "stance_attribution": -0.004987160024954196, "tweet_id": 524943786615795712, "text": "@ThatKevinSmith stay low and dont \"skyline\"yourselves. Watch a few shows/listen to a podcast or two *Know anyone who does one?* be safe", "type": "direct_reply"}, {"index": 13, "attribution": -0.005526055807189213, "content_attribution": 0.0010976033164621665, "stance_attribution": -0.0066236591236513796, "tweet_id": 524943582143471616, "text": "@ThatKevinSmith thanks Kev, we appreciate the love. Still a few gunmen at large", "type": "direct_reply"}, {"index": 2, "attribution": -0.0072969137230231, "content_attribution": -0.0004622735404097207, "stance_attribution": -0.006834640182613379, "tweet_id": 524943663734861827, "text": "@ThatKevinSmith This is lunacy.  This shit just doesn't happen in Canada.  Please let this be the galvanizing incident that unifies us.", "type": "direct_reply"}, {"index": 16, "attribution": -0.007362572778241754, "content_attribution": 0.0009515817889680952, "stance_attribution": -0.008314154567209851, "tweet_id": 524943615010037760, "text": "@ThatKevinSmith thanks for caring! You're welcome here anytime", "type": "direct_reply"}, {"index": 1, "attribution": -0.008783481699683625, "content_attribution": -0.00016203208425090584, "stance_attribution": -0.008621449615432722, "tweet_id": 524943428254453762, "text": "@ThatKevinSmith thanks for the tweet. You're the only US celeb I've seen say anything. You're incredible #Ottawa #staysafe", "type": "direct_reply"}, {"index": 8, "attribution": -0.011511655952477436, "content_attribution": 0.005939558101855692, "stance_attribution": -0.017451214054333124, "tweet_id": 524943493459087360, "text": "@ThatKevinSmith it's pretty intense in Ottawa, a lot of people don't even know what happening. I can hear the sirens from Algonquin College.", "type": "direct_reply"}, {"index": 7, "attribution": -0.01246373468081369, "content_attribution": -0.0003991303761087188, "stance_attribution": -0.012064604304704971, "tweet_id": 524943217910095872, "text": "@ThatKevinSmith damn. there goes my kite-flying lunch", "type": "direct_reply"}, {"index": 15, "attribution": -0.023764909969720784, "content_attribution": -0.012408149389586665, "stance_attribution": -0.011356760580134122, "tweet_id": 524943543392276480, "text": "@ThatKevinSmith Office is on lockdown and the perimeter keeps moving further and further- awful freaky around here.", "type": "direct_reply"}]}