{"thread_id": "524941504796962816", "gold_label": 0, "predicted_label": 2, "tweet_attributions": [{"index": 30, "attribution": 3.2816493014319406, "content_attribution": -0.017710007398944877, "stance_attribution": 3.2993593088308857, "tweet_id": 524947382338076672, "text": "@spaveycracker I hope you're indoors now. Supposedly message went out to stay away from windows, stay inside, etc.", "type": "lower_reply"}, {"index": 7, "attribution": 2.222915788766958, "content_attribution": 0.004399486194420156, "stance_attribution": 2.218516302572538, "tweet_id": 524949280889794562, "text": "@catekustanczy we got the hell out of there when we saw the massive swat team trucks. Knew it was not good.", "type": "lower_reply"}, {"index": 6, "attribution": 1.5863373707132795, "content_attribution": 0.006389370996059086, "stance_attribution": 1.5799479997172206, "tweet_id": 524942205530935298, "text": "@catekustanczy you should've seen it. Dozens of emerg vehicles. I was 3 blocks away, knew something bad was happening.", "type": "lower_reply"}, {"index": 12, "attribution": 0.6585617004676085, "content_attribution": 0.04298489646078623, "stance_attribution": 0.6155768040068222, "tweet_id": 524949469830578176, "text": "@spaveycracker good. Glad you're safe. x", "type": "lower_reply"}, {"index": 20, "attribution": 0.42088912789068816, "content_attribution": 0.005846589856409184, "stance_attribution": 0.41504253803427904, "tweet_id": 524943353323220992, "text": "@CBCNews Canada is known around the world as one of the most tolerant nations in the world towards all races and religions.", "type": "direct_reply"}, {"index": 10, "attribution": 0.14729854902519257, "content_attribution": 0.004913343789385216, "stance_attribution": 0.14238520523580736, "tweet_id": 524967835353632769, "text": "@phouse123 @LIVE_COVERAGE @CBCNews that is true, but I know there will be rethinking about how open Canada will be", "type": "lower_reply"}, {"index": 19, "attribution": 0.09470298622602216, "content_attribution": 0.07319393604316023, "stance_attribution": 0.02150905018286194, "tweet_id": 524949681093484544, "text": "@catekustanczy it's just awful. I can't believe it.", "type": "lower_reply"}, {"index": 23, "attribution": 0.07359818509355782, "content_attribution": 0.038125274188615346, "stance_attribution": 0.03547291090494249, "tweet_id": 524964313417928706, "text": "@RJennromao @CBCNews @OROSAMARIA #Islamic_State\nMessage from Mujahid\nhttp://t.co/fq0T6xffRr", "type": "lower_reply"}, {"index": 13, "attribution": 0.039283375028794296, "content_attribution": 0.036707967932256766, "stance_attribution": 0.0025754070965375263, "tweet_id": 524967764445122561, "text": "\u201c@GHOST22223:@RJennromao @CBCNews  #Islamic_State\nMujahid http://t.co/rWJEjEIwri\u201d @cbcsaltzman @omarcbc @josh_wingrove who are these clowns?", "type": "lower_reply"}, {"index": 24, "attribution": 0.032477442362615266, "content_attribution": 0.022826926476257937, "stance_attribution": 0.00965051588635733, "tweet_id": 524950064582893569, "text": "@spaveycracker (&amp; yes it's horrible &amp; depressing.)", "type": "lower_reply"}, {"index": 17, "attribution": 0.03083997207010501, "content_attribution": 0.021482575245266883, "stance_attribution": 0.009357396824838125, "tweet_id": 524949967707045888, "text": "@spaveycracker hate to say it, but... Canada is not immune. Canadians like to think we are so above violence, but... not in this world, no.", "type": "lower_reply"}, {"index": 15, "attribution": 0.018455895981771817, "content_attribution": 0.020623110167211675, "stance_attribution": -0.0021672141854398577, "tweet_id": 524944128648695809, "text": "\u201c@GHOST22223: @CBCNews #Islamic_State\nMessage from Mujahid\nhttp://t.co/Rdvj1f2rkG\n#ISIS\u201d what is this? @OROSAMARIA I can't read it ???", "type": "lower_reply"}, {"index": 11, "attribution": 0.005854404792416644, "content_attribution": -0.0008549221407295881, "stance_attribution": 0.006709326933146232, "tweet_id": 524943023441203200, "text": "@CBCNews cue the lefty \"the worst part about terrorism is the risk of islamophobia\"", "type": "direct_reply"}, {"index": 8, "attribution": 0.0022854881942743783, "content_attribution": 0.00207288905157323, "stance_attribution": 0.00021259914270114783, "tweet_id": 524950853330165761, "text": "@catekustanczy I caught myself after pressing the button. I can certainly believe it. You're right.", "type": "lower_reply"}, {"index": 21, "attribution": 0.0013628851615764318, "content_attribution": 0.0012339820725449384, "stance_attribution": 0.00012890308903149375, "tweet_id": 524942382077599744, "text": "@CBCNews I don't care if he's a terrorist or a nut job.. If he killed a soldier put a bullet in his head.", "type": "direct_reply"}, {"index": 14, "attribution": 0.0006743197322643846, "content_attribution": 0.0004688428379659706, "stance_attribution": 0.00020547689429841327, "tweet_id": 524944322354216960, "text": "@joebentstone @CBCNews yeah why blame the shooter, when you can cast a nation as a boogie man.", "type": "lower_reply"}, {"index": 4, "attribution": 0.0006074099276327393, "content_attribution": -1.5069981145221404e-05, "stance_attribution": 0.0006224799087779608, "tweet_id": 524947241010995201, "text": "@CBCNews", "type": "direct_reply"}, {"index": 5, "attribution": 0.0004563950493424703, "content_attribution": -0.0021949320847142652, "stance_attribution": 0.0026513271340567347, "tweet_id": 524955504758779905, "text": "@TheGreatKnuckle @catekustanczy frightening scene this morning.", "type": "lower_reply"}, {"index": 9, "attribution": 0.00042629946651425365, "content_attribution": 0.00045977919636711767, "stance_attribution": -3.3479729852864e-05, "tweet_id": 524948096065609730, "text": "@CBCNews nice to know same paramilitary response common in great white north", "type": "direct_reply"}, {"index": 16, "attribution": 0.00030449236773415683, "content_attribution": -0.00033185236944304993, "stance_attribution": 0.0006363447371772068, "tweet_id": 524943376630956032, "text": "@CBCNews @OttawaMorning. God bless our soldiers &amp; keep them safe", "type": "direct_reply"}, {"index": 29, "attribution": -0.0007134953481245245, "content_attribution": -0.0006866306343023992, "stance_attribution": -2.686471382212537e-05, "tweet_id": 524943690251636736, "text": "@CBCNews I refuse to allow radical elements to negatively influence what makes us Canadian even with the rage I am feeling at this moment.", "type": "direct_reply"}, {"index": 1, "attribution": -0.000714460377325053, "content_attribution": -3.468999031805718e-05, "stance_attribution": -0.0006797703870069959, "tweet_id": 524942648969555968, "text": "In Canada-how very sad! MT \u201c@CBCNews: BREAKING Parliament Hill attacked, soldier shot http://t.co/i1xPCR8sDq http://t.co/VRRaTnLAgb\u201d", "type": "direct_reply"}, {"index": 28, "attribution": -0.0007708757696196305, "content_attribution": 8.748166046067409e-05, "stance_attribution": -0.0008583574300803043, "tweet_id": 524942663624433664, "text": "\u201c@CBCNews: BREAKING NEWS PHOTO GALLERY: Parliament Hill attacked, soldier shot at National War Memorial:\"Pray for this soldier\"", "type": "direct_reply"}, {"index": 25, "attribution": -0.0028416307960366922, "content_attribution": -0.0002278736578509731, "stance_attribution": -0.0026137571381857185, "tweet_id": 524959177454915584, "text": "@spaveycracker @TheGreatKnuckle yes. And yes. Glad you and yours are okay.", "type": "lower_reply"}, {"index": 18, "attribution": -0.016140265998592227, "content_attribution": -0.0002237812118657208, "stance_attribution": -0.015916484786726505, "tweet_id": 524943653224337409, "text": "@CBCNews was the soldier who was shot just injured or killed?  what's the update on the victim?", "type": "direct_reply"}, {"index": 27, "attribution": -0.02911085576315348, "content_attribution": -0.0014644919897648502, "stance_attribution": -0.027646363773388628, "tweet_id": 524968320584654848, "text": "@zimsmz @LIVE_COVERAGE @CBCNews @pmharper that's just assisnine!", "type": "lower_reply"}, {"index": 2, "attribution": -0.03487286480717905, "content_attribution": 0.03880702462717747, "stance_attribution": -0.07367988943435652, "tweet_id": 524941906808438784, "text": "RT @CBCNews BREAKING NEWS PHOTO GALLERY: Parliament Hill attacked, soldier shot at National War Memorial http://t.co/g3koP16XDi", "type": "direct_reply"}, {"index": 26, "attribution": -0.03774615520771838, "content_attribution": 0.0029779367136026514, "stance_attribution": -0.04072409192132103, "tweet_id": 524981109172740096, "text": "@katmchin @LIVE_COVERAGE @CBCNews Agreed. All the more reason why we can never relent in our resolve to maintain principles that define us.", "type": "lower_reply"}, {"index": 3, "attribution": -0.041750496862387826, "content_attribution": 0.004062304169814978, "stance_attribution": -0.045812801032202796, "tweet_id": 524942052933783552, "text": "@CBCNews #Islamic_State\nMessage from Mujahid\nhttp://t.co/dSOluMUy6d\n#ISIS", "type": "direct_reply"}, {"index": 0, "attribution": -0.05657917532605289, "content_attribution": 0.046721416936077384, "stance_attribution": -0.10330059226213027, "tweet_id": 524941504796962816, "text": "BREAKING NEWS PHOTO GALLERY: Parliament Hill attacked, soldier shot at National War Memorial http://t.co/DWoevi7AZa http://t.co/0cSntg24dj", "type": "source"}, {"index": 22, "attribution": -0.06342621584209558, "content_attribution": -0.00012118055245652104, "stance_attribution": -0.06330503528963907, "tweet_id": 524947317674487808, "text": "@CBCNews Thanks to @pmharper for making #Canada a target for #isis Our warmongering PM couldn't wait to Bomb #Iraq &amp; #Syria Stop the bombing", "type": "direct_reply"}]}