{"thread_id": "524951314556796929", "gold_label": 1, "predicted_label": 2, "tweet_attributions": [{"index": 17, "attribution": 1.164836641548362, "content_attribution": 0.007002298206023403, "stance_attribution": 1.1578343433423386, "tweet_id": 524951737543966720, "text": "@cnnbrk @OttawaPolice three shooting sites: Rideau Center Mall, Canadian War Museum and Parliment. USA EMBASSY in Lockdown too in Ottawa.", "type": "direct_reply"}, {"index": 7, "attribution": 0.2279640619272071, "content_attribution": 0.011374684656339673, "stance_attribution": 0.21658937727086738, "tweet_id": 524951639799918593, "text": "@cnnbrk @OttawaPolice Wonder if the Islamist attack from yesterday is connected to this?", "type": "direct_reply"}, {"index": 3, "attribution": 0.1048013512031204, "content_attribution": 0.03892717217674847, "stance_attribution": 0.06587417902637194, "tweet_id": 524959428819550209, "text": "@Neiler_1 The Incident occurred at National War Memorial, not at the War Museum. @cnnbrk @OttawaPolice are correct", "type": "lower_reply"}, {"index": 14, "attribution": 0.035268733606072286, "content_attribution": -0.0005691206373068939, "stance_attribution": 0.03583785424337917, "tweet_id": 524951735476158464, "text": "@cnnbrk @OttawaPolice More and more this sounds like a planned terror attack. I don't like this. \ud83d\ude10", "type": "direct_reply"}, {"index": 12, "attribution": 0.015079413553614007, "content_attribution": 0.0008199390652909007, "stance_attribution": 0.014259474488323105, "tweet_id": 524952847168049152, "text": "@cnnbrk @OttawaPolice @BBCWorld @nbc @NBCNews @msnbc It was eminent for Canada being safe haven &amp; a sanctuary for these jihadis &amp; terrorists", "type": "direct_reply"}, {"index": 6, "attribution": 0.00929283719518274, "content_attribution": -0.004789233236389162, "stance_attribution": 0.014082070431571904, "tweet_id": 524952945419640833, "text": "@cnnbrk @OttawaPolice As per your TV coverage there were 2 individuals taken out of the bldg by protective cover", "type": "direct_reply"}, {"index": 16, "attribution": 0.00695062408899004, "content_attribution": 0.0003190517856639483, "stance_attribution": 0.006631572303326093, "tweet_id": 524953657641816064, "text": "@cnnbrk @OttawaPolice So Canadian soldiers get run down by radicalized person yesterday, and now this ...", "type": "direct_reply"}, {"index": 5, "attribution": 0.004277756149486374, "content_attribution": 0.0016062015528172419, "stance_attribution": 0.002671554596669132, "tweet_id": 524951778300026880, "text": "@cnnbrk  Dramatic video of gunfire inside hallways of Parliament Hill. (The Globe and Mail) http://t.co/KypG0AbZ8U http://t.co/KVfY7cUuKd", "type": "direct_reply"}, {"index": 11, "attribution": 0.0027975873194965046, "content_attribution": -1.179965732444029e-05, "stance_attribution": 0.002809386976820944, "tweet_id": 524951369611239424, "text": "@cnnbrk \u064a\u0627\u0628\u0646\u0627\u062a \u0646\u0628\u064a \u0641\u0632\u0639\u062a\u0643\u0645 - \u0647\u0646\u0627  @Question_arab", "type": "direct_reply"}, {"index": 2, "attribution": 0.0016371548886430134, "content_attribution": -4.255642714508887e-05, "stance_attribution": 0.0016797113157881024, "tweet_id": 524951385297911808, "text": "@cnnbrk \u0646\u0641\u0633\u064a \u0627\u0639\u0631\u0641 \u0644\u064a\u0634 \u0627\u0644\u0648\u0644\u064a\u062f \u0628\u0646 \u0637\u0644\u0627\u0644 \u0645\u062a\u0627\u0628\u0639 \u0630\u0627 \u0627\u0644\u062d\u0633\u0627\u0628 \u061f - @Question_arab", "type": "direct_reply"}, {"index": 15, "attribution": 0.001250029750640714, "content_attribution": 0.0007865372518412793, "stance_attribution": 0.0004634924987994345, "tweet_id": 524952509366800385, "text": "@cnnbrk Site is hard to reach right now.", "type": "direct_reply"}, {"index": 18, "attribution": 0.0008649233433920837, "content_attribution": -0.000103965535585315, "stance_attribution": 0.0009688888789773985, "tweet_id": 524951365119131648, "text": "@cnnbrk \u0627\u0646\u062a \u0645\u062b\u0642\u0641 \u061f \u062a\u062d\u0633 \u0646\u0641\u0633\u0643 \u0645\u062b\u0642\u0641 \u061f \u062a\u0639\u0627\u0644 \u0647\u0627\u0644\u062d\u0633\u0627\u0628 - @Question_arab", "type": "direct_reply"}, {"index": 1, "attribution": 0.0002451057240632345, "content_attribution": 0.03662202347957032, "stance_attribution": -0.03637691775550707, "tweet_id": 524951840266649600, "text": "@Nikos817 @cnnbrk @OttawaPolice I'm wondering too.", "type": "lower_reply"}, {"index": 10, "attribution": 0.00015709624260598328, "content_attribution": 0.0007652900030936335, "stance_attribution": -0.0006081937604876498, "tweet_id": 524951489929031680, "text": "@cnnbrk @OttawaPolice Footage from shooting https://t.co/JtjRfr8HUD", "type": "direct_reply"}, {"index": 8, "attribution": -3.0449202194109647e-05, "content_attribution": 0.0004251822125647626, "stance_attribution": -0.0004556314147588724, "tweet_id": 524951376443740160, "text": "@cnnbrk \u062d\u0633\u0627\u0628 \u0627\u0633\u0626\u0644\u0629 \u0627\u062a\u0645\u0646\u0649 \u0645\u0646 \u0627\u0644\u0646\u0627\u0633 \u062a\u062f\u0639\u0645\u0647 - @Question_arab", "type": "direct_reply"}, {"index": 4, "attribution": -0.0010932727155161246, "content_attribution": 1.4620199808529808e-05, "stance_attribution": -0.0011078929153246543, "tweet_id": 524951371905527808, "text": "@cnnbrk \u0642\u0644\u064a\u0644 \u0645\u0646 \u064a\u0633\u062a\u062d\u0642 \u0627\u0644\u0645\u062a\u0627\u0628\u0639\u0647 \u0645\u062b\u0644 \u0647\u0627\u0644\u062d\u0633\u0627\u0628 - @Question_arab", "type": "direct_reply"}, {"index": 13, "attribution": -0.0011436770160480599, "content_attribution": -0.0037283027721934127, "stance_attribution": 0.002584625756145352, "tweet_id": 524953261191999488, "text": "@cnnbrk @OttawaPolice our police are doing an axing job protecting us still might be a shooter at large", "type": "direct_reply"}, {"index": 19, "attribution": -0.0021051326150072643, "content_attribution": -0.0005607775822631794, "stance_attribution": -0.0015443550327440849, "tweet_id": 524951367396630528, "text": "@cnnbrk \u0627\u0646\u062a \u062c\u0627\u0647\u0644 \u061f \u062a\u0628\u064a \u062a\u0635\u064a\u0631 \u0645\u062b\u0642\u0641 \u061f \u062a\u0639\u0627\u0644 \u0647\u0646\u0627 @Question_arab", "type": "direct_reply"}, {"index": 9, "attribution": -0.003592129936286873, "content_attribution": -0.0010394522529910445, "stance_attribution": -0.0025526776832958268, "tweet_id": 524951715989446656, "text": "@cnnbrk @OttawaPolice oh no, my favorite city! #sosad", "type": "direct_reply"}, {"index": 0, "attribution": -0.5523266451442473, "content_attribution": 0.05849341619296061, "stance_attribution": -0.6108200613372079, "tweet_id": 524951314556796929, "text": ".@OttawaPolice: \"Incidents occurred at National War Memorial, near the Rideau Centre and Parliament Hill.\" Live blog: http://t.co/q98AMohu7T", "type": "source"}]}