{"thread_id": "524934941914968064", "gold_label": 0, "predicted_label": 2, "tweet_attributions": [{"index": 10, "attribution": 0.9234925905374579, "content_attribution": 0.006335840972119934, "stance_attribution": 0.9171567495653381, "tweet_id": 524935820059615232, "text": "@BBCBreaking damn.. I hope our Canadian friends are okay. They've been hanging out with the US for too long.", "type": "direct_reply"}, {"index": 9, "attribution": 0.06587599974627571, "content_attribution": 0.00010213744858273938, "stance_attribution": 0.06577386229769297, "tweet_id": 524943918740545536, "text": "@ryanhoussein @macgregor63 because Canada is attacking IS in coalition IS gave warning recently...", "type": "lower_reply"}, {"index": 20, "attribution": 0.05373946092753807, "content_attribution": -0.014456911470027825, "stance_attribution": 0.06819637239756589, "tweet_id": 524944403153297408, "text": "@ryanhoussein just search it they announced it clearly...", "type": "lower_reply"}, {"index": 13, "attribution": 0.051451451760279834, "content_attribution": 0.05784256240072006, "stance_attribution": -0.006391110640440222, "tweet_id": 524946139938693120, "text": "@ryanhoussein @BBCBreaking It was implied by your statement ..irrespective of whatever Canadian govt does..it doesn't give right to kill", "type": "lower_reply"}, {"index": 3, "attribution": 0.04518867554526525, "content_attribution": 0.0003800730090278518, "stance_attribution": 0.04480860253623739, "tweet_id": 524938020802547712, "text": "@macgregor63 why?", "type": "lower_reply"}, {"index": 17, "attribution": 0.03148842007057394, "content_attribution": 0.0008833485942509613, "stance_attribution": 0.03060507147632298, "tweet_id": 524942123117068288, "text": "RT @BBCBreaking: Scene outside Canada's parliament where soldier shot by gunman at National War Memorial, http://t.co/JUBhmrMTnS", "type": "direct_reply"}, {"index": 21, "attribution": 0.019038479865173288, "content_attribution": -0.00456958493533713, "stance_attribution": 0.023608064800510413, "tweet_id": 524939967618097152, "text": "@macgregor63 I know. It was just a joke about how they're our neighbor so our bad behavior is rubbing off on the good kid next door.", "type": "lower_reply"}, {"index": 8, "attribution": 0.012329248648997603, "content_attribution": -0.00013043336241866436, "stance_attribution": 0.012459682011416269, "tweet_id": 524938281910149120, "text": "@BBCBreaking", "type": "direct_reply"}, {"index": 7, "attribution": 0.010537351433475466, "content_attribution": -0.002429526543396384, "stance_attribution": 0.012966877976871849, "tweet_id": 524937640567910400, "text": "@BBCBreaking We are self-destructing and we will cause our own demise and that will be the end of humanity.  I swear we're going to the", "type": "direct_reply"}, {"index": 16, "attribution": 0.010325823972628963, "content_attribution": -0.00015495883029150077, "stance_attribution": 0.010480782802920464, "tweet_id": 524935524159881216, "text": "@BBCBreaking", "type": "direct_reply"}, {"index": 6, "attribution": 0.0038214527546014156, "content_attribution": 0.0008360290135795729, "stance_attribution": 0.002985423741021843, "tweet_id": 524937175151161344, "text": "@BBCBreaking peaceful nation.  This is not cool.  I think people are just over-the-top filled so much anger and anxiety that they are", "type": "direct_reply"}, {"index": 12, "attribution": 0.003204288098334564, "content_attribution": 0.0008012209298878742, "stance_attribution": 0.0024030671684466902, "tweet_id": 524937011871117312, "text": "@BBCBreaking @AlexisPavlich - are you ok? was this where you work?? Terrible news:-(", "type": "direct_reply"}, {"index": 4, "attribution": 0.002949845773865146, "content_attribution": 0.00011899388526831897, "stance_attribution": 0.002830851888596828, "tweet_id": 524937496904617985, "text": "@BBCBreaking snapping, left and right.  This is what happens when a species lives for thousands of years, it goes crazy!", "type": "direct_reply"}, {"index": 11, "attribution": 0.00150132013613416, "content_attribution": 0.00018120870246777934, "stance_attribution": 0.0013201114336663807, "tweet_id": 524935582464868352, "text": "@BBCBreaking PLEASE SIGN &amp; RT UK\n\nFOLLOW @justiceforBigAl \n\nhttp://t.co/Ig6pyUfNVd\n\nhttp://t.co/uVSThNo4gU\n\n#FreeMarineA", "type": "direct_reply"}, {"index": 1, "attribution": 0.0013794528174836704, "content_attribution": 0.00030200000855522345, "stance_attribution": 0.0010774528089284472, "tweet_id": 524936027408846850, "text": "\u201c@BBCBreaking: Scene outside Canada's parliament where soldier shot by gunman at National War Memorial. -Canada has a war memorial?!?", "type": "direct_reply"}, {"index": 22, "attribution": 0.001321804503653987, "content_attribution": -8.667574645600399e-05, "stance_attribution": 0.0014084802501099904, "tweet_id": 524937186865868800, "text": "@BBCBreaking another one @glorytotheboys", "type": "direct_reply"}, {"index": 14, "attribution": -0.0011708162158436761, "content_attribution": -0.0012999284883049443, "stance_attribution": 0.00012911227246126814, "tweet_id": 524937144889262080, "text": "@BBCBreaking @911BreakingNow In Gina's Dream, the story of earth is coming true.....Save our planet...http://t.co/ETY8isEJx8", "type": "direct_reply"}, {"index": 5, "attribution": -0.0013944458342529551, "content_attribution": -3.3721876566146984e-06, "stance_attribution": -0.001391073646596341, "tweet_id": 524937004916936704, "text": "@BBCBreaking Wow, this is crazy.  I can't believe Canada is having nasty issues like us over here in America.  Not cool.  Canada is", "type": "direct_reply"}, {"index": 19, "attribution": -0.0020087562221546883, "content_attribution": -0.0003555292193749317, "stance_attribution": -0.0016532270027797566, "tweet_id": 524944226032050176, "text": "@4Humanity2869 no shit? Didn't see that. That's scary.", "type": "lower_reply"}, {"index": 18, "attribution": -0.003092781744644467, "content_attribution": -0.00019800420761473085, "stance_attribution": -0.002894777537029736, "tweet_id": 524935507831439361, "text": "@BBCBreaking Live updates from here\nhttp://t.co/s7O7kPgd5i", "type": "direct_reply"}, {"index": 15, "attribution": -0.004179103617607386, "content_attribution": -0.0001441909017531973, "stance_attribution": -0.004034912715854188, "tweet_id": 524937734050570240, "text": "@BBCBreaking Mad Max way of life, it will be a rogue society.", "type": "direct_reply"}, {"index": 2, "attribution": -0.0044944533904086445, "content_attribution": 0.0003704663234027389, "stance_attribution": -0.004864919713811384, "tweet_id": 524938783683538944, "text": "@BBCBreaking disgraceful! Hope he recovers soon x", "type": "direct_reply"}, {"index": 0, "attribution": -0.4906909117489672, "content_attribution": 0.08125402422449689, "stance_attribution": -0.5719449359734642, "tweet_id": 524934941914968064, "text": "Scene outside Canada's parliament where soldier shot by gunman at National War Memorial, http://t.co/t1HQMYQ6QB http://t.co/bMzDnPL1NX", "type": "source"}]}