{"thread_id": "524943504192311296", "gold_label": 0, "predicted_label": 0, "tweet_attributions": [{"index": 2, "attribution": 0.09631871943281009, "content_attribution": 0.018657416668248966, "stance_attribution": 0.07766130276456114, "tweet_id": 524946192342720512, "text": "@ClaudiaCTV @ctvottawa classrooms are but buildings aren't?", "type": "direct_reply"}, {"index": 0, "attribution": 0.09435909380654994, "content_attribution": 0.044507596001550964, "stance_attribution": 0.049851497804998965, "tweet_id": 524943504192311296, "text": "All Ottawa police stations are closed. University of Ottawa in lockdown. Campus closed.", "type": "source"}, {"index": 1, "attribution": 0.011091353204068025, "content_attribution": 0.0110060939992067, "stance_attribution": 8.525920486132828e-05, "tweet_id": 524950243864244224, "text": "\u201c@ClaudiaCTV: All Ottawa police stations are closed. University of Ottawa in lockdown. Campus closed.\u201d #OHSTF", "type": "direct_reply"}, {"index": 3, "attribution": 0.008674209095273444, "content_attribution": 0.01683239634996988, "stance_attribution": -0.008158187254696438, "tweet_id": 524949556304551937, "text": "\u201c@ClaudiaCTV: All Ottawa police stations are closed. University of Ottawa in lockdown. Campus closed.\u201d", "type": "direct_reply"}]}