{"thread_id": "524970731202166784", "gold_label": 0, "predicted_label": 2, "tweet_attributions": [{"index": 0, "attribution": 0.16687781205013974, "content_attribution": -0.036448550054328815, "stance_attribution": 0.20332636210446858, "tweet_id": 524970731202166784, "text": "#BREAKING Canadian officials: Soldier shot in Ottawa has died http://t.co/ddbmihjxGB", "type": "source"}, {"index": 5, "attribution": 0.050646290262473664, "content_attribution": -0.0034293549892383205, "stance_attribution": 0.054075645251712, "tweet_id": 524974987237933056, "text": "Incredible. Just heartbreaking. RT@USATODAY: #BREAKING Canadian officials: Soldier shot in Ottawa has died http://t.co/WxE0lsIaBb", "type": "direct_reply"}, {"index": 2, "attribution": 0.02132015650105537, "content_attribution": -0.0013664985641913797, "stance_attribution": 0.022686655065246752, "tweet_id": 524973155182325760, "text": "#SoSad #thoughtsandprayers for #Ottawa | RT @USATODAY #BREAKING Canadian officials: Soldier shot in Ottawa has died http://t.co/US1jtVn26v", "type": "direct_reply"}, {"index": 8, "attribution": 0.006716359313122372, "content_attribution": 0.002469458856612091, "stance_attribution": 0.004246900456510281, "tweet_id": 524972553337864192, "text": "@USATODAY @Marykayb63  R.I.P. @msnbc", "type": "direct_reply"}, {"index": 7, "attribution": 0.003836729113871736, "content_attribution": 0.005021090605628364, "stance_attribution": -0.001184361491756629, "tweet_id": 524971300767662081, "text": "@USATODAY he should have! They fired a million shots at the suspect. Missing him would have been a disgrace for those cops", "type": "direct_reply"}, {"index": 3, "attribution": 0.003378528920049073, "content_attribution": 0.01841188022510646, "stance_attribution": -0.015033351305057388, "tweet_id": 524973807677632512, "text": "@USATODAY has there been any reports about if the shooter or shooters being  shot or captured?", "type": "direct_reply"}, {"index": 4, "attribution": 0.0014562976343136431, "content_attribution": -0.001714886887236747, "stance_attribution": 0.0031711845215503893, "tweet_id": 524976625142624257, "text": "@USATODAY oh no", "type": "direct_reply"}, {"index": 6, "attribution": -0.0058456317400805, "content_attribution": -0.0012224871593232878, "stance_attribution": -0.00462314458075721, "tweet_id": 524970866208415744, "text": "@USATODAY oh, so sorry...", "type": "direct_reply"}, {"index": 1, "attribution": -0.02988126867565792, "content_attribution": -0.00098240936932202, "stance_attribution": -0.0288988593063359, "tweet_id": 524973125407367168, "text": "@USATODAY Please God, let him now rest in peace.", "type": "direct_reply"}]}