{"thread_id": "524985687704338432", "gold_label": 1, "predicted_label": 0, "tweet_attributions": [{"index": 0, "attribution": 0.2109172908051446, "content_attribution": -0.01280796998061291, "stance_attribution": 0.2237252607857575, "tweet_id": 524985687704338432, "text": "Updated: The shooting incident in Ottawa had the appearance of a coordinated attack http://t.co/brn047wYz8 http://t.co/rfCQHTUPft", "type": "source"}, {"index": 3, "attribution": 0.0292782943896654, "content_attribution": 0.006577525473217986, "stance_attribution": 0.022700768916447407, "tweet_id": 525090861814939648, "text": "Thoughts to all those in Ottawa \ud83c\udf41\nMT @nytimes: Shooting incident in Ottawa had the appearance of a coordinated attack http://t.co/5uMbkNj47b", "type": "direct_reply"}, {"index": 20, "attribution": 0.025639079758785373, "content_attribution": -0.0132560784252971, "stance_attribution": 0.03889515818408248, "tweet_id": 525093770820595712, "text": "@DrChrisLongo So sad. #worldpeace http://t.co/zwVQh9L0fV", "type": "lower_reply"}, {"index": 13, "attribution": 0.017666516071774427, "content_attribution": 0.000787079694711401, "stance_attribution": 0.016879436377063028, "tweet_id": 525033549066289153, "text": "Troubling. \u201c@nytimes:shooting incident in #Ottawa had the appearance of a coordinated attack http://t.co/eQsCcSLKZp http://t.co/IO28x4CRgx\u201d", "type": "direct_reply"}, {"index": 4, "attribution": 0.010356429733678561, "content_attribution": -0.0003015379100544315, "stance_attribution": 0.010657967643732995, "tweet_id": 524991915704320000, "text": "@nytimes pretty poor and irresponsible reporting considering the RCMP just confirmed there was no shooting at the Rideau Center.", "type": "direct_reply"}, {"index": 15, "attribution": 0.009386486962866123, "content_attribution": 0.0006864027416359155, "stance_attribution": 0.008700084221230208, "tweet_id": 524992739402719233, "text": "@nytimes stop trying to drum up fear with your poor and misinformed 'conclusions'.", "type": "direct_reply"}, {"index": 10, "attribution": 0.005330839851625798, "content_attribution": 0.006013803177620548, "stance_attribution": -0.0006829633259947518, "tweet_id": 524996743633842176, "text": "@nytimes @ElizabethMay \"Had the appearance\". In other words, \"Don't know, but someone somewhere says\" #cdnoli", "type": "direct_reply"}, {"index": 17, "attribution": 0.00453960567770453, "content_attribution": 0.0003255351521244622, "stance_attribution": 0.0042140705255800685, "tweet_id": 524986867876659200, "text": "\u201c@nytimes: Updated:The shooting incident in Ottawa had the appearance of a coordinated attack http://t.co/QZgfWLLb01 http://t.co/nxsnUw3Ce9\u201d", "type": "direct_reply"}, {"index": 9, "attribution": 0.0035557605770928733, "content_attribution": 0.000166984967949545, "stance_attribution": 0.003388775609143329, "tweet_id": 524989492982476800, "text": "\"@nytimes: Updated The shooting incident in Ottawa had the appearance of a coordinated attack http://t.co/5XDQOq582u http://t.co/mLa3mS3YtM\"", "type": "direct_reply"}, {"index": 18, "attribution": 0.003540188800373558, "content_attribution": 0.002271607498687904, "stance_attribution": 0.001268581301685654, "tweet_id": 524987944307003393, "text": "@nytimes Oh. Even though we don't even know how many people with guns there were?   @Only4RM", "type": "direct_reply"}, {"index": 2, "attribution": 0.0030285530547112098, "content_attribution": 4.6832604560108845e-05, "stance_attribution": 0.002981720450151101, "tweet_id": 524987556837224449, "text": "RT @nytimes: Updated: shooting incident in Ottawa had the appearance of a coordinated attack http://t.co/Lwx0zvNNDk http://t.co/Qw1MqHuANE", "type": "direct_reply"}, {"index": 11, "attribution": 0.001897901336155696, "content_attribution": 0.00010973285393768006, "stance_attribution": 0.0017881684822180157, "tweet_id": 525001232554156032, "text": "Upsetting @nytimes: Updated: The shooting incident in Ottawa had the appearance of attack http://t.co/yAFXwKVbj6 http://t.co/Qx0McqUISg\u201d", "type": "direct_reply"}, {"index": 12, "attribution": 0.0018591291840386395, "content_attribution": 0.0008770120766904559, "stance_attribution": 0.0009821171073481835, "tweet_id": 524997114364170241, "text": "@nytimes @Sioflynn The worst piece of journalism I've seen today. Wow. Just wow. Seriously. #pukingwithrage #whatarag #beashamed", "type": "direct_reply"}, {"index": 8, "attribution": 0.00044090372625079163, "content_attribution": -5.7305448036084505e-05, "stance_attribution": 0.0004982091742868763, "tweet_id": 524986346171949056, "text": "MT @nytimes: Updated Shooting in Ottawa had appearance of coordinated attack http://t.co/qkNqmkybTb http://t.co/OKBViScjgu cc: @CarrieOh_77", "type": "direct_reply"}, {"index": 1, "attribution": -0.0014669487985890049, "content_attribution": -0.0007157858778922455, "stance_attribution": -0.0007511629206967598, "tweet_id": 524988472340512768, "text": "@nytimes Your map is completely mislabeled.", "type": "direct_reply"}, {"index": 6, "attribution": -0.0045125309990667615, "content_attribution": -0.0004958892700855443, "stance_attribution": -0.0040166417289812205, "tweet_id": 524992383679614977, "text": "@nytimes It has also been reported that the suspect shot victim at the war memorial and became trapped in parliament hill where he was shot.", "type": "direct_reply"}, {"index": 7, "attribution": -0.006282186604343848, "content_attribution": 0.00044150067331794236, "stance_attribution": -0.006723687277661789, "tweet_id": 524988940021792768, "text": "@nytimes it would have been more uncoordinated if there were no guns. Plastic sporks &amp; jelly beans would've dramatically slowed things down.", "type": "direct_reply"}, {"index": 5, "attribution": -0.006478025601446969, "content_attribution": -0.0003456015687478502, "stance_attribution": -0.006132424032699119, "tweet_id": 524996837317808128, "text": "@nytimes @libraryyeti ok just from the map I know your story's inaccurate. Rideau Centre/DND were locked down but NO ATTACK.", "type": "direct_reply"}, {"index": 19, "attribution": -0.00887507762074923, "content_attribution": -0.0007386298288827325, "stance_attribution": -0.008136447791866497, "tweet_id": 524995718147104768, "text": "Our hearts are with our Canadian brethren \u201c@nytimes: shooting incident in Ottawa http://t.co/QqVYVXuQ1R http://t.co/BuY18Klu7I\u201d", "type": "direct_reply"}, {"index": 14, "attribution": -0.020684168518535488, "content_attribution": -0.0005704614682574313, "stance_attribution": -0.020113707050278058, "tweet_id": 524986430800400385, "text": "@nytimes @brassardpatric1 Sadly typical. Don't they know we know?   #FalseFlag  #Fascists.", "type": "direct_reply"}, {"index": 16, "attribution": -0.030462766167993767, "content_attribution": 0.015422863357276865, "stance_attribution": -0.04588562952527063, "tweet_id": 524986755456704512, "text": "@nytimes your graphic and reports say otherwise. There was only one gunman who was in both locations. stop sensationalizing the tragedy.", "type": "direct_reply"}]}