{"thread_id": "524966770428243968", "gold_label": 0, "predicted_label": 0, "tweet_attributions": [{"index": 0, "attribution": 0.1732135691886887, "content_attribution": -0.004780212509189746, "stance_attribution": 0.1779937816978784, "tweet_id": 524966770428243968, "text": "#BREAKING: @kenneyjason confirms the soldier shot this morning has died, a Parliamentary Guard has also been wounded. #OttawaShooting", "type": "source"}, {"index": 2, "attribution": 0.06665178787272803, "content_attribution": -0.009880781874900319, "stance_attribution": 0.07653256974762834, "tweet_id": 524967834120912896, "text": "@newstalk1010 @LeafsKarl @kenneyjason  Omg...horrible!!!!", "type": "direct_reply"}, {"index": 1, "attribution": 0.03991919661546568, "content_attribution": -0.014600376906847684, "stance_attribution": 0.05451957352231336, "tweet_id": 524968571508895745, "text": "@newstalk1010 @kenneyjason Terrible, our thoughts with soldiers family", "type": "direct_reply"}, {"index": 3, "attribution": -0.02027188427750576, "content_attribution": -0.00938078567361644, "stance_attribution": -0.010891098603889322, "tweet_id": 524967490821308416, "text": "@newstalk1010 @kenneyjason this is NOT correct.", "type": "direct_reply"}, {"index": 4, "attribution": -0.049362997555816336, "content_attribution": -0.006296492888080102, "stance_attribution": -0.04306650466773622, "tweet_id": 524967138985910272, "text": "@newstalk1010 @kenneyjason I've seen that announcement has been retracted", "type": "direct_reply"}]}