{"thread_id": "524979946218061824", "gold_label": 0, "predicted_label": 0, "tweet_attributions": [{"index": 0, "attribution": 0.14506661668598483, "content_attribution": -0.09335221519819138, "stance_attribution": 0.23841883188417623, "tweet_id": 524979946218061824, "text": "Leafs-Sens game postponed after shootings on Parliament Hill http://t.co/19SAtvFFKT", "type": "source"}, {"index": 1, "attribution": 0.09867910292265697, "content_attribution": 0.0032344601198993914, "stance_attribution": 0.09544464280275758, "tweet_id": 524980348682530817, "text": "@CP24 stay safe", "type": "direct_reply"}, {"index": 2, "attribution": 0.026310396480431007, "content_attribution": -0.017956863200585624, "stance_attribution": 0.044267259681016635, "tweet_id": 525004559958425600, "text": "\u201c@CP24: Leafs-Sens game postponed after shootings on Parliament Hill http://t.co/EI7DW4cZ97\u201dwhat the fuuck \ud83d\ude33", "type": "direct_reply"}, {"index": 3, "attribution": -0.0018950042337710677, "content_attribution": -0.01747240850872249, "stance_attribution": 0.015577404274951419, "tweet_id": 524990917904977921, "text": "\u201c@CP24: Leafs-Sens game postponed after shootings on Parliament Hill http://t.co/LYqf6HMjan\u201d@bsampsz", "type": "direct_reply"}]}