{"thread_id": "524970851675176960", "gold_label": 2, "predicted_label": 2, "tweet_attributions": [{"index": 7, "attribution": 0.15870664035641313, "content_attribution": -0.0007118980853006639, "stance_attribution": 0.15941853844171378, "tweet_id": 525119258024767488, "text": "@CallMeRage @WSJLive u mad bro? Thought u was hard core", "type": "lower_reply"}, {"index": 0, "attribution": 0.15565155248900936, "content_attribution": 0.05089862413509025, "stance_attribution": 0.10475292835391907, "tweet_id": 524970851675176960, "text": "Canada's parliament building locked down after shooting; at least one guard injured: http://t.co/Nrsnlg2s04 Photo: AP http://t.co/qPXF4IF6aM", "type": "source"}, {"index": 1, "attribution": 0.08383847489932579, "content_attribution": -0.004457298494240971, "stance_attribution": 0.08829577339356676, "tweet_id": 525283443832541184, "text": "@CallMeRage @WSJLive pastel killer", "type": "lower_reply"}, {"index": 4, "attribution": 0.028693785198045923, "content_attribution": 0.007493569640187249, "stance_attribution": 0.021200215557858677, "tweet_id": 524973750694182912, "text": "@WSJLive @WSJ wishing them our best.", "type": "direct_reply"}, {"index": 5, "attribution": 0.028524774876322823, "content_attribution": 0.004323146798068133, "stance_attribution": 0.024201628078254697, "tweet_id": 524973778439528450, "text": "@WSJLive @WSJ ...you mean @ least 1 guard died", "type": "direct_reply"}, {"index": 8, "attribution": 0.024881776986228663, "content_attribution": 0.008279210178178651, "stance_attribution": 0.01660256680805001, "tweet_id": 524977026890211328, "text": "@WSJLive @Vaibhavgupta44 THIS IS A SMALL LESSON TO CANADA ON HUMAN RIGHTS ! WHAT IT WAS TRYING TO PREACH TO INDIA IN LAST 10 YRS!", "type": "direct_reply"}, {"index": 3, "attribution": 0.01619622242108223, "content_attribution": 0.004927662824602345, "stance_attribution": 0.011268559596479887, "tweet_id": 524973084596375553, "text": "RT @WSJLive  Canada's Parliament locked down after shooting; one guard injured: http://t.co/bpiwLvgM1A  Photo: AP http://t.co/93hlyvw95G", "type": "direct_reply"}, {"index": 2, "attribution": 0.012328216936191629, "content_attribution": 0.013148772211910407, "stance_attribution": -0.0008205552757187787, "tweet_id": 524972452464824320, "text": "@WSJLive @WSJ Lies and propaganda are traditionally the tools of theocracy, fascism, and totalitarianism.", "type": "direct_reply"}, {"index": 9, "attribution": -0.0011713133850388847, "content_attribution": 0.002659755382584787, "stance_attribution": -0.0038310687676236686, "tweet_id": 525120903064338432, "text": "@CallMeRage @WSJLive 2/10 would not wear", "type": "lower_reply"}, {"index": 6, "attribution": -0.054643267640441744, "content_attribution": -0.0029196827443408496, "stance_attribution": -0.05172358489610089, "tweet_id": 525118355964166144, "text": "@CallMeRage @WSJLive I can't hear you over the sound of our schools and movie theaters not being shot the fuck up", "type": "lower_reply"}]}