{"thread_id": "524948703850029056", "gold_label": 1, "predicted_label": 0, "tweet_attributions": [{"index": 0, "attribution": 0.22021917037331454, "content_attribution": -0.00016961794418072357, "stance_attribution": 0.22038878831749525, "tweet_id": 524948703850029056, "text": "BREAKING NEWS: Ottawa police confirm at least 3 separate shooting sites and multiple suspects -  http://t.co/lXFiYaVImZ", "type": "source"}, {"index": 2, "attribution": 0.13291184552985397, "content_attribution": 0.021414378094823446, "stance_attribution": 0.11149746743503053, "tweet_id": 524950746060431360, "text": "Oh Canada, that lone gunman is making the rounds. #punintended @PzFeed @LouisBrown16", "type": "direct_reply"}, {"index": 3, "attribution": 0.012778015896776126, "content_attribution": -0.000978430187604417, "stance_attribution": 0.01375644608438054, "tweet_id": 524949022243815425, "text": "\u201c@PzFeed: BREAKING NEWS: Ottawa police confirm at least 3 separate shooting sites and multiple suspects -  http://t.co/m0ecoYzyn5\u201d FFS", "type": "direct_reply"}, {"index": 1, "attribution": 0.012550156974333058, "content_attribution": -0.0005758667390940234, "stance_attribution": 0.013126023713427084, "tweet_id": 524949100379508736, "text": "BREAKING: Ottawa police confirm at least 3 separate shooting sites and multiple suspects -  http://t.co/H2H6Lg13mh\n\nvia @PzFeed", "type": "direct_reply"}]}