{"thread_id": "524939327399559170", "gold_label": 2, "predicted_label": 0, "tweet_attributions": [{"index": 0, "attribution": 0.20115444098389113, "content_attribution": -0.005129154876699193, "stance_attribution": 0.20628359586059028, "tweet_id": 524939327399559170, "text": "HAPPENING NOW: More shots heard near parliament in #Ottawa, suspect still at large - police http://t.co/Zp9AKplH9p http://t.co/pWVxhqPKez", "type": "source"}, {"index": 2, "attribution": 0.10843504442754741, "content_attribution": -0.023015988805691417, "stance_attribution": 0.13145103323323884, "tweet_id": 524939812248506368, "text": "@RT_com probably some Ukrainian neo-nazis.", "type": "direct_reply"}, {"index": 1, "attribution": -0.043377686031680025, "content_attribution": -0.027109591270553176, "stance_attribution": -0.016268094761126846, "tweet_id": 524939657537400832, "text": "@RT_com Muslims?", "type": "direct_reply"}]}