{"thread_id": "524962072262881280", "gold_label": 1, "predicted_label": 0, "tweet_attributions": [{"index": 3, "attribution": 1.800830420026833, "content_attribution": 0.021452921972790952, "stance_attribution": 1.7793774980540418, "tweet_id": 524970943475892224, "text": "@cnnbrk two more still at large? Shoot to kill!!!", "type": "lower_reply"}, {"index": 5, "attribution": 0.3851649869611951, "content_attribution": 0.015519353416123705, "stance_attribution": 0.3696456335450714, "tweet_id": 524963913189056513, "text": "@cnnbrk is this related to Mondays actions in Quebec?? Ya think??", "type": "direct_reply"}, {"index": 6, "attribution": 0.014895146584436789, "content_attribution": -0.0022661026061097144, "stance_attribution": 0.0171612491905465, "tweet_id": 524965190711119872, "text": "@cnnbrk finally some good news", "type": "direct_reply"}, {"index": 4, "attribution": 0.014671095138832219, "content_attribution": 4.792336844807051e-05, "stance_attribution": 0.01462317177038415, "tweet_id": 524962210620379137, "text": "@cnnbrk \u062d\u0633\u0627\u0628 \u0627\u0633\u0626\u0644\u0629 \u0627\u062a\u0645\u0646\u0649 \u0645\u0646 \u0627\u0644\u0646\u0627\u0633 \u062a\u062f\u0639\u0645\u0647 - @Question_arab", "type": "direct_reply"}, {"index": 15, "attribution": 0.0073002458252077965, "content_attribution": 0.0012673884292461577, "stance_attribution": 0.006032857395961639, "tweet_id": 524962266257817600, "text": "@cnnbrk All the hallmarks of  #OperationChaos #falseflag attk by those who believe\"from chaos comes order\":US jrno http://t.co/a94wJvDnTL", "type": "direct_reply"}, {"index": 11, "attribution": 0.007274050379991381, "content_attribution": 0.00018359064011441687, "stance_attribution": 0.007090459739876964, "tweet_id": 524963771912298497, "text": "@cnnbrk one soldier shot and one shooter killed.  Don't know where you are getting your info.", "type": "direct_reply"}, {"index": 7, "attribution": 0.005816109332943571, "content_attribution": -3.4315727235711795e-07, "stance_attribution": 0.005816452490215928, "tweet_id": 524962196754010112, "text": "@cnnbrk \u0648\u0644\u064a\u062f \u0627\u0644\u0641\u0631\u0627\u062c \u064a\u0634\u0631\u062d \u0643\u0644 \u0634\u064a\u0621 \u0628\u0627\u0644\u062a\u0641\u0635\u064a\u0644 \u0647\u0646\u0627 - @Question_arab", "type": "direct_reply"}, {"index": 12, "attribution": 0.005782199518633673, "content_attribution": 0.00011411730980770329, "stance_attribution": 0.00566808220882597, "tweet_id": 524962215200555009, "text": "@cnnbrk \u0631\u063a\u062f \u0627\u0644\u0641\u064a\u0635\u0644 \u062a\u0646\u0627\u0634\u062f \u0627\u0644\u0645\u0648\u0627\u0637\u0646\u064a\u0646 \u0639\u0628\u0631 \u0647\u0630\u0627 \u0627\u0644\u062d\u0633\u0627\u0628 - @Question_arab", "type": "direct_reply"}, {"index": 13, "attribution": 0.004985914424566178, "content_attribution": -1.559683747242644e-05, "stance_attribution": 0.0050015112620386045, "tweet_id": 524962206002479104, "text": "@cnnbrk \u062a\u0628\u064a \u064a\u0646\u0644\u062d\u0633 \u0645\u062e\u0643 \u061f \u062a\u0628\u064a \u064a\u0646\u0644\u062d\u0633 \u062e\u0634\u0645\u0643 \u061f \u062a\u0639\u0627\u0644 \u0630\u0627 \u0627\u0644\u062d\u0633\u0627\u0628 - @Question_arab", "type": "direct_reply"}, {"index": 10, "attribution": 0.0017173019215051715, "content_attribution": 0.001035034713078616, "stance_attribution": 0.0006822672084265555, "tweet_id": 524963541565317120, "text": "@cnnbrk BULLSHIT   R.C.M.P.  SHOT AD KILLED AT LEAST 1 OF THE SCUM BAGS  MORE TO COME", "type": "direct_reply"}, {"index": 20, "attribution": 0.0009566569122860383, "content_attribution": 0.0014393042849705246, "stance_attribution": -0.00048264737268448636, "tweet_id": 524962190890377216, "text": "\u201c@cnnbrk: Ottawa Police Service: No one was hurt in the shooting near Ottawa's Rideau Centre. Live blog: http://t.co/95OGL8MGNC\u201d", "type": "direct_reply"}, {"index": 17, "attribution": 0.0007674802382999181, "content_attribution": 0.0011465008551199331, "stance_attribution": -0.0003790206168200152, "tweet_id": 524962379432747008, "text": "\u201c@cnnbrk: Ottawa Police Service: No one was hurt in the shooting near Ottawa's Rideau Centre. Live blog: http://t.co/bjWnX0FzOC", "type": "direct_reply"}, {"index": 16, "attribution": 0.00046467988790123936, "content_attribution": -0.000348491379867878, "stance_attribution": 0.0008131712677691174, "tweet_id": 524962656994992128, "text": "@cnnbrk Thank God!", "type": "direct_reply"}, {"index": 2, "attribution": -0.0005447593173948677, "content_attribution": -0.0010824199227237054, "stance_attribution": 0.0005376606053288375, "tweet_id": 524963273871859712, "text": ".@cnnbrk Definitely then a Muslim behind the barrel. They're the Storm Troopers of shooting.", "type": "direct_reply"}, {"index": 19, "attribution": -0.0015204571010158565, "content_attribution": -3.3471481903339802e-06, "stance_attribution": -0.0015171099528255225, "tweet_id": 524963145236770816, "text": "@cnnbrk @FaithBased92  Isis", "type": "direct_reply"}, {"index": 8, "attribution": -0.002188344053920681, "content_attribution": -0.0017760769338316556, "stance_attribution": -0.00041226712008902544, "tweet_id": 524964742860124160, "text": "@cnnbrk its gonna be tuff to discern other shooters from the population! Hope they find all the nutz!", "type": "direct_reply"}, {"index": 21, "attribution": -0.003252238229025098, "content_attribution": 0.00022600929031554764, "stance_attribution": -0.003478247519340645, "tweet_id": 524962285534466048, "text": "@cnnbrk it must be really disappointing to set out to kill a bunch of people and then not even injure anyone. poor guy(s)", "type": "direct_reply"}, {"index": 14, "attribution": -0.003500335573696358, "content_attribution": 0.00028428618234301864, "stance_attribution": -0.0037846217560393767, "tweet_id": 524962203687219200, "text": "@cnnbrk \u062d\u0633\u0627\u0628 \u0641\u064a\u0647 \u0627\u0633\u0626\u0644\u0629 \u0633\u062d\u0631\u064a\u0647 -_- !! - @Question_arab", "type": "direct_reply"}, {"index": 18, "attribution": -0.00684209063692914, "content_attribution": -0.0003205957255029654, "stance_attribution": -0.006521494911426173, "tweet_id": 524964799034454016, "text": "@cnnbrk Cue the bombardment now.", "type": "direct_reply"}, {"index": 1, "attribution": -0.014654033076333995, "content_attribution": -0.0007152665453244937, "stance_attribution": -0.013938766531009502, "tweet_id": 524964175614074881, "text": "@cnnbrk @acarvin I am not in that area anymore. That was scary, disabled phone, no longer in the area. I hope I am safe #ottawashooting", "type": "direct_reply"}, {"index": 9, "attribution": -0.025299140983007493, "content_attribution": 0.07570516592082342, "stance_attribution": -0.10100430690383094, "tweet_id": 524972169491914752, "text": "@cnnbrk soldier has died", "type": "lower_reply"}, {"index": 0, "attribution": -0.061366135679127215, "content_attribution": 0.05546501090206046, "stance_attribution": -0.11683114658118768, "tweet_id": 524962072262881280, "text": "Ottawa Police Service: No one was hurt in the shooting near Ottawa's Rideau Centre. Live blog: http://t.co/q98AMohu7T", "type": "source"}]}