{"thread_id": "524969483317026816", "gold_label": 0, "predicted_label": 2, "tweet_attributions": [{"index": 15, "attribution": 2.7783764181869834, "content_attribution": 0.06252086578968137, "stance_attribution": 2.7158555523973025, "tweet_id": 524972891415527425, "text": "@Chrisgenge The @TorontoStar reported too.", "type": "lower_reply"}, {"index": 26, "attribution": 2.032923342988443, "content_attribution": 0.05427977665959661, "stance_attribution": 1.9786435663288464, "tweet_id": 524974235903881216, "text": "@JeremySinger @TorontoStar Yeah just heard was hoping it was wrong.", "type": "lower_reply"}, {"index": 23, "attribution": 0.16874717988932397, "content_attribution": 0.010803253353147694, "stance_attribution": 0.15794392653617625, "tweet_id": 524977259162386432, "text": "@trixywh I understand...I won't acknowledge the rumor until confirmed by medical or police.", "type": "lower_reply"}, {"index": 10, "attribution": 0.10783376764619707, "content_attribution": 0.07286871086511634, "stance_attribution": 0.034965056781080736, "tweet_id": 524970471511834624, "text": "\u201c@BBCBreaking: Soldier shot by gunman outside Canada parliament dies, minister says, as police search for multiple suspects", "type": "direct_reply"}, {"index": 2, "attribution": 0.046096889800469255, "content_attribution": 0.0026087566867405753, "stance_attribution": 0.043488133113728684, "tweet_id": 524970103306481665, "text": "@BBCBreaking.....  shame! I was hoping he would survive.  R.I.P", "type": "direct_reply"}, {"index": 11, "attribution": 0.04346957365162558, "content_attribution": 0.043780198285282804, "stance_attribution": -0.0003106246336572286, "tweet_id": 524986091108306944, "text": "@JeremySinger Nice work btw &amp; the for sharing.", "type": "lower_reply"}, {"index": 19, "attribution": 0.03192597756882806, "content_attribution": 0.03522768225717828, "stance_attribution": -0.0033017046883502266, "tweet_id": 524974982548709376, "text": "@trixywh stop retweeting this. He has not died. Send prayers!", "type": "lower_reply"}, {"index": 0, "attribution": 0.02544309685734409, "content_attribution": 0.06635166410264884, "stance_attribution": -0.04090856724530474, "tweet_id": 524969483317026816, "text": "Soldier shot by gunman outside Canada parliament dies, minister says, as police search for multiple suspects", "type": "source"}, {"index": 27, "attribution": 0.015927020999971897, "content_attribution": 0.0032343445406215203, "stance_attribution": 0.012692676459350377, "tweet_id": 524979049677201409, "text": "@GenerationZedd 2 MPs are saying it according to CNN", "type": "lower_reply"}, {"index": 8, "attribution": 0.014801027426783015, "content_attribution": -0.0009041930698782406, "stance_attribution": 0.015705220496661253, "tweet_id": 524973601267924993, "text": "@BBCBreaking that's what happen when you give space to muslims.", "type": "direct_reply"}, {"index": 20, "attribution": 0.012844733703435758, "content_attribution": 0.005432571573360245, "stance_attribution": 0.007412162130075518, "tweet_id": 524974765149536256, "text": "@simslim He is still alive. Send prayers. That was a mis-tweet by our MP.", "type": "lower_reply"}, {"index": 7, "attribution": 0.010801895655033047, "content_attribution": 0.011562364364725955, "stance_attribution": -0.0007604687096929067, "tweet_id": 524976140805754880, "text": "@GenerationZedd I just saying what BBC is saying", "type": "lower_reply"}, {"index": 17, "attribution": 0.007982764247706097, "content_attribution": -8.963179001957188e-05, "stance_attribution": 0.008072396037725669, "tweet_id": 524972105260339202, "text": "@BBCBreaking THIS HAS NOT BEEN CONFIRMED! @CTVNews has not confirmed! Stop reporting until you have the facts!!!#OttawaShootings", "type": "direct_reply"}, {"index": 21, "attribution": 0.00665508376962252, "content_attribution": -0.00018402757219640123, "stance_attribution": 0.006839111341818921, "tweet_id": 524969730453831681, "text": "RT @BBCBreaking: Soldier shot by gunman outside Canada parliament dies, minister says, as police search for multiple suspects", "type": "direct_reply"}, {"index": 18, "attribution": 0.004732545424348335, "content_attribution": 0.0017734757247798998, "stance_attribution": 0.0029590696995684352, "tweet_id": 524974518209896448, "text": "@laurenliek This is not confirmed. This tweet was an error by our Minister. Our soldier is alive.", "type": "lower_reply"}, {"index": 12, "attribution": 0.004439303383876632, "content_attribution": -0.00012656849287730556, "stance_attribution": 0.0045658718767539385, "tweet_id": 524974416141500416, "text": "\u201c@BBCBreaking: Soldier shot by gunman outside Canada parliament dies, minister says, as police search for multiple suspects\u201d Terrible news", "type": "direct_reply"}, {"index": 3, "attribution": 0.00222368725600938, "content_attribution": 0.00030547581647125176, "stance_attribution": 0.001918211439538128, "tweet_id": 524973613490122752, "text": "@BBCBreaking This has not been confirmed. An MP misunderstood a tweet and retweeted. Our soldier is still alive.", "type": "direct_reply"}, {"index": 9, "attribution": 0.0017130413565484954, "content_attribution": 0.0008216264282916275, "stance_attribution": 0.0008914149282568677, "tweet_id": 524974273275121664, "text": "@CindyLivingsto4 @BBCBreaking this is not confirmed.", "type": "lower_reply"}, {"index": 28, "attribution": 0.0005166071103552004, "content_attribution": 9.029624504098931e-05, "stance_attribution": 0.0004263108653142111, "tweet_id": 524969629689446401, "text": "@BBCBreaking That is not confirmed yet.", "type": "direct_reply"}, {"index": 4, "attribution": 1.3221400278363672e-06, "content_attribution": 6.894944644874277e-05, "stance_attribution": -6.76273064209064e-05, "tweet_id": 524974009382092800, "text": "\u201c@BBCBreaking: Soldier shot by gunman outside Canada parliament dies, minister says, as police search for multiple suspects\u201d", "type": "direct_reply"}, {"index": 25, "attribution": -6.197707542481825e-05, "content_attribution": -0.0022434318698321748, "stance_attribution": 0.0021814547944073565, "tweet_id": 524970498376355841, "text": "@BBCBreaking heartbreaking", "type": "direct_reply"}, {"index": 16, "attribution": -0.0008282553125847664, "content_attribution": -0.0009063249134224976, "stance_attribution": 7.806960083773113e-05, "tweet_id": 524972203633545216, "text": "@BBCBreaking Please STOP your reporting on Canadian Soldier, 'til anything's been confirmed by Canadian Army or PMHarper's Office.", "type": "direct_reply"}, {"index": 24, "attribution": -0.0011194848269590301, "content_attribution": 0.002582072567429602, "stance_attribution": -0.0037015573943886323, "tweet_id": 524970009106579456, "text": "\u201c@BBCBreaking: Soldier shot by gunman outside Canada parliament dies, minister says, as police search for multiple suspects\u201d", "type": "direct_reply"}, {"index": 14, "attribution": -0.0033188868852438323, "content_attribution": 0.002295093057213347, "stance_attribution": -0.00561397994245718, "tweet_id": 524977319988174848, "text": "@GenerationZedd,  thank goodness for that.... Prayers are with him and his family.", "type": "lower_reply"}, {"index": 22, "attribution": -0.0053033081321889886, "content_attribution": 0.00014725584197137272, "stance_attribution": -0.005450563974160361, "tweet_id": 524970254179778560, "text": "@Mainewatching @BBCBreaking you disgusting, deluded individual", "type": "lower_reply"}, {"index": 1, "attribution": -0.011720715942954759, "content_attribution": 0.001484939264445251, "stance_attribution": -0.013205655207400012, "tweet_id": 524970071572357120, "text": "\u201c@BBCBreaking: Soldier shot by gunman outside Canada parliament dies, minister says, as police search for multiple suspects\u201d \ud83d\ude14\ud83d\ude14\ud83d\ude14", "type": "direct_reply"}, {"index": 13, "attribution": -0.062063868761779856, "content_attribution": 0.0032057978509005877, "stance_attribution": -0.06526966661268044, "tweet_id": 524969880584740864, "text": "@BBCBreaking Look within their Corrupt system. Cops have been arresting people that are innocent!", "type": "direct_reply"}, {"index": 6, "attribution": -0.08122854189284001, "content_attribution": 0.017004097611311844, "stance_attribution": -0.09823263950415184, "tweet_id": 525006012122939392, "text": "@Chrisgenge Yea same. And no worries!", "type": "lower_reply"}, {"index": 5, "attribution": -0.490341040917838, "content_attribution": 0.006757373536156099, "stance_attribution": -0.4970984144539941, "tweet_id": 524970664915390464, "text": "@BBCBreaking @JeremySinger Not confirmed.", "type": "direct_reply"}]}