{"thread_id": "524949828711620608", "gold_label": 2, "predicted_label": 0, "tweet_attributions": [{"index": 0, "attribution": 0.12806286024822244, "content_attribution": -0.003752421877199829, "stance_attribution": 0.13181528212542223, "tweet_id": 524949828711620608, "text": "UPDATE: One shooter possibly on the loose in #Ottawa amid reports of shootings in the city: http://t.co/tjycT5YQcv", "type": "source"}, {"index": 2, "attribution": 0.03862087311286398, "content_attribution": 0.008286862992492221, "stance_attribution": 0.030334010120371763, "tweet_id": 524954342236094464, "text": "@FoxNews The PIGS called me a shooter when I was taking drugs.", "type": "direct_reply"}, {"index": 3, "attribution": 0.016845854502058128, "content_attribution": -0.0067493105866461055, "stance_attribution": 0.023595165088704226, "tweet_id": 524949933439209473, "text": "@FoxNews The best rated  online store of the season has been chosen!!! Check them out here ---&gt; http://t.co/AMv5X4cQKn", "type": "direct_reply"}, {"index": 1, "attribution": 0.009405379798120252, "content_attribution": 0.00042299371580145715, "stance_attribution": 0.008982386082318798, "tweet_id": 524954903861792768, "text": "@FoxNews suggest all countries put government buildings on special alert. even countries not friendly to US should do so also", "type": "direct_reply"}, {"index": 9, "attribution": 0.007567162904096791, "content_attribution": 0.008024748266284378, "stance_attribution": -0.0004575853621875878, "tweet_id": 524950638254649345, "text": "\u201c@FoxNews: UPDATE: One shooter possibly on the loose in #Ottawa amid reports of shootings in the city: http://t.co/yjPVHMNor1\u201d yikes! \ud83d\ude2c", "type": "direct_reply"}, {"index": 6, "attribution": 0.006143304196524333, "content_attribution": 0.0003848799897056966, "stance_attribution": 0.005758424206818637, "tweet_id": 524952758974418947, "text": "\u201c@FoxNews:..One shooter possibly on loose in #Ottawa amid reports of shootings..\u201d #FilthyCanadaUnderSiege  #HarborGodEnemies #HidingWontHelp", "type": "direct_reply"}, {"index": 11, "attribution": 0.004656093267327535, "content_attribution": 0.000794119844709038, "stance_attribution": 0.0038619734226184965, "tweet_id": 524959427875844097, "text": "RT @FoxNews: UPDATE: One shooter possibly on the loose in #Ottawa amid reports of shootings in the city: http://t.co/reyfVo9qJ7", "type": "direct_reply"}, {"index": 12, "attribution": 0.0035709632078640887, "content_attribution": 7.117604050342933e-05, "stance_attribution": 0.0034997871673606595, "tweet_id": 524950839073705984, "text": "\u201c@FoxNews: UPDATE: One shooter possibly on the loose in #Ottawa amid reports of shootings in the city: http://t.co/C8HeEWRyCf\u201d", "type": "direct_reply"}, {"index": 4, "attribution": 0.0028771825485435663, "content_attribution": 0.00028415473326729324, "stance_attribution": 0.002593027815276273, "tweet_id": 524957366207254528, "text": "\u201c@FoxNews: UPDATE: One shooter possibly on the loose in #Ottawa amid reports of shootings in the city: http://t.co/bSk1ndGWZm\u201d", "type": "direct_reply"}, {"index": 5, "attribution": 0.002154659777484613, "content_attribution": 0.0025018287210838023, "stance_attribution": -0.0003471689435991885, "tweet_id": 524953311729176576, "text": "@FoxNews Prayers for safety.", "type": "direct_reply"}, {"index": 7, "attribution": 0.0018977295678620546, "content_attribution": 0.010903154319426128, "stance_attribution": -0.009005424751564076, "tweet_id": 524950885433356289, "text": "@FoxNews See they made Public to target American Military and then thy Hit the Canadian Military! Code Talking Maybe!", "type": "direct_reply"}, {"index": 10, "attribution": 0.000578731563462314, "content_attribution": 0.0009667908155057651, "stance_attribution": -0.0003880592520434517, "tweet_id": 524950087680532480, "text": "@FoxNews shooter in teh building has been shot,,,", "type": "direct_reply"}, {"index": 8, "attribution": -0.039938008504386224, "content_attribution": -0.00037584345748789235, "stance_attribution": -0.03956216504689833, "tweet_id": 524951563329347585, "text": "@FoxNews 25 US Citizens are killed by Obama's illegal aliens EVERY DAY, but Fox is glued to anything smelling like Domestic Terrorism....", "type": "direct_reply"}]}