{"thread_id": "524975142641086465", "gold_label": 0, "predicted_label": 2, "tweet_attributions": [{"index": 13, "attribution": 3.3128160250498113, "content_attribution": 0.029350056312118112, "stance_attribution": 3.2834659687376924, "tweet_id": 524977080006893569, "text": "@CP24 @HouseCracka Hotel is on LOCKED Down, as shots were fired inside Hotel where MapleLeafs are staying, they are inside their Rooms,..", "type": "direct_reply"}, {"index": 9, "attribution": 0.07946195657778593, "content_attribution": 0.034533357948937055, "stance_attribution": 0.044928598628848876, "tweet_id": 524978176305676288, "text": "@Newsgirly On Local Reporters in OTTAWA LIVE News.Hotel is on Lock down with Maple Leafs being told to stay in their ROOMS.", "type": "lower_reply"}, {"index": 7, "attribution": 0.021751588172502657, "content_attribution": 0.0007641135191321269, "stance_attribution": 0.020987474653370534, "tweet_id": 524975906649948160, "text": "@CP24 good idea", "type": "direct_reply"}, {"index": 2, "attribution": 0.012924967798580598, "content_attribution": -0.00023257612304403033, "stance_attribution": 0.01315754392162463, "tweet_id": 524976237320876032, "text": "\u201c@CP24: The game between the Toronto Maple Leafs and Ottawa Senators scheduled for tonight in Ottawa has been postponed, the NHL says.\u201dWowww", "type": "direct_reply"}, {"index": 11, "attribution": 0.003508263042999414, "content_attribution": -2.880167525592125e-05, "stance_attribution": 0.0035370647182553358, "tweet_id": 524990335949504513, "text": "\u201c@CP24: The game between the Toronto Maple Leafs and Ottawa Senators scheduled for tonight in Ottawa has been postponed, the NHL says.\u201d", "type": "direct_reply"}, {"index": 1, "attribution": 0.003206432425410394, "content_attribution": 9.152885312893724e-05, "stance_attribution": 0.0031149035722814566, "tweet_id": 524979249107992576, "text": "\u201c@CP24: The game between the Toronto Maple Leafs and Ottawa Senators scheduled for tonight in Ottawa has been postponed, the NHL says.\u201d", "type": "direct_reply"}, {"index": 10, "attribution": 0.002944505014701606, "content_attribution": 8.736714661494094e-05, "stance_attribution": 0.002857137868086666, "tweet_id": 524994950929600512, "text": "\u201c@CP24: The game between the Toronto Maple Leafs and Ottawa Senators scheduled for tonight in Ottawa has been postponed, the NHL says.\u201d", "type": "direct_reply"}, {"index": 12, "attribution": 0.002265187957564917, "content_attribution": -0.0006339131168555057, "stance_attribution": 0.0028991010744204224, "tweet_id": 524975351286738945, "text": "@CP24 good idea better safe then sorry!", "type": "direct_reply"}, {"index": 4, "attribution": 0.002190336815129197, "content_attribution": 0.00026093873788965454, "stance_attribution": 0.0019293980772395424, "tweet_id": 524975706141622272, "text": "RT @CP24: The game between the Toronto Maple Leafs and Ottawa Senators scheduled for tonight in Ottawa has been postponed, the NHL says.", "type": "direct_reply"}, {"index": 3, "attribution": 0.0018455659294221837, "content_attribution": -0.0008720370665836529, "stance_attribution": 0.0027176029960058364, "tweet_id": 524975373805953024, "text": "@CP24 What took them so long. #StaySafeOttawa", "type": "direct_reply"}, {"index": 6, "attribution": 0.0016152584198793137, "content_attribution": -1.947356141604673e-05, "stance_attribution": 0.0016347319812953605, "tweet_id": 524977437156069376, "text": "@CP24 @TheCamMurphy", "type": "direct_reply"}, {"index": 8, "attribution": -0.0007138934654650313, "content_attribution": -0.0028376515912691977, "stance_attribution": 0.002123758125804166, "tweet_id": 524976061973811200, "text": "\u201c@CP24: The game between the Toronto Maple Leafs and Ottawa Senators scheduled for tonight has been postponed\" that's probably a good idea.", "type": "direct_reply"}, {"index": 5, "attribution": -0.5493894266246552, "content_attribution": 0.043929421235840586, "stance_attribution": -0.5933188478604958, "tweet_id": 524977689480802304, "text": "@sueinwny Wow! How did you get that info?", "type": "lower_reply"}, {"index": 0, "attribution": -0.5693581301827509, "content_attribution": 0.04795042418924358, "stance_attribution": -0.6173085543719945, "tweet_id": 524975142641086465, "text": "The game between the Toronto Maple Leafs and Ottawa Senators scheduled for tonight in Ottawa has been postponed, the NHL says.", "type": "source"}]}