{"thread_id": "524942548066791424", "gold_label": 0, "predicted_label": 2, "tweet_attributions": [{"index": 0, "attribution": 0.0997080618413418, "content_attribution": -0.06673773265908113, "stance_attribution": 0.16644579450042293, "tweet_id": 524942548066791424, "text": "IN PICTURES: Shots fired on Parliament Hill, soldier shot at National War Memorial   http://t.co/wdKEiy9P8e http://t.co/uQ4yY2Nw9c", "type": "source"}, {"index": 1, "attribution": 0.05355552997004129, "content_attribution": -0.0072343802141443155, "stance_attribution": 0.0607899101841856, "tweet_id": 524944717998342145, "text": "@ctvottawa My app is mapping tweets from Ottawa shotting area http://t.co/VlcPC99uBJ", "type": "direct_reply"}, {"index": 2, "attribution": 0.05319097359880686, "content_attribution": 0.0004210472829391473, "stance_attribution": 0.052769926315867716, "tweet_id": 524954873658626048, "text": "@ctvottawa please spread the word to not display or tell police positions and police doings.  #KeepATightLidMedia thank you.", "type": "direct_reply"}, {"index": 3, "attribution": 0.012057867087879533, "content_attribution": -0.01567569153748899, "stance_attribution": 0.027733558625368516, "tweet_id": 524969335434260480, "text": "\u201c@ctvottawa: Shots fired on Parliament Hill, soldier shot at National War Memorial   http://t.co/tvJe5PQyHZ http://t.co/DX8jlCGnWC\u201d", "type": "direct_reply"}, {"index": 4, "attribution": -0.007193844879230889, "content_attribution": -0.0028079321928466145, "stance_attribution": -0.004385912686384273, "tweet_id": 524944432408567809, "text": "@ctvottawa Praying for victim(s) in #Ottawa Parliament Hill shootings in Canada.", "type": "direct_reply"}]}