{"thread_id": "525024066152169473", "gold_label": 0, "predicted_label": 2, "tweet_attributions": [{"index": 0, "attribution": 0.15506763976817522, "content_attribution": 0.023593506982801743, "stance_attribution": 0.13147413278537348, "tweet_id": 525024066152169473, "text": "Corporal Nathan Cirillo, shot dead at #Ottawa War Memorial today, was 24. Reservist was member of Argyll and Sutherland Highlanders #cdnpoli", "type": "source"}, {"index": 11, "attribution": 0.0541043540151734, "content_attribution": 0.0046791431695155546, "stance_attribution": 0.049425210845657847, "tweet_id": 525025861641461760, "text": "@CBCAlerts @RosieBarton Condolences to his family as we struggle to understand how and why this happened.", "type": "direct_reply"}, {"index": 17, "attribution": 0.023527172904754992, "content_attribution": 2.177633966702319e-05, "stance_attribution": 0.02350539656508797, "tweet_id": 525025800177737728, "text": "@CBCAlerts @CBCTheNational RIP Soldier!", "type": "direct_reply"}, {"index": 2, "attribution": 0.022040211766778978, "content_attribution": 0.0019027632720727903, "stance_attribution": 0.020137448494706188, "tweet_id": 525024962101645313, "text": "@CBCAlerts @newswatchcanada May God grant him peace", "type": "direct_reply"}, {"index": 10, "attribution": 0.01731158788238763, "content_attribution": -0.0001101732903977125, "stance_attribution": 0.017421761172785342, "tweet_id": 525026271760490496, "text": "@CBCAlerts @CBCMontreal \nJust tragic.  His family must be devastated.  RIP.  To think that this man was killed at home and not in battle.", "type": "direct_reply"}, {"index": 9, "attribution": 0.017212910210993367, "content_attribution": 0.007518944295156349, "stance_attribution": 0.009693965915837016, "tweet_id": 525025874492817408, "text": "@CBCAlerts so sad, so pointless!", "type": "direct_reply"}, {"index": 6, "attribution": 0.014738526571623937, "content_attribution": 0.0030528292229460947, "stance_attribution": 0.011685697348677844, "tweet_id": 525024484374622208, "text": "@CBCAlerts so young!! What a horrible loss for our country :(", "type": "direct_reply"}, {"index": 12, "attribution": 0.012237890455067594, "content_attribution": 0.0011066240893201436, "stance_attribution": 0.01113126636574745, "tweet_id": 525025518249193472, "text": "@CBCAlerts tragic and maddening #respect #remembrance #sad", "type": "direct_reply"}, {"index": 7, "attribution": 0.010220068240823433, "content_attribution": -0.0021720626944746317, "stance_attribution": 0.012392130935298062, "tweet_id": 525025821309030400, "text": "@CBCAlerts heartbreaking but Canadians stand together strong", "type": "direct_reply"}, {"index": 13, "attribution": 0.009321815733545135, "content_attribution": 3.965755810423019e-05, "stance_attribution": 0.009282158175440904, "tweet_id": 525024576691269632, "text": "@CBCAlerts rip", "type": "direct_reply"}, {"index": 1, "attribution": 0.008267455855689183, "content_attribution": -0.00035420266313114545, "stance_attribution": 0.008621658518820328, "tweet_id": 525025108805820417, "text": "@CBCAlerts so sad \ud83d\ude4f", "type": "direct_reply"}, {"index": 8, "attribution": 0.008194447781438952, "content_attribution": -0.0008158073173086819, "stance_attribution": 0.009010255098747637, "tweet_id": 525024401184817154, "text": "@CBCAlerts Devastating.", "type": "direct_reply"}, {"index": 16, "attribution": 0.00642790269546332, "content_attribution": 0.0012551856445050208, "stance_attribution": 0.005172717050958299, "tweet_id": 525025129131016194, "text": "@CBCAlerts @TheAPJournalist tragic", "type": "direct_reply"}, {"index": 4, "attribution": 0.005274080748471003, "content_attribution": -0.0002533197489400802, "stance_attribution": 0.005527400497411083, "tweet_id": 525025616765386752, "text": "@CBCAlerts @nicireland_news so sad", "type": "direct_reply"}, {"index": 3, "attribution": 0.004070026667665475, "content_attribution": -0.007634940390591703, "stance_attribution": 0.011704967058257177, "tweet_id": 525024903855349761, "text": "@CBCAlerts @CBCCalgary at the going down of the sun and in the morning we shall remrmbet them RIP Cpl Cirillo", "type": "direct_reply"}, {"index": 15, "attribution": 0.003210513429163441, "content_attribution": 0.006292448763122537, "stance_attribution": -0.0030819353339590974, "tweet_id": 525024648761974785, "text": "@CBCAlerts rest peacefully, your duty is done.", "type": "direct_reply"}, {"index": 5, "attribution": -0.002427832618933104, "content_attribution": 4.7329727959960466e-05, "stance_attribution": -0.002475162346893066, "tweet_id": 525025511425064961, "text": "@CBCAlerts @vdehejia Did you know the connection @LynneBell1 http://t.co/8mtwLvYXP5 so desperately sad.", "type": "direct_reply"}, {"index": 14, "attribution": -0.00733417045764076, "content_attribution": 0.0012710088731739092, "stance_attribution": -0.008605179330814668, "tweet_id": 525024460488081408, "text": "RIP @CBCAlerts: Corporal Nathan Cirillo, shot dead at #Ottawa War Memorial today, was 24. Reservist was member of Argyll and Sutherland", "type": "direct_reply"}]}