{"thread_id": "525028171549523971", "gold_label": 0, "predicted_label": 2, "tweet_attributions": [{"index": 1, "attribution": 3.8401723476806926, "content_attribution": 0.010247823370818206, "stance_attribution": 3.8299245243098743, "tweet_id": 525040015026683904, "text": "@SamAkbar10 @Pwookey @BBCBreaking when you vomit", "type": "lower_reply"}, {"index": 19, "attribution": 3.275878716343532, "content_attribution": 0.004371644327450105, "stance_attribution": 3.2715070720160817, "tweet_id": 525039884147638272, "text": "@SamAkbar10 @Pwookey @BBCBreaking next time make sure you are lying on your back", "type": "lower_reply"}, {"index": 9, "attribution": 1.3278125836607084, "content_attribution": 0.008141113335192268, "stance_attribution": 1.3196714703255163, "tweet_id": 525040363850170368, "text": "@SGillLondonUK @SamAkbar10 @BBCBreaking I blocked that POS, I worked out that he's probably 12, certainly mentally if not in years.", "type": "lower_reply"}, {"index": 39, "attribution": 1.0728828955504113, "content_attribution": 0.008182810378558975, "stance_attribution": 1.0647000851718522, "tweet_id": 525038969629581312, "text": "@SGillLondonUK @Pwookey @BBCBreaking Sorry I am married", "type": "lower_reply"}, {"index": 35, "attribution": 0.31554746340820117, "content_attribution": 0.019271420713678166, "stance_attribution": 0.296276042694523, "tweet_id": 525033848120545281, "text": "@SamAkbar10 @BBCBreaking it's still murder", "type": "lower_reply"}, {"index": 33, "attribution": 0.1880500436690453, "content_attribution": 0.028341231855820596, "stance_attribution": 0.15970881181322472, "tweet_id": 525035162157858816, "text": "@SGillLondonUK @BBCBreaking Disgusting .... I have vomited after seeing your profile pic", "type": "lower_reply"}, {"index": 31, "attribution": 0.13571757591914518, "content_attribution": 0.007190282925248231, "stance_attribution": 0.12852729299389692, "tweet_id": 525040302583599105, "text": "@SGillLondonUK @Pwookey @BBCBreaking Please stop sending tweets still I am vomiting", "type": "lower_reply"}, {"index": 21, "attribution": 0.08795169845297905, "content_attribution": 0.0015483230582688224, "stance_attribution": 0.08640337539471023, "tweet_id": 525043683855720449, "text": "@Pwookey @SamAkbar10 @BBCBreaking more like his wife is 12 years old", "type": "lower_reply"}, {"index": 7, "attribution": 0.07786646575020637, "content_attribution": 0.07162741305431705, "stance_attribution": 0.006239052695889294, "tweet_id": 525037764849315840, "text": "@SGillLondonUK @BBCBreaking Then die and go to Hell", "type": "lower_reply"}, {"index": 30, "attribution": 0.07602164794725352, "content_attribution": 0.002972175203491626, "stance_attribution": 0.0730494727437619, "tweet_id": 525040502882590720, "text": "@Pwookey @SGillLondonUK @BBCBreaking Where is your master ?!", "type": "lower_reply"}, {"index": 22, "attribution": 0.05402965656774066, "content_attribution": 0.055160184214252464, "stance_attribution": -0.001130527646511806, "tweet_id": 525037632112566272, "text": "@SamAkbar10 @BBCBreaking I (almost) died of boredom reading your bullshit. Cunt", "type": "lower_reply"}, {"index": 37, "attribution": 0.04362237433456321, "content_attribution": -0.002362310469223515, "stance_attribution": 0.04598468480378673, "tweet_id": 525032664495968257, "text": "@bbcbreaking 15 Mins Video Of @MariahCarey #TheElusiveShow Kuala Lumpur 2014 \"Rain T...: http://t.co/eWNH46gS5D via @YouTube", "type": "direct_reply"}, {"index": 13, "attribution": 0.026436942264842955, "content_attribution": 0.019047071897729986, "stance_attribution": 0.007389870367112967, "tweet_id": 525038881440546818, "text": "@SamAkbar10 @BBCBreaking only if you ask nicely", "type": "lower_reply"}, {"index": 2, "attribution": 0.02006568805548547, "content_attribution": 0.0016165439972369582, "stance_attribution": 0.01844914405824851, "tweet_id": 525047669820256256, "text": "@DanielSayers @SamAkbar10 @Pwookey @BBCBreaking is that a lake? I thought it was a urine sample", "type": "lower_reply"}, {"index": 29, "attribution": 0.014987969008397191, "content_attribution": 6.409498134847091e-06, "stance_attribution": 0.014981559510262345, "tweet_id": 525028523548110848, "text": "\u201c@BBCBreaking: Canadian media identify the soldier killed in Ottawa, 24 http://t.co/iMkEy4Cqk2\u201d Thoughts are with his family! &lt;3", "type": "direct_reply"}, {"index": 24, "attribution": 0.013656055507010524, "content_attribution": 0.007330880354793462, "stance_attribution": 0.0063251751522170625, "tweet_id": 525038034094661632, "text": "@SamAkbar10 @Pwookey @BBCBreaking don't you mean read?", "type": "lower_reply"}, {"index": 16, "attribution": 0.010226204432286714, "content_attribution": 0.012897443598282269, "stance_attribution": -0.002671239165995553, "tweet_id": 525050198792609792, "text": "@Pwookey @SamAkbar10 @BBCBreaking even goats have standards", "type": "lower_reply"}, {"index": 32, "attribution": 0.006981049334394318, "content_attribution": -0.0014443954845125466, "stance_attribution": 0.008425444818906863, "tweet_id": 525030920341176320, "text": "@smilerjfs @BBCBreaking well briefly they are murdering religious nutters", "type": "lower_reply"}, {"index": 11, "attribution": 0.006348876659918321, "content_attribution": 0.00383438138914444, "stance_attribution": 0.002514495270773881, "tweet_id": 525037412636823553, "text": "@Pwookey @BBCBreaking Funny .. I have to listen to dogs about ethics", "type": "lower_reply"}, {"index": 18, "attribution": 0.0041959159277667035, "content_attribution": 0.001333291101459137, "stance_attribution": 0.002862624826307567, "tweet_id": 525151464206139392, "text": "@SGillLondonUK @Pwookey @BBCBreaking Dog's ranting", "type": "lower_reply"}, {"index": 15, "attribution": 0.004090281656892459, "content_attribution": 0.004090281656892459, "stance_attribution": 0.0, "tweet_id": 525151213919428608, "text": "@SGillLondonUK @Pwookey @BBCBreaking But a Gay hasn't", "type": "lower_reply"}, {"index": 23, "attribution": 0.0033441017670996862, "content_attribution": 0.006830623682620451, "stance_attribution": -0.0034865219155207627, "tweet_id": 525043888667762689, "text": "@SGillLondonUK @SamAkbar10 @BBCBreaking He's probably married to a Goat.", "type": "lower_reply"}, {"index": 36, "attribution": 0.001958227371383601, "content_attribution": 0.0031755181854950113, "stance_attribution": -0.0012172908141114109, "tweet_id": 525053552205766656, "text": "@SGillLondonUK @Pwookey @SamAkbar10 @BBCBreaking is that paddy McGinty's  goat or is that racist", "type": "lower_reply"}, {"index": 25, "attribution": 0.001709921586386623, "content_attribution": 0.0006149465610297649, "stance_attribution": 0.0010949750253568579, "tweet_id": 525039961590874112, "text": "@SGillLondonUK @Pwookey @BBCBreaking You won't understand cause you always have been porked from your meat hole", "type": "lower_reply"}, {"index": 5, "attribution": 0.0015385067439328613, "content_attribution": 0.002850510306265014, "stance_attribution": -0.0013120035623321526, "tweet_id": 525039308961771521, "text": "@SamAkbar10 @Pwookey @BBCBreaking a wife and a string of hookers?", "type": "lower_reply"}, {"index": 27, "attribution": -0.0006947142503268234, "content_attribution": 0.002539384878613829, "stance_attribution": -0.003234099128940651, "tweet_id": 525044296312184832, "text": "@SamAkbar10 @Pwookey @SGillLondonUK @BBCBreaking oh my god a talking lake.", "type": "lower_reply"}, {"index": 4, "attribution": -0.0011329888540995779, "content_attribution": -0.0006606911316365158, "stance_attribution": -0.000472297722463062, "tweet_id": 525037099792089088, "text": "@BBCBreaking @craigless2 may his soul rest in peace sympathies to his family", "type": "direct_reply"}, {"index": 8, "attribution": -0.0011784858856911527, "content_attribution": 0.0015846637123266344, "stance_attribution": -0.002763149598017787, "tweet_id": 525039484740853760, "text": "@SamAkbar10 @Pwookey @BBCBreaking why would anyone want to marry you?", "type": "lower_reply"}, {"index": 26, "attribution": -0.0015771015340834815, "content_attribution": -0.0004780526790673361, "stance_attribution": -0.001099048855016146, "tweet_id": 525029062092537857, "text": "\u201c@BBCBreaking: Canadian media identify the soldier killed in Ottawa as Nathan Cirillo, 24 http://t.co/3kMTbkRwsj\u201d RIP", "type": "direct_reply"}, {"index": 12, "attribution": -0.0016399784682668928, "content_attribution": 1.6229295874186205e-05, "stance_attribution": -0.0016562077641410788, "tweet_id": 525030789054885889, "text": "\u201c@BBCBreaking: Canadian media identify the soldier killed in Ottawa as Nathan Cirillo, 24 http://t.co/bhA8U3UyEQ", "type": "direct_reply"}, {"index": 17, "attribution": -0.002350012270957609, "content_attribution": -0.0010559880651011004, "stance_attribution": -0.0012940242058565084, "tweet_id": 525037655386370050, "text": "@Pwookey @BBCBreaking Please don't bark my kids are sleeping", "type": "lower_reply"}, {"index": 3, "attribution": -0.0024761374423907558, "content_attribution": -0.00012258266765743296, "stance_attribution": -0.0023535547747333217, "tweet_id": 525028489762971648, "text": "@bbcbreaking RIP", "type": "direct_reply"}, {"index": 20, "attribution": -0.0026051519468720183, "content_attribution": -0.00018034805586352506, "stance_attribution": -0.0024248038910084932, "tweet_id": 525028503545462784, "text": "@BBCBreaking rip", "type": "direct_reply"}, {"index": 34, "attribution": -0.0036375903394257722, "content_attribution": 0.0004509143597791196, "stance_attribution": -0.004088504699204891, "tweet_id": 525043539848470528, "text": "@SamAkbar10 @Pwookey @BBCBreaking he's busy lubing the dildo", "type": "lower_reply"}, {"index": 14, "attribution": -0.004802021496481898, "content_attribution": -0.003249932139602881, "stance_attribution": -0.0015520893568790174, "tweet_id": 525028854713577474, "text": "@BBCBreaking how awful to hear the solider has died. What is wrong with people?", "type": "direct_reply"}, {"index": 6, "attribution": -0.006214200241727013, "content_attribution": -0.0006956645708816123, "stance_attribution": -0.005518535670845401, "tweet_id": 525048109463003136, "text": "@SGillLondonUK @SamAkbar10 @Pwookey @BBCBreaking haha!", "type": "lower_reply"}, {"index": 10, "attribution": -0.006463228537344561, "content_attribution": 0.004681701113425759, "stance_attribution": -0.011144929650770317, "tweet_id": 525036932716576769, "text": "@SamAkbar10 @BBCBreaking you need to grow up sonny, you are the retard. Have some respect, you disgusting piece of sub human filth.", "type": "lower_reply"}, {"index": 38, "attribution": -0.012368604263174125, "content_attribution": -0.0012831409232330038, "stance_attribution": -0.01108546333994112, "tweet_id": 525031102730489856, "text": "@SamAkbar10 @BBCBreaking no he's a retard as well don't feel left out", "type": "lower_reply"}, {"index": 28, "attribution": -0.09524603407884423, "content_attribution": 0.05145031901821716, "stance_attribution": -0.1466963530970614, "tweet_id": 525029097659834368, "text": "@BBCBreaking If he is Canadian and Christian he is retarded but if he is Muslim he is terrorist", "type": "direct_reply"}, {"index": 0, "attribution": -0.12347894395339269, "content_attribution": 0.029737800281492692, "stance_attribution": -0.15321674423488538, "tweet_id": 525028171549523971, "text": "Canadian media identify the soldier killed in Ottawa as Nathan Cirillo, 24 http://t.co/4kdUz25jRf", "type": "source"}]}