{"thread_id": "525025806079504385", "gold_label": 0, "predicted_label": 2, "tweet_attributions": [{"index": 4, "attribution": 4.061821484436496, "content_attribution": 0.06804886365118898, "stance_attribution": 3.9937726207853075, "tweet_id": 525081091062104064, "text": "@gdmclemore Oh? You know of the godless cult of ISIS?\nhttp://t.co/JtV676oVDP\n iMay have underestimated you.....\n\n@TarekFatah @ArmedResearch", "type": "lower_reply"}, {"index": 3, "attribution": 2.949527475977521, "content_attribution": 0.04596967338334455, "stance_attribution": 2.9035578025941766, "tweet_id": 525072234847547392, "text": "@pjl_u2 @TarekFatah @ArmedResearch Don't think it very funny if you are on side of ISIS. But maybe you feel Koran rt side Hx", "type": "lower_reply"}, {"index": 13, "attribution": 2.3696096607116997, "content_attribution": 0.07733409159411617, "stance_attribution": 2.292275569117584, "tweet_id": 525303847422418944, "text": "@pjl_u2 @TarekFatah @ArmedResearch It comes down to us, Canada etc.. Vs you, real ISIS and lunatics of Koran, a hate filled book! Best win", "type": "lower_reply"}, {"index": 18, "attribution": 0.5772349201136978, "content_attribution": 0.021130383570657288, "stance_attribution": 0.5561045365430405, "tweet_id": 525029589400436736, "text": "@gdmclemore that you ass-ume the zionist heretics of the USSA to be on the correct side is tr\u00e8s dr\u00f4le. #daBeast @TarekFatah @ArmedResearch", "type": "lower_reply"}, {"index": 16, "attribution": 0.42153527093018756, "content_attribution": 0.07097389066751641, "stance_attribution": 0.35056138026267114, "tweet_id": 525306429390225408, "text": "@gdmclemore Have yourself  a nice day on your short short bus. @TarekFatah @ArmedResearch", "type": "lower_reply"}, {"index": 5, "attribution": 0.02113933495153377, "content_attribution": 0.0005969691838985875, "stance_attribution": 0.020542365767635185, "tweet_id": 525031246607306753, "text": "\"@TarekFatah: #ISIS Media account posts pic claiming to be Michael Zehaf-Bibeau, dead  #OttawaShooting terrorist http://t.co/13425FnAnA vi", "type": "direct_reply"}, {"index": 1, "attribution": 0.005623706807390534, "content_attribution": 0.000624639269187538, "stance_attribution": 0.0049990675382029955, "tweet_id": 525029451470737408, "text": "@TarekFatah @ashleyscorpio @ArmedResearch Ottawa Shooting RAW coverage  photos ALL PHOTOS BY Paul Lauzon Copyright  http://t.co/OvMbZmaOor", "type": "direct_reply"}, {"index": 24, "attribution": 0.005114372529711598, "content_attribution": 3.3264443909599724e-06, "stance_attribution": 0.005111046085320639, "tweet_id": 525029005213577216, "text": "@TarekFatah @KatherinePenske @ArmedResearch \nAnother friend of Satan!", "type": "direct_reply"}, {"index": 25, "attribution": 0.004645390841126541, "content_attribution": 0.019068454939695383, "stance_attribution": -0.01442306409856884, "tweet_id": 525309402027290624, "text": "@pjl_u2 @TarekFatah @ArmedResearch Et Tu", "type": "lower_reply"}, {"index": 2, "attribution": 0.001867379099424173, "content_attribution": -0.000444972792535917, "stance_attribution": 0.0023123518919600902, "tweet_id": 525030774798843904, "text": "@TarekFatah @ArmedResearch Canada has brought #Ottawashootings upon itself. It has no business in M/E. Its a self created  American problem", "type": "direct_reply"}, {"index": 12, "attribution": 0.001712125909882955, "content_attribution": -0.0017882142277751084, "stance_attribution": 0.003500340137658063, "tweet_id": 525026190726139904, "text": "@TarekFatah @ArmedResearch Just wait for #Obola to lead the lamentations and renting of garments over the scourge of workplace violence.", "type": "direct_reply"}, {"index": 8, "attribution": 0.0012785454427848134, "content_attribution": -0.0013405260487648798, "stance_attribution": 0.002619071491549693, "tweet_id": 525026715924709377, "text": "@TarekFatah @ArmedResearch no one said it was ISIS.  Stop your propoganda plz.", "type": "direct_reply"}, {"index": 15, "attribution": -0.00047824013024761906, "content_attribution": -0.00027351540387979007, "stance_attribution": -0.00020472472636782894, "tweet_id": 525026540632154113, "text": "@TarekFatah Did really anyone have any doubts about his 'roots' - no way @ArmedResearch @curdistani", "type": "direct_reply"}, {"index": 19, "attribution": -0.0005617728023582432, "content_attribution": 0.000402055765930912, "stance_attribution": -0.0009638285682891552, "tweet_id": 525032227873501184, "text": "@TarekFatah @ArmedResearch Source? Anyone?", "type": "direct_reply"}, {"index": 20, "attribution": -0.000753779877613896, "content_attribution": -0.0007509315083632797, "stance_attribution": -2.8483692506163136e-06, "tweet_id": 525029150361260032, "text": "Stil gunman Canada?\u201c@TarekFatah:ISIS Media acc posts pic claimng 2b Michael ZehafBibeau,dead OttawaShooting terrorst http://t.co/EzOCPrpqyb\u201d", "type": "direct_reply"}, {"index": 7, "attribution": -0.0010413836704729383, "content_attribution": -0.00046015424537581456, "stance_attribution": -0.0005812294250971243, "tweet_id": 525027219639648256, "text": "@TarekFatah @curdistani @ArmedResearch ...and again...which acct? What's the source of this?", "type": "direct_reply"}, {"index": 21, "attribution": -0.0032467909429615563, "content_attribution": 0.0002395627043155252, "stance_attribution": -0.0034863536472770815, "tweet_id": 525029570337341440, "text": "@TarekFatah @990twin @ArmedResearch Michael Zehaf-Bibeau: 5 Fast Facts You Need to Know http://t.co/5XEM1jS5MM \u2026", "type": "direct_reply"}, {"index": 14, "attribution": -0.007404770483103999, "content_attribution": -0.0007518756830436498, "stance_attribution": -0.00665289480006035, "tweet_id": 525031711197773824, "text": "@beediya @TarekFatah @ArmedResearch India's occupation centuries by terror should have explained Islam but did not to UNO created ISPak-1947", "type": "lower_reply"}, {"index": 9, "attribution": -0.008232711318784426, "content_attribution": -0.00022093505773858717, "stance_attribution": -0.008011776261045838, "tweet_id": 525027025762152449, "text": "@TarekFatah @ArmedResearch can you share the source?", "type": "direct_reply"}, {"index": 23, "attribution": -0.014231531639309625, "content_attribution": 0.00030178239405706167, "stance_attribution": -0.01453331403336669, "tweet_id": 525031466640478208, "text": "@TarekFatah @Shahidmasooddr  ???", "type": "lower_reply"}, {"index": 6, "attribution": -0.01753505756130947, "content_attribution": 0.0009146169231588571, "stance_attribution": -0.01844967448446833, "tweet_id": 525033077462949888, "text": "@beediya @MohinH @TarekFatah @ArmedResearch  Ya some  cancers like western control of arab oil &amp; govts shd be treated with radiation/Nt isla", "type": "lower_reply"}, {"index": 11, "attribution": -0.021318985460962354, "content_attribution": 0.0037101429232277855, "stance_attribution": -0.025029128384190136, "tweet_id": 525029209883021312, "text": "@superzeroes41 @TarekFatah @ArmedResearch I agree but some people still have their heads buried in the sand, it's for them.", "type": "lower_reply"}, {"index": 10, "attribution": -0.053601305933301695, "content_attribution": 0.0012918007918121483, "stance_attribution": -0.054893106725113834, "tweet_id": 525030600034758656, "text": "@TarekFatah @ArmedResearch Muslims r cowards they attack weak un armed, Islam is begging4it. http://t.co/U3fhgXmoa4", "type": "direct_reply"}, {"index": 22, "attribution": -0.10076353686213874, "content_attribution": 0.012110937924992515, "stance_attribution": -0.11287447478713125, "tweet_id": 525028088124829697, "text": "@TarekFatah @JulyBluesky @ArmedResearch This thing is sub-human and deserves no publicity. Canada-On Guard For Thee!", "type": "direct_reply"}, {"index": 0, "attribution": -0.16955585712383264, "content_attribution": 0.02147617525088431, "stance_attribution": -0.19103203237471697, "tweet_id": 525025806079504385, "text": "#ISIS Media account posts pic claiming to be Michael Zehaf-Bibeau, dead  #OttawaShooting terrorist http://t.co/dascEeLdip via @ArmedResearch", "type": "source"}, {"index": 17, "attribution": -0.2180447375592805, "content_attribution": 0.012854757470247249, "stance_attribution": -0.23089949502952772, "tweet_id": 525026918177845248, "text": "@TarekFatah @ArmedResearch When and if ISIS attacks US, then boots will come down on their evil necks! Hell is too easy for their asses.", "type": "direct_reply"}]}