{"thread_id": "525001895631654912", "gold_label": 0, "predicted_label": 2, "tweet_attributions": [{"index": 5, "attribution": 4.243477220627593, "content_attribution": 0.05949790691467985, "stance_attribution": 4.183979313712912, "tweet_id": 525006580895731712, "text": "@petiterivergirl GROW UP!", "type": "lower_reply"}, {"index": 8, "attribution": 0.28133974889333624, "content_attribution": 0.02070042109360021, "stance_attribution": 0.260639327799736, "tweet_id": 525006810240262144, "text": "@TheDeez91 Harper loving asshole....blocked!", "type": "lower_reply"}, {"index": 0, "attribution": 0.11036477673242492, "content_attribution": 0.048695273753836914, "stance_attribution": 0.061669502978587996, "tweet_id": 525001895631654912, "text": "Prime Minister Stephen Harper to address country tonight after fatal shooting at War Memorial and attack on Parliament: @CBCNews #cdnpoli", "type": "source"}, {"index": 3, "attribution": 0.020909347381270125, "content_attribution": -0.0009309885391454787, "stance_attribution": 0.021840335920415607, "tweet_id": 525003498472374272, "text": ".@CBCAlerts @CBCToronto @CBCNews @pmharper:Tragic.If in fact terrorism, let's not isolate any Canadian group.Belonging will make us all safe", "type": "direct_reply"}, {"index": 12, "attribution": 0.01945907626327122, "content_attribution": 0.01486203619694009, "stance_attribution": 0.004597040066331127, "tweet_id": 525004086458859523, "text": "@CBCNews @CBCAlerts @pmharper thank you. We all want to tune in to hear from him today", "type": "lower_reply"}, {"index": 13, "attribution": 0.016206645477439392, "content_attribution": -0.002072657868591437, "stance_attribution": 0.01827930334603083, "tweet_id": 525006941089980417, "text": "@petiterivergirl oh no! Don't block me! I'm so scared! #fuckingpathetic", "type": "lower_reply"}, {"index": 15, "attribution": 0.011822614178638783, "content_attribution": 0.02127294065778097, "stance_attribution": -0.009450326479142191, "tweet_id": 525002093904801792, "text": "@CBCAlerts @CBCNews Not interested in one word he has to say!", "type": "direct_reply"}, {"index": 7, "attribution": 0.0038938857403152177, "content_attribution": 0.012843171844883282, "stance_attribution": -0.008949286104568063, "tweet_id": 525003877490638848, "text": "@trevorlynn @CBCAlerts @pmharper Hey Trevor: we don't have a time as of this tweet. We do know the PM will speak. When we know, you'll know.", "type": "lower_reply"}, {"index": 21, "attribution": 0.0029777012304119397, "content_attribution": 0.0060961756418114015, "stance_attribution": -0.003118474411399462, "tweet_id": 525003258738135040, "text": "@CBCAlerts @CBCNews when does @pmharper speak?", "type": "direct_reply"}, {"index": 16, "attribution": 0.00259761610148057, "content_attribution": -0.0006139325897597758, "stance_attribution": 0.003211548691240346, "tweet_id": 525004578480488448, "text": "@CBCAlerts @CBCNews  Is anyone important going to speak or just that bullshitter @pmharper #HeaveSteve", "type": "direct_reply"}, {"index": 17, "attribution": 0.0011707874561298535, "content_attribution": 0.0013105200661295653, "stance_attribution": -0.0001397326099997117, "tweet_id": 525006389190860800, "text": "@petiterivergirl You're a terrible person.", "type": "lower_reply"}, {"index": 10, "attribution": 0.0007507514293018008, "content_attribution": -0.0002082409472882184, "stance_attribution": 0.0009589923765900194, "tweet_id": 525002695736688640, "text": "@CBCAlerts @CBCNL @CBCNews Harper address the country tonight?  What's he waiting for?", "type": "direct_reply"}, {"index": 20, "attribution": 0.0005145770367668916, "content_attribution": -7.975490686012727e-06, "stance_attribution": 0.0005225525274529044, "tweet_id": 525002191745347584, "text": "@CBCAlerts @CBCNews Ugh - another blow.", "type": "direct_reply"}, {"index": 2, "attribution": -3.618961446958389e-05, "content_attribution": -0.0018559698210038045, "stance_attribution": 0.0018197802065342207, "tweet_id": 525004832818491392, "text": "@CBCAlerts @CBCNews  Terror groups don't normally use guns outside of the Middle East. They use cars, bombs,knives. See if the PM spins this", "type": "direct_reply"}, {"index": 9, "attribution": -0.0019338789056011106, "content_attribution": -0.0022146241370387143, "stance_attribution": 0.0002807452314376036, "tweet_id": 525002387724201985, "text": "@CBCAlerts @CBCNews that's great. why doesn't he address the people who are 'locked down' in gov't buildings?? what's going on?????", "type": "direct_reply"}, {"index": 4, "attribution": -0.0029353273718374746, "content_attribution": 0.04344602372446672, "stance_attribution": -0.046381351096304195, "tweet_id": 525005841561554944, "text": "@petiterivergirl like him or not he is still the PM and he must address the nation.  Put your partisan bullshit away.  At least for today.", "type": "lower_reply"}, {"index": 22, "attribution": -0.0030163874598883476, "content_attribution": -0.0021748401088451273, "stance_attribution": -0.000841547351043221, "tweet_id": 525002247261147136, "text": "@CBCAlerts what time???!", "type": "direct_reply"}, {"index": 11, "attribution": -0.003016388217031798, "content_attribution": 0.009347898202886198, "stance_attribution": -0.012364286419917991, "tweet_id": 525018101554098176, "text": "@TheDeez91 @petiterivergirl  he's grown \nHe is a warmonger and he sure isn't my pm. He is a shame to us all", "type": "lower_reply"}, {"index": 6, "attribution": -0.00487319068810738, "content_attribution": 0.003815503816960414, "stance_attribution": -0.008688694505067793, "tweet_id": 525006099733557248, "text": "@maca_cali @CBCAlerts @CBCNews a terrible act has just occurred.  Put your partisan bullshit away... At least for today. #OttawaStrong", "type": "lower_reply"}, {"index": 1, "attribution": -0.004879802172682784, "content_attribution": 0.0012217207116413057, "stance_attribution": -0.0061015228843240895, "tweet_id": 525003193621950464, "text": "@CBCAlerts does it really take that long to do his makeup and prepare a speech?  we need leadership and answers, now more waiting..", "type": "direct_reply"}, {"index": 19, "attribution": -0.008043140067827137, "content_attribution": 0.003621866852888527, "stance_attribution": -0.011665006920715662, "tweet_id": 525008267261804546, "text": "@PTicks @CBCAlerts he's probably being briefed. People need to relay information to him before he can speak.", "type": "lower_reply"}, {"index": 18, "attribution": -0.00855051047787828, "content_attribution": 0.0044190736647221045, "stance_attribution": -0.012969584142600384, "tweet_id": 525002437107912704, "text": "@CBCAlerts @CBCNews unless he's resigning I'm not interested.", "type": "direct_reply"}, {"index": 14, "attribution": -0.27418006853997445, "content_attribution": 0.07369795552090438, "stance_attribution": -0.34787802406087875, "tweet_id": 525006470958813185, "text": "@TheDeez91 NO!!! He is NOT my PM. He is a fraud and a warmonger", "type": "lower_reply"}]}