{"thread_id": "525008613392515073", "gold_label": 0, "predicted_label": 0, "tweet_attributions": [{"index": 0, "attribution": 0.18791570358263704, "content_attribution": -0.03210990992416568, "stance_attribution": 0.2200256135068027, "tweet_id": 525008613392515073, "text": "A Canadian soldier who was standing on guard for thee is gone. Our thoughts are w everyone affected by the shootings in Ottawa #CanadaStrong", "type": "source"}, {"index": 2, "attribution": 0.11815533073953728, "content_attribution": -0.020334827673196148, "stance_attribution": 0.13849015841273343, "tweet_id": 525060426053468160, "text": "@weday RT \"We are all infidels\" #outlawIslam #cdnpoli", "type": "direct_reply"}, {"index": 1, "attribution": -0.012052682256497305, "content_attribution": -0.030145037787326887, "stance_attribution": 0.018092355530829586, "tweet_id": 525048816459071488, "text": "@weday it's so sad \ud83d\ude2d\ud83d\ude2d\ud83d\ude2d\ud83d\ude2d\ud83d\ude2d\ud83d\ude2d\ud83d\ude2d", "type": "direct_reply"}]}