{"thread_id": "525023025792835585", "gold_label": 0, "predicted_label": 0, "tweet_attributions": [{"index": 0, "attribution": 0.1102688506105837, "content_attribution": -0.02070248944631523, "stance_attribution": 0.13097134005689892, "tweet_id": 525023025792835585, "text": "#RIPNathanCirillo\n\nRT @globeandmail: Soldier killed at war memorial identified as Cpl. Nathan Cirillo #OttawaShooting http://t.co/uZZqmlctss", "type": "source"}, {"index": 11, "attribution": 0.0275625349543994, "content_attribution": -0.0009116557987343726, "stance_attribution": 0.028474190753133764, "tweet_id": 525040225441951744, "text": "@butterfly_LV @Cameron_Gray @globeandmail \ud83d\ude22", "type": "lower_reply"}, {"index": 9, "attribution": 0.024206392031876085, "content_attribution": -0.0023527875511102424, "stance_attribution": 0.026559179582986328, "tweet_id": 525024680613511169, "text": "@Cameron_Gray Heartbreaking! @globeandmail", "type": "direct_reply"}, {"index": 7, "attribution": 0.0020487097830703058, "content_attribution": 0.0009336596897655553, "stance_attribution": 0.001115050093304753, "tweet_id": 525028433106309121, "text": "\u201c@Cameron_Gray: #RIPNathanCirillo\n: Soldier killed at war memorial identified as Cpl. Nathan Cirillo #OttawaShooting http://t.co/QBkduHjIbe\u201d", "type": "direct_reply"}, {"index": 10, "attribution": 0.0011029072831309494, "content_attribution": 0.0020017428962525586, "stance_attribution": -0.000898835613121607, "tweet_id": 525025685820030976, "text": "@Cameron_Gray @julieG1 @globeandmail Effed-up for so many reasons.", "type": "direct_reply"}, {"index": 6, "attribution": 0.0008158495184197425, "content_attribution": 0.0005155561649477225, "stance_attribution": 0.0003002933534720193, "tweet_id": 525046262467293184, "text": "@Cameron_Gray @Ellysa_Maye @globeandmail Prayers &amp; hugs to his family. #RIPNathanCirillo", "type": "direct_reply"}, {"index": 2, "attribution": 0.0005097028936967758, "content_attribution": -0.0016904360320986063, "stance_attribution": 0.0022001389257953804, "tweet_id": 525025735338381313, "text": "@Cameron_Gray @globeandmail May he rest in peace.#respect", "type": "direct_reply"}, {"index": 1, "attribution": -0.00403534108309259, "content_attribution": -0.0020448304008716636, "stance_attribution": -0.0019905106822209256, "tweet_id": 525049296794574850, "text": "@Cameron_Gray @DAJSamarasinghe @globeandmail May His Soul Rest in Peace!", "type": "direct_reply"}, {"index": 8, "attribution": -0.00833415201511217, "content_attribution": -0.0027647928158293904, "stance_attribution": -0.005569359199282779, "tweet_id": 525023379481313281, "text": "@Cameron_Gray @globeandmail Rest In Peace Soldier and God Bless You.", "type": "direct_reply"}, {"index": 4, "attribution": -0.012959326779250541, "content_attribution": -0.008506544197420718, "stance_attribution": -0.004452782581829825, "tweet_id": 525031384029872128, "text": "@Cameron_Gray @globeandmail I am so sorry for him, his family and friends. May his memory be a blessing.", "type": "direct_reply"}, {"index": 3, "attribution": -0.01324909651351846, "content_attribution": -0.0019303531936803763, "stance_attribution": -0.011318743319838082, "tweet_id": 525024498999783424, "text": "@Cameron_Gray @globeandmail A hero's life cut short by a coward while standing by our symbol of freedom. Condolences to his family and CF.", "type": "direct_reply"}, {"index": 5, "attribution": -0.019559043008648396, "content_attribution": -0.00022724334959559782, "stance_attribution": -0.0193317996590528, "tweet_id": 525032806288601088, "text": "@Cameron_Gray @CFLancop @globeandmail Rest in Peace, Cpl Cirillo.  Prayers for his famil.", "type": "direct_reply"}]}