{"thread_id": "525038096086499328", "gold_label": 0, "predicted_label": 2, "tweet_attributions": [{"index": 2, "attribution": 2.315730848735402, "content_attribution": 0.04685482520888648, "stance_attribution": 2.2688760235265155, "tweet_id": 525069425654112256, "text": "@NATOSource @sally_feschuk Urgent vigil/rally in YYC this Sat at 4st sw war memorial, plzz RT TY God bless Canada!!", "type": "direct_reply"}, {"index": 11, "attribution": 2.197360658885801, "content_attribution": 0.0862918830026157, "stance_attribution": 2.1110687758831848, "tweet_id": 525071426638733312, "text": "@sally_feschuk @NATOSource 11 am sorry", "type": "lower_reply"}, {"index": 5, "attribution": 0.10461410177821007, "content_attribution": 0.07160301886075623, "stance_attribution": 0.033011082917453846, "tweet_id": 525071678108631040, "text": "@MerleTerlesky @NATOSource thank you.: )", "type": "lower_reply"}, {"index": 3, "attribution": 0.020175333291924304, "content_attribution": -0.0021122288873517896, "stance_attribution": 0.022287562179276094, "tweet_id": 525044524616122368, "text": "@NATOSource @CloseMoreDeals1 Why are people always Praying for ppl involved in destruction from Islam. Never hear of Muzzies praying.", "type": "direct_reply"}, {"index": 12, "attribution": 0.018324335802313366, "content_attribution": -0.0022515923656889333, "stance_attribution": 0.0205759281680023, "tweet_id": 525056967623331840, "text": "\u201c@NATOSource:RIP Cpl.Nathan Cirillo of Argyll and Sutherland Highlanders #CanadaStrong http://t.co/LSU6zdbdKi http://t.co/nQOT4nRs0o\u201d Amen", "type": "direct_reply"}, {"index": 10, "attribution": 0.00666610556487988, "content_attribution": -2.746139576882735e-05, "stance_attribution": 0.006693566960648705, "tweet_id": 525041999372886016, "text": "@NATOSource We send our prayers to the family of Cpl. Nathan Cirillo for their loss. May God grant you and the cpl his peace.", "type": "direct_reply"}, {"index": 4, "attribution": 0.0015236114543817347, "content_attribution": -0.002515989585054842, "stance_attribution": 0.004039601039436578, "tweet_id": 525041481531551744, "text": "@NATOSource @iowahawkblog \nCanada we mourn with you.\nDon't go to sleep like we have in the US.\n#Canada", "type": "direct_reply"}, {"index": 1, "attribution": -0.0010314192396856895, "content_attribution": 0.0005531730348283289, "stance_attribution": -0.0015845922745140184, "tweet_id": 525043247081857025, "text": "@NATOSource @HackmanWatch May his memory be a blessing.", "type": "direct_reply"}, {"index": 7, "attribution": -0.0016807785172032995, "content_attribution": 0.00011633774560150577, "stance_attribution": -0.0017971162628048053, "tweet_id": 525045808916606977, "text": "@NATOSource @HackmanWatch RIP. Si sad.  Islam is evil", "type": "direct_reply"}, {"index": 15, "attribution": -0.001846908051173644, "content_attribution": -0.0019028272768287326, "stance_attribution": 5.591922565508943e-05, "tweet_id": 525042171742023681, "text": "@NATOSource @RedGalBlueState RIP Cpl. Nathan Cirillo of the Argyll and Sutherland Highlanders.From US my prayers are with your family", "type": "direct_reply"}, {"index": 14, "attribution": -0.0022064144513029107, "content_attribution": -0.0014493493363334667, "stance_attribution": -0.0007570651149694434, "tweet_id": 525042056188928001, "text": "@NATOSource @iowahawkblog I'm sorry.", "type": "direct_reply"}, {"index": 6, "attribution": -0.004324124120610865, "content_attribution": -0.0019343239072779502, "stance_attribution": -0.0023898002133329152, "tweet_id": 525042767496359936, "text": "@NATOSource @iowahawkblog A hero murdered by a vile POS.", "type": "direct_reply"}, {"index": 9, "attribution": -0.01063641443108249, "content_attribution": 0.00019779847101759207, "stance_attribution": -0.010834212902100083, "tweet_id": 525064078050332672, "text": "@NATOSource @MasterGuns1313 R.I.P. and prayers to the family", "type": "direct_reply"}, {"index": 13, "attribution": -0.017083868162206643, "content_attribution": -0.0004612453275296948, "stance_attribution": -0.01662262283467695, "tweet_id": 525067600393691137, "text": "@NATOSource ..another hero ...another atrocity", "type": "direct_reply"}, {"index": 0, "attribution": -0.1898679624900983, "content_attribution": -0.006472751888152283, "stance_attribution": -0.183395210601946, "tweet_id": 525038096086499328, "text": "RIP Cpl. Nathan Cirillo of the Argyll and Sutherland Highlanders #CanadaStrong http://t.co/dpsb3yvq7j http://t.co/b7enjB7vIa", "type": "source"}, {"index": 8, "attribution": -0.6271987676724299, "content_attribution": 0.028818758973209332, "stance_attribution": -0.6560175266456392, "tweet_id": 525070086529617920, "text": "@MerleTerlesky @NATOSource what time please?", "type": "lower_reply"}]}