{"thread_id": "525002842021445632", "gold_label": 0, "predicted_label": 0, "tweet_attributions": [{"index": 0, "attribution": 0.2866176568818415, "content_attribution": 0.026433156847547754, "stance_attribution": 0.26018450003429366, "tweet_id": 525002842021445632, "text": "Condolences to the family of the fallen officer in #Ottawa He was a hero who bravely stood in defence of our country and our freedoms", "type": "source"}, {"index": 1, "attribution": 0.08049804213282473, "content_attribution": -0.007289163345099879, "stance_attribution": 0.08778720547792462, "tweet_id": 525016918332538880, "text": "@SuzanneAnton. How is guarding a statue heroic??? Merely being dead doesn't make you a hero........", "type": "direct_reply"}, {"index": 2, "attribution": -0.011635719241896476, "content_attribution": -0.02130312512737805, "stance_attribution": 0.009667405885481576, "tweet_id": 525004121724956673, "text": "@suzanneanton @cbcnews Murdered soldier.", "type": "direct_reply"}]}