{"thread_id": "525033625788907520", "gold_label": 2, "predicted_label": 2, "tweet_attributions": [{"index": 2, "attribution": 0.6574502370283957, "content_attribution": 0.01474342804605499, "stance_attribution": 0.6427068089823406, "tweet_id": 525091895140421634, "text": ".@20committee I kinda wonder if it would have been better to allow him to travel and just prevent his return. Makes probs for others though", "type": "direct_reply"}, {"index": 5, "attribution": 0.35782292000358046, "content_attribution": 0.015875303203204096, "stance_attribution": 0.3419476168003764, "tweet_id": 525094979908411392, "text": "@20committee I think you mean the other guy who ran over a soldier on Monday. He wanted to fly to Syria and was stopped. Your point stands.", "type": "direct_reply"}, {"index": 1, "attribution": 0.04233477421435672, "content_attribution": -0.00029791980919338385, "stance_attribution": 0.042632694023550105, "tweet_id": 525515458498150400, "text": "@20committee there is a lesson to be learnt - send them to wherever they want to go, let them die there, but don't let them come back ever!", "type": "direct_reply"}, {"index": 3, "attribution": 0.03695678167315586, "content_attribution": 0.00028152580403292945, "stance_attribution": 0.03667525586912293, "tweet_id": 525056524058501120, "text": "@20committee With idiots like this fanning the flames https://t.co/QmHStBalza it's no wonder", "type": "direct_reply"}, {"index": 9, "attribution": 0.024044172590463646, "content_attribution": 0.0014875911306468776, "stance_attribution": 0.02255658145981677, "tweet_id": 525076673621131264, "text": "@20committee @martina__1974 if he was a terror suspect he should have been locked up not stopped from travel", "type": "direct_reply"}, {"index": 12, "attribution": 0.022849660037387892, "content_attribution": 0.0001197433431581722, "stance_attribution": 0.02272991669422972, "tweet_id": 525036174642253824, "text": "@20committee @rbeestweets \n&amp;what about all these teens that we stop from going abroad does anyone think they wont be terrorists here?", "type": "direct_reply"}, {"index": 10, "attribution": 0.007917865177939213, "content_attribution": -0.0012980912126448734, "stance_attribution": 0.009215956390584087, "tweet_id": 525033966441877504, "text": "@20committee Perhaps better to have let him gone and denied his return ? Big implications for Europe here :(", "type": "direct_reply"}, {"index": 4, "attribution": 0.007035830170219597, "content_attribution": -0.00016658567221090767, "stance_attribution": 0.007202415842430504, "tweet_id": 525066371563270145, "text": "@20committee @BettinaVLA If he had gone maybe one of our airstrikes would have got him.", "type": "direct_reply"}, {"index": 11, "attribution": 0.006331197724703646, "content_attribution": -0.0029437737708124185, "stance_attribution": 0.009274971495516064, "tweet_id": 525066309210738688, "text": "@20committee @BettinaVLA We can't give up our lives in the name of fear..Attack them head on.. Aggressively.", "type": "direct_reply"}, {"index": 7, "attribution": 0.004581971746069514, "content_attribution": -0.00321248551298916, "stance_attribution": 0.007794457259058672, "tweet_id": 525043872045744128, "text": "@20committee \nLooks like a fatal flaw in the prevent strategy then.", "type": "direct_reply"}, {"index": 6, "attribution": -0.0173199681633461, "content_attribution": 0.032464045912271616, "stance_attribution": -0.049784014075617715, "tweet_id": 525129779851587584, "text": "@20committee No, you're right. I just read that Zehaf-Bebeau wanted to go go to Libya and was prevented.", "type": "lower_reply"}, {"index": 8, "attribution": -0.10030695893819878, "content_attribution": 0.039332639445844454, "stance_attribution": -0.13963959838404322, "tweet_id": 525092124384325632, "text": "@Corsair8X indeed", "type": "lower_reply"}, {"index": 0, "attribution": -0.45843811407654683, "content_attribution": -0.00855827216536419, "stance_attribution": -0.4498798419111827, "tweet_id": 525033625788907520, "text": "Good news is Canadian gov't successfully prevented Zehaf-Bebeau from joining #ISIS abroad. Bad news is he waged jihad in #Ottawa today.", "type": "source"}]}