{"thread_id": "525010245811466240", "gold_label": 0, "predicted_label": 0, "tweet_attributions": [{"index": 0, "attribution": 0.18496130829448626, "content_attribution": -0.01603825280078803, "stance_attribution": 0.20099956109527428, "tweet_id": 525010245811466240, "text": "The University of Ottawa is no longer in lockdown. #cbcOTT #OTTnews", "type": "source"}, {"index": 1, "attribution": 0.1086306725536375, "content_attribution": -0.01134300854180713, "stance_attribution": 0.11997368109544462, "tweet_id": 525017229671542786, "text": "\u201c@CBCOttawa: The University of Ottawa is no longer in lockdown. #cbcOTT #OTTnews\u201dLol still not going to class doe", "type": "direct_reply"}, {"index": 2, "attribution": -0.018380308691945083, "content_attribution": -0.010658639040818135, "stance_attribution": -0.007721669651126948, "tweet_id": 525011342055702528, "text": "Thankful for this @uottawa \u201c@CBCOttawa: The University of Ottawa is no longer in lockdown. #cbcOTT #OTTnews\u201d", "type": "direct_reply"}, {"index": 3, "attribution": -0.03429856694283936, "content_attribution": -0.026263626924393536, "stance_attribution": -0.008034940018445826, "tweet_id": 525012093674987521, "text": "@CBCOttawa http://t.co/Bon6IMlERk NIGHTMARE OF TERRORISM IN CANADA", "type": "direct_reply"}]}