{"thread_id": "525036393983381504", "gold_label": 0, "predicted_label": 2, "tweet_attributions": [{"index": 6, "attribution": 4.601829105143506, "content_attribution": 0.045154314063363794, "stance_attribution": 4.556674791080141, "tweet_id": 525054087562551296, "text": "@whipple_marie @kevinkrasnow @dexybailman @globeandmail he was guarding the memorial I think", "type": "lower_reply"}, {"index": 3, "attribution": 1.502614908869982, "content_attribution": 0.003968019178163893, "stance_attribution": 1.4986468896918184, "tweet_id": 525054524776800256, "text": "@CodyL1997 @whipple_marie @dexybailman @globeandmail thanks, cody. Whether he was armed or unarmed, a tragedy. -kevin, Bethesda, Maryland.", "type": "lower_reply"}, {"index": 7, "attribution": 0.5949368397685089, "content_attribution": 0.014714436962195966, "stance_attribution": 0.580222402806313, "tweet_id": 525060253809799168, "text": "@CodyL1997 @dexybailman @whipple_marie @kevinkrasnow @globeandmail Yes they are stationed their.", "type": "lower_reply"}, {"index": 17, "attribution": 0.15129609907049418, "content_attribution": 0.02131540742647052, "stance_attribution": 0.12998069164402365, "tweet_id": 525054679307517953, "text": "@kevinkrasnow @whipple_marie @dexybailman @globeandmail Ya its fucked up someone shoots a soldier at a war memorial at that", "type": "lower_reply"}, {"index": 16, "attribution": 0.04845184279877481, "content_attribution": 0.04381462738330153, "stance_attribution": 0.004637215415473277, "tweet_id": 525042916113534978, "text": "@whipple_marie @dexybailman @globeandmail Not sure.", "type": "lower_reply"}, {"index": 22, "attribution": 0.02101229007192339, "content_attribution": -5.182184422248439e-05, "stance_attribution": 0.021064111916145874, "tweet_id": 525038595628077057, "text": "@globeandmail  My Thoughts and Prayers go out to Cpl. Nathan Cirillo who was killed today.", "type": "direct_reply"}, {"index": 0, "attribution": 0.019680934648886067, "content_attribution": 0.025035295085535293, "stance_attribution": -0.005354360436649226, "tweet_id": 525036393983381504, "text": "Soldier killed at war memorial identified as Cpl. Nathan Cirillo #ottawashooting http://t.co/oSR91Uxgm3 http://t.co/UyftuUod27", "type": "source"}, {"index": 15, "attribution": 0.014972417362627612, "content_attribution": 0.0024741231412437944, "stance_attribution": 0.012498294221383818, "tweet_id": 525042485392068609, "text": "@globeandmail  Always good solid people taken down. God Bless him", "type": "direct_reply"}, {"index": 4, "attribution": 0.01172927269914976, "content_attribution": 0.008624870190143387, "stance_attribution": 0.0031044025090063766, "tweet_id": 525061091702108160, "text": "@wspickerman @CodyL1997 @dexybailman @whipple_marie @globeandmail Thx. All of us in U.S. are mourning his loss as if he was one of our own.", "type": "lower_reply"}, {"index": 8, "attribution": 0.010171765595671567, "content_attribution": -0.0001710433724564261, "stance_attribution": 0.010342808968127995, "tweet_id": 525040408985092096, "text": "RIP :( \n\nliterally Heart broken &lt;/3\n\"@globeandmail: Soldier killed at war memorial identified as Cpl. Nathan Cirillo http://t.co/2vcQJMjq81\"", "type": "direct_reply"}, {"index": 11, "attribution": 0.009678137383677572, "content_attribution": 0.0005882071004728768, "stance_attribution": 0.009089930283204695, "tweet_id": 525037877650923520, "text": "\u201c@globeandmail:  #ottawashooting http://t.co/Z3bE4OQg4D http://t.co/41TwEFONiS\u201d. Condolences to his family. What a terrible tragedy!", "type": "direct_reply"}, {"index": 1, "attribution": 0.004295529981935302, "content_attribution": 6.263529122406674e-05, "stance_attribution": 0.004232894690711235, "tweet_id": 525041345824833537, "text": "@globeandmail RIP Nathan", "type": "direct_reply"}, {"index": 10, "attribution": 0.0010050813908787425, "content_attribution": -0.001713776664320288, "stance_attribution": 0.0027188580551990305, "tweet_id": 525037556732538880, "text": "@globeandmail I will never understand how shooting somebody, at a war memorial no less, furthers any cause.", "type": "direct_reply"}, {"index": 13, "attribution": -0.00010522277704075221, "content_attribution": -0.0001925049613709936, "stance_attribution": 8.728218433024133e-05, "tweet_id": 525039291328901120, "text": "@globeandmail @VivianBercovici may he rest in peace", "type": "direct_reply"}, {"index": 12, "attribution": -0.00028656816490137756, "content_attribution": -0.0006365350239862707, "stance_attribution": 0.0003499668590848941, "tweet_id": 525046893320343555, "text": "\u201c@globeandmail: Soldier killed at war memorial identified as Cpl. Nathan Cirillo http://t.co/JVrhzSy6Sn http://t.co/oJAgHZMLb4\u201d RIP, Soldier", "type": "direct_reply"}, {"index": 21, "attribution": -0.000870304540735758, "content_attribution": 3.1087342528493086e-05, "stance_attribution": -0.0009013918832642509, "tweet_id": 525039206293590017, "text": "\u201c@globeandmail: Soldier killed at war memorial identified as Cpl. Nathan Cirillo #ottawa http://t.co/RBQwWt6JK9 http://t.co/7ZCKLPqpxa\u201d", "type": "direct_reply"}, {"index": 18, "attribution": -0.0009702403875169449, "content_attribution": 1.292993021270077e-05, "stance_attribution": -0.0009831703177296458, "tweet_id": 525040641601179648, "text": "My thoughts and prayers go out to his family @globeandmail:Soldier killed at war memorial identified as Cpl. Nathan Cirillo #ottawashooting", "type": "direct_reply"}, {"index": 14, "attribution": -0.0019981750075459344, "content_attribution": -0.0013585270860962601, "stance_attribution": -0.0006396479214496741, "tweet_id": 525039431175385089, "text": "@globeandmail Our sincere condolences.", "type": "direct_reply"}, {"index": 20, "attribution": -0.0021842721023623826, "content_attribution": -3.62829768494459e-05, "stance_attribution": -0.0021479891255129367, "tweet_id": 525037894248185856, "text": "@globeandmail wow -knew him when he was a young kid. Always had lots of energy. Was a great kid.praying for his family right now. #hamont", "type": "direct_reply"}, {"index": 2, "attribution": -0.0026026592653625442, "content_attribution": 6.209546405622587e-05, "stance_attribution": -0.0026647547294187703, "tweet_id": 525041154602332162, "text": "@globeandmail @wmcgregor1 \ud83d\ude14\ud83d\udc94", "type": "direct_reply"}, {"index": 9, "attribution": -0.003566777255150429, "content_attribution": -0.0006305993623458418, "stance_attribution": -0.002936177892804587, "tweet_id": 525042714904371200, "text": "@globeandmail Such a shame...", "type": "direct_reply"}, {"index": 5, "attribution": -0.010412435685998233, "content_attribution": 0.0028324812956156444, "stance_attribution": -0.013244916981613876, "tweet_id": 525036761144360960, "text": "@globeandmail sigh. Such a nice photo of him and his dog.  Awful. Just awful.", "type": "direct_reply"}, {"index": 19, "attribution": -0.3474290445347221, "content_attribution": 0.05748916442973391, "stance_attribution": -0.404918208964456, "tweet_id": 525041538674733056, "text": "@kevinkrasnow @dexybailman @globeandmail Was this solider armed?", "type": "lower_reply"}]}