{"thread_id": "525026219100995584", "gold_label": 0, "predicted_label": 2, "tweet_attributions": [{"index": 19, "attribution": 3.207759933303766, "content_attribution": 0.047303216986671184, "stance_attribution": 3.1604567163170945, "tweet_id": 525048108028530688, "text": "@globeandmail \nI hope your government doesn't denigrate your sacrifice by dismissing it as workplace violence. \n@retiredchiefANG", "type": "lower_reply"}, {"index": 12, "attribution": 2.040044056721572, "content_attribution": 0.08630306884891611, "stance_attribution": 1.953740987872656, "tweet_id": 525050271245025280, "text": "@grampa_Tex @globeandmail - they won't for sure", "type": "lower_reply"}, {"index": 10, "attribution": 0.9075756945220611, "content_attribution": -0.012729496361233092, "stance_attribution": 0.9203051908832941, "tweet_id": 525047425678180352, "text": "@globeandmail \nRIP, Cpl Cirillo...\n@retiredchiefANG", "type": "direct_reply"}, {"index": 11, "attribution": 0.801321673625775, "content_attribution": 0.020372150793398717, "stance_attribution": 0.7809495228323763, "tweet_id": 525078817644482563, "text": "@dogsandguns @globeandmail @WorldMedia4u  WARMONGERING..? YOUR EFFING KIDDING RIGHT? GROW UP!!!!!.. AN INNOCENT LOST HIS LIFE!!", "type": "lower_reply"}, {"index": 20, "attribution": 0.6612441997168069, "content_attribution": 0.016991122183807286, "stance_attribution": 0.6442530775329995, "tweet_id": 525082772197883904, "text": "@drmgrl_1 @globeandmail @WorldMedia4u oh you must only be able to think in one dimension at a time, sad how dumbed down ppl are now", "type": "lower_reply"}, {"index": 6, "attribution": 0.5944153619084019, "content_attribution": 0.016535420246109364, "stance_attribution": 0.5778799416622926, "tweet_id": 525048234394521600, "text": "@globeandmail @WorldMedia4u a disgraceful waste,we should call all our warriors back and focus on defense &amp; not follow American warmongering", "type": "direct_reply"}, {"index": 16, "attribution": 0.15154285693695757, "content_attribution": 0.018257744672734548, "stance_attribution": 0.13328511226422302, "tweet_id": 525084327265443840, "text": "@dogsandguns @globeandmail @WorldMedia4u oh right I'm sooo sorry, I'm way too simple to comprehend. #douchbag #asshat", "type": "lower_reply"}, {"index": 17, "attribution": 0.11272061672425947, "content_attribution": 0.017210625617478152, "stance_attribution": 0.09550999110678132, "tweet_id": 525082471688601601, "text": "@drmgrl_1 @globeandmail @WorldMedia4u you like it when Canadians die in the mid east so the Americans can steal resources?", "type": "lower_reply"}, {"index": 24, "attribution": 0.018344207076559232, "content_attribution": 0.04402824190287831, "stance_attribution": -0.025684034826319063, "tweet_id": 525054250767093760, "text": "@retiredchiefANG \nI sure hope not, but I never dreamed mine would do it, but they did...\n@globeandmail", "type": "lower_reply"}, {"index": 2, "attribution": 0.01834267956821002, "content_attribution": 1.1734721387054774e-05, "stance_attribution": 0.018330944846822968, "tweet_id": 525073999286763522, "text": "@globeandmail RIP", "type": "direct_reply"}, {"index": 23, "attribution": 0.017552926122789025, "content_attribution": 0.02284978529536519, "stance_attribution": -0.005296859172576164, "tweet_id": 525083185139687424, "text": "@dogsandguns @globeandmail @WorldMedia4u  right douchbag turn a murder of an innocent husband, father, son, brother into a political podium", "type": "lower_reply"}, {"index": 14, "attribution": 0.012820124825035636, "content_attribution": -0.0007938553234740561, "stance_attribution": 0.013613980148509692, "tweet_id": 525029745545592832, "text": "@globeandmail time for a bombing run against the fuckers who did this. This guy was a hero.", "type": "direct_reply"}, {"index": 18, "attribution": 0.009254021879179931, "content_attribution": -0.0011929688652487671, "stance_attribution": 0.010446990744428697, "tweet_id": 525043281714245632, "text": "@globeandmail @jobbers7  time to send troops. WTF. Kill them before it starts here.", "type": "direct_reply"}, {"index": 8, "attribution": 0.006172443991912588, "content_attribution": 0.0038068675719664063, "stance_attribution": 0.0023655764199461823, "tweet_id": 525036659340247041, "text": "@globeandmail @campbellru24  bows head, salutes,  mourns his passing #WLf http://t.co/sNC5d78gJk", "type": "direct_reply"}, {"index": 22, "attribution": 0.005160883181710903, "content_attribution": -4.68130913980653e-06, "stance_attribution": 0.005165564490850709, "tweet_id": 525029883240411136, "text": "@globeandmail @FriedgeHNIC God bless him and his family", "type": "direct_reply"}, {"index": 3, "attribution": 0.0036629850017085032, "content_attribution": -3.356460032585143e-05, "stance_attribution": 0.0036965496020343546, "tweet_id": 525030843908362240, "text": "@globeandmail Thank-you for your service. RIP.", "type": "direct_reply"}, {"index": 4, "attribution": 0.0023073369326970282, "content_attribution": -1.458418957760254e-05, "stance_attribution": 0.0023219211222746303, "tweet_id": 525044283619807233, "text": "@globeandmail I'm so sorry for him,his family and friends.My heartfelt sympathy from Germany #NathanCirillo #ottawashooting @SusanneSaville", "type": "direct_reply"}, {"index": 13, "attribution": 0.0017800113682495677, "content_attribution": 0.0015260908967771256, "stance_attribution": 0.00025392047147244185, "tweet_id": 525037189722570752, "text": "@BergsonSandra thank you. That means a lot.", "type": "lower_reply"}, {"index": 7, "attribution": -0.00010382170618205297, "content_attribution": 0.00016804187476018352, "stance_attribution": -0.0002718635809422364, "tweet_id": 525043847043112960, "text": "@globeandmail @Raffi_RC So awful that this has happened! \n\n:(", "type": "direct_reply"}, {"index": 9, "attribution": -0.0003916039452102044, "content_attribution": -0.00031399961850418, "stance_attribution": -7.760432670602448e-05, "tweet_id": 525031586765758464, "text": "@globeandmail Condolences to his family #RIP", "type": "direct_reply"}, {"index": 1, "attribution": -0.0005714547402883237, "content_attribution": -0.0005345850866119259, "stance_attribution": -3.686965367639791e-05, "tweet_id": 525066359827603456, "text": "@globeandmail @wynharding so horrible. I am so very sorry for such a loss.", "type": "direct_reply"}, {"index": 15, "attribution": -0.0029301674519258674, "content_attribution": -0.00175133728293127, "stance_attribution": -0.001178830168994598, "tweet_id": 525031185408618497, "text": "\u201c@globeandmail: Soldier killed identified as Cpl. Nathan Cirillo #ottawashooting http://t.co/agpjWJhn7L http://t.co/hzP836BpKc\u201d \ud83d\ude14", "type": "direct_reply"}, {"index": 21, "attribution": -0.005103957827227407, "content_attribution": -0.00029749694373046526, "stance_attribution": -0.004806460883496942, "tweet_id": 525032839478513665, "text": "@globeandmail So upset.. Rest in peace friend", "type": "direct_reply"}, {"index": 5, "attribution": -0.008607800740547155, "content_attribution": -0.0004758740054372617, "stance_attribution": -0.008131926735109894, "tweet_id": 525030525686513664, "text": "@globeandmail @ninatypewriter So young:(", "type": "direct_reply"}, {"index": 0, "attribution": -0.046165502927301545, "content_attribution": 0.03474495046539102, "stance_attribution": -0.08091045339269257, "tweet_id": 525026219100995584, "text": "Soldier killed at war memorial identified as Cpl. Nathan Cirillo #ottawashooting http://t.co/jlUKClnuNi http://t.co/GpU2jH26YP", "type": "source"}]}