{"thread_id": "525067386849091584", "gold_label": 0, "predicted_label": 2, "tweet_attributions": [{"index": 15, "attribution": 0.6913325834131472, "content_attribution": 0.006435082397552865, "stance_attribution": 0.6848975010155944, "tweet_id": 525069797202329602, "text": "...while hosting a team from a country which just massacred hundreds @Raptors", "type": "direct_reply"}, {"index": 9, "attribution": 0.5801103350071495, "content_attribution": 0.005215627778521265, "stance_attribution": 0.5748947072286281, "tweet_id": 525068067685285888, "text": "@Raptors class act!", "type": "direct_reply"}, {"index": 10, "attribution": 0.08756791192384572, "content_attribution": 0.03452002348180909, "stance_attribution": 0.05304788844203663, "tweet_id": 525098705205362688, "text": "@WPFact @Raptors this.", "type": "lower_reply"}, {"index": 8, "attribution": 0.04068556979578117, "content_attribution": -0.0005599660225816136, "stance_attribution": 0.04124553581836277, "tweet_id": 525068107040428033, "text": "@Raptors @boom973 What about Warrant Officer Patrice Vincent?", "type": "direct_reply"}, {"index": 7, "attribution": 0.024237687859301693, "content_attribution": -0.0029766153951386177, "stance_attribution": 0.02721430325444031, "tweet_id": 525067902861705216, "text": "@Raptors The right thing to do.", "type": "direct_reply"}, {"index": 16, "attribution": 0.019074024677976895, "content_attribution": 0.02231704807761297, "stance_attribution": -0.0032430233996360754, "tweet_id": 525107690570526722, "text": "@rio1389 @Raptors ditto.", "type": "lower_reply"}, {"index": 18, "attribution": 0.01813647432731366, "content_attribution": -0.000521707931104153, "stance_attribution": 0.018658182258417817, "tweet_id": 525077094746030080, "text": "@Raptors exact reason why i love the raptors so much", "type": "direct_reply"}, {"index": 14, "attribution": 0.016744334841795612, "content_attribution": -0.001365539446888071, "stance_attribution": 0.018109874288683686, "tweet_id": 525070094507188224, "text": "#WeTheNorth -&gt; @Raptors Raptors hold a moment of silence to honour Cpl. Nathan Cirillo and all those affected by today's events in Ottawa.", "type": "direct_reply"}, {"index": 1, "attribution": 0.013102784434543522, "content_attribution": 0.0004340200353760144, "stance_attribution": 0.012668764399167507, "tweet_id": 525067743029391360, "text": "RT @Raptors: hold moment of silence to honour Cpl. Nathan Cirillo and all those affected by today's events in Ottawa. http://t.co/mwzi8bZaL4", "type": "direct_reply"}, {"index": 3, "attribution": 0.010974033275714393, "content_attribution": 0.000292454886720594, "stance_attribution": 0.0106815783889938, "tweet_id": 525067588649226240, "text": "@Raptors my babies.", "type": "direct_reply"}, {"index": 19, "attribution": 0.005496614654203837, "content_attribution": -6.526492453314716e-05, "stance_attribution": 0.005561879578736984, "tweet_id": 525071900041838592, "text": "@Raptors That's very classy.  STAY STRONG CANADA STAY STRONG. CANADIAN SOLDIERS, police, firefighters and paramedics. We will prevail.", "type": "direct_reply"}, {"index": 4, "attribution": 0.004524936672274708, "content_attribution": -0.0006092325370071094, "stance_attribution": 0.0051341692092818185, "tweet_id": 525076301720616960, "text": "@Raptors @Fatahfor3 wooow soo real", "type": "direct_reply"}, {"index": 5, "attribution": 0.003241885168038151, "content_attribution": 0.00043478017075230315, "stance_attribution": 0.002807104997285848, "tweet_id": 525067984810016768, "text": "@Raptors that's respect", "type": "direct_reply"}, {"index": 20, "attribution": 0.002350395592535389, "content_attribution": 4.6832253280262826e-05, "stance_attribution": 0.0023035633392551255, "tweet_id": 525068492870262784, "text": "@Raptors @CBCNews #respect", "type": "direct_reply"}, {"index": 12, "attribution": 0.0022939381319035572, "content_attribution": -0.0012796831161699966, "stance_attribution": 0.003573621248073553, "tweet_id": 525068130310447107, "text": "@Raptors May the souls of those lost rest in peace.", "type": "direct_reply"}, {"index": 11, "attribution": 0.0018624527513351344, "content_attribution": -0.00015729579053693545, "stance_attribution": 0.00201974854187207, "tweet_id": 525070776647835650, "text": "@Raptors Thank You #WeTheNorth #OttawaStrong #OneCountry", "type": "direct_reply"}, {"index": 2, "attribution": 0.0014002906309991368, "content_attribution": 0.00026948118510312507, "stance_attribution": 0.001130809445896012, "tweet_id": 525070123410128896, "text": "@Raptors @jellerton Thank you Raptors.", "type": "direct_reply"}, {"index": 17, "attribution": 0.0013997285416786453, "content_attribution": -0.0004418391999271038, "stance_attribution": 0.0018415677416057491, "tweet_id": 525070664005615617, "text": "@Raptors How have I never heard of this team", "type": "direct_reply"}, {"index": 6, "attribution": 0.000742779716280675, "content_attribution": 0.0014373062039826023, "stance_attribution": -0.0006945264877019272, "tweet_id": 525081268242116608, "text": "The reason why I love @Raptors \nRespects", "type": "direct_reply"}, {"index": 13, "attribution": -0.0009237967084788489, "content_attribution": -0.000380212776882722, "stance_attribution": -0.0005435839315961269, "tweet_id": 525075293133086720, "text": "@Raptors very classy #Respect #CanadaStrong", "type": "direct_reply"}, {"index": 0, "attribution": -0.7670138117899176, "content_attribution": 0.01625203060662922, "stance_attribution": -0.7832658423965467, "tweet_id": 525067386849091584, "text": "Raptors hold a moment of silence to honour Cpl. Nathan Cirillo and all those affected by today's events in Ottawa. http://t.co/hqoIIvCRNj", "type": "source"}]}