{"thread_id": "525025463648137216", "gold_label": 0, "predicted_label": 0, "tweet_attributions": [{"index": 0, "attribution": 0.16801422705080246, "content_attribution": -0.007687220210798278, "stance_attribution": 0.1757014472616007, "tweet_id": 525025463648137216, "text": "BREAKING: A source confirms to CP24 that the deceased soldier in Ottawa is Cpl. Nathan Cirillo. Cirillo was a member of the Hamilton Argylls", "type": "source"}, {"index": 7, "attribution": 0.06770723363812278, "content_attribution": -0.004061252820132992, "stance_attribution": 0.07176848645825576, "tweet_id": 525026196451782656, "text": "@CP24 So sad. Too close to home. He's in God's hands now.", "type": "direct_reply"}, {"index": 8, "attribution": 0.03894530114618899, "content_attribution": 0.03647485802532158, "stance_attribution": 0.002470443120867421, "tweet_id": 525026551411519488, "text": "@CP24 I teared up when I heard. \n\nRIP Cpl Cirillo.", "type": "direct_reply"}, {"index": 6, "attribution": 0.0317253235936397, "content_attribution": 0.006682852674560178, "stance_attribution": 0.025042470919079525, "tweet_id": 525026071457300480, "text": "@CP24 R IP NATHAN !", "type": "direct_reply"}, {"index": 5, "attribution": 0.014428042321295433, "content_attribution": -0.00014827663028880317, "stance_attribution": 0.014576318951584236, "tweet_id": 525037638898954240, "text": "Condolences to Cpl.'s family/friends \u201c@CP24: BREAKING: deceased soldier in Ottawa is Cpl. Nathan Cirillo...member of the Hamilton Argylls\u201d", "type": "direct_reply"}, {"index": 9, "attribution": 0.013057597152707514, "content_attribution": -0.0008745629771558745, "stance_attribution": 0.013932160129863388, "tweet_id": 525031063178211330, "text": "@CP24 very sad news. RIP \ud83d\ude4f", "type": "direct_reply"}, {"index": 3, "attribution": 0.012916280827636784, "content_attribution": 0.002610193731903598, "stance_attribution": 0.010306087095733187, "tweet_id": 525027171321282560, "text": "@CP24 #RIPNathanCirillo http://t.co/EkA41ho0UB", "type": "direct_reply"}, {"index": 10, "attribution": 0.002609695455728987, "content_attribution": -0.0011260402493510104, "stance_attribution": 0.003735735705079998, "tweet_id": 525029708384468994, "text": "@CP24 Rip :(", "type": "direct_reply"}, {"index": 4, "attribution": 0.0024693916211351256, "content_attribution": -0.00110417265743994, "stance_attribution": 0.0035735642785750645, "tweet_id": 525027625329508352, "text": "@CP24 RIP", "type": "direct_reply"}, {"index": 1, "attribution": 0.001348253707802592, "content_attribution": -0.002829169525656027, "stance_attribution": 0.004177423233458617, "tweet_id": 525032025238294528, "text": "@CP24 @aliimariano Rest in peace soldier. \u2764", "type": "direct_reply"}, {"index": 2, "attribution": 8.366216351406966e-05, "content_attribution": -0.01350242207222659, "stance_attribution": 0.01358608423574066, "tweet_id": 525025722466058240, "text": "@CP24 this is heartbreaking.", "type": "direct_reply"}]}