{"thread_id": "525035564014526464", "gold_label": 2, "predicted_label": 2, "tweet_attributions": [{"index": 7, "attribution": 2.490155366113027, "content_attribution": 0.06294347184583499, "stance_attribution": 2.427211894267192, "tweet_id": 525037001435672576, "text": "@Raynsb @washingtonpost I certainly hope you're being sarcastic", "type": "lower_reply"}, {"index": 6, "attribution": 1.4788334327142119, "content_attribution": -0.005693553224297036, "stance_attribution": 1.4845269859385088, "tweet_id": 525036024406081538, "text": "@washingtonpost Really?  The idiot was a recent Muslim convert....of course it was.", "type": "direct_reply"}, {"index": 15, "attribution": 0.44458157116941666, "content_attribution": 0.032694931384552144, "stance_attribution": 0.4118866397848645, "tweet_id": 525036393655848960, "text": "@TXHolyWarrior @washingtonpost these guys are usually right wing extremists. Almost always. I mean one time 25 yrs ago do you remember?", "type": "lower_reply"}, {"index": 10, "attribution": 0.44226858777661254, "content_attribution": 0.08618681610005785, "stance_attribution": 0.3560817716765547, "tweet_id": 525037731307458560, "text": "@TXHolyWarrior @washingtonpost #sarcasmfontneeded but yes", "type": "lower_reply"}, {"index": 11, "attribution": 0.00954499970296347, "content_attribution": 0.0098968694898439, "stance_attribution": -0.0003518697868804313, "tweet_id": 525066302939856896, "text": "@TXHolyWarrior @washingtonpost WP: \"Now lets not rush to any judgements, we'll release a story of the investigation-After we are BANKRUPT!", "type": "lower_reply"}, {"index": 18, "attribution": 0.006946722650293407, "content_attribution": -1.337932074770709e-05, "stance_attribution": 0.006960101971041114, "tweet_id": 525037397868699648, "text": "@washingtonpost @markberman  @JulieBishopMP says it has all the marks of a terrorist attack Canadians say  their unsure shoot first Julie ?", "type": "direct_reply"}, {"index": 17, "attribution": 0.004891255659703123, "content_attribution": 0.0005683144733588547, "stance_attribution": 0.004322941186344267, "tweet_id": 525037317376184323, "text": "\"@washingtonpost: FBI working with Canadian authorities to determine if Ottawa shooting was an act of terrorism http://t.co/DOLAvzVoaI\"", "type": "direct_reply"}, {"index": 5, "attribution": 0.002842607669502475, "content_attribution": -0.004856901843388847, "stance_attribution": 0.007699509512891322, "tweet_id": 525038024451555328, "text": "@TXHolyWarrior @washingtonpost but I'm watching msnbc they told me it's likely a crazy white guy with a Canadian name", "type": "lower_reply"}, {"index": 13, "attribution": 0.00016913475805769066, "content_attribution": -0.000352462590359067, "stance_attribution": 0.0005215973484167576, "tweet_id": 525040207994056704, "text": "@washingtonpost really ???? Isn't it apparent", "type": "direct_reply"}, {"index": 2, "attribution": -9.097477679028533e-05, "content_attribution": 0.0001960296044074161, "stance_attribution": -0.00028700438119770143, "tweet_id": 525036375020949504, "text": "\u201c@washingtonpost: FBI working with Canadian authorities to determine if Ottawa shooting was an act of terrorism http://t.co/3XwdXGcMzK\u201d", "type": "direct_reply"}, {"index": 1, "attribution": -0.0008515097150693356, "content_attribution": -0.0005108614794979694, "stance_attribution": -0.0003406482355713663, "tweet_id": 525036058220969984, "text": "\u201c@washingtonpost: FBI working with Canadian authorities to determine if Ottawa shooting was an act of terrorism, FBI are you fucking kidding", "type": "direct_reply"}, {"index": 14, "attribution": -0.002770357696106409, "content_attribution": -0.002693193263154894, "stance_attribution": -7.716443295151384e-05, "tweet_id": 525040347466842112, "text": "@washingtonpost Sorry for the loss of live in Canada.", "type": "direct_reply"}, {"index": 4, "attribution": -0.003721573076097863, "content_attribution": -0.0011489809002429934, "stance_attribution": -0.00257259217585487, "tweet_id": 525036859186237440, "text": "@washingtonpost the FBI ?  well, then it will end up being classified as:  workplace violence.", "type": "direct_reply"}, {"index": 16, "attribution": -0.0038644779025647107, "content_attribution": -0.0004915465359966041, "stance_attribution": -0.0033729313665681066, "tweet_id": 525038412168835072, "text": "@washingtonpost @canuck2usa really? you guys are dumber then dirt.", "type": "direct_reply"}, {"index": 12, "attribution": -0.004694405091058453, "content_attribution": -0.00024354673762943643, "stance_attribution": -0.004450858353429017, "tweet_id": 525036470411984897, "text": "@washingtonpost How is this already not a terrorist incident? What is an act of terrorism? I don't get it..", "type": "direct_reply"}, {"index": 9, "attribution": -0.005820043071921473, "content_attribution": -0.0006271362875951115, "stance_attribution": -0.005192906784326361, "tweet_id": 525035950213066752, "text": "@washingtonpost What do they know ? Case closed Work place violence", "type": "direct_reply"}, {"index": 0, "attribution": -0.11627917541811227, "content_attribution": 0.051937245762930254, "stance_attribution": -0.16821642118104252, "tweet_id": 525035564014526464, "text": "FBI working with Canadian authorities to determine if Ottawa shooting was an act of terrorism http://t.co/oDy7eSbgFn", "type": "source"}, {"index": 3, "attribution": -0.1466468981136946, "content_attribution": 0.015455630770390461, "stance_attribution": -0.16210252888408508, "tweet_id": 525039261888679936, "text": "@rickkasay @washingtonpost fairly sure most terrorists are right wing gun nuts", "type": "lower_reply"}, {"index": 8, "attribution": -0.49087390498057704, "content_attribution": 0.016874603028734052, "stance_attribution": -0.507748508009311, "tweet_id": 525037245385179136, "text": "@washingtonpost as opposed to a right wing gun nut, makes  a huge difference", "type": "direct_reply"}]}