{"thread_id": "525072912957452289", "gold_label": 0, "predicted_label": 2, "tweet_attributions": [{"index": 18, "attribution": 3.566813131680622, "content_attribution": 0.01920183646793539, "stance_attribution": 3.547611295212687, "tweet_id": 525078107292962816, "text": "@beets79 @CP24 Class doesn't count when a murderer kills one of yours", "type": "lower_reply"}, {"index": 1, "attribution": 2.2101913114568834, "content_attribution": 0.014158343777690261, "stance_attribution": 2.196032967679193, "tweet_id": 525073137122435073, "text": "@CP24 How about have some class and focus on the victim instead.", "type": "direct_reply"}, {"index": 8, "attribution": 2.0299710502221786, "content_attribution": 0.045536653909037314, "stance_attribution": 1.9844343963131417, "tweet_id": 525081737618268160, "text": "@ruthia911 @beets79 @CP24 Class is appreciating one of our own soldiers that is the good of Canada (Cirillo) not the bad (Bibeau)", "type": "lower_reply"}, {"index": 4, "attribution": 0.5140498858292933, "content_attribution": 0.02189450738967319, "stance_attribution": 0.49215537843962015, "tweet_id": 525074384156102657, "text": "@beets79 @CP24 they are they did but the public also needs to know who this coward is and the coward group", "type": "lower_reply"}, {"index": 5, "attribution": 0.08118932773463085, "content_attribution": 0.02190379829130765, "stance_attribution": 0.0592855294433232, "tweet_id": 525074744547483650, "text": "@Electric_robby @CP24 I understand that but there is always TOO much focus on it.", "type": "lower_reply"}, {"index": 20, "attribution": 0.014918185684585746, "content_attribution": -0.0019939324718696292, "stance_attribution": 0.016912118156455373, "tweet_id": 525073093363249153, "text": "@CP24 Oh, thats interesting it was #ISIL.", "type": "direct_reply"}, {"index": 15, "attribution": 0.01366897044514154, "content_attribution": 2.2771913426537603e-05, "stance_attribution": 0.013646198531715004, "tweet_id": 525073217141358592, "text": "@CP24 stop giving him a platform. It doesn't matter what he looks like.", "type": "direct_reply"}, {"index": 13, "attribution": 0.01089607634458818, "content_attribution": 0.0005768887484496252, "stance_attribution": 0.010319187596138554, "tweet_id": 525100743146352640, "text": "@thejangler6 @Mairsy27 exactly is not the persons fault is the countrys fault", "type": "lower_reply"}, {"index": 16, "attribution": 0.006595056113069037, "content_attribution": 0.0011921622266990615, "stance_attribution": 0.005402893886369975, "tweet_id": 525100575852343297, "text": "@TdotBrownMon @Mairsy27 that soldier had nothing to do with decison he's just doing what he's gotta do", "type": "lower_reply"}, {"index": 3, "attribution": 0.00648358676461447, "content_attribution": -0.0001865123294454251, "stance_attribution": 0.006670099094059897, "tweet_id": 525102464773931008, "text": "@Mairsy27 @thejangler6 wrd but i kno wagwanin nex countries an dun jus get fooled by da media leve it at that", "type": "lower_reply"}, {"index": 14, "attribution": 0.0032906704197502874, "content_attribution": 0.0014865324416941613, "stance_attribution": 0.0018041379780561256, "tweet_id": 525102255515922432, "text": "@allstaradele @CP24 what a hero! Gave his life serving this great nation. RIP.", "type": "lower_reply"}, {"index": 19, "attribution": 0.001313097415352945, "content_attribution": -0.0002620899858240401, "stance_attribution": 0.001575187401176985, "tweet_id": 525073572922814466, "text": "@CP24 I expect sometime in the future, computers would be able to reconstruct the photographer's silhouette...", "type": "direct_reply"}, {"index": 9, "attribution": 0.00026329733249190186, "content_attribution": -8.799727166314401e-05, "stance_attribution": 0.0003512946041550458, "tweet_id": 525073214507327488, "text": "@CP24 So stop spreading it around then.", "type": "direct_reply"}, {"index": 11, "attribution": -0.00034496894214629454, "content_attribution": -0.0003397915780190999, "stance_attribution": -5.177364127194415e-06, "tweet_id": 525082371545370624, "text": "@CP24 Please do not make this piece of trash infamous via media. Focus on the innocent soldier who was slain. And on our peaceful Canada.", "type": "direct_reply"}, {"index": 12, "attribution": -0.002710512827063211, "content_attribution": 0.00012905296137145336, "stance_attribution": -0.0028395657884346644, "tweet_id": 525083246171029505, "text": "@CP24 gud canada deserves that shit dunt talk shit an get involved in other countries business pusssies lmaoo", "type": "direct_reply"}, {"index": 17, "attribution": -0.008878975178741816, "content_attribution": -3.903476814522754e-05, "stance_attribution": -0.008839940410596587, "tweet_id": 525099442501066752, "text": "@Mairsy27 4real tho", "type": "lower_reply"}, {"index": 10, "attribution": -0.011224145171123003, "content_attribution": 0.004276133565676238, "stance_attribution": -0.015500278736799242, "tweet_id": 525077942037389312, "text": "@beets79 @CP24 Yes because if we just let go of it Canada will be terrorized just as USA", "type": "lower_reply"}, {"index": 6, "attribution": -0.02257501559438105, "content_attribution": 0.0013969082807267917, "stance_attribution": -0.02397192387510784, "tweet_id": 525073087268536320, "text": "@CP24 http://t.co/hhiRSR4ZN6", "type": "direct_reply"}, {"index": 7, "attribution": -0.03409168938181862, "content_attribution": 0.04090980189808599, "stance_attribution": -0.0750014912799046, "tweet_id": 525081981093416960, "text": "@JFerraraF18 @beets79 @CP24 YES absolutely", "type": "lower_reply"}, {"index": 2, "attribution": -0.04860190188890498, "content_attribution": 0.03353938960906419, "stance_attribution": -0.08214129149796917, "tweet_id": 525140450731372544, "text": "@JFerraraF18 @ruthia911 @beets79 @CP24 I agree with Jeff!", "type": "lower_reply"}, {"index": 0, "attribution": -0.26562122582271386, "content_attribution": 0.024908757667059883, "stance_attribution": -0.29052998348977377, "tweet_id": 525072912957452289, "text": "This photo, reported to be of suspected Ottawa shooter Michael Zehar Bibeau, came from suspended ISIS Twitter account http://t.co/QiM55Gu93N", "type": "source"}]}