{"thread_id": "525017500061536258", "gold_label": 0, "predicted_label": 2, "tweet_attributions": [{"index": 3, "attribution": 4.129160209090449, "content_attribution": 0.011313998519717162, "stance_attribution": 4.117846210570732, "tweet_id": 525061457944526849, "text": "@liberalgirl4 @phg199 @CBCAlerts @CBCNews there's a big difference.One is mostly ignored while the other is used to justify us going to war", "type": "lower_reply"}, {"index": 33, "attribution": 2.529744227414729, "content_attribution": 0.012250728092342433, "stance_attribution": 2.5174934993223856, "tweet_id": 525066144147705856, "text": "@HardScience @phg199 @CBCAlerts @CBCNews. Canada is smarter than that. #Hopefully", "type": "lower_reply"}, {"index": 20, "attribution": 1.6770116707800953, "content_attribution": 0.008525722081389233, "stance_attribution": 1.6684859486987058, "tweet_id": 525022713660706816, "text": "@phg199 @CBCAlerts @CBCNews. is there a difference", "type": "lower_reply"}, {"index": 15, "attribution": 0.7216869460010815, "content_attribution": 0.03850442974130182, "stance_attribution": 0.6831825162597798, "tweet_id": 525021041685716995, "text": "@dogsandguns @CBCAlerts but u also give Canadian aboriginals oppression and assimilation, don't be surprised about homegrown insurgents", "type": "lower_reply"}, {"index": 17, "attribution": 0.6649531440996769, "content_attribution": 0.040584350316058025, "stance_attribution": 0.6243687937836189, "tweet_id": 525023493843607552, "text": "@BennettJoeSmith @CBCAlerts violence should be the last resort in Canada", "type": "lower_reply"}, {"index": 35, "attribution": 0.3178579460199387, "content_attribution": 0.01930440896181027, "stance_attribution": 0.2985535370581284, "tweet_id": 525067096380952577, "text": "@liberalgirl4 @HardScience @CBCAlerts @CBCNews I hope U R right but Harper has substantial core support for his R wing agenda #cdnpoli", "type": "lower_reply"}, {"index": 38, "attribution": 0.17135634352295231, "content_attribution": 0.04245534397116596, "stance_attribution": 0.12890099955178635, "tweet_id": 525018299709796353, "text": "@CBCAlerts this man was Canadian in name only, shame on any homegrown terrorist, we have given u freedom and piece &amp; u give us death!", "type": "direct_reply"}, {"index": 41, "attribution": 0.06897904322990989, "content_attribution": 0.0170985002301075, "stance_attribution": 0.05188054299980238, "tweet_id": 525023877865689088, "text": "@dogsandguns @CBCAlerts I agree, but I'm not surprised about this and how the attacker is Canadian", "type": "lower_reply"}, {"index": 9, "attribution": 0.033457571009602775, "content_attribution": 0.0036058813558359506, "stance_attribution": 0.02985168965376683, "tweet_id": 525020444030939136, "text": "@CBCAlerts @CBCNews is he a terrorist or just a lunatic? #cdnpoli", "type": "direct_reply"}, {"index": 34, "attribution": 0.020041367340599418, "content_attribution": 0.012251704087103505, "stance_attribution": 0.007789663253495906, "tweet_id": 525067824398471168, "text": "@phg199 @liberalgirl4 @HardScience Trudeau's back door was left open while he wasn't home, Harper was home and left the front door wide open", "type": "lower_reply"}, {"index": 14, "attribution": 0.015613285640965868, "content_attribution": 0.0011958918627429957, "stance_attribution": 0.014417393778222869, "tweet_id": 525504435720822785, "text": "@Norlaine @NadineLumley @softgrasswalker @CBCAlerts The Five Eyes MSM stick together, but other EU/Russ/S.Am/ countries give media balance", "type": "lower_reply"}, {"index": 16, "attribution": 0.012943962399272967, "content_attribution": -0.007585562673546264, "stance_attribution": 0.020529525072819233, "tweet_id": 525017926014074880, "text": "@CBCAlerts don't let the #StupidAmericans get involved with our news reports. Get your own facts straight before reporting their guesses.", "type": "direct_reply"}, {"index": 18, "attribution": 0.007617712217531883, "content_attribution": 0.007053688209356421, "stance_attribution": 0.0005640240081754633, "tweet_id": 525026594520588288, "text": "@liberalgirl4 @CBCAlerts @CBCNews perhaps not but we seem less concerned cllectively when murder occurs every day in this country #cdnpoli", "type": "lower_reply"}, {"index": 40, "attribution": 0.004350494528626334, "content_attribution": -5.210435345404201e-06, "stance_attribution": 0.004355704963971738, "tweet_id": 525018540286676992, "text": "@CBCAlerts That's him.", "type": "direct_reply"}, {"index": 36, "attribution": 0.0036091160879126905, "content_attribution": -0.0003062911862322802, "stance_attribution": 0.003915407274144969, "tweet_id": 525020701808656384, "text": "@SuzannaRegina2 @CBCAlerts exactly", "type": "lower_reply"}, {"index": 22, "attribution": 0.003462929768963635, "content_attribution": 0.0005805686329774933, "stance_attribution": 0.0028823611359861416, "tweet_id": 525020151901855745, "text": "@CBCAlerts @CBCCalgary How about the part -- \"reportedly of Algerian decent\"", "type": "direct_reply"}, {"index": 23, "attribution": 0.0031403624844740983, "content_attribution": 0.00046588814487786136, "stance_attribution": 0.002674474339596237, "tweet_id": 525047072505225216, "text": ":-)@scfeek @CBCAlerts", "type": "lower_reply"}, {"index": 44, "attribution": 0.0015777429427566536, "content_attribution": 0.002438689540643397, "stance_attribution": -0.0008609465978867439, "tweet_id": 525510355746062336, "text": "@granfem @NadineLumley @Sacky_McSack @CBCAlerts @CBCNews Even worse, the darned thing was passed.", "type": "lower_reply"}, {"index": 11, "attribution": 0.0015473230258892749, "content_attribution": -0.00021468268807527384, "stance_attribution": 0.0017620057139645486, "tweet_id": 525018944680505344, "text": "MT @CBCAlerts: Gunman killed Michael Zehaf-Bibeau, a Canadian born in 1982, American media report claims. @cnnbrk #Ottawa #OttawaShooting", "type": "direct_reply"}, {"index": 8, "attribution": 0.0014616322020422064, "content_attribution": -0.00025488138132962867, "stance_attribution": 0.001716513583371835, "tweet_id": 525049382446858240, "text": "@phg199 @CBCAlerts @CBCNews @LIVE_COVERAGE The two are not necessarily mutually exclusive. #cdnpoli", "type": "lower_reply"}, {"index": 5, "attribution": 0.0010675613904466174, "content_attribution": 0.0002823462542771203, "stance_attribution": 0.0007852151361694971, "tweet_id": 525020113037434880, "text": "@CBCAlerts @josiedye did they not read their history books and realize Canadians don't loose wars. They're really just screwing themselves", "type": "direct_reply"}, {"index": 10, "attribution": 0.0005116520626974215, "content_attribution": 0.0014254503244283102, "stance_attribution": -0.0009137982617308891, "tweet_id": 525021018494992385, "text": "@softgrasswalker @CBCAlerts Why do we have to get important news about Canada from US media? Why do they know first?", "type": "direct_reply"}, {"index": 7, "attribution": 8.491171070195901e-05, "content_attribution": 8.491171070195901e-05, "stance_attribution": 0.0, "tweet_id": 525020586108788736, "text": "@CBCAlerts @CBCNews which American media? this guy is non-existent online", "type": "direct_reply"}, {"index": 28, "attribution": 3.080161446056464e-05, "content_attribution": 8.755634305017248e-05, "stance_attribution": -5.675472858960787e-05, "tweet_id": 525019368393289728, "text": "@CBCAlerts How do we know this is true? And is it right to publish this yet?", "type": "direct_reply"}, {"index": 12, "attribution": -3.605715076369829e-05, "content_attribution": -3.605715076369829e-05, "stance_attribution": 0.0, "tweet_id": 525019870057205761, "text": "@CBCAlerts - Have you confirmed this for yourself? If not why are you repeating it?", "type": "direct_reply"}, {"index": 32, "attribution": -0.00010962099909610565, "content_attribution": -0.0003018189263905583, "stance_attribution": 0.0001921979272944526, "tweet_id": 525020020527878144, "text": "@CBCAlerts With an event like this can you please go with official confirmed reports. Its important to get it right. http://t.co/Vlg9Vmnxnd", "type": "direct_reply"}, {"index": 19, "attribution": -0.00015683447460373967, "content_attribution": -9.02270665815127e-05, "stance_attribution": -6.6607408022227e-05, "tweet_id": 525018136274153477, "text": "Anyone find him on FB yet? \"@CBCAlerts: Terrorist killed in Parliament attack named as Michael Zehaf-Bibeau  #cdnpoli #OttawaTerrorAttack\"", "type": "direct_reply"}, {"index": 1, "attribution": -0.0001707770052576552, "content_attribution": -0.00045318875708245433, "stance_attribution": 0.00028241175182479924, "tweet_id": 525065131420815360, "text": "@jaymleung @CBCAlerts it tells you they have no respect for the families of the deceased. They have no respect for anything Canadian.", "type": "lower_reply"}, {"index": 25, "attribution": -0.00033718265968163077, "content_attribution": -0.0004433333866160477, "stance_attribution": 0.00010615072693441687, "tweet_id": 525019466611298304, "text": "@CBCAlerts @CBCNews Confirm first!", "type": "direct_reply"}, {"index": 37, "attribution": -0.00035349617899287176, "content_attribution": 0.0001987194435803061, "stance_attribution": -0.0005522156225731784, "tweet_id": 525018797624004609, "text": "@CBCAlerts Can \"Canadian media\" confirm this? Because, frankly, I don't trust \"American media\" to get our story right.", "type": "direct_reply"}, {"index": 42, "attribution": -0.0012001972347820081, "content_attribution": -0.00025455842463300747, "stance_attribution": -0.0009456388101490006, "tweet_id": 525051298333605888, "text": "@jaymleung @messy2220 @scfeek @CBCAlerts You are assuming 'is able'. We like due process here. (unless you are a seal. But another day)", "type": "lower_reply"}, {"index": 21, "attribution": -0.0018506078659021419, "content_attribution": -0.0012144951364182269, "stance_attribution": -0.0006361127294839152, "tweet_id": 525020112349560834, "text": "RT @CBCAlerts Gunman killed in Parliament attack named as Michael Zehaf-Bibeau, a Canadian born 1982, American media report claims #Ottawa", "type": "direct_reply"}, {"index": 29, "attribution": -0.0020565283255531562, "content_attribution": 5.0163009450290316e-05, "stance_attribution": -0.0021066913350034472, "tweet_id": 525047117568835586, "text": ":-)@jaymleung @scfeek @CBCAlerts", "type": "lower_reply"}, {"index": 26, "attribution": -0.002231095842234972, "content_attribution": -0.0003744563776463563, "stance_attribution": -0.0018566394645886163, "tweet_id": 525141978376601600, "text": "@Sacky_McSack @CBCAlerts @CBCNews #CIA with #RCMP helped set up the October crisis - Do we really expect a real CONvenient Cdn threat? #Not", "type": "lower_reply"}, {"index": 13, "attribution": -0.008285569352522362, "content_attribution": 0.0018004867229193143, "stance_attribution": -0.010086056075441677, "tweet_id": 525510302813913088, "text": ".@granfem On day \"terrorism\" was alleged in Quebec, Harper passed Bill C-13 w/o much notice from the peanut gallery http://t.co/6a3lgHmx3B", "type": "lower_reply"}, {"index": 43, "attribution": -0.009315994511623116, "content_attribution": 0.00033385789945735556, "stance_attribution": -0.009649852411080472, "tweet_id": 525032207375949825, "text": "@Norlaine @softgrasswalker @CBCAlerts @RosieBarton\nwhy would they give the name to CBC after their performance on Monday on P&amp; P", "type": "lower_reply"}, {"index": 24, "attribution": -0.009561764386718805, "content_attribution": -0.0005951175442117862, "stance_attribution": -0.008966646842507017, "tweet_id": 525022297061474304, "text": "@sarahjanesroom @CBCAlerts good attitude!", "type": "lower_reply"}, {"index": 27, "attribution": -0.013197159550080195, "content_attribution": 0.007976727092925767, "stance_attribution": -0.021173886643005964, "tweet_id": 525063145896038400, "text": "@HardScience @liberalgirl4 @CBCAlerts @CBCNews i agree.  But no real difference beyond terminology!", "type": "lower_reply"}, {"index": 4, "attribution": -0.013394324231088127, "content_attribution": 0.0018223713377990944, "stance_attribution": -0.015216695568887221, "tweet_id": 525024656303349760, "text": "@scfeek @CBCAlerts what does that tell you when a foreign news outlet is able to identity the shooter before any of the Canadian media can", "type": "lower_reply"}, {"index": 0, "attribution": -0.017753152854019908, "content_attribution": 0.07332199909649045, "stance_attribution": -0.09107515195051036, "tweet_id": 525017500061536258, "text": "Gunman killed in Parliament attack named as Michael Zehaf-Bibeau, a Canadian born in 1982, American media report claims. #cdnpoli #Ottawa", "type": "source"}, {"index": 39, "attribution": -0.02042396329832396, "content_attribution": -0.0006397814198307304, "stance_attribution": -0.019784181878493227, "tweet_id": 525021851597434882, "text": "@YMeu9999 @CBCAlerts it's irresponsible of CBC to release any name without confirmation from @rcmpgrcpolice", "type": "lower_reply"}, {"index": 2, "attribution": -0.03632047751535464, "content_attribution": -0.0056275070687363685, "stance_attribution": -0.030692970446618267, "tweet_id": 525021426001391618, "text": "@SuzannaRegina2 @CBCAlerts Homeland Security probably identified his pic from their data base of suspected terrorists.", "type": "lower_reply"}, {"index": 45, "attribution": -0.05486277835170106, "content_attribution": 0.0030633977126825235, "stance_attribution": -0.05792617606438358, "tweet_id": 525504762729758720, "text": "@Sacky_McSack @NadineLumley @CBCAlerts @CBCNews Ahh, but when our backs were turned, another Omnibus Bill was presented ...", "type": "lower_reply"}, {"index": 31, "attribution": -0.06069443830550509, "content_attribution": 0.03664819779776646, "stance_attribution": -0.09734263610327154, "tweet_id": 525023340399169536, "text": "@BennettJoeSmith @CBCAlerts Canada has sinned and is doing wrong by following America's agenda but there are other ways here", "type": "lower_reply"}, {"index": 6, "attribution": -0.06270604766105063, "content_attribution": -0.02124750502508079, "stance_attribution": -0.04145854263596985, "tweet_id": 525020013800222720, "text": "@CBCAlerts er....where did US media get his name and why is CBC reporting US reports??", "type": "direct_reply"}, {"index": 30, "attribution": -0.09533761814785364, "content_attribution": -0.00015075977795913015, "stance_attribution": -0.09518685836989452, "tweet_id": 525019493085769728, "text": "@CBCAlerts @CBCNews how did the Americans get that before Canadians?", "type": "direct_reply"}]}