{"thread_id": "525025329916948481", "gold_label": 0, "predicted_label": 0, "tweet_attributions": [{"index": 0, "attribution": 0.18387495003736626, "content_attribution": 0.00181023442112841, "stance_attribution": 0.18206471561623785, "tweet_id": 525025329916948481, "text": "#BREAKING: Soldier shot dead in Ottawa attack identified as Hamilton, Ontario-based reservist Cpl. Nathan Cirillo. #OttawaShooting", "type": "source"}, {"index": 3, "attribution": 0.031433379144056285, "content_attribution": -0.006119962130034457, "stance_attribution": 0.03755334127409074, "tweet_id": 525026302504353792, "text": "@CTVNews oh no that bad day what happene in Ottwer", "type": "direct_reply"}, {"index": 5, "attribution": 0.02128055211731052, "content_attribution": -0.0003731233915729871, "stance_attribution": 0.021653675508883502, "tweet_id": 525027036939943936, "text": "@CTVNews @stefankeyesCTV @dmck1nn", "type": "direct_reply"}, {"index": 4, "attribution": 0.016561350746169178, "content_attribution": 0.00617956024047764, "stance_attribution": 0.010381790505691539, "tweet_id": 525025689352024066, "text": "@CTVNews. Name should not have been released, shame", "type": "direct_reply"}, {"index": 2, "attribution": 0.0047904829549944745, "content_attribution": 0.006409238508126317, "stance_attribution": -0.0016187555531318445, "tweet_id": 525025839587786753, "text": "@CTVNews @CTVToronto What the fuck....", "type": "direct_reply"}, {"index": 7, "attribution": 0.0040321321729407476, "content_attribution": -0.0012588770350504563, "stance_attribution": 0.005291009207991204, "tweet_id": 525026360067358720, "text": "@CTVNews @CTVBarrieNews His rifle was likely non-functional and/or without ammunition.", "type": "direct_reply"}, {"index": 1, "attribution": -0.002530152285338311, "content_attribution": -0.007937379000837482, "stance_attribution": 0.005407226715499171, "tweet_id": 525026421786574848, "text": "@CTVNews @CTVVancouver Thank you for releasing the name of the murdered victim as he was doing a symbolic duty honoring our War dead UNARMED", "type": "direct_reply"}, {"index": 6, "attribution": -0.029836726892736417, "content_attribution": 0.004142141782401346, "stance_attribution": -0.03397886867513776, "tweet_id": 525026268836683776, "text": "@CTVNews @CTVVancouver why release the name? Why?", "type": "direct_reply"}]}