{"thread_id": "525031558949134336", "gold_label": 0, "predicted_label": 2, "tweet_attributions": [{"index": 19, "attribution": 4.15482806146389, "content_attribution": 0.026012522373418893, "stance_attribution": 4.12881553909047, "tweet_id": 525034941793722368, "text": "Funny how if a white person shoots up a school no article ever mentions that they're Christian \ud83d\udc38\u2615\ufe0f", "type": "lower_reply"}, {"index": 5, "attribution": 2.362458570695239, "content_attribution": 0.008468141186421491, "stance_attribution": 2.3539904295088174, "tweet_id": 525035340349059073, "text": "@ADTRsgb \n\nwow, a sensible person on twitter. who knew.", "type": "lower_reply"}, {"index": 28, "attribution": 1.3985290882461905, "content_attribution": 0.024195189111834124, "stance_attribution": 1.3743338991343563, "tweet_id": 525034442801573888, "text": "Thank you @PzFeed once again for encouraging racial stereotypes, no need to mention his religion. At all.", "type": "direct_reply"}, {"index": 9, "attribution": 0.6461983512105356, "content_attribution": 0.08552901759583972, "stance_attribution": 0.5606693336146957, "tweet_id": 525033610496450560, "text": "@HashtagRiseUp @PzFeed i wouldnt say 99% lol atleast towards christians", "type": "lower_reply"}, {"index": 22, "attribution": 0.6341516420308286, "content_attribution": 0.05540362885070056, "stance_attribution": 0.578748013180128, "tweet_id": 525033295051239424, "text": "@GrotetheGoat @PzFeed \n\nThat just represents that this one man is deranged. I'm positive the other 99.99% of Muslims are normal people", "type": "lower_reply"}, {"index": 7, "attribution": 0.37485196753687583, "content_attribution": 0.038165523546814774, "stance_attribution": 0.3366864439900611, "tweet_id": 525033057318088704, "text": "@HashtagRiseUp @PzFeed oh no of course not, but its ridiculous to kill just because his god told him to..", "type": "lower_reply"}, {"index": 29, "attribution": 0.2693803391546287, "content_attribution": 0.00839058136261331, "stance_attribution": 0.2609897577920154, "tweet_id": 525035623598813185, "text": "@HashtagRiseUp I would like to see a news feed of show many Christian soldiers kill innocent civilians in country just to get oil lmao:", "type": "lower_reply"}, {"index": 8, "attribution": 0.11818393108571976, "content_attribution": 0.03142243654212526, "stance_attribution": 0.08676149454359451, "tweet_id": 525034762181050368, "text": "@GrotetheGoat @PzFeed \n\nwhy not 99? have you ever met a Muslim? they're just normal people who happen to believe in a different deity", "type": "lower_reply"}, {"index": 17, "attribution": 0.0219935819842842, "content_attribution": 0.009172606824084628, "stance_attribution": 0.012820975160199576, "tweet_id": 525032635836665856, "text": "@HashtagRiseUp @PzFeed uhhh because Islam is a terrorist religion that seeks to submit and enslave the whole world. Ever heard of ISIS?", "type": "lower_reply"}, {"index": 15, "attribution": 0.01952900718500526, "content_attribution": 0.016617068032149337, "stance_attribution": 0.0029119391528559246, "tweet_id": 525033696311934976, "text": "@HashtagRiseUp @PzFeed u r either ignorant or using deceit, Muhammad himself haa commanded worldwide jihad. ISIS is the caliphate, genius", "type": "lower_reply"}, {"index": 1, "attribution": 0.01566338440440162, "content_attribution": -3.039916765444472e-05, "stance_attribution": 0.01569378357205606, "tweet_id": 525031816554901504, "text": "@PzFeed Shocker!!!", "type": "direct_reply"}, {"index": 14, "attribution": 0.008490237386109094, "content_attribution": 0.0037488497700269236, "stance_attribution": 0.004741387616082171, "tweet_id": 525035083296964608, "text": "I'd expect better from an independent news source.", "type": "lower_reply"}, {"index": 6, "attribution": 0.006795931041145108, "content_attribution": 0.021688106390290035, "stance_attribution": -0.014892175349144924, "tweet_id": 525032573802921984, "text": "@GrotetheGoat @PzFeed \n\ndoes this one man represent all Muslims? no. that's like saying Jeffery Dahmer represents all Christians.", "type": "lower_reply"}, {"index": 24, "attribution": 0.006298008475210226, "content_attribution": 0.0035155478764775988, "stance_attribution": 0.002782460598732627, "tweet_id": 525035922690424832, "text": "@ADTRsgb \n\nyeah. people like to ignore the truth and mindlessly hate on something because it's 'cool'", "type": "lower_reply"}, {"index": 12, "attribution": 0.005874648341231015, "content_attribution": 0.0010844613698338178, "stance_attribution": 0.004790186971397197, "tweet_id": 525037078422118400, "text": "@HashtagRiseUp @PzFeed u do realize that that where ISIS controls territory that the Islam they practice is what everyone practices?", "type": "lower_reply"}, {"index": 26, "attribution": 0.0036906576460198626, "content_attribution": 0.003775237436708113, "stance_attribution": -8.457979068825038e-05, "tweet_id": 525039173187932160, "text": "@HashtagRiseUp @PzFeed im sure most of them are, but there is definitly a portion of them that arent normal", "type": "lower_reply"}, {"index": 2, "attribution": 0.0035656398113207187, "content_attribution": -0.0001631767242257188, "stance_attribution": 0.003728816535546437, "tweet_id": 525039190380396544, "text": "@HashtagRiseUp @JesusWillKill @PzFeed it's literally in their name lol", "type": "lower_reply"}, {"index": 18, "attribution": 0.0035549245319570627, "content_attribution": 0.002884014081464042, "stance_attribution": 0.000670910450493021, "tweet_id": 525035944366587904, "text": "@HashtagRiseUp @GrotetheGoat @PzFeed LOLOL", "type": "lower_reply"}, {"index": 32, "attribution": 0.0029548136381892425, "content_attribution": -0.0005539662408872005, "stance_attribution": 0.0035087798790764428, "tweet_id": 525031977020190720, "text": "\u201c@PzFeed: CBS reports Ottawa shooting suspect was born in Quebec as Michael Joseph Hall. He's a recent convert to Islam\u201d \u2615\ufe0f\ud83d\udc38", "type": "direct_reply"}, {"index": 27, "attribution": 0.0019754752850089, "content_attribution": 0.000857079574454239, "stance_attribution": 0.0011183957105546612, "tweet_id": 525037968537694210, "text": "@HashtagRiseUp @PzFeed the idea of Islam is relative. And your idea of is becoming less popular and ISIS is attracting people globally", "type": "lower_reply"}, {"index": 10, "attribution": 0.0019223607589702917, "content_attribution": 0.001206951118042476, "stance_attribution": 0.0007154096409278162, "tweet_id": 525036435884494849, "text": "@sophia_sweden @PzFeed because he's a jihadist retard", "type": "lower_reply"}, {"index": 31, "attribution": 0.0018108094704314816, "content_attribution": 0.0014424862340761476, "stance_attribution": 0.0003683232363553337, "tweet_id": 525051944013139968, "text": "@HashtagRiseUp @JesusWillKill @PzFeed ISIS bases its actions off of reading the quran literally. Therefore islam. 99% of muslims arent ++", "type": "lower_reply"}, {"index": 30, "attribution": -5.006490810510874e-05, "content_attribution": 0.003922584410161037, "stance_attribution": -0.003972649318266146, "tweet_id": 525071158463717376, "text": "@ADTRsgb @HashtagRiseUp hiw dare u our troops fight hard and get less money than the immigrants that come over here illegally ffs!!", "type": "lower_reply"}, {"index": 4, "attribution": -0.0001844076592834233, "content_attribution": 2.4045298063369902e-05, "stance_attribution": -0.00020845295734679326, "tweet_id": 525033954525839361, "text": "@PzFeed @Blackberry_F3 @JohnnyD20", "type": "direct_reply"}, {"index": 34, "attribution": -0.0004990614617221014, "content_attribution": 0.010438600546813502, "stance_attribution": -0.010937662008535607, "tweet_id": 525032886060449792, "text": "@JesusWillKill @PzFeed \n\nIslam is in no way affiliated with ISIS. That's like saying Christianity is directly affiliated with the KKK.", "type": "lower_reply"}, {"index": 11, "attribution": -0.0006978256164270336, "content_attribution": -0.001374123043644986, "stance_attribution": 0.0006762974272179525, "tweet_id": 525051985343840256, "text": "@HashtagRiseUp @JesusWillKill @PzFeed like that but it is still based off islam", "type": "lower_reply"}, {"index": 13, "attribution": -0.0008793524256531342, "content_attribution": 0.01350117057840372, "stance_attribution": -0.014380523004056853, "tweet_id": 525035154214223874, "text": "@JesusWillKill @PzFeed \n\nThat is 100% false. ISIS is in NO way affiliated with Islam. They are simply a deranged terrorist organization.", "type": "lower_reply"}, {"index": 21, "attribution": -0.002608420637642764, "content_attribution": -0.0006014436571971569, "stance_attribution": -0.002006976980445607, "tweet_id": 525034486229389312, "text": "@ADTRsgb Your mom pzfeed once again for encouraging racial stereotypes, no need to mention his religion. At all.", "type": "lower_reply"}, {"index": 20, "attribution": -0.00856261990386084, "content_attribution": 0.0008442510045378732, "stance_attribution": -0.009406870908398715, "tweet_id": 525032151407140864, "text": "@PzFeed religon of peace my ass", "type": "direct_reply"}, {"index": 23, "attribution": -0.010504594044797557, "content_attribution": -0.0014011836813841113, "stance_attribution": -0.009103410363413448, "tweet_id": 525032842410336256, "text": "@PzFeed don't.", "type": "direct_reply"}, {"index": 16, "attribution": -0.014342336958217749, "content_attribution": -0.00024158528290559955, "stance_attribution": -0.01410075167531215, "tweet_id": 525033769452191745, "text": "@PzFeed terrorist! Fucker", "type": "direct_reply"}, {"index": 33, "attribution": -0.018394178640237062, "content_attribution": 0.0010192606877762768, "stance_attribution": -0.01941343932801334, "tweet_id": 525033603559071744, "text": "@PzFeed but why did you have to add the \"Islam\" part", "type": "direct_reply"}, {"index": 25, "attribution": -0.018869493995866553, "content_attribution": 0.0017407075050497062, "stance_attribution": -0.02061020150091626, "tweet_id": 525031729095270400, "text": "@PzFeed \n\n&amp; why is that relevant", "type": "direct_reply"}, {"index": 3, "attribution": -0.026417290580154917, "content_attribution": 0.004297616395733083, "stance_attribution": -0.030714906975888006, "tweet_id": 525035672345001984, "text": "@HashtagRiseUp people will take any chance to hate on Islam and it's disgusting", "type": "lower_reply"}, {"index": 0, "attribution": -0.1075939618344102, "content_attribution": 0.03047068698457312, "stance_attribution": -0.1380646488189833, "tweet_id": 525031558949134336, "text": "CBS reports Ottawa shooting suspect was born in Quebec as Michael Joseph Hall. He's a recent convert to Islam - http://t.co/58IK7FMcA1", "type": "source"}]}