{"thread_id": "525058976376193024", "gold_label": 0, "predicted_label": 0, "tweet_attributions": [{"index": 0, "attribution": 0.16758750269688288, "content_attribution": 0.028393706514216972, "stance_attribution": 0.13919379618266592, "tweet_id": 525058976376193024, "text": "Our thoughts and prayers go out to Nathan Cirillo who died today in Ottawa while protecting his country at age 24 http://t.co/PfwasSALPX", "type": "source"}, {"index": 1, "attribution": 0.054968409439559454, "content_attribution": 0.011946922995465634, "stance_attribution": 0.04302148644409383, "tweet_id": 525070492395261953, "text": "@Cellying @EF517_V2 ok I'm really pissed off now", "type": "direct_reply"}, {"index": 3, "attribution": 0.02994670011386929, "content_attribution": 0.006678069745295456, "stance_attribution": 0.023268630368573837, "tweet_id": 525113495319502848, "text": "@Cellying I am so sad and disgusted that some coward has done this to 2 of our soldiers now. I am livid.", "type": "direct_reply"}, {"index": 2, "attribution": 0.00891744507801805, "content_attribution": 0.00807532722001418, "stance_attribution": 0.0008421178580038709, "tweet_id": 525065014281908224, "text": "@Cellying @Glossology \u2665", "type": "direct_reply"}, {"index": 4, "attribution": -0.06804299480724879, "content_attribution": 0.007739319624322798, "stance_attribution": -0.0757823144315716, "tweet_id": 525083768500264961, "text": "@Cellying @GoaliesNeverSay Condolences to all who loved him. We know, all too well, what you are going through.", "type": "direct_reply"}]}