{"thread_id": "525052332116312064", "gold_label": 2, "predicted_label": 0, "tweet_attributions": [{"index": 0, "attribution": 0.18971025039955536, "content_attribution": 0.025664593639900455, "stance_attribution": 0.1640456567596549, "tweet_id": 525052332116312064, "text": "Official: All 3 patients injured in Ottawa shootings have been released from hospital - @OttawaHospital http://t.co/aF9HyT9BgX", "type": "source"}, {"index": 2, "attribution": 0.10487715087393694, "content_attribution": -0.005372982203361867, "stance_attribution": 0.11025013307729882, "tweet_id": 525541369436459008, "text": "@BreakingNews Follow Official account @Riconymous", "type": "direct_reply"}, {"index": 6, "attribution": 0.010810747168375538, "content_attribution": -0.000440950975224462, "stance_attribution": 0.011251698143600004, "tweet_id": 525054812207849475, "text": "@BreakingNews @OttawaHospital http://t.co/cTD6A5mCWV", "type": "direct_reply"}, {"index": 1, "attribution": -1.2277978198335583e-05, "content_attribution": -0.005195363444464177, "stance_attribution": 0.005183085466265842, "tweet_id": 525052566665588736, "text": "@BreakingNews @OttawaHospital praise God", "type": "direct_reply"}, {"index": 3, "attribution": -0.0030750963535436633, "content_attribution": -0.00981681751668239, "stance_attribution": 0.006741721163138727, "tweet_id": 525057300415803393, "text": "@BreakingNews @OttawaHospital Good to hear, and God bless. Could have been so much worse.", "type": "direct_reply"}, {"index": 4, "attribution": -0.003701508070007832, "content_attribution": -0.009402285288105963, "stance_attribution": 0.005700777218098132, "tweet_id": 525063975243771904, "text": "@BreakingNews @OttawaHospital 3 month old baby also killed by terrorists today in Jerusalem. Palestinian rammed car into a bus stop.", "type": "direct_reply"}, {"index": 5, "attribution": -0.030770017131848907, "content_attribution": -0.003404116068661391, "stance_attribution": -0.027365901063187512, "tweet_id": 525054640967004160, "text": "@BreakingNews @OttawaHospital Glad they are all right.", "type": "direct_reply"}]}