{"thread_id": "525018799347875841", "gold_label": 0, "predicted_label": 0, "tweet_attributions": [{"index": 0, "attribution": 0.18134141360327835, "content_attribution": -0.02301856761862914, "stance_attribution": 0.2043599812219075, "tweet_id": 525018799347875841, "text": "#BREAKING: Reports that the dead shooting suspect is Michael Zehaf-Bibeau, born 1982. He is reportedly Canadian-born. #OttawaShooting", "type": "source"}, {"index": 4, "attribution": 0.05709354850421947, "content_attribution": -0.0021245655502418635, "stance_attribution": 0.05921811405446134, "tweet_id": 525038151144714240, "text": "@SunNewsNetwork A recent convert  to Islam I believe.", "type": "direct_reply"}, {"index": 7, "attribution": 0.010672378453272137, "content_attribution": 0.008526381151246723, "stance_attribution": 0.00214599730202541, "tweet_id": 525032443443965955, "text": "@SunNewsNetwork Canadian born of Algerian descent like Marc Lepine. ISIS did the ID. http://t.co/Qiokkpcj8j", "type": "direct_reply"}, {"index": 2, "attribution": 0.0018086131438058374, "content_attribution": -0.001009267333089529, "stance_attribution": 0.002817880476895367, "tweet_id": 525032296681050112, "text": "@SunNewsNetwork terrorist reportedly born in Canada, but of algerian descent.", "type": "direct_reply"}, {"index": 5, "attribution": -0.0033952000985482712, "content_attribution": 0.003348317247229995, "stance_attribution": -0.006743517345778267, "tweet_id": 525026759390269440, "text": "@SunNewsNetwork shouldnt be paying any Attention to this guy at all.", "type": "direct_reply"}, {"index": 3, "attribution": -0.006174757283149979, "content_attribution": -0.0006483504303925751, "stance_attribution": -0.0055264068527574, "tweet_id": 525025697518329856, "text": "@SunNewsNetwork @simmonssteve Anyone who does such things cannot be called Canadian even if he was born here.  Canada.  Love it or leave it.", "type": "direct_reply"}, {"index": 1, "attribution": -0.0068583471137668725, "content_attribution": 0.009577306299562115, "stance_attribution": -0.016435653413328984, "tweet_id": 525032351190249472, "text": "@SunNewsNetwork @simmonssteve Who cares about the murderer.", "type": "direct_reply"}, {"index": 6, "attribution": -0.028036047500737512, "content_attribution": -0.017058036886875648, "stance_attribution": -0.010978010613861864, "tweet_id": 525095122560905216, "text": "@SunNewsNetwork My wish for him is that he rots in his grave wherever it be. RIP", "type": "direct_reply"}]}