{"thread_id": "525047349757100034", "gold_label": 0, "predicted_label": 0, "tweet_attributions": [{"index": 0, "attribution": 0.18496142128299184, "content_attribution": 0.029030179483600135, "stance_attribution": 0.15593124179939175, "tweet_id": 525047349757100034, "text": "Cpl. Nathan Cirillo identified as victim of #ottawashooting at National War Memorial http://t.co/EhkRJEKpuu http://t.co/2xTzLKoltL", "type": "source"}, {"index": 6, "attribution": 0.07925735767125656, "content_attribution": 0.0031834146325764277, "stance_attribution": 0.07607394303868015, "tweet_id": 525047957218156545, "text": "@globeandmail every picture I've seen he has a smile,he enjoyed like", "type": "direct_reply"}, {"index": 3, "attribution": 0.03903135001385694, "content_attribution": -0.004389793813712472, "stance_attribution": 0.04342114382756941, "tweet_id": 525083483493117952, "text": "@globeandmail sad to have another victim by some Loser who thought that Islam is the greatest.", "type": "direct_reply"}, {"index": 4, "attribution": 0.022339712754619642, "content_attribution": 0.005101156749224655, "stance_attribution": 0.017238556005394992, "tweet_id": 525051716841275392, "text": "\u201c@globeandmail: Cpl. Nathan Cirillo identified as victim of #ottawashooting  http://t.co/CPXUWD2qr9 http://t.co/nfvlRAZRlz\u201d RIP Nathan", "type": "direct_reply"}, {"index": 8, "attribution": 0.005565978020835545, "content_attribution": -0.0014051481823477937, "stance_attribution": 0.00697112620318334, "tweet_id": 525048432554418176, "text": "#AttackInOttawa\n@globeandmail: Cpl. Nathan Cirillo victim of #ottawashooting at War Memorial\nhttp://t.co/8KgbHxJCa7\nhttp://t.co/hjKofPrCov", "type": "direct_reply"}, {"index": 5, "attribution": 0.004626516824130288, "content_attribution": -0.0066424366768030145, "stance_attribution": 0.011268953500933302, "tweet_id": 525048250190299136, "text": "@globeandmail Heartbreaking", "type": "direct_reply"}, {"index": 7, "attribution": 0.0035272840671199956, "content_attribution": -0.0007401553143420599, "stance_attribution": 0.004267439381462054, "tweet_id": 525048614104485888, "text": "@globeandmail RIP", "type": "direct_reply"}, {"index": 9, "attribution": 0.002234649760209061, "content_attribution": -0.0018165657509773283, "stance_attribution": 0.004051215511186389, "tweet_id": 525049677734223872, "text": "@globeandmail my condolences to his family and friends.", "type": "direct_reply"}, {"index": 1, "attribution": 0.00029593005061075324, "content_attribution": -0.008788710907771365, "stance_attribution": 0.009084640958382122, "tweet_id": 525054406468063232, "text": "@globeandmail - so sad, so tragic.", "type": "direct_reply"}, {"index": 10, "attribution": -0.0005465985647683284, "content_attribution": -0.0011764293349854943, "stance_attribution": 0.0006298307702171661, "tweet_id": 525048291739062272, "text": "@globeandmail @kirstinestewart heartbreaking: https://t.co/Tlg0gu72dt via @megunder", "type": "direct_reply"}, {"index": 2, "attribution": -0.0030147330561814964, "content_attribution": 0.009203703523277049, "stance_attribution": -0.012218436579458552, "tweet_id": 525048118400659457, "text": "@globeandmail What a tragic day.", "type": "direct_reply"}]}