{"thread_id": "525032520124207104", "gold_label": 0, "predicted_label": 2, "tweet_attributions": [{"index": 13, "attribution": 1.783824714785304, "content_attribution": 0.015468159554840436, "stance_attribution": 1.7683565552304634, "tweet_id": 525037364960186368, "text": "@SmotheringTwat And that would have stopped this guy from buying a gun and shooting someone... how?", "type": "lower_reply"}, {"index": 12, "attribution": 1.3841716185031339, "content_attribution": -0.0012127945950676216, "stance_attribution": 1.3853844130982014, "tweet_id": 525032995204653057, "text": "@CBCOttawa How bout that long gun registry now!?", "type": "direct_reply"}, {"index": 4, "attribution": 0.8242509092065105, "content_attribution": 0.06712690302065064, "stance_attribution": 0.7571240061858597, "tweet_id": 525038265595088897, "text": "@Cmdrd5 Worth a try? Harpers policies basically welcome these kinds of things!", "type": "lower_reply"}, {"index": 9, "attribution": 0.2129192973895382, "content_attribution": 0.041064108087493126, "stance_attribution": 0.17185518930204505, "tweet_id": 525039559420047360, "text": "@SmotheringTwat Guns don't kill people, people kill people. If this guy couldn't get a gun, could've used a knife. Knife registry next?", "type": "lower_reply"}, {"index": 3, "attribution": 0.1273899756599071, "content_attribution": 0.013445104840423956, "stance_attribution": 0.11394487081948314, "tweet_id": 525037416495980545, "text": "@SmotheringTwat I highly doubt any of the firearms used in this attack were acquired legally, and even if they were the LGR wouldn't help", "type": "lower_reply"}, {"index": 10, "attribution": 0.05638238994142994, "content_attribution": 0.03103896327166402, "stance_attribution": 0.02534342666976592, "tweet_id": 525038535876042752, "text": "@MrLucky1396 The lack thereof most certainly did help. There's no disputing that!", "type": "lower_reply"}, {"index": 7, "attribution": 0.03463992359411711, "content_attribution": -0.0022118582306617797, "stance_attribution": 0.03685178182477889, "tweet_id": 525035228566667264, "text": "@SmotheringTwat @jsmith318 To obtain a rifle legally in this country you still have to possess a license. That IS the only way legally.", "type": "lower_reply"}, {"index": 2, "attribution": -0.0002512975344216963, "content_attribution": -0.0002357846777141058, "stance_attribution": -1.5512856707589713e-05, "tweet_id": 525033720131375104, "text": "@CBCOttawa @redsteeze Is that a Irish Catholic name?", "type": "direct_reply"}, {"index": 11, "attribution": -0.005182365849683236, "content_attribution": 0.0003570872515628193, "stance_attribution": -0.0055394531012460555, "tweet_id": 525035063860535297, "text": "@CBCOttawa @UncleRee1 independent ???", "type": "direct_reply"}, {"index": 5, "attribution": -0.006506929901101686, "content_attribution": 0.002147173318457036, "stance_attribution": -0.008654103219558722, "tweet_id": 525033851144269825, "text": "@SmotheringTwat assuming didn't criminally acquire the firearm right?", "type": "lower_reply"}, {"index": 1, "attribution": -0.0074841705551304295, "content_attribution": 0.0006372211607928043, "stance_attribution": -0.008121391715923234, "tweet_id": 525032871388803073, "text": ".@CBCOttawa never again #OTTnews", "type": "direct_reply"}, {"index": 8, "attribution": -0.014372805183133937, "content_attribution": -0.00013912810404005118, "stance_attribution": -0.014233677079093888, "tweet_id": 525034993748561920, "text": "@CBCOttawa @bruce_arthur Isis", "type": "direct_reply"}, {"index": 6, "attribution": -0.11322593147594942, "content_attribution": -0.0010681167511457875, "stance_attribution": -0.11215781472480363, "tweet_id": 525037386825474049, "text": "@BlakanWite @SmotheringTwat yeah I'm very aware that you need to be licensed.", "type": "lower_reply"}, {"index": 0, "attribution": -0.13215687308034907, "content_attribution": 0.052099874834352355, "stance_attribution": -0.18425674791470142, "tweet_id": 525032520124207104, "text": "CBC News Ottawa has independently confirmed that the gunman who was shot and killed is Michael Zehaf-Bibeau. #cbcOTT #OTTnews", "type": "source"}]}