{"thread_id": "525055052801515521", "gold_label": 0, "predicted_label": 2, "tweet_attributions": [{"index": 8, "attribution": 3.127481848845493, "content_attribution": 0.021070777947803734, "stance_attribution": 3.106411070897689, "tweet_id": 525061695295987712, "text": "@chronicleherald that's how it's done. Please no resuscitation attempts or shooter pics tomorrow. Lead by example.", "type": "direct_reply"}, {"index": 4, "attribution": 1.4500982469540724, "content_attribution": 0.03828723696284244, "stance_attribution": 1.4118110099912302, "tweet_id": 525062184150114304, "text": "@tchadwyk @chronicleherald Precisely. Only pictures and names of heroes like Cpl. Cirillo and Kevin Vickers should be used.", "type": "lower_reply"}, {"index": 3, "attribution": 0.11613163035050433, "content_attribution": 0.06224581998422754, "stance_attribution": 0.0538858103662768, "tweet_id": 525062973510135809, "text": "@WillyRBeek @chronicleherald agreed. This boy was on guard for us...Our turn for him now. Do the right thing Herald!", "type": "lower_reply"}, {"index": 6, "attribution": 0.020220073845433797, "content_attribution": 0.0013182197345158629, "stance_attribution": 0.018901854110917937, "tweet_id": 525121886967963648, "text": "@chronicleherald @karenhensel8 thats a good looking guy", "type": "direct_reply"}, {"index": 5, "attribution": 0.01768963265074725, "content_attribution": -0.003345840140641616, "stance_attribution": 0.021035472791388867, "tweet_id": 525068829924134913, "text": "@chronicleherald @GillianBauer3 condolences to the #Cirillo family tonight", "type": "direct_reply"}, {"index": 7, "attribution": 0.0018266967891163112, "content_attribution": 0.0019443463787864163, "stance_attribution": -0.00011764958967010533, "tweet_id": 525074367420444672, "text": "So full of life. It's all so damn senseless. @chronicleherald @Merlyn43", "type": "direct_reply"}, {"index": 2, "attribution": -2.31942769998875e-05, "content_attribution": 0.00028455308012999503, "stance_attribution": -0.0003077473571298825, "tweet_id": 525103381745254401, "text": "@chronicleherald @RandiShinder So awful...", "type": "direct_reply"}, {"index": 1, "attribution": -0.004694991571255035, "content_attribution": -0.0014950829600747983, "stance_attribution": -0.0031999086111802375, "tweet_id": 525190643820539904, "text": "@chronicleherald.. on to a better place ...", "type": "direct_reply"}, {"index": 9, "attribution": -0.004711681617459156, "content_attribution": -0.00021137146616854346, "stance_attribution": -0.004500310151290613, "tweet_id": 525181682685841408, "text": "@chronicleherald poor guy. Rest in peace guy.", "type": "direct_reply"}, {"index": 0, "attribution": -0.5427065933367228, "content_attribution": 0.014472060907375796, "stance_attribution": -0.5571786542440986, "tweet_id": 525055052801515521, "text": "Condolences pour in for family of Cpl. Nathan Cirillo, killed in #OttawaShooting http://t.co/EwHwozM3TU http://t.co/KWWGZLJT0b", "type": "source"}]}