{"thread_id": "525020620636307456", "gold_label": 0, "predicted_label": 0, "tweet_attributions": [{"index": 0, "attribution": 0.12350405232357045, "content_attribution": -0.03302535235959943, "stance_attribution": 0.1565294046831699, "tweet_id": 525020620636307456, "text": "RT @ArmedResearch:#ISIS Media account posts picture claiming to be Michael Zehaf-Bibeau, dead #OttawaShooting suspect http://t.co/sn3IhZjOx2", "type": "source"}, {"index": 5, "attribution": 0.013534235907467796, "content_attribution": 0.0002737891635148798, "stance_attribution": 0.013260446743952915, "tweet_id": 525025694456483840, "text": "@GeatanD @R_Mallough @ArmedResearch what a piece of shit. Too bad he took someone with him.", "type": "direct_reply"}, {"index": 1, "attribution": 0.009400107453484692, "content_attribution": -0.0022325745721966193, "stance_attribution": 0.011632682025681313, "tweet_id": 525024017305321474, "text": "@GeatanD @ScottBilleck @ArmedResearch ROT IN HELL....", "type": "direct_reply"}, {"index": 2, "attribution": 0.0028612368654555944, "content_attribution": -0.0005373267181861025, "stance_attribution": 0.003398563583641695, "tweet_id": 525026104470671360, "text": "@GeatanD @jmschrch @dmck1nn", "type": "direct_reply"}, {"index": 9, "attribution": -0.002482883541206745, "content_attribution": -0.001334862433989387, "stance_attribution": -0.0011480211072173504, "tweet_id": 525024993231765504, "text": "@GeatanD @CFRASnow @ArmedResearch  Piece of Shit, Burn in hell", "type": "direct_reply"}, {"index": 8, "attribution": -0.016553144482761704, "content_attribution": 0.0031470122098056197, "stance_attribution": -0.019700156692567326, "tweet_id": 525025328033705984, "text": "@GeatanD @ScottBilleck  This is the POS !", "type": "direct_reply"}, {"index": 7, "attribution": -0.018016209658711948, "content_attribution": -0.001680283815945094, "stance_attribution": -0.01633592584276685, "tweet_id": 525044676328706048, "text": "@GeatanD @charlesadler well Mr. Trudeau should we still go offer bottles of maple syrup and hugs to #ISIS  #getyourheadouttayourassjustin", "type": "direct_reply"}, {"index": 3, "attribution": -0.01985345934211008, "content_attribution": 0.006048449527515801, "stance_attribution": -0.02590190886962588, "tweet_id": 525029180099289088, "text": "@GeatanD @charlesadler @ArmedResearch do not use his name or post his pic He doesn't deserve it!", "type": "direct_reply"}, {"index": 6, "attribution": -0.022341715350745826, "content_attribution": -0.01710114769281528, "stance_attribution": -0.005240567657930552, "tweet_id": 525053910814572546, "text": "@GeatanD @charlesadler  good riddance", "type": "direct_reply"}, {"index": 4, "attribution": -0.024758143595419668, "content_attribution": -0.005094724521222266, "stance_attribution": -0.019663419074197403, "tweet_id": 525065221682253824, "text": "@GeatanD @Crackmacs @ArmedResearch may his name and image be quickly forgotten.  Think of the hero's on this day", "type": "direct_reply"}]}