{"thread_id": "525032872647065600", "gold_label": 2, "predicted_label": 2, "tweet_attributions": [{"index": 13, "attribution": 0.8216932663803295, "content_attribution": -0.0004140842498543618, "stance_attribution": 0.8221073506301838, "tweet_id": 525048948386299904, "text": "@20committee Oh, so they already know where Z-B had gone to? Any travels to the Levant recently?", "type": "direct_reply"}, {"index": 12, "attribution": 0.08402316509085131, "content_attribution": 0.02552473249874974, "stance_attribution": 0.05849843259210156, "tweet_id": 525034442104901632, "text": "If Michael Zehaf-Bebeau had his passport confiscated doesn't it make sense to track his movements - was this done? @20committee @BlogsofWar", "type": "direct_reply"}, {"index": 14, "attribution": 0.05356300346809751, "content_attribution": -0.0010542730815781757, "stance_attribution": 0.054617276549675686, "tweet_id": 525035264826413056, "text": "@20committee @sqwerin and @BarackObama still refuses to call it terrorism!", "type": "direct_reply"}, {"index": 5, "attribution": 0.04673414964161802, "content_attribution": 0.007121952648218347, "stance_attribution": 0.03961219699339967, "tweet_id": 525049059321462784, "text": "@chrisjefferson no info yet", "type": "lower_reply"}, {"index": 9, "attribution": 0.04429854707933402, "content_attribution": 0.02061492063052356, "stance_attribution": 0.023683626448810457, "tweet_id": 525033642939416576, "text": "@20committee @kshaidle maybe we should start revoking passports AFTER they leave...", "type": "direct_reply"}, {"index": 3, "attribution": 0.03282801247681336, "content_attribution": 0.016994698984820485, "stance_attribution": 0.01583331349199287, "tweet_id": 525034548196024320, "text": "@aenk963 @BlogsofWar yes, but CSIS can't watch that many 24/7", "type": "lower_reply"}, {"index": 11, "attribution": 0.031726637381837765, "content_attribution": 0.010259898409133508, "stance_attribution": 0.02146673897270425, "tweet_id": 525040562765053952, "text": "@20committee the incident yesterday (car) in Canada was that a terrorist attack as well?", "type": "direct_reply"}, {"index": 4, "attribution": 0.027825614710187456, "content_attribution": 0.030344392774327284, "stance_attribution": -0.002518778064139829, "tweet_id": 525035734403530752, "text": "micro chip them - Just an uncivil thought :) @20committee @BlogsofWar", "type": "lower_reply"}, {"index": 1, "attribution": 0.018148245553717694, "content_attribution": 0.021160494779557292, "stance_attribution": -0.003012249225839599, "tweet_id": 525035256361934848, "text": "Yes:) except in Australia there's a discussion to let 'sympathizers' reenter OZ to rehabilitate! WTF! @MarkOkanagan @20committee @kshaidle", "type": "lower_reply"}, {"index": 7, "attribution": 0.010257071904625307, "content_attribution": 0.0007018257764409251, "stance_attribution": 0.009555246128184381, "tweet_id": 525033513062371328, "text": "@20committee @BlogsofWar How come we have to pussy foot around terrorism for hours before calling what it is.", "type": "direct_reply"}, {"index": 2, "attribution": 0.008762115530493764, "content_attribution": -0.0011508762212061549, "stance_attribution": 0.009912991751699919, "tweet_id": 525038702607994880, "text": "@20committee @AresXtra They must put high risk travelers in civilian detaine camps to prevent attacks.US does this with suspect japs in WWII", "type": "direct_reply"}, {"index": 15, "attribution": 0.007853721502800087, "content_attribution": 0.0005804620877586762, "stance_attribution": 0.0072732594150414125, "tweet_id": 525033521837273088, "text": "@20committee Pathetic.", "type": "direct_reply"}, {"index": 8, "attribution": 0.00600716368365478, "content_attribution": 0.007019724962770533, "stance_attribution": -0.0010125612791157517, "tweet_id": 525040767270543360, "text": "@aniekan_o sure looks like one", "type": "lower_reply"}, {"index": 6, "attribution": 0.0014841604802983558, "content_attribution": -0.00020187533143769946, "stance_attribution": 0.0016860358117360558, "tweet_id": 525062791712235520, "text": "@20committee   A high risk traveller!  But a risk to #Canadians and government officials , he was okay ?", "type": "direct_reply"}, {"index": 10, "attribution": 0.0009482553848443737, "content_attribution": -0.0010652312254746804, "stance_attribution": 0.002013486610319054, "tweet_id": 525040309097336832, "text": "@20committee @kshaidle It makes more sense to let them leave, and invalidate their passports before they return.", "type": "direct_reply"}, {"index": 0, "attribution": -0.79428375613621, "content_attribution": 0.035782777216907084, "stance_attribution": -0.8300665333531172, "tweet_id": 525032872647065600, "text": "BREAKING: Michael Zehaf-Bebeau had been designated \"high-risk traveller\" by CDN govt, which confiscated his passport http://t.co/dPeMQ78jzm", "type": "source"}]}