{"thread_id": "525062993898635264", "gold_label": 0, "predicted_label": 2, "tweet_attributions": [{"index": 7, "attribution": 3.017872790060629, "content_attribution": 0.02557401374474877, "stance_attribution": 2.99229877631588, "tweet_id": 525079356197335040, "text": "@AmyMek    Puts a Face on The Pure Evil That Is Infecting The World   These Scum R Serious !!! When Will The World Realize This !!!", "type": "direct_reply"}, {"index": 1, "attribution": 2.225891337897079, "content_attribution": 0.08456330213764508, "stance_attribution": 2.1413280357594338, "tweet_id": 525094976838197249, "text": "@JBFazz1213 @AmyMek they need to be exterminated like roaches.", "type": "lower_reply"}, {"index": 3, "attribution": 0.35895656283284566, "content_attribution": 0.11950513478736977, "stance_attribution": 0.23945142804547592, "tweet_id": 525126087677054976, "text": "@ZeusAmerMastiff @JBFazz1213 @AmyMek  send them to ISIS all Muslims", "type": "lower_reply"}, {"index": 15, "attribution": 0.015132250608252169, "content_attribution": 0.0002498185059996176, "stance_attribution": 0.014882432102252551, "tweet_id": 525079722150350848, "text": "@AmyMek   Comfort and Peace 2 This Hero's Family !!!", "type": "direct_reply"}, {"index": 5, "attribution": 0.014060210469756891, "content_attribution": -0.001625438933552833, "stance_attribution": 0.015685649403309725, "tweet_id": 525501451855220736, "text": "@AmyMek @Callisto1947 Ty for the follow. Greetings from Canada. Canadian-American alliance right here.", "type": "direct_reply"}, {"index": 16, "attribution": 0.013992492089130639, "content_attribution": 0.0004745135786206172, "stance_attribution": 0.013517978510510025, "tweet_id": 525078915803787264, "text": "@AmyMek Your tweet makes my page better: http://t.co/pmZJ9ZgUVq", "type": "direct_reply"}, {"index": 6, "attribution": 0.010132977131177952, "content_attribution": -0.00011654898723010471, "stance_attribution": 0.01024952611840806, "tweet_id": 525332360393289728, "text": "@AmyMek @Toupsfamily", "type": "direct_reply"}, {"index": 9, "attribution": 0.005208586173261406, "content_attribution": 0.0007183564240358256, "stance_attribution": 0.004490229749225581, "tweet_id": 525066892474478593, "text": "@AmyMek @Tammybaby65 So young and beautiful. May god be with your family as you begin your new journey in everlasting life!!!", "type": "direct_reply"}, {"index": 10, "attribution": 0.004684718586472854, "content_attribution": 0.00022710865416971417, "stance_attribution": 0.00445760993230314, "tweet_id": 525097076364152832, "text": "@AmyMek @BIZPACReview filthy muzzie revert scum.", "type": "direct_reply"}, {"index": 13, "attribution": 0.0006208708053315247, "content_attribution": -0.00012441029459200274, "stance_attribution": 0.0007452810999235276, "tweet_id": 525081582064128001, "text": "@AmyMek prayers for the fallen", "type": "direct_reply"}, {"index": 4, "attribution": -0.0005191200504207772, "content_attribution": -0.0008782397588185294, "stance_attribution": 0.0003591197083977522, "tweet_id": 525094610662875136, "text": "@AmyMek @Prayformetoo Killed by a peaceful fun loving Muslim.", "type": "direct_reply"}, {"index": 8, "attribution": -0.0012085107391076857, "content_attribution": -0.0005164843169361663, "stance_attribution": -0.0006920264221715194, "tweet_id": 525365358602256384, "text": "@AmyMek @Callisto1947 What a handsome young man. Yet another victim of political correctness. Political correctness kills! #Ottawa", "type": "direct_reply"}, {"index": 14, "attribution": -0.0014780964863141581, "content_attribution": -0.0008588596697751548, "stance_attribution": -0.0006192368165390037, "tweet_id": 525332347227746307, "text": "@AmyMek @Toupsfamily AW, this hurts my heart", "type": "direct_reply"}, {"index": 2, "attribution": -0.0035761828946077844, "content_attribution": -0.0012597681940533356, "stance_attribution": -0.002316414700554449, "tweet_id": 525366276244656128, "text": "@AmyMek @Callisto1947 bless you and your family! God bless Canada during this time of such sadness", "type": "direct_reply"}, {"index": 11, "attribution": -0.00386047001478817, "content_attribution": 0.004959418718213768, "stance_attribution": -0.008819888733001935, "tweet_id": 525367018254790656, "text": "@AmyMek Please retweet. This is disgusting!", "type": "lower_reply"}, {"index": 12, "attribution": -0.10393757072168887, "content_attribution": 0.012763959967925865, "stance_attribution": -0.11670153068961474, "tweet_id": 525366728638070784, "text": "@AmyMek look at this profile @NotOccupying A Toronto university FOREIGN student says \"FUCK CANADA\" and more about the PM after the attack.", "type": "direct_reply"}, {"index": 0, "attribution": -0.5102734521668595, "content_attribution": 0.03474889211451328, "stance_attribution": -0.5450223442813726, "tweet_id": 525062993898635264, "text": "Rest In Peace Corporal Nathan Cirillo. \n\n#Respect \n#Ottawa \n#Canada \n#tcot http://t.co/1mIBOBohd4", "type": "source"}]}