{"thread_id": "525029016001318913", "gold_label": 0, "predicted_label": 2, "tweet_attributions": [{"index": 12, "attribution": 4.503007858350739, "content_attribution": 0.005671178185900481, "stance_attribution": 4.497336680164839, "tweet_id": 525043829603586048, "text": "@TheBeast_175 @cdnmickeyfan I sincerely hope that is NOT  his definition of being Canadian.", "type": "lower_reply"}, {"index": 11, "attribution": 2.456594204917076, "content_attribution": 0.0041456585716371916, "stance_attribution": 2.452448546345439, "tweet_id": 525046777670807552, "text": "@yensidltaw @TheBeast_175 My definition of being Canadian is to love this country and it's citizens. Very sad yours is NOT!!", "type": "lower_reply"}, {"index": 16, "attribution": 1.9670790526781308, "content_attribution": 0.0011078400432817017, "stance_attribution": 1.965971212634849, "tweet_id": 525041836508082176, "text": "@cdnmickeyfan oh I get it your definition of being Canadian is one that doesn't include people of mid-east descent #thatsprejudice", "type": "lower_reply"}, {"index": 30, "attribution": 0.3286321444512598, "content_attribution": 5.460370369079901e-05, "stance_attribution": 0.328577540747569, "tweet_id": 525031077845688320, "text": "@daryldavis41 @JWadeMoses @CTVNews  Good ! Do they know if he acted alone ?", "type": "lower_reply"}, {"index": 25, "attribution": 0.19546443175474174, "content_attribution": 0.000689021784270848, "stance_attribution": 0.19477540997047088, "tweet_id": 525057491860586497, "text": "@cdnmickeyfan To be clear I love my Country &amp; the people who fight for it\nI'll not condone prejudice nor the notion of 2nd grade citizens", "type": "lower_reply"}, {"index": 17, "attribution": 0.17604467442069666, "content_attribution": 0.0010365509877687457, "stance_attribution": 0.1750081234329279, "tweet_id": 525031260356640768, "text": "@Slater363 @JWadeMoses @CTVNews not sure.....still fluid situation", "type": "lower_reply"}, {"index": 20, "attribution": 0.11458220971790686, "content_attribution": 0.004752423901394594, "stance_attribution": 0.10982978581651227, "tweet_id": 525030812014874624, "text": "@Slater363 @JWadeMoses @CTVNews Yes he was shot dead...", "type": "lower_reply"}, {"index": 46, "attribution": 0.0924441142007911, "content_attribution": 0.0006166060500679527, "stance_attribution": 0.09182750815072314, "tweet_id": 525053902018715649, "text": "@cdnmickeyfan @TheBeast_175 Sorry just saw this\nWhat u just defined is being patriotic. Which is different from citizenship (at least to me)", "type": "lower_reply"}, {"index": 3, "attribution": 0.07744575892295685, "content_attribution": 0.08888287946309698, "stance_attribution": -0.01143712054014013, "tweet_id": 525037811096121345, "text": "@cdnmickeyfan nope doesn't bother me any. Just wanted to confirm your ignorance, and I did. Thanks!", "type": "lower_reply"}, {"index": 15, "attribution": 0.07387247883265335, "content_attribution": 0.0014475992175278772, "stance_attribution": 0.07242487961512548, "tweet_id": 525047288880967681, "text": "@cdnmickeyfan @yensidltaw lol who taught you English in school?? They need to be fired. One of the dumbest ppl I've seen on twitter hahaha", "type": "lower_reply"}, {"index": 47, "attribution": 0.06244615165316257, "content_attribution": 0.004310823460958365, "stance_attribution": 0.05813532819220421, "tweet_id": 525044891169325057, "text": "@yensidltaw @cdnmickeyfan something tells me he's an idiot and that something are his tweets lol", "type": "lower_reply"}, {"index": 8, "attribution": 0.062153748363975934, "content_attribution": 0.005701596202791768, "stance_attribution": 0.05645215216118417, "tweet_id": 525042233393680384, "text": "@TheBeast_175 @cdnmickeyfan I seriously don't get that shortcut.  I say he can't deport them and all of a sudden I'm a behind criminals...", "type": "lower_reply"}, {"index": 42, "attribution": 0.04609658190630009, "content_attribution": 0.06088814997812112, "stance_attribution": -0.014791568071821033, "tweet_id": 525036872289239040, "text": "@TheBeast_175 @CTVNews Nope, not prejudiced just a fact. Sorry if that FACT bothers you!!", "type": "lower_reply"}, {"index": 24, "attribution": 0.04435839472291688, "content_attribution": 0.002017458524069344, "stance_attribution": 0.04234093619884754, "tweet_id": 525037782964908032, "text": "@yensidltaw @CTVNews Nope. They don't deserve that right. I can't believe you stand behind these people. Are you for real??  Very sad!!", "type": "lower_reply"}, {"index": 22, "attribution": 0.04409865579670853, "content_attribution": 0.04319382556388841, "stance_attribution": 0.0009048302328201244, "tweet_id": 525038444876402688, "text": "@TheBeast_175 Glad you think my loyalty to my country and peaceful citizens is ignorance. You're a loser!!", "type": "lower_reply"}, {"index": 36, "attribution": 0.03351560746451085, "content_attribution": 0.0015790217156936852, "stance_attribution": 0.031936585748817164, "tweet_id": 525040351631790081, "text": "@cdnmickeyfan @CTVNews bye", "type": "lower_reply"}, {"index": 18, "attribution": 0.029997310096936746, "content_attribution": 0.003852591481953391, "stance_attribution": 0.026144718614983353, "tweet_id": 525039849825660931, "text": "@yensidltaw @CTVNews And that's your bleeding heart opinion. Good bye!!!", "type": "lower_reply"}, {"index": 1, "attribution": 0.0288013534254912, "content_attribution": 0.0007248901262697826, "stance_attribution": 0.028076463299221418, "tweet_id": 525038761420152832, "text": "@cdnmickeyfan @CTVNews you will face they canadian law like any citizen if you commit a crime period", "type": "lower_reply"}, {"index": 10, "attribution": 0.02665048474490423, "content_attribution": 0.002410707581727533, "stance_attribution": 0.024239777163176695, "tweet_id": 525041056002637824, "text": "@yensidltaw @cdnmickeyfan judging from his responses, i think he has a hard time comprehending what he reads. Forgive him.", "type": "lower_reply"}, {"index": 33, "attribution": 0.026331020981517295, "content_attribution": 0.004852166935530996, "stance_attribution": 0.0214788540459863, "tweet_id": 525030690908553216, "text": "@cdnmickeyfan @CTVNews How can you deport them when they ARE  canadian??? Deport them where?", "type": "lower_reply"}, {"index": 23, "attribution": 0.02509744303860312, "content_attribution": 0.023266455389817878, "stance_attribution": 0.001830987648785246, "tweet_id": 525039116124450816, "text": "@yensidltaw @CTVNews You are so ridiculous. Just listen to yourself!!", "type": "lower_reply"}, {"index": 31, "attribution": 0.021118313659779647, "content_attribution": 0.022121336410384544, "stance_attribution": -0.0010030227506048935, "tweet_id": 525039720363872256, "text": "@cdnmickeyfan @CTVNews Me being ridiculous is your opinion. I just don't agree with your opinion. A candian is Canadian not matter what.", "type": "lower_reply"}, {"index": 37, "attribution": 0.021034560098453385, "content_attribution": 0.008236107000926163, "stance_attribution": 0.01279845309752722, "tweet_id": 525032504303316993, "text": "@cdnmickeyfan @CTVNews I think you are implying that this person is of Arabic background.. That's kinda prejudice don't u think?", "type": "lower_reply"}, {"index": 49, "attribution": 0.018688246054323586, "content_attribution": 0.00022022512809392463, "stance_attribution": 0.01846802092622966, "tweet_id": 525031573796970498, "text": "@daryldavis41 @JWadeMoses @CTVNews  I guess at this point that makes sense. Thank you for the info, I appreciate it.", "type": "lower_reply"}, {"index": 39, "attribution": 0.01861628674050685, "content_attribution": 0.005710614224190637, "stance_attribution": 0.012905672516316215, "tweet_id": 525036505438629888, "text": "@yensidltaw @CTVNews They're not Canadians who were born here. They do not deserve to be Canadian. Back where they/their family came from.", "type": "lower_reply"}, {"index": 6, "attribution": 0.014771681660063795, "content_attribution": -0.0010200620871417953, "stance_attribution": 0.015791743747205586, "tweet_id": 525033842373967872, "text": "@CTVNews @garretmeikle Jonathan, that photo is fake, put up be trolls and fearmongers. NO photo has been released by police yet. Get a clue!", "type": "direct_reply"}, {"index": 13, "attribution": 0.011301584987495044, "content_attribution": 0.0010645257377388659, "stance_attribution": 0.010237059249756179, "tweet_id": 525039462343258113, "text": "@TheBeast_175 Not being a terrorist you dumb fuck!!! Glad you stand behind these people!! What about the soldier that died? Is that a joke?", "type": "lower_reply"}, {"index": 27, "attribution": 0.009249049651062062, "content_attribution": 0.004373575557371588, "stance_attribution": 0.004875474093690474, "tweet_id": 525037283293278208, "text": "@cdnmickeyfan @CTVNews Actually, you are wrong. They ARE born here. And they ARE bred here. So they ARE canadian just like you and me!", "type": "lower_reply"}, {"index": 7, "attribution": 0.006744629280746844, "content_attribution": 0.009455895281009239, "stance_attribution": -0.0027112660002623946, "tweet_id": 525039683102052352, "text": "@yensidltaw @CTVNews Not the same thing at all. You're quite ignorant!!!", "type": "lower_reply"}, {"index": 4, "attribution": 0.00621414174321796, "content_attribution": 0.006255140463387383, "stance_attribution": -4.099872016942288e-05, "tweet_id": 525039138173882369, "text": "@cdnmickeyfan he was a Canadian citizen dumbshit. What's your definition of being Canadian???", "type": "lower_reply"}, {"index": 48, "attribution": 0.005273904214633133, "content_attribution": 0.0021134539464309123, "stance_attribution": 0.0031604502682022204, "tweet_id": 525040272338468864, "text": "@cdnmickeyfan @CTVNews Sure, of course i'm ignorant. The fact is there're laws, u commit a crime, u are punished. not striped of ur ctzship", "type": "lower_reply"}, {"index": 2, "attribution": 0.004612638326118586, "content_attribution": 0.00044023458019529563, "stance_attribution": 0.004172403745923289, "tweet_id": 525038950470397954, "text": "@yensidltaw @CTVNews That's a joke!!!!", "type": "lower_reply"}, {"index": 29, "attribution": 0.004296928301783642, "content_attribution": 0.008268288526376575, "stance_attribution": -0.003971360224592935, "tweet_id": 525039310115205120, "text": "@cdnmickeyfan @CTVNews Of course that soldier did not deserve to die. They same way someone killed in a robbery does not deserve to die.", "type": "lower_reply"}, {"index": 53, "attribution": 0.0015545317800083678, "content_attribution": 0.0001800822269312001, "stance_attribution": 0.0013744495530771676, "tweet_id": 525050151401181185, "text": "@cdnmickeyfan @TheBeast_175 Killing someone no matter ur intentions behind the killing is the same to me.  U commit a crime, u face the law.", "type": "lower_reply"}, {"index": 28, "attribution": 0.0013269512540190192, "content_attribution": 0.0030603702559257265, "stance_attribution": -0.0017334190019067082, "tweet_id": 525048301461446656, "text": "@cdnmickeyfan I think you are slightly demented, just slightly. You hop topics faster than you hop dicks. So have a bad day and FUCK YOU", "type": "lower_reply"}, {"index": 9, "attribution": 0.0004812632048009995, "content_attribution": 0.0006533452063799004, "stance_attribution": -0.00017208200157890101, "tweet_id": 525038635813715968, "text": "@cdnmickeyfan @CTVNews I don't stand behind them, but i don't believe in 2 types of citizens. if you are cdn you are cdn.", "type": "lower_reply"}, {"index": 32, "attribution": 0.0004359477458793729, "content_attribution": 0.01389050830422824, "stance_attribution": -0.013454560558348864, "tweet_id": 525038965775028224, "text": "@cdnmickeyfan @CTVNews I disagree on this. So when You commit a crime, should i strip you of your citizenship?", "type": "lower_reply"}, {"index": 38, "attribution": 0.00022375531920076528, "content_attribution": 0.0001837573461580792, "stance_attribution": 3.9997973042686136e-05, "tweet_id": 525039987444965376, "text": "@cdnmickeyfan wow u seriously need to learn to read and stop jumping topics. I grieve for the fallen solider and his family, but your poor..", "type": "lower_reply"}, {"index": 34, "attribution": -0.00020690773441412868, "content_attribution": 0.00017991626364577656, "stance_attribution": -0.00038682399805990524, "tweet_id": 525038832321064960, "text": "@yensidltaw @CTVNews Sorry. Not if you're a terrorist!!! Unbelievable!!!", "type": "lower_reply"}, {"index": 52, "attribution": -0.0012132043697553226, "content_attribution": -0.0005285046223648152, "stance_attribution": -0.0006846997473905073, "tweet_id": 525040318866292737, "text": "@cdnmickeyfan choice of words like \"deport them\" is the issue here. The gunman was a Canadian, how do you deport someone who is from here??", "type": "lower_reply"}, {"index": 40, "attribution": -0.0013765036505872636, "content_attribution": -0.0008501256608195002, "stance_attribution": -0.0005263779897677636, "tweet_id": 525046582824402944, "text": "@TheBeast_175 @yensidltaw First of all you idiot I'm a female. Second maybe you will read yours and ask yourself how Canadian you really are", "type": "lower_reply"}, {"index": 55, "attribution": -0.0016152532855616196, "content_attribution": -0.000996467339020993, "stance_attribution": -0.0006187859465406268, "tweet_id": 525032022189043713, "text": "@JWadeMoses @daryldavis41 @CTVNews  Thank you for the info !", "type": "lower_reply"}, {"index": 35, "attribution": -0.0021893344026404343, "content_attribution": 0.0006961182600634701, "stance_attribution": -0.0028854526627039045, "tweet_id": 525047179006980097, "text": "@TheBeast_175 @yensidltaw You're an ignorant asshole. I have no problem with comprehension!!", "type": "lower_reply"}, {"index": 41, "attribution": -0.0026658926417987296, "content_attribution": 0.0028855962745552312, "stance_attribution": -0.00555148891635396, "tweet_id": 525037823691620352, "text": "@cdnmickeyfan @CTVNews + even if they were not born here, they hold a cdn citizenship so they're canadian. There's not 2 class of citizens.", "type": "lower_reply"}, {"index": 44, "attribution": -0.0037503292342924814, "content_attribution": 0.0007286622436210841, "stance_attribution": -0.004478991477913565, "tweet_id": 525030811788406784, "text": "@Slater363 @daryldavis41 @CTVNews He was killed at the Parliament.", "type": "lower_reply"}, {"index": 5, "attribution": -0.0038514993978737855, "content_attribution": 0.0042162690509850295, "stance_attribution": -0.008067768448858814, "tweet_id": 525038627697745920, "text": "@yensidltaw @CTVNews who cares what they hold. They don't deserve to hold it and should be stripped of it. WOW", "type": "lower_reply"}, {"index": 21, "attribution": -0.004042016339818819, "content_attribution": -0.0026691014162630654, "stance_attribution": -0.0013729149235557547, "tweet_id": 525038067649101824, "text": "@yensidltaw @CTVNews Did that soldier deserve to die!!?? Whose rights are you for?? Hope your friends and family know where you stand.", "type": "lower_reply"}, {"index": 43, "attribution": -0.004093296372026269, "content_attribution": -0.001718108428507427, "stance_attribution": -0.0023751879435188403, "tweet_id": 525030711192223744, "text": "@JWadeMoses @daryldavis41 @CTVNews  Daryl, Did they get him ?", "type": "lower_reply"}, {"index": 14, "attribution": -0.0066754933114945465, "content_attribution": -0.0019512317682804994, "stance_attribution": -0.004724261543214045, "tweet_id": 525033422230528000, "text": "@CTVNews @garretmeikle Michael Zehaf-Bibeau's name is Ukranian-French, not middle-eastern. Bibeau is a French surname.", "type": "direct_reply"}, {"index": 19, "attribution": -0.016559105725864654, "content_attribution": 0.0057516584087449665, "stance_attribution": -0.02231076413460962, "tweet_id": 525029804878594051, "text": "@CTVNews Anyone who is suspected of ties with ISIS should be deported. Stop the political correctness!! Enough is enough!!", "type": "direct_reply"}, {"index": 26, "attribution": -0.02045404225043132, "content_attribution": 0.004179854314356434, "stance_attribution": -0.02463389656478775, "tweet_id": 525046968142536704, "text": "@yensidltaw @TheBeast_175 Robbing a bank and being a terrorist are two totally separate things.", "type": "lower_reply"}, {"index": 50, "attribution": -0.023119413586911018, "content_attribution": 0.0004712575100775758, "stance_attribution": -0.023590671096988595, "tweet_id": 525050347522248704, "text": "@cdnmickeyfan @TheBeast_175 You are not stripped of your citizenship in either cases.", "type": "lower_reply"}, {"index": 51, "attribution": -0.02760929283733831, "content_attribution": 0.006271993312964368, "stance_attribution": -0.033881286150302684, "tweet_id": 525047339128733696, "text": "@TheBeast_175  oh and you definitely aren't a \"good dude\".", "type": "lower_reply"}, {"index": 54, "attribution": -0.052334371390134006, "content_attribution": -0.00019858962940895686, "stance_attribution": -0.052135781760725045, "tweet_id": 525035042469597185, "text": "@JWadeMoses @CTVNews \nCBS &amp; Dailymail conf his name.", "type": "lower_reply"}, {"index": 0, "attribution": -0.12151383624118106, "content_attribution": 0.001685258624243977, "stance_attribution": -0.12319909486542502, "tweet_id": 525029016001318913, "text": "CTV News has confirmed the name Canadian authorities provided to U.S. authorities is Michael Zehaf-Bibeau. #OttawaShooting", "type": "source"}, {"index": 45, "attribution": -0.18613983116733857, "content_attribution": -0.0016188375229809486, "stance_attribution": -0.1845209936443576, "tweet_id": 525029422513283072, "text": "@CTVNews here's a picture of him found on an ISIS media http://t.co/lzlf4MhyuG", "type": "direct_reply"}]}