{"thread_id": "525036240848945152", "gold_label": 0, "predicted_label": 0, "tweet_attributions": [{"index": 0, "attribution": 0.2321087379420826, "content_attribution": 0.08625561327493514, "stance_attribution": 0.14585312466714748, "tweet_id": 525036240848945152, "text": "Sergeant-at-Arms Kevin Vickers hailed as hero for shooting Canadian Parliament gunman: http://t.co/09FfLbM475 http://t.co/A6bY6M4HtE", "type": "source"}, {"index": 15, "attribution": 0.03440995973853462, "content_attribution": -0.000649949294705083, "stance_attribution": 0.035059909033239696, "tweet_id": 525040177928876033, "text": "@ABC @SusanFelicity #OttawaShooting Aftermat Videos all vids copyright Paul Lauzon     http://t.co/geVRZDzB4Z", "type": "direct_reply"}, {"index": 4, "attribution": 0.032163069538236916, "content_attribution": 0.016132642922392026, "stance_attribution": 0.016030426615844893, "tweet_id": 525039459838865408, "text": "@ABC Just glad he had a gun...", "type": "direct_reply"}, {"index": 5, "attribution": 0.020127820684768274, "content_attribution": 0.014290064337742632, "stance_attribution": 0.005837756347025641, "tweet_id": 525040656390311936, "text": "\"@ABC: Sergeant-at-Arms Kevin Vickers hailed as hero for shooting Canadian Parliament gunman: http://t.co/omjW7NoC9T http://t.co/TYIHjqnexk\"", "type": "direct_reply"}, {"index": 10, "attribution": 0.015593449330905297, "content_attribution": -0.0008320192940791272, "stance_attribution": 0.016425468624984424, "tweet_id": 525120673338101760, "text": "@ABC", "type": "direct_reply"}, {"index": 14, "attribution": 0.015375639205089466, "content_attribution": -0.0008763789740409201, "stance_attribution": 0.016252018179130384, "tweet_id": 525069280640249856, "text": "@ABC", "type": "direct_reply"}, {"index": 2, "attribution": 0.011546685866848642, "content_attribution": 0.0029232491593975895, "stance_attribution": 0.00862343670745105, "tweet_id": 525045991842807808, "text": "@ABC @WNTonight a true hero well done sir.", "type": "direct_reply"}, {"index": 1, "attribution": 0.006595662177467566, "content_attribution": 0.0038702194892499832, "stance_attribution": 0.0027254426882175834, "tweet_id": 525037695668457472, "text": "\u201c@ABC: Sergeant-at-Arms Kevin Vickers hailed as hero for shooting Canadian Parliament gunman: http://t.co/tFxfF9r1C4 http://t.co/JooxDxQDfA\u201d", "type": "direct_reply"}, {"index": 9, "attribution": 0.0050628785844664065, "content_attribution": 0.0036495004684425816, "stance_attribution": 0.0014133781160238252, "tweet_id": 525039552185249792, "text": "\u201c@ABC: Sergeant-at-Arms Kevin Vickers hailed as hero for shooting Canadian Parliament gunman: http://t.co/bKLbPUHfZ5 http://t.co/wegygltDwp\u201d", "type": "direct_reply"}, {"index": 16, "attribution": 0.0007878735960538917, "content_attribution": 0.00021088855359656605, "stance_attribution": 0.0005769850424573279, "tweet_id": 525040571052617728, "text": "@ABC Thank you Kevin Vickers... We could use u at the Whitehouse.", "type": "direct_reply"}, {"index": 13, "attribution": 0.00033803252685917276, "content_attribution": 0.0004116347895342974, "stance_attribution": -7.360226267512512e-05, "tweet_id": 525039488209129472, "text": "@ABC @WNTonight Kudos, Kevin Vickers!  Thank you!", "type": "direct_reply"}, {"index": 12, "attribution": -0.001227107158857231, "content_attribution": 0.00020696118514597524, "stance_attribution": -0.0014340683440032058, "tweet_id": 525069218929467392, "text": "@ABC. All this violence needs to stop. Peace to all people in the world... it is time for no violence and no terrorism.", "type": "direct_reply"}, {"index": 3, "attribution": -0.0071344743301279545, "content_attribution": -0.0025359472245068625, "stance_attribution": -0.004598527105621091, "tweet_id": 525037803042639872, "text": "@ABC Give that man a raise!", "type": "direct_reply"}, {"index": 7, "attribution": -0.014812152183437288, "content_attribution": 0.003603617258695102, "stance_attribution": -0.01841576944213239, "tweet_id": 525070934953041920, "text": "@ABC   Glad Mr. Vickers was armed.  If he tried to negotiate I hate to think how many others would have died.", "type": "direct_reply"}, {"index": 6, "attribution": -0.01818368818905118, "content_attribution": -0.0010969627879878383, "stance_attribution": -0.017086725401063343, "tweet_id": 525040585254907904, "text": "@ABC @WNTonight will this be another work place violence?", "type": "direct_reply"}, {"index": 8, "attribution": -0.019004801096760705, "content_attribution": 0.0008033522263942278, "stance_attribution": -0.01980815332315493, "tweet_id": 525038205721407489, "text": "@ABC #SergeantatArmsKevinVickers We would like to have the I.D. of the killer &amp; why can Canadian Soldier wear there uniform in public.", "type": "direct_reply"}, {"index": 11, "attribution": -0.029368407940945786, "content_attribution": -0.023079985653211257, "stance_attribution": -0.006288422287734532, "tweet_id": 525038705422376960, "text": "@ABC there is a typo in your article..  Smh on the editors part. \"Not been, not been\" how could you miss that", "type": "direct_reply"}]}