{"thread_id": "525026947307700225", "gold_label": 0, "predicted_label": 2, "tweet_attributions": [{"index": 2, "attribution": 1.77365406178173, "content_attribution": 0.03875982775842999, "stance_attribution": 1.7348942340233, "tweet_id": 525030945779245056, "text": "@Greg_M_Schwartz Are you Canadian? We're having a debate on 31.", "type": "lower_reply"}, {"index": 4, "attribution": 1.4708326233739883, "content_attribution": 0.09290278353240954, "stance_attribution": 1.377929839841579, "tweet_id": 525032960689311745, "text": "@AlisonPaoli @Greg_M_Schwartz  half Canuck.", "type": "lower_reply"}, {"index": 3, "attribution": 0.43189160088271084, "content_attribution": 0.03141551622132321, "stance_attribution": 0.4004760846613876, "tweet_id": 525027795965984768, "text": "\u201c@Canadagentleman: Rest In Peace Cpl. Nathan Cirillo and thank you for serving our country #OttawaShooting http://t.co/P01lx5lUS7\u201d", "type": "direct_reply"}, {"index": 5, "attribution": 0.09804828596383305, "content_attribution": 0.04914103337336912, "stance_attribution": 0.04890725259046391, "tweet_id": 525033803664740352, "text": "@Greg_M_Schwartz Born in Canada, raised in the US?", "type": "lower_reply"}, {"index": 0, "attribution": 0.06721083035949615, "content_attribution": 0.024300136854484667, "stance_attribution": 0.04291069350501149, "tweet_id": 525026947307700225, "text": "Rest In Peace Cpl. Nathan Cirillo and thank you for serving our country #OttawaShooting http://t.co/Tb062RSRtC", "type": "source"}, {"index": 1, "attribution": 0.01739926314870999, "content_attribution": -0.0013997455582704537, "stance_attribution": 0.018799008706980442, "tweet_id": 525028123403100160, "text": "@Canadagentleman @jdee_ RIP CPT NATHAN CIRILLO,MY THOUGHT ARE WITH YOUR FAMILY AND FRIENDS LOVE FROM THE UK", "type": "direct_reply"}, {"index": 6, "attribution": 0.0074988950269383025, "content_attribution": 0.00010884166034659043, "stance_attribution": 0.007390053366591711, "tweet_id": 525037546443907073, "text": "Much power to his family: @Canadagentleman @quietfire Rest In Peace Cpl. Nathan Cirillo &amp; thank you for serving our country #OttawaShooting", "type": "direct_reply"}, {"index": 7, "attribution": 0.006847739248232986, "content_attribution": -0.0015803115689370637, "stance_attribution": 0.00842805081717005, "tweet_id": 525307826139197440, "text": "@Canadagentleman brave man. May his soul RIP.", "type": "direct_reply"}, {"index": 8, "attribution": 0.0010962417895474738, "content_attribution": 0.0006446926412882968, "stance_attribution": 0.0004515491482591778, "tweet_id": 525028041039155201, "text": "@Canadagentleman My condolences to his family, deeply sorry for your loss of this handsome man on his own soil. There is no justification.", "type": "direct_reply"}]}