{"thread_id": "525026592788348929", "gold_label": 0, "predicted_label": 2, "tweet_attributions": [{"index": 3, "attribution": 4.068935453780991, "content_attribution": 0.030826650771690035, "stance_attribution": 4.038108803009301, "tweet_id": 525032032976764929, "text": "@PaBasiala @CTVNews bro FBI has info on both me and you bruh...they got out whole lives in a USB key", "type": "lower_reply"}, {"index": 13, "attribution": 2.8129887398902915, "content_attribution": 0.05086670134376871, "stance_attribution": 2.7621220385465226, "tweet_id": 525032270835744769, "text": "@Dacoast31 ain't nobody got info on me lol.. And I'm sayin we should get to the bottom of this before the states do", "type": "lower_reply"}, {"index": 9, "attribution": 2.091040826494654, "content_attribution": 0.07541909588883827, "stance_attribution": 2.015621730605816, "tweet_id": 525031864843915265, "text": "@Dacoast31 @CTVNews shit they don't need our help findin their shit out.. We weak yo", "type": "lower_reply"}, {"index": 5, "attribution": 0.45498764336117303, "content_attribution": 0.03300818937505503, "stance_attribution": 0.421979453986118, "tweet_id": 525031724787703808, "text": "@PaBasiala @CTVNews RCMP shared the news with the FBI to help em track the guy , FBI told public.", "type": "lower_reply"}, {"index": 12, "attribution": 0.27152912317252126, "content_attribution": 0.006439071445560557, "stance_attribution": 0.26509005172696076, "tweet_id": 525033283974086657, "text": "@PaBasiala my jigga , the FBI knows about that ugly ass sidechick that u ain't ever tell no one about. They got that kind of power.", "type": "lower_reply"}, {"index": 0, "attribution": 0.06980055979243682, "content_attribution": 0.029597024415447107, "stance_attribution": 0.04020353537698971, "tweet_id": 525026592788348929, "text": "Ottawa shooting suspect named as Michael Zehaf-Bibeau \u2013 2 U.S. sources tell ABC News.", "type": "source"}, {"index": 6, "attribution": 0.05057230667541209, "content_attribution": 0.0018144127530823123, "stance_attribution": 0.0487578939223298, "tweet_id": 525033634106195968, "text": "@PaBasiala @Dacoast31 Are they still searching for him or is this the dead guy?", "type": "lower_reply"}, {"index": 10, "attribution": 0.0387785090288386, "content_attribution": 0.03027846927541362, "stance_attribution": 0.008500039753424978, "tweet_id": 525031472080896000, "text": "\u201c@CTVNews: Ottawa shooting suspect named as Michael Zehaf-Bibeau \u2013 2 U.S. sources tell ABC News.\u201d Us sources ? How they kno before us?", "type": "direct_reply"}, {"index": 14, "attribution": 0.02499187792262483, "content_attribution": 0.0060256680717969725, "stance_attribution": 0.018966209850827857, "tweet_id": 525034208151216128, "text": "@EST_Laced_Up the guy mentioned is dead. One more maybe two  is possibly at large", "type": "lower_reply"}, {"index": 11, "attribution": 0.001426595043491036, "content_attribution": 0.006550389103658361, "stance_attribution": -0.005123794060167325, "tweet_id": 525033188377497601, "text": "@PaBasiala @Dacoast31 You guys are so funny. American here, US intel keeps info on everyone, especially suspected Algerian radicals.", "type": "lower_reply"}, {"index": 2, "attribution": 0.00089743632702452, "content_attribution": 6.84815938792791e-05, "stance_attribution": 0.0008289547331452411, "tweet_id": 525034890535108608, "text": "@Dacoast31 Ok, was wondering cus media didnt specify. Thank you", "type": "lower_reply"}, {"index": 7, "attribution": -0.0009771898202404514, "content_attribution": 0.0003381209778037247, "stance_attribution": -0.001315310798044176, "tweet_id": 525030935704502272, "text": "@CTVNews Algerian Muslim of course", "type": "direct_reply"}, {"index": 15, "attribution": -0.0015358896917012504, "content_attribution": -0.0015424704250073464, "stance_attribution": 6.580733306095677e-06, "tweet_id": 525028690485608450, "text": "@CTVNews Why are US sources telling CTV news that the Canadian guy shot in #Canada by Canadian Police the \"suspects\" name!? #OttawaShooting", "type": "direct_reply"}, {"index": 16, "attribution": -0.003290924458866238, "content_attribution": -0.0009004344884119842, "stance_attribution": -0.002390489970454255, "tweet_id": 525027277760126977, "text": "@CTVNews no ..his name is John Smith CNN just told me ! Or no sorry his name is Whatevermynameis!CTV you have to make your own name .", "type": "direct_reply"}, {"index": 4, "attribution": -0.003600946488630159, "content_attribution": -0.000536839226728455, "stance_attribution": -0.003064107261901704, "tweet_id": 525030047137431553, "text": "@CTVNews who cares what this cowards name is let's hear more about the hero's #OttawaStrong", "type": "direct_reply"}, {"index": 1, "attribution": -0.004763035989094715, "content_attribution": -0.0012706430550933423, "stance_attribution": -0.003492392934001372, "tweet_id": 525053933912600576, "text": "\u201c@CTVNews: Ottawa shooting suspect named as ...... 2 U.S. sources tell ABC News.\u201d   Not worth mentioning his name in my mind", "type": "direct_reply"}, {"index": 8, "attribution": -0.04089279219257144, "content_attribution": 0.0024241894423850463, "stance_attribution": -0.0433169816349565, "tweet_id": 525035095925993472, "text": "@EST_Laced_Up @Dacoast31 one of them is dead", "type": "lower_reply"}]}