{"thread_id": "525029232691650561", "gold_label": 0, "predicted_label": 0, "tweet_attributions": [{"index": 0, "attribution": 0.17441087501102967, "content_attribution": 0.030153424312308903, "stance_attribution": 0.14425745069872076, "tweet_id": 525029232691650561, "text": "#RIP Nathan Cirillo #Soldier #Ottawa #Canada love you http://t.co/PkMR8R1pho", "type": "source"}, {"index": 4, "attribution": 0.07062757610545561, "content_attribution": -0.00013494370157945967, "stance_attribution": 0.07076251980703506, "tweet_id": 525037001461223424, "text": "@CarlosAlvarez37 A tragedy.", "type": "direct_reply"}, {"index": 3, "attribution": 0.03449656721938033, "content_attribution": -0.018090074094483, "stance_attribution": 0.05258664131386334, "tweet_id": 525031967159754753, "text": "@CarlosAlvarez37 So sad.", "type": "direct_reply"}, {"index": 1, "attribution": 0.005592953248386497, "content_attribution": 0.010381694622869208, "stance_attribution": -0.004788741374482713, "tweet_id": 525029588968026112, "text": "\u201c@CarlosAlvarez37: #RIP Nathan Cirillo #Soldier #Ottawa #Canada love you http://t.co/tySNFMX6Za\u201dAAWWW LOOK AT UR DOG BEAUTIFUL \ud83d\ude0a", "type": "direct_reply"}, {"index": 5, "attribution": 0.004756028133423805, "content_attribution": -0.0015627825653630556, "stance_attribution": 0.00631881069878686, "tweet_id": 525029889385041920, "text": "\u201c@CarlosAlvarez37: #RIP Nathan Cirillo #Soldier #Ottawa #Canada love you http://t.co/tySNFMX6Za\u201dRIP \ud83d\ude22\ud83d\ude22SOLDIER I SALUTE TO U\ud83d\ude1e\ud83c\uddfa\ud83c\uddf8\ud83d\ude22!!", "type": "direct_reply"}, {"index": 2, "attribution": -0.0029712890311649285, "content_attribution": -0.005843615919279597, "stance_attribution": 0.0028723268881146683, "tweet_id": 525034390263726080, "text": "@CarlosAlvarez37 @PartAnnMarie Condolences to his family.", "type": "direct_reply"}]}