{"thread_id": "525023057526947840", "gold_label": 0, "predicted_label": 0, "tweet_attributions": [{"index": 0, "attribution": 0.25944656535111565, "content_attribution": 0.06555317124957907, "stance_attribution": 0.19389339410153653, "tweet_id": 525023057526947840, "text": "Canadian soldier fatally shot identified as Nathan Cirillo.  #OttawaShooting #HamOnt #RIP http://t.co/0VdtSF6WVS", "type": "source"}, {"index": 1, "attribution": 0.1290984860992489, "content_attribution": 0.0114093480725209, "stance_attribution": 0.117689138026728, "tweet_id": 525024763568484352, "text": "@Media371 #heroinlifenotdeath", "type": "direct_reply"}, {"index": 3, "attribution": 0.03202730360586846, "content_attribution": 0.00872272386621891, "stance_attribution": 0.02330457973964955, "tweet_id": 525023583178084352, "text": "\u201c@Media371: Canadian soldier fatally shot identified as Nathan Cirillo.  #OttawaShooting #HamOnt #RIP http://t.co/IkA3U4p6kS\u201d RIP #hero #rip", "type": "direct_reply"}, {"index": 2, "attribution": 0.02321212152265558, "content_attribution": 0.011134328581630727, "stance_attribution": 0.01207779294102486, "tweet_id": 525027930435760128, "text": "\u201c@Media371: Canadian soldier fatally shot identified as Nathan Cirillo.  #OttawaShooting #HamOnt #RIP http://t.co/eF5v0VCaxR\u201d", "type": "direct_reply"}]}