{"thread_id": "525023610243928064", "gold_label": 0, "predicted_label": 2, "tweet_attributions": [{"index": 16, "attribution": 3.2221413075634207, "content_attribution": 0.0514142412319952, "stance_attribution": 3.170727066331425, "tweet_id": 525026863207710721, "text": "@UmassAlum28 I'd love for us to ATLEAST reach ppl w/ the realization it's not a fucking religion. It's political theocracy! @NewsOnTheMin", "type": "lower_reply"}, {"index": 13, "attribution": 2.2465645367226266, "content_attribution": 0.01832022244151169, "stance_attribution": 2.228244314281115, "tweet_id": 525026216311799809, "text": "Religion of Peace! @NewsOnTheMin @RegganKoop", "type": "direct_reply"}, {"index": 17, "attribution": 0.6118827285920054, "content_attribution": 0.07653959060855563, "stance_attribution": 0.5353431379834499, "tweet_id": 525027584510545922, "text": "@UmassAlum28 Amen! Bullshit that's already in our House... @NewsOnTheMin", "type": "lower_reply"}, {"index": 10, "attribution": 0.463002199147431, "content_attribution": 0.09301720058622381, "stance_attribution": 0.3699849985612073, "tweet_id": 525027156838350848, "text": "It's Bullshit is what it is. @RegganKoop @NewsOnTheMin", "type": "lower_reply"}, {"index": 8, "attribution": 0.114887444988751, "content_attribution": 0.02415328810902262, "stance_attribution": 0.09073415687972837, "tweet_id": 525028457223581697, "text": "#Lock&amp;Load @RegganKoop @NewsOnTheMin", "type": "lower_reply"}, {"index": 6, "attribution": 0.020365594101107484, "content_attribution": 0.003355067228049798, "stance_attribution": 0.017010526873057687, "tweet_id": 525862370963255296, "text": "@Faiz_Fenty @NewsOnTheMin The Current, cbc.ca (interview this morning ) calmed it was posted from a leaked picture.", "type": "lower_reply"}, {"index": 3, "attribution": 0.009147326267138994, "content_attribution": 0.0001517218665777534, "stance_attribution": 0.008995604400561241, "tweet_id": 525023824853487616, "text": "@NewsOnTheMin  this is bullshit", "type": "direct_reply"}, {"index": 9, "attribution": 0.004213258927571888, "content_attribution": -0.0008096555470176806, "stance_attribution": 0.005022914474589569, "tweet_id": 525025965374976000, "text": "@NewsOnTheMin @GayPatriot Wow. ISIS planned attack in Canada.", "type": "direct_reply"}, {"index": 20, "attribution": 0.0024289112456466876, "content_attribution": -0.0030910234772182077, "stance_attribution": 0.005519934722864896, "tweet_id": 525025295544246272, "text": "Hmm MT @NewsOnTheMin: ISIS posts picture claiming to be Michael Zehaf-Bibeau suspected #Ottawa shooter http://t.co/mf40BHZrSt #Canada", "type": "direct_reply"}, {"index": 12, "attribution": 0.002390828417324411, "content_attribution": -1.5632441833884382e-05, "stance_attribution": 0.0024064608591582957, "tweet_id": 525024983974969344, "text": "@NewsOnTheMin @20committee Source?", "type": "direct_reply"}, {"index": 14, "attribution": 0.0017719712578051828, "content_attribution": 1.519165946793707e-05, "stance_attribution": 0.0017567795983372456, "tweet_id": 525025337512849408, "text": "@NewsOnTheMin @JohannesDreijer Source ?", "type": "direct_reply"}, {"index": 1, "attribution": 0.0012423261666748315, "content_attribution": -0.0012539269983450369, "stance_attribution": 0.0024962531650198684, "tweet_id": 525024453844295681, "text": "@NewsOnTheMin I knew it.", "type": "direct_reply"}, {"index": 5, "attribution": -0.00011406280674201798, "content_attribution": -0.0008561902845351729, "stance_attribution": 0.0007421274777931544, "tweet_id": 525026839778299904, "text": "Let's not jump to conclusions people! There could be many reasons why ISIS has the Ottawa \"workplace violence\" perp's picture\n@NewsOnTheMin", "type": "direct_reply"}, {"index": 15, "attribution": -0.00022562476897395906, "content_attribution": -0.00022649550541040442, "stance_attribution": 8.707364364453744e-07, "tweet_id": 525025948304150528, "text": "@NewsOnTheMin is that @iyamjohnstamps", "type": "direct_reply"}, {"index": 19, "attribution": -0.0010004453999765191, "content_attribution": 0.00021730587155261853, "stance_attribution": -0.0012177512715291377, "tweet_id": 525025774521565186, "text": "@NewsOnTheMin Source?", "type": "direct_reply"}, {"index": 18, "attribution": -0.0011745960115898228, "content_attribution": -0.0012062955520624943, "stance_attribution": 3.169954047267125e-05, "tweet_id": 525024422126559232, "text": "@NewsOnTheMin @pspoole hope he enjoys the flames of Hell &amp; torment!", "type": "direct_reply"}, {"index": 4, "attribution": -0.00180883189954584, "content_attribution": 0.0003660447434926135, "stance_attribution": -0.0021748766430384537, "tweet_id": 525024173786431488, "text": "@NewsOnTheMin Source?", "type": "direct_reply"}, {"index": 2, "attribution": -0.03357250946881617, "content_attribution": -0.004657819971644377, "stance_attribution": -0.02891468949717179, "tweet_id": 525024247736180736, "text": "@NewsOnTheMin So who took the pic? Bull.", "type": "direct_reply"}, {"index": 7, "attribution": -0.06275739969621409, "content_attribution": 0.00210038556816874, "stance_attribution": -0.06485778526438284, "tweet_id": 525027166397161472, "text": "@MarkSykes15 @NewsOnTheMin Naturally", "type": "lower_reply"}, {"index": 11, "attribution": -0.1656953333753921, "content_attribution": 0.00476062095030467, "stance_attribution": -0.17045595432569677, "tweet_id": 525025963336536065, "text": "@NewsOnTheMin @GayPatriot Obviously Tea Party.", "type": "direct_reply"}, {"index": 0, "attribution": -0.22746848273860013, "content_attribution": 0.03427422578152192, "stance_attribution": -0.26174270852012205, "tweet_id": 525023610243928064, "text": "ISIS Media account posts picture claiming to be Michael Zehaf-Bibeau suspected shooter in #Ottawa http://t.co/V61x3YvkGJ", "type": "source"}]}