{"thread_id": "525061787860103169", "gold_label": 0, "predicted_label": 0, "tweet_attributions": [{"index": 0, "attribution": 0.25613040118674707, "content_attribution": 0.047372750305315, "stance_attribution": 0.2087576508814321, "tweet_id": 525061787860103169, "text": "ICYMI: Sergeant-at-Arms Kevin Vickers hailed as hero for stopping shooter on Parliament Hill http://t.co/nGpzKvjMtJ http://t.co/Tdpgfpbn1Y", "type": "source"}, {"index": 3, "attribution": 0.06077355236450827, "content_attribution": 0.01765938521612469, "stance_attribution": 0.04311416714838358, "tweet_id": 525066514681319424, "text": "\u201c@CTVNews: Sergeant-at-Arms Kevin Vickers hailed as hero for stopping shooter http://t.co/W8es1I9kLO http://t.co/zL672RIIFn\u201d -NBer saluted", "type": "direct_reply"}, {"index": 5, "attribution": 0.04969080778005261, "content_attribution": 0.0003516089085765907, "stance_attribution": 0.04933919887147602, "tweet_id": 525070700923871232, "text": "@CTVNews true Canadian hero! But my heart feels for him! I'm sure he has mixed feelings. But know u did the right thing sir! God Bless you!", "type": "direct_reply"}, {"index": 2, "attribution": 0.03855114816168428, "content_attribution": 0.01043998757654682, "stance_attribution": 0.028111160585137466, "tweet_id": 525065190933803008, "text": "\u201c@CTVNews Sgt-at-Arms Kevin Vickers hailed as hero for stopping shooter on Parliament Hill http://t.co/WN5K9OOFhd http://t.co/akOQeIif2x\u201d", "type": "direct_reply"}, {"index": 1, "attribution": 0.0072273378124903965, "content_attribution": 0.0035684149297934525, "stance_attribution": 0.003658922882696944, "tweet_id": 525653936238514176, "text": "@CTVNews You're my hero Sir!! Thank you and God Bless you!", "type": "direct_reply"}, {"index": 4, "attribution": 0.0040311649741417285, "content_attribution": -0.004059147402232616, "stance_attribution": 0.008090312376374344, "tweet_id": 525116718222688258, "text": "@CTVNews Salute to our Sergeant at Arms you protected  our house  and sent some scumbag to hell!", "type": "direct_reply"}, {"index": 6, "attribution": -0.001643521428296176, "content_attribution": -0.001129637350463239, "stance_attribution": -0.0005138840778329363, "tweet_id": 525073134563500032, "text": "\u201c@CTVNews: ICYMI: Sergeant-at-Arms Kevin Vickers hailed as hero for stopping shooter on Parliament Hill http://", "type": "direct_reply"}]}