{"thread_id": "525040545870385153", "gold_label": 0, "predicted_label": 2, "tweet_attributions": [{"index": 8, "attribution": 1.0541878554294224, "content_attribution": 0.007207407277267096, "stance_attribution": 1.0469804481521552, "tweet_id": 525051449097453568, "text": "@CTVNews @angiemoshonas How sad.", "type": "direct_reply"}, {"index": 3, "attribution": 0.5779752029030564, "content_attribution": 0.005393322360122181, "stance_attribution": 0.5725818805429342, "tweet_id": 525055209190338560, "text": "@CTVNews if this was ISIS , I hope Canada declares war , walking into our capital is not tolerable .", "type": "direct_reply"}, {"index": 15, "attribution": 0.2678275140829605, "content_attribution": 0.05402645801224963, "stance_attribution": 0.21380105607071087, "tweet_id": 525059531685244929, "text": "@SamanthaJaneS @CTVNews terrible \ud83d\ude2a", "type": "lower_reply"}, {"index": 1, "attribution": 0.03513088094576244, "content_attribution": 0.02550628915193208, "stance_attribution": 0.009624591793830347, "tweet_id": 525057069322612736, "text": "@CTVNews canadians are nice , but this boils my blood . Let's protect us Canadians .", "type": "lower_reply"}, {"index": 10, "attribution": 0.0327353283157282, "content_attribution": -0.0009271618947155377, "stance_attribution": 0.033662490210443735, "tweet_id": 525041645675233281, "text": "@CTVNews Remember this Face. This was the Face of Freedom..... :(", "type": "direct_reply"}, {"index": 7, "attribution": 0.02975816793826804, "content_attribution": -2.3084327880575478e-05, "stance_attribution": 0.029781252266148618, "tweet_id": 525040834388176896, "text": "@CTVNews rip brave soldier...", "type": "direct_reply"}, {"index": 5, "attribution": 0.0073504256547936115, "content_attribution": 0.0019456331457670811, "stance_attribution": 0.0054047925090265295, "tweet_id": 525041426158329857, "text": "@CTVNews @CTVAtlantic  thank you for not showing the footage of them working on him over and over other outlets were NOT as classy #respect", "type": "direct_reply"}, {"index": 16, "attribution": 0.0030676773971581553, "content_attribution": -0.0004866345610210752, "stance_attribution": 0.0035543119581792305, "tweet_id": 525043509183909888, "text": "@CTVNews @CTVMercedes RIP soldier. Our nation's heart aches this evening.", "type": "direct_reply"}, {"index": 6, "attribution": 0.002175549278841808, "content_attribution": -0.0014438705323030717, "stance_attribution": 0.003619419811144879, "tweet_id": 525043769344016385, "text": "@CTVNews TY for a face to call a hero, let's not even publish the shooters name so we never remember his poor choices, just this man!!", "type": "direct_reply"}, {"index": 14, "attribution": 0.0016457672079932097, "content_attribution": -0.007777884384280315, "stance_attribution": 0.009423651592273524, "tweet_id": 525040932706852864, "text": "@CTVNews This is so so sad....", "type": "direct_reply"}, {"index": 4, "attribution": 0.0009655748539261835, "content_attribution": -0.0010390378380738165, "stance_attribution": 0.002004612692000001, "tweet_id": 525047034609688577, "text": "@CTVNews rest in peace brother", "type": "direct_reply"}, {"index": 12, "attribution": 0.0006050095076685557, "content_attribution": -0.00034754201907524735, "stance_attribution": 0.000952551526743803, "tweet_id": 525040986821767168, "text": "@CTVNews #RIP Soldier.\ud83d\ude23", "type": "direct_reply"}, {"index": 9, "attribution": 0.00015341670738054777, "content_attribution": -0.0006929871926627233, "stance_attribution": 0.0008464039000432712, "tweet_id": 525050157109243905, "text": "@CTVNews my condolences to the family", "type": "direct_reply"}, {"index": 11, "attribution": -0.0003393584253205643, "content_attribution": -0.0006863747166247316, "stance_attribution": 0.0003470162913041672, "tweet_id": 525041528868450304, "text": "@CTVNews @CTVAtlantic condolences to family, friends, community and Country.", "type": "direct_reply"}, {"index": 13, "attribution": -0.00038192206377628913, "content_attribution": -0.0016703194362256246, "stance_attribution": 0.0012883973724493354, "tweet_id": 525058302984859648, "text": "@CTVNews R.I.P.", "type": "direct_reply"}, {"index": 2, "attribution": -0.0009904374991962896, "content_attribution": -0.0005545362946913152, "stance_attribution": -0.0004359012045049747, "tweet_id": 525041451583815680, "text": "@CTVNews thank u Cpl. Cirillo for ur service may u rest in peace.", "type": "direct_reply"}, {"index": 0, "attribution": -1.0691687788489515, "content_attribution": 0.04464240911396664, "stance_attribution": -1.1138111879629178, "tweet_id": 525040545870385153, "text": "'Stand easy, brother': Soldier killed in Ottawa identified as Cpl. Nathan Frank Cirillo http://t.co/y43xMQlWMr http://t.co/dIdgjptqUb", "type": "source"}]}