{"thread_id": "525058825909731328", "gold_label": 2, "predicted_label": 2, "tweet_attributions": [{"index": 15, "attribution": 3.388034681016978, "content_attribution": 0.004492741792213225, "stance_attribution": 3.383541939224765, "tweet_id": 525061845691154432, "text": "@BBCBreaking thought canada was nice to live", "type": "direct_reply"}, {"index": 1, "attribution": 1.8962740072212223, "content_attribution": 0.01782315785688718, "stance_attribution": 1.8784508493643348, "tweet_id": 525065415224213504, "text": "@IanWoodger Terrorism has no boundaries.", "type": "lower_reply"}, {"index": 9, "attribution": 0.45712693321607956, "content_attribution": 0.03053126409353044, "stance_attribution": 0.4265956691225491, "tweet_id": 525059369738584065, "text": "@BBCBreaking thank god happy  to  hear  this", "type": "direct_reply"}, {"index": 12, "attribution": 0.26031640005339474, "content_attribution": 0.0138194995549707, "stance_attribution": 0.24649690049842404, "tweet_id": 525069568369491968, "text": "@Alfizzle18 @IanWoodger terror is the key word", "type": "lower_reply"}, {"index": 7, "attribution": 0.23601974755593297, "content_attribution": 0.03605193751508823, "stance_attribution": 0.19996781004084474, "tweet_id": 525069192849289219, "text": "@rejoice1515 @BBCBreaking don't thank god. Thank the medical staff!", "type": "lower_reply"}, {"index": 4, "attribution": 0.10090333233319541, "content_attribution": 0.038175385177995486, "stance_attribution": 0.06272794715519991, "tweet_id": 525060000583254017, "text": "@JBangkok7 @BBCBreaking you upset because the world isn't focused on the Middle East for one day?", "type": "lower_reply"}, {"index": 2, "attribution": 0.09403170968963066, "content_attribution": 0.09961968130718846, "stance_attribution": -0.0055879716175577755, "tweet_id": 525060731838791680, "text": "@chewwysquirrel @BBCBreaking A nonce was beaten to death in Milton Keynes, the World needs to know.", "type": "lower_reply"}, {"index": 5, "attribution": 0.03926692623936206, "content_attribution": 0.039010528066829545, "stance_attribution": 0.0002563981725325192, "tweet_id": 525163351266312192, "text": "@Paulhodgy82 @BBCBreaking :lol ok first I thank God then I also thank the medical staff for the good job well done", "type": "lower_reply"}, {"index": 11, "attribution": 0.013323285964481874, "content_attribution": -0.0005994254220818033, "stance_attribution": 0.013922711386563678, "tweet_id": 525131570768646144, "text": "@BBCBreaking http://t.co/sEuKmNjxri", "type": "direct_reply"}, {"index": 6, "attribution": 0.006748603881097563, "content_attribution": 0.0004127582673824043, "stance_attribution": 0.006335845613715158, "tweet_id": 525059553524604928, "text": "@BBCBreaking Great News Excellent work &amp; Response today from the @CANADIAN government, If turns out to be ISLAMIST terrorist RESPOND HARSHLY", "type": "direct_reply"}, {"index": 13, "attribution": 0.00021244977200591143, "content_attribution": 0.00028478393668734286, "stance_attribution": -7.233416468143197e-05, "tweet_id": 525060798218252288, "text": "@BBCBreaking so the three r the soldier that died, the gunmen that was shot, n a parliament security guard that was shot n survived right?", "type": "direct_reply"}, {"index": 10, "attribution": -0.0014369871826840008, "content_attribution": -0.0006658860284372694, "stance_attribution": -0.0007711011542467315, "tweet_id": 525059589734428672, "text": "@BBCBreaking good", "type": "direct_reply"}, {"index": 14, "attribution": -0.0045551140109891955, "content_attribution": -0.004509912272250541, "stance_attribution": -4.520173873865419e-05, "tweet_id": 525069389776056320, "text": "@BBCBreaking UFCE POSSU\u00cd PROJETOS DE MAQUINAS PURIFICADORAS DE AGUAS SALOBRA E  POLUIDA Q PODEM SER USADAS NO RIO TIET\u00ca-SP", "type": "direct_reply"}, {"index": 16, "attribution": -0.004562443705321185, "content_attribution": -0.004502495552484907, "stance_attribution": -5.994815283627856e-05, "tweet_id": 525063898274471936, "text": "@BBCBreaking Biggest German TV #ZDF (Program Frontal21) showing how corrupt is WHO to fight #Ebola. here  the video: http://t.co/aJD9NbGM3H", "type": "direct_reply"}, {"index": 8, "attribution": -0.024328559324705176, "content_attribution": 0.008931252648663145, "stance_attribution": -0.033259811973368324, "tweet_id": 525070030237884416, "text": "@Alfizzle18 @IanWoodger normally a little bit shit in the soldiering sense but suprise is worth a lot", "type": "lower_reply"}, {"index": 3, "attribution": -0.03426619637932348, "content_attribution": -0.0004931908017684452, "stance_attribution": -0.03377300557755504, "tweet_id": 525059376285880320, "text": "@BBCBreaking Amazing, so how many died in Syria today?", "type": "direct_reply"}, {"index": 0, "attribution": -0.6883794100112581, "content_attribution": 0.029558571255113394, "stance_attribution": -0.7179379812663715, "tweet_id": 525058825909731328, "text": "The Ottawa Hospital now says \"all three patients involved in today's incident have been discharged\" http://t.co/24l1f58UPx #OttawaShootings", "type": "source"}]}