{"thread_id": "525026715123601408", "gold_label": 0, "predicted_label": 0, "tweet_attributions": [{"index": 0, "attribution": 0.14621884688277842, "content_attribution": -0.0023367763790392015, "stance_attribution": 0.14855562326181762, "tweet_id": 525026715123601408, "text": "Cpl. Nathan Cirillo identified as soldier shot, killed in Ottawa today, aunt says - @globeandmail http://t.co/oVrp10U6uG", "type": "source"}, {"index": 9, "attribution": 0.03178585917893719, "content_attribution": 0.0024626654440639568, "stance_attribution": 0.029323193734873236, "tweet_id": 525027869018574848, "text": "@BreakingNews @globeandmail Ottawa Shooting RAW coverage Oct 22 2014 98 photos ALL PHOTOS BY Paul Lauzon Copyright  http://t.co/OvMbZmaOor", "type": "direct_reply"}, {"index": 8, "attribution": 0.025950082641508297, "content_attribution": 0.001452715380611526, "stance_attribution": 0.024497367260896772, "tweet_id": 525030799926910976, "text": "Jesus. \u201c@BreakingNews: Cpl. Nathan Cirillo identified as soldier shot, killed in Ottawa today @globeandmail http://t.co/LxpBXiqakW\u201d", "type": "direct_reply"}, {"index": 4, "attribution": 0.015334279448915786, "content_attribution": 0.0021932752173613635, "stance_attribution": 0.013141004231554424, "tweet_id": 525026918392168448, "text": "\u201c@BreakingNews: Cpl. Nathan Cirillo identified as soldier shot, killed in Ottawa today, aunt says \n\nSo sad. Prayers for his family", "type": "direct_reply"}, {"index": 5, "attribution": 0.01040612170315611, "content_attribution": 0.0004124881166770303, "stance_attribution": 0.009993633586479082, "tweet_id": 525032446438674432, "text": "@BreakingNews @globeandmail Thank you, Nathan Cirillo, for serving, and thanks to all those who responded and never quit trying to save him.", "type": "direct_reply"}, {"index": 7, "attribution": 0.008341114885830904, "content_attribution": 0.001207756572520683, "stance_attribution": 0.00713335831331022, "tweet_id": 525027012801335297, "text": "@BreakingNews @globeandmail dang", "type": "direct_reply"}, {"index": 3, "attribution": 0.0025627955958384043, "content_attribution": -0.00010080219111745594, "stance_attribution": 0.0026635977869558587, "tweet_id": 525046407603159041, "text": "@BreakingNews @globeandmail", "type": "direct_reply"}, {"index": 1, "attribution": -0.0003050523403560204, "content_attribution": 0.002484779646405401, "stance_attribution": -0.0027898319867614213, "tweet_id": 525027564931543040, "text": "@BreakingNews @globeandmail poor guy hope they shoot them all", "type": "direct_reply"}, {"index": 10, "attribution": -0.0007844891272678102, "content_attribution": -0.0006259862983980862, "stance_attribution": -0.00015850282886972425, "tweet_id": 525029698691022848, "text": "@BreakingNews @globeandmail Our Thoughts and Prayers . . . Hats off to you, Cpl Nathan Cirillo !!! Our deepest Condolences to your Family:(", "type": "direct_reply"}, {"index": 6, "attribution": -0.008226450371078638, "content_attribution": -0.0010542948255163997, "stance_attribution": -0.007172155545562238, "tweet_id": 525031250822963200, "text": "@BreakingNews @globeandmail Gunman had Passport seized and had a travel ban.", "type": "direct_reply"}, {"index": 11, "attribution": -0.010065910344164127, "content_attribution": -0.016955428322088177, "stance_attribution": 0.0068895179779240485, "tweet_id": 525039864803115008, "text": "@BreakingNews @globeandmail  Condolences to his family.", "type": "direct_reply"}, {"index": 2, "attribution": -0.01977142102085142, "content_attribution": -0.0006351359162922547, "stance_attribution": -0.019136285104559163, "tweet_id": 525041373674602497, "text": "@BreakingNews @globeandmail Poor guy. We hope for justice and peace for his family", "type": "direct_reply"}]}