{"thread_id": "525067419635576834", "gold_label": 0, "predicted_label": 0, "tweet_attributions": [{"index": 0, "attribution": 0.1680348120000717, "content_attribution": -0.011165174555957908, "stance_attribution": 0.17919998655602962, "tweet_id": 525067419635576834, "text": "True patriot love ...\n\nIn Memory Of Cpl. Nathan Cirillo \n~Hamilton, Ontario\n\n#OttawaShooting #CanadaStrong http://t.co/ibQkitoRmz", "type": "source"}, {"index": 1, "attribution": 0.03110549344695871, "content_attribution": -0.0029884652094745306, "stance_attribution": 0.03409395865643324, "tweet_id": 525091524368171008, "text": "@TO_sportsgirl PLEASE LISTEN WE NEED\nWORLD PEACE\nhttp://t.co/hJvY8BCnY9\n\ud83d\udd25WORLD PEACE\ud83d\udca3\nJahmal Brown ft.Jahyda\nhttps://t.co/9jQfGnn1KN", "type": "direct_reply"}, {"index": 2, "attribution": 0.016537776476775654, "content_attribution": -0.0049500753742133695, "stance_attribution": 0.021487851850989025, "tweet_id": 525109705887055872, "text": "@TO_sportsgirl @zina008 yes a real HERO! Bravery is hard to see today!", "type": "direct_reply"}, {"index": 5, "attribution": 0.016395424242128864, "content_attribution": 0.001226187681720555, "stance_attribution": 0.015169236560408307, "tweet_id": 525103496438497281, "text": "@TO_sportsgirl my thoughts and prayers go out to this family", "type": "direct_reply"}, {"index": 4, "attribution": 0.009742451154958354, "content_attribution": -0.0031574473178770097, "stance_attribution": 0.012899898472835365, "tweet_id": 525073570184323072, "text": "@TO_sportsgirl", "type": "direct_reply"}, {"index": 3, "attribution": 0.0003339602784726411, "content_attribution": -0.005435141721464989, "stance_attribution": 0.005769101999937634, "tweet_id": 525072951738368001, "text": "@TO_sportsgirl @RocheJacqueline Rest in Peace, Young Man!", "type": "direct_reply"}]}