{"thread_id": "525041091507388416", "gold_label": 0, "predicted_label": 2, "tweet_attributions": [{"index": 6, "attribution": 3.6337629395743587, "content_attribution": -0.0202974525846701, "stance_attribution": 3.654060392159029, "tweet_id": 525051051846959104, "text": "@globeandmail @apple_hotm sad", "type": "direct_reply"}, {"index": 14, "attribution": 1.7150507231955179, "content_attribution": -0.021182762615629517, "stance_attribution": 1.7362334858111472, "tweet_id": 525052540921315329, "text": "@carrotface64 That puppy is in almost every picture.  I bet he's waiting by the front door for him right now.", "type": "lower_reply"}, {"index": 8, "attribution": 0.30739352261235586, "content_attribution": 0.11297619705081022, "stance_attribution": 0.19441732556154565, "tweet_id": 525055972096897024, "text": "@apple_hotm terrible terrible times we live in . When the sadness goes you feel angry", "type": "lower_reply"}, {"index": 12, "attribution": 0.02054877574681289, "content_attribution": -4.90075735844589e-05, "stance_attribution": 0.02059778332039735, "tweet_id": 525045537616457728, "text": "@globeandmail It is hard to find words, but I so want to express my sorrow and support to the family and friends of Cpl Nathan Cirillo. RIP", "type": "direct_reply"}, {"index": 15, "attribution": 0.011576814659561932, "content_attribution": -0.00017331725352591948, "stance_attribution": 0.011750131913087852, "tweet_id": 525042004544475136, "text": "@globeandmail \"From far &amp; wide, Oh Canada, we stand on guard for thee\"", "type": "direct_reply"}, {"index": 18, "attribution": 0.008303263932490623, "content_attribution": 0.0001926298336917529, "stance_attribution": 0.00811063409879887, "tweet_id": 525042299407835137, "text": "A sad day for our heros of the military!  RIP.  @globeandmail", "type": "direct_reply"}, {"index": 5, "attribution": 0.008286560471167864, "content_attribution": -0.0020236346151820146, "stance_attribution": 0.01031019508634988, "tweet_id": 525041938270269441, "text": "@globeandmail RIP Cpl. Cirillo. Our prayers are with you and your family.", "type": "direct_reply"}, {"index": 16, "attribution": 0.006322441884961131, "content_attribution": -0.0026276731888556677, "stance_attribution": 0.008950115073816798, "tweet_id": 525041858993324032, "text": "@globeandmail  R.I.P.  Nathan", "type": "direct_reply"}, {"index": 9, "attribution": 0.004957069837061607, "content_attribution": 0.0018847630988891157, "stance_attribution": 0.003072306738172492, "tweet_id": 525041792266534913, "text": "Forever remembered @globeandmail: Soldier killed at war memorial Cpl. Nathan Cirillo  http://t.co/h7baDWdtpk http://t.co/IeTjkHjzyi\u201d", "type": "direct_reply"}, {"index": 17, "attribution": 0.0015010184759898719, "content_attribution": -8.216900982525136e-05, "stance_attribution": 0.0015831874858151232, "tweet_id": 525045826129641473, "text": "@globeandmail Beyond Sad. Prayers up for his family and friends. Senseless crime.", "type": "direct_reply"}, {"index": 1, "attribution": 0.0005813718778672002, "content_attribution": -0.00022296225579264555, "stance_attribution": 0.0008043341336598459, "tweet_id": 525044176593764353, "text": "@globeandmail RIP.  So sad.", "type": "direct_reply"}, {"index": 11, "attribution": 0.00034896344841958444, "content_attribution": 1.3972143380121694e-05, "stance_attribution": 0.00033499130503946296, "tweet_id": 525042675943104512, "text": "@globeandmail Thoughts and prayers go out to his family and all of Ottawa.", "type": "direct_reply"}, {"index": 3, "attribution": 0.00010359128943654623, "content_attribution": 0.0004437341086562036, "stance_attribution": -0.00034014281921965694, "tweet_id": 525041291974176768, "text": "@globeandmail #CanadaStrong #Hero #RIP", "type": "direct_reply"}, {"index": 7, "attribution": -7.738177246780636e-05, "content_attribution": 3.781359232366819e-05, "stance_attribution": -0.0001151953647914746, "tweet_id": 525061028288409600, "text": "\u201c@globeandmail: Soldier killed at war memorial identified as Cpl. Nathan Cirillo http://t.co/9Rv1RPsGtQ http://t.co/HqndnFfZnt\u201d #restinpeace", "type": "direct_reply"}, {"index": 10, "attribution": -0.0014982161065850924, "content_attribution": -0.0004046141195167873, "stance_attribution": -0.0010936019870683056, "tweet_id": 525045324646055936, "text": "@globeandmail R.I.P. #CplNathanCirillo #ottawashooting", "type": "direct_reply"}, {"index": 2, "attribution": -0.0026124675398045173, "content_attribution": 0.001702736054771778, "stance_attribution": -0.0043152035945762945, "tweet_id": 525046308391096320, "text": "\u201c@globeandmail: Soldier killed at war memorial identified as Cpl. Nathan Cirillo http://t.co/F5KXdz1bUb http://t.co/4tkj8roKa4\u201d Wtf zaddy", "type": "direct_reply"}, {"index": 13, "attribution": -0.0035547434285681193, "content_attribution": 0.00043132450125658715, "stance_attribution": -0.003986067929824706, "tweet_id": 525050244220739584, "text": "@globeandmail Salute... it shouldn't happen :(  rest in peace", "type": "direct_reply"}, {"index": 4, "attribution": -0.0062739701145250685, "content_attribution": -0.0013943713769896324, "stance_attribution": -0.004879598737535436, "tweet_id": 525049730456649728, "text": "@globeandmail #cplnathancirillo #OttawaShooting RIP very sad \ud83d\ude1e", "type": "direct_reply"}, {"index": 0, "attribution": -0.5924601564430961, "content_attribution": 0.03721008258447783, "stance_attribution": -0.629670239027574, "tweet_id": 525041091507388416, "text": "Soldier killed at war memorial identified as Cpl. Nathan Cirillo #ottawashooting http://t.co/YnM8FvFckL http://t.co/2jhrreIxPu", "type": "source"}]}