{"thread_id": "525022663102963712", "gold_label": 0, "predicted_label": 0, "tweet_attributions": [{"index": 0, "attribution": 0.2233178985355163, "content_attribution": 0.03544920213229476, "stance_attribution": 0.18786869640322157, "tweet_id": 525022663102963712, "text": "#HamOnt reservist Nathan Cirillo was on duty in Ottawa today when he was fatally shot. http://t.co/ChPobw7w2x", "type": "source"}, {"index": 5, "attribution": 0.06210760319225468, "content_attribution": 0.01620929662198939, "stance_attribution": 0.04589830657026529, "tweet_id": 525026981604114432, "text": "So sad! \u201c@EmmaatTheSpec: #HamOnt reservist Nathan Cirillo was on duty in Ottawa today when he was fatally shot. http://t.co/fTC2sxPSe1\u201d", "type": "direct_reply"}, {"index": 6, "attribution": 0.0319577486173974, "content_attribution": 0.0016436240653083414, "stance_attribution": 0.03031412455208906, "tweet_id": 525030349055602689, "text": "@EmmaatTheSpec He's always smiling in all his photos", "type": "direct_reply"}, {"index": 4, "attribution": 0.018164128307344367, "content_attribution": 0.0019412156572317695, "stance_attribution": 0.016222912650112595, "tweet_id": 525024218380242946, "text": "@EmmaatTheSpec @HamOntNews32 God Bless Nathan Cirillo! A true Canadian hero! He will be remembered!", "type": "direct_reply"}, {"index": 2, "attribution": 0.015256343363615137, "content_attribution": 2.5472849043940314e-05, "stance_attribution": 0.015230870514571192, "tweet_id": 525022875380903936, "text": "@EmmaatTheSpec RIP Nathan. How tragic.", "type": "direct_reply"}, {"index": 3, "attribution": -0.0007876101054359267, "content_attribution": -0.006511969164687686, "stance_attribution": 0.005724359059251763, "tweet_id": 525023439577690113, "text": "@EmmaatTheSpec @TheSpec May our lost soldier's family find comfort from us all xo", "type": "direct_reply"}, {"index": 1, "attribution": -0.024267076276986932, "content_attribution": -0.024761973508217093, "stance_attribution": 0.0004948972312301644, "tweet_id": 525031519866601472, "text": "@EmmaatTheSpec So very sad. :(", "type": "direct_reply"}]}