{"thread_id": "525021697003782145", "gold_label": 0, "predicted_label": 0, "tweet_attributions": [{"index": 0, "attribution": 0.12950862160023915, "content_attribution": -0.003374892831040619, "stance_attribution": 0.13288351443127977, "tweet_id": 525021697003782145, "text": "RIP Cpl. #NathanCirillo \ud83c\udf39\ud83c\udf41\ud83c\udf39\nYour service never forgotten\nPrayers for his family \ud83d\ude4f\n\ud83d\ude2a\n#CanadianForces \n#OttawaShooting http://t.co/okrtlIP64Z", "type": "source"}, {"index": 1, "attribution": 0.007785312991573958, "content_attribution": -0.008326014581051075, "stance_attribution": 0.01611132757262504, "tweet_id": 525028133851123712, "text": "@WolfSpirit2013 @jefffillion never forgot your sacrifice", "type": "direct_reply"}, {"index": 8, "attribution": 0.00748580108777358, "content_attribution": 0.016025725434500496, "stance_attribution": -0.008539924346726919, "tweet_id": 525152029417558018, "text": "@WolfSpirit2013 May Nath be wrapping his angel wings around his little boy &amp; wife during his time of need. He's now their guard\"ian angel\ud83d\udc7c\ud83d\ude4f", "type": "direct_reply"}, {"index": 6, "attribution": 0.0054994341871236665, "content_attribution": -0.004654096939384319, "stance_attribution": 0.010153531126507985, "tweet_id": 525023182018052096, "text": "@WolfSpirit2013 @djtrickster77 God rest him!", "type": "direct_reply"}, {"index": 3, "attribution": 0.003041380365689631, "content_attribution": -0.003349984602060393, "stance_attribution": 0.006391364967750026, "tweet_id": 525108806389628931, "text": "@WolfSpirit2013 @RobertgrizzlyP God bless.", "type": "direct_reply"}, {"index": 2, "attribution": -2.514254784223048e-05, "content_attribution": -0.00437062404804134, "stance_attribution": 0.00434548150019911, "tweet_id": 525070368650715136, "text": "@WolfSpirit2013 @TheKosovoMaiden So so sad! RIP", "type": "direct_reply"}, {"index": 7, "attribution": -0.0017894537903603083, "content_attribution": -0.0002310801952907271, "stance_attribution": -0.0015583735950695813, "tweet_id": 525061989056647168, "text": "@WolfSpirit2013 Shocking.", "type": "direct_reply"}, {"index": 5, "attribution": -0.003850396520660538, "content_attribution": -0.002698391665744428, "stance_attribution": -0.0011520048549161109, "tweet_id": 525029715355389952, "text": "@WolfSpirit2013 @DarthVader_No1 #CanadianForces  #OttawaShooting  Prayers for his family", "type": "direct_reply"}, {"index": 4, "attribution": -0.011088994361433574, "content_attribution": -0.0008902178964847434, "stance_attribution": -0.010198776464948833, "tweet_id": 525040244035715072, "text": "@WolfSpirit2013 @jefffillion", "type": "direct_reply"}]}