{"thread_id": "525021358879936512", "gold_label": 0, "predicted_label": 0, "tweet_attributions": [{"index": 0, "attribution": 0.23105894297090646, "content_attribution": -0.030539833563252232, "stance_attribution": 0.2615987765341587, "tweet_id": 525021358879936512, "text": "Rest In Peace Cpl. Nathan Cirillo. #Ottawa #OttawaShooting http://t.co/kHoik2LtmB", "type": "source"}, {"index": 6, "attribution": 0.02007959726604558, "content_attribution": 0.0008909372906141838, "stance_attribution": 0.019188659975431392, "tweet_id": 525068949772587009, "text": "@Briadoublene @szackaa Cpl.Cirillo embodied Canada at its best: intelligence, service, balance, family values, freedom. A fallen hero. RIP", "type": "direct_reply"}, {"index": 11, "attribution": 0.006941938422863801, "content_attribution": 0.006666014155457059, "stance_attribution": 0.000275924267406742, "tweet_id": 525044503141302272, "text": "@Briadoublene @butterfly_LV Only a chickenshit lowlife coward would go shooting and killing a military vet honoring the dead, pathetic act.", "type": "direct_reply"}, {"index": 15, "attribution": 0.005925674496381603, "content_attribution": 0.001524898700576149, "stance_attribution": 0.0044007757958054545, "tweet_id": 525027535823056897, "text": "@Briadoublene RIP Nathan Cirillo #ottowa #ottowashooting", "type": "direct_reply"}, {"index": 3, "attribution": 0.005676647645336702, "content_attribution": 0.0003694333273254875, "stance_attribution": 0.0053072143180112165, "tweet_id": 525045622345568256, "text": "\u201c@Briadoublene: Rest In Peace Cpl. Nathan Cirillo. #Ottawa #OttawaShooting http://t.co/EBPTG2ZJvg\u201d Respect!", "type": "direct_reply"}, {"index": 14, "attribution": 0.003649480744179953, "content_attribution": 0.00018353950447206664, "stance_attribution": 0.003465941239707886, "tweet_id": 525027161624023041, "text": "\u201c@Briadoublene: Rest In Peace Cpl. Nathan Cirillo. #Ottawa #OttawaShooting http://t.co/XUMj6zrrXZ\u201d", "type": "direct_reply"}, {"index": 10, "attribution": 0.0023391879108126414, "content_attribution": 0.00017935563970042031, "stance_attribution": 0.0021598322711122208, "tweet_id": 525079272277700610, "text": "\u201c@Briadoublene: Rest In Peace Cpl. Nathan Cirillo. #Ottawa #OttawaShooting http://t.co/QCdP5yWChm\u201d", "type": "direct_reply"}, {"index": 13, "attribution": 0.001142818904814255, "content_attribution": -0.00041498310041026014, "stance_attribution": 0.0015578020052245145, "tweet_id": 525025908130725888, "text": "@Briadoublene :(", "type": "direct_reply"}, {"index": 2, "attribution": -0.0009160548891992389, "content_attribution": 0.0021279560434914126, "stance_attribution": -0.003044010932690651, "tweet_id": 525027357783228416, "text": "@Briadoublene @positivepoluk RIP brother from UK police officer \u2764", "type": "direct_reply"}, {"index": 8, "attribution": -0.0036978425715172994, "content_attribution": 0.0005236881866909314, "stance_attribution": -0.00422153075820823, "tweet_id": 525024451994206208, "text": "@Briadoublene @Ou812I http://t.co/KJ8x90FhIf", "type": "direct_reply"}, {"index": 7, "attribution": -0.008258526653600155, "content_attribution": 0.001123786486474956, "stance_attribution": -0.009382313140075111, "tweet_id": 525024756832030720, "text": "@Briadoublene @TeaPartyNevada Damn. Another brother, son, father, husband lost 2 PC indoctrination of the West. We're long past time 4 war.", "type": "direct_reply"}, {"index": 5, "attribution": -0.011808550303488048, "content_attribution": 0.009916795951787922, "stance_attribution": -0.021725346255275974, "tweet_id": 525024940194402304, "text": "@Briadoublene This is truly heartbreaking; my deepest sympathies for his family and colleagues\ud83d\udc94\ud83d\ude4f", "type": "direct_reply"}, {"index": 12, "attribution": -0.017956265360906935, "content_attribution": -0.00016249573575651718, "stance_attribution": -0.017793769625150422, "tweet_id": 525033847185235969, "text": "@Briadoublene We all share your sorrow. Long live Canada Long live Turkey @canadaembassy @HuffPostCanada", "type": "direct_reply"}, {"index": 1, "attribution": -0.02684769869140292, "content_attribution": -9.22377266377903e-06, "stance_attribution": -0.026838474918739145, "tweet_id": 525046847333601281, "text": "@Briadoublene @davidsin7 another fallen hero...he will be missed..prayers to all..", "type": "direct_reply"}, {"index": 9, "attribution": -0.038420216696928675, "content_attribution": -0.0034149759588208797, "stance_attribution": -0.0350052407381078, "tweet_id": 525040757409718272, "text": "@Briadoublene @Rene_gadeCowboy Beyond terrible. Rest well, you brave soul", "type": "direct_reply"}, {"index": 4, "attribution": -0.11709189525457568, "content_attribution": -0.10994528044073859, "stance_attribution": -0.007146614813837083, "tweet_id": 525025479955595264, "text": "@fransonmarieela It's very sad. :(", "type": "lower_reply"}]}