{"thread_id": "525037656820826112", "gold_label": 0, "predicted_label": 2, "tweet_attributions": [{"index": 12, "attribution": 1.8676225835091254, "content_attribution": -0.03307764266382915, "stance_attribution": 1.9007002261729546, "tweet_id": 525044332030873600, "text": "@CaseySchroth @jperfect10 A heartbreaking loss for the dog, too. It will never understand why \"daddy\" didn't came home. I'm teared up.", "type": "direct_reply"}, {"index": 3, "attribution": 1.5659118077061627, "content_attribution": 0.03668940791157965, "stance_attribution": 1.529222399794583, "tweet_id": 525054711292895232, "text": "@velosterpilot @CaseySchroth @jperfect10 I have no doubt this soldier has DOZENS of amazing friends who would be proud to look after his pup", "type": "lower_reply"}, {"index": 15, "attribution": 0.1574181309541669, "content_attribution": 0.05365203852195479, "stance_attribution": 0.10376609243221208, "tweet_id": 525056307716706305, "text": "@Teknofish @velosterpilot @CaseySchroth if not I'll go pick the pup up myself. My dog needs a friend", "type": "lower_reply"}, {"index": 7, "attribution": 0.017355919490273063, "content_attribution": -0.00031800350351506365, "stance_attribution": 0.017673922993788126, "tweet_id": 525059646206521344, "text": "@CaseySchroth @GongshowGear well said. Cpl. Nathan Cirillo, forever a hero and never forgotten.", "type": "direct_reply"}, {"index": 4, "attribution": 0.012186286033748297, "content_attribution": 0.0003639822802834529, "stance_attribution": 0.011822303753464844, "tweet_id": 525054032998449152, "text": "Strongly Agree! \u201c@CaseySchroth: Forever remember Cpl. Nathan Cirillo. Never speak of the shooter.  #StayStrongCanada http://t.co/XF89YINkAB\u201d", "type": "direct_reply"}, {"index": 11, "attribution": 0.011306272386175913, "content_attribution": -0.00017747653423374658, "stance_attribution": 0.011483748920409664, "tweet_id": 525249368665112577, "text": "@CaseySchroth @gloryoftheSon Deepest Condolences to Cpl. Nathan Cirillos' Family! SALUTE! #NeverForgotten #FallenHero http://t.co/SjjjtPcFRg", "type": "direct_reply"}, {"index": 5, "attribution": 0.011136217561283397, "content_attribution": -0.00029284098823353943, "stance_attribution": 0.011429058549516936, "tweet_id": 525078954982772737, "text": "@CaseySchroth what a handsome man. I would go on a date with him any night of the week #rip Cpl. Nathan Cirillo", "type": "direct_reply"}, {"index": 17, "attribution": 0.01003788907785243, "content_attribution": -8.695414323095274e-05, "stance_attribution": 0.010124843221083382, "tweet_id": 525159580247285761, "text": "@CaseySchroth @MichaelShanks :(", "type": "direct_reply"}, {"index": 2, "attribution": 0.008410164859195712, "content_attribution": 0.02339632555676345, "stance_attribution": -0.014986160697567735, "tweet_id": 525044787246665729, "text": "@CaseySchroth @AndrewBerkshire Unfortunately, we'll talk about the shooters for years, not nathan. #Lortie #Rouleau #Bourque Etc", "type": "direct_reply"}, {"index": 10, "attribution": 0.008090094510957681, "content_attribution": -0.0006472591316661289, "stance_attribution": 0.008737353642623812, "tweet_id": 525071923932581888, "text": "@CaseySchroth Nobody mention shooter, bring no publicity to this inhumane mindless devil.All for the fallen", "type": "direct_reply"}, {"index": 16, "attribution": 0.005315856032963929, "content_attribution": -0.0008555915415596753, "stance_attribution": 0.006171447574523606, "tweet_id": 525128489700438016, "text": "@CaseySchroth @kjbreazeale He rest in our Lord's Arms! God Bless his family, and comfort them with His Love! Prayers!!", "type": "direct_reply"}, {"index": 14, "attribution": 0.003380769657036522, "content_attribution": -0.00036418208094285236, "stance_attribution": 0.0037449517379793736, "tweet_id": 525048381719457792, "text": "@CaseySchroth @TSNJR You have that right", "type": "direct_reply"}, {"index": 6, "attribution": 0.0032592116972794925, "content_attribution": 0.004531144684374931, "stance_attribution": -0.0012719329870954387, "tweet_id": 525054922257997824, "text": "@DLCoulisses @CaseySchroth @AndrewBerkshire Not true.   Iv forgot the Islamists name already.   Our first to fall will never be forgotten.", "type": "lower_reply"}, {"index": 1, "attribution": 0.001933146334105351, "content_attribution": -0.000563850163806413, "stance_attribution": 0.0024969964979117644, "tweet_id": 525052172996997120, "text": "@CaseySchroth @JoanneCangal that photo chokes me up - what a tragic loss #HamOnt #Ottawa", "type": "direct_reply"}, {"index": 9, "attribution": 0.00027350903946456797, "content_attribution": -0.001030289932602813, "stance_attribution": 0.0013037989720673811, "tweet_id": 525054249705943040, "text": "@CaseySchroth @JoanneCangal just sad!", "type": "direct_reply"}, {"index": 8, "attribution": -0.011572975790401714, "content_attribution": -0.0003825112597909797, "stance_attribution": -0.011190464530610735, "tweet_id": 525040097754746880, "text": "@CaseySchroth @mattsekeres rest in peace good sir! Thank you for everything you did", "type": "direct_reply"}, {"index": 18, "attribution": -0.05168033782404463, "content_attribution": 0.0017559878395262312, "stance_attribution": -0.05343632566357086, "tweet_id": 525059360011988993, "text": "@VickiDavidson1 @CaseySchroth what a waste eh :)", "type": "lower_reply"}, {"index": 13, "attribution": -0.12947804090268816, "content_attribution": 0.0006253823751097968, "stance_attribution": -0.13010342327779795, "tweet_id": 525058636301611008, "text": "@CaseySchroth @OnlyOneAlgoGirl Cute photo with the dog.  Seems to have been a dog lover. :)", "type": "direct_reply"}, {"index": 0, "attribution": -0.48337002510214705, "content_attribution": 0.06084864578837198, "stance_attribution": -0.544218670890519, "tweet_id": 525037656820826112, "text": "Forever remember Cpl. Nathan Cirillo. Never speak of the shooter. #OttawaShooting #StaySafeOttawa #StayStrongCanada http://t.co/VmMfN4RH7e", "type": "source"}]}