{"thread_id": "525034687245582337", "gold_label": 0, "predicted_label": 2, "tweet_attributions": [{"index": 8, "attribution": 1.6102684383216523, "content_attribution": 0.018542292285179885, "stance_attribution": 1.5917261460364722, "tweet_id": 525193877213683712, "text": "@Sierra_Eagle @iamterryevans  has been reported no , described as a ceremonial weapon. I read now that this young man was shot in the back", "type": "lower_reply"}, {"index": 11, "attribution": 0.12157722390131455, "content_attribution": 0.017661829394083582, "stance_attribution": 0.10391539450723097, "tweet_id": 525063439082086400, "text": "@Sierra_Eagle It was documented earlier today that the Honour Guard at #WarMemorial do not carry loaded weapons", "type": "lower_reply"}, {"index": 7, "attribution": 0.0570017967477653, "content_attribution": 0.030324761314608855, "stance_attribution": 0.026677035433156457, "tweet_id": 525197759109152768, "text": "@collywobbles54 @iamterryevans I wonder if they'll get ammunition now!", "type": "lower_reply"}, {"index": 1, "attribution": 0.01826146495583545, "content_attribution": 0.0003662544651014511, "stance_attribution": 0.017895210490734, "tweet_id": 525046880963932161, "text": "@iamterryevans @cstclair1 RIP\ud83d\ude25", "type": "direct_reply"}, {"index": 2, "attribution": 0.010794732450727018, "content_attribution": 0.011368953504640029, "stance_attribution": -0.0005742210539130115, "tweet_id": 525861627996823552, "text": "@Sierra_Eagle @iamterryevans  No. The soldiers who stand guard at the memorial don't carry loaded rifles.", "type": "lower_reply"}, {"index": 10, "attribution": 0.008794438758188815, "content_attribution": 0.00015527646317813705, "stance_attribution": 0.008639162295010676, "tweet_id": 525038815321534464, "text": "\u201c@iamterryevans: Proudly at his post #NathanCirillo This nation thanks you and your family #OttawaShooting http://t.co/s6zlP6dJeE\u201d #blessyou", "type": "direct_reply"}, {"index": 5, "attribution": 0.006766356263626722, "content_attribution": 0.012032947116533157, "stance_attribution": -0.005266590852906436, "tweet_id": 525066540568576000, "text": "@iamterryevans Thanks Terry.  I was in the U.S. Marine Corps in the late 60s, and we never carried ammunition while on guard duty stateside.", "type": "lower_reply"}, {"index": 6, "attribution": 0.003956931290360963, "content_attribution": -0.000432232748888223, "stance_attribution": 0.004389164039249183, "tweet_id": 525073553797152768, "text": "@iamterryevans @CoraxNiveus rip sir, thank you for your service to Canada", "type": "direct_reply"}, {"index": 9, "attribution": 0.003471567339352426, "content_attribution": -0.0008313648047876202, "stance_attribution": 0.004302932144140045, "tweet_id": 525273917611458560, "text": "@iamterryevans @K97 our hearts go out to the family of the corporal what a spineless thing to do", "type": "direct_reply"}, {"index": 4, "attribution": 0.0007166969130262507, "content_attribution": 0.0008481691836187922, "stance_attribution": -0.0001314722705925413, "tweet_id": 525044690140139520, "text": "@iamterryevans @cstclair1 God Bless this soldier for his service to our country and bless his family for their loss. #Ottawashooting", "type": "direct_reply"}, {"index": 0, "attribution": -0.1094033320201872, "content_attribution": 0.024811186386774098, "stance_attribution": -0.13421451840696133, "tweet_id": 525034687245582337, "text": "Proudly at his post #NathanCirillo            This nation thanks you and your family  #OttawaShooting http://t.co/g6mM3ey3uH", "type": "source"}, {"index": 3, "attribution": -0.28648029902009775, "content_attribution": -0.0020212922072039355, "stance_attribution": -0.2844590068128938, "tweet_id": 525062199044100096, "text": "@iamterryevans Was Corporal Cirillo's rifle loaded?", "type": "direct_reply"}]}