{"thread_id": "525048557569454080", "gold_label": 0, "predicted_label": 0, "tweet_attributions": [{"index": 0, "attribution": 0.14575071100061143, "content_attribution": -0.013262740220801341, "stance_attribution": 0.15901345122141278, "tweet_id": 525048557569454080, "text": "Thoughts &amp; Prayers to the family of Cpl. Nathan Frank Cirillo. killed today in Ottawa RIP @HONOUROURFORCES Pls RT http://t.co/D6L17wwfTw", "type": "source"}, {"index": 5, "attribution": 0.03696144036856941, "content_attribution": -0.0034912797555962014, "stance_attribution": 0.040452720124165606, "tweet_id": 525076434956873728, "text": "@HONOUROURFORCES prayers for his family and brothers &amp; sisters who protect and serve the public.   Remain vigilant!", "type": "direct_reply"}, {"index": 3, "attribution": 0.02372033137607531, "content_attribution": -0.006678827456080998, "stance_attribution": 0.030399158832156305, "tweet_id": 525065049845813248, "text": "@HONOUROURFORCES RIP duty done", "type": "direct_reply"}, {"index": 6, "attribution": 0.01730278039564581, "content_attribution": -0.0020859551248817144, "stance_attribution": 0.019388735520527528, "tweet_id": 525356064955703297, "text": "@HONOUROURFORCES @1stDevastator Too Young :(", "type": "direct_reply"}, {"index": 1, "attribution": -0.0022327118843217275, "content_attribution": -0.009275875105362845, "stance_attribution": 0.007043163221041115, "tweet_id": 525063671199055872, "text": "@HONOUROURFORCES @Rathcooleglen 3 month old baby also killed by terrorists today in Jerusalem. Palestinian rammed car into a bus stop.", "type": "direct_reply"}, {"index": 4, "attribution": -0.008371038197638653, "content_attribution": -0.004449123173820291, "stance_attribution": -0.00392191502381836, "tweet_id": 525152311711379457, "text": "@HONOUROURFORCES heaven has a new angel to protect the gates, prayers for the family", "type": "direct_reply"}, {"index": 2, "attribution": -0.01862833680922645, "content_attribution": -0.0041924931591639965, "stance_attribution": -0.014435843650062456, "tweet_id": 525059622219304960, "text": "@HONOUROURFORCES @barbarastarrcnn Prayers and condolences for the family", "type": "direct_reply"}]}