{"thread_id": "525029433632366592", "gold_label": 0, "predicted_label": 0, "tweet_attributions": [{"index": 0, "attribution": 0.2987929434949823, "content_attribution": 0.035912723540560396, "stance_attribution": 0.26288021995442185, "tweet_id": 525029433632366592, "text": "Thoughts go out to the family of Nathan Cirillo, 24, who was just identified as the soldier killed in Ottawa today. http://t.co/MMkW0iVIDL", "type": "source"}, {"index": 1, "attribution": 0.017930916788126694, "content_attribution": -0.00706907852023545, "stance_attribution": 0.024999995308362145, "tweet_id": 525073045573369856, "text": "@Indie88Toronto", "type": "direct_reply"}, {"index": 2, "attribution": 0.013923809987745443, "content_attribution": -0.03647303386168115, "stance_attribution": 0.05039684384942661, "tweet_id": 525034849443520514, "text": "@Indie88Toronto @LiviRichelle He woke up this morning, put on his uniform, took his post at the Memorial. A Life ended too suddenly,too soon", "type": "direct_reply"}]}