{"thread_id": "525040767317082113", "gold_label": 0, "predicted_label": 2, "tweet_attributions": [{"index": 0, "attribution": 0.1831357249978624, "content_attribution": -0.02377024232242269, "stance_attribution": 0.2069059673202851, "tweet_id": 525040767317082113, "text": "MORE: Ottawa shootings suspect identified as Michael Zehaf-Bibeau, 32; unclear if there are other shooters: http://t.co/Y7l0QLT94d", "type": "source"}, {"index": 4, "attribution": 0.09031840151677231, "content_attribution": 0.005994874020572075, "stance_attribution": 0.08432352749620024, "tweet_id": 525041280313614336, "text": "@AP he wanted his 15 minutes of fame .. and he is getting it", "type": "direct_reply"}, {"index": 1, "attribution": 0.03201216485315088, "content_attribution": 0.0028767789895044224, "stance_attribution": 0.029135385863646463, "tweet_id": 525042742494519296, "text": "@AP wow a Muslim .... What a surprise", "type": "direct_reply"}, {"index": 5, "attribution": 0.007096325690042652, "content_attribution": 0.01773496192496195, "stance_attribution": -0.0106386362349193, "tweet_id": 525041065368092672, "text": "@AP Realy!?  We've heard about the 3 shooters and different locations ALL DAY!?", "type": "direct_reply"}, {"index": 3, "attribution": -0.002153642505059771, "content_attribution": 0.0009604363966287328, "stance_attribution": -0.0031140789016885014, "tweet_id": 525062284494651393, "text": "@AP At what point will you call them what they really are - Muslim Extremists or Jihadists? What are you frightened of?", "type": "direct_reply"}, {"index": 2, "attribution": -0.031174460263221883, "content_attribution": -0.0015227214860027128, "stance_attribution": -0.02965173877721917, "tweet_id": 525045809960980480, "text": "@AP How come the hit &amp; run terrorist attack against 2 Canadian soldiers earlier this week was not in the news?", "type": "direct_reply"}]}