{"thread_id": "525070933556350977", "gold_label": 0, "predicted_label": 0, "tweet_attributions": [{"index": 0, "attribution": 0.12763578453949198, "content_attribution": -0.005714661511743277, "stance_attribution": 0.13335044605123525, "tweet_id": 525070933556350977, "text": "And this is Cpl. Nathan Cirillo, the brave #Canadian soldier killed in the #OttawaShooting today. http://t.co/w9EOyX8MAI", "type": "source"}, {"index": 4, "attribution": 0.048322207521395134, "content_attribution": 0.029934564814135003, "stance_attribution": 0.018387642707260128, "tweet_id": 525073162451427331, "text": "@Ostrov_A My heart breaks for his mother...", "type": "direct_reply"}, {"index": 16, "attribution": 0.023635496118130456, "content_attribution": -0.00121149883343373, "stance_attribution": 0.024846994951564186, "tweet_id": 525073549036646400, "text": "@Ostrov_A Horrifying. Those that destroy lives are not human and don't belong to the human race. Pretend they are rats, and wipe them out.", "type": "direct_reply"}, {"index": 5, "attribution": 0.017851986765792603, "content_attribution": -0.0005614784380266522, "stance_attribution": 0.018413465203819257, "tweet_id": 525077708787941376, "text": "@Ostrov_A poor guy he was only 24, rip", "type": "direct_reply"}, {"index": 3, "attribution": 0.010137184015261345, "content_attribution": -0.0008782323999241156, "stance_attribution": 0.011015416415185457, "tweet_id": 525078918278025216, "text": "@Ostrov_A ..god bless his soul....shalom...", "type": "direct_reply"}, {"index": 6, "attribution": 0.006167280007816316, "content_attribution": 0.00222993407937155, "stance_attribution": 0.0039373459284447665, "tweet_id": 525084283200094208, "text": "@Ostrov_A @MiaVeritas Political correctness of savages will kill more than this fine man who, by the way was UNARMED. Gun registration in CA", "type": "direct_reply"}, {"index": 7, "attribution": 0.006113457869923469, "content_attribution": -0.0006883700400194909, "stance_attribution": 0.006801827909942961, "tweet_id": 525083729518399488, "text": "@Ostrov_A @GrannyMarried RIP, sir!", "type": "direct_reply"}, {"index": 18, "attribution": 0.005923793751825288, "content_attribution": -0.00021866996705295348, "stance_attribution": 0.006142463718878242, "tweet_id": 525101488905789441, "text": "@Ostrov_A @USACon God Bless this man and his family.", "type": "direct_reply"}, {"index": 1, "attribution": 0.0034058096796039743, "content_attribution": 0.000152953457891223, "stance_attribution": 0.0032528562217127516, "tweet_id": 525078904378101761, "text": "\u201c@Ostrov_A: Cpl. Nathan Cirillo, the brave #Canadian soldier killed in the #OttawaShooting today. http://t.co/3ym0dCO3Lm\u201d #RIP, soldier.", "type": "direct_reply"}, {"index": 10, "attribution": 0.0028701300224079464, "content_attribution": 0.001100680866238349, "stance_attribution": 0.001769449156169596, "tweet_id": 525073475632107520, "text": "\u201c@Ostrov_A: And this is Cpl. Nathan Cirillo, the brave #Canadian soldier killed in the #OttawaShooting today. http://t.co/iNF4punphV\u201d\n#RIP \ud83d\udc95", "type": "direct_reply"}, {"index": 9, "attribution": 0.0018621769912838468, "content_attribution": -0.0007153570443284967, "stance_attribution": 0.002577534035612344, "tweet_id": 525077625409376256, "text": "@Ostrov_A we'll always remember him ...God bless him.", "type": "direct_reply"}, {"index": 2, "attribution": 0.0010300489049180626, "content_attribution": -0.0007582346912928666, "stance_attribution": 0.0017882835962109284, "tweet_id": 525077204691329024, "text": "@Ostrov_A Sad, tragic. May he rest in peace.", "type": "direct_reply"}, {"index": 11, "attribution": 0.000518049107803603, "content_attribution": -0.0007670169696406817, "stance_attribution": 0.0012850660774442841, "tweet_id": 525077262081990657, "text": "@Ostrov_A \ud83d\udd2f Blessed \ud83d\udc9c be his memory \ud83d\udd2f\n\ud83c\udf08", "type": "direct_reply"}, {"index": 19, "attribution": 0.000158950259914809, "content_attribution": 4.943624066988092e-05, "stance_attribution": 0.00010951401924492706, "tweet_id": 525112062897582080, "text": "@Ostrov_A @JeffreyGoldberg god bless him and his family. a true hero may he rest in peace.", "type": "direct_reply"}, {"index": 8, "attribution": -0.000735657525746395, "content_attribution": -0.00016044391497718735, "stance_attribution": -0.0005752136107692075, "tweet_id": 525071746744201216, "text": "@Ostrov_A", "type": "direct_reply"}, {"index": 13, "attribution": -0.0009135085315785209, "content_attribution": -0.00026381432262850835, "stance_attribution": -0.0006496942089500132, "tweet_id": 525083755846045696, "text": "RT @Ostrov_A And this is Cpl. Nathan Cirillo, the brave #Canadian soldier killed in the #OttawaShooting today.\n\nVERY SORRY to Hear of this!", "type": "direct_reply"}, {"index": 17, "attribution": -0.0032550578267611287, "content_attribution": -0.0010699186401652552, "stance_attribution": -0.002185139186595874, "tweet_id": 525071907474141184, "text": "@Ostrov_A We live in a very cruel and dysfunctional world!", "type": "direct_reply"}, {"index": 14, "attribution": -0.004005388724203774, "content_attribution": 0.0021725544369564248, "stance_attribution": -0.006177943161160198, "tweet_id": 525112858565410816, "text": "@Ostrov_A And this is the face all peace-loving Canadians want the world to remember, not the mugshot of a nobody gunman filled with hate.", "type": "direct_reply"}, {"index": 15, "attribution": -0.004490992919674148, "content_attribution": -0.0004166235837014658, "stance_attribution": -0.004074369335972683, "tweet_id": 525111915732037633, "text": "@Ostrov_A @JeffreyGoldberg May he Rest in Peace. Another hero gone too soon.", "type": "direct_reply"}, {"index": 12, "attribution": -0.03258764891977801, "content_attribution": -0.015377625833070445, "stance_attribution": -0.017210023086707563, "tweet_id": 525076533376217088, "text": "@Ostrov_A Blessed be the Memory of Our Brave Son! We Share His Happiness now that he can Enjoy the Company of the Holy Spirit of YAHWEH ...", "type": "direct_reply"}]}