{"thread_id": "525006356731166720", "gold_label": 0, "predicted_label": 0, "tweet_attributions": [{"index": 0, "attribution": 0.18472820597641001, "content_attribution": -0.02242286611773061, "stance_attribution": 0.2071510720941406, "tweet_id": 525006356731166720, "text": "Ottawa shooting: Soldier dies of injuries, gunman shot dead http://t.co/6D9NofyId5 http://t.co/IO19HlsUms", "type": "source"}, {"index": 5, "attribution": 0.08053322646561026, "content_attribution": 0.0008848853580192856, "stance_attribution": 0.07964834110759098, "tweet_id": 525007204852989953, "text": "@CBCNews thoughts and prayers with our Neighbors to the North\n#StaySafeOttawa", "type": "direct_reply"}, {"index": 4, "attribution": 0.020840282592053457, "content_attribution": -0.0064049375789747625, "stance_attribution": 0.02724522017102822, "tweet_id": 525009332757602304, "text": "@CBCNews Please don't show images of our soldier dying and receiving CPR, invasive and disrespectful #OttawaShooting", "type": "direct_reply"}, {"index": 2, "attribution": 0.0052539927815385586, "content_attribution": -0.005706183155134619, "stance_attribution": 0.010960175936673179, "tweet_id": 525009202247249920, "text": "@CBCNews   Too bad .@he should have had to face our rage .", "type": "direct_reply"}, {"index": 1, "attribution": 0.0012148238949911813, "content_attribution": -0.008018313237982017, "stance_attribution": 0.009233137132973199, "tweet_id": 525035017194725376, "text": "@CBCNews I'm heartbroken at the loss of this young soldier in Ottawa! My condolences to his family! Thanx CBC for your delicate reporting.", "type": "direct_reply"}, {"index": 3, "attribution": -0.0033920155057648926, "content_attribution": -0.00141775698387367, "stance_attribution": -0.001974258521891221, "tweet_id": 525007156039262209, "text": "O.O OMG... prayers for the families... RT @CBCNews Ottawa shooting: Soldier dies of injuries, gunman shot dead http://t.co/1a4CntdL4P \u2026", "type": "direct_reply"}]}