{"thread_id": "525030963781595136", "gold_label": 0, "predicted_label": 0, "tweet_attributions": [{"index": 0, "attribution": 0.14234971625659157, "content_attribution": 0.006751870407713927, "stance_attribution": 0.13559784584887766, "tweet_id": 525030963781595136, "text": "Soldier killed in #OttawaShooting identified as Cpl. Nathan Cirillo (via @globeandmail) http://t.co/WL4Fs1H9Z2 http://t.co/wKV8KFaX73", "type": "source"}, {"index": 2, "attribution": 0.0264904819552505, "content_attribution": 0.004558968756485225, "stance_attribution": 0.021931513198765275, "tweet_id": 525060034913648640, "text": "@nypost:Soldier killed #OttawaShooting is Cpl.Nathan Cirillo(via @globeandmail)http://t.co/Ti3Sckjdac http://t.co/K9QqQOgQIl the madness", "type": "direct_reply"}, {"index": 12, "attribution": 0.024469515868407773, "content_attribution": -0.0049691636556972426, "stance_attribution": 0.02943867952410502, "tweet_id": 525032140229312512, "text": "@nypost @globeandmail heartbreaking.", "type": "direct_reply"}, {"index": 3, "attribution": 0.018848979438547128, "content_attribution": 0.018943431412811643, "stance_attribution": -9.445197426451342e-05, "tweet_id": 525033768382627840, "text": "@nypost @globeandmail Now he is protecting and protected by the other #ANGELS so sad RIP", "type": "direct_reply"}, {"index": 5, "attribution": 0.012346095064142963, "content_attribution": 0.00538374971802086, "stance_attribution": 0.006962345346122104, "tweet_id": 525045900222398465, "text": "@nypost @globeandmail His dog will also miss him very much.", "type": "direct_reply"}, {"index": 4, "attribution": 0.008419112536268682, "content_attribution": -0.006675215602485799, "stance_attribution": 0.015094328138754477, "tweet_id": 525032948412977152, "text": "@nypost @globeandmail Sad :(", "type": "direct_reply"}, {"index": 6, "attribution": 0.005949589089010918, "content_attribution": 0.00012081603253513598, "stance_attribution": 0.005828773056475786, "tweet_id": 525067202945617920, "text": "@nypost @globeandmail this man's family is in my thoughts tonight.", "type": "direct_reply"}, {"index": 14, "attribution": 0.005451323393093881, "content_attribution": -0.0006698396624790587, "stance_attribution": 0.00612116305557294, "tweet_id": 525031959097929730, "text": "@nypost @globeandmail Om Ami Dewa Hrih", "type": "direct_reply"}, {"index": 13, "attribution": 0.005331888377614752, "content_attribution": 0.0061055681176496795, "stance_attribution": -0.0007736797400349285, "tweet_id": 525045415591550976, "text": "@nypost @globeandmail Sad for his family and dog", "type": "direct_reply"}, {"index": 10, "attribution": 0.002507173722296401, "content_attribution": -0.0011106240898094183, "stance_attribution": 0.003617797812105819, "tweet_id": 525107095604310017, "text": "@nypost RIP", "type": "direct_reply"}, {"index": 8, "attribution": 0.0002673913262418444, "content_attribution": -0.00700872996496327, "stance_attribution": 0.0072761212912051156, "tweet_id": 525035973336633345, "text": "@nypost @globeandmail Deepest condolences  and prayers to his family. Such senseless violence! \ud83d\ude4f", "type": "direct_reply"}, {"index": 1, "attribution": -0.00540156220818987, "content_attribution": -0.002842119691120806, "stance_attribution": -0.0025594425170690624, "tweet_id": 525033422360961024, "text": "@nypost @flyingj50 @globeandmail my condolences to his family and his friends. BZ Cpl.... You will not be forgotten.", "type": "direct_reply"}, {"index": 11, "attribution": -0.012702393303605324, "content_attribution": -0.0008672427592467658, "stance_attribution": -0.011835150544358557, "tweet_id": 525048823039938560, "text": "@nypost @globeandmail rest in peace.", "type": "direct_reply"}, {"index": 9, "attribution": -0.01456387059494621, "content_attribution": -8.543047983083208e-05, "stance_attribution": -0.014478440115115378, "tweet_id": 525048760712577024, "text": "@nypost @globeandmail god damn the Muslim that killed him", "type": "direct_reply"}, {"index": 7, "attribution": -0.014916674023350049, "content_attribution": -0.001471152817502563, "stance_attribution": -0.013445521205847483, "tweet_id": 525034183870414849, "text": "@nypost @globeandmail Thank you Cpl Cirillo for standing guard at Tomb of Unknown Soldier. We will never forget. We Stand to Remember You.", "type": "direct_reply"}]}