{"thread_id": "525071376084791297", "gold_label": 0, "predicted_label": 2, "tweet_attributions": [{"index": 2, "attribution": 1.651995150147254, "content_attribution": 0.03440073088463366, "stance_attribution": 1.6175944192626204, "tweet_id": 525075090699210752, "text": "\u201c@GigiGraciette: Rest in Peace, Cpl. Nathan Cirillo. Killed 2day in #OttawaShooting\nhttp://t.co/7jtcHQr7wc http://t.co/t5ZYaeQO22\u201d God bless", "type": "direct_reply"}, {"index": 5, "attribution": 1.5009070564545755, "content_attribution": 0.051523549725579126, "stance_attribution": 1.4493835067289966, "tweet_id": 525077050403876864, "text": "@Corey_Frizzell hey frizz I was right downtown\u2026crazy stuff", "type": "lower_reply"}, {"index": 12, "attribution": 0.20234636860429156, "content_attribution": 0.040854659914941235, "stance_attribution": 0.1614917086893503, "tweet_id": 525077914841538561, "text": "@PEItopcop Were u? That's crazy! Were u in uni? The Sgt. Arms is a hero: he needs a medal.", "type": "lower_reply"}, {"index": 3, "attribution": 0.018213163570315896, "content_attribution": -0.0004102785074064859, "stance_attribution": 0.01862344207772238, "tweet_id": 525071668025491456, "text": "So sad. \"@GigiGraciette: Rest in Peace, Cpl. Nathan Cirillo. Killed today in #OttawaShooting\nhttp://t.co/YBIYHliJpy http://t.co/MjvFKwrD4W\u201d", "type": "direct_reply"}, {"index": 10, "attribution": 0.013294199329671673, "content_attribution": 3.341251358496809e-05, "stance_attribution": 0.013260786816086709, "tweet_id": 525079530432499712, "text": "@GigiGraciette hot guy", "type": "direct_reply"}, {"index": 11, "attribution": 0.008470561466839804, "content_attribution": -0.0007862501921456385, "stance_attribution": 0.009256811658985443, "tweet_id": 525082751360184320, "text": "\ud83d\ude4f\ud83d\ude22 #Hero \u201c@GigiGraciette: Rest in Peace, Cpl. Nathan Cirillo. Killed today in #OttawaShooting\nhttp://t.co/eRzccSD7aE http://t.co/bOWMxA2WEQ\u201d", "type": "direct_reply"}, {"index": 7, "attribution": 0.0054791304060585674, "content_attribution": -0.00010805357257089523, "stance_attribution": 0.005587183978629463, "tweet_id": 525073825268916224, "text": "\u201c@GigiGraciette: Rest in Peace, Cpl. Nathan Cirillo. Killed today in #OttawaShooting\nhttp://t.co/EoWtbw9HJk http://t.co/goYw4BBRoj", "type": "direct_reply"}, {"index": 9, "attribution": 0.005234779969573125, "content_attribution": -1.6006092032562898e-05, "stance_attribution": 0.005250786061605688, "tweet_id": 525087452885962752, "text": "\u201c@GigiGraciette: Rest in Peace, Cpl. Nathan Cirillo. Killed today in #OttawaShooting\nhttp://t.co/c5HtPz4n6l http://t.co/VBGdDYutSO\u201d", "type": "direct_reply"}, {"index": 6, "attribution": 0.003955864619874598, "content_attribution": -9.439376740635853e-05, "stance_attribution": 0.0040502583872809575, "tweet_id": 525094345540907008, "text": "\u201c@GigiGraciette: Rest in Peace, Cpl. Nathan Cirillo. Killed today in #OttawaShooting\nhttp://t.co/x4c34sMhFs http://t.co/YcTgpHSCbV\u201d", "type": "direct_reply"}, {"index": 13, "attribution": 0.003207565678580852, "content_attribution": 0.0034027187869446474, "stance_attribution": -0.0001951531083637947, "tweet_id": 525076830467137536, "text": "@GigiGraciette HOW TOTALLY. SENSELESS. AND SHAME. IM SO SORRY OUT TO THE FAMLIE.  :(", "type": "direct_reply"}, {"index": 4, "attribution": 0.002506207273015772, "content_attribution": 0.00038992707160641116, "stance_attribution": 0.0021162802014093617, "tweet_id": 525076232875282432, "text": "So sad \"@GigiGraciette: Rest in Peace, Cpl. Nathan Cirillo. Killed today in #OttawaShooting\nhttp://t.co/p6xCfWMgg1 http://t.co/gI92I5vhoB\u201d", "type": "direct_reply"}, {"index": 8, "attribution": -0.005251185752366945, "content_attribution": -0.001606774434130135, "stance_attribution": -0.0036444113182368103, "tweet_id": 525100022254546944, "text": "@GigiGraciette So sad, RIP Cpl. Nathan Cirillo and God Bless your family left behind.", "type": "direct_reply"}, {"index": 1, "attribution": -0.010429185937726074, "content_attribution": -0.0006476186302306619, "stance_attribution": -0.009781567307495413, "tweet_id": 525075405850804225, "text": "@GigiGraciette WhatAreTheValuesOfCanadians?LookAtThisManHere\nSincereCondolences\nToTheFamilyFriends&amp;ColleaguesOfCplNathanCIRILLO\nWeAreSoSorry", "type": "direct_reply"}, {"index": 0, "attribution": -0.15941626576610332, "content_attribution": 0.029925230919277145, "stance_attribution": -0.18934149668538047, "tweet_id": 525071376084791297, "text": "Rest in Peace, Cpl. Nathan Cirillo. Killed today in #OttawaShooting\nhttp://t.co/YzLXYX5JJt http://t.co/8F0qAcj9sg", "type": "source"}]}