{"thread_id": "525033278555033601", "gold_label": 0, "predicted_label": 2, "tweet_attributions": [{"index": 16, "attribution": 4.51708029022624, "content_attribution": 0.03349775007229784, "stance_attribution": 4.483582540153942, "tweet_id": 525035855337906176, "text": "@bobster31 @Teknofish  not really.. just careful examination is enough.. atlist we will know if he is Muslim or not", "type": "lower_reply"}, {"index": 23, "attribution": 2.1629654195529326, "content_attribution": 0.07772431684376144, "stance_attribution": 2.085241102709171, "tweet_id": 525036308717383680, "text": "@Antera13 @bobster31 Other major unbiased news agencies are reporting it.\n\nDon't let that effect Robs view tho.", "type": "lower_reply"}, {"index": 25, "attribution": 1.348121919966811, "content_attribution": 0.0067731629325141615, "stance_attribution": 1.341348757034297, "tweet_id": 525035224405925889, "text": "@Teknofish How do the BBC know his religion? Difficult to tell the religion of a dead body. Idle speculation best left to tabloid papers", "type": "lower_reply"}, {"index": 6, "attribution": 0.2099100316035132, "content_attribution": 0.03504428599702594, "stance_attribution": 0.1748657456064873, "tweet_id": 525033913019015168, "text": "MT .@BBCBreaking: Gunman involved in #OttawaShootings named as 32-year-old muslim Michael Zehaf-Bibeau http://t.co/2kSqmVdeuh", "type": "direct_reply"}, {"index": 18, "attribution": 0.20855320223043736, "content_attribution": 0.01099039466140099, "stance_attribution": 0.19756280756903638, "tweet_id": 525033913329418240, "text": "@BBCBreaking M-U-S-L-I-M\n\nSay it BBC .   Say it.", "type": "direct_reply"}, {"index": 27, "attribution": 0.07555068472435239, "content_attribution": -0.0015399244354195613, "stance_attribution": 0.07709060915977196, "tweet_id": 525049373148065792, "text": "@Teknofish So? The Okie-bomber was C-h-r-i-s-t-i-a-n. Killed almost 200. Just one example.", "type": "lower_reply"}, {"index": 24, "attribution": 0.04141497210556754, "content_attribution": 0.002807988790389842, "stance_attribution": 0.0386069833151777, "tweet_id": 525050759893635072, "text": "@ATainy @Teknofish Really compares to 250k killed in Syria.", "type": "lower_reply"}, {"index": 26, "attribution": 0.034758096014060505, "content_attribution": 0.06090133304999127, "stance_attribution": -0.026143237035930786, "tweet_id": 525041072859537408, "text": "@Teknofish @Antera13 OK, Let me rephrase. The BBC reported the statement from the Canadian Govt. Did the statement say he was a Muslim?", "type": "lower_reply"}, {"index": 4, "attribution": 0.026757791193044687, "content_attribution": 0.0005543952885995798, "stance_attribution": 0.02620339590444511, "tweet_id": 525034325054849024, "text": "@BBCBreaking I think we all know where his genes come from.", "type": "direct_reply"}, {"index": 5, "attribution": 0.02660327317725284, "content_attribution": 0.007044938070757942, "stance_attribution": 0.0195583351064949, "tweet_id": 525033417977524225, "text": "@BBCBreaking She's America's youngest female billionaire - and a dropout &gt;&gt;&gt;&gt;&gt;http://t.co/TDbQK8bnkt", "type": "direct_reply"}, {"index": 17, "attribution": 0.024493690842517533, "content_attribution": 0.02406090483951905, "stance_attribution": 0.00043278600299848276, "tweet_id": 525043437654253568, "text": "@Teknofish You asked why they didn't report his religion. I'm saying that perhaps it was not in the statement from the government. Forget it", "type": "lower_reply"}, {"index": 15, "attribution": 0.019693741856522076, "content_attribution": 0.04486752267149584, "stance_attribution": -0.025173780814973765, "tweet_id": 525041944968167425, "text": "@bobster31 @Antera13 Whats your point?  He was a Muslim.  Piss off.", "type": "lower_reply"}, {"index": 22, "attribution": 0.005921239499882294, "content_attribution": 0.0017131289333523973, "stance_attribution": 0.004208110566529898, "tweet_id": 525033935676653568, "text": "@rmdan_90 @BBCBreaking wow she got it going on", "type": "lower_reply"}, {"index": 20, "attribution": 0.005104303578182148, "content_attribution": 0.0007402202912883964, "stance_attribution": 0.004364083286893751, "tweet_id": 525051365425700865, "text": "@downthetrackred @Teknofish I'm not following.This one guy in #ottawa? Wow. He must've been some dude! Well, dead now. Rest at ease, fellas.", "type": "lower_reply"}, {"index": 8, "attribution": 0.0027093852144416536, "content_attribution": -0.0003427104165163509, "stance_attribution": 0.003052095630958005, "tweet_id": 525034010591121408, "text": "\u201c@BBCBreaking: Gunman shot dead in #OttawaShootings named by US officials as Canadian-born, Michael Zehaf-Bibeau. -Canadians Gone Wild.", "type": "direct_reply"}, {"index": 13, "attribution": 0.0020217253040727533, "content_attribution": -0.0004387444769375871, "stance_attribution": 0.0024604697810103405, "tweet_id": 525037035594076160, "text": "@BBCBreaking Fuck him, he doesn't deserve the infamy.  Let's instead celebrate Cpl Nathan Cirillo #OttawaShooting", "type": "direct_reply"}, {"index": 21, "attribution": -0.00014852185189725015, "content_attribution": -0.0006179061738634245, "stance_attribution": 0.0004693843219661745, "tweet_id": 525034653540155393, "text": "@BBCBreaking stand him up and shoot him again", "type": "direct_reply"}, {"index": 7, "attribution": -0.00034678355097005097, "content_attribution": 0.00031673660732540294, "stance_attribution": -0.0006635201582954538, "tweet_id": 525033878944509953, "text": "@BBCBreaking Algerian descent I understand.", "type": "direct_reply"}, {"index": 3, "attribution": -0.0007660763641423546, "content_attribution": 0.00010062726516082538, "stance_attribution": -0.0008667036293031799, "tweet_id": 525034165600022528, "text": "@rmdan_90 @BBCBreaking congrats on you success keep going", "type": "lower_reply"}, {"index": 19, "attribution": -0.0013200697545676138, "content_attribution": -0.00036966468095371493, "stance_attribution": -0.000950405073613899, "tweet_id": 525033927845892099, "text": "@BBCBreaking jihadi johns mate muslim michael?", "type": "direct_reply"}, {"index": 2, "attribution": -0.0015303749270436252, "content_attribution": -0.0030285953491267143, "stance_attribution": 0.0014982204220830892, "tweet_id": 525053200454270976, "text": "@downthetrackred Whataboutadry.... and two decades old whataboutadry at that.\n\nThe lamest tweet I received today.", "type": "lower_reply"}, {"index": 11, "attribution": -0.0022574160611873624, "content_attribution": -0.0006914069797882649, "stance_attribution": -0.0015660090813990972, "tweet_id": 525034978443153408, "text": "@bbcbreaking So the gunman who's killed after attacking Canadian Parliament was Michael Zehaf-Bibeau!Sounds like a half-breed!", "type": "direct_reply"}, {"index": 14, "attribution": -0.0024691984338118087, "content_attribution": -0.0032413151889366886, "stance_attribution": 0.0007721167551248796, "tweet_id": 525034533394321408, "text": "@BBCBreaking &gt; what was the religion he'd converter to again????", "type": "direct_reply"}, {"index": 12, "attribution": -0.008983194106515267, "content_attribution": -0.0002781936762931003, "stance_attribution": -0.008705000430222166, "tweet_id": 525039257963225090, "text": "@Teknofish @BBCBreaking Google 'Experts Speak Out' I dare you", "type": "lower_reply"}, {"index": 1, "attribution": -0.01837444206586775, "content_attribution": -0.0005495621323626004, "stance_attribution": -0.01782487993350515, "tweet_id": 525033452362399744, "text": "@BBCBreaking US officials?", "type": "direct_reply"}, {"index": 0, "attribution": -0.08155125071170183, "content_attribution": 0.05550815632604487, "stance_attribution": -0.1370594070377467, "tweet_id": 525033278555033601, "text": "Gunman shot dead in #OttawaShootings named by US officials as 32-year-old, Canadian-born, Michael Zehaf-Bibeau http://t.co/VgpiGxW7P4", "type": "source"}, {"index": 9, "attribution": -0.10062662900679577, "content_attribution": 0.004176408768723272, "stance_attribution": -0.10480303777551903, "tweet_id": 525035782898057216, "text": ".@RichardReese3 @BBCBreaking Wednesday is 'Hump' day.", "type": "lower_reply"}, {"index": 10, "attribution": -0.157032184019399, "content_attribution": 0.017074057769240182, "stance_attribution": -0.17410624178863915, "tweet_id": 525035377275727872, "text": "@TheMadHessian @BBCBreaking May his 72 virgins have syphilis!!!", "type": "lower_reply"}]}