{"thread_id": "525056576038518785", "gold_label": 0, "predicted_label": 2, "tweet_attributions": [{"index": 14, "attribution": 3.125342593841423, "content_attribution": 0.07693149989211487, "stance_attribution": 3.0484110939493085, "tweet_id": 525057102306222083, "text": "@Telegraph This world is seriously going to hell in a hand cart. I'm entirely fed up with innocent bystanders being senselessly killed.", "type": "direct_reply"}, {"index": 3, "attribution": 2.149167196019552, "content_attribution": 0.12325177084727133, "stance_attribution": 2.025915425172281, "tweet_id": 525080429410664448, "text": "@englandfanatic @Telegraph \nSoldiers aren't innocent \n\nThey are the complete opposite", "type": "lower_reply"}, {"index": 12, "attribution": 0.3403006439040406, "content_attribution": 0.0801719984417646, "stance_attribution": 0.26012864546227593, "tweet_id": 525278489721966592, "text": "@alisaleh1292 @Telegraph That doesn't sound incredibly cryptic........", "type": "lower_reply"}, {"index": 1, "attribution": 0.07961305103632439, "content_attribution": 0.0027049033268809596, "stance_attribution": 0.07690814770944343, "tweet_id": 525057571321688064, "text": "@Telegraph @molodyko It is sad to see this news.  However, at least he leaves a son who will honor him.  Many soldiers die without children.", "type": "direct_reply"}, {"index": 18, "attribution": 0.0174471973930056, "content_attribution": 0.010895121100408661, "stance_attribution": 0.006552076292596938, "tweet_id": 525072407321927681, "text": "@evening_grace @Telegraph  Yes it is.", "type": "lower_reply"}, {"index": 2, "attribution": 0.01639938007687529, "content_attribution": 0.00014132816860175989, "stance_attribution": 0.01625805190827353, "tweet_id": 525061525409525760, "text": "@Telegraph RIP", "type": "direct_reply"}, {"index": 9, "attribution": 0.015737924508064376, "content_attribution": 0.0008503403129140269, "stance_attribution": 0.014887584195150344, "tweet_id": 525080746080620544, "text": "@DavidRomeiPHD @Telegraph @molodyko \n\nIf IS employed US NATO tactics they would have killed his son too \nAnd blamed his father for his death", "type": "lower_reply"}, {"index": 4, "attribution": 0.003919426467241041, "content_attribution": -0.0007498961199028189, "stance_attribution": 0.004669322587143859, "tweet_id": 525072231022333953, "text": "RIP @Telegraph: Soldier killed in Canada shooting was a young reservist w/a six-year-old son http://t.co/rcTujS5qvL http://t.co/t0viQS4VZv", "type": "direct_reply"}, {"index": 22, "attribution": 0.002685998336379786, "content_attribution": -0.0002740289337554388, "stance_attribution": 0.0029600272701352254, "tweet_id": 525058373591367680, "text": "@Telegraph Travel well brave soul.", "type": "direct_reply"}, {"index": 11, "attribution": 0.002440420930706164, "content_attribution": -0.00024349307827024782, "stance_attribution": 0.0026839140089764115, "tweet_id": 525062334302412800, "text": "@Telegraph @TelegraphNews This is very sad. I just wish that the was a better place :(", "type": "direct_reply"}, {"index": 20, "attribution": 0.0023993431122481127, "content_attribution": -0.0002397781439192389, "stance_attribution": 0.0026391212561673516, "tweet_id": 525057624916520960, "text": "@Telegraph @20committee So sad for my great nation.  I am speechless!", "type": "direct_reply"}, {"index": 6, "attribution": 0.0022475679460558983, "content_attribution": -1.4185487776411981e-05, "stance_attribution": 0.002261753433832311, "tweet_id": 525060851661668352, "text": "@Telegraph Prayers for his family \ud83d\ude22", "type": "direct_reply"}, {"index": 16, "attribution": 0.002078280565570522, "content_attribution": -7.508046425413391e-05, "stance_attribution": 0.002153361029824656, "tweet_id": 525057584416292867, "text": "@Telegraph @20committee the price we pay for allowing Muslim 5th Columns to roam freely in the West. Enough.", "type": "direct_reply"}, {"index": 7, "attribution": 0.0008573587665062822, "content_attribution": -0.0001665349197689148, "stance_attribution": 0.001023893686275197, "tweet_id": 525066880219115520, "text": "@Telegraph this is the real tragedy. Lovely young man doing the right thing brought down by cowardly terrorists. Shameful. #CanadaStrong", "type": "direct_reply"}, {"index": 15, "attribution": 0.0006023339945227394, "content_attribution": 0.00012901527922337433, "stance_attribution": 0.0004733187152993651, "tweet_id": 525068255107751936, "text": "@Telegraph Trafic", "type": "direct_reply"}, {"index": 10, "attribution": -9.668057581241481e-05, "content_attribution": -0.0009265203600604267, "stance_attribution": 0.0008298397842480119, "tweet_id": 525059328685133824, "text": "Heartbreaking for #HamOnt and Canada. \u201c@Telegraph: Soldier killed in Canada shooting was a young reservist with a son http://t.co/wGQhZwKFEG", "type": "direct_reply"}, {"index": 23, "attribution": -0.00022066347228154776, "content_attribution": -0.0005608628073468251, "stance_attribution": 0.0003401993350652772, "tweet_id": 525057081515061248, "text": "@Telegraph RIP Nathan,, we love you", "type": "direct_reply"}, {"index": 5, "attribution": -0.0005921450530192078, "content_attribution": -2.5587338992578783e-05, "stance_attribution": -0.0005665577140266291, "tweet_id": 525068703109758977, "text": "@Telegraph @JamesMoore_org heartbreaking!", "type": "direct_reply"}, {"index": 17, "attribution": -0.001244438030161667, "content_attribution": -0.0005880744082950079, "stance_attribution": -0.0006563636218666592, "tweet_id": 525058435361292288, "text": "Sad. @Telegraph Soldier killed in Canada shooting was a young reservist with a 6yr old son http://t.co/tmW05dP9aV http://t.co/PssQRiRqmo\u201d", "type": "direct_reply"}, {"index": 13, "attribution": -0.0013528216871902651, "content_attribution": -3.8760197643512465e-05, "stance_attribution": -0.0013140614895467526, "tweet_id": 525070441405095936, "text": "@Telegraph @Momma4America RIP Nathan. :(", "type": "direct_reply"}, {"index": 21, "attribution": -0.0021138151148182276, "content_attribution": -0.0010848001357725776, "stance_attribution": -0.00102901497904565, "tweet_id": 525057109910495232, "text": "@Telegraph Fuck Islam.", "type": "direct_reply"}, {"index": 8, "attribution": -0.0060767901304108266, "content_attribution": -0.005013891081689721, "stance_attribution": -0.001062899048721105, "tweet_id": 525070716807688192, "text": "@Telegraph Sad. RIP Cpl Nathan Cirillo.", "type": "direct_reply"}, {"index": 19, "attribution": -0.02828571166787576, "content_attribution": -0.011044796211999913, "stance_attribution": -0.01724091545587585, "tweet_id": 525071940428771330, "text": "@Telegraph @Momma4America Very sad day for his family friends and Canada. Rest in peace.", "type": "direct_reply"}, {"index": 0, "attribution": -0.6128510359627396, "content_attribution": 0.046247253489330446, "stance_attribution": -0.65909828945207, "tweet_id": 525056576038518785, "text": "Soldier killed in Canada shooting was a young reservist with a six-year-old son http://t.co/83PReIl9XV http://t.co/LVprXOCCF7", "type": "source"}]}