{"thread_id": "525052223030845440", "gold_label": 0, "predicted_label": 2, "tweet_attributions": [{"index": 25, "attribution": 3.852136270154144, "content_attribution": 0.0073742792390961084, "stance_attribution": 3.8447619909150474, "tweet_id": 525137752535597056, "text": "@YungTrillLord @PzFeed We are Canada. Not America", "type": "lower_reply"}, {"index": 10, "attribution": 2.879843349923356, "content_attribution": 0.028472185554364482, "stance_attribution": 2.8513711643689916, "tweet_id": 525234223121465344, "text": "@hfxnewsie @PzFeed Well Canada is part of North \"America\"", "type": "lower_reply"}, {"index": 26, "attribution": 1.3551591600573403, "content_attribution": -0.009269833650667702, "stance_attribution": 1.364428993708008, "tweet_id": 525052499120889857, "text": "@PzFeed \n\nJust use his American name. You media people are just using his over seas alias to make people even more scared.", "type": "direct_reply"}, {"index": 2, "attribution": 0.32872290246941455, "content_attribution": 0.061805983103071976, "stance_attribution": 0.26691691936634254, "tweet_id": 525299317532557312, "text": "@YungTrillLord @PzFeed Canadians spell words differently and we use different words to express ourselves. There is no North American speak", "type": "lower_reply"}, {"index": 9, "attribution": 0.10227880903801673, "content_attribution": 0.02468342714957448, "stance_attribution": 0.07759538188844223, "tweet_id": 525180610533654528, "text": "@YungTrillLord @PzFeed well  zehaf and bibeau are the last names of his parents so its likely a legitimate Canadian name for him.", "type": "lower_reply"}, {"index": 1, "attribution": 0.05414400745285848, "content_attribution": 0.01217942840073663, "stance_attribution": 0.04196457905212185, "tweet_id": 525086185648316417, "text": "@Gingerwombat @PzFeed No? It's Michael Hall", "type": "lower_reply"}, {"index": 6, "attribution": 0.03992745129705447, "content_attribution": 0.04422610792841448, "stance_attribution": -0.004298656631360023, "tweet_id": 525301186673770496, "text": "@hfxnewsie @PzFeed I do realize that. The point is Canada is apart of the Americas that's why the continent is  called North \"America\"", "type": "lower_reply"}, {"index": 15, "attribution": 0.01980408658144655, "content_attribution": 0.014957037627279159, "stance_attribution": 0.004847048954167387, "tweet_id": 525234125683585024, "text": "@Gingerwombat @PzFeed Oh, did not know that. Maybe It is. I heard they were Canadian last names, so I guess your right.", "type": "lower_reply"}, {"index": 16, "attribution": 0.009943294360061885, "content_attribution": -0.0003782664484304354, "stance_attribution": 0.010321560808492322, "tweet_id": 525052544952057858, "text": "@PzFeed coward", "type": "direct_reply"}, {"index": 7, "attribution": 0.008325636758480262, "content_attribution": -0.002950808853999804, "stance_attribution": 0.011276445612480066, "tweet_id": 525056625917165570, "text": "@PzFeed @jlandmark who gives two shits what his name was &amp; what he looked like? Seriously. Media just loves glorifying villains.", "type": "direct_reply"}, {"index": 8, "attribution": 0.007718408912552658, "content_attribution": -0.000889632936486249, "stance_attribution": 0.008608041849038909, "tweet_id": 525057399518801920, "text": "@PzFeed @emjay505 mentally I'll no doubt however people &amp; simplistic media will focus on islam. #religions #spreadinghate", "type": "direct_reply"}, {"index": 3, "attribution": 0.0026053006671291554, "content_attribution": 0.0006393803814121117, "stance_attribution": 0.001965920285717044, "tweet_id": 525056089461882880, "text": "@PzFeed  Hate for assassins or terrorists to gain any personal fame, even posthumously, such as did Booth, Princip &amp; Oswald.", "type": "direct_reply"}, {"index": 5, "attribution": 0.002207012223597983, "content_attribution": -0.00016372215017123717, "stance_attribution": 0.00237073437376922, "tweet_id": 525053562397544448, "text": "@PzFeed That looks like a lever action rifle he's holding. Unusual for this kind of attack.", "type": "direct_reply"}, {"index": 20, "attribution": 0.0015431001976489367, "content_attribution": 0.0005396575533909673, "stance_attribution": 0.0010034426442579692, "tweet_id": 525052371336839169, "text": "@PzFeed wow", "type": "direct_reply"}, {"index": 19, "attribution": 0.001151961127369953, "content_attribution": 0.0025936622063845957, "stance_attribution": -0.0014417010790146424, "tweet_id": 525052721133813760, "text": "@CorAssassin @PzFeed 2.5/10", "type": "lower_reply"}, {"index": 22, "attribution": 0.00015039214454037588, "content_attribution": -0.00018776702557555012, "stance_attribution": 0.000338159170115926, "tweet_id": 525052671724892160, "text": "ayy that's my nigga @PzFeed", "type": "direct_reply"}, {"index": 17, "attribution": -0.0005947540958901824, "content_attribution": -0.00018524638995242107, "stance_attribution": -0.00040950770593776173, "tweet_id": 525057652687376386, "text": "@PzFeed @DatGuyWarby coward", "type": "direct_reply"}, {"index": 21, "attribution": -0.0009009267085631385, "content_attribution": 0.0015033446879678528, "stance_attribution": -0.0024042713965309907, "tweet_id": 525249903359197185, "text": "@YungTrillLord @Gingerwombat @PzFeed He changed his name when he converted", "type": "lower_reply"}, {"index": 24, "attribution": -0.0010567653110272138, "content_attribution": 0.005259245901147443, "stance_attribution": -0.006316011212174658, "tweet_id": 525052396062261248, "text": "@PzFeed the type of nigga to put his cat in the microwave", "type": "direct_reply"}, {"index": 14, "attribution": -0.0014242500951307275, "content_attribution": -0.00027150821503642395, "stance_attribution": -0.0011527418800943037, "tweet_id": 525053224076976128, "text": "@PzFeed what a chode", "type": "direct_reply"}, {"index": 23, "attribution": -0.0015206686227433402, "content_attribution": -0.0004549657331266448, "stance_attribution": -0.0010657028896166954, "tweet_id": 525054512730361856, "text": "@PzFeed Bullshit", "type": "direct_reply"}, {"index": 27, "attribution": -0.0018970833633101586, "content_attribution": -0.0016810265007109436, "stance_attribution": -0.0002160568625992152, "tweet_id": 525058960462974976, "text": "@PzFeed Bastard, what a twisted fecker!", "type": "direct_reply"}, {"index": 18, "attribution": -0.0050781951702828, "content_attribution": -5.874635164256624e-05, "stance_attribution": -0.005019448818640233, "tweet_id": 525067834066358272, "text": "@PzFeed is that a musket?", "type": "direct_reply"}, {"index": 12, "attribution": -0.006890116825399349, "content_attribution": -0.00025545365381614364, "stance_attribution": -0.006634663171583205, "tweet_id": 525052832248893441, "text": "@PzFeed. They said he had a shotgun that's no shot gun that looks like a lever action 30-30 to me .", "type": "direct_reply"}, {"index": 13, "attribution": -0.0092891676911153, "content_attribution": -0.00035033283924727754, "stance_attribution": -0.008938834851868024, "tweet_id": 525059486487044096, "text": "@PzFeed is that a musket?", "type": "direct_reply"}, {"index": 11, "attribution": -0.013186191704873297, "content_attribution": 0.0014516540380875732, "stance_attribution": -0.014637845742960866, "tweet_id": 525061235763847168, "text": "@YungTrillLord @PzFeed isn't that his north america name?", "type": "lower_reply"}, {"index": 4, "attribution": -0.027462367430408596, "content_attribution": -0.00019053828588006124, "stance_attribution": -0.02727182914452854, "tweet_id": 525137659933757440, "text": "@YungTrillLord @PzFeed Dumb fuck. The attack was in Canada and he was Canadian. If you follow anything, he went by different names.", "type": "lower_reply"}, {"index": 0, "attribution": -0.09637813598694642, "content_attribution": 0.0666735745471234, "stance_attribution": -0.1630517105340698, "tweet_id": 525052223030845440, "text": "BREAKING NEWS: CBC confirms photo of Michael Zehaf-Bibeau, the gunman in the Ottawa shooting - http://t.co/58IK7FMcA1 http://t.co/HmCjJGCn0F", "type": "source"}]}