{"thread_id": "525003468659228672", "gold_label": 1, "predicted_label": 2, "tweet_attributions": [{"index": 19, "attribution": 2.2303531642486587, "content_attribution": 0.039133141244569354, "stance_attribution": 2.1912200230040892, "tweet_id": 525009250213326848, "text": "@darrellbricker @ArrogantHair Because people like @SeanOsmar love stealing other people's pics to get RTs.", "type": "lower_reply"}, {"index": 17, "attribution": 2.0722919188108, "content_attribution": 0.04505688526795405, "stance_attribution": 2.027235033542846, "tweet_id": 525007688405491712, "text": "@ArrogantHair @SeanOsmar @darrellbricker It's not a hoax, but it also wasn't taken *after* the shooting.", "type": "lower_reply"}, {"index": 4, "attribution": 1.5758979295482938, "content_attribution": 0.03923815011938813, "stance_attribution": 1.5366597794289056, "tweet_id": 525007273832497154, "text": "@SeanOsmar @darrellbricker Not a hoax.  This is before the shooting", "type": "direct_reply"}, {"index": 8, "attribution": 1.296887971046056, "content_attribution": 0.06395728520074109, "stance_attribution": 1.2329306858453148, "tweet_id": 525009872640032768, "text": "@JRMarlow @darrellbricker @SeanOsmar That may be harsh.  He seems to be honouring. Just unaware of source.", "type": "lower_reply"}, {"index": 18, "attribution": 0.15875637204857754, "content_attribution": 0.0412274438929164, "stance_attribution": 0.1175289281556611, "tweet_id": 525010026143162368, "text": "@ArrogantHair @darrellbricker @SeanOsmar Don't steal other people's pictures without attribution. Pretty simple.", "type": "lower_reply"}, {"index": 12, "attribution": 0.05523333053399074, "content_attribution": 0.02896118692087073, "stance_attribution": 0.02627214361312001, "tweet_id": 525009240772317184, "text": "@darrellbricker @JRMarlow @SeanOsmar The soldier on the right is the one who http://t.co/o5JIIE8Vu9 taken by visitor moments before shooting", "type": "lower_reply"}, {"index": 16, "attribution": 0.022861848523301746, "content_attribution": -0.00029155823649731883, "stance_attribution": 0.023153406759799065, "tweet_id": 525009574256848897, "text": "@JillKrop @SeanOsmar wondered as well. I've reached out to someone who would know just to confirm that. Hopefully get response soon.", "type": "lower_reply"}, {"index": 25, "attribution": 0.014047473114976778, "content_attribution": -0.0011339263531321953, "stance_attribution": 0.015181399468108972, "tweet_id": 525009123515965440, "text": "@markmackinnon @smaclellan @SeanOsmar A guy who claims to have taken this (@kamakazi19982) says it was earlier, before the shooting...", "type": "lower_reply"}, {"index": 23, "attribution": 0.010613372621056176, "content_attribution": 0.0006090514302157811, "stance_attribution": 0.010004321190840394, "tweet_id": 525009978047078400, "text": "@JillKrop @SeanOsmar @graciestyle That photo was taken before the attack.", "type": "lower_reply"}, {"index": 3, "attribution": 0.007988643987409713, "content_attribution": -0.00019522531133640727, "stance_attribution": 0.008183869298746121, "tweet_id": 525008700684382208, "text": "@markmackinnon @Frank_McG @SeanOsmar who wants to have a \"go\"???", "type": "lower_reply"}, {"index": 15, "attribution": 0.007971837723471206, "content_attribution": -7.795509182099896e-05, "stance_attribution": 0.008049792815292205, "tweet_id": 525007275308908544, "text": "@SeanOsmar @stephen_taylor So honoured to serve as Honorary Colonel in reserves. Job is to honour citizen soldiers like these brave men.", "type": "direct_reply"}, {"index": 11, "attribution": 0.007465765456268394, "content_attribution": -0.0003868135457456636, "stance_attribution": 0.007852579002014056, "tweet_id": 525009403658129408, "text": "@SeanOsmar @mstoreshaw https://t.co/scTAINYe7Y", "type": "direct_reply"}, {"index": 1, "attribution": 0.00499174332385372, "content_attribution": 0.00023356147190409671, "stance_attribution": 0.004758181851949623, "tweet_id": 525120777251594240, "text": "@TomsMom1997 No apology.  Not the same photo at all.  Good try.", "type": "lower_reply"}, {"index": 7, "attribution": 0.0043698811153171065, "content_attribution": -0.00011645780299335878, "stance_attribution": 0.004486338918310465, "tweet_id": 525008177683636224, "text": "@SeanOsmar @graciestyle this matches the photo tweeted earlier today from a tourist who says it was taken moments before the shooting. 1/2", "type": "direct_reply"}, {"index": 6, "attribution": 0.003563905587061396, "content_attribution": -0.0010556956951849143, "stance_attribution": 0.004619601282246311, "tweet_id": 525007939569221632, "text": "@SeanOsmar This photo was taken this morning, before the shooting.", "type": "direct_reply"}, {"index": 13, "attribution": 0.002624876607777976, "content_attribution": 0.0020000863606281904, "stance_attribution": 0.0006247902471497868, "tweet_id": 525008290863136768, "text": "@SeanOsmar @graciestyle I don't believe there are soldiers guarding this area right now. 2/2", "type": "direct_reply"}, {"index": 20, "attribution": 0.0026103997479557, "content_attribution": -0.00034416182318012265, "stance_attribution": 0.002954561571135823, "tweet_id": 525009203187171329, "text": "@SeanOsmar @mstoreshaw That\u2019s the photo tweeted this morning claiming to be of the soldier who was killed.", "type": "direct_reply"}, {"index": 22, "attribution": -0.000215794775813385, "content_attribution": -0.0001693182043224855, "stance_attribution": -4.647657149089952e-05, "tweet_id": 525006759807967232, "text": "@SeanOsmar @stephen_taylor Apparently a hoax. Best to take Tweet down.", "type": "direct_reply"}, {"index": 2, "attribution": -0.00023739444451989977, "content_attribution": 0.0005978591335516778, "stance_attribution": -0.0008352535780715774, "tweet_id": 525007795712970752, "text": "@markmackinnon @SeanOsmar That's actually a photo taken by a tourist moments before the shooting. See the feed here ==&gt; @kamakazi19982", "type": "lower_reply"}, {"index": 21, "attribution": -0.00048490875372008525, "content_attribution": 0.0013272225479376103, "stance_attribution": -0.0018121313016576954, "tweet_id": 525007927090761728, "text": "@markmackinnon @thehartley @SeanOsmar This appears to be the shot taken before today's shooting. https://t.co/SA6EGkbost", "type": "lower_reply"}, {"index": 24, "attribution": -0.0011301595965381448, "content_attribution": -0.00041512221141968674, "stance_attribution": -0.0007150373851184574, "tweet_id": 525008506832056321, "text": "@markmackinnon @SeanOsmar That picture isn\u2019t current, it\u2019s from earlier/possibly this morning. I\u2019ve no doubt soldiers will be back soon, tho", "type": "lower_reply"}, {"index": 10, "attribution": -0.001606975648800531, "content_attribution": -0.00140755558540552, "stance_attribution": -0.00019942006339501093, "tweet_id": 525012634916368384, "text": "@TomsMom1997 @bfaparsons @SeanOsmar No Jennifer it was not the 19th. It was today. Look harder.", "type": "lower_reply"}, {"index": 14, "attribution": -0.0026291958088787305, "content_attribution": -0.0015609871975767928, "stance_attribution": -0.001068208611301938, "tweet_id": 525008103985926147, "text": "@markmackinnon @SeanOsmar I believe that photo was taken yesterday. It's been RT'd across twitter for at least the last four+ hrs.", "type": "lower_reply"}, {"index": 9, "attribution": -0.012903071845926475, "content_attribution": -0.0007035797141022018, "stance_attribution": -0.012199492131824273, "tweet_id": 525008054266654721, "text": "@joshvisser @markmackinnon @SeanOsmar Thanks.", "type": "lower_reply"}, {"index": 0, "attribution": -0.06808118070059725, "content_attribution": 0.02543244355654859, "stance_attribution": -0.09351362425714584, "tweet_id": 525003468659228672, "text": "These are not timid colours; soldiers back guarding Tomb of Unknown Soldier after today's shooting #StandforCanada http://t.co/7KoW2xATKG", "type": "source"}, {"index": 5, "attribution": -0.42616512868480005, "content_attribution": 0.05927022596268655, "stance_attribution": -0.4854353546474866, "tweet_id": 525008782842396672, "text": "@JRMarlow @ArrogantHair @SeanOsmar Really? Why would somebody post this without saying that?  Twisted.", "type": "lower_reply"}]}