{"thread_id": "525023642007371776", "gold_label": 0, "predicted_label": 0, "tweet_attributions": [{"index": 0, "attribution": 0.1506936263102655, "content_attribution": 0.006325571968824564, "stance_attribution": 0.14436805434144095, "tweet_id": 525023642007371776, "text": "Soldier killed at war memorial identified as Nathan Cirillo #HamOnt #OttawaShooting #cndpoli http://t.co/BjEM0my6iT http://t.co/7BFFBm2afL", "type": "source"}, {"index": 5, "attribution": 0.020997354270838584, "content_attribution": -0.001767358567188312, "stance_attribution": 0.022764712838026897, "tweet_id": 525026292501315584, "text": "@CBCHamilton @CBCTheNational. Bless his family, such a sad day for Canada", "type": "direct_reply"}, {"index": 11, "attribution": 0.014117079054509915, "content_attribution": -0.00013144939987135045, "stance_attribution": 0.014248528454381265, "tweet_id": 525025873167396864, "text": "@CBCHamilton @CBCTheNational Remember... \ud83d\ude47", "type": "direct_reply"}, {"index": 18, "attribution": 0.011545259638331017, "content_attribution": 0.011534745755727516, "stance_attribution": 1.0513882603499752e-05, "tweet_id": 525026784103104514, "text": "@CBCHamilton We will say Kaddish for this hero.  Be strong, neighbours", "type": "direct_reply"}, {"index": 4, "attribution": 0.011478849823408702, "content_attribution": 0.0014933065638785448, "stance_attribution": 0.009985543259530157, "tweet_id": 525027128325439488, "text": "@CBCHamilton RIP Nathan Cirillo #OttawaShooting", "type": "direct_reply"}, {"index": 10, "attribution": 0.011159116178164518, "content_attribution": 0.0018119174716021904, "stance_attribution": 0.009347198706562327, "tweet_id": 525028641030545408, "text": "#AttackInOttawa\nRIP\n@CBCHamilton: Soldier killed at war memorial: Nathan Cirillo\n#Ottawa\nhttp://t.co/gV1TKGwgJa\nhttp://t.co/bCgCnODyU7", "type": "direct_reply"}, {"index": 1, "attribution": 0.009624681738833012, "content_attribution": -0.0007851924399570637, "stance_attribution": 0.010409874178790074, "tweet_id": 525025032377233408, "text": "@CBCHamilton @bruceanderson RIP brother. U did well and died doing what you loved. #OttawaShooting", "type": "direct_reply"}, {"index": 17, "attribution": 0.008172071291610596, "content_attribution": -0.000731658297522925, "stance_attribution": 0.00890372958913352, "tweet_id": 525029091657805824, "text": "@CBCHamilton thoughts and love from Adelaide Australia,#makethempay", "type": "direct_reply"}, {"index": 7, "attribution": 0.007906356229593714, "content_attribution": 0.0005318115351513855, "stance_attribution": 0.00737454469444233, "tweet_id": 525028018017017856, "text": "So young. So sad. MT\u201c@CBCHamilton: Soldier killed at war memorial ID'd as Nathan Cirillo http://t.co/8wIRjaDVsC http://t.co/1gWa95Z1EA\u201d", "type": "direct_reply"}, {"index": 6, "attribution": 0.0004076461420668871, "content_attribution": -0.0009923000750016277, "stance_attribution": 0.0013999462170685133, "tweet_id": 525027135166361600, "text": "@CBCHamilton @CBCTheNational thank you for your ultimate sacrifice", "type": "direct_reply"}, {"index": 15, "attribution": 0.0003228215114160389, "content_attribution": -0.0006097918537673987, "stance_attribution": 0.0009326133651834378, "tweet_id": 525025909397790720, "text": "@CBCHamilton @ladydiquickwit RIP you brave young man! Condolences to his family &amp; friends.", "type": "direct_reply"}, {"index": 19, "attribution": -0.0005459296229239363, "content_attribution": -0.0004710949130374194, "stance_attribution": -7.483470988651759e-05, "tweet_id": 525028262414929920, "text": "@CBCHamilton  So incredibly sad.  He was just a young'un!", "type": "direct_reply"}, {"index": 13, "attribution": -0.0008630679661710371, "content_attribution": -0.0001942204312279321, "stance_attribution": -0.0006688475349431048, "tweet_id": 525026337149710336, "text": "@CBCHamilton God bless Nathan. Canada mourns your loss. #OttawaShooting #cdnpoIi", "type": "direct_reply"}, {"index": 9, "attribution": -0.004878815911207724, "content_attribution": 0.00031523436727934985, "stance_attribution": -0.005194050278487072, "tweet_id": 525026082970664960, "text": "@CBCHamilton #OttawaShooting  rest well Nathan how many more must we loose before someone is done", "type": "direct_reply"}, {"index": 3, "attribution": -0.0073410294106316994, "content_attribution": 0.0007559979022867515, "stance_attribution": -0.008097027312918451, "tweet_id": 525026726515314688, "text": "@CBCHamilton RIP soldier! #prayers", "type": "direct_reply"}, {"index": 12, "attribution": -0.008195661397832312, "content_attribution": 0.000825025737505069, "stance_attribution": -0.00902068713533738, "tweet_id": 525027958780485635, "text": "@CBCHamilton @RosieBarton 24 years isn't long. Every citizen of Canada feels that today. Sincere condolences to Cpl. Cirillo's family/reg't.", "type": "direct_reply"}, {"index": 2, "attribution": -0.009254534977978113, "content_attribution": 0.0013067183784142517, "stance_attribution": -0.010561253356392367, "tweet_id": 525027972630478849, "text": "My heart goes out to his family &amp; country as they try to piece this together.\n@CBCHamilton", "type": "direct_reply"}, {"index": 14, "attribution": -0.013159006038242481, "content_attribution": 0.00011979190093729466, "stance_attribution": -0.013278797939179772, "tweet_id": 525024400655917056, "text": ".@CBCHamilton @RosieBarton Let's remember this face instead of the shooter, when they are identified!", "type": "direct_reply"}, {"index": 16, "attribution": -0.015254660168593696, "content_attribution": 0.0029390027994666574, "stance_attribution": -0.018193662968060357, "tweet_id": 525028718411284481, "text": "@CBCHamilton @beccalacharity canadian hero", "type": "direct_reply"}, {"index": 8, "attribution": -0.028260651593878014, "content_attribution": -0.020346172510046744, "stance_attribution": -0.007914479083831274, "tweet_id": 525024656105811969, "text": "@CBCHamilton Condolences to his loved ones. RIP - We will remember.", "type": "direct_reply"}]}