{"thread_id": "525049639016615937", "gold_label": 0, "predicted_label": 0, "tweet_attributions": [{"index": 0, "attribution": 0.19146824021561476, "content_attribution": -0.008783918294875265, "stance_attribution": 0.20025215851049, "tweet_id": 525049639016615937, "text": "This is the soldier who died today at the #Ottawa War Memorial. His name is Cpl. Nathan Cirillo. #RIP #OttawaStrong http://t.co/vhPBPq5yYk", "type": "source"}, {"index": 2, "attribution": 0.05125397993185453, "content_attribution": -0.009237492675806048, "stance_attribution": 0.060491472607660586, "tweet_id": 525053884029763585, "text": "@MaulerMauler So very sad. Thoughts and prayers for his wife, young son and family that are grieving at this sad, sad time.", "type": "direct_reply"}, {"index": 6, "attribution": 0.03515306985345336, "content_attribution": 0.025583932282419092, "stance_attribution": 0.00956913757103426, "tweet_id": 525052198586040321, "text": "@MaulerMauler If we know the name of the maniac, but not the name of its victim, we are failing... failing... utterly. @JessieFlagg1", "type": "direct_reply"}, {"index": 1, "attribution": 0.026825224148395506, "content_attribution": 0.003043123908632794, "stance_attribution": 0.023782100239762717, "tweet_id": 525063566424936448, "text": "@MaulerMauler @TonyclementCPC @MaulerMauler: #RIP Cpl. Nathan Cirillo.", "type": "direct_reply"}, {"index": 5, "attribution": 0.006980097531206851, "content_attribution": -0.005042225878491365, "stance_attribution": 0.012022323409698214, "tweet_id": 525081032824209408, "text": "@MaulerMauler \nSo sorry for him &amp; his FAMILY.", "type": "direct_reply"}, {"index": 3, "attribution": 0.0015646998016344768, "content_attribution": -0.006656871398496475, "stance_attribution": 0.008221571200130954, "tweet_id": 525061861398806528, "text": "@MaulerMauler \nRIP Brother!!", "type": "direct_reply"}, {"index": 4, "attribution": -0.0005023936289461875, "content_attribution": -0.002992579085539237, "stance_attribution": 0.002490185456593048, "tweet_id": 525063388934967298, "text": "@MaulerMauler @TheRemixLab R.I.P my condolences to his family", "type": "direct_reply"}]}