{"thread_id": "525024518713397249", "gold_label": 0, "predicted_label": 0, "tweet_attributions": [{"index": 0, "attribution": 0.10481269419522073, "content_attribution": -0.020682650159470052, "stance_attribution": 0.12549534435469079, "tweet_id": 525024518713397249, "text": "Twenty-four-year-old Cpl. Nathan Cirillo was shot dead today at the War Memorial in #Ottawa. #cdnpoli #OttawaShooting http://t.co/j42xy9LX5k", "type": "source"}, {"index": 4, "attribution": 0.01931605519115226, "content_attribution": 0.019791169388197406, "stance_attribution": -0.0004751141970451485, "tweet_id": 525056991660474368, "text": "@carastern @hughhewitt Cpl. Cirillo dressed in uniform today willing to surrender his life for others. He has earned the title, \"Hero\". RIP", "type": "direct_reply"}, {"index": 6, "attribution": 0.016344830589244012, "content_attribution": 0.0061643558994028515, "stance_attribution": 0.010180474689841165, "tweet_id": 525057831955734530, "text": "Twenty-four-year-old Cpl. Nathan Cirillo shall not be forgotten @carastern @ABos2112 - support @DefenseUnitsYPJ who fight Cirillo's killers", "type": "direct_reply"}, {"index": 14, "attribution": 0.016142129619231033, "content_attribution": 0.0002526320972746942, "stance_attribution": 0.015889497521956335, "tweet_id": 525040915480846336, "text": "@carastern @Fitzzer777 God bless his family. RIP.", "type": "direct_reply"}, {"index": 10, "attribution": 0.010944824881816115, "content_attribution": 0.005123484463154779, "stance_attribution": 0.005821340418661337, "tweet_id": 525041472064999424, "text": "@carastern @brian_sack #ripcplcirillo", "type": "direct_reply"}, {"index": 2, "attribution": 0.008309279082055258, "content_attribution": 0.003231270118426161, "stance_attribution": 0.005078008963629097, "tweet_id": 525045300801859584, "text": "@carastern @HudBannon what a lovely photograph.\n\nRIP Sir", "type": "direct_reply"}, {"index": 8, "attribution": 0.0067189579353691305, "content_attribution": -0.0006911575080492022, "stance_attribution": 0.007410115443418331, "tweet_id": 525046346420867072, "text": "@carastern", "type": "direct_reply"}, {"index": 11, "attribution": 0.006100717990765822, "content_attribution": 0.00035327671704001506, "stance_attribution": 0.005747441273725807, "tweet_id": 525026966748282880, "text": "Victim of th war n th homeland:MT @carastern 24-yo Cpl Nathan Cirillo was shot dead today @ th War Memorial n Ottawa https://t.co/wZGfxf1uJC", "type": "direct_reply"}, {"index": 17, "attribution": 0.005239812605149952, "content_attribution": 0.005974206216988932, "stance_attribution": -0.0007343936118389795, "tweet_id": 525045823122735104, "text": "@carastern His dog will also miss him very much.", "type": "direct_reply"}, {"index": 3, "attribution": 0.004783900087001754, "content_attribution": 0.001977758682118292, "stance_attribution": 0.00280614140488346, "tweet_id": 525037040187228162, "text": "@carastern Very handsome man...tragic. #savages", "type": "direct_reply"}, {"index": 15, "attribution": 0.0043965115258998225, "content_attribution": -0.0039773967088415066, "stance_attribution": 0.00837390823474133, "tweet_id": 525034146109095936, "text": "@carastern @FoolishReporter Horrible. Unforgivable. Thank you, Soldier, for your service. We apologize for putting PC ahead of your life.", "type": "direct_reply"}, {"index": 19, "attribution": 0.003101796025832144, "content_attribution": 0.0003796415016793643, "stance_attribution": 0.0027221545241527777, "tweet_id": 525025919338295296, "text": "@carastern @MarthaLivingmar  RIP Soldier...", "type": "direct_reply"}, {"index": 12, "attribution": -0.000678159062573817, "content_attribution": 0.0014420324311726844, "stance_attribution": -0.0021201914937465007, "tweet_id": 525033678326341634, "text": "@carastern @instapundit Bastards.", "type": "direct_reply"}, {"index": 7, "attribution": -0.0020888329996436345, "content_attribution": -0.0006511076182102555, "stance_attribution": -0.0014377253814333796, "tweet_id": 525028179694878720, "text": "@carastern RIP. Prayers to the families and Canada.", "type": "direct_reply"}, {"index": 16, "attribution": -0.01005264215532383, "content_attribution": -8.604361034058602e-05, "stance_attribution": -0.009966598544983243, "tweet_id": 525058313986506753, "text": "@carastern @PeddRaam Prayers n Thoughts to his family n friends. RIP", "type": "direct_reply"}, {"index": 18, "attribution": -0.010518312073916762, "content_attribution": -0.0086712850236983, "stance_attribution": -0.0018470270502184624, "tweet_id": 525035477200797697, "text": "@carastern @TzviZucker horrible...tears for his family...", "type": "direct_reply"}, {"index": 9, "attribution": -0.010654502190668425, "content_attribution": -0.0043554906078603255, "stance_attribution": -0.006299011582808099, "tweet_id": 525038392627965952, "text": "@carastern So very sad. Praying for his family &amp; the people of Canada..", "type": "direct_reply"}, {"index": 13, "attribution": -0.013702771800726515, "content_attribution": 0.0013528822324131945, "stance_attribution": -0.015055654033139711, "tweet_id": 525026378328969216, "text": "@carastern At least the dog is ok", "type": "direct_reply"}, {"index": 1, "attribution": -0.02044333757699268, "content_attribution": -0.005322013565490693, "stance_attribution": -0.015121324011501987, "tweet_id": 525038055129092096, "text": "@carastern @Frenkie58 god bless, so, so sad", "type": "direct_reply"}, {"index": 5, "attribution": -0.023976229450031604, "content_attribution": 0.00011689775184206086, "stance_attribution": -0.02409312720187367, "tweet_id": 525038238218457088, "text": "@carastern @hughhewitt May God hold his family close during this time.", "type": "direct_reply"}]}