{"thread_id": "525019752507658240", "gold_label": 0, "predicted_label": 2, "tweet_attributions": [{"index": 4, "attribution": 3.617543781120424, "content_attribution": 0.017386540297099847, "stance_attribution": 3.600157240823324, "tweet_id": 525405160282288130, "text": "@codywohlers @emerhughes4 Try reading my timeline instead of asking me to repeat myself.", "type": "lower_reply"}, {"index": 11, "attribution": 1.964365307157237, "content_attribution": 0.03890697464853812, "stance_attribution": 1.9254583325086985, "tweet_id": 525406690116894720, "text": "@ArmedResearch @emerhughes4 for everyone else who doesn't want to read your whole timeline https://t.co/4TYnHVB8qR", "type": "lower_reply"}, {"index": 9, "attribution": 0.6936794390003242, "content_attribution": 0.027645386810729068, "stance_attribution": 0.6660340521895951, "tweet_id": 525023827513069568, "text": "@ArmedResearch @xSkylaStarx gross answer", "type": "lower_reply"}, {"index": 1, "attribution": 0.2545752670041232, "content_attribution": 0.02139233469590961, "stance_attribution": 0.23318293230821358, "tweet_id": 525066315036237824, "text": "@BellaaFoxx @CindyPom He's already suspended.", "type": "lower_reply"}, {"index": 19, "attribution": 0.20121193077417923, "content_attribution": 0.010107686415779532, "stance_attribution": 0.19110424435839968, "tweet_id": 525020934265393152, "text": "@CindyPom Follow me please. I will DM you.", "type": "lower_reply"}, {"index": 17, "attribution": 0.17891695265471194, "content_attribution": 0.03413904108495447, "stance_attribution": 0.14477791156975747, "tweet_id": 525408911105347584, "text": "@codywohlers @ArmedResearch @emerhughes4 \nhttps://t.co/ckCzlSKMMG", "type": "lower_reply"}, {"index": 10, "attribution": 0.06228777984148727, "content_attribution": 0.006196742412440337, "stance_attribution": 0.05609103742904694, "tweet_id": 525667513724862464, "text": "@ArmedResearch @CindyPom Oh, figures! Thanks:)", "type": "lower_reply"}, {"index": 15, "attribution": 0.032487253525830116, "content_attribution": 0.03174956281159918, "stance_attribution": 0.0007376907142309323, "tweet_id": 525024232095612928, "text": "@olfashdeb @xSkylaStarx It's an old joke. If you don't get it, watch more spy movies.", "type": "lower_reply"}, {"index": 6, "attribution": 0.017025328526648745, "content_attribution": 0.00624713047814992, "stance_attribution": 0.010778198048498824, "tweet_id": 525024672975716352, "text": "@ArmedResearch @xSkylaStarx its just very juvenile of an answer at an inappropriate time. #respect", "type": "lower_reply"}, {"index": 20, "attribution": 0.014029933112087858, "content_attribution": 0.008727141693709133, "stance_attribution": 0.005302791418378729, "tweet_id": 525027654509293568, "text": "@ArmedResearch anyways, thanks for the info.", "type": "lower_reply"}, {"index": 33, "attribution": 0.008705636983823522, "content_attribution": 0.0025461294990258465, "stance_attribution": 0.0061595074847976775, "tweet_id": 525020658972258305, "text": "@ArmedResearch Which accounts?", "type": "direct_reply"}, {"index": 24, "attribution": 0.00821985734249409, "content_attribution": 0.008325514269570514, "stance_attribution": -0.00010565692707642311, "tweet_id": 525020363357683712, "text": "@ArmedResearch Suppose that's real: that guy is carrying a lever action rifle it looks like?", "type": "direct_reply"}, {"index": 16, "attribution": 0.002107596216376881, "content_attribution": 0.0008654684723670856, "stance_attribution": 0.0012421277440097952, "tweet_id": 525020749019770881, "text": "@matthewmreed The glare is right over the trigger guard but the barrel and hammer could be from a lever action.", "type": "lower_reply"}, {"index": 7, "attribution": 0.0007934104221258574, "content_attribution": 0.0022001336903868917, "stance_attribution": -0.0014067232682610346, "tweet_id": 525021185613238272, "text": "@ArmedResearch Done", "type": "lower_reply"}, {"index": 32, "attribution": 0.0007350652034764345, "content_attribution": 0.011069360018147147, "stance_attribution": -0.010334294814670712, "tweet_id": 525035607329099776, "text": "@ArmedResearch @olfashdeb @xSkylaStarx Hi, my name is Jean Bond. I'm french, could you tell me more?? ;))", "type": "lower_reply"}, {"index": 29, "attribution": 0.0005197719160318931, "content_attribution": -0.00016916235352724837, "stance_attribution": 0.0006889342695591415, "tweet_id": 525022674599555072, "text": "@ArmedResearch Hi, can you tell me where  you got the picture?", "type": "direct_reply"}, {"index": 14, "attribution": 7.219314504129675e-05, "content_attribution": -0.0003586190392244372, "stance_attribution": 0.00043081218426573416, "tweet_id": 525022456059547648, "text": "@ArmedResearch What media account did you get this photo from? What is your confirmation that this is the guy? DM me please", "type": "direct_reply"}, {"index": 18, "attribution": -3.7271588677328085e-05, "content_attribution": -9.667450873202012e-05, "stance_attribution": 5.940292005469202e-05, "tweet_id": 525022226668855296, "text": "@ArmedResearch Which accounts?", "type": "direct_reply"}, {"index": 27, "attribution": -0.0001849100729755673, "content_attribution": -5.818365492746302e-05, "stance_attribution": -0.00012672641804810432, "tweet_id": 525021127702106112, "text": "@ArmedResearch Source?", "type": "direct_reply"}, {"index": 13, "attribution": -0.0001886423237697701, "content_attribution": -0.0001886423237697701, "stance_attribution": 0.0, "tweet_id": 525022127255482368, "text": "@ArmedResearch Many here in Ottawa media looking for the source of this photo.", "type": "direct_reply"}, {"index": 2, "attribution": -0.00043003502211051166, "content_attribution": -0.00035741294232839716, "stance_attribution": -7.262207978211461e-05, "tweet_id": 525022123426086912, "text": "@ArmedResearch hi, could you point us to the account? I'm a reporter", "type": "direct_reply"}, {"index": 30, "attribution": -0.0005565406002793374, "content_attribution": -0.00048498335885280015, "stance_attribution": -7.155724142653722e-05, "tweet_id": 525022402217271296, "text": "@ArmedResearch Could you tell us your source please?", "type": "direct_reply"}, {"index": 23, "attribution": -0.004573615887497273, "content_attribution": 0.0009580037992983003, "stance_attribution": -0.005531619686795573, "tweet_id": 525020543603703809, "text": "@ArmedResearch  SOURCE plz :)", "type": "direct_reply"}, {"index": 31, "attribution": -0.005843853701643579, "content_attribution": 0.0026936517702960423, "stance_attribution": -0.008537505471939618, "tweet_id": 525035880055320576, "text": "@robertmamerenes Bonjour. \u00cates-vous un journaliste?", "type": "lower_reply"}, {"index": 5, "attribution": -0.012439077411978014, "content_attribution": 0.000510285395825668, "stance_attribution": -0.012949362807803684, "tweet_id": 525404621280641024, "text": "@xSkylaStarx @ArmedResearch so there's no source?", "type": "lower_reply"}, {"index": 22, "attribution": -0.0149775958071428, "content_attribution": -0.00010263542295491177, "stance_attribution": -0.014874960384187888, "tweet_id": 525020978485940226, "text": "@ArmedResearch hi, where did you source this pic?", "type": "direct_reply"}, {"index": 28, "attribution": -0.01638943589983538, "content_attribution": 0.00400084857703003, "stance_attribution": -0.02039028447686541, "tweet_id": 525022239356645377, "text": "@ArmedResearch yes, for http://t.co/NdW5M3UczA", "type": "lower_reply"}, {"index": 34, "attribution": -0.01825058277400535, "content_attribution": 0.0034961378395371207, "stance_attribution": -0.02174672061354247, "tweet_id": 525021049759752192, "text": "@emerhughes4 Do you work for the media?", "type": "lower_reply"}, {"index": 21, "attribution": -0.01981641361026569, "content_attribution": -0.0014636670213815102, "stance_attribution": -0.018352746588884184, "tweet_id": 525021824263151616, "text": "@ArmedResearch are u full of shit or is this true?", "type": "direct_reply"}, {"index": 12, "attribution": -0.02428232474853557, "content_attribution": 0.0200128141112553, "stance_attribution": -0.044295138859790875, "tweet_id": 525065680849481730, "text": "@ArmedResearch @CindyPom Can you DM me the accounts too? I have some choice words", "type": "lower_reply"}, {"index": 0, "attribution": -0.02489076441604375, "content_attribution": 0.02263099636695717, "stance_attribution": -0.04752176078300092, "tweet_id": 525019752507658240, "text": "#ISIS Media account posts picture claiming to be Michael Zehaf-Bibeau, dead #OttawaShooting suspect. #Canada http://t.co/kWam0E4tyX", "type": "source"}, {"index": 8, "attribution": -0.02759930521638404, "content_attribution": 0.0013710664900246047, "stance_attribution": -0.02897037170640864, "tweet_id": 525020856381362176, "text": "@xSkylaStarx I could tell you but then I'd have to kill you. ;-)", "type": "lower_reply"}, {"index": 26, "attribution": -0.07552200327049584, "content_attribution": -0.0009244521306912385, "stance_attribution": -0.0745975511398046, "tweet_id": 525026201103265792, "text": "@mattenleys @ArmedResearch  just a coincidence. Obviously a white angry racist", "type": "lower_reply"}, {"index": 3, "attribution": -0.1009150724634846, "content_attribution": -0.0015162175133044816, "stance_attribution": -0.09939885495018014, "tweet_id": 525404874796961794, "text": "@emerhughes4 @ArmedResearch ?????? #whatsthesource", "type": "lower_reply"}, {"index": 25, "attribution": -0.20096823114799528, "content_attribution": -0.020965879344678907, "stance_attribution": -0.18000235180331636, "tweet_id": 525023449262333952, "text": "@ArmedResearch \n\nBBC News - Mr Merizier said that the attacker was of \"Arabic appearance\" and had \"long dark hair and a beard\".", "type": "direct_reply"}]}