{"thread_id": "525051210349289472", "gold_label": 2, "predicted_label": 2, "tweet_attributions": [{"index": 68, "attribution": 2.9225256530266037, "content_attribution": 0.009906293650784836, "stance_attribution": 2.912619359375819, "tweet_id": 525070066178879488, "text": "@C_Anderson2142 @MattyBriggs96 @FoxNews Mehdi Hassan Oxford debate on Islam: http://t.co/wdzm7HEelD", "type": "lower_reply"}, {"index": 10, "attribution": 2.5887861399910186, "content_attribution": 0.00278159305087066, "stance_attribution": 2.5860045469401483, "tweet_id": 525069300873588736, "text": "@abdoulieswazzy @MattyBriggs96 @FoxNews that these terrorists are a real threat. They Americans and people of other religions. Accept the", "type": "lower_reply"}, {"index": 41, "attribution": 1.044105094368252, "content_attribution": 0.011128574388854652, "stance_attribution": 1.0329765199793974, "tweet_id": 525071381634252800, "text": "@abdoulieswazzy @MattyBriggs96 @FoxNews no amount of discussions will change the fact that these extremists are killing in the name of Allah", "type": "lower_reply"}, {"index": 50, "attribution": 0.6918823679818744, "content_attribution": -0.003791082091046616, "stance_attribution": 0.695673450072921, "tweet_id": 525058737133072384, "text": "@C_Anderson2142 @FoxNews people shoot each other everyday why bring religion into it do they even know the motive behind it???", "type": "lower_reply"}, {"index": 74, "attribution": 0.6812024128266998, "content_attribution": 0.009432448308109607, "stance_attribution": 0.6717699645185902, "tweet_id": 525057361711759360, "text": "@abdoulieswazzy @FoxNews\rThey aren't saying every killer is a Muslim terrorist. Just that another Muslim terrorist has killed again.", "type": "lower_reply"}, {"index": 49, "attribution": 0.6666376618889102, "content_attribution": 0.007185483796192433, "stance_attribution": 0.6594521780927178, "tweet_id": 525067516771860481, "text": "@MattyBriggs96 @C_Anderson2142 @FoxNews I don't understand", "type": "lower_reply"}, {"index": 18, "attribution": 0.5318061104327284, "content_attribution": 0.0019085728296807404, "stance_attribution": 0.5298975376030476, "tweet_id": 525060714994880512, "text": "@abdoulieswazzy @FoxNews their religion is also their motivator. So their religion plays a part whether you like it or not. Remember 9/11???", "type": "lower_reply"}, {"index": 81, "attribution": 0.37951081614588805, "content_attribution": 0.00027326095841315694, "stance_attribution": 0.37923755518747504, "tweet_id": 525069285656649728, "text": "@nikkeykat @nicpradhan @FoxNews you win I think that's what you want", "type": "lower_reply"}, {"index": 42, "attribution": 0.2521901398740913, "content_attribution": 0.00068725185330546, "stance_attribution": 0.2515028880207858, "tweet_id": 525061711519571969, "text": "@C_Anderson2142 @abdoulieswazzy @FoxNews because their religion usually doesn't tell them to murder people who don't believe", "type": "lower_reply"}, {"index": 45, "attribution": 0.2448676545295469, "content_attribution": 0.08896066805974712, "stance_attribution": 0.15590698646979978, "tweet_id": 525060140995973120, "text": "@abdoulieswazzy @FoxNews funny how it doesn't work the other way nobody mentions religion in crime unless religion is Islam &gt;fear spreading", "type": "lower_reply"}, {"index": 27, "attribution": 0.19389616046714822, "content_attribution": 0.00035103116265188525, "stance_attribution": 0.19354512930449635, "tweet_id": 525070582317326336, "text": "@abdoulieswazzy @nikkeykat @FoxNews please stop threatening, I still love my head \ud83d\ude1dso peace out !!", "type": "lower_reply"}, {"index": 24, "attribution": 0.17157666757430892, "content_attribution": 0.03853618642592817, "stance_attribution": 0.13304048114838074, "tweet_id": 525061606611644418, "text": "@nikkeykat @abdoulieswazzy @FoxNews n stupid that you think they way, can you name one Christian, Jews or Hindu terrorist?stop being blind", "type": "lower_reply"}, {"index": 36, "attribution": 0.16737543392910811, "content_attribution": 0.001714743423070612, "stance_attribution": 0.16566069050603752, "tweet_id": 525069051396370432, "text": "@nicpradhan @abdoulieswazzy @FoxNews i still named more than u so shhh!!", "type": "lower_reply"}, {"index": 22, "attribution": 0.14213797558411417, "content_attribution": -0.0006702108340091229, "stance_attribution": 0.14280818641812326, "tweet_id": 525055319144419328, "text": "@abdoulieswazzy @FoxNews couldn't just be a crazy who happens to claim to be Muslim", "type": "lower_reply"}, {"index": 14, "attribution": 0.11488591755608571, "content_attribution": 6.899029638261062e-05, "stance_attribution": 0.1148169272597031, "tweet_id": 525062339398492160, "text": "@MattyBriggs96 @abdoulieswazzy @FoxNews ya it all depends on which part of the Koran they choose to follow. Beginning is peaceful but", "type": "lower_reply"}, {"index": 61, "attribution": 0.10502872196880715, "content_attribution": 0.0025898436472081656, "stance_attribution": 0.10243887832159898, "tweet_id": 525056911121862656, "text": "@nikkeykat @FoxNews they have an agenda against Islam always have...why are they he only one's reporting it?", "type": "lower_reply"}, {"index": 1, "attribution": 0.09140265614944625, "content_attribution": 0.0016806955128078724, "stance_attribution": 0.08972196063663837, "tweet_id": 525068937969795073, "text": "@abdoulieswazzy @MattyBriggs96 @FoxNews  you can't negate why they do it. terrorists do it for their religion usually. End of story.", "type": "lower_reply"}, {"index": 55, "attribution": 0.047477867366700455, "content_attribution": 0.0028512552570101996, "stance_attribution": 0.04462661210969025, "tweet_id": 525064617337556992, "text": "@nikkeykat @nicpradhan @FoxNews how about that?", "type": "lower_reply"}, {"index": 82, "attribution": 0.04334041499738545, "content_attribution": 0.015967899124643338, "stance_attribution": 0.027372515872742118, "tweet_id": 525061896937156608, "text": "@nicpradhan @abdoulieswazzy @FoxNews the ira ? Do I get a prize ?", "type": "lower_reply"}, {"index": 63, "attribution": 0.041744230520601285, "content_attribution": 0.009120711398771101, "stance_attribution": 0.032623519121830175, "tweet_id": 525085365699624960, "text": "@C_Anderson2142 @abdoulieswazzy @FoxNews truth!", "type": "lower_reply"}, {"index": 17, "attribution": 0.030999574217202078, "content_attribution": 0.0010328137290171412, "stance_attribution": 0.029966760488184935, "tweet_id": 525061582079143937, "text": "@C_Anderson2142 @abdoulieswazzy @FoxNews but they are sick fools and you don't usually see people of other religions killing", "type": "lower_reply"}, {"index": 46, "attribution": 0.02946624009244197, "content_attribution": 0.02728033711815048, "stance_attribution": 0.002185902974291494, "tweet_id": 525066121234616322, "text": "@C_Anderson2142 @MattyBriggs96 @FoxNews what about student who walks into a school with an automatic rifle and starts shooting at his mates?", "type": "lower_reply"}, {"index": 9, "attribution": 0.027812545890855533, "content_attribution": 0.0008225813455651541, "stance_attribution": 0.02698996454529038, "tweet_id": 525064010648256513, "text": "@MattyBriggs96 @C_Anderson2142 @FoxNews can you tell me where it says kill someone who does not believe in Islam?", "type": "lower_reply"}, {"index": 60, "attribution": 0.023603409524699068, "content_attribution": -0.0008475793766748998, "stance_attribution": 0.02445098890137397, "tweet_id": 525065432953536512, "text": "@C_Anderson2142 @MattyBriggs96 @FoxNews what be specific", "type": "lower_reply"}, {"index": 66, "attribution": 0.023412158628179983, "content_attribution": 0.011137279091538013, "stance_attribution": 0.012274879536641975, "tweet_id": 525067075434594304, "text": "@abdoulieswazzy @C_Anderson2142 @FoxNews mentally unstable, mentally ill...those who needed help but weren't helped or never sought help", "type": "lower_reply"}, {"index": 6, "attribution": 0.02262456208632499, "content_attribution": 0.023915790855363606, "stance_attribution": -0.0012912287690386164, "tweet_id": 525062226286489600, "text": "@nikkeykat @FoxNews its crazy and the funny thing is people are starting to realize the role media is playing, trying to make Islam look bad", "type": "lower_reply"}, {"index": 19, "attribution": 0.02180546256031602, "content_attribution": 0.000700616582988998, "stance_attribution": 0.021104845977327022, "tweet_id": 525066890461609984, "text": "@MattyBriggs96 @C_Anderson2142 @FoxNews \"did you see the part \"where they have turned you out\" u defining a whole religion based on 1 verse", "type": "lower_reply"}, {"index": 15, "attribution": 0.019967186101103065, "content_attribution": 0.019268012802248043, "stance_attribution": 0.0006991732988550199, "tweet_id": 525064081037090816, "text": "@abdoulieswazzy @MattyBriggs96 @FoxNews just as guilty as terrorism from extremists. What's your point?", "type": "lower_reply"}, {"index": 35, "attribution": 0.01978418472536369, "content_attribution": 0.00022601619507076342, "stance_attribution": 0.01955816853029293, "tweet_id": 525070845845467136, "text": "@nicpradhan @abdoulieswazzy @FoxNews that is just wrong u should be damned ashamed", "type": "lower_reply"}, {"index": 62, "attribution": 0.01627964804551836, "content_attribution": 0.014323028147295788, "stance_attribution": 0.0019566198982225703, "tweet_id": 525769819875209217, "text": "@iTwerk4Rauhl @C_Anderson2142 @FoxNews they usually leave that part out", "type": "lower_reply"}, {"index": 73, "attribution": 0.015556920691589076, "content_attribution": 0.00030995711589031837, "stance_attribution": 0.015246963575698762, "tweet_id": 525057647746490368, "text": "@abdoulieswazzy @FoxNews no doubt about it and ppl so quick to believe it. Worldwide Muslims would only have to kill 5 ish ppl each 1/2", "type": "lower_reply"}, {"index": 69, "attribution": 0.015049326436321016, "content_attribution": 0.0009007417453669756, "stance_attribution": 0.01414858469095404, "tweet_id": 525065327299010562, "text": "@abdoulieswazzy @C_Anderson2142 @FoxNews that cool? http://t.co/0N5YdON7Z3", "type": "lower_reply"}, {"index": 32, "attribution": 0.013008147790894237, "content_attribution": 0.027679694989953516, "stance_attribution": -0.01467154719905928, "tweet_id": 525059607144964097, "text": "@nikkeykat @FoxNews absolutely you can't blame what one man or a group of fifty does on a billion people that's just hilarious.", "type": "lower_reply"}, {"index": 51, "attribution": 0.012417499598545977, "content_attribution": -0.0003551323587546491, "stance_attribution": 0.012772631957300627, "tweet_id": 525052330346295296, "text": "@FoxNews http://t.co/KvUgAQOz7v", "type": "direct_reply"}, {"index": 2, "attribution": 0.010988429158053682, "content_attribution": -0.00012940756662412024, "stance_attribution": 0.011117836724677803, "tweet_id": 525071154512662528, "text": "@nicpradhan @nikkeykat @FoxNews who cares about u I don't and I don't think anyone does", "type": "lower_reply"}, {"index": 54, "attribution": 0.010944510625224665, "content_attribution": 0.011151997975470625, "stance_attribution": -0.00020748735024595974, "tweet_id": 525063529255407616, "text": "@MattyBriggs96 @C_Anderson2142 @FoxNews what about the guy who loaded a pickup full of c4 explosives and headed for a mosque in the U S?", "type": "lower_reply"}, {"index": 53, "attribution": 0.009622021966763884, "content_attribution": 0.0021746476887581695, "stance_attribution": 0.007447374278005715, "tweet_id": 525065486531575809, "text": "@abdoulieswazzy @nicpradhan @FoxNews big corporations and the rich are riding high on the wave of fear created by the media", "type": "lower_reply"}, {"index": 70, "attribution": 0.008893372431200799, "content_attribution": 0.00017806055646847334, "stance_attribution": 0.008715311874732325, "tweet_id": 525765953335091201, "text": "@C_Anderson2142 @abdoulieswazzy @MattyBriggs96 @FoxNews shut up you ignorant bitch", "type": "lower_reply"}, {"index": 30, "attribution": 0.008761743897175461, "content_attribution": 0.003713766005988712, "stance_attribution": 0.005047977891186751, "tweet_id": 525062435678728192, "text": "@nikkeykat @abdoulieswazzy @FoxNews lol", "type": "lower_reply"}, {"index": 86, "attribution": 0.008505211950338619, "content_attribution": 0.00817543250591331, "stance_attribution": 0.0003297794444253095, "tweet_id": 525063027704754176, "text": "@abdoulieswazzy @FoxNews making us fear our neighbours serves their purpose to take our eyes off the GOP", "type": "lower_reply"}, {"index": 3, "attribution": 0.007844249913793119, "content_attribution": -0.0003900660811375082, "stance_attribution": 0.008234315994930626, "tweet_id": 525068321038008320, "text": "@Doc_68W_ @FoxNews  really!! ....shocking!  actually we all knew that already!", "type": "lower_reply"}, {"index": 71, "attribution": 0.006728908264373502, "content_attribution": 0.00029781415113823586, "stance_attribution": 0.006431094113235265, "tweet_id": 525062573700698112, "text": "@MattyBriggs96 @abdoulieswazzy @FoxNews the end is violent. To deal with these contradictions they are to obey the latter. Which is violent", "type": "lower_reply"}, {"index": 20, "attribution": 0.0064080299848499125, "content_attribution": 0.007101774853334873, "stance_attribution": -0.0006937448684849604, "tweet_id": 525771331145846784, "text": "@abdoulieswazzy @C_Anderson2142 @FoxNews because they're racist ignorant pieces of shit that believe anything thats told to them", "type": "lower_reply"}, {"index": 44, "attribution": 0.005773999293960594, "content_attribution": 0.006240439949549223, "stance_attribution": -0.0004664406555886282, "tweet_id": 525771201755762688, "text": "@abdoulieswazzy @C_Anderson2142 @FoxNews oh and I forgot to mention the mosque that was vandalized today in Alberta.. Should I go on?", "type": "lower_reply"}, {"index": 5, "attribution": 0.005589285643428982, "content_attribution": 0.0003836052778274482, "stance_attribution": 0.005205680365601533, "tweet_id": 525071051190181888, "text": "@nicpradhan @abdoulieswazzy @FoxNews where's the threat huh?", "type": "lower_reply"}, {"index": 11, "attribution": 0.004838320364378899, "content_attribution": 0.002369061259835507, "stance_attribution": 0.002469259104543392, "tweet_id": 525766242595266561, "text": "@C_Anderson2142 @abdoulieswazzy @FoxNews did you know that there were muslims also killed in the twin towers? And that if it were a white", "type": "lower_reply"}, {"index": 85, "attribution": 0.0037906485669200393, "content_attribution": 0.0053407500460025655, "stance_attribution": -0.0015501014790825255, "tweet_id": 525068442043695104, "text": "@nikkeykat @abdoulieswazzy @FoxNews how intelligent of you to copy a Wikipedia,u had to do so much hard work to find one terrorist \ud83d\ude1d\ud83d\ude1d", "type": "lower_reply"}, {"index": 16, "attribution": 0.003585633600260282, "content_attribution": 0.003579743970546633, "stance_attribution": 5.889629713649115e-06, "tweet_id": 525061188288524288, "text": "@abdoulieswazzy @FoxNews I agree. Isis doest rep all of Islam. Only the extreme ones that want every1 dead. Especially Americans.", "type": "lower_reply"}, {"index": 76, "attribution": 0.0030907974775075692, "content_attribution": 0.0014603819490863422, "stance_attribution": 0.0016304155284212274, "tweet_id": 525778214128734209, "text": "@iTwerk4Rauhl @abdoulieswazzy @FoxNews you obviously missed where I said only the radicalized ones are jihadists. I never called all muslims", "type": "lower_reply"}, {"index": 34, "attribution": 0.002650974695238297, "content_attribution": 0.0008847949750769179, "stance_attribution": 0.0017661797201613794, "tweet_id": 525072814710489088, "text": "@abdoulieswazzy @FoxNews btw 9/11 was an inside job. extreme Muslims got inside the US and killed thousands. Yes. Inside job from terrorists", "type": "lower_reply"}, {"index": 4, "attribution": 0.0025592684158528833, "content_attribution": -0.00021190953394876927, "stance_attribution": 0.002771177949801652, "tweet_id": 525051533482659840, "text": "@FoxNews That confirms it, just another case of workplace violence !!!", "type": "direct_reply"}, {"index": 83, "attribution": 0.0019392526868569201, "content_attribution": -6.249761081587366e-05, "stance_attribution": 0.0020017502976727936, "tweet_id": 525061443948118016, "text": "@C_Anderson2142 @abdoulieswazzy @FoxNews ISIS claims they represent true Islam haha technically they hold true to the real Islamic belief", "type": "lower_reply"}, {"index": 57, "attribution": 0.0018554555853391203, "content_attribution": 0.0007015978559981508, "stance_attribution": 0.0011538577293409694, "tweet_id": 525778423588065281, "text": "@iTwerk4Rauhl @abdoulieswazzy @FoxNews terrorists. You just assume that. Isis is killing Muslims in the middle east that support peace.", "type": "lower_reply"}, {"index": 58, "attribution": 0.0018148893968372615, "content_attribution": 0.00014838444059611444, "stance_attribution": 0.0016665049562411469, "tweet_id": 525051515715993600, "text": "@FoxNews A Religion of Peace &amp; Love...\ud83d\udc4e", "type": "direct_reply"}, {"index": 13, "attribution": 0.0015566099579209904, "content_attribution": -0.005963875145790792, "stance_attribution": 0.007520485103711784, "tweet_id": 525059868055834624, "text": "@abdoulieswazzy @FoxNews considering what ISIS has been telling Muslims to do to their home countries, it fits their agenda and terror plans", "type": "lower_reply"}, {"index": 48, "attribution": 0.0012772223611497097, "content_attribution": 0.0003512613740207894, "stance_attribution": 0.0009259609871289202, "tweet_id": 525065646770757632, "text": "@abdoulieswazzy @nicpradhan @FoxNews luckily there's good ppl who still stand together in unity and don't let fear and hate infect", "type": "lower_reply"}, {"index": 38, "attribution": 0.001055192678471826, "content_attribution": 0.0014882664446743564, "stance_attribution": -0.0004330737662025311, "tweet_id": 525065186626244608, "text": "@C_Anderson2142 @FoxNews you are all blinded the media 9/11 was an inside job ask your govt", "type": "lower_reply"}, {"index": 56, "attribution": 0.0006811174636443052, "content_attribution": 3.630697877554302e-05, "stance_attribution": 0.0006448104848687617, "tweet_id": 525051786239807488, "text": "@FoxNews No kidding. All you have to do is think violence....yep, muslim.", "type": "direct_reply"}, {"index": 65, "attribution": 0.0006546503181119032, "content_attribution": 0.0008582320429571057, "stance_attribution": -0.0002035817248452024, "tweet_id": 525069885689577472, "text": "@nikkeykat @abdoulieswazzy @FoxNews wish you didn't have to rely on Wikipedia to talk about Christian terrorism unlike  Islamic  terrorism \ud83d\ude1c", "type": "lower_reply"}, {"index": 84, "attribution": 0.0006435024675416764, "content_attribution": 0.0006616251398884925, "stance_attribution": -1.8122672346816236e-05, "tweet_id": 525071344573370368, "text": "@nikkeykat @nicpradhan @FoxNews I think he knows since he said it lol", "type": "lower_reply"}, {"index": 59, "attribution": 0.0005870414196108741, "content_attribution": 0.0006016804409708048, "stance_attribution": -1.4639021359930794e-05, "tweet_id": 525068706674929664, "text": "@nicpradhan @nikkeykat @FoxNews u guys own Wikipedia", "type": "lower_reply"}, {"index": 25, "attribution": 0.00030698164618968, "content_attribution": 0.0003118942808658338, "stance_attribution": -4.912634676153759e-06, "tweet_id": 525766388150198272, "text": "@C_Anderson2142 @abdoulieswazzy @FoxNews (c) person who committed the crime of 9/11 nobody would be calling all white people terrorists", "type": "lower_reply"}, {"index": 47, "attribution": 0.00025742998084065587, "content_attribution": 0.00039142008673237363, "stance_attribution": -0.00013399010589171769, "tweet_id": 525778602097647616, "text": "@iTwerk4Rauhl @abdoulieswazzy @FoxNews Isis is made up of radicalized Muslims that will kill anyone in their way. Including other Muslims.", "type": "lower_reply"}, {"index": 43, "attribution": 0.00022471290821856824, "content_attribution": 0.000130150945977722, "stance_attribution": 9.456196224084627e-05, "tweet_id": 525070696624685056, "text": "@nicpradhan @abdoulieswazzy @FoxNews I don't think u do wish u just want to blame. Why do they target us ? Cos the west is innocent right", "type": "lower_reply"}, {"index": 37, "attribution": -0.00025803033611015644, "content_attribution": -8.087423130604196e-05, "stance_attribution": -0.00017715610480411443, "tweet_id": 525064430082854913, "text": "@abdoulieswazzy @MattyBriggs96 @FoxNews id be glad to find it for you. But I doubt it would change your mind. So I won't waste my time", "type": "lower_reply"}, {"index": 77, "attribution": -0.00029571981098457914, "content_attribution": -0.000708684914054825, "stance_attribution": 0.00041296510307024597, "tweet_id": 525051723782848512, "text": "@FoxNews was it hard to guess?", "type": "direct_reply"}, {"index": 21, "attribution": -0.00029606669170699094, "content_attribution": 0.00015463271353839873, "stance_attribution": -0.0004506994052453899, "tweet_id": 525062926592659456, "text": "@abdoulieswazzy @FoxNews that Islamist terrorists flew two commercial airlines into our towers and killed 6,000 people. Also hijacked a 3rd", "type": "lower_reply"}, {"index": 12, "attribution": -0.0004925310144124343, "content_attribution": -0.00036739369027455516, "stance_attribution": -0.00012513732413787918, "tweet_id": 525069756442116097, "text": "@abdoulieswazzy @nicpradhan @FoxNews was laziness not lack of knowledge anyway :-)", "type": "lower_reply"}, {"index": 31, "attribution": -0.0005166353619400893, "content_attribution": -4.427137069493966e-05, "stance_attribution": -0.0004723639912451496, "tweet_id": 525069171277955072, "text": "@abdoulieswazzy @MattyBriggs96 @FoxNews me and matt never said that Islamists are the only ones who commit violence. We are just stating", "type": "lower_reply"}, {"index": 64, "attribution": -0.0005490385925169326, "content_attribution": -0.0005490385925169326, "stance_attribution": 0.0, "tweet_id": 525051875767631873, "text": "@FoxNews @mccartin_john suprising??", "type": "direct_reply"}, {"index": 75, "attribution": -0.0007955572912674846, "content_attribution": -0.0005574245868359526, "stance_attribution": -0.00023813270443153215, "tweet_id": 525073524629983233, "text": "@C_Anderson2142 @FoxNews you think Islam is the threat think twice", "type": "lower_reply"}, {"index": 79, "attribution": -0.0026695809680837034, "content_attribution": -0.0004696482953880797, "stance_attribution": -0.002199932672695624, "tweet_id": 525054773356417024, "text": "@FoxNews Now there's a shock.  How many reps WH sending to his funeral?", "type": "direct_reply"}, {"index": 23, "attribution": -0.0031570592661273843, "content_attribution": -0.0012912002646493156, "stance_attribution": -0.0018658590014780682, "tweet_id": 525051479099707392, "text": "@FoxNews #thatsarealshocker", "type": "direct_reply"}, {"index": 52, "attribution": -0.004937190221942991, "content_attribution": -0.00423131768423486, "stance_attribution": -0.0007058725377081332, "tweet_id": 525060746724773889, "text": "@C_Anderson2142 @FoxNews Isis don't represent Islam maybe the united states govt ask @FoxNews", "type": "lower_reply"}, {"index": 26, "attribution": -0.005817690993868537, "content_attribution": 0.00374508363436096, "stance_attribution": -0.0095627746282295, "tweet_id": 525062769574694912, "text": "@nicpradhan @abdoulieswazzy @FoxNews there's more http://t.co/Sz8mJz30en", "type": "lower_reply"}, {"index": 80, "attribution": -0.006590428176600478, "content_attribution": 0.00014457439623049564, "stance_attribution": -0.006735002572830975, "tweet_id": 525062500111646720, "text": "@C_Anderson2142 @FoxNews what do you know about 9/11??? Really", "type": "lower_reply"}, {"index": 87, "attribution": -0.0073203947393934, "content_attribution": 0.0014179085576630913, "stance_attribution": -0.00873830329705649, "tweet_id": 525052710761283584, "text": "FIFY \"@FoxNews: EXPECTED news: #Ottawa shooter was believed to be a #Canadian convert to #Islam, #FoxNews confirms.\u201d", "type": "direct_reply"}, {"index": 72, "attribution": -0.00976359452302361, "content_attribution": 0.008168134208397609, "stance_attribution": -0.017931728731421216, "tweet_id": 525057884418478081, "text": "@abdoulieswazzy @FoxNews for world domination and yet most don't. Religion of peace yes but like all walks has it's crazies", "type": "lower_reply"}, {"index": 39, "attribution": -0.01516291934492308, "content_attribution": 3.941377185959142e-05, "stance_attribution": -0.015202333116782676, "tweet_id": 525053823065141249, "text": "@FoxNews  This is only a surprise if you are a Democrat or a fool", "type": "direct_reply"}, {"index": 29, "attribution": -0.015438277071632409, "content_attribution": -2.987879509100672e-05, "stance_attribution": -0.0154083982765414, "tweet_id": 525069461792231424, "text": "@abdoulieswazzy @MattyBriggs96 @FoxNews reality of it. To clarify I'm talking bout the extreme ones. NOT all Muslims.", "type": "lower_reply"}, {"index": 7, "attribution": -0.016122954782934313, "content_attribution": 0.0032954715797687893, "stance_attribution": -0.019418426362703103, "tweet_id": 525067673122906112, "text": "@abdoulieswazzy @nicpradhan @FoxNews communicate with ppl of different walks of life too", "type": "lower_reply"}, {"index": 28, "attribution": -0.027840384808273763, "content_attribution": -0.0006298686878768382, "stance_attribution": -0.02721051612039692, "tweet_id": 525055055624679425, "text": "@MrWillBill @FoxNews  Because Islam isn't a religion. It's Jim Jones on a global scale!", "type": "lower_reply"}, {"index": 40, "attribution": -0.04438197709777156, "content_attribution": 0.0039961147256478355, "stance_attribution": -0.0483780918234194, "tweet_id": 525067295698477057, "text": "@nikkeykat @nicpradhan @FoxNews start thinking for yourselves don't let the media do it for u", "type": "lower_reply"}, {"index": 8, "attribution": -0.07721135294351698, "content_attribution": -0.00023656885760206612, "stance_attribution": -0.07697478408591492, "tweet_id": 525052004612444160, "text": "@FoxNews So why not just call this a total global religious war. I find it hard to believe that all people of Islam are out to get us.", "type": "direct_reply"}, {"index": 78, "attribution": -0.11981436989008769, "content_attribution": -0.0006749562253333095, "stance_attribution": -0.11913941366475438, "tweet_id": 525058953617879041, "text": "@thepierman @FoxNews yes because that's what they keep telling you wake up", "type": "lower_reply"}, {"index": 33, "attribution": -0.13847104799246762, "content_attribution": 8.459742475856312e-05, "stance_attribution": -0.13855564541722618, "tweet_id": 525054043644002304, "text": "@FoxNews so anyone who shoot and kills or bombs is a Muslim this is too low even for @FoxNews", "type": "direct_reply"}, {"index": 0, "attribution": -0.14903514917360094, "content_attribution": 0.007838729991028508, "stance_attribution": -0.15687387916462947, "tweet_id": 525051210349289472, "text": "Breaking News: U.S. agencies have been advised that #Ottawa shooter was believed to be a #Canadian convert to #Islam, #FoxNews confirms.", "type": "source"}, {"index": 67, "attribution": -0.33795215191452155, "content_attribution": 0.0003248240800097525, "stance_attribution": -0.33827697599453127, "tweet_id": 525057840990674944, "text": "@abdoulieswazzy @FoxNews Maybe not, but becoming a pretty sure bet.", "type": "lower_reply"}]}