{"thread_id": "525025279803424768", "gold_label": 0, "predicted_label": 0, "tweet_attributions": [{"index": 0, "attribution": 0.1817347267376741, "content_attribution": -0.00899164829299852, "stance_attribution": 0.19072637503067263, "tweet_id": 525025279803424768, "text": "The soldier shot dead in Wednesday's Ottawa attacks has been named as Cpl. Nathan Cirillo of #HamOnt #ottawashooting http://t.co/MxLMptnlWw", "type": "source"}, {"index": 6, "attribution": 0.06595446910802012, "content_attribution": 0.003973720573508084, "stance_attribution": 0.06198074853451204, "tweet_id": 525032961310482432, "text": "@Canoe @ottawasuncom he even looks like a boss", "type": "direct_reply"}, {"index": 4, "attribution": 0.012142215827673691, "content_attribution": 0.00021919768530545092, "stance_attribution": 0.011923018142368241, "tweet_id": 525026519790284800, "text": "@Canoe @calgarysun God Bless", "type": "direct_reply"}, {"index": 3, "attribution": 0.003996445186578778, "content_attribution": 0.0051276415745930715, "stance_attribution": -0.0011311963880142953, "tweet_id": 525036532013727744, "text": "@Canoe @ottawasuncom My heart is broken...I am so so sorry..Nathan..God Speed Hero.", "type": "direct_reply"}, {"index": 7, "attribution": 0.0012228989642318177, "content_attribution": -0.005386540652871816, "stance_attribution": 0.006609439617103633, "tweet_id": 525031054537936897, "text": "@Canoe @ottawasuncom Rest in peace. An innocent life taken so tragically. In our hearts and prayers.", "type": "direct_reply"}, {"index": 1, "attribution": -0.0007556233597355617, "content_attribution": -0.002561339208690531, "stance_attribution": 0.0018057158489549704, "tweet_id": 525029987855122432, "text": "@Canoe @ottawasuncom Honour and respect to this Soldier,  this Warrior. ...", "type": "direct_reply"}, {"index": 5, "attribution": -0.0030786322104860136, "content_attribution": -0.0058678427507781305, "stance_attribution": 0.0027892105402921204, "tweet_id": 525026654759182338, "text": "@Canoe @ottawasuncom  that   so sad    pay    go out  his  family", "type": "direct_reply"}, {"index": 2, "attribution": -0.02309814766392959, "content_attribution": -0.005202751152487903, "stance_attribution": -0.01789539651144169, "tweet_id": 525032985738084352, "text": "@Canoe @ottawasuncom  my condolences go out to your family", "type": "direct_reply"}, {"index": 8, "attribution": -0.04610320548549691, "content_attribution": -0.0010985260850376452, "stance_attribution": -0.045004679400459255, "tweet_id": 525030036911689728, "text": "@Canoe @ottawasuncom My heart is broken!  #notinvain", "type": "direct_reply"}]}