{"thread_id": "525044004287971329", "gold_label": 0, "predicted_label": 2, "tweet_attributions": [{"index": 11, "attribution": 0.917892774160741, "content_attribution": 0.021827958999928697, "stance_attribution": 0.8960648151608122, "tweet_id": 525060792191045632, "text": "@cnnbrk @katrinaa_mariee you're RTing Canadian news now.. omg", "type": "direct_reply"}, {"index": 9, "attribution": 0.14943913502900064, "content_attribution": 0.06580072420312515, "stance_attribution": 0.08363841082587545, "tweet_id": 525060910118092801, "text": "@NounouBby @cnnbrk someone else rt'd that and I thought it was funny bc they're v proud of their lack of shootings", "type": "lower_reply"}, {"index": 10, "attribution": 0.03669941066216338, "content_attribution": 0.0006050168281845709, "stance_attribution": 0.036094393833978805, "tweet_id": 525047106445516800, "text": "@cnnbrk Why are you making that son of a bitch a martyr by making him famous for all the wrong reasons?", "type": "direct_reply"}, {"index": 3, "attribution": 0.023691267723534592, "content_attribution": -0.0013387595094678862, "stance_attribution": 0.02503002723300248, "tweet_id": 525044945611005952, "text": "@cnnbrk \"Bibeau was a convert to Islam and had a history of drug use before he converted\".", "type": "direct_reply"}, {"index": 4, "attribution": 0.014910749184805155, "content_attribution": -1.903325247930998e-05, "stance_attribution": 0.014929782437284465, "tweet_id": 525050089182871552, "text": "@cnnbrk Not mentioning the gunman was Islamic is like saying someone died from a virus and not mentioning that it was Ebola", "type": "direct_reply"}, {"index": 8, "attribution": 0.01132635306408004, "content_attribution": -0.000533794962250831, "stance_attribution": 0.011860148026330872, "tweet_id": 525055052583804929, "text": "\u201c@cnnbrk: U.S. officials: Suspected shooter in Ottawa rampage identified as Canadian-born Michael Zehaf-Bibeau. Live blog: http://", "type": "direct_reply"}, {"index": 7, "attribution": 0.009476899636592854, "content_attribution": 0.002346802381396734, "stance_attribution": 0.00713009725519612, "tweet_id": 525047971059367936, "text": "@cnnbrk you see another sand nigger", "type": "direct_reply"}, {"index": 2, "attribution": 0.004815127896008816, "content_attribution": 0.0005703735043122, "stance_attribution": 0.004244754391696616, "tweet_id": 525047414357753856, "text": "@cnnbrk CNN STILL doesnt have the guts to say MUSLIM shooter. Gets some balks CNN reporters.", "type": "direct_reply"}, {"index": 5, "attribution": 0.0037317484296342787, "content_attribution": -0.00019959035674496373, "stance_attribution": 0.0039313387863792425, "tweet_id": 525049299575783425, "text": "@cnnbrk , u forgot to mention\r\rHe was a goat raping Muslim.", "type": "direct_reply"}, {"index": 12, "attribution": 0.003610680639110869, "content_attribution": -0.0010187993089848099, "stance_attribution": 0.00462947994809568, "tweet_id": 525049590706634752, "text": "@cnnbrk You don't think it's relevant to report that the gunman was Islamic?", "type": "direct_reply"}, {"index": 6, "attribution": 0.0018969020369133567, "content_attribution": -0.00488790469762786, "stance_attribution": 0.006784806734541217, "tweet_id": 525184407960031232, "text": "@cnnbrk it's terrorism in Canada but Barrack calls it Work Place Violence when it's 13 Times as bad as Ferguson. CNN still protects Barrack.", "type": "direct_reply"}, {"index": 1, "attribution": 9.58552054330377e-07, "content_attribution": -0.0011784053835732023, "stance_attribution": 0.0011793639356275324, "tweet_id": 525045011080306688, "text": "\u201c@cnnbrk: U.S. officials: Suspected shooter in #Ottawa rampage identified as Canadian-born Michael Zehaf-Bibeau.\u201d #OttawaShooting", "type": "direct_reply"}, {"index": 0, "attribution": -0.815134027629453, "content_attribution": 0.07425068154275005, "stance_attribution": -0.8893847091722031, "tweet_id": 525044004287971329, "text": "U.S. officials: Suspected shooter in Ottawa rampage identified as Canadian-born Michael Zehaf-Bibeau. Live blog: http://t.co/q98AMohu7T", "type": "source"}]}