{"thread_id": "525025695425380352", "gold_label": 0, "predicted_label": 0, "tweet_attributions": [{"index": 0, "attribution": 0.22068515427094376, "content_attribution": -0.015441196671007606, "stance_attribution": 0.2361263509419514, "tweet_id": 525025695425380352, "text": "Hamilton Argylls soldier, Nathan Cirillo, on the right in this picture, dies in Ottawa attack http://t.co/K0j8j0eLiw http://t.co/aKBFslkfAg", "type": "source"}, {"index": 1, "attribution": 0.06694971650838787, "content_attribution": -0.0008968161789314998, "stance_attribution": 0.06784653268731938, "tweet_id": 525170611665252352, "text": "@TheSpec @whippingCP RIP Cpl Cirrilo", "type": "direct_reply"}, {"index": 4, "attribution": 0.06274666746953281, "content_attribution": -0.0027307855245240404, "stance_attribution": 0.06547745299405684, "tweet_id": 525027071417139200, "text": "@TheSpec R I P  Nathan, you will forever be remembered for your service. #blessed", "type": "direct_reply"}, {"index": 2, "attribution": 0.011781363480707694, "content_attribution": 0.00903582986833681, "stance_attribution": 0.002745533612370883, "tweet_id": 525028162070401025, "text": "R.I.P. fellow #Hamilton citizen, Argylls soldier, Nathan Cirillo http://t.co/VguxuwxVkI http://t.co/aJNAyftIfY @TheSpec #HamOnt", "type": "direct_reply"}, {"index": 3, "attribution": -0.007526356193374996, "content_attribution": -0.010384659029018434, "stance_attribution": 0.00285830283564344, "tweet_id": 525099207669989376, "text": "@TheSpec nice tweet", "type": "direct_reply"}]}