{"thread_id": "525068915068923904", "gold_label": 0, "predicted_label": 0, "tweet_attributions": [{"index": 0, "attribution": 0.3606383060563782, "content_attribution": 0.057392072516251114, "stance_attribution": 0.3032462335401271, "tweet_id": 525068915068923904, "text": "***EXCLUSIVE*** Michael Zahaf-Bibeau caught on a #DASHCAM model sold at http://t.co/62s1bT3ecH #OttawaShooting http://t.co/LpnqAKsHZw", "type": "source"}, {"index": 1, "attribution": 0.07972458320249122, "content_attribution": -0.0503019207784804, "stance_attribution": 0.13002650398097162, "tweet_id": 525882599294517248, "text": "@DebeeRapp Thx!", "type": "lower_reply"}, {"index": 2, "attribution": 0.02846639131372508, "content_attribution": 0.008331903374657012, "stance_attribution": 0.020134487939068073, "tweet_id": 525070724403564544, "text": "@AdamGuerbuez lone Wolf", "type": "direct_reply"}, {"index": 3, "attribution": 0.008357376107337097, "content_attribution": -0.01672450241164082, "stance_attribution": 0.025081878518977925, "tweet_id": 525834551239524353, "text": "@AdamGuerbuez followed you because of this", "type": "direct_reply"}]}