{"thread_id": "525028522361114625", "gold_label": 0, "predicted_label": 2, "tweet_attributions": [{"index": 13, "attribution": 2.7867371634440583, "content_attribution": 0.013193364995961231, "stance_attribution": 2.773543798448097, "tweet_id": 525035290868449280, "text": "A free man from a free country MT @CBCNews: Nathan Cirillo, reservist from Hamilton\nhttp://t.co/ZgiaDddrr2 http://t.co/dBQFlfts92", "type": "direct_reply"}, {"index": 6, "attribution": 0.18041495032826577, "content_attribution": 0.042958538207977355, "stance_attribution": 0.13745641212028842, "tweet_id": 525078038699323392, "text": "@GabrielRossman is that line a classical reference?", "type": "lower_reply"}, {"index": 2, "attribution": 0.16703987128750866, "content_attribution": 0.06809641179921974, "stance_attribution": 0.09894345948828892, "tweet_id": 525081668009226241, "text": "@JhnHrmn Nope, just appreciation for a citizen who died wearing the colors of a great country", "type": "lower_reply"}, {"index": 18, "attribution": 0.09499369515088836, "content_attribution": 0.009380830768049794, "stance_attribution": 0.08561286438283854, "tweet_id": 525034802085253120, "text": "@marcellealeid i was watching the news &amp; didnt really get it . i wonder who shot him &amp; why .", "type": "lower_reply"}, {"index": 16, "attribution": 0.07651557849142859, "content_attribution": 0.038427467195811575, "stance_attribution": 0.038088111295617025, "tweet_id": 525030347978047488, "text": "\u201c@CBCNews: Ottawa shooting: Nathan Cirillo, reservist from Hamilton, killed in attack\nhttp://t.co/iPtISQdOxe http://t.co/vCllFzxp0y\u201d RIP", "type": "direct_reply"}, {"index": 15, "attribution": 0.042200810875463034, "content_attribution": 0.01976707382160494, "stance_attribution": 0.022433737053858083, "tweet_id": 525036828077072386, "text": "@someoneinalain it was two guys one was shot and the other ran away, they didn't unveil their identity yet!", "type": "lower_reply"}, {"index": 11, "attribution": 0.004353640050650369, "content_attribution": -5.7725902478378684e-05, "stance_attribution": 0.004411365953128747, "tweet_id": 525029567384129536, "text": "\u201c@CBCNews: Ottawa shooting: Nathan Cirillo, reservist from Hamilton, killed in attack\nhttp://t.co/q6zfvKqRKw http://t.co/69QwHL1wdC\u201dSo Sad!!", "type": "direct_reply"}, {"index": 5, "attribution": 0.002418798389011861, "content_attribution": 0.00012747627081205945, "stance_attribution": 0.0022913221181998017, "tweet_id": 525032813763244032, "text": "RIP :( \u201c@CBCNews: Ottawa shooting: Nathan Cirillo, reservist from Hamilton, killed in attack\nhttp://t.co/pKGEVgx5CW http://t.co/YNMW9bg86x\u201d", "type": "direct_reply"}, {"index": 12, "attribution": 0.0023367304915712294, "content_attribution": 8.3568359759168e-05, "stance_attribution": 0.0022531621318120617, "tweet_id": 525037701905805312, "text": "@CBCNews @LibertyBelleCJL What a shame. A very handsome young man. May he rest in peace. \ud83d\ude4f", "type": "direct_reply"}, {"index": 4, "attribution": 0.0014780794838182235, "content_attribution": -0.0011475271873692973, "stance_attribution": 0.002625606671187521, "tweet_id": 525036692991119362, "text": "@CBCNews @AngryCBrown Respect.....", "type": "direct_reply"}, {"index": 10, "attribution": 0.001052359141942745, "content_attribution": -0.0007697572682354521, "stance_attribution": 0.0018221164101781975, "tweet_id": 525033579555069952, "text": "@CBCNews RIP, condolences to his family at this time.", "type": "direct_reply"}, {"index": 17, "attribution": 0.0004956645413360727, "content_attribution": 0.00021561316807451546, "stance_attribution": 0.0002800513732615573, "tweet_id": 525032238501855234, "text": "@CBCNews I'm a bit disappointed that the media reported without respect for the family to be contacted 1st. Just to get hits on websites?", "type": "direct_reply"}, {"index": 1, "attribution": -0.00040796911462899954, "content_attribution": -2.5507674992828922e-05, "stance_attribution": -0.0003824614396361705, "tweet_id": 525102063584546816, "text": "\u201c@CBCNews: Ottawa shooting: Nathan Cirillo, reservist from Hamilton, killed in attack\nhttp://t.co/dK4UaW2K7Y http://t.co/ZDJQSqugQf\u201d", "type": "direct_reply"}, {"index": 8, "attribution": -0.0004972269788744871, "content_attribution": -1.4460209583945312e-05, "stance_attribution": -0.0004827667692905418, "tweet_id": 525038565542346754, "text": "\u201c@CBCNews: Ottawa shooting: Nathan Cirillo, reservist from Hamilton, killed in attack\nhttp://t.co/5xHcCIP9K2 http://t.co/F3PSTOnd10\u201d", "type": "direct_reply"}, {"index": 9, "attribution": -0.000685226053534962, "content_attribution": -0.0020212769845953417, "stance_attribution": 0.0013360509310603804, "tweet_id": 525030342067888129, "text": "@CBCNews @VitoBagofDonuts Sad, sad, sad.  RIP", "type": "direct_reply"}, {"index": 7, "attribution": -0.009493152016792985, "content_attribution": -0.0011113295063679594, "stance_attribution": -0.008381822510425026, "tweet_id": 525030005211140096, "text": "@CBCNews Rest in peace, Cpl. Cirillo...thank you for your service. #OttawaShooting", "type": "direct_reply"}, {"index": 14, "attribution": -0.09011165629000648, "content_attribution": 0.0005243945728296705, "stance_attribution": -0.09063605086283615, "tweet_id": 525099716162629634, "text": "@MarketingRxCa @CBCNews R.I.P &lt;3", "type": "lower_reply"}, {"index": 3, "attribution": -0.2835169309494565, "content_attribution": 0.0026440937616683405, "stance_attribution": -0.2861610247111248, "tweet_id": 525031338009587712, "text": "Awful...\u201c@CBCNews: Ottawa shooting: Nathan Cirillo, reservist from Hamilton, killed in attack\nhttp://t.co/vBshT0vA0d http://t.co/Ew0wFghqJz\u201d", "type": "direct_reply"}, {"index": 0, "attribution": -0.45176777295077375, "content_attribution": 0.05882611212878494, "stance_attribution": -0.5105938850795586, "tweet_id": 525028522361114625, "text": "Ottawa shooting: Nathan Cirillo, reservist from Hamilton, killed in attack\nhttp://t.co/cUzepktlxx http://t.co/hqR6R0q9jl", "type": "source"}]}