{"thread_id": "525039876366798849", "gold_label": 0, "predicted_label": 0, "tweet_attributions": [{"index": 0, "attribution": 0.19432750450314937, "content_attribution": 0.010849406640459268, "stance_attribution": 0.1834780978626901, "tweet_id": 525039876366798849, "text": "Let #NathanCirillo be remembered like this.The part time soldier doing his job &amp; bringing a little happiness #Ottawa http://t.co/GPCfrq1uI3", "type": "source"}, {"index": 7, "attribution": 0.05922628209041243, "content_attribution": -0.0034608182629611664, "stance_attribution": 0.06268710035337362, "tweet_id": 525045570033831936, "text": "@mattwecho @Hells4Heroes RIP Nathan .. God Bless you and Gods Speed ... YOU WILL NEVER BE FORGOTTEN @CanadaNATO @CanadaArmyRun @CanadianArmy", "type": "direct_reply"}, {"index": 2, "attribution": 0.009313345825627737, "content_attribution": 0.008085153119185822, "stance_attribution": 0.001228192706441917, "tweet_id": 525047618523508736, "text": "@mattwecho @Bgbboy God Bless. DM and Penfold support our allies' servicemen. Hunt down the dogs who helped that beast plan the attack", "type": "direct_reply"}, {"index": 3, "attribution": 0.0016947784635850558, "content_attribution": 0.006523225554025198, "stance_attribution": -0.004828447090440142, "tweet_id": 525057647897489408, "text": "what a truly wonderful picture. it\u2019s front-page-worthy @mattwecho @WiseRiseInfo", "type": "direct_reply"}, {"index": 4, "attribution": 0.00042144457350248464, "content_attribution": -0.00806167015229431, "stance_attribution": 0.00848311472579679, "tweet_id": 525042199550230530, "text": "@mattwecho that's the way to remember a fallen.", "type": "direct_reply"}, {"index": 6, "attribution": -0.0017193874101103768, "content_attribution": -0.000675068615418688, "stance_attribution": -0.0010443187946916886, "tweet_id": 525046391723130880, "text": "@mattwecho @Steven_Swenson http://t.co/0Awlz0V2f9", "type": "direct_reply"}, {"index": 1, "attribution": -0.014287789112766729, "content_attribution": -0.008106883377960908, "stance_attribution": -0.006180905734805819, "tweet_id": 525066039659618304, "text": "@mattwecho @WiseRiseInfo RIP Nathan, condolences to your\nFamily.", "type": "direct_reply"}, {"index": 5, "attribution": -0.019480997637022365, "content_attribution": -0.0057376740287855155, "stance_attribution": -0.013743323608236848, "tweet_id": 525166889103015936, "text": "@mattwecho @Colettestweeter What a sweetheart and very sexy in that kilt! RIP, thoughts are with the family and friends of this man.", "type": "direct_reply"}]}