{"thread_id": "525039002307424256", "gold_label": 0, "predicted_label": 2, "tweet_attributions": [{"index": 15, "attribution": 0.5250493092340666, "content_attribution": 0.010711617804183756, "stance_attribution": 0.5143376914298827, "tweet_id": 525050796262830080, "text": "@ctvottawa @sparrow42 sad :-(", "type": "direct_reply"}, {"index": 5, "attribution": 0.49973306099443826, "content_attribution": 0.011500249267023022, "stance_attribution": 0.48823281172741523, "tweet_id": 525042487023640576, "text": "\u201c@ctvottawa: Soldier killed in Ottawa identified as Cpl. Nathan Cirillo \nhttp://t.co/5cbuZ6qSei http://t.co/FOMNw2AVCC\u201d RIP #StaySafeOttawa", "type": "direct_reply"}, {"index": 13, "attribution": 0.07541170932104824, "content_attribution": 0.00391390163011958, "stance_attribution": 0.07149780769092864, "tweet_id": 525046150412648448, "text": "@ctvottawa @Juliet777777 Very sad, the picture alone says a thousands words about this guy. May he be wrapped in the arm's of god.", "type": "direct_reply"}, {"index": 12, "attribution": 0.07280162802646756, "content_attribution": -0.004820667666884167, "stance_attribution": 0.07762229569335172, "tweet_id": 525044432870309888, "text": "@ctvottawa @jaimelmcintyre How is anyone going to explain this to his dog? \ud83d\ude25", "type": "direct_reply"}, {"index": 1, "attribution": 0.06171430971049045, "content_attribution": 0.05031260394179846, "stance_attribution": 0.01140170576869199, "tweet_id": 525052604271718400, "text": "@TEL1967 @Juliet777777 @ctvottawa  Yeah ditto. May the perpetrators NEVER BE !!", "type": "lower_reply"}, {"index": 16, "attribution": 0.04065725375350348, "content_attribution": 0.0022819530336046553, "stance_attribution": 0.03837530071989882, "tweet_id": 525046938945613824, "text": "@kbells1989 PLUS + @ctvottawa: Soldier killed in Ottawa identified as Cpl. Nathan Cirillo http://t.co/TBMBLktwNJ \u2026 \u201d RIP #StaySafeOttawa", "type": "lower_reply"}, {"index": 3, "attribution": 0.02215067000076315, "content_attribution": 0.0001976422915790014, "stance_attribution": 0.021953027709184145, "tweet_id": 525039490721918976, "text": "Heartbreaking. \u201c@ctvottawa: Soldier killed in Ottawa identified as Cpl. Nathan Cirillo \nhttp://t.co/zEfI4IduPG http://t.co/S9RYdM04br\u201d", "type": "direct_reply"}, {"index": 10, "attribution": 0.018535125127589928, "content_attribution": -0.00025812312589788795, "stance_attribution": 0.018793248253487816, "tweet_id": 525048409766789121, "text": "@ctvottawa @Meika_Mashack prayers for his family ;(", "type": "direct_reply"}, {"index": 9, "attribution": 0.01744927415534649, "content_attribution": 0.0034210157854377516, "stance_attribution": 0.014028258369908736, "tweet_id": 525043062771552258, "text": "@ctvottawa poor lil guy :(", "type": "lower_reply"}, {"index": 7, "attribution": 0.01549368702720178, "content_attribution": 0.007088222086901121, "stance_attribution": 0.008405464940300658, "tweet_id": 525044614475284480, "text": "@KFB9999 awwww I know. Very sad", "type": "lower_reply"}, {"index": 17, "attribution": 0.01040528284054074, "content_attribution": -0.0005252502953469902, "stance_attribution": 0.01093053313588773, "tweet_id": 525041034590699520, "text": "@ctvottawa @ElkeHassell so many innocent senseless deaths...rest in peace your family is in our prayers.", "type": "direct_reply"}, {"index": 4, "attribution": 0.0031621553847174947, "content_attribution": -0.0016910605449227708, "stance_attribution": 0.004853215929640265, "tweet_id": 525041862705684480, "text": "Hard to look at this &amp; not feel heart hurt. \n\nRT @ctvottawa Cpl. Nathan Cirillo \nhttp://t.co/MavpyJh1hs http://t.co/3AHQt4rjD6", "type": "direct_reply"}, {"index": 8, "attribution": 0.002930562681289539, "content_attribution": -0.0002550941198385829, "stance_attribution": 0.0031856568011281224, "tweet_id": 525046662113153025, "text": "@ctvottawa so sad my thoughts are with his family", "type": "direct_reply"}, {"index": 2, "attribution": 0.0025866661576935193, "content_attribution": 0.07284825272330883, "stance_attribution": -0.07026158656561532, "tweet_id": 525052426723016705, "text": "@NancyJohnson45 yes, so sad :( @ctvottawa", "type": "lower_reply"}, {"index": 19, "attribution": 0.0010981213805992419, "content_attribution": -0.0015654157189026986, "stance_attribution": 0.0026635370995019407, "tweet_id": 525046883023343616, "text": "@ctvottawa R.I.P Nathan", "type": "direct_reply"}, {"index": 14, "attribution": -2.934937139230525e-05, "content_attribution": 8.866203782656085e-05, "stance_attribution": -0.00011801140921886617, "tweet_id": 525039376183885824, "text": "\u201c@ctvottawa: Soldier killed in Ottawa identified as Cpl. Nathan Cirillo \nhttp://t.co/IsfuR9sOB9 http://t.co/qC02CGuEKu\u201d", "type": "direct_reply"}, {"index": 11, "attribution": -0.00036782204988377703, "content_attribution": -5.223554713425215e-06, "stance_attribution": -0.00036259849517035177, "tweet_id": 525046666488197120, "text": "\u201c@ctvottawa: Soldier killed in Ottawa identified as Cpl. Nathan Cirillo \nhttp://t.co/jTn5dyMrnC http://t.co/Jtatl86brh\u201dRIP\ud83c\udf41\u2764\ufe0f", "type": "direct_reply"}, {"index": 18, "attribution": -0.00037753588531370334, "content_attribution": -6.263674673846638e-05, "stance_attribution": -0.000314899138575237, "tweet_id": 525046460208132096, "text": "\u201c@ctvottawa: Soldier killed in Ottawa identified as Cpl. Nathan Cirillo \nhttp://t.co/voHHfZdFzz http://t.co/Cwl080tCiw\u201d :(", "type": "direct_reply"}, {"index": 6, "attribution": -0.022194855930178885, "content_attribution": 0.004981031821605189, "stance_attribution": -0.027175887751784072, "tweet_id": 525042945968582658, "text": "@ctvottawa he's 34?", "type": "direct_reply"}, {"index": 0, "attribution": -0.6285447125155134, "content_attribution": 0.05014026349101331, "stance_attribution": -0.6786849760065268, "tweet_id": 525039002307424256, "text": "Soldier killed in Ottawa identified as Cpl. Nathan Cirillo \nhttp://t.co/AOT1ZKyAei http://t.co/n9NyPIQ5be", "type": "source"}]}