{"thread_id": "525021083892994049", "gold_label": 0, "predicted_label": 0, "tweet_attributions": [{"index": 0, "attribution": 0.15072953571256278, "content_attribution": -0.011851510064717363, "stance_attribution": 0.16258104577728016, "tweet_id": 525021083892994049, "text": "Rest in peace Cpl. Nathan Cirillo via @globeandmail #ottawashooting http://t.co/voEK2MZpfR http://t.co/sMpeSGv4HY", "type": "source"}, {"index": 3, "attribution": 0.052453199164318925, "content_attribution": -0.0009561845769461752, "stance_attribution": 0.053409383741265096, "tweet_id": 525050959018606592, "text": "@samar_ismail @key2med @globeandmail Rest in peace. What a waste of a young life.", "type": "direct_reply"}, {"index": 5, "attribution": 0.017875666290922722, "content_attribution": -0.0013127440511579212, "stance_attribution": 0.01918841034208064, "tweet_id": 525035555206475776, "text": "@samar_ismail @chastime @globeandmail \u0413\u0435\u0440\u043e\u0457 \u043d\u0435 \u0432\u043c\u0438\u0440\u0430\u044e\u0442\u044c!", "type": "direct_reply"}, {"index": 1, "attribution": 0.01630951313504478, "content_attribution": 0.011817732398405103, "stance_attribution": 0.004491780736639675, "tweet_id": 525027107156787200, "text": "@samar_ismail I know it shouldn't matter, but it makes me extra sad that he's pictured cuddling a puppy.", "type": "direct_reply"}, {"index": 2, "attribution": 0.006960541892489732, "content_attribution": -0.0054312703694580884, "stance_attribution": 0.01239181226194782, "tweet_id": 525033162347651072, "text": "@samar_ismail @globeandmail This just pisses me off. Being shot was too good for that terrorist.", "type": "direct_reply"}, {"index": 4, "attribution": -0.023725976016374994, "content_attribution": -0.004907942328814325, "stance_attribution": -0.018818033687560666, "tweet_id": 525049713419358208, "text": "@samar_ismail @globeandmail may he rest in peace so sad", "type": "direct_reply"}, {"index": 6, "attribution": -0.02634436497053431, "content_attribution": 0.0010113637856527, "stance_attribution": -0.02735572875618701, "tweet_id": 525112910872195073, "text": "@samar_ismail @globeandmail @HandsofFateFilm @IpsamuneStudios @yvodh @MirandaSajdak @SmallTownGirlPR @MaikBurghardt happy Day", "type": "direct_reply"}]}