{"thread_id": "525030416261337089", "gold_label": 0, "predicted_label": 0, "tweet_attributions": [{"index": 0, "attribution": 0.2866256719102719, "content_attribution": 0.04103943261755229, "stance_attribution": 0.24558623929271958, "tweet_id": 525030416261337089, "text": "RIP Cpl. Nathan Cirillo identified as Canadian soldier killed in #ottawashooting #Canada http://t.co/TijUfih7r1", "type": "source"}, {"index": 2, "attribution": 0.04356917238186533, "content_attribution": -0.0010110910168291782, "stance_attribution": 0.0445802633986945, "tweet_id": 525035322275823618, "text": "@doglab Thoughts for his family and his dog.", "type": "direct_reply"}, {"index": 1, "attribution": 0.03388898255802928, "content_attribution": -0.002656161462623815, "stance_attribution": 0.03654514402065309, "tweet_id": 525046682057068544, "text": "@doglab May he RIP as a national hero.", "type": "direct_reply"}]}