{"thread_id": "525021132022628353", "gold_label": 0, "predicted_label": 0, "tweet_attributions": [{"index": 0, "attribution": 0.1962530795442902, "content_attribution": 6.754211376728755e-05, "stance_attribution": 0.1961855374305229, "tweet_id": 525021132022628353, "text": "The important name right now is Cpl. Nathan Cirillo. #ottawa", "type": "source"}, {"index": 2, "attribution": 0.1412009229389924, "content_attribution": 0.0017896683803050933, "stance_attribution": 0.1394112545586873, "tweet_id": 525060283057078272, "text": "Yes. Let our thoughts be with his friends and family. RT @zchamu: The important name right now is Cpl. Nathan Cirillo. #OttawaShooting", "type": "direct_reply"}, {"index": 3, "attribution": 0.01891258531334536, "content_attribution": 0.002515420816213386, "stance_attribution": 0.016397164497131973, "tweet_id": 525025399211048960, "text": "\u201c@zchamu: The important name right now is Cpl. Nathan Cirillo. #ottawa\u201d", "type": "direct_reply"}, {"index": 1, "attribution": 0.01772504160864198, "content_attribution": -0.0026161650447324852, "stance_attribution": 0.02034120665337446, "tweet_id": 525023101772247041, "text": "\"@zchamu: The important name right now is Cpl. Nathan Cirillo. #ottawa\"  #OttawaTerrorAttack", "type": "direct_reply"}]}