{"thread_id": "525028734991343617", "gold_label": 0, "predicted_label": 2, "tweet_attributions": [{"index": 5, "attribution": 1.0962622168165015, "content_attribution": 0.013400806120587656, "stance_attribution": 1.0828614106959138, "tweet_id": 525030173914431488, "text": "@CP24 USA come before canadian media", "type": "direct_reply"}, {"index": 2, "attribution": 0.05341142602119579, "content_attribution": 0.0008710528864148903, "stance_attribution": 0.052540373134780896, "tweet_id": 525030166687670272, "text": "@CP24 I think that soldiers should be armed and wear protective vests when they are on guard any where.", "type": "direct_reply"}, {"index": 3, "attribution": 0.030304291513194005, "content_attribution": 4.828592303780555e-06, "stance_attribution": 0.030299462920890217, "tweet_id": 525032614697385984, "text": "@CP24 \nOK now let's swoop in on all who knew him!", "type": "direct_reply"}, {"index": 4, "attribution": 0.01492080040899851, "content_attribution": 0.0013457494296966058, "stance_attribution": 0.013575050979301905, "tweet_id": 525036486337757185, "text": "@CP24 That name should not be mentioned again.", "type": "direct_reply"}, {"index": 1, "attribution": -0.032952767893691594, "content_attribution": 0.06192006582467332, "stance_attribution": -0.09487283371836493, "tweet_id": 525034956691869696, "text": "@inky_mark @CP24 as part of a co-op criminal investigation one would http://t.co/oEZ9w7goVi doesn't need facts to write stories it appears.", "type": "lower_reply"}, {"index": 0, "attribution": -0.7938214858973611, "content_attribution": 0.045418776026023, "stance_attribution": -0.8392402619233841, "tweet_id": 525028734991343617, "text": "CTV News confirms that Canadian authorities have provided US authorities with the name Michael Zehaf-Bibeau in connection to Ottawa shooting", "type": "source"}]}