{"thread_id": "525025552634494976", "gold_label": 0, "predicted_label": 0, "tweet_attributions": [{"index": 0, "attribution": 0.26449435019156575, "content_attribution": 0.11503597470406791, "stance_attribution": 0.14945837548749785, "tweet_id": 525025552634494976, "text": "Sergeant-at-arms Kevin Vickers who reportedly shot suspect hailed as hero http://t.co/CmAVz7UYMN #ottawashooting http://t.co/GNJAq4fWTN", "type": "source"}, {"index": 3, "attribution": 0.04434810687819935, "content_attribution": 0.002846810455909801, "stance_attribution": 0.04150129642228956, "tweet_id": 525025749192159232, "text": "@globeandmail way to go your a hero -", "type": "direct_reply"}, {"index": 8, "attribution": 0.02879064277002416, "content_attribution": -0.0005847831011374855, "stance_attribution": 0.029375425871161646, "tweet_id": 525033241057972224, "text": "@globeandmail He is a hero! God Bless him!", "type": "direct_reply"}, {"index": 6, "attribution": 0.020750183857022694, "content_attribution": 0.0001223740340726126, "stance_attribution": 0.02062780982295008, "tweet_id": 525027686654410752, "text": "@globeandmail //shooter is part of the problem..canadian parliament security is a joke&amp;problem", "type": "direct_reply"}, {"index": 5, "attribution": 0.008532612503377557, "content_attribution": 0.0031579377311900044, "stance_attribution": 0.005374674772187551, "tweet_id": 525030763402518528, "text": "@globeandmail i am a former 'Sergeant at Arms' and may i hv this tweet to say: well done, comrade Vickers well done! dd #OttawaShooting #LLA", "type": "direct_reply"}, {"index": 4, "attribution": 0.003125805584592018, "content_attribution": -0.009568156207957059, "stance_attribution": 0.012693961792549079, "tweet_id": 525033162045673472, "text": "@globeandmail @DAVIDMDRAIMAN He speaks softly and carries a big stick.", "type": "direct_reply"}, {"index": 7, "attribution": 0.0026245503637233273, "content_attribution": 0.0023787016306269747, "stance_attribution": 0.00024584873309635175, "tweet_id": 525067296084336641, "text": "@globeandmail ....One Of a The Good Guys !!", "type": "direct_reply"}, {"index": 1, "attribution": -0.0007956840592270309, "content_attribution": -0.001206532072343996, "stance_attribution": 0.0004108480131169638, "tweet_id": 525029675652116481, "text": "@globeandmail He is a hero. Wish he was at Jenpeg Dam where the R.C.M.P. are brutalizing First Nations women and men. Guns and violence.", "type": "direct_reply"}, {"index": 2, "attribution": -0.004159432663097366, "content_attribution": -8.976264950760608e-05, "stance_attribution": -0.004069670013589763, "tweet_id": 525054960774680577, "text": "@globeandmail @HoganGXRadio", "type": "direct_reply"}, {"index": 9, "attribution": -0.005377779562944465, "content_attribution": 0.0025940887691806034, "stance_attribution": -0.00797186833212507, "tweet_id": 525026092822720512, "text": "@globeandmail rightfully so! Mr. Vickers is a true hero &amp; should be praised as such for stopping that coward #OttawaShooting #OttawaAttentat", "type": "direct_reply"}]}