{"thread_id": "525036214286815232", "gold_label": 0, "predicted_label": 2, "tweet_attributions": [{"index": 13, "attribution": 2.9621411014566483, "content_attribution": -0.012566697303137614, "stance_attribution": 2.974707798759786, "tweet_id": 525040481584291840, "text": "@HonJohnBaird    Why?  ICIS..   Let . stop the oh I am sad this happen...89 KNOWN ICIS fighters  back in Canada. WHAT IN HELL is wrong HERE?", "type": "direct_reply"}, {"index": 7, "attribution": 0.9866625545107108, "content_attribution": 0.03193853746598594, "stance_attribution": 0.9547240170447246, "tweet_id": 525041372722921472, "text": "@HonJohnBaird  Our soldiers are the cowards targets here. Why do you politicians ALL act like cowards and do nothing. \nFor God sake wake up", "type": "lower_reply"}, {"index": 19, "attribution": 0.15886211052791466, "content_attribution": 0.0644390487937045, "stance_attribution": 0.09442306173421017, "tweet_id": 525042137810108416, "text": "@HonJohnBaird   Dam it these are CANADIANS soldiers.  Gagetown NB next?  Think for Gods sake think its in OUR backyard NOW! Reporters ASK???", "type": "lower_reply"}, {"index": 2, "attribution": 0.0830108797579736, "content_attribution": 0.02112292139743725, "stance_attribution": 0.06188795836053636, "tweet_id": 525038397497561088, "text": "@HonJohnBaird @CBCNews \nGive him a State Funeral so we can show the World the True North Strong and Free!\nIf not the next best thing please!", "type": "direct_reply"}, {"index": 1, "attribution": 0.017847644494121215, "content_attribution": -0.0006466777700525109, "stance_attribution": 0.01849432226417373, "tweet_id": 525042182194208769, "text": "@HonJohnBaird @CBCNews Rest in peace Cpl Cirillo.  Proud of @CanadianForces Two tragic deaths this week. Thoughts and prayers with families.", "type": "direct_reply"}, {"index": 8, "attribution": 0.010125547470680042, "content_attribution": -0.001240030217992941, "stance_attribution": 0.011365577688672983, "tweet_id": 525039937612439554, "text": "@HonJohnBaird @CBCNews what did Govt do to try to prevent??  Been talking up threat level for days", "type": "direct_reply"}, {"index": 11, "attribution": 0.00758060251682397, "content_attribution": 0.0014444857423328685, "stance_attribution": 0.0061361167744911, "tweet_id": 525049674525184000, "text": "@SamuelStringman @HonJohnBaird yes, lets let radialized persons buy up tens of thousands of long arms legally and with no controls #cdnpoli", "type": "lower_reply"}, {"index": 21, "attribution": 0.00549680374301985, "content_attribution": 8.358102896016819e-05, "stance_attribution": 0.0054132227140596826, "tweet_id": 525042401103323136, "text": "@HonJohnBaird @CBCNews A direct attack against us all", "type": "direct_reply"}, {"index": 17, "attribution": 0.004407306066769645, "content_attribution": -0.00018856964288915953, "stance_attribution": 0.004595875709658806, "tweet_id": 525041851913363456, "text": "@HonJohnBaird horrid  terror  attack  our prayers are with you", "type": "direct_reply"}, {"index": 15, "attribution": 0.0038736983795361487, "content_attribution": -0.0011327452858388772, "stance_attribution": 0.005006443665375026, "tweet_id": 525037582347161601, "text": "@HonJohnBaird Time to give an answer to these radical movements. This can't be unpunished !", "type": "direct_reply"}, {"index": 10, "attribution": 0.001898286284907005, "content_attribution": 0.0001341673027935447, "stance_attribution": 0.0017641189821134596, "tweet_id": 525036521502810113, "text": "@HonJohnBaird Arm them, for God sake. They are not props, they are human beings.", "type": "direct_reply"}, {"index": 18, "attribution": 0.0016737905791305728, "content_attribution": -0.0015445335590362499, "stance_attribution": 0.003218324138166823, "tweet_id": 525042290742407168, "text": "@HonJohnBaird @CBCNews Trudeau Jr. doesn't have what it takes to protect us!", "type": "direct_reply"}, {"index": 3, "attribution": 0.0015266006269717938, "content_attribution": 8.563804526659632e-05, "stance_attribution": 0.0014409625817051975, "tweet_id": 525043086049943552, "text": "@HonJohnBaird @CBCNews Harper is to blame", "type": "direct_reply"}, {"index": 12, "attribution": 0.0009465281652143256, "content_attribution": -0.00017728967627174993, "stance_attribution": 0.0011238178414860753, "tweet_id": 525036945273925633, "text": "@HonJohnBaird Wearing my poppy today and thinking of #ottcity", "type": "direct_reply"}, {"index": 14, "attribution": 0.00012972239444166678, "content_attribution": 0.00012972239444166678, "stance_attribution": 0.0, "tweet_id": 525041642345336832, "text": "@HonJohnBaird time for boots on the ground?", "type": "direct_reply"}, {"index": 20, "attribution": -0.00044134895594809747, "content_attribution": -0.0002245112928461927, "stance_attribution": -0.00021683766310190482, "tweet_id": 525046388053540864, "text": "@HonJohnBaird I hope he gets treated as being KIA for our country.", "type": "direct_reply"}, {"index": 9, "attribution": -0.001872284392743495, "content_attribution": -0.008458261892483679, "stance_attribution": 0.006585977499740185, "tweet_id": 525040152079384578, "text": "@HonJohnBaird I think those 'Toronto elites' were right about the #LongGunRegistry. It could have prevented this. #OttawaShooting", "type": "direct_reply"}, {"index": 16, "attribution": -0.004056743744213291, "content_attribution": -0.008755182032501033, "stance_attribution": 0.004698438288287744, "tweet_id": 525049506308825088, "text": "@SamuelStringman I could have. just like a bullet proof vest could save an officer. do we take it away because head shots? #gunregistry", "type": "lower_reply"}, {"index": 5, "attribution": -0.005038260012629813, "content_attribution": 0.0003136781150557176, "stance_attribution": -0.005351938127685531, "tweet_id": 525038836918018050, "text": "Your time, this is Blood on your hands. http://t.co/kLR2yOic07\n@HonJohnBaird This Gay warmongering act of yours and @pmharper is arrestable!", "type": "direct_reply"}, {"index": 4, "attribution": -0.007466860585794861, "content_attribution": 0.003526640967147855, "stance_attribution": -0.010993501552942717, "tweet_id": 525039282999029763, "text": "@HonJohnBaird @CBCNews \nAny news on the so called moderate Islam front potentially screaming condemnation of this rather than whispering?", "type": "lower_reply"}, {"index": 6, "attribution": -0.01714701301915686, "content_attribution": 0.008153486208581863, "stance_attribution": -0.025300499227738724, "tweet_id": 525043635226959873, "text": "@britwithtalent a moment of silence across the country", "type": "lower_reply"}, {"index": 0, "attribution": -0.6951720456834192, "content_attribution": 0.05120544623440584, "stance_attribution": -0.746377491917825, "tweet_id": 525036214286815232, "text": "Gut-wrenching to hear the soldier guarding our national war memorial has died. Rest in peace Cpl Nathan Cirillo\u00a0#OttawaShooting\u00a0#NeverForget", "type": "source"}]}