{"thread_id": "525071638464049152", "gold_label": 0, "predicted_label": 2, "tweet_attributions": [{"index": 0, "attribution": 0.13736056707736105, "content_attribution": -0.045109440192524386, "stance_attribution": 0.18247000726988546, "tweet_id": 525071638464049152, "text": "Watch live: PM Stephen Harper expected to speak to the nation imminently on #OttawaShooting http://t.co/ypsERaEeOy @CBCNews #cdnpoli", "type": "source"}, {"index": 5, "attribution": 0.02152886692809589, "content_attribution": 0.0016642494934683933, "stance_attribution": 0.01986461743462749, "tweet_id": 525074505111457792, "text": "@CBCAlerts @CBCNews Yah he shot the wrong guy.", "type": "direct_reply"}, {"index": 4, "attribution": 0.01358182447540518, "content_attribution": 0.004252740945962704, "stance_attribution": 0.009329083529442478, "tweet_id": 525072295233351680, "text": "@CBCAlerts We are the True North Strong &amp; Free http://t.co/wD1jKeLMD8", "type": "direct_reply"}, {"index": 10, "attribution": 0.012508789651545936, "content_attribution": -0.02196839627256327, "stance_attribution": 0.034477185924109206, "tweet_id": 525077509252337664, "text": "@CBCAlerts @CBCNews what a freaking useless speech. No answers... just political spin. Harper is pretty useless", "type": "direct_reply"}, {"index": 6, "attribution": 0.009814111505521975, "content_attribution": 0.0002194759835501761, "stance_attribution": 0.0095946355219718, "tweet_id": 525074889762304001, "text": "@CBCAlerts  \"Dear nation, I @pmharper have just authorized the #RCMP to turn #Canada into a militarized #PoliceState , welcome to #America \"", "type": "direct_reply"}, {"index": 1, "attribution": 0.008212341861068673, "content_attribution": 0.0018763126592159921, "stance_attribution": 0.006336029201852681, "tweet_id": 525077219748892673, "text": "@CBCAlerts @CBCNews wonder if Harper feels any responsibility 4 junking long-gun registry so that guy with criminal record was able to get 1", "type": "direct_reply"}, {"index": 2, "attribution": -0.0030437369879429996, "content_attribution": -0.001404661169190389, "stance_attribution": -0.0016390758187526102, "tweet_id": 525072728983109633, "text": "@CBCAlerts @CBCNews Jeeez, can he be on time for anything? Not what I would call \"prime-ministerial\"...", "type": "direct_reply"}, {"index": 8, "attribution": -0.003085792098152234, "content_attribution": 0.0022426745627255463, "stance_attribution": -0.005328466660877777, "tweet_id": 525072230745534465, "text": "@CBCAlerts Your link prohibits viewing outside of Canada.  I'm successfully watching stream from US on http://t.co/cAEYsDIYQ7", "type": "direct_reply"}, {"index": 7, "attribution": -0.003704468616771323, "content_attribution": 0.0017204856862125285, "stance_attribution": -0.0054249543029838525, "tweet_id": 525073794289770497, "text": "@CBCAlerts @BenWinslow @CBCNews Thanks Ben for tweeting this.", "type": "direct_reply"}, {"index": 3, "attribution": -0.007674894969377279, "content_attribution": 0.0014444249056120508, "stance_attribution": -0.009119319874989332, "tweet_id": 525097715873509376, "text": "@CBCAlerts @CBCNews @ButchBaydala Dear God, dont we see enough of the d.. head", "type": "direct_reply"}, {"index": 11, "attribution": -0.016176794836530284, "content_attribution": -0.0010155969612446196, "stance_attribution": -0.015161197875285665, "tweet_id": 525080582544719872, "text": "@CBCAlerts @CBCNews why? You skew everything, I prefer getting the straight facts. Your leftist garbage isn't welcome in my house.", "type": "direct_reply"}, {"index": 9, "attribution": -0.030492359732880257, "content_attribution": 0.0021403820828372892, "stance_attribution": -0.03263274181571755, "tweet_id": 525072176249339904, "text": "@CBCAlerts @CBCNews when???", "type": "direct_reply"}]}