{"thread_id": "525022700923019264", "gold_label": 0, "predicted_label": 2, "tweet_attributions": [{"index": 17, "attribution": 3.8594600506868506, "content_attribution": 0.0673481021580249, "stance_attribution": 3.7921119485288255, "tweet_id": 525028573934276608, "text": "@RaulAPinto @CBCAlerts No es Cap es CPL Corporal", "type": "lower_reply"}, {"index": 20, "attribution": 1.9615682580385512, "content_attribution": 0.08359536118756945, "stance_attribution": 1.8779728968509812, "tweet_id": 525028940763897856, "text": "@francisco_siles @CBCAlerts gracias mister!", "type": "lower_reply"}, {"index": 6, "attribution": 0.807520684933501, "content_attribution": -0.00344109274871884, "stance_attribution": 0.8109617776822198, "tweet_id": 525023669261987840, "text": "RT: @CBCAlerts soldado fallecido en #Ottawa es el Cap. Nathan Cirillo, reservista originario de Hamilton, Ont", "type": "direct_reply"}, {"index": 18, "attribution": 0.26948164240749517, "content_attribution": 0.04699501297055696, "stance_attribution": 0.22248662943693825, "tweet_id": 525029436312522753, "text": "@RaulAPinto @CBCAlerts De nada", "type": "lower_reply"}, {"index": 9, "attribution": 0.03016944676261444, "content_attribution": 5.088510587406681e-06, "stance_attribution": 0.03016435825202703, "tweet_id": 525023798743949312, "text": "@CBCAlerts http://t.co/ul3XHKiWt7", "type": "direct_reply"}, {"index": 22, "attribution": 0.016983521168881417, "content_attribution": -0.0005429771090125581, "stance_attribution": 0.017526498277893973, "tweet_id": 525023401652785152, "text": "@CBCAlerts I'm so sorry for his family. God bless :-(", "type": "direct_reply"}, {"index": 0, "attribution": 0.012109789067094832, "content_attribution": 0.04877741810310578, "stance_attribution": -0.036667629036010944, "tweet_id": 525022700923019264, "text": "Soldier shot dead in #Ottawa today is Cpl. Nathan Cirillo. Reservist was based in #Hamilton, Ont.", "type": "source"}, {"index": 7, "attribution": 0.006143725405962539, "content_attribution": 4.653344773588083e-05, "stance_attribution": 0.00609719195822666, "tweet_id": 525023083573563392, "text": "\u201c@CBCAlerts: Soldier shot dead in #Ottawa today is Cpl. Nathan Cirillo. my deepest condolences to his family", "type": "direct_reply"}, {"index": 1, "attribution": 0.002263299468609906, "content_attribution": 1.3261764256126138e-05, "stance_attribution": 0.002250037704353781, "tweet_id": 525023839689134080, "text": "\u201c@CBCAlerts: Soldier shot dead in #Ottawa today is Cpl. Nathan Cirillo. Reservist was based in #Hamilton, Ont.\u201d. Rest in peace, Cpl Cirillo", "type": "direct_reply"}, {"index": 4, "attribution": 0.0014272835742304118, "content_attribution": -0.00025893084248408823, "stance_attribution": 0.0016862144167145, "tweet_id": 525023830352605185, "text": "\u201c@CBCAlerts:Soldier killed in #Ottawa today is Cpl. Nathan Cirillo. Reservist was based in #Hamilton, Ont.\u201dbless him for his service to us \ud83d\ude4f", "type": "direct_reply"}, {"index": 14, "attribution": 0.0005396587867749197, "content_attribution": 0.00024403538146820525, "stance_attribution": 0.00029562340530671447, "tweet_id": 525023033900404736, "text": "@CBCAlerts @CBCNews tragedy", "type": "direct_reply"}, {"index": 5, "attribution": 0.00027109782995561165, "content_attribution": 0.00046237927670013553, "stance_attribution": -0.00019128144674452398, "tweet_id": 525023206718312448, "text": "\u201c@CBCAlerts: Soldier shot dead in #Ottawa today is Cpl. Nathan Cirillo. Reservist was based in #Hamilton, Ont.\u201d Rest in Peace.", "type": "direct_reply"}, {"index": 15, "attribution": -2.7106968887121704e-05, "content_attribution": 0.00017939015247333482, "stance_attribution": -0.0002064971213604565, "tweet_id": 525023371780947969, "text": "\u201c@CBCAlerts: Soldier shot dead in #Ottawa today is Cpl. Nathan Cirillo. Reservist was based in #Hamilton, Ont.\u201d RIP", "type": "direct_reply"}, {"index": 12, "attribution": -0.00014785869905653733, "content_attribution": 0.008467861383322305, "stance_attribution": -0.008615720082378844, "tweet_id": 525023523614760961, "text": "#RIPHero \u2757\ufe0f\ud83c\udf41\u2757\ufe0f \"@CBCAlerts: Soldier shot dead in #Ottawa today is Cpl. Nathan Cirillo. Reservist was based in #Hamilton, Ont.\u201d", "type": "direct_reply"}, {"index": 13, "attribution": -0.0004621322471660707, "content_attribution": 0.00016009796474775816, "stance_attribution": -0.0006222302119138288, "tweet_id": 525023137138622464, "text": "\u201c@CBCAlerts: Soldier shot dead in #Ottawa today is Cpl. Nathan Cirillo. Reservist was based in #Hamilton, Ont.\u201d Thoughts from coast to coast", "type": "direct_reply"}, {"index": 16, "attribution": -0.0006330766251239897, "content_attribution": -0.0009221046530459235, "stance_attribution": 0.0002890280279219338, "tweet_id": 525023195624382464, "text": "@CBCAlerts @CBCNews", "type": "direct_reply"}, {"index": 3, "attribution": -0.001053237999829223, "content_attribution": -0.00038826630920517206, "stance_attribution": -0.0006649716906240507, "tweet_id": 525023714854060032, "text": "@CBCAlerts @CBCNews - deepest condolences to the Cirillo family #dnd #soldier #reservist", "type": "direct_reply"}, {"index": 10, "attribution": -0.001117767546709987, "content_attribution": 2.021601269002962e-05, "stance_attribution": -0.0011379835594000172, "tweet_id": 525023231003353088, "text": "@CBCAlerts RIP.", "type": "direct_reply"}, {"index": 8, "attribution": -0.0015754499308628617, "content_attribution": 0.00015346670838268267, "stance_attribution": -0.001728916639245545, "tweet_id": 525023218315575296, "text": "\u201c@CBCAlerts: Soldier shot dead in #Ottawa today is Cpl. Nathan Cirillo. Reservist was based in #Hamilton, Ont.\u201d so sad \ud83d\ude22 Rest in peace\u2764\ufe0f", "type": "direct_reply"}, {"index": 21, "attribution": -0.002003074367672288, "content_attribution": -1.8018524409882993e-09, "stance_attribution": -0.0020030725658198465, "tweet_id": 525023503805087744, "text": "RT @CBCAlerts: Soldier shot dead in #Ottawa today is Cpl. Nathan Cirillo. Reservist was based in #Hamilton, Ont.", "type": "direct_reply"}, {"index": 2, "attribution": -0.004605780053680925, "content_attribution": -0.0002499673966455939, "stance_attribution": -0.0043558126570353295, "tweet_id": 525023058336432128, "text": "Rest in peace.\n\u201c@CBCAlerts: Soldier shot dead in #Ottawa today is Cpl. Nathan Cirillo. Reservist was based in #Hamilton, Ont.\u201d", "type": "direct_reply"}, {"index": 11, "attribution": -0.004897792535137522, "content_attribution": -0.006873844097992021, "stance_attribution": 0.0019760515628544978, "tweet_id": 525023212930088960, "text": "RIP Cpt. Nathan Cirillo @CBCAlerts", "type": "direct_reply"}, {"index": 19, "attribution": -0.00949046921506526, "content_attribution": -0.00026320959357662197, "stance_attribution": -0.009227259621488638, "tweet_id": 525428719704637440, "text": "@BillyWarlock Thank you, my friend for your retweet of support &amp; respect yesterday. That truly meant a lot to me and my fellow Canadians! \ud83d\ude18", "type": "lower_reply"}]}