{"thread_id": "525048987649576960", "gold_label": 0, "predicted_label": 0, "tweet_attributions": [{"index": 7, "attribution": 1.1289106629393488, "content_attribution": 0.005347750900065699, "stance_attribution": 1.123562912039283, "tweet_id": 525400887528009728, "text": "@HuffPostCanada @7679USMC Such a horrible waste...", "type": "direct_reply"}, {"index": 9, "attribution": 0.1855559275855222, "content_attribution": 0.009886942658088076, "stance_attribution": 0.1756689849274341, "tweet_id": 525455374984679426, "text": "@kimdgood @HuffPostCanada                                ....RIP Cpl. Cirillo....", "type": "lower_reply"}, {"index": 3, "attribution": 0.05325033612643125, "content_attribution": 0.03651573186413583, "stance_attribution": 0.016734604262295425, "tweet_id": 525100268850270209, "text": "@cmnsense100 That's construction tape. Probably doing some work on it. @HuffPostCanada", "type": "lower_reply"}, {"index": 4, "attribution": 0.03958261833361926, "content_attribution": -0.0017871508345498038, "stance_attribution": 0.041369769168169056, "tweet_id": 525097787285712896, "text": "@HuffPostCanada Makes no sense-why police tape? @MikeHansen613", "type": "direct_reply"}, {"index": 6, "attribution": 0.027211581914117933, "content_attribution": 0.0029426163036696895, "stance_attribution": 0.024268965610448237, "tweet_id": 525163315681824768, "text": "@HuffPostCanada @Nettles18 this is so heartbreaking.....", "type": "direct_reply"}, {"index": 11, "attribution": 0.022368549525389754, "content_attribution": -0.0016735148130835634, "stance_attribution": 0.024042064338473317, "tweet_id": 525108414817386496, "text": "\u201c@HuffPostCanada: Heartbreaking photo shows  soldier Cirillo just moments before shooting http://t.co/7mteGhjkkT http://t.co/gf3Vv9gb6W\u201d", "type": "direct_reply"}, {"index": 1, "attribution": 0.01433150822673117, "content_attribution": 0.027614939043494494, "stance_attribution": -0.013283430816763324, "tweet_id": 525163587716018177, "text": "@HuffPostCanada @Nettles18 what's the mood like in your home town about this?", "type": "lower_reply"}, {"index": 2, "attribution": 0.010826973935428794, "content_attribution": 0.001059475898312132, "stance_attribution": 0.009767498037116658, "tweet_id": 525085585158189056, "text": "@HuffPostCanada @DC_TO This photo should be given a place of honour @HouseofCommons #Canada", "type": "direct_reply"}, {"index": 8, "attribution": 0.007620352731886842, "content_attribution": -0.003840215155057551, "stance_attribution": 0.011460567886944393, "tweet_id": 525066981578264577, "text": "@HuffPostCanada @southsalem an Honor Guard shot down in COLD BLOOD these people are certainly not God's people they're #BARBARIANS", "type": "direct_reply"}, {"index": 10, "attribution": 0.004036189423250999, "content_attribution": 0.0017101599564426683, "stance_attribution": 0.00232602946680833, "tweet_id": 525088807679713281, "text": "@HuffPostCanada He guarded the tomb of an unknown soldier, but he will forever be remembered. My heart breaks for his family.", "type": "direct_reply"}, {"index": 5, "attribution": 0.0036211004981384384, "content_attribution": -0.0003831499095104029, "stance_attribution": 0.004004250407648842, "tweet_id": 525198940929806336, "text": "@HuffPostCanada its sad.  And crap world we live in now ..\nThought's wiv his families :(", "type": "direct_reply"}, {"index": 0, "attribution": -0.7611229967404657, "content_attribution": 0.03308449600205611, "stance_attribution": -0.7942074927425219, "tweet_id": 525048987649576960, "text": "Heartbreaking photo shows fallen soldier Nathan Cirillo just moments before shooting http://t.co/MbS4rd45iV http://t.co/uc0jNXoN0b", "type": "source"}]}