{"thread_id": "525066876058361856", "gold_label": 0, "predicted_label": 0, "tweet_attributions": [{"index": 0, "attribution": 0.14828242867462688, "content_attribution": 0.03918213695359476, "stance_attribution": 0.10910029172103211, "tweet_id": 525066876058361856, "text": "Soldier killed in Canada shooting was a young reservist with a six-year-old son http://t.co/FI7SGBVfAS http://t.co/7be6Scdwgq Pray for him.", "type": "source"}, {"index": 14, "attribution": 0.09342713889141717, "content_attribution": 0.004422921167420796, "stance_attribution": 0.08900421772399636, "tweet_id": 525107461515378689, "text": "@BobG231 @PatriotCzar cannot get Hussein Obama to say \"radical islamism\"  wake America, Obama has never uttered, O is Muslim sympathizer", "type": "direct_reply"}, {"index": 11, "attribution": 0.02169393615844585, "content_attribution": 0.00193382275803833, "stance_attribution": 0.01976011340040752, "tweet_id": 525067436584747008, "text": "@BobG231 Stop the Muslims they are all rotten fruit from the same tree", "type": "direct_reply"}, {"index": 4, "attribution": 0.016669494728959084, "content_attribution": 0.006908852886149595, "stance_attribution": 0.009760641842809488, "tweet_id": 525072458450493440, "text": "@BobG231 @StojBoj He was a brave soldier, the shooter is an evil killer.", "type": "direct_reply"}, {"index": 10, "attribution": 0.013111698679448407, "content_attribution": 0.010320651566451663, "stance_attribution": 0.0027910471129967444, "tweet_id": 525071279913979904, "text": "@BobG231 Just awful", "type": "direct_reply"}, {"index": 7, "attribution": 0.012618879676989055, "content_attribution": 0.006901399187640097, "stance_attribution": 0.005717480489348957, "tweet_id": 525095119314096128, "text": "@BobG231 @LANURSE1 \n\nOn duty as a 'guard' with an empty weapon. WTF?", "type": "direct_reply"}, {"index": 13, "attribution": 0.012130655385250776, "content_attribution": 0.003219117194278927, "stance_attribution": 0.008911538190971851, "tweet_id": 525071213526548480, "text": "@BobG231 God bless Nathan and his family, He is in the mansion of the Lord now.", "type": "direct_reply"}, {"index": 12, "attribution": 0.010872084818377096, "content_attribution": -0.00040087796549008014, "stance_attribution": 0.011272962783867175, "tweet_id": 525072605431484417, "text": "@BobG231 @StojBoj  Lord jesus please bless him and his family.", "type": "direct_reply"}, {"index": 6, "attribution": 0.003168215057087834, "content_attribution": -1.1623045856153774e-05, "stance_attribution": 0.0031798381029439896, "tweet_id": 525067810884837376, "text": "@BobG231   He and his family will be in my prayers.", "type": "direct_reply"}, {"index": 9, "attribution": 0.0012318410151660793, "content_attribution": -2.013754400618465e-05, "stance_attribution": 0.0012519785591722649, "tweet_id": 525067185270423553, "text": "@BobG231 praying for his family", "type": "direct_reply"}, {"index": 3, "attribution": 0.0009004083164241066, "content_attribution": 0.0011097124668587447, "stance_attribution": -0.0002093041504346387, "tweet_id": 525211068025810944, "text": "@BobG231 God bless and keep them!", "type": "direct_reply"}, {"index": 17, "attribution": -0.001458741740904, "content_attribution": 0.0007212938794468576, "stance_attribution": -0.002180035620350861, "tweet_id": 525259628683460608, "text": "@BobG231 @TaninKendal God bless his family.", "type": "direct_reply"}, {"index": 1, "attribution": -0.0017506445877627339, "content_attribution": 0.00044035145126159847, "stance_attribution": -0.0021909960390243326, "tweet_id": 525068834869616641, "text": "@BobG231 Praying for his family.", "type": "direct_reply"}, {"index": 2, "attribution": -0.003541605333508625, "content_attribution": 0.0006917400470894658, "stance_attribution": -0.00423334538059809, "tweet_id": 525067964295688192, "text": "@BobG231  So sad ,I repeat God bless him , pray for his family", "type": "direct_reply"}, {"index": 16, "attribution": -0.008279837405347627, "content_attribution": 0.0009557420768761571, "stance_attribution": -0.009235579482223786, "tweet_id": 525217759957749760, "text": "@BobG231 @romopar prayers for his family", "type": "direct_reply"}, {"index": 8, "attribution": -0.012821709681069831, "content_attribution": 0.00010717216548870715, "stance_attribution": -0.01292888184655854, "tweet_id": 525105525931786243, "text": "@BobG231 @CrushedByGovt This ain't supposed to happen in Canada!!! We expect it here!!! My sympathies to the Family and Friends..", "type": "direct_reply"}, {"index": 5, "attribution": -0.01499351081185333, "content_attribution": 0.00014659110517845005, "stance_attribution": -0.015140101917031776, "tweet_id": 525095047466074115, "text": "@BobG231 @LANURSE1 For him, and most importantly, for his son and his family.", "type": "direct_reply"}, {"index": 15, "attribution": -0.03735928097343215, "content_attribution": 7.276436057864215e-05, "stance_attribution": -0.037432045334010795, "tweet_id": 525224112847740928, "text": "@BobG231 is that what we got from Islamic migration? When our governments realize zt they just don't fit into z western system.", "type": "direct_reply"}]}