{"thread_id": "525024181218725888", "gold_label": 0, "predicted_label": 2, "tweet_attributions": [{"index": 5, "attribution": 3.221712939342021, "content_attribution": 0.06787948134791905, "stance_attribution": 3.1538334579941023, "tweet_id": 525027561487990784, "text": "@blaiss It was.  The kids were locked down at school but they are home.  The police say it's ongoing.  @cbcottawa", "type": "lower_reply"}, {"index": 10, "attribution": 2.6477892050198157, "content_attribution": 0.058789161257309264, "stance_attribution": 2.5890000437625065, "tweet_id": 525028274335137792, "text": "@GoWithItJam @CBCOttawa Will be praying for you and your family and all folks in Ottawa! Stay safe my friend!", "type": "lower_reply"}, {"index": 13, "attribution": 0.9803485977653594, "content_attribution": 0.000989570216036139, "stance_attribution": 0.9793590275493232, "tweet_id": 525026241246949376, "text": "@blaiss omg we're so sad.  Standing on guard and a PoS KILLS him.  We salute and  God Bless Cpl. Nathan Cirillo &amp; his family.  @cbcottawa", "type": "lower_reply"}, {"index": 17, "attribution": 0.7489828048755631, "content_attribution": 0.05183520476286637, "stance_attribution": 0.6971476001126968, "tweet_id": 525027251864502272, "text": "@GoWithItJam @CBCOttawa OMG, it must have been terrifying for you! Glad you are safe! Have they caught all the shooters?", "type": "lower_reply"}, {"index": 8, "attribution": 0.7417260542663772, "content_attribution": -0.004699654754718053, "stance_attribution": 0.7464257090210953, "tweet_id": 525025621123272705, "text": "@CBCOttawa @GoWithItJam prayers go out to his family.", "type": "direct_reply"}, {"index": 6, "attribution": 0.4775069124847323, "content_attribution": 0.052324187934761554, "stance_attribution": 0.42518272454997075, "tweet_id": 525028858710736896, "text": "@blaiss ty!  &lt;3  @cbcottawa", "type": "lower_reply"}, {"index": 16, "attribution": 0.10455992545019602, "content_attribution": 0.02927673904776825, "stance_attribution": 0.07528318640242776, "tweet_id": 525026983403847680, "text": "@blaiss Yes.  We're about 10 minutes from the Parliament buildings.  My heart breaks for the Cirillo family  :(  @cbcottawa", "type": "lower_reply"}, {"index": 14, "attribution": 0.08646203818646903, "content_attribution": 0.022606646607086944, "stance_attribution": 0.06385539157938208, "tweet_id": 525026792051318784, "text": "@GoWithItJam @CBCOttawa Are you in Canada? My heart goes out to everyone there, especially this mans family!", "type": "lower_reply"}, {"index": 4, "attribution": 0.0792703549267529, "content_attribution": 0.017621988951980774, "stance_attribution": 0.061648365974772135, "tweet_id": 525029053850742784, "text": "@GoWithItJam @CBCOttawa Just followed", "type": "lower_reply"}, {"index": 11, "attribution": 0.0010295044756704877, "content_attribution": 0.00030979910737599604, "stance_attribution": 0.000719705368294492, "tweet_id": 525029749509586944, "text": "@overdunne @CBCOttawa :(", "type": "lower_reply"}, {"index": 7, "attribution": 0.000669514830543298, "content_attribution": -0.0006624421830219551, "stance_attribution": 0.0013319570135652532, "tweet_id": 525026228060037120, "text": "@CBCOttawa Wow, so heartbreaking! \ud83d\ude14 RIP Nathan! \ud83d\udc94", "type": "direct_reply"}, {"index": 2, "attribution": -0.001147681218708889, "content_attribution": -0.00027174635248532886, "stance_attribution": -0.00087593486622356, "tweet_id": 525029371510132738, "text": "@CBCOttawa This is just heartbreaking.", "type": "direct_reply"}, {"index": 15, "attribution": -0.0014058510518020792, "content_attribution": 0.001260424891539268, "stance_attribution": -0.002666275943341346, "tweet_id": 525027509017272320, "text": "RIP. @CBCOttawa: Cpl. Nathan Cirillo, 24, identified as the soldier who was shot, killed at the War Memorial today. http://t.co/tbBN3fHJbp", "type": "direct_reply"}, {"index": 9, "attribution": -0.0024782752441600583, "content_attribution": -0.0021164722130506824, "stance_attribution": -0.0003618030311093763, "tweet_id": 525024857701253120, "text": "Pooch lover :( RT @CBCOttawa Cpl. Nathan Cirillo, 24, identified as the soldier who was shot, killed at the War Memorial today. #cbcOTT", "type": "direct_reply"}, {"index": 12, "attribution": -0.0036408880856863175, "content_attribution": 0.00037922586626842425, "stance_attribution": -0.004020113951954743, "tweet_id": 525028604179382273, "text": "\u201c@CBCOttawa: Cpl. Nathan Cirillo, 24, identified as the soldier who was shot, killed at the War Memorial today. http://t.co/cN496bXEgI\u201d", "type": "direct_reply"}, {"index": 18, "attribution": -0.01439567282124861, "content_attribution": 0.00023934437401893714, "stance_attribution": -0.014635017195267545, "tweet_id": 525039395121147904, "text": "So sad.  RT@CBCOttawa: Cpl. Nathan Cirillo, 24, the soldier who was shot, killed at the War Memorial today. http://t.co/Ya6U3At2l5\u201d", "type": "direct_reply"}, {"index": 1, "attribution": -0.021001142150898638, "content_attribution": 0.001730819384125913, "stance_attribution": -0.02273196153502455, "tweet_id": 525026675508006912, "text": "@dhostler1985 @CBCOttawa good looking guy. so fucking tragic. he went to work never expecting this. now he's gone. awful.", "type": "lower_reply"}, {"index": 3, "attribution": -0.06675799072375568, "content_attribution": 0.0008731303099692234, "stance_attribution": -0.06763112103372491, "tweet_id": 525026461841752064, "text": "@CBCOttawa @mynameisrocco God bless him and his family :(", "type": "direct_reply"}, {"index": 0, "attribution": -0.1338223601944594, "content_attribution": 0.007339196083308088, "stance_attribution": -0.1411615562777675, "tweet_id": 525024181218725888, "text": "Cpl. Nathan Cirillo, 24, identified as the soldier who was shot, killed at the War Memorial today. #cbcOTT #OTTnews http://t.co/I68A6Ioa6E", "type": "source"}]}