{"thread_id": "525033778637721600", "gold_label": 0, "predicted_label": 2, "tweet_attributions": [{"index": 76, "attribution": 3.5836370012188836, "content_attribution": 0.028834211965269353, "stance_attribution": 3.554802789253614, "tweet_id": 525037532891729920, "text": "@sashaaa_silver @AP Just asking a question...", "type": "lower_reply"}, {"index": 23, "attribution": 2.040237122474206, "content_attribution": 0.012353353916509614, "stance_attribution": 2.0278837685576963, "tweet_id": 525037158399483905, "text": "@MechTxEngineer @AP Oh please... What about all the gunman in US, all those kids they weren't Muslim! It's not about religion they're crazy", "type": "lower_reply"}, {"index": 55, "attribution": 1.67805201916509, "content_attribution": 0.016887754228878827, "stance_attribution": 1.6611642649362113, "tweet_id": 525038088578691072, "text": "@MechTxEngineer @AP I'm not Muslims but I have many friends who are and they are great people and against that BS. Gunman are crazy whatever", "type": "lower_reply"}, {"index": 73, "attribution": 1.3239361918511765, "content_attribution": 0.012807862091712188, "stance_attribution": 1.311128329759464, "tweet_id": 525038330572840960, "text": "@MechTxEngineer @AP No more peaceful than any other religion", "type": "lower_reply"}, {"index": 104, "attribution": 0.5825409234747874, "content_attribution": 0.027794024836242784, "stance_attribution": 0.5547468986385448, "tweet_id": 525038896480923648, "text": "@DualGrey @AP Those Amish have it figured out!", "type": "lower_reply"}, {"index": 42, "attribution": 0.06215462422841175, "content_attribution": 0.046773590262786865, "stance_attribution": 0.01538103396562488, "tweet_id": 525044186719195136, "text": "@MechTxEngineer Of course not silly. That's like you approving ur local child molester feeling on a boy. Canada has no business in Iraq.", "type": "lower_reply"}, {"index": 22, "attribution": 0.03438838810396058, "content_attribution": -0.0029573927455251257, "stance_attribution": 0.0373457808494857, "tweet_id": 525043400400453633, "text": "@MechTxEngineer If I'm not mistaken his action is a reaction.", "type": "lower_reply"}, {"index": 70, "attribution": 0.03203536051685371, "content_attribution": 0.00953669668684805, "stance_attribution": 0.022498663830005663, "tweet_id": 525045201505513472, "text": ".@Contrarian82 #IS has no business in #Iraq", "type": "lower_reply"}, {"index": 63, "attribution": 0.02880734352022212, "content_attribution": 0.019746900368162977, "stance_attribution": 0.009060443152059144, "tweet_id": 525039476523794434, "text": "@MechTxEngineer @AP They're not affected by media/govt corruption but have to deal with their own internal problems.", "type": "lower_reply"}, {"index": 35, "attribution": 0.0236267658279744, "content_attribution": -1.5023195637722441e-05, "stance_attribution": 0.023641789023612116, "tweet_id": 525041373301329920, "text": "@cshaver34 @DELMUJAHID13 glad we can agree. Would be nice if nations and religions could truly practice tolerance and fight back. God bless.", "type": "lower_reply"}, {"index": 79, "attribution": 0.01842537861705378, "content_attribution": 0.01563648912813325, "stance_attribution": 0.0027888894889205266, "tweet_id": 525039738722320386, "text": "@MechTxEngineer @AP its like with anything else. Religion can be used for good but also for bad. It just takes one person", "type": "lower_reply"}, {"index": 20, "attribution": 0.017933529633393935, "content_attribution": 0.003806375576767597, "stance_attribution": 0.014127154056626337, "tweet_id": 525036168442699777, "text": ".@deschamps_f @AP The Irish didn't murder themselves as well as the \"enemy\".", "type": "lower_reply"}, {"index": 92, "attribution": 0.016774210528733402, "content_attribution": 0.026889167731595037, "stance_attribution": -0.010114957202861638, "tweet_id": 525043712737300482, "text": ".@Contrarian82 so you approve?", "type": "lower_reply"}, {"index": 15, "attribution": 0.012325519540294937, "content_attribution": 0.00014749444587599907, "stance_attribution": 0.012178025094418935, "tweet_id": 525038334322950144, "text": "@DELMUJAHID13 and I do blame our govt somewhat.", "type": "lower_reply"}, {"index": 1, "attribution": 0.010501193610515025, "content_attribution": 0.011301211086865376, "stance_attribution": -0.0008000174763503527, "tweet_id": 525044477044342784, "text": "@Contrarian82 Last i check Iraq's Prime Minister asked them to be there.", "type": "lower_reply"}, {"index": 37, "attribution": 0.00569790093230722, "content_attribution": 0.009664364638363863, "stance_attribution": -0.003966463706056645, "tweet_id": 525038488794984448, "text": "@MechTxEngineer @AP more about the victims. May they rest in peace", "type": "lower_reply"}, {"index": 71, "attribution": 0.0050387316747325175, "content_attribution": 0.007304646479856906, "stance_attribution": -0.0022659148051243985, "tweet_id": 525034067901693953, "text": "@AP Is #Islam still a peaceful religion?", "type": "direct_reply"}, {"index": 107, "attribution": 0.004931268416568096, "content_attribution": 0.005239268910122814, "stance_attribution": -0.00030800049355471815, "tweet_id": 525045908204179456, "text": "@MechTxEngineer Just because there's oil there doesn't mean its your business", "type": "lower_reply"}, {"index": 93, "attribution": 0.004044663242225668, "content_attribution": -0.0012583350047169044, "stance_attribution": 0.005302998246942572, "tweet_id": 525034094359347201, "text": "RT @AP BREAKING: Canadian official identifies dead Ottawa #gunfreezone gunman as Michael Zehaf-Bibeau. #OttowaShooting", "type": "direct_reply"}, {"index": 52, "attribution": 0.0013071456479817095, "content_attribution": -0.0003903953312145935, "stance_attribution": 0.001697540979196303, "tweet_id": 525040783960055809, "text": "@DELMUJAHID13 @MamaCrimz no they don't.", "type": "lower_reply"}, {"index": 31, "attribution": 0.0007326188543589787, "content_attribution": 0.0007326188543589787, "stance_attribution": 0.0, "tweet_id": 525048496509190145, "text": "@DELMUJAHID13 @cshaver34 @AP boko haram is an Islamic terrorist group period", "type": "lower_reply"}, {"index": 102, "attribution": 0.0006560717721271341, "content_attribution": 0.0006560717721271341, "stance_attribution": 0.0, "tweet_id": 525048766068686848, "text": "@dezzdancing @cshaver34 terorists who are devils and destroyers", "type": "lower_reply"}, {"index": 65, "attribution": 0.0006150614188092932, "content_attribution": 0.0006150614188092932, "stance_attribution": 0.0, "tweet_id": 525050198645415936, "text": "@DELMUJAHID13 @cshaver34 they are mujahid aren't they?", "type": "lower_reply"}, {"index": 48, "attribution": 0.0005615613187297322, "content_attribution": 0.0005615613187297322, "stance_attribution": 0.0, "tweet_id": 525046354372878336, "text": "@DELMUJAHID13 @cshaver34 western media or radical moslem media n PR? Be honest", "type": "lower_reply"}, {"index": 58, "attribution": 0.00048301338816664137, "content_attribution": 0.00048301338816664137, "stance_attribution": 0.0, "tweet_id": 525048218514513920, "text": "@DELMUJAHID13 @cshaver34 what do u call bin laden, al baghdadi, abubakar sekau,  al zahawiri etc?", "type": "lower_reply"}, {"index": 13, "attribution": 0.000422957804114802, "content_attribution": -3.0464339138356292e-05, "stance_attribution": 0.0004534221432531581, "tweet_id": 525034516625494016, "text": "RT @AP: BREAKING: Canadian official identifies dead Ottawa gunman as Michael Zehaf-Bibeau.", "type": "direct_reply"}, {"index": 88, "attribution": 0.0003416245698841037, "content_attribution": 0.00017720139644746615, "stance_attribution": 0.0001644231734366375, "tweet_id": 525038916584632320, "text": "@cshaver34 and we can make the world peaceful if we are together..", "type": "lower_reply"}, {"index": 25, "attribution": 0.0002779741196614432, "content_attribution": 0.0002779741196614432, "stance_attribution": 0.0, "tweet_id": 525045179393511424, "text": "@cuba201 @cshaver34 @AP yup as their oil was sold to the USA and they never gt the benefits", "type": "lower_reply"}, {"index": 66, "attribution": 0.00026695348920834853, "content_attribution": -0.0005073553313171775, "stance_attribution": 0.000774308820525526, "tweet_id": 525049007442497537, "text": "@cuba201 @cshaver34 @AP Lol u are entitiled tou your opinion but that is not my opinion.", "type": "lower_reply"}, {"index": 26, "attribution": 0.0002659062099310055, "content_attribution": -7.561547988586286e-05, "stance_attribution": 0.00034152168981686846, "tweet_id": 525035474222874624, "text": "RT @AP: BREAKING: Canadian official identifies dead Ottawa gunman as Michael Zehaf-Bibeau.", "type": "direct_reply"}, {"index": 30, "attribution": 0.00026313250624810004, "content_attribution": 0.00026313250624810004, "stance_attribution": 0.0, "tweet_id": 525041746473140225, "text": "@MamaCrimz @cshaver34 absalutly i agree with you..", "type": "lower_reply"}, {"index": 83, "attribution": 0.00022944700815767183, "content_attribution": 0.00022944700815767183, "stance_attribution": 0.0, "tweet_id": 525042074211848192, "text": "@DELMUJAHID13 @cshaver34 @AP what about boko haram?", "type": "lower_reply"}, {"index": 43, "attribution": 0.00018592885570233774, "content_attribution": -0.0002404612824447195, "stance_attribution": 0.0004263901381470573, "tweet_id": 525044497496145921, "text": "@cuba201 @cshaver34 @AP yup,", "type": "lower_reply"}, {"index": 47, "attribution": 0.0001704548506776043, "content_attribution": 0.0001704548506776043, "stance_attribution": 0.0, "tweet_id": 525050386311180288, "text": "@DELMUJAHID13 @cshaver34 they terror non moslem don't they?", "type": "lower_reply"}, {"index": 54, "attribution": 0.0001695190223472496, "content_attribution": 0.00014693062628642488, "stance_attribution": 2.2588396060824732e-05, "tweet_id": 525040757624033280, "text": "@crewdeli90 @DELMUJAHID13 @AP All muslims that believe in koran and sharia are terrorists.", "type": "lower_reply"}, {"index": 98, "attribution": 0.00013443637143969686, "content_attribution": 0.00018356190185591937, "stance_attribution": -4.912553041622253e-05, "tweet_id": 525051735623335936, "text": "@cuba201 absalutly.. the boko haram ideology is poisonous and should be stoped.. But on the other hand the young people are unemployed", "type": "lower_reply"}, {"index": 19, "attribution": 0.00011772326676729282, "content_attribution": 0.00011772326676729282, "stance_attribution": 0.0, "tweet_id": 525037307641208833, "text": "@DELMUJAHID13 @AP I just don't believe everything I hear. Gotta know what to pick and choose. I respect people of the Muslim religion.", "type": "lower_reply"}, {"index": 41, "attribution": 0.00011303431541435882, "content_attribution": 9.974971024396021e-05, "stance_attribution": 1.3284605170398614e-05, "tweet_id": 525052344061677568, "text": "@dezzdancing nop mujahids also dont kill any human being and i can proove it through (Qur'an 5:32)", "type": "lower_reply"}, {"index": 10, "attribution": 0.00010632360931542025, "content_attribution": 0.00010632360931542025, "stance_attribution": 0.0, "tweet_id": 525043964815351808, "text": "@DELMUJAHID13 @crewdeli90 @AP Go f yourself.  What about genital mutilation? Stoning for adultery? Honor killing?  Seems you dont know.", "type": "lower_reply"}, {"index": 29, "attribution": 9.149375104766682e-05, "content_attribution": -6.237128103221291e-05, "stance_attribution": 0.00015386503207987976, "tweet_id": 525048233215934465, "text": "@DELMUJAHID13 @cshaver34 @AP boko haram is not about oil, I live in Southern Nigeria, so I can tell you", "type": "lower_reply"}, {"index": 34, "attribution": 9.139167712820357e-05, "content_attribution": 0.0, "stance_attribution": 9.139167712820357e-05, "tweet_id": 525048566772154368, "text": "@cuba201 @cshaver34 @AP i dont support that... that is against humanity...", "type": "lower_reply"}, {"index": 45, "attribution": 9.043771562198624e-05, "content_attribution": 9.043771562198624e-05, "stance_attribution": 0.0, "tweet_id": 525054083716349952, "text": "@cuba201 yup which is so sad,", "type": "lower_reply"}, {"index": 80, "attribution": 7.566748387273922e-05, "content_attribution": 7.566748387273922e-05, "stance_attribution": 0.0, "tweet_id": 525047039558946816, "text": "@dezzdancing @cshaver34 both for example in 2011 when Anders Behring Breivik who was a xtian killed 77 people the media called him mad man", "type": "lower_reply"}, {"index": 5, "attribution": 7.052520790285068e-05, "content_attribution": 2.434502470153513e-06, "stance_attribution": 6.809070543269715e-05, "tweet_id": 525041926966214658, "text": "@DELMUJAHID13 @cshaver34 u seems blaming government more than your moslem brother. I'm not blaming u. Its ukhuwah but pls dont happy to much", "type": "lower_reply"}, {"index": 68, "attribution": 5.712914324380541e-05, "content_attribution": 5.712914324380541e-05, "stance_attribution": 0.0, "tweet_id": 525038132304306176, "text": "@DELMUJAHID13 while you are correct on the founding factor.   Something about that religion gets people to behave violently. Can't deny that", "type": "lower_reply"}, {"index": 100, "attribution": 4.419506157114564e-05, "content_attribution": 4.419506157114564e-05, "stance_attribution": 0.0, "tweet_id": 525051881253793792, "text": "@DELMUJAHID13 the very peaceful Yoruba Muslims in the South are living very peacefully with their Christian relatives.", "type": "lower_reply"}, {"index": 11, "attribution": 4.298846295205799e-05, "content_attribution": 5.39572691126043e-05, "stance_attribution": -1.0968806160546312e-05, "tweet_id": 525042268110331904, "text": "@DELMUJAHID13 @crewdeli90 @AP Not yet anyway.  Once you enforce sharia on any woman in your family, you are a terrorist.", "type": "lower_reply"}, {"index": 7, "attribution": 3.996867599958917e-05, "content_attribution": 5.870727541140438e-05, "stance_attribution": -1.8738599411815206e-05, "tweet_id": 525039559487135744, "text": "@cshaver34 @DELMUJAHID13 blame the government n not blaming the shooter who is moslem? A typical moslem\ud83d\ude01", "type": "lower_reply"}, {"index": 32, "attribution": 3.1094774473371465e-05, "content_attribution": 3.1094774473371465e-05, "stance_attribution": 0.0, "tweet_id": 525042635892092929, "text": "@Jrsatty @crewdeli90 @AP you know nothing about islam.. i will appriciate if u shut ur mouth..", "type": "lower_reply"}, {"index": 90, "attribution": 2.840155114306578e-05, "content_attribution": 2.840155114306578e-05, "stance_attribution": 0.0, "tweet_id": 525039839776100353, "text": "@dezzdancing @cshaver34 no love i disagree with u on that..", "type": "lower_reply"}, {"index": 27, "attribution": 2.8341355329670783e-05, "content_attribution": 2.8341355329670783e-05, "stance_attribution": 0.0, "tweet_id": 525052645753380864, "text": "@DELMUJAHID13 so what is mujahid if they don't kill anything?", "type": "lower_reply"}, {"index": 96, "attribution": 3.662692154697035e-07, "content_attribution": -2.0797927337240144e-05, "stance_attribution": 2.116419655270986e-05, "tweet_id": 525044108545773569, "text": "@DELMUJAHID13 @cshaver34 @AP were they also founded by the US?", "type": "lower_reply"}, {"index": 16, "attribution": 0.0, "content_attribution": 0.0, "stance_attribution": 0.0, "tweet_id": 525040305322856448, "text": "@MamaCrimz @cshaver34 absalutly ISIS have no place in our society..", "type": "lower_reply"}, {"index": 24, "attribution": 0.0, "content_attribution": 0.0, "stance_attribution": 0.0, "tweet_id": 525034858167693313, "text": "\u201c@DELMUJAHID13: @AP if he was a muslim u would have called him a terrorist.. Double standard Media\u201d Calling a spade a spade. Blame ISIS.", "type": "lower_reply"}, {"index": 57, "attribution": 0.0, "content_attribution": 0.0, "stance_attribution": 0.0, "tweet_id": 525067344880861184, "text": "@DELMUJAHID13 @AP is it a pure lie now buddy?", "type": "lower_reply"}, {"index": 86, "attribution": -3.6722115231627317e-06, "content_attribution": -3.6722115231627317e-06, "stance_attribution": 0.0, "tweet_id": 525047253736906752, "text": "@dezzdancing @cshaver34 instead of calling  terorist or is it only muslims are terorist?", "type": "lower_reply"}, {"index": 64, "attribution": -1.7400596602376567e-05, "content_attribution": -2.58943272583161e-05, "stance_attribution": 8.493730655939518e-06, "tweet_id": 525040566229553152, "text": "@dezzdancing @DELMUJAHID13 thank you!! That's exactly what it is.", "type": "lower_reply"}, {"index": 4, "attribution": -2.126726604157325e-05, "content_attribution": -2.126726604157325e-05, "stance_attribution": 0.0, "tweet_id": 525047648748068864, "text": "@DELMUJAHID13 @cshaver34 @AP and bcos of oil they kill children in their beds, kidnap women and girls, blow people up every other day?", "type": "lower_reply"}, {"index": 59, "attribution": -2.8193326453599117e-05, "content_attribution": -6.313932293884745e-06, "stance_attribution": -2.1879394159714374e-05, "tweet_id": 525052768877572097, "text": "@cuba201 remember 10 years ago there was no boko haram so why now? the question is what went wrong?", "type": "lower_reply"}, {"index": 101, "attribution": -6.312655294285939e-05, "content_attribution": -6.312655294285939e-05, "stance_attribution": 0.0, "tweet_id": 525035856919146497, "text": "@DELMUJAHID13 @crewdeli90 @AP for what?", "type": "lower_reply"}, {"index": 50, "attribution": -7.093176017569495e-05, "content_attribution": -7.093176017569495e-05, "stance_attribution": 0.0, "tweet_id": 525045898733420544, "text": "@DELMUJAHID13 @cshaver34 @AP hello boko haram is in Northern Nigeria, they DON'T have oil. The oil is in the South, Niger Delta", "type": "lower_reply"}, {"index": 78, "attribution": -7.52342598216439e-05, "content_attribution": -9.634769403195981e-05, "stance_attribution": 2.1113434210315916e-05, "tweet_id": 525051203395551232, "text": "@DELMUJAHID13 @cshaver34 @AP yes treat the cause, which is that radical muslims should stop teaching their children to hate", "type": "lower_reply"}, {"index": 21, "attribution": -7.953912323609022e-05, "content_attribution": -7.953912323609022e-05, "stance_attribution": 0.0, "tweet_id": 525039482819461120, "text": "@DELMUJAHID13 @cshaver34 you also can't blame people for being terrified. People should however stand together and kill these guys", "type": "lower_reply"}, {"index": 91, "attribution": -8.180851750713591e-05, "content_attribution": -8.180851750713591e-05, "stance_attribution": 0.0, "tweet_id": 525050554037600257, "text": "@dezzdancing Mujahids dont kill Innocent kids and mothers", "type": "lower_reply"}, {"index": 106, "attribution": -8.658245107218264e-05, "content_attribution": -8.658245107218264e-05, "stance_attribution": 0.0, "tweet_id": 525049256353079299, "text": "@DELMUJAHID13 @cshaver34 are they moslem?", "type": "lower_reply"}, {"index": 38, "attribution": -9.262354943596614e-05, "content_attribution": -9.262354943596614e-05, "stance_attribution": 0.0, "tweet_id": 525049667470376960, "text": "@DELMUJAHID13 @cshaver34 are they jew?", "type": "lower_reply"}, {"index": 61, "attribution": -0.0001238865586268677, "content_attribution": -0.0001238865586268677, "stance_attribution": 0.0, "tweet_id": 525036753938546688, "text": "@cshaver34 @AP religion has nothing to do here.. stop blaming muslims blame the corrupted ISIS who were founded by BY the USA and its allies", "type": "lower_reply"}, {"index": 74, "attribution": -0.00012596535076099855, "content_attribution": -0.00017792438080690582, "stance_attribution": 5.195903004590729e-05, "tweet_id": 525035228679897089, "text": "\u201c@AP: BREAKING: Canadian official identifies dead Ottawa gunman as Michael Zehaf-Bibeau.\u201d #OttawaShooting", "type": "direct_reply"}, {"index": 103, "attribution": -0.00016390505306675978, "content_attribution": -0.00016390505306675978, "stance_attribution": 0.0, "tweet_id": 525049350050029568, "text": "@dezzdancing @cshaver34 nop..", "type": "lower_reply"}, {"index": 85, "attribution": -0.00016468839009529915, "content_attribution": -8.086432086673397e-06, "stance_attribution": -0.00015660195800862577, "tweet_id": 525037583538323456, "text": "@crewdeli90 @AP lol i wish everyone was thinking like u", "type": "lower_reply"}, {"index": 12, "attribution": -0.00020368629084596335, "content_attribution": -0.00020368629084596335, "stance_attribution": 0.0, "tweet_id": 525051455514767362, "text": "@DELMUJAHID13 they kill non believers who happen to be a moslem", "type": "lower_reply"}, {"index": 44, "attribution": -0.00022383786495647413, "content_attribution": -0.00014995790865440697, "stance_attribution": -7.387995630206719e-05, "tweet_id": 525049268391129088, "text": "@cuba201 @cshaver34 @AP youcan not treat the symptoms unless u treat the causes of terorism", "type": "lower_reply"}, {"index": 72, "attribution": -0.00022632735267704774, "content_attribution": -0.00022632735267704774, "stance_attribution": 0.0, "tweet_id": 525049734353145856, "text": "@dezzdancing @cshaver34 i dont know", "type": "lower_reply"}, {"index": 75, "attribution": -0.0002882900310622826, "content_attribution": -0.0002882900310622826, "stance_attribution": 0.0, "tweet_id": 525042774069219328, "text": "@cuba201 @cshaver34 @AP what about them?", "type": "lower_reply"}, {"index": 17, "attribution": -0.00030648783298470946, "content_attribution": -0.00013907696325362196, "stance_attribution": -0.00016741086973108747, "tweet_id": 525044926619611136, "text": "@DELMUJAHID13 @cshaver34 @AP really?", "type": "lower_reply"}, {"index": 81, "attribution": -0.0003131206355883166, "content_attribution": -0.00029870638450931093, "stance_attribution": -1.4414251079005729e-05, "tweet_id": 525041184511918081, "text": "@Jrsatty @crewdeli90 @AP whatever.. i believe in both and am not terorist..", "type": "lower_reply"}, {"index": 28, "attribution": -0.0003289045850562132, "content_attribution": -0.00037240426799079715, "stance_attribution": 4.349968293458392e-05, "tweet_id": 525050758283403265, "text": "@cuba201 that is not islamic...", "type": "lower_reply"}, {"index": 49, "attribution": -0.00034949642674774503, "content_attribution": -0.00034949642674774503, "stance_attribution": 0.0, "tweet_id": 525040475779366915, "text": "@dezzdancing @cshaver34 Love i blame both", "type": "lower_reply"}, {"index": 89, "attribution": -0.00041160990375567984, "content_attribution": -0.00041160990375567984, "stance_attribution": 0.0, "tweet_id": 525035962821525504, "text": "@DELMUJAHID13 @AP but what if he really is? Can't trust religion, especially that one", "type": "lower_reply"}, {"index": 2, "attribution": -0.00047991032510840434, "content_attribution": -0.00047991032510840434, "stance_attribution": 0.0, "tweet_id": 525038673092673537, "text": "@cshaver34 you are wrong, ISIS are not Muslims.. but i also blame ur  government for invading other countries in the name of peace making", "type": "lower_reply"}, {"index": 9, "attribution": -0.0005140426085532498, "content_attribution": -0.0006343841429227508, "stance_attribution": 0.00012034153436950095, "tweet_id": 525053032980312064, "text": "@DELMUJAHID13 they were never sent to school by their parents, the North has the almajiri culture, many of their children don't get educated", "type": "lower_reply"}, {"index": 6, "attribution": -0.0006964256215207943, "content_attribution": -0.0006964256215207943, "stance_attribution": 0.0, "tweet_id": 525054406090555392, "text": "@DELMUJAHID13 the Northern Muslims have always been intolerant and violent, it didn't start with boko haram", "type": "lower_reply"}, {"index": 33, "attribution": -0.0007464412160063644, "content_attribution": -0.0007532675138346541, "stance_attribution": 6.826297828289652e-06, "tweet_id": 525039188807151617, "text": "@cshaver34 @DELMUJAHID13 we don't blame moslm, moslm should blame moslm. Don't hide your face n said it's not moslm when it's clearly moslm", "type": "lower_reply"}, {"index": 36, "attribution": -0.0008917923107942748, "content_attribution": -0.0008917923107942748, "stance_attribution": 0.0, "tweet_id": 525037061607542786, "text": "@thurzday60 @DELMUJAHID13 @AP for the stereotypes made towards Muslim people. I was saying that it's sad, but true.", "type": "lower_reply"}, {"index": 94, "attribution": -0.0009669636132334008, "content_attribution": -0.0009669636132334008, "stance_attribution": 0.0, "tweet_id": 525034717327163392, "text": "@DELMUJAHID13 @AP he is. He converted....", "type": "lower_reply"}, {"index": 56, "attribution": -0.0014493724303675198, "content_attribution": -0.0009201773735287277, "stance_attribution": -0.0005291950568387922, "tweet_id": 525049815290626048, "text": "@dezzdancing @cshaver34 you tell me", "type": "lower_reply"}, {"index": 39, "attribution": -0.0016116872374882794, "content_attribution": 0.0, "stance_attribution": -0.0016116872374882794, "tweet_id": 525051709588897792, "text": "@DELMUJAHID13 so mujahid if kills innocent non moslem men?", "type": "lower_reply"}, {"index": 14, "attribution": -0.0016583410989931048, "content_attribution": -0.0016191691816410862, "stance_attribution": -3.917191735201851e-05, "tweet_id": 525046285049794561, "text": "@cuba201 @cshaver34 @AP call it south or north but the oil belongs to all nigerians not only south.. as nigeria is one country..", "type": "lower_reply"}, {"index": 84, "attribution": -0.0019963866629905116, "content_attribution": -0.0019963866629905116, "stance_attribution": 0.0, "tweet_id": 525053694933733376, "text": "@DELMUJAHID13 there has always been one thing or the other in the north, the current name is boko haram,", "type": "lower_reply"}, {"index": 53, "attribution": -0.002000257395137292, "content_attribution": 0.0002759294345738335, "stance_attribution": -0.0022761868297111257, "tweet_id": 525045774569463808, "text": "@dezzdancing @cshaver34 i balme media too", "type": "lower_reply"}, {"index": 51, "attribution": -0.0020909359571103783, "content_attribution": 3.1973229030610036e-05, "stance_attribution": -0.002122909186140988, "tweet_id": 525050979016667136, "text": "@DELMUJAHID13", "type": "lower_reply"}, {"index": 46, "attribution": -0.002229511566283745, "content_attribution": 2.9968005969312825e-05, "stance_attribution": -0.002259479572253058, "tweet_id": 525035511120150528, "text": "@tykefreddy @AP nop its pure lie", "type": "lower_reply"}, {"index": 87, "attribution": -0.002399906456420781, "content_attribution": 0.00025503031523787053, "stance_attribution": -0.0026549367716586516, "tweet_id": 525035243603259394, "text": "@crewdeli90 @AP blame ur government", "type": "lower_reply"}, {"index": 67, "attribution": -0.002491682787719311, "content_attribution": 0.005897482437560367, "stance_attribution": -0.008389165225279679, "tweet_id": 525040892994797568, "text": "@sashaaa_silver @AP I mentioned his religion not with a single word, so what are talking about...?", "type": "lower_reply"}, {"index": 77, "attribution": -0.003138292523717788, "content_attribution": -0.0005079724279874689, "stance_attribution": -0.002630320095730319, "tweet_id": 525034955878195200, "text": "@tykefreddy @AP stop the madness.. and read his history", "type": "lower_reply"}, {"index": 18, "attribution": -0.004057832282754814, "content_attribution": -0.0013550990267084697, "stance_attribution": -0.0027027332560463444, "tweet_id": 525050554243092480, "text": "@DELMUJAHID13 @cshaver34 @AP u think it's bcos of oil that they are forcing Christians in the North to convert to islam or be killed? Eh?", "type": "lower_reply"}, {"index": 3, "attribution": -0.005458069369505602, "content_attribution": 0.0, "stance_attribution": -0.005458069369505602, "tweet_id": 525045275816394752, "text": "@DELMUJAHID13 @crewdeli90 @AP Well everyone, here we have another lying muslim.", "type": "lower_reply"}, {"index": 95, "attribution": -0.005532249865485837, "content_attribution": 0.004203043025470123, "stance_attribution": -0.00973529289095596, "tweet_id": 525034920302088192, "text": "@MechTxEngineer @AP remember northern irland?", "type": "lower_reply"}, {"index": 99, "attribution": -0.0061763194974139195, "content_attribution": -0.0017176343077304342, "stance_attribution": -0.004458685189683485, "tweet_id": 525051075771240450, "text": "@dezzdancing do you know how many muslims they kill daily?", "type": "lower_reply"}, {"index": 40, "attribution": -0.006669526803541273, "content_attribution": 0.0004859885659878931, "stance_attribution": -0.007155515369529165, "tweet_id": 525035307574788097, "text": "@DELMUJAHID13 @AP no, he converted. The attack a few days before came from a radicalized convert too.", "type": "lower_reply"}, {"index": 97, "attribution": -0.011472295710039248, "content_attribution": -1.8295522609765136e-05, "stance_attribution": -0.011454000187429484, "tweet_id": 525035872350396416, "text": "@AP I'm identifying that guy as an asshole.", "type": "direct_reply"}, {"index": 69, "attribution": -0.013543750000950766, "content_attribution": -0.011260211285460195, "stance_attribution": -0.002283538715490574, "tweet_id": 525046021391679490, "text": "@MechTxEngineer Let them fight their own fight. What do u care Mr Texas?", "type": "lower_reply"}, {"index": 82, "attribution": -0.022356360325313594, "content_attribution": 0.007846791023369609, "stance_attribution": -0.030203151348683205, "tweet_id": 525038385677991936, "text": "@MechTxEngineer @AP their religion. Btw why We care about his religion (he converted) the man is a criminal end if the story. We should talk", "type": "lower_reply"}, {"index": 60, "attribution": -0.02545338283443275, "content_attribution": 0.00012518772634246243, "stance_attribution": -0.025578570560775206, "tweet_id": 525039425559220224, "text": "@Tendar @AP Apparently hum. We don't really yet but he converted while Algerians are already Muslims so don't believe everything you read", "type": "lower_reply"}, {"index": 62, "attribution": -0.035984537097328455, "content_attribution": 0.020367634313782565, "stance_attribution": -0.05635217141111101, "tweet_id": 525039763871776768, "text": "@Tendar @AP Btw why We care about his religion or his background.He's canadian. Btw the gunmen is US are not Muslims it's not about religion", "type": "lower_reply"}, {"index": 8, "attribution": -0.061692403383874904, "content_attribution": 0.020134276153968886, "stance_attribution": -0.0818266795378438, "tweet_id": 525036229428256770, "text": "@AP He was apparently #Algerian", "type": "direct_reply"}, {"index": 0, "attribution": -0.06454376458110075, "content_attribution": 0.04063945555097855, "stance_attribution": -0.10518322013207933, "tweet_id": 525033778637721600, "text": "BREAKING: Canadian official identifies dead Ottawa gunman as Michael Zehaf-Bibeau.", "type": "source"}, {"index": 105, "attribution": -0.06631595077977835, "content_attribution": 0.009325645130131423, "stance_attribution": -0.07564159590990979, "tweet_id": 525038291045732352, "text": "@sashaaa_silver @AP good!", "type": "lower_reply"}]}