{"thread_id": "525039686931075072", "gold_label": 0, "predicted_label": 0, "tweet_attributions": [{"index": 0, "attribution": 0.13489153157004358, "content_attribution": -0.05759106388168206, "stance_attribution": 0.1924825954517256, "tweet_id": 525039686931075072, "text": "UPDATED: Soldier dead, 2 others injured in Parliament Hill siege; 1 gunman dead http://t.co/cVCQKEDlPo http://t.co/zUJUAATG5I", "type": "source"}, {"index": 8, "attribution": 0.029612901125939294, "content_attribution": -0.0012763263517501558, "stance_attribution": 0.030889227477689445, "tweet_id": 525039985922027520, "text": "@CP24 #OttawaShooting Aftermat Videos all vids copyright Paul Lauzon     http://t.co/geVRZDzB4Z", "type": "direct_reply"}, {"index": 1, "attribution": 0.02469610778543527, "content_attribution": 0.004618948448354277, "stance_attribution": 0.020077159337080992, "tweet_id": 525042017844592640, "text": "@CP24  OH Canada we stand on guard for thee..no one can harm canada/canadians and remain safe", "type": "direct_reply"}, {"index": 2, "attribution": 0.012718181849138458, "content_attribution": -0.0017402651698541732, "stance_attribution": 0.014458447018992624, "tweet_id": 525055690013175808, "text": "\u201c@CP24: Soldier dead, 2 others injured in Parliament Hill siege; 1 gunman dead http://t.co/kbK6lQKob6 http://t.co/ogDijtc2sq\u201d #OttawaStrong", "type": "direct_reply"}, {"index": 5, "attribution": 0.003804440887853573, "content_attribution": -2.762924851232697e-05, "stance_attribution": 0.003832070136365899, "tweet_id": 525040587985387520, "text": "@CP24 he's not just a soldier! He has a name. Honour him.", "type": "direct_reply"}, {"index": 4, "attribution": 0.0013341391509020992, "content_attribution": 0.00017873920448942759, "stance_attribution": 0.0011553999464126701, "tweet_id": 525041069856411648, "text": ". @CP24 great story", "type": "direct_reply"}, {"index": 6, "attribution": -0.001703865564119355, "content_attribution": -0.0020993671020375585, "stance_attribution": 0.00039550153791820405, "tweet_id": 525043573197373440, "text": "@CP24 The fear on this mans face is so heartbreaking. So much respect for what these people do.", "type": "direct_reply"}, {"index": 3, "attribution": -0.01154549450208748, "content_attribution": -0.0028150214752840036, "stance_attribution": -0.008730473026803475, "tweet_id": 525048435146502144, "text": "@CP24 God bless Canada and keep us safe!", "type": "direct_reply"}, {"index": 7, "attribution": -0.013054761601190576, "content_attribution": -0.011832801276600427, "stance_attribution": -0.0012219603245901486, "tweet_id": 525049116972564481, "text": "@CP24 @Scooterissima why not go ahead and inflate to a blockade?", "type": "direct_reply"}]}