{"thread_id": "525023858831523841", "gold_label": 0, "predicted_label": 2, "tweet_attributions": [{"index": 5, "attribution": 2.187537937441944, "content_attribution": 0.013686114504604406, "stance_attribution": 2.1738518229373396, "tweet_id": 525338686234558466, "text": "@Crackmacs As a British Mum whose son just retired after 24 yrs in UK Army God Bless you &amp; all your family\ud83c\udf39", "type": "direct_reply"}, {"index": 7, "attribution": 1.7939334287494275, "content_attribution": 0.023158440276939835, "stance_attribution": 1.770774988472488, "tweet_id": 525026196698841089, "text": "@OddSquad I am owed nothing. That guy gave his life for us :( #hero", "type": "lower_reply"}, {"index": 6, "attribution": 1.4734373484990781, "content_attribution": 0.017116811786259623, "stance_attribution": 1.4563205367128185, "tweet_id": 525338957576273920, "text": "@AnnTissi nice! I've got a cousin in some kind of fusiliers regiment. Not even sure. He's pretty awesome though. \n\nGlad your son is whole", "type": "lower_reply"}, {"index": 15, "attribution": 0.4880697188700426, "content_attribution": -0.006356643598709926, "stance_attribution": 0.4944263624687525, "tweet_id": 525026027899478019, "text": "A million tears for this young man.  And a million thanks @Crackmacs", "type": "direct_reply"}, {"index": 10, "attribution": 0.20454328963719542, "content_attribution": 0.023266716137075982, "stance_attribution": 0.18127657350011944, "tweet_id": 525342293621215232, "text": "@Crackmacs Thank you \ud83d\ude0a for that, yes he &amp; we his family have been so fortunate. There for the grace of God, it could have been different\ud83c\udf39", "type": "lower_reply"}, {"index": 12, "attribution": 0.041176306336206406, "content_attribution": 0.05280632475216728, "stance_attribution": -0.011630018415960855, "tweet_id": 525030814556635136, "text": "@OddSquad @Crackmacs I did my own tribute to this man who gave his life. #tributetohero http://t.co/SWX31Uho6C", "type": "lower_reply"}, {"index": 8, "attribution": 0.023856682256418887, "content_attribution": -0.0006936983006800116, "stance_attribution": 0.024550380557098895, "tweet_id": 525067853620195328, "text": "@Crackmacs amen.", "type": "direct_reply"}, {"index": 14, "attribution": 0.022174600685506543, "content_attribution": -0.0013684434708864858, "stance_attribution": 0.02354304415639303, "tweet_id": 525029440041275395, "text": "If only they had stricter gun laws... @Crackmacs", "type": "direct_reply"}, {"index": 4, "attribution": 0.010436076704267314, "content_attribution": 0.06934421973890473, "stance_attribution": -0.05890814303463742, "tweet_id": 525030289316536320, "text": "@Crackmacs I did mean him - just clumsy phrasing on my part.", "type": "lower_reply"}, {"index": 1, "attribution": 0.0072799117647716766, "content_attribution": -0.0010176645614531153, "stance_attribution": 0.008297576326224791, "tweet_id": 525027177645895680, "text": "@Crackmacs God bless him and comfort his family. @catsim7", "type": "direct_reply"}, {"index": 11, "attribution": 0.0027892584006265577, "content_attribution": 0.0006328366444142338, "stance_attribution": 0.002156421756212324, "tweet_id": 525063873347735552, "text": "@Crackmacs", "type": "direct_reply"}, {"index": 9, "attribution": 0.0006557049132891396, "content_attribution": -0.00010740083098542107, "stance_attribution": 0.0007631057442745609, "tweet_id": 525067634308829185, "text": "@Crackmacs @jake_bradford88 RIP and thank you", "type": "direct_reply"}, {"index": 16, "attribution": 6.47276254978804e-05, "content_attribution": -0.00010813777171396088, "stance_attribution": 0.00017286539721184116, "tweet_id": 525044526797557762, "text": "@Crackmacs RIP", "type": "direct_reply"}, {"index": 13, "attribution": -0.0003400137998306343, "content_attribution": -0.00011388301499749932, "stance_attribution": -0.00022613078483313512, "tweet_id": 525333266703073280, "text": "@Crackmacs rip", "type": "direct_reply"}, {"index": 3, "attribution": -0.0026090692142956024, "content_attribution": -0.0011564670249012729, "stance_attribution": -0.00145260218939433, "tweet_id": 525036176802336768, "text": "\u201c@Crackmacs:MT Nathan #Cirillo,soldier shot dead. sir&amp;thank you4your serv. #OttawaShooting http://t.co/DaGJCNu2mt\u201d//May Nathan rest in peace", "type": "direct_reply"}, {"index": 2, "attribution": -0.004470372300346611, "content_attribution": -0.00272680378346564, "stance_attribution": -0.0017435685168809714, "tweet_id": 525024453907189761, "text": "@Crackmacs RIP Nathan #Cirillo", "type": "direct_reply"}, {"index": 0, "attribution": -0.39149567191658463, "content_attribution": 0.04871207039683104, "stance_attribution": -0.44020774231341564, "tweet_id": 525023858831523841, "text": "Cpl. Nathan #Cirillo, the soldier shot dead today in #Ottawa. RIP sir and thank you for your service. #OttawaShooting http://t.co/jpXLr5ONOa", "type": "source"}]}