{"thread_id": "525040408653754368", "gold_label": 0, "predicted_label": 2, "tweet_attributions": [{"index": 11, "attribution": 1.0655079099719402, "content_attribution": 0.06342641108436485, "stance_attribution": 1.0020814988875755, "tweet_id": 525041193290571777, "text": "@SkyMineOnline Confirmed by both BBC and NBC News, what more do you need?", "type": "lower_reply"}, {"index": 4, "attribution": 0.20823964406200957, "content_attribution": 0.09331501076886503, "stance_attribution": 0.11492463329314456, "tweet_id": 525041871127863297, "text": "@TheAnonMessage I don't read newspaper.", "type": "lower_reply"}, {"index": 8, "attribution": 0.026938650807739956, "content_attribution": -0.001194267835666861, "stance_attribution": 0.028132918643406817, "tweet_id": 525060987272298496, "text": "@TheAnonMessage Surprise!", "type": "direct_reply"}, {"index": 7, "attribution": 0.024252487360622882, "content_attribution": 0.0007133593278126018, "stance_attribution": 0.023539128032810275, "tweet_id": 525425098497724417, "text": "@TheAnonMessage @OpIceISIS - correction: WAS an ISIS sympathiser. Now in hell with his Sluts of Satan! \ud83d\udc7f\ud83d\ude08\ud83d\udc79\ud83d\udc79\ud83d\udc79", "type": "direct_reply"}, {"index": 1, "attribution": 0.009189709058509663, "content_attribution": -0.00014250545288043218, "stance_attribution": 0.009332214511390095, "tweet_id": 525041220540575746, "text": "@TheAnonMessage  Michael Zehaf Bibeau is Canadian born in 1982. He is 32 years old.", "type": "direct_reply"}, {"index": 9, "attribution": 0.006670701609131883, "content_attribution": -0.0017849264543275082, "stance_attribution": 0.008455628063459392, "tweet_id": 525044071006760960, "text": "\u201c@TheAnonMessage: BREAKING NEWS: Suspected Ottawa gunman identified as Michael Joseph Hall #ISIS sympathizer. #OttawaShooting\u201d\n#nosjournaal", "type": "direct_reply"}, {"index": 3, "attribution": 0.0026842400979102017, "content_attribution": -0.0002833839523251969, "stance_attribution": 0.002967624050235399, "tweet_id": 525273407831945217, "text": "@TheAnonMessage @OpIceISIS  ISIS can Suck My Dick you WEAK MINDED pieces of unworthy  Shit  !", "type": "direct_reply"}, {"index": 2, "attribution": -0.0040858878014804565, "content_attribution": 0.00029884298369629533, "stance_attribution": -0.00438473078517675, "tweet_id": 525470100124860416, "text": "@TheAnonMessage @OpIceISIS -BREAKING NEWS GUYS:\nhttp://t.co/tqIoUZsLKz", "type": "direct_reply"}, {"index": 6, "attribution": -0.0053925650910021765, "content_attribution": -0.006176785013604562, "stance_attribution": 0.000784219922602385, "tweet_id": 525042290004205568, "text": "@TheAnonMessage I see the name Michael Zehaf-Bibeau bandied about, not Hall.  Haven't seen any affiliations reported; speculated Algerian.", "type": "direct_reply"}, {"index": 5, "attribution": -0.0114177993125287, "content_attribution": -0.002570488723167022, "stance_attribution": -0.00884731058936168, "tweet_id": 525385144379912193, "text": "@TheAnonMessage Drugs to convict me of the people in the store", "type": "direct_reply"}, {"index": 10, "attribution": -0.0589945920572241, "content_attribution": 0.034679649052800514, "stance_attribution": -0.09367424111002462, "tweet_id": 525040660580409345, "text": "@TheAnonMessage Really?", "type": "direct_reply"}, {"index": 0, "attribution": -0.12041142519913613, "content_attribution": 0.023666571674502538, "stance_attribution": -0.14407799687363865, "tweet_id": 525040408653754368, "text": "BREAKING NEWS: Suspected Ottawa gunman identified as Michael Joseph Hall, an #ISIS sympathizer. #OttawaShooting", "type": "source"}]}