{"thread_id": "525036457732231169", "gold_label": 0, "predicted_label": 0, "tweet_attributions": [{"index": 0, "attribution": 0.17710313787519005, "content_attribution": 0.018608046288170664, "stance_attribution": 0.1584950915870194, "tweet_id": 525036457732231169, "text": "#Canada Soldier shot today: MT @megunder On Sunday very handsome guard in picture with my friend - RIP Nathan Cirillo http://t.co/qJXlw1hNN3", "type": "source"}, {"index": 1, "attribution": 0.042932648350551744, "content_attribution": 0.0035501243200436808, "stance_attribution": 0.03938252403050807, "tweet_id": 525068696583434240, "text": "'@sasapetricic @megunder RIP Canadian Highlander. Our song #worldatwar more relevant than ever @diehardwrd @scots_wa_hey @poppyscotland", "type": "direct_reply"}, {"index": 6, "attribution": 0.023401273086699054, "content_attribution": 3.995997681755566e-05, "stance_attribution": 0.0233613131098815, "tweet_id": 525094063427846145, "text": "@sasapetricic @janfromthebruce @megunder \nSoooooooo\nVery\nSad", "type": "direct_reply"}, {"index": 7, "attribution": 0.008301311909847783, "content_attribution": -0.00015692124382355095, "stance_attribution": 0.008458233153671332, "tweet_id": 525429951794020352, "text": "@sasapetricic @DamoSpin @megunder", "type": "direct_reply"}, {"index": 5, "attribution": -0.002624417381861275, "content_attribution": -0.004739647843019551, "stance_attribution": 0.0021152304611582744, "tweet_id": 525040594817921024, "text": "@sasapetricic @garymasonglobe @megunder Tragic! My heart goes out to his family.", "type": "direct_reply"}, {"index": 3, "attribution": -0.005757961531306255, "content_attribution": 0.001929205934771355, "stance_attribution": -0.00768716746607761, "tweet_id": 525040106860584960, "text": "@sasapetricic @megunder  Thank you for sharing this wonderful picture and revealing  the  very human side  of this unjustifiable tragedy....", "type": "direct_reply"}, {"index": 2, "attribution": -0.011895548627853346, "content_attribution": -0.0024296212270181463, "stance_attribution": -0.009465927400835199, "tweet_id": 525042187579322368, "text": "@sasapetricic @IvisonJ @megunder Now my tears are falling.", "type": "direct_reply"}, {"index": 4, "attribution": -0.015244460873771567, "content_attribution": -0.0007726185179141262, "stance_attribution": -0.01447184235585744, "tweet_id": 525058396706181120, "text": "@sasapetricic @megunder Thank you for sharing with the proud country.", "type": "direct_reply"}]}