{"thread_id": "525057606151602176", "gold_label": 0, "predicted_label": 0, "tweet_attributions": [{"index": 0, "attribution": 0.2896699435811578, "content_attribution": 0.03251169764529087, "stance_attribution": 0.2571582459358669, "tweet_id": 525057606151602176, "text": "VIDEO: Seconds after shooting Nathan Cirillo, #OttawaShooting suspect gets into car. http://t.co/tbPrMJhNu0", "type": "source"}, {"index": 2, "attribution": 0.03329385584701067, "content_attribution": 0.009142539980412884, "stance_attribution": 0.024151315866597783, "tweet_id": 525059169498726400, "text": "\u201c@CBCTheNational: VIDEO: Seconds after shooting Nathan Cirillo, #OttawaShooting suspect gets into car. http://t.co/KuhYVZ5wOa\u201d", "type": "direct_reply"}, {"index": 3, "attribution": 0.03169697211353592, "content_attribution": -0.03964841928463367, "stance_attribution": 0.0713453913981696, "tweet_id": 525059552614825984, "text": "@CBCTheNational then walked into the halls on #ParliamentHill unobstructed. #WhereWasOurNationalSecurity", "type": "direct_reply"}, {"index": 1, "attribution": 0.02011439519252598, "content_attribution": 0.008322600839086588, "stance_attribution": 0.01179179435343939, "tweet_id": 525059905875902465, "text": "RT @CBCTheNational: VIDEO: Seconds after shooting Nathan Cirillo, #OttawaShooting suspect gets into car http://t.co/KqHrr5qlfO #ISIS #Canada", "type": "direct_reply"}]}