{"thread_id": "525045145079533568", "gold_label": 0, "predicted_label": 0, "tweet_attributions": [{"index": 0, "attribution": 0.14313184062325224, "content_attribution": 0.03169088422426598, "stance_attribution": 0.1114409563989863, "tweet_id": 525045145079533568, "text": ".@pmharper and I have been speaking to some of our allies around the world. The PM will address the nation this evening. #OttawaShooting", "type": "source"}, {"index": 5, "attribution": 0.05925013001298844, "content_attribution": 0.0013165620047276949, "stance_attribution": 0.057933568008260744, "tweet_id": 525045393261084674, "text": "@HonJohnBaird @pmharper Any word on when that might happen?", "type": "direct_reply"}, {"index": 2, "attribution": 0.04767795764489413, "content_attribution": 0.0017752295517941307, "stance_attribution": 0.045902728093100004, "tweet_id": 525048353084567552, "text": "@HonJohnBaird @pmharper Got some blood in the game now. Don't ya?", "type": "direct_reply"}, {"index": 13, "attribution": 0.04224771193522132, "content_attribution": 0.0031302572574662822, "stance_attribution": 0.039117454677755036, "tweet_id": 525050565806419968, "text": ". @HonJohnBaird @pmharper Adress who you want but leave the guards on the War Memorial &amp; let the CFA wear their uniforms. Stop the cringe!", "type": "direct_reply"}, {"index": 1, "attribution": 0.02298238887617409, "content_attribution": 0.0003971472483598823, "stance_attribution": 0.02258524162781421, "tweet_id": 525046845526269952, "text": "@HonJohnBaird @CTVNews @pmharper Haven't we already been through enough today?", "type": "direct_reply"}, {"index": 11, "attribution": 0.016740386992465914, "content_attribution": 0.004708818700091958, "stance_attribution": 0.012031568292373956, "tweet_id": 525048498736340992, "text": "@honjohnbaird @pmharper @kady I hope it's to resign. We need leaders not you dickweeds. Fuck off. #cdnpoli", "type": "direct_reply"}, {"index": 15, "attribution": 0.01380069742889053, "content_attribution": 0.0017378714786006181, "stance_attribution": 0.012062825950289914, "tweet_id": 525045522240110592, "text": "@HonJohnBaird @pmharper let's ban islam", "type": "direct_reply"}, {"index": 3, "attribution": 0.01291219108138358, "content_attribution": 0.001318480493170804, "stance_attribution": 0.011593710588212777, "tweet_id": 525048320734265346, "text": "@HonJohnBaird @pmharper proverb21-24", "type": "direct_reply"}, {"index": 14, "attribution": 0.012909376949690434, "content_attribution": 0.0008635605628422643, "stance_attribution": 0.012045816386848172, "tweet_id": 525048322088660992, "text": "@HonJohnBaird @VassyKapelos @pmharper What will you be up to?", "type": "direct_reply"}, {"index": 10, "attribution": 0.010314161717860485, "content_attribution": 0.001717133555631982, "stance_attribution": 0.008597028162228501, "tweet_id": 525048028324200448, "text": "@HonJohnBaird @CTVNews @pmharper would this have happened if the gov't tried other peaceful means of solving the problems in the middle east", "type": "direct_reply"}, {"index": 7, "attribution": 0.0065578889160154245, "content_attribution": -0.0034995107805207266, "stance_attribution": 0.01005739969653615, "tweet_id": 525045604972769281, "text": "@HonJohnBaird @pmharper What time is the PM on tv tonight?", "type": "direct_reply"}, {"index": 6, "attribution": 0.003933483322750573, "content_attribution": 0.001007024691463355, "stance_attribution": 0.0029264586312872168, "tweet_id": 525046529329868801, "text": "@HonJohnBaird @CTVNews @pmharper The Emergency Measures Act.  Use it.  Stop protecting evil at the cost of the innocent.", "type": "direct_reply"}, {"index": 4, "attribution": 0.002131168688468372, "content_attribution": 0.0008726786466303818, "stance_attribution": 0.0012584900418379907, "tweet_id": 525048284511875072, "text": "you assholes brought this to our shores, .@HonJohnBaird. you should both resign immediately. scumbags! @CTVNews .@pmharper", "type": "direct_reply"}, {"index": 9, "attribution": 0.00114804471225049, "content_attribution": 0.00026733756878768414, "stance_attribution": 0.0008807071434628038, "tweet_id": 525050929067085825, "text": "@HonJohnBaird @pmharper stay ...live ...work and than we just kick you out", "type": "direct_reply"}, {"index": 8, "attribution": 0.0009506834886688624, "content_attribution": -0.0011274037450158033, "stance_attribution": 0.0020780872336846655, "tweet_id": 525047233138659328, "text": "@HonJohnBaird @CTVNews @pmharper with respect, waiting 9 hours to make statement to Canadians might have been higher priority #CANpoli", "type": "direct_reply"}, {"index": 16, "attribution": -0.006209237525220457, "content_attribution": 0.002200304727006222, "stance_attribution": -0.00840954225222668, "tweet_id": 525047677571334144, "text": "@HonJohnBaird @pmharper You will pay for the damage you've done to Canada. Your hate mongering will never be forgotten. Your names cursed.", "type": "direct_reply"}, {"index": 12, "attribution": -0.006854155528543078, "content_attribution": 0.0015978392780845044, "stance_attribution": -0.008451994806627583, "tweet_id": 525047627813900289, "text": "@HonJohnBaird @kady @pmharper I'm sorry you had a terrible day but YOU HAVE A GIANT STICK UP YOUR ASS.", "type": "direct_reply"}, {"index": 17, "attribution": -0.023431113797612466, "content_attribution": 0.0015641642847249717, "stance_attribution": -0.024995278082337435, "tweet_id": 525051041813766144, "text": "@HonJohnBaird @CTVNews @pmharper try talking to your citizens instead.", "type": "direct_reply"}]}