{"thread_id": "525038517844709376", "gold_label": 0, "predicted_label": 0, "tweet_attributions": [{"index": 0, "attribution": 0.16745585921433928, "content_attribution": 0.0065513742253796164, "stance_attribution": 0.16090448498895965, "tweet_id": 525038517844709376, "text": "RIP Cpl Nathan Cirillo... Canada will always remember you. #OttawaShooting http://t.co/XPXQRCIH4w", "type": "source"}, {"index": 2, "attribution": 0.0584290093013421, "content_attribution": -0.0058283840705060114, "stance_attribution": 0.0642573933718481, "tweet_id": 525041617909321728, "text": "@ChakerKhazaal This is tragic.", "type": "direct_reply"}, {"index": 4, "attribution": 0.012840279899588294, "content_attribution": -0.003195280529561279, "stance_attribution": 0.016035560429149574, "tweet_id": 525052549087649792, "text": "\u201c@ChakerKhazaal: RIP Cpl Nathan Cirillo... Canada will always remember you. #OttawaShooting http://t.co/Wn5YJsEO0P\u201d rest in peace \ud83d\ude14\ud83c\udf41\ud83d\udc94", "type": "direct_reply"}, {"index": 1, "attribution": 0.010143834735337885, "content_attribution": -0.003886344008754007, "stance_attribution": 0.014030178744091893, "tweet_id": 525041307421794304, "text": "\u201c@ChakerKhazaal: RIP Cpl Nathan Cirillo... Canada will always remember you. #OttawaShooting http://t.co/oCtkc080J7\u201d Tragic.", "type": "direct_reply"}, {"index": 5, "attribution": 0.009676013792535408, "content_attribution": 0.0015686013034136963, "stance_attribution": 0.008107412489121706, "tweet_id": 525040924804808704, "text": "\u201c@ChakerKhazaal: RIP Cpl Nathan Cirillo... Canada will always remember you. #OttawaShooting http://t.co/WKKsid8nK0\u201d #CAHERO", "type": "direct_reply"}, {"index": 3, "attribution": 0.005262394454355882, "content_attribution": -0.004574544481355162, "stance_attribution": 0.009836938935711045, "tweet_id": 525049342382850048, "text": "\u201c@ChakerKhazaal: RIP Cpl Nathan Cirillo... Canada will always remember you. #OttawaShooting http://t.co/Z8xZ6kjKl4\u201d http://t.co/QoBWthvTE9", "type": "direct_reply"}]}