{"thread_id": "525065430713790465", "gold_label": 0, "predicted_label": 0, "tweet_attributions": [{"index": 0, "attribution": 0.10145549651702866, "content_attribution": -0.04690202451190329, "stance_attribution": 0.14835752102893196, "tweet_id": 525065430713790465, "text": "Canadian Prime Minister Stephen Harper is due to make a statement shortly, reports say http://t.co/dUvWlCCpdY #OttawaShootings", "type": "source"}, {"index": 5, "attribution": 0.020933174094794903, "content_attribution": 0.0005392424716262152, "stance_attribution": 0.020393931623168687, "tweet_id": 525066208400252928, "text": "@BBCBreaking Will he can get #ottawashooting story straight during Historic #CSAinquiry + missing files of #LeonBrittan or #BlockTheBoat", "type": "direct_reply"}, {"index": 3, "attribution": 0.013834141378503646, "content_attribution": 0.0021981792109863375, "stance_attribution": 0.011635962167517309, "tweet_id": 525066677721899008, "text": "@BBCBreaking john Howard son I huttle bug wet affair", "type": "direct_reply"}, {"index": 2, "attribution": 0.011024515703163498, "content_attribution": 0.0010303956601459274, "stance_attribution": 0.00999412004301757, "tweet_id": 525067484689211393, "text": "@BBCBreaking harps on like a seal harpers nick name anzacthnilism war , alert full war  and roger Wilco", "type": "direct_reply"}, {"index": 8, "attribution": 0.007051325665658709, "content_attribution": -0.0005523905726328205, "stance_attribution": 0.0076037162382915306, "tweet_id": 525066531676622849, "text": "@BBCBreaking http://t.co/JaODFtVsSK", "type": "direct_reply"}, {"index": 10, "attribution": 0.006016960924746777, "content_attribution": 0.003307315960775691, "stance_attribution": 0.002709644963971086, "tweet_id": 525118968366116864, "text": "@BBCBreaking #PrimeMinister #StephenHarper no liberal #WorkplaceViolence excuses #ATerroristIsATerrorist http://t.co/9KJWtjqjTt", "type": "direct_reply"}, {"index": 12, "attribution": 0.004777412249389209, "content_attribution": -0.010989698419195662, "stance_attribution": 0.01576711066858487, "tweet_id": 525067196331216897, "text": "@BBCBreaking the \"I didn't see that coming\" speech", "type": "direct_reply"}, {"index": 9, "attribution": -0.0008722912923041864, "content_attribution": -0.0012801411903337772, "stance_attribution": 0.0004078498980295917, "tweet_id": 525068791181737984, "text": "@BBCBreaking It's a terrible situation. I hope he's brave enough to say what is known and avoid hyperbolics. #honor #Ottawa", "type": "direct_reply"}, {"index": 6, "attribution": -0.011416776193042065, "content_attribution": -7.745593390188631e-05, "stance_attribution": -0.011339320259140175, "tweet_id": 525066839936626688, "text": "@BBCBreaking @JulieBishopMP @SBSNews MAYbe you may have some accurate facts to communicate to community not rhetoric or about Memememxxx", "type": "direct_reply"}, {"index": 7, "attribution": -0.012059025687265225, "content_attribution": -0.005209852992256467, "stance_attribution": -0.006849172695008756, "tweet_id": 525070088115093505, "text": "@BBCBreaking Stephen Harper is a masonic Zionist tool. He can fuck right off", "type": "direct_reply"}, {"index": 4, "attribution": -0.012278907820628711, "content_attribution": -0.005165405141287625, "stance_attribution": -0.007113502679341087, "tweet_id": 525067069784485888, "text": "@BBCBreaking fone charge low harper is john Howards son wet affair statute law serial mayday extreme mayday shoot and kill they war war war", "type": "direct_reply"}, {"index": 1, "attribution": -0.015482535614326776, "content_attribution": 0.003468174325934433, "stance_attribution": -0.01895070994026121, "tweet_id": 525083166399541248, "text": "@BBCBreaking so sorry to hear of this happening in Canada.   We in the United States are praying for them.", "type": "direct_reply"}, {"index": 11, "attribution": -0.03001707136266915, "content_attribution": -0.0010182154898926135, "stance_attribution": -0.028998855872776546, "tweet_id": 525070841756024832, "text": "@BBCBreaking  an official apology is needed from prime minister  Harper for this embarrassing and disastrous security failure!!", "type": "direct_reply"}]}