{"thread_id": "525023912221212672", "gold_label": 0, "predicted_label": 2, "tweet_attributions": [{"index": 14, "attribution": 3.3450208115559734, "content_attribution": 0.034340439347423805, "stance_attribution": 3.31068037220855, "tweet_id": 525024859261513728, "text": "@Reuters @_DarkMavis That sounds very Muslim-ish.", "type": "direct_reply"}, {"index": 12, "attribution": 1.2486435857036309, "content_attribution": 0.04046766552009598, "stance_attribution": 1.208175920183535, "tweet_id": 525036400690102273, "text": "@wopthedo @Reuters @_DarkMavis Muslims do not share a common language.", "type": "lower_reply"}, {"index": 11, "attribution": 0.21787646231004748, "content_attribution": 0.03268302804876347, "stance_attribution": 0.18519343426128404, "tweet_id": 525036303557984256, "text": "@wopthedo @Reuters @_DarkMavis Oh yes, the first name after an archangel and the French family name Bibeau are so typically Muslim.../s", "type": "lower_reply"}, {"index": 4, "attribution": 0.04260958651633295, "content_attribution": 0.0350886766403376, "stance_attribution": 0.0075209098759953475, "tweet_id": 525037454097936384, "text": "@PatrickAchtelik @Reuters @_DarkMavis French Canadian.  You seem to be up on archangels. Can you explain the double-barrelled name?", "type": "lower_reply"}, {"index": 16, "attribution": 0.02239842491990408, "content_attribution": 3.96040503038073e-05, "stance_attribution": 0.022358820869600272, "tweet_id": 525030660394999808, "text": "@Reuters President Obama and Hillary Clinton would say this attack was because of a video", "type": "direct_reply"}, {"index": 2, "attribution": 0.02162429330427771, "content_attribution": -0.0005674969016659291, "stance_attribution": 0.02219179020594364, "tweet_id": 525039657503821825, "text": "@Reuters Looks like the Arabs reacting to this tweet are inviting more people to join Islamic state.", "type": "direct_reply"}, {"index": 13, "attribution": 0.00479600221553571, "content_attribution": -4.0281050192252836e-05, "stance_attribution": 0.0048362832657279625, "tweet_id": 525025424229662720, "text": "@Reuters I don't find this very surprising unfortunately...", "type": "direct_reply"}, {"index": 6, "attribution": 0.0039250721757987045, "content_attribution": -0.0025355261372493358, "stance_attribution": 0.006460598313048041, "tweet_id": 525024126814003201, "text": "@Reuters time for a sidewalk sandwich for all terrorists", "type": "direct_reply"}, {"index": 5, "attribution": 0.0031251267153012555, "content_attribution": -0.00032961198300740437, "stance_attribution": 0.0034547386983086598, "tweet_id": 525025966557777920, "text": "@Reuters \nCanada has strict gun control. Easy pickin for terrorists who will then have not just the southern border but the northern as well", "type": "direct_reply"}, {"index": 9, "attribution": 0.000376984704661105, "content_attribution": 7.667039448009824e-05, "stance_attribution": 0.00030031431018100695, "tweet_id": 525028228743069697, "text": "@Reuters @AC360@cnnnews", "type": "direct_reply"}, {"index": 1, "attribution": -0.002486606723277275, "content_attribution": -0.0030962130892024436, "stance_attribution": 0.0006096063659251686, "tweet_id": 525025173141876738, "text": "@Reuters @MissAlieNicole Yep possible suspect. It's not like he was killed in the act or anything. What about KNOWN PERPETRATOR?", "type": "direct_reply"}, {"index": 15, "attribution": -0.0033526616816819572, "content_attribution": -0.00019370053831910248, "stance_attribution": -0.0031589611433628546, "tweet_id": 525024467152797698, "text": "@Reuters \u0645\u0646 \u0627\u0641\u0636\u0644 \u0627\u0644\u062d\u0633\u0627\u0628\u0627\u062a \u0628\u062a\u0648\u064a\u062a\u0631 \u0627\u0633\u0626\u0644\u0629 \u0648\u062a\u0641\u0627\u0639\u0644 - @Question_arab", "type": "direct_reply"}, {"index": 7, "attribution": -0.01926160813793853, "content_attribution": -0.003053105980496839, "stance_attribution": -0.016208502157441695, "tweet_id": 525024901636571136, "text": "@Reuters find the bastard and put a bullet in his head", "type": "direct_reply"}, {"index": 8, "attribution": -0.06368288382070517, "content_attribution": 0.001811086872047109, "stance_attribution": -0.06549397069275227, "tweet_id": 525025686193713152, "text": "@bi2007asm @Zeinobia @Reuters @Question_arab \u0627\u0628\u064a \u064a\u0646\u0644\u062d\u0633 \u0645\u062e\u064a", "type": "lower_reply"}, {"index": 3, "attribution": -0.11376442724207672, "content_attribution": 0.047959696388263, "stance_attribution": -0.16172412363033972, "tweet_id": 525038078625210368, "text": "@PatrickAchtelik @Reuters @_DarkMavis Eh? Who said they did? And with whom?", "type": "lower_reply"}, {"index": 10, "attribution": -0.20542755282778177, "content_attribution": 0.004562862867270305, "stance_attribution": -0.2099904156950521, "tweet_id": 525024462828498945, "text": "@Reuters \u0627\u0646\u062a \u062c\u0627\u0647\u0644 \u061f \u062a\u0628\u064a \u062a\u0635\u064a\u0631 \u0645\u062b\u0642\u0641 \u061f \u062a\u0639\u0627\u0644 \u0647\u0646\u0627 @Question_arab", "type": "direct_reply"}, {"index": 0, "attribution": -0.4537418907154168, "content_attribution": 0.06467899745870122, "stance_attribution": -0.5184208881741181, "tweet_id": 525023912221212672, "text": "BREAKING: Canada police investigating Michael Zehaf-Bibeau as possible suspect in Ottawa shooting: source familiar with matter", "type": "source"}]}