{"thread_id": "525057025785356288", "gold_label": 0, "predicted_label": 2, "tweet_attributions": [{"index": 7, "attribution": 3.4482820987908545, "content_attribution": 0.013584108725854919, "stance_attribution": 3.434697990065, "tweet_id": 525062312013856768, "text": "@CNNSitRoom God Bless him and his family! He volunteered to serve as Honor Guard for the memorial! He did it with Honor!\ud83d\ude4f\ud83c\uddfa\ud83c\uddf8", "type": "direct_reply"}, {"index": 12, "attribution": 1.8713781224940838, "content_attribution": 0.021317227256932948, "stance_attribution": 1.8500608952371507, "tweet_id": 525075878624378880, "text": "@GatesRobin @CNNSitRoom What's with the praying hands and the American flag? This guy was Canadian.", "type": "lower_reply"}, {"index": 9, "attribution": 0.6174803683597982, "content_attribution": 0.02881900642161999, "stance_attribution": 0.5886613619381782, "tweet_id": 525057562178519040, "text": "@CNNSitRoom @CNN @paulanewtonCNN Obvious Israeli false flag, really being called out as such. Sick of Zionist media \"reporting\" these crimes", "type": "direct_reply"}, {"index": 14, "attribution": 0.3006839039574172, "content_attribution": 0.017634077449591026, "stance_attribution": 0.2830498265078261, "tweet_id": 525062048099491840, "text": "@disinfo_flag @CNNSitRoom @CNN @paulanewtonCNN Dont tread on me or my flag.. and especially Israel.", "type": "lower_reply"}, {"index": 17, "attribution": 0.21541917389624765, "content_attribution": 0.052645355037809594, "stance_attribution": 0.16277381885843806, "tweet_id": 525077488603770880, "text": "@Holsteinlange @CNNSitRoom Yes I know he was Canadian! Support for his family and pray for  family lose! I was a soldier, he was a soldier!", "type": "lower_reply"}, {"index": 1, "attribution": 0.018519923632671166, "content_attribution": 0.01611572970204673, "stance_attribution": 0.0024041939306244367, "tweet_id": 525061459584507904, "text": "@Oilersmyth @disinfo_flag @CNNSitRoom @CNN @paulanewtonCNN oh shit they retweeted me", "type": "lower_reply"}, {"index": 20, "attribution": 0.01834097907061382, "content_attribution": 0.016955762281447254, "stance_attribution": 0.0013852167891665644, "tweet_id": 525061145162711040, "text": "@Oilersmyth @disinfo_flag @CNNSitRoom @CNN @paulanewtonCNN oh shit they replied", "type": "lower_reply"}, {"index": 22, "attribution": 0.014810765251722185, "content_attribution": 0.012227190366520781, "stance_attribution": 0.002583574885201403, "tweet_id": 525058322588651521, "text": "@disinfo_flag @CNNSitRoom @CNN @paulanewtonCNN omfg, please, PLEASE stfu. Not everything is a conspiracy.", "type": "lower_reply"}, {"index": 23, "attribution": 0.014809644688436631, "content_attribution": -2.7050629698334647e-05, "stance_attribution": 0.014836695318134967, "tweet_id": 525061579578957824, "text": "@CNNSitRoom @CNN @paulanewtonCNN RIP.", "type": "direct_reply"}, {"index": 10, "attribution": 0.011108727463403193, "content_attribution": 0.009160818437328171, "stance_attribution": 0.0019479090260750205, "tweet_id": 525059196220624896, "text": "@Oilersmyth Aww... we'll try not to upset you. It's tough when you figure out the world isn't made of sugar. You just react like a bitch. :)", "type": "lower_reply"}, {"index": 8, "attribution": 0.005367311249455458, "content_attribution": 0.0001866766367237603, "stance_attribution": 0.005180634612731698, "tweet_id": 525058048880943104, "text": "@CNNSitRoom @CNN @paulanewtonCNN\nAs always, there is a special place in hell for sub human(s) that did it", "type": "direct_reply"}, {"index": 2, "attribution": 0.004481958769220862, "content_attribution": 0.0007591245465770857, "stance_attribution": 0.0037228342226437758, "tweet_id": 525058034071257088, "text": "@CNNSitRoom @CNN @paulanewtonCNN More info on him: http://t.co/eqgdQohJc6", "type": "lower_reply"}, {"index": 15, "attribution": 0.004277259929319365, "content_attribution": -0.000995746820836979, "stance_attribution": 0.0052730067501563435, "tweet_id": 525058485151494144, "text": "RT @CNNSitRoom: More #breaking: @CNN confirms name of soldier who was killed in #OttawaShooting as Nathan Cirillo. @paulanewtonCNN http://t\u2026", "type": "direct_reply"}, {"index": 21, "attribution": 0.003502047725326839, "content_attribution": -0.0011294621598371029, "stance_attribution": 0.004631509885163942, "tweet_id": 525058963318919171, "text": "@CNNSitRoom Michael Zehaf-Bibeau #OttawaShooting\u2026Blowback does not exist\u2026Iraq War will pay for itself\u2026war will last weeks rather than months", "type": "direct_reply"}, {"index": 3, "attribution": 0.0026576667353884055, "content_attribution": 0.013910060944784934, "stance_attribution": -0.011252394209396525, "tweet_id": 525062496240279552, "text": "@Death4Jodi You mean the flag with the Seal of Solomon on it, the same symbol those in Witchcraft use to summon demons? I tread on it.", "type": "lower_reply"}, {"index": 16, "attribution": 0.0017890686663952484, "content_attribution": -0.0002974521083161352, "stance_attribution": 0.0020865207747113837, "tweet_id": 525060804853252096, "text": "@cnnsitroom @cnn @paulanewtoncnn oh my God", "type": "direct_reply"}, {"index": 19, "attribution": 0.0017383795187616655, "content_attribution": -0.00041194522029015584, "stance_attribution": 0.002150324739051821, "tweet_id": 525057215796117504, "text": "@CNNSitRoom @CNN @paulanewtonCNN you guys have absolutely no idea what the hell you're saying shut up please", "type": "direct_reply"}, {"index": 6, "attribution": 0.0011124486233042117, "content_attribution": -0.0005118420032172461, "stance_attribution": 0.0016242906265214576, "tweet_id": 525060037145001984, "text": "@CNNSitRoom @CNN @paulanewtonCNN DEAR CNN, Stop trying to cover Canadian news. You suck at it. Please stop, it's insulting. \nFrom,\nCanada", "type": "direct_reply"}, {"index": 13, "attribution": 0.000949901155965263, "content_attribution": -0.000978591203530776, "stance_attribution": 0.0019284923594960382, "tweet_id": 525060178543394816, "text": "@CNNSitRoom @CNN @paulanewtonCNN Breaking?", "type": "direct_reply"}, {"index": 5, "attribution": 0.0006284981393850403, "content_attribution": 0.0002349304364265165, "stance_attribution": 0.0003935677029585237, "tweet_id": 525060882687336448, "text": "@CNNSitRoom @CNN @paulanewtonCNN may he rest in peace! He gave his life serving his country!", "type": "direct_reply"}, {"index": 4, "attribution": -0.00411418867587214, "content_attribution": 0.004205192349474284, "stance_attribution": -0.008319381025346424, "tweet_id": 525057353251844096, "text": ".@CNNSitRoom @CNN @paulanewtonCNN Nathan is the one on the left in that photo, taken moments prior to shooting.", "type": "direct_reply"}, {"index": 18, "attribution": -0.0333045093841194, "content_attribution": -0.0003436014890340946, "stance_attribution": -0.03296090789508531, "tweet_id": 525062327930855424, "text": "@tolovana66 @CNNSitRoom @CNN @paulanewtonCNN IS is looking for vulnerable important spots then start here.. in U.S", "type": "lower_reply"}, {"index": 11, "attribution": -0.07884157559670309, "content_attribution": 0.0012559024033814406, "stance_attribution": -0.08009747800008453, "tweet_id": 525057746119319552, "text": "@CNNSitRoom @CNN @paulanewtonCNN I want 2 hear was it planned attack. is it a prelude 2 more 2 come. connected to ISIS. talk facts", "type": "direct_reply"}, {"index": 0, "attribution": -0.6370261853831511, "content_attribution": 0.03319244709532835, "stance_attribution": -0.6702186324784795, "tweet_id": 525057025785356288, "text": "More #breaking: @CNN confirms name of soldier who was killed in #OttawaShooting as Nathan Cirillo. @paulanewtonCNN http://t.co/3e8cFKOUnT", "type": "source"}]}