{"thread_id": "525055879545380864", "gold_label": 0, "predicted_label": 0, "tweet_attributions": [{"index": 0, "attribution": 0.204184602151495, "content_attribution": -0.025935236400494124, "stance_attribution": 0.2301198385519891, "tweet_id": 525055879545380864, "text": "Our thoughts are with the family and friends of Cpl. Nathan Cirillo and all those affected by the events in Ottawa today. #OttawaStrong", "type": "source"}, {"index": 2, "attribution": 0.09295821538377333, "content_attribution": -0.013165674130112518, "stance_attribution": 0.10612388951388585, "tweet_id": 525063091546234880, "text": "@VanCanucks thank you guys in Vancouver for all your love and support #canadastrong #truenorthstrongandfree", "type": "direct_reply"}, {"index": 1, "attribution": 0.006684752178791989, "content_attribution": -0.004374528829197069, "stance_attribution": 0.01105928100798906, "tweet_id": 525059793401442305, "text": "@VanCanucks #Canadastrong", "type": "direct_reply"}]}