{"thread_id": "525008463819464704", "gold_label": 0, "predicted_label": 2, "tweet_attributions": [{"index": 8, "attribution": 2.4494818031134225, "content_attribution": 0.08497976731142592, "stance_attribution": 2.3645020358019964, "tweet_id": 525091399671496704, "text": "@NepeanGal @Canoe They most likely have a hidden one for emergencies like this", "type": "lower_reply"}, {"index": 2, "attribution": 1.501897994443838, "content_attribution": 0.14096881879934559, "stance_attribution": 1.3609291756444928, "tweet_id": 525087963102081024, "text": "@JuniorReyes17 @Canoe Not members of parliament.", "type": "lower_reply"}, {"index": 3, "attribution": 1.3478646638856537, "content_attribution": 0.05974283491341662, "stance_attribution": 1.2881218289722371, "tweet_id": 525082707001618433, "text": "@NepeanGal @Canoe Do you really think they wouldn't have guns inside? Are you mental??", "type": "lower_reply"}, {"index": 7, "attribution": 0.32016804862344117, "content_attribution": 0.020588266456304394, "stance_attribution": 0.2995797821671367, "tweet_id": 525302524476399616, "text": "@JuniorReyes17 @Canoe Well now I know Kevin Vickers was former RCMP Inspector. So obviously he'd have that capability to carry a weapon.", "type": "lower_reply"}, {"index": 0, "attribution": 0.10737524316927227, "content_attribution": 0.02298713960154549, "stance_attribution": 0.08438810356772675, "tweet_id": 525008463819464704, "text": "Meet Kevin Vickers, the hero who shot down the Parliament Hill gunman #OttawaShooting http://t.co/dFhPJCDREP http://t.co/m4fFmtw8d8", "type": "source"}, {"index": 1, "attribution": 0.027903363440029163, "content_attribution": 0.058588860669897026, "stance_attribution": -0.030685497229867867, "tweet_id": 525022857316007936, "text": "@Canoe Someone in Parliament possessing a gun?", "type": "direct_reply"}, {"index": 4, "attribution": 0.013551689747288157, "content_attribution": -0.0022615968768923875, "stance_attribution": 0.015813286624180547, "tweet_id": 525012880656449536, "text": "\u201c@Canoe: Meet Kevin Vickers, the hero who shot down the Parliament Hill gunman #OttawaShooting http://t.co/Vrt3pSRQJk http://t.co/y76FQjlcpG", "type": "direct_reply"}, {"index": 6, "attribution": 0.0021390907413435687, "content_attribution": -0.0013279977520761724, "stance_attribution": 0.003467088493419741, "tweet_id": 525289551577616384, "text": ".@Canoe @mopenshaw a thousand times the man O Hussein will ever be @weknowwhatsbest @kesgardner @larryelder @PaulReverePress", "type": "direct_reply"}, {"index": 5, "attribution": -0.00940108478960423, "content_attribution": -0.00565566258343113, "stance_attribution": -0.0037454222061730994, "tweet_id": 525053779939319808, "text": "@Canoe @MikkiL Room on his jacket for another medal, I think.", "type": "direct_reply"}, {"index": 9, "attribution": -0.023164107517988607, "content_attribution": -0.00022711682810466774, "stance_attribution": -0.02293699068988394, "tweet_id": 525012458273275906, "text": "@Canoe don't mess with old school", "type": "direct_reply"}]}