{"thread_id": "525033357722550272", "gold_label": 0, "predicted_label": 0, "tweet_attributions": [{"index": 0, "attribution": 0.12809493903590358, "content_attribution": -0.05239978621422505, "stance_attribution": 0.1804947252501286, "tweet_id": 525033357722550272, "text": "@CBCNews has independently confirmed gunman killed in Parliament attack is Canadian-born Michael Zehaf-Bibeau.#OttawaShooting", "type": "source"}, {"index": 1, "attribution": 0.08799397104984047, "content_attribution": -0.0007824454235431168, "stance_attribution": 0.08877641647338358, "tweet_id": 525036108422213632, "text": "@CBCAlerts @cbcJillDempsey @CBCNews many thanks to Sargent at arms for shoting that creep!", "type": "direct_reply"}, {"index": 3, "attribution": 0.007367014384490365, "content_attribution": 0.009614553329699176, "stance_attribution": -0.002247538945208815, "tweet_id": 525034482957819904, "text": "@CBCAlerts @CBCNews Just a \"gunman\"? #whiteprivilege #thisisalsoTerrorism", "type": "direct_reply"}, {"index": 4, "attribution": 0.005327188026963118, "content_attribution": -0.0035942130124255265, "stance_attribution": 0.008921401039388646, "tweet_id": 525049840599044096, "text": "@AcBailie @CBCAlerts @CBCNews #OttawaShooting stop using that piece of garbage's name. He's garbage. He's not human.", "type": "direct_reply"}, {"index": 2, "attribution": 0.00357724996254883, "content_attribution": 0.00015593614868236543, "stance_attribution": 0.003421313813866466, "tweet_id": 525065153562574848, "text": "@CBCAlerts @CBCNews @cnni", "type": "direct_reply"}, {"index": 6, "attribution": -0.0061497831740286515, "content_attribution": -0.0004061147537584254, "stance_attribution": -0.005743668420270227, "tweet_id": 525033572273750017, "text": "@CBCAlerts @CBCNews independently confirmed with whom?\nThe same source as everyone else? From the US?", "type": "direct_reply"}, {"index": 5, "attribution": -0.010938264592578533, "content_attribution": 0.0007204421442099823, "stance_attribution": -0.011658706736788513, "tweet_id": 525060071471185920, "text": "@CBCAlerts @CBCNews Thanks for clarifying independently confirmed.", "type": "direct_reply"}, {"index": 7, "attribution": -0.0409813656430827, "content_attribution": -0.0021095883771425497, "stance_attribution": -0.03887177726594014, "tweet_id": 525041340774907904, "text": "@CBCAlerts @CBCMontreal @CBCNews ; Why was it confirmed by CBS and CNN before CBC ?", "type": "direct_reply"}]}