{"thread_id": "525049831312875521", "gold_label": 0, "predicted_label": 2, "tweet_attributions": [{"index": 17, "attribution": 3.9072930508791615, "content_attribution": 0.01483769506847643, "stance_attribution": 3.892455355810686, "tweet_id": 525069180224421888, "text": "@Iran_Photos @adrienpiette1 Zing!", "type": "lower_reply"}, {"index": 43, "attribution": 2.409016274346708, "content_attribution": 0.0075807153356777625, "stance_attribution": 2.4014355590110306, "tweet_id": 525067400018808832, "text": "@randomjames @adrienpiette1 @CBCOttawa @CBCAlerts your face like Taliban", "type": "lower_reply"}, {"index": 14, "attribution": 2.0106253437920714, "content_attribution": 0.002793027008603816, "stance_attribution": 2.0078323167834675, "tweet_id": 525070916125196288, "text": "@randomjames @Iran_Photos in my town its pretty much 40% French 50% English 10% other.", "type": "lower_reply"}, {"index": 26, "attribution": 0.7606605082999137, "content_attribution": 0.0019113783657115637, "stance_attribution": 0.7587491299342022, "tweet_id": 525072529451646976, "text": "@adrienpiette1 @randomjames english people are talk more easy to us as immigrants and french are more stay off I saw in Monttreal", "type": "lower_reply"}, {"index": 39, "attribution": 0.7362932354754369, "content_attribution": 0.008204057844220135, "stance_attribution": 0.7280891776312167, "tweet_id": 525072695042797568, "text": "@randomjames @adrienpiette1 I sw your photo on landscaping company", "type": "lower_reply"}, {"index": 16, "attribution": 0.39050057971660285, "content_attribution": 0.009945508127179004, "stance_attribution": 0.3805550715894238, "tweet_id": 525066482359992320, "text": "@adrienpiette1 @Iran_Photos @CBCOttawa @CBCAlerts Naturally. I was poking fun at this person\u2019s earlier tweet https://t.co/mIlNbPBPaN ;)", "type": "lower_reply"}, {"index": 9, "attribution": 0.14155284061477164, "content_attribution": 0.004616316064976785, "stance_attribution": 0.13693652454979485, "tweet_id": 525050731187818496, "text": "@CBCOttawa @sinonevero Convertido al Islam y propalestino, nadie se esperaba este giro de los acontecimientos...OH, WAIT!", "type": "direct_reply"}, {"index": 23, "attribution": 0.12731751057119628, "content_attribution": 0.011285024961368201, "stance_attribution": 0.11603248560982808, "tweet_id": 525051527509979136, "text": "@jjsalass @CBCOttawa @sinonevero speak english you in canada", "type": "lower_reply"}, {"index": 7, "attribution": 0.07890752137634235, "content_attribution": 0.002103626831958272, "stance_attribution": 0.07680389454438409, "tweet_id": 525078267272134657, "text": "@Iran_Photos @randomjames me? Really. Weird.", "type": "lower_reply"}, {"index": 32, "attribution": 0.048336561359648506, "content_attribution": 0.013393485931360763, "stance_attribution": 0.03494307542828774, "tweet_id": 525052028419338240, "text": "@Iran_Photos @jjsalass @CBCOttawa  go and fuck your goat.", "type": "lower_reply"}, {"index": 45, "attribution": 0.045165962156764466, "content_attribution": 0.04508273863508997, "stance_attribution": 8.322352167449504e-05, "tweet_id": 525704672095772673, "text": "@choosegrace Why would you put all these people at the very beginning of your tweet?\nYou really needed to send \"lol\" to them all? \nInsanity.", "type": "lower_reply"}, {"index": 5, "attribution": 0.03681385906159804, "content_attribution": 0.0006844052673183564, "stance_attribution": 0.03612945379427969, "tweet_id": 525077898894774272, "text": "@Iran_Photos @randomjames my aunts and uncles are the same way. The older generation. They soon forgot the other immigrants before them.", "type": "lower_reply"}, {"index": 15, "attribution": 0.03576737156092552, "content_attribution": 0.00333401750889411, "stance_attribution": 0.032433354052031405, "tweet_id": 525468791288115201, "text": "@evaholland @CBCOttawa @CBCAlerts I just happened to scroll by the news and some really high up was briefing a huge conference i believe.", "type": "lower_reply"}, {"index": 33, "attribution": 0.03031073614407579, "content_attribution": 0.02687339590753488, "stance_attribution": 0.0034373402365409107, "tweet_id": 525704159413428224, "text": "@randomjames - And you /also/ tweet \"speak english you in canada\" to this list of people? @Iran_Photos @CBCOttawa @CBCAlerts \nInsanity.", "type": "lower_reply"}, {"index": 22, "attribution": 0.029318514402265898, "content_attribution": 0.028593102959213204, "stance_attribution": 0.0007254114430526887, "tweet_id": 525705860312727552, "text": "@bentrem you are rude and therefore blocked.", "type": "lower_reply"}, {"index": 25, "attribution": 0.02801189665491797, "content_attribution": 0.004062597864378148, "stance_attribution": 0.02394929879053982, "tweet_id": 525053197665062914, "text": "@Iran_Photos @CBCOttawa @CBCAlerts Speak English, you\u2019re in Canada", "type": "lower_reply"}, {"index": 46, "attribution": 0.02782757601943061, "content_attribution": 0.006757179828645082, "stance_attribution": 0.021070396190785528, "tweet_id": 525051353597759488, "text": "@CBCOttawa @CBCAlerts sick fu...crazy man bring insulting images toward are Muslims", "type": "direct_reply"}, {"index": 40, "attribution": 0.01844032815494669, "content_attribution": 0.005559665018814042, "stance_attribution": 0.012880663136132647, "tweet_id": 525058320856391681, "text": "@sinonevero @Iran_Photos @CBCOttawa \u00a1JAJAJA!", "type": "lower_reply"}, {"index": 38, "attribution": 0.016803774825715347, "content_attribution": 0.004154861786140725, "stance_attribution": 0.012648913039574623, "tweet_id": 525052326546268162, "text": "Photo of Michael Zehaf-Bibeau, gunman in this morning's shootings in #Ottawa #Canada. Via @CBCOttawa #OTTnews http://t.co/uzn8wdzjSM", "type": "direct_reply"}, {"index": 31, "attribution": 0.014086267774017839, "content_attribution": 0.021145259294488256, "stance_attribution": -0.007058991520470417, "tweet_id": 525703764511313921, "text": "@Iran_Photos - You tweet \"speak english you in canada\" to this list of people? @jjsalass @CBCOttawa @sinonevero \nPretty crazy, fella!", "type": "lower_reply"}, {"index": 12, "attribution": 0.01237454919220577, "content_attribution": 0.023589895412655024, "stance_attribution": -0.011215346220449254, "tweet_id": 525704670162194432, "text": "@bentrem Huh? Think you may have missed the joke\u2026", "type": "lower_reply"}, {"index": 2, "attribution": 0.010116348441029053, "content_attribution": 0.010097057540413491, "stance_attribution": 1.9290900615559465e-05, "tweet_id": 525867802222006273, "text": "@choosegrace You are foolish and therefore ... foolish.", "type": "lower_reply"}, {"index": 36, "attribution": 0.00939044868832443, "content_attribution": 0.009430143618120012, "stance_attribution": -3.969492979558165e-05, "tweet_id": 525853516309331969, "text": "@randomjames This is Twitter. \nThis is plain, simple English. Online. \n\"Irony\" and even \"sarcasm\" is merely self-indulgent. \nNo joke here.", "type": "lower_reply"}, {"index": 27, "attribution": 0.006543695752022995, "content_attribution": 0.029821871784562977, "stance_attribution": -0.023278176032539982, "tweet_id": 525704133501026304, "text": "@bentrem @Iran_Photos @jjsalass @CBCOttawa @sinonevero lol", "type": "lower_reply"}, {"index": 6, "attribution": 0.00449763479910072, "content_attribution": -0.000919799712989568, "stance_attribution": 0.005417434512090287, "tweet_id": 525052057582321664, "text": "@CBCOttawa @CBCAlerts is that the terrorist uniform? And look at that old-school rifle, it's sad that this idiot got as far as he did.", "type": "direct_reply"}, {"index": 37, "attribution": 0.004449938806481942, "content_attribution": -0.0017826443223633863, "stance_attribution": 0.006232583128845328, "tweet_id": 525052536009408512, "text": "@evaholland @CBCOttawa @CBCAlerts Confirmed by police sources to CBC, according to CBC TV", "type": "lower_reply"}, {"index": 41, "attribution": 0.004358942701184883, "content_attribution": 0.000242628653119469, "stance_attribution": 0.004116314048065414, "tweet_id": 525051999683743744, "text": "@CBCOttawa @CBCAlerts Why not focus on the victim of todays tragedy http://t.co/XK0edJU8es", "type": "direct_reply"}, {"index": 34, "attribution": 0.004148964436649436, "content_attribution": -0.0007277257002947489, "stance_attribution": 0.004876690136944185, "tweet_id": 525050097303052288, "text": "#AttackInOttawa\n@CBCOttawa: BREAKING | Photo of Michael Zehaf-Bibeau, gunman in this morning's shootings in #Ottawa\n http://t.co/ueIHrK5u74", "type": "direct_reply"}, {"index": 42, "attribution": 0.0036745013150037364, "content_attribution": 0.0009002689272117098, "stance_attribution": 0.002774232387792027, "tweet_id": 525067264270532608, "text": "@adrienpiette1 @randomjames @CBCOttawa @CBCAlerts french is hard to learn  in Montreal no one teach or talk to me french in montreal", "type": "lower_reply"}, {"index": 18, "attribution": 0.0025953879999345286, "content_attribution": 0.00024280246825911656, "stance_attribution": 0.002352585531675412, "tweet_id": 525051234978627585, "text": "@CBCOttawa had to share this on my site. Thank you! http://t.co/MAl04fqfiO", "type": "direct_reply"}, {"index": 1, "attribution": 0.002143289820439323, "content_attribution": 0.0009972330790706356, "stance_attribution": 0.001146056741368687, "tweet_id": 525469978511015936, "text": "@evaholland @CBCOttawa @CBCAlerts cnn?", "type": "lower_reply"}, {"index": 48, "attribution": 0.0019672226529190524, "content_attribution": 0.00026644398598170654, "stance_attribution": 0.0017007786669373456, "tweet_id": 525051333502861312, "text": "La photo du suspect de la #fusillade d'#Ottawa \u201c@CBCOttawa: BREAKING | This is a photo of Michael Zehaf-Bibeau,   http://t.co/5b6Gl4VlnM\u201d", "type": "direct_reply"}, {"index": 21, "attribution": 0.0012945944752242502, "content_attribution": 0.0028014140487021624, "stance_attribution": -0.0015068195734779127, "tweet_id": 525066738405482496, "text": "@randomjames @Iran_Photos @CBCOttawa @CBCAlerts that what I figured. This is o messed up.", "type": "lower_reply"}, {"index": 11, "attribution": 0.001122911247404513, "content_attribution": 0.00020353350759807348, "stance_attribution": 0.0009193777398064395, "tweet_id": 525069041434910720, "text": "@Iran_Photos @randomjames @CBCOttawa @CBCAlerts it also depends on your location too. The small towns around Montreal are quite French.", "type": "lower_reply"}, {"index": 10, "attribution": 0.000828791138611762, "content_attribution": 0.00439566604410143, "stance_attribution": -0.003566874905489669, "tweet_id": 525066184107253760, "text": "@randomjames @Iran_Photos @CBCOttawa @CBCAlerts or French?", "type": "lower_reply"}, {"index": 30, "attribution": 0.00011462850751274838, "content_attribution": -0.00015119742325635108, "stance_attribution": 0.00026582593076909935, "tweet_id": 525052510835195904, "text": "\u201c@CBCOttawa This is a photo of Michael Zehaf-Bibeau, gunman in this morning's #OttawaShooting. #cbcOTT #OTTnews http://t.co/3aR0X7faEN\u201d", "type": "direct_reply"}, {"index": 47, "attribution": -0.0003898045103697005, "content_attribution": -0.00013963962666289063, "stance_attribution": -0.0002501648837068098, "tweet_id": 525068372309196800, "text": "@Iran_Photos @adrienpiette1 @CBCOttawa @CBCAlerts Are you kidding? The Qu\u00e9bec gov\u2019t offers very cheap French classes http://t.co/b6xeclPblK", "type": "lower_reply"}, {"index": 35, "attribution": -0.0004533740626730493, "content_attribution": 2.014700259370124e-05, "stance_attribution": -0.0004735210652667505, "tweet_id": 525051409557762048, "text": ".@CBCOttawa @CBCAlerts Source and origin of \"photo of Michael Zehaf-Bibeau\"? Verified?", "type": "direct_reply"}, {"index": 8, "attribution": -0.0011398892517910523, "content_attribution": -0.000325921354818285, "stance_attribution": -0.0008139678969727674, "tweet_id": 525095900570341376, "text": "@juliamacfarlane @CBCOttawa oh right !", "type": "lower_reply"}, {"index": 28, "attribution": -0.003206649515091266, "content_attribution": -0.00354270306678259, "stance_attribution": 0.0003360535516913234, "tweet_id": 525051766182649856, "text": "@CBCOttawa @cbcamanda Oh dear, why did he have to wear that fucking handkerchief?", "type": "direct_reply"}, {"index": 4, "attribution": -0.00386943079142221, "content_attribution": -0.00044988527903662054, "stance_attribution": -0.0034195455123855896, "tweet_id": 525051013947203585, "text": "@CBCOttawa  The person that took the photo smokes.", "type": "direct_reply"}, {"index": 44, "attribution": -0.010433969299167949, "content_attribution": 0.0007631089022540408, "stance_attribution": -0.01119707820142199, "tweet_id": 525063169761222658, "text": "@Pkurwhips @CBCOttawa @CBCAlerts No, just saw people tweeting the photo and claiming they got it from an ISIS account earlier.", "type": "lower_reply"}, {"index": 13, "attribution": -0.01563533229077733, "content_attribution": 8.588624727252724e-05, "stance_attribution": -0.01572121853804986, "tweet_id": 525058945186951168, "text": "@CPeter1987 @CBCOttawa @CBCAlerts animals are more civilized", "type": "lower_reply"}, {"index": 24, "attribution": -0.02132389012281189, "content_attribution": 0.0064565688628961705, "stance_attribution": -0.027780458985708065, "tweet_id": 525062503454089216, "text": "@evaholland @CBCOttawa @CBCAlerts Got a link to this twitter?", "type": "lower_reply"}, {"index": 20, "attribution": -0.0332188461167672, "content_attribution": 0.0010650325965604582, "stance_attribution": -0.034283878713327665, "tweet_id": 525051010239442944, "text": "@CBCOttawa @CBCAlerts Death was too good for this animal", "type": "direct_reply"}, {"index": 3, "attribution": -0.0368862697859333, "content_attribution": -0.0008249641231740187, "stance_attribution": -0.03606130566275928, "tweet_id": 525057036598644736, "text": "@pharling I don't know. Something to be said for throwing a piece of shit like that into the general population.", "type": "lower_reply"}, {"index": 29, "attribution": -0.04272786016575848, "content_attribution": -0.016542238633480387, "stance_attribution": -0.026185621532278106, "tweet_id": 525051647311900672, "text": "@CBCOttawa @CBCAlerts Have you actually confirmed this? I'd previously only seen it attributed to an ISIS Twitter account, which...", "type": "direct_reply"}, {"index": 19, "attribution": -0.0958823737818668, "content_attribution": 0.011960297399811757, "stance_attribution": -0.10784267118167855, "tweet_id": 525052917380698113, "text": "@CBCOttawa @KingstonPete glad he is dead.", "type": "direct_reply"}, {"index": 0, "attribution": -0.09744028725353962, "content_attribution": 0.043151106062711914, "stance_attribution": -0.14059139331625153, "tweet_id": 525049831312875521, "text": "BREAKING | This is a photo of Michael Zehaf-Bibeau, gunman in this morning's shootings in Ottawa. #cbcOTT #OTTnews http://t.co/OLSxlYPelj", "type": "source"}]}