{"thread_id": "525029954908860417", "gold_label": 0, "predicted_label": 0, "tweet_attributions": [{"index": 0, "attribution": 0.4463867425910072, "content_attribution": -0.0009353607330058467, "stance_attribution": 0.447322103324013, "tweet_id": 525029954908860417, "text": "Updated: Full story on Nathan Cirillo, the soldier killed in #Ottawashooting http://t.co/znQSFJeNQf http://t.co/qM9gunIiJE", "type": "source"}, {"index": 3, "attribution": 0.1806407672705152, "content_attribution": -0.00970027780721607, "stance_attribution": 0.19034104507773125, "tweet_id": 525064168676679681, "text": "@rosejuddarcher @TorontoStar well said.", "type": "lower_reply"}, {"index": 12, "attribution": 0.014999692315170694, "content_attribution": 0.00038984150960556595, "stance_attribution": 0.014609850805565127, "tweet_id": 525098879055048704, "text": "@TorontoStar @TeamAussiePups @kenmoret God bless and my prayers are with the family and Canada.", "type": "direct_reply"}, {"index": 4, "attribution": 0.013392904327403591, "content_attribution": 0.005496760671480983, "stance_attribution": 0.007896143655922613, "tweet_id": 525031326815383552, "text": "@TorontoStar  RIP Nathan Cirillo", "type": "direct_reply"}, {"index": 9, "attribution": 0.012072418782496229, "content_attribution": -0.057443241264720474, "stance_attribution": 0.06951566004721671, "tweet_id": 525106845246324736, "text": "@Todaysparent @TorontoStar this is devastating. I'm so so sorry to the family for their loss. He was a good man.", "type": "lower_reply"}, {"index": 17, "attribution": 0.005959195153104344, "content_attribution": -0.00019174836339468343, "stance_attribution": 0.0061509435164990274, "tweet_id": 525073878809608194, "text": "@TorontoStar God Bless", "type": "direct_reply"}, {"index": 18, "attribution": 0.0054576895209737936, "content_attribution": 0.005050760701727766, "stance_attribution": 0.0004069288192460276, "tweet_id": 525031555186425856, "text": "@TorontoStar  R.I.P.", "type": "direct_reply"}, {"index": 10, "attribution": 0.0046124374889475505, "content_attribution": 0.0009791899122891525, "stance_attribution": 0.003633247576658398, "tweet_id": 525085726955012096, "text": ".@TorontoStar story on Nathan Cirillo, the soldier killed in #Ottawashooting http://t.co/paTqUqgCRl http://t.co/GubIsFYd6E #OttawaStrong", "type": "direct_reply"}, {"index": 5, "attribution": 0.0038019974880192397, "content_attribution": 0.0031554134333019674, "stance_attribution": 0.0006465840547172715, "tweet_id": 525086434676707329, "text": "\u201c@TorontoStar: Updated: Story on N Cirillo, soldier killed in #Ottawashooting http://t.co/vDviYTY3KU http://t.co/c5OEkQHwoi\u201d #HonourCirillo", "type": "direct_reply"}, {"index": 15, "attribution": 0.0033141983794359522, "content_attribution": 0.0005062110739245194, "stance_attribution": 0.0028079873055114318, "tweet_id": 525032933498036224, "text": "@TorontoStar RIP Nathan Cirillo  Senseless, horrifying, shameful death.", "type": "direct_reply"}, {"index": 8, "attribution": 0.002913783776364651, "content_attribution": 0.00020102259828731514, "stance_attribution": 0.0027127611780773365, "tweet_id": 525031096384499712, "text": "\u201c@TorontoStar: Updated: Full story on Nathan Cirillo, the soldier killed in #Ottawashooting http://t.co/2HvcHXPf1x http://t.co/KGrQoQl3J3\u201d", "type": "direct_reply"}, {"index": 11, "attribution": 0.0025368433614360157, "content_attribution": -0.0002992572037527137, "stance_attribution": 0.0028361005651887303, "tweet_id": 525058705008504832, "text": "@TorontoStar RIP good man", "type": "direct_reply"}, {"index": 19, "attribution": 0.000642105747792512, "content_attribution": 0.00015223829170169499, "stance_attribution": 0.0004898674560908169, "tweet_id": 525032922446049280, "text": "@TorontoStar \nRIP", "type": "direct_reply"}, {"index": 16, "attribution": -7.82995374844532e-05, "content_attribution": -0.0008387275749639565, "stance_attribution": 0.0007604280374795031, "tweet_id": 525041998123003904, "text": "@TorontoStar Now that's an authentic smile that will be deeply missed.", "type": "direct_reply"}, {"index": 6, "attribution": -0.00014656238109535626, "content_attribution": -0.0003819470050708179, "stance_attribution": 0.00023538462397546152, "tweet_id": 525038153652924416, "text": "@TorontoStar may he rest in peace.\ud83d\ude15\ud83c\udf39", "type": "direct_reply"}, {"index": 13, "attribution": -0.004945101306787667, "content_attribution": -0.00015071221822463167, "stance_attribution": -0.004794389088563036, "tweet_id": 525039659144200192, "text": "@TorontoStar may he rest in peace! God bless all who serve whether it be at home or abroad! You are all my heroes \u2764\ufe0f", "type": "direct_reply"}, {"index": 2, "attribution": -0.006425468108493262, "content_attribution": 0.00035953208610603655, "stance_attribution": -0.0067850001945993, "tweet_id": 525091596405321728, "text": "@TorontoStar @acoyne Look at that face. So beautiful. Such a tragic waste.", "type": "direct_reply"}, {"index": 14, "attribution": -0.030955300796640443, "content_attribution": -0.0004867792682051614, "stance_attribution": -0.030468521528435284, "tweet_id": 525082822063947779, "text": "@TorontoStar @ThirstanF such a handsome man &amp; far too young! #ottawashootings", "type": "direct_reply"}, {"index": 7, "attribution": -0.21141098518193085, "content_attribution": -0.003686966623895324, "stance_attribution": -0.20772401855803557, "tweet_id": 525086646413557760, "text": "\"A young father.\" MT @TorontoStar: Story on Nathan Cirillo, soldier killed in #Ottawashooting http://t.co/0mmbu65EMr http://t.co/hWakdnXKXo", "type": "direct_reply"}, {"index": 1, "attribution": -0.4529422063834141, "content_attribution": -0.0003929741702146576, "stance_attribution": -0.4525492322131995, "tweet_id": 525060502800859137, "text": "Only face we should see \"@TorontoStar: Nathan Cirillo, the soldier killed in #Ottawashooting http://t.co/fcrDtzCdQJ http://t.co/HaFMQGDZpZ\u201d", "type": "direct_reply"}]}