{"thread_id": "525051365195014144", "gold_label": 2, "predicted_label": 0, "tweet_attributions": [{"index": 0, "attribution": 0.25258338086685633, "content_attribution": 0.055001140776144264, "stance_attribution": 0.19758224009071207, "tweet_id": 525051365195014144, "text": "All 3 patients injured in #OttawaShooting released from hospital: #Ottawa Hospital spokesperson. #cdnpoli", "type": "source"}, {"index": 2, "attribution": 0.10027016273856883, "content_attribution": -0.013703803735741933, "stance_attribution": 0.11397396647431077, "tweet_id": 525052014880124928, "text": "@CBCAlerts That is good.", "type": "direct_reply"}, {"index": 4, "attribution": 0.03646516068674327, "content_attribution": 0.016518024412866827, "stance_attribution": 0.01994713627387645, "tweet_id": 525056569872904192, "text": "@CBCAlerts @CBCNews Investigators: This was an false flag, full of crisis actors and for the benefit of the police state, victim id'd 2soon", "type": "direct_reply"}, {"index": 1, "attribution": 0.011504572027872185, "content_attribution": 0.002632570899222092, "stance_attribution": 0.008872001128650095, "tweet_id": 525052520121368576, "text": "Patients injured in this morning's #OttawaShooting released from hospital Source: @CBCAlerts @CBCNews", "type": "direct_reply"}, {"index": 3, "attribution": 0.009786665536480717, "content_attribution": -0.003654497890191824, "stance_attribution": 0.01344116342667254, "tweet_id": 525051468597174273, "text": "3 bless\u00e9s lib\u00e9r\u00e9s \u201c@CBCAlerts: All 3 patients injured in #OttawaShooting released from hospital: #Ottawa Hospital spokesperson. #cdnpoli\u201d", "type": "direct_reply"}]}