{"thread_id": "525058633730891776", "gold_label": 0, "predicted_label": 2, "tweet_attributions": [{"index": 9, "attribution": 0.7354336876558303, "content_attribution": -0.008697546080992226, "stance_attribution": 0.7441312337368226, "tweet_id": 525061272815947778, "text": "@jimsciutto Oh God! I'm so sad tonight! I'm asking why this happened to you! All my prayers with you :(", "type": "direct_reply"}, {"index": 11, "attribution": 0.3714187328446536, "content_attribution": 0.015543613558815679, "stance_attribution": 0.3558751192858379, "tweet_id": 525059020630261760, "text": "@jimsciutto sooo young!!! RIP", "type": "direct_reply"}, {"index": 8, "attribution": 0.2342846914222032, "content_attribution": 0.023448912195687233, "stance_attribution": 0.21083577922651597, "tweet_id": 525073547052326913, "text": "@Marc_Omran @jimsciutto Your empathy is useful - your prayers are not - dogma and myth is a major part of the problem", "type": "lower_reply"}, {"index": 4, "attribution": 0.12961165606884023, "content_attribution": 0.0028922857669365877, "stance_attribution": 0.12671937030190367, "tweet_id": 525059303862857728, "text": "@jimsciutto connection to sniper den found near chicago?", "type": "direct_reply"}, {"index": 2, "attribution": 0.05471484938191884, "content_attribution": 0.0646025933591795, "stance_attribution": -0.009887743977260662, "tweet_id": 525072704051744768, "text": "@soozieQmtl @jimsciutto It is always the young that die in war -it is the wealthy &amp; bigoted old that make it &amp; the poor &amp;  young that suffer", "type": "lower_reply"}, {"index": 12, "attribution": 0.049895632096248185, "content_attribution": 0.006876332200015137, "stance_attribution": 0.04301929989623305, "tweet_id": 525073212921503744, "text": "@Addidis @jimsciutto The connection is neo-liberal capitalist economy which fails to address injustice &amp; puts profit before people or ethics", "type": "lower_reply"}, {"index": 3, "attribution": 0.018196353141512873, "content_attribution": -0.0025958013719112947, "stance_attribution": 0.020792154513424164, "tweet_id": 525062274802008064, "text": "@jimsciutto I feel sad for his family! I have a knot in my stomach that hurts I feel so sad!!!!", "type": "direct_reply"}, {"index": 5, "attribution": 0.00854676739367738, "content_attribution": 0.00023997645760764056, "stance_attribution": 0.008306790936069739, "tweet_id": 525062337024102400, "text": "With great respect, pride and sorrow, I honor CAN Cpl Nathan Cirillo whose sacrifice makes his country stronger.\n@jimsciutto @tomforemancnn", "type": "direct_reply"}, {"index": 1, "attribution": 0.005594878495070312, "content_attribution": -0.0018965698122029714, "stance_attribution": 0.007491448307273284, "tweet_id": 525073858072948737, "text": "@jimsciutto So sad.  RIP Nathan xo", "type": "direct_reply"}, {"index": 6, "attribution": 0.0042896369520137425, "content_attribution": -2.6267908171330088e-05, "stance_attribution": 0.004315904860185073, "tweet_id": 525072391160872961, "text": "@jimsciutto @LennaLeprena Prayers will achieve nothing.  Dismissing Harper &amp; all the warmongers like him, might save some future citizens", "type": "direct_reply"}, {"index": 7, "attribution": 0.003138191916227319, "content_attribution": -0.000498069416939914, "stance_attribution": 0.003636261333167233, "tweet_id": 525074547515875328, "text": "@jimsciutto @kisscraycray such a waste of a human life. My thoughts and prayers are with the family.", "type": "direct_reply"}, {"index": 10, "attribution": 0.002844601989373116, "content_attribution": -0.00018642494279056732, "stance_attribution": 0.0030310269321636835, "tweet_id": 525063298820370432, "text": "@jimsciutto RIP dear Soldier", "type": "direct_reply"}, {"index": 0, "attribution": -0.80149288460412, "content_attribution": 0.060389173063253615, "stance_attribution": -0.8618820576673736, "tweet_id": 525058633730891776, "text": "Just in: Canadian soldier killed in #OttawaShooting today is Cpl. Nathan Cirillo Thoughts &amp; prayers to his family http://t.co/fu2eZssBTr", "type": "source"}]}