{"thread_id": "525027651908800512", "gold_label": 0, "predicted_label": 2, "tweet_attributions": [{"index": 27, "attribution": 2.7929066819831254, "content_attribution": 0.05410560867457125, "stance_attribution": 2.738801073308554, "tweet_id": 525036322486890496, "text": "@ritzy_jewels @TorontoStar there really aren't words - nowhere is safe &amp; the cancer continues to spread, wake up world!", "type": "lower_reply"}, {"index": 10, "attribution": 2.16873893208857, "content_attribution": 0.036652538590394565, "stance_attribution": 2.1320863934981764, "tweet_id": 525037679504023553, "text": "@RKingLive2Dance @ritzy_jewels Terror attacks on NA soil and there's catch phrases fired instead of bullets. Storm the mosques!\n#wakeup", "type": "lower_reply"}, {"index": 29, "attribution": 1.7332052873618902, "content_attribution": 0.006521342759234869, "stance_attribution": 1.7266839446026552, "tweet_id": 525041767343607809, "text": "@TonyG719 @one_under_god @ritzy_jewels 2/2 wasn't that thanks to Prince Charles, &amp; what an islamophyte is he! He shd never be king", "type": "lower_reply"}, {"index": 15, "attribution": 1.6457505665251333, "content_attribution": 0.019140499338608303, "stance_attribution": 1.6266100671865251, "tweet_id": 525043992871055360, "text": "@RKingLive2Dance @one_under_god @ritzy_jewels If you get the chance, see Time Team's 'Britain's real Monarch', very revealing !!", "type": "lower_reply"}, {"index": 22, "attribution": 0.8956129631929299, "content_attribution": 0.018105336731057207, "stance_attribution": 0.8775076264618727, "tweet_id": 525035741504880641, "text": "@RKingLive2Dance @TorontoStar SO SENSELESS !! ThIs is how they treat a HOST country !!!!!! Wake up Canadians", "type": "lower_reply"}, {"index": 20, "attribution": 0.8667240464099015, "content_attribution": 0.0013486399145492788, "stance_attribution": 0.8653754064953522, "tweet_id": 525038835004997632, "text": "@one_under_god @ritzy_jewels @RKingLive2Dance Just after 9/11 they were collecting outside St Johns Wood, London mosque for the attackers.", "type": "lower_reply"}, {"index": 18, "attribution": 0.5250460751347639, "content_attribution": 0.01923487248880222, "stance_attribution": 0.5058112026459617, "tweet_id": 525044890506633216, "text": "@TonyG719 @one_under_god @ritzy_jewels ok just googled, I think I can get it on youtube - will check it out tomorrow ty for heads up", "type": "lower_reply"}, {"index": 23, "attribution": 0.1539286958075122, "content_attribution": 0.05724513027536711, "stance_attribution": 0.0966835655321451, "tweet_id": 525054628854263809, "text": "@ritzy_jewels @RKingLive2Dance @KellyMcRebel Where's the clerics denouncing the attacks?! The #cancerspreads. Moslems are the enemy", "type": "lower_reply"}, {"index": 6, "attribution": 0.10356957432383707, "content_attribution": 0.051579444055825166, "stance_attribution": 0.0519901302680119, "tweet_id": 525057926999072768, "text": "@one_under_god @RKingLive2Dance @KellyMcRebel HERE THEY ARE ... See them ??? http://t.co/bPReqdsdG6", "type": "lower_reply"}, {"index": 2, "attribution": 0.05803062043175908, "content_attribution": 0.01928245667640662, "stance_attribution": 0.038748163755352456, "tweet_id": 525048293244805120, "text": "@RKingLive2Dance @KellyMcRebel @one_under_god Well CANADIANS have no problem MOSLEM TERRORIST MURDERED Canadian Solider in Cold Blood today", "type": "lower_reply"}, {"index": 32, "attribution": 0.052991958775208806, "content_attribution": 0.04477395688358187, "stance_attribution": 0.008218001891626931, "tweet_id": 525180945520132096, "text": "@ritzy_jewels @one_under_god @KellyMcRebel oh yes, &amp; just wait a minute, I think I can hear them too http://t.co/GaUlNVyJje", "type": "lower_reply"}, {"index": 26, "attribution": 0.022859939477739902, "content_attribution": 0.0007805603786286109, "stance_attribution": 0.022079379099111295, "tweet_id": 525041466973126656, "text": "@TonyG719 @one_under_god @ritzy_jewels SICK!  I can't understand why we are taking this shit, its got to end! &amp; a mosque in SJW wtf .... 1/2", "type": "lower_reply"}, {"index": 25, "attribution": 0.01760836175371794, "content_attribution": 0.006066260813138288, "stance_attribution": 0.011542100940579652, "tweet_id": 525037045279121408, "text": "@RKingLive2Dance @TorontoStar Totally agree .. All need to protect themselves &amp; families against this evil in the world .. CANADA GRIEVES", "type": "lower_reply"}, {"index": 1, "attribution": 0.008688108962637168, "content_attribution": 0.009462117743850565, "stance_attribution": -0.0007740087812133978, "tweet_id": 525181585713537025, "text": "@RKingLive2Dance @one_under_god @KellyMcRebel Correct !! ASAP", "type": "lower_reply"}, {"index": 4, "attribution": 0.008483666978665268, "content_attribution": 0.023781421159387105, "stance_attribution": -0.01529775418072184, "tweet_id": 525049396145037313, "text": "@RKingLive2Dance @one_under_god @ritzy_jewels http://t.co/SlHaEZrdeV", "type": "lower_reply"}, {"index": 13, "attribution": 0.008450839520840102, "content_attribution": 0.013400859562406962, "stance_attribution": -0.0049500200415668605, "tweet_id": 525179773551906816, "text": "@TonyG719 @one_under_god @ritzy_jewels TY Tony!", "type": "lower_reply"}, {"index": 9, "attribution": 0.005356518893742742, "content_attribution": -0.0017717940213831582, "stance_attribution": 0.007128312915125901, "tweet_id": 525029370382282752, "text": "@TorontoStar \nDespicable!!!\nRIP\n&gt;=)~:-)&gt;=)", "type": "direct_reply"}, {"index": 17, "attribution": 0.0052441599610163914, "content_attribution": -0.0014833070911636783, "stance_attribution": 0.006727467052180072, "tweet_id": 525044993535119360, "text": "@TorontoStar On behalf of the Belgian twitter community, our sincere condoleances to Nathan Frank Cirillo's family and friends", "type": "direct_reply"}, {"index": 11, "attribution": 0.003220404355582209, "content_attribution": -2.812117692148286e-05, "stance_attribution": 0.0032485255325036917, "tweet_id": 525059401561169921, "text": "@KNDetweiler @KellyMcRebel @deweyed1 @one_under_god @RKingLive2Dance HARPER is a good leader", "type": "lower_reply"}, {"index": 16, "attribution": 0.002670880466099335, "content_attribution": 0.0029408449917054376, "stance_attribution": -0.00026996452560610295, "tweet_id": 525179994231017472, "text": "@RKingLive2Dance @one_under_god @ritzy_jewels YVW have a look at others there from Brian Gerrish. Well worth it", "type": "lower_reply"}, {"index": 5, "attribution": 0.0014021673695709348, "content_attribution": 0.0020045713963828, "stance_attribution": -0.0006024040268118654, "tweet_id": 525180565830778881, "text": "@RKingLive2Dance @one_under_god @ritzy_jewels  Sorry that was Britains real monarch. Oops my mistake. Try Youtube for 'Common Purpose'.", "type": "lower_reply"}, {"index": 8, "attribution": 0.001216037806857468, "content_attribution": 0.0008388860933960588, "stance_attribution": 0.00037715171346140914, "tweet_id": 525057376408588288, "text": "@KellyMcRebel @deweyed1 @one_under_god @ritzy_jewels @RKingLive2Dance they probably have s leader who had a brain and a spine", "type": "lower_reply"}, {"index": 14, "attribution": 0.0008547979384484268, "content_attribution": 2.3311226952810028e-05, "stance_attribution": 0.0008314867114956166, "tweet_id": 525029460429787136, "text": "@TorontoStar Tragic &amp; heartbreaking to lose this young courageous soldier.", "type": "direct_reply"}, {"index": 31, "attribution": -0.0029543758218584884, "content_attribution": -1.094785492087183e-06, "stance_attribution": -0.002953281036366401, "tweet_id": 525047795540312067, "text": "@KellyMcRebel @one_under_god @RKingLive2Dance CANADA dId ..Even Murderer was called an Islamic convert Moslem GOOD FOR CANADA TELLING TRUTH", "type": "lower_reply"}, {"index": 3, "attribution": -0.003611822477543371, "content_attribution": 0.0013744175126051605, "stance_attribution": -0.0049862399901485326, "tweet_id": 525054737377681409, "text": "@Gimme_Ammo @TorontoStar  \nYes, very sad.", "type": "lower_reply"}, {"index": 21, "attribution": -0.019956702814786613, "content_attribution": -0.002900301649528831, "stance_attribution": -0.017056401165257782, "tweet_id": 525031135039205376, "text": "Bewildered pup will b mourning \u201c@TorontoStar: \u2026Nathan Frank Cirillo soldier killed in Ottawa  http://t.co/cNfrESPEYr http://t.co/pEazQTyafz\u201d", "type": "direct_reply"}, {"index": 7, "attribution": -0.029126133039258196, "content_attribution": -0.001152084318898803, "stance_attribution": -0.027974048720359395, "tweet_id": 525049039235350528, "text": "@one_under_god With muslims in it.", "type": "lower_reply"}, {"index": 28, "attribution": -0.04344051189514284, "content_attribution": 0.001235238580724865, "stance_attribution": -0.04467575047586771, "tweet_id": 525040889870422018, "text": "@one_under_god @ritzy_jewels @RKingLive2Dance  \nAnd Canadian gov calls a spade a spade -TERRORISM. Instead of the utter bollocks obama spews", "type": "lower_reply"}, {"index": 24, "attribution": -0.04365968111910531, "content_attribution": 0.002994456409331139, "stance_attribution": -0.046654137528436446, "tweet_id": 525042427589955584, "text": "@KellyMcRebel @one_under_god @ritzy_jewels &amp; UK, think the newsreader nearly choked trying to say it 'might' be a muslim attack", "type": "lower_reply"}, {"index": 30, "attribution": -0.05903927137550858, "content_attribution": 0.0017468379496016569, "stance_attribution": -0.060786109325110235, "tweet_id": 525043123420807168, "text": "@RKingLive2Dance @KellyMcRebel @ritzy_jewels For every terror attack there has to be pay back. You attack us we burn down a mosque.", "type": "lower_reply"}, {"index": 12, "attribution": -0.07627141121065682, "content_attribution": -0.0008543282084564831, "stance_attribution": -0.07541708300220035, "tweet_id": 525035348230168576, "text": ".@TorontoStar Well there's one little guy who'll miss his daddy. Gosh what a bummer. How sad.", "type": "direct_reply"}, {"index": 0, "attribution": -0.0889772213119326, "content_attribution": -0.023137570783724797, "stance_attribution": -0.06583965052820782, "tweet_id": 525027651908800512, "text": "#Breaking Military sources, friends ID Nathan Frank Cirillo as soldier killed in Ottawa  http://t.co/CVyzAvavIF http://t.co/Q7qKp919Ml", "type": "source"}, {"index": 19, "attribution": -0.1106182287033592, "content_attribution": 0.0013297318403819305, "stance_attribution": -0.11194796054374112, "tweet_id": 525035506376380416, "text": "@TorontoStar @ritzy_jewels RIP", "type": "direct_reply"}]}