{"thread_id": "525027873867198465", "gold_label": 0, "predicted_label": 0, "tweet_attributions": [{"index": 0, "attribution": 0.16881069462778137, "content_attribution": -0.022448908754220478, "stance_attribution": 0.19125960338200182, "tweet_id": 525027873867198465, "text": "Everyone take a moment to honour Cpl. Nathan Cirillo the fine solider that was killed in Ottawa today #Hero http://t.co/UXb3CxWGZ2", "type": "source"}, {"index": 5, "attribution": 0.02292863929098999, "content_attribution": 0.0031651222809559653, "stance_attribution": 0.019763517010034024, "tweet_id": 525114109378174976, "text": "@EtobicokeErnie   Praying for Nathan, and his family tonight.  #BelieveInHeroes", "type": "direct_reply"}, {"index": 4, "attribution": 0.022847253170267534, "content_attribution": -0.002638880707702279, "stance_attribution": 0.025486133877969816, "tweet_id": 525472389455695872, "text": "@EtobicokeErnie @isa4muslims prayers for the family.", "type": "direct_reply"}, {"index": 6, "attribution": 0.014285427139082716, "content_attribution": 0.008577102314150287, "stance_attribution": 0.005708324824932429, "tweet_id": 525054440790061057, "text": "@EtobicokeErnie @megan_j_martine \nR I P  WARRIOR. ... http://t.co/M4ZHaqucZx", "type": "direct_reply"}, {"index": 3, "attribution": 0.01192849163679708, "content_attribution": -0.0023180597099765375, "stance_attribution": 0.01424655134677362, "tweet_id": 525467013368774657, "text": "@EtobicokeErnie @isa4muslims LORD JESUS HOLD HIS FAMILY TIGHT COMFORT THEM HELP THEM HEAL", "type": "direct_reply"}, {"index": 1, "attribution": 0.009135804348378861, "content_attribution": -0.0003349024959808135, "stance_attribution": 0.009470706844359673, "tweet_id": 525113210320744448, "text": "@EtobicokeErnie great tweet my friend", "type": "direct_reply"}, {"index": 2, "attribution": -0.012683974747428054, "content_attribution": -0.0016269239169369111, "stance_attribution": -0.011057050830491147, "tweet_id": 525374504391180288, "text": "@EtobicokeErnie @MairBear777 A True Hero !!! Our hearts pray for his family.", "type": "direct_reply"}]}