{"thread_id": "525030117014507523", "gold_label": 0, "predicted_label": 2, "tweet_attributions": [{"index": 10, "attribution": 0.7755498168606009, "content_attribution": 0.021526000838111035, "stance_attribution": 0.7540238160224898, "tweet_id": 525032402100682752, "text": "@TelegraphNews @wheelingwhaup poor lad, he looks so nice. Love to his family they must be devastated.", "type": "direct_reply"}, {"index": 16, "attribution": 0.10649413514441161, "content_attribution": 0.06006485235057375, "stance_attribution": 0.04642928279383787, "tweet_id": 525034818552479745, "text": "@annewitha_e @TelegraphNews Aye - a tragedy. Love to his family", "type": "lower_reply"}, {"index": 12, "attribution": 0.03124772231375826, "content_attribution": -5.254610330692643e-05, "stance_attribution": 0.031300268417065194, "tweet_id": 525036688809418752, "text": "@TelegraphNews how sad another life lost, why??", "type": "direct_reply"}, {"index": 6, "attribution": 0.03080192325188693, "content_attribution": 0.0005628742391802369, "stance_attribution": 0.03023904901270669, "tweet_id": 525037515687100416, "text": "@TelegraphNews may his gentle soul find peace in The Lord", "type": "direct_reply"}, {"index": 14, "attribution": 0.02845226607633393, "content_attribution": 0.00017880493225884308, "stance_attribution": 0.028273461144075085, "tweet_id": 525036920741449728, "text": "@TelegraphNews RIP. Condolences to the family and friends. #stopthemadness", "type": "direct_reply"}, {"index": 7, "attribution": 0.017675224464043696, "content_attribution": -0.0005371909623904966, "stance_attribution": 0.018212415426434193, "tweet_id": 525041844229767168, "text": "@TelegraphNews @instapundit Prayers for his loved ones.", "type": "direct_reply"}, {"index": 2, "attribution": 0.016571546154215914, "content_attribution": -6.01699166316876e-05, "stance_attribution": 0.016631716070847603, "tweet_id": 525054373559566336, "text": "@TelegraphNews god bless this young man an his family", "type": "direct_reply"}, {"index": 17, "attribution": 0.016134327655581884, "content_attribution": 7.704435955719233e-05, "stance_attribution": 0.016057283296024693, "tweet_id": 525031441713745920, "text": "@TelegraphNews RIP NATHAN.", "type": "direct_reply"}, {"index": 4, "attribution": 0.015840722441223334, "content_attribution": -0.00010996743134521273, "stance_attribution": 0.01595068987256855, "tweet_id": 525031066034515968, "text": "@TelegraphNews @Telegraph So very sad. Condolences to the family and friends. #stopthemadness", "type": "direct_reply"}, {"index": 19, "attribution": 0.00911374869809262, "content_attribution": -0.00018556983592991878, "stance_attribution": 0.009299318534022537, "tweet_id": 525030631487852544, "text": "@TelegraphNews @Telegraph thoughts with his family and friends", "type": "direct_reply"}, {"index": 11, "attribution": 0.008463050942495417, "content_attribution": -0.0012658792348368556, "stance_attribution": 0.00972893017733227, "tweet_id": 525032138056679425, "text": "@TelegraphNews @instapundit aaaaaand yet another victim of the Religion of Peace, I would imagine.", "type": "direct_reply"}, {"index": 1, "attribution": 0.00400313871808062, "content_attribution": -0.0007354905928504838, "stance_attribution": 0.004738629310931104, "tweet_id": 525032110252650496, "text": "@TelegraphNews r.i.p x", "type": "direct_reply"}, {"index": 9, "attribution": 0.0020022487296572486, "content_attribution": -0.0014994682485777893, "stance_attribution": 0.003501716978235038, "tweet_id": 525033424655253504, "text": "@TelegraphNews @instapundit May he rest in peace and may his family be comforted at this horrible time #PrayersForNathanCirillo", "type": "direct_reply"}, {"index": 3, "attribution": 0.0006429808595261446, "content_attribution": -0.00012564766824449023, "stance_attribution": 0.0007686285277706338, "tweet_id": 525032229605756928, "text": "@TelegraphNews may his gentle soul rest in the bosom of our Lord Jesus Christ..#RIP dude", "type": "direct_reply"}, {"index": 8, "attribution": 0.0004525098689919781, "content_attribution": -0.00032299110113815965, "stance_attribution": 0.0007755009701301377, "tweet_id": 525032211406274560, "text": "\u201c@TelegraphNews: The soldier killed in #Ottawa today is being named as 24-year-old Nathan Cirillo. Prayers with Canada now #peace", "type": "direct_reply"}, {"index": 5, "attribution": -9.481489109453193e-05, "content_attribution": 0.00039222314710024895, "stance_attribution": -0.00048703803819478086, "tweet_id": 525031262374080512, "text": "@TelegraphNews @Telegraph that brave man rip Nathan", "type": "direct_reply"}, {"index": 15, "attribution": -0.0008881086896193858, "content_attribution": -0.00043714086924147717, "stance_attribution": -0.00045096782037790844, "tweet_id": 525030404089462784, "text": "@TelegraphNews @Telegraph \ud83d\ude1e", "type": "direct_reply"}, {"index": 13, "attribution": -0.002663246949231748, "content_attribution": -0.0007845538833376101, "stance_attribution": -0.0018786930658941377, "tweet_id": 525044213176872960, "text": "\u201c@TelegraphNews: The soldier killed in #Ottawa today is being named as 24-year-old Nathan Cirillo. http://t.co/wfnFV5kjzo\u201d R.I.P.", "type": "direct_reply"}, {"index": 18, "attribution": -0.017632141276225456, "content_attribution": -7.526405359768687e-05, "stance_attribution": -0.017556877222627776, "tweet_id": 525031349972140032, "text": "@TelegraphNews @Telegraph Damn, he was still sooooo young! Poor family, such early loss. Sad, really really sad...", "type": "direct_reply"}, {"index": 0, "attribution": -0.5301128571464804, "content_attribution": 0.03384652794054873, "stance_attribution": -0.563959385087029, "tweet_id": 525030117014507523, "text": "The soldier killed in #Ottawa today is being named as 24-year-old Nathan Cirillo. Latest here: http://t.co/Iwpa7Iq2XA http://t.co/nMEOVCJVUa", "type": "source"}]}