{"thread_id": "525030696738652160", "gold_label": 0, "predicted_label": 0, "tweet_attributions": [{"index": 0, "attribution": 0.1432297672307962, "content_attribution": -0.007524670808465517, "stance_attribution": 0.1507544380392617, "tweet_id": 525030696738652160, "text": "Canadian soldier killed in Ottawa identified http://t.co/dyvCaD9AcN // #CDNpoli #OttawaShooting http://t.co/7WEpRv9s5c", "type": "source"}, {"index": 10, "attribution": 0.01786501285933721, "content_attribution": -0.0015417530145763506, "stance_attribution": 0.019406765873913562, "tweet_id": 525034957606240256, "text": "heartbreaking @SunNewsNetwork @ten24get", "type": "direct_reply"}, {"index": 7, "attribution": 0.016229152566632307, "content_attribution": 0.006360254105656821, "stance_attribution": 0.009868898460975484, "tweet_id": 525034327801729024, "text": ".@SunNewsNetwork Deepest sympathies to family &amp; friends of Cpl. Cirillo and to Canada for your loss. #OttawaShooting.", "type": "direct_reply"}, {"index": 12, "attribution": 0.011989915842872099, "content_attribution": 0.0112556522418019, "stance_attribution": 0.0007342636010701977, "tweet_id": 525048612854562816, "text": "@SunNewsNetwork @smith_lois This is so sad. Why does there have to be violence all the time everywhere?", "type": "direct_reply"}, {"index": 17, "attribution": 0.008481377070804024, "content_attribution": 0.007650893515486329, "stance_attribution": 0.0008304835553176976, "tweet_id": 525045861433491456, "text": "@SunNewsNetwork His dog will also miss him very much.", "type": "direct_reply"}, {"index": 14, "attribution": 0.006170622706570739, "content_attribution": -5.512946692770892e-05, "stance_attribution": 0.006225752173498445, "tweet_id": 525067060833812480, "text": "@SunNewsNetwork My thoughts and prayers are with his family and friends.", "type": "direct_reply"}, {"index": 8, "attribution": 0.00481648285670061, "content_attribution": -0.00027496200176382727, "stance_attribution": 0.005091444858464438, "tweet_id": 525070916913356800, "text": "@SunNewsNetwork :(", "type": "direct_reply"}, {"index": 4, "attribution": 0.0012667897813928618, "content_attribution": -0.00048278534620912957, "stance_attribution": 0.001749575127601993, "tweet_id": 525059064347111424, "text": "@SunNewsNetwork Great photo of a guy who deserves to be remembered as one in service to his country.", "type": "direct_reply"}, {"index": 9, "attribution": 0.00011193416034644213, "content_attribution": -8.230209290491797e-05, "stance_attribution": 0.00019423625325136045, "tweet_id": 525089829986770944, "text": "\u201c@SunNewsNetwork: Canadian soldier killed in Ottawa identified http://t.co/p4rBl7fieK // #CDNpoli #OttawaShooting http://t.co/Dc3efuAlM0\u201dRIP", "type": "direct_reply"}, {"index": 3, "attribution": -0.0023252201277262734, "content_attribution": -0.0007062279045251852, "stance_attribution": -0.0016189922232010886, "tweet_id": 525051637346623488, "text": "@SunNewsNetwork #FRENCH #PATRIOTS SAY #RIP", "type": "direct_reply"}, {"index": 11, "attribution": -0.002362793885458419, "content_attribution": 0.006784019764431278, "stance_attribution": -0.009146813649889696, "tweet_id": 525030845779021824, "text": "@SunNewsNetwork R.I.P good sir", "type": "direct_reply"}, {"index": 15, "attribution": -0.00265301276126453, "content_attribution": -0.00023102069617881907, "stance_attribution": -0.0024219920650857107, "tweet_id": 525039419032489984, "text": "@SunNewsNetwork I am so very truly sorry for his family.  Prayers for this family . My condolences", "type": "direct_reply"}, {"index": 18, "attribution": -0.004030752948681123, "content_attribution": -0.001776407328118829, "stance_attribution": -0.0022543456205622934, "tweet_id": 525034611639091201, "text": "@SunNewsNetwork We need to shake hands &amp; thank,every soldier &amp; police officer we meet, to thank them for their service in keeping us safe.", "type": "direct_reply"}, {"index": 13, "attribution": -0.004578735392182496, "content_attribution": 0.0012007075100341539, "stance_attribution": -0.0057794429022166496, "tweet_id": 525389355200692224, "text": "@SunNewsNetwork @VRMcCoy A young man died beacuse of barbarian terrorists? Soon realitty in Sweden,with open borders for kriminell jihadists", "type": "direct_reply"}, {"index": 2, "attribution": -0.006013555597290693, "content_attribution": 0.0003515025585896086, "stance_attribution": -0.0063650581558803015, "tweet_id": 525116216721936384, "text": "@SunNewsNetwork sending prayers and healing for the sickness in our world. &lt;3 @grammypags1", "type": "direct_reply"}, {"index": 5, "attribution": -0.01099105282722737, "content_attribution": -0.0008497938009891122, "stance_attribution": -0.010141259026238258, "tweet_id": 525031341453099008, "text": "@SunNewsNetwork Prayers are with those he left behind.", "type": "direct_reply"}, {"index": 16, "attribution": -0.01262621923414135, "content_attribution": 4.468986585316001e-05, "stance_attribution": -0.012670909099994512, "tweet_id": 525050631716098049, "text": "@sunnewsnetwork. Rest in Peace u will always be remembered in our hearts", "type": "direct_reply"}, {"index": 6, "attribution": -0.017899412975870038, "content_attribution": 0.0007157583303772696, "stance_attribution": -0.018615171306247305, "tweet_id": 525060676780175361, "text": "@SunNewsNetwork This is a terrible loss and I'm sad and sorry.  Unfortunately, you were not protected by the Cdn DND we need to protect us.", "type": "direct_reply"}, {"index": 1, "attribution": -0.04920385371544919, "content_attribution": -0.07710626333234859, "stance_attribution": 0.027902409616899403, "tweet_id": 525049239202988032, "text": "@astoryweaver @SunNewsNetwork This is a dreadful loss of a beautiful young man. I'm heartsore for his family and his friends.", "type": "lower_reply"}]}