{"thread_id": "525029913230053377", "gold_label": 0, "predicted_label": 0, "tweet_attributions": [{"index": 0, "attribution": 0.18214698730363568, "content_attribution": 0.019734718249034406, "stance_attribution": 0.1624122690546013, "tweet_id": 525029913230053377, "text": "A photo of Cpl. Nathan Cirillo, killed in #Ottawa today. #RIP http://t.co/mh07ZMi9J5", "type": "source"}, {"index": 7, "attribution": 0.05146986586048165, "content_attribution": -0.0017758645415851845, "stance_attribution": 0.05324573040206683, "tweet_id": 525030617709166592, "text": "\u201c@News1130radio: A photo of Cpl. Nathan Cirillo, killed in #Ottawa today. #RIP http://t.co/1c9g3lOmV0\u201d prayers to his family &amp; friends", "type": "direct_reply"}, {"index": 5, "attribution": 0.03823641114126108, "content_attribution": -0.0009750928632887607, "stance_attribution": 0.039211504004549834, "tweet_id": 525043533603176449, "text": "My thoughts r w his family \u201c@News1130radio: A photo of Cpl. Nathan Cirillo, killed in #Ottawa today. #RIP http://t.co/UsYLNDl7OO\u201d", "type": "direct_reply"}, {"index": 4, "attribution": 0.03559404199415787, "content_attribution": 0.004433447858098887, "stance_attribution": 0.031160594136058983, "tweet_id": 525083500689784833, "text": "\u201c@News1130radio: A photo of Cpl. Nathan Cirillo, killed in #Ottawa today. #RIP http://t.co/EwKBpIntrY\u201d", "type": "direct_reply"}, {"index": 1, "attribution": 0.016416385189591674, "content_attribution": 0.003656822803433821, "stance_attribution": 0.012759562386157858, "tweet_id": 525042856273403904, "text": "\u201c@News1130radio: A photo of Cpl. Nathan Cirillo, killed in #Ottawa today. #RIP http://t.co/LNMzQZJYES\u201d Heartbreaking.", "type": "direct_reply"}, {"index": 2, "attribution": 0.01517419541862229, "content_attribution": 0.00040174887828784106, "stance_attribution": 0.014772446540334456, "tweet_id": 525031799391813633, "text": "\u201c@News1130radio: A photo of Cpl. Nathan Cirillo, killed in #Ottawa today. #RIP http://t.co/S7QBLJnpUC\u201d RIP \u2764\ufe0f", "type": "direct_reply"}, {"index": 6, "attribution": -0.007327294872773326, "content_attribution": -0.006945406727034564, "stance_attribution": -0.00038188814573875823, "tweet_id": 525031479295094785, "text": "@News1130radio So sad and senseless! \ud83d\ude29 #RIPNathan", "type": "direct_reply"}, {"index": 8, "attribution": -0.009450587959362825, "content_attribution": -0.0004553780454515002, "stance_attribution": -0.008995209913911324, "tweet_id": 525125588164825089, "text": "\u201c@News1130radio: A photo of Cpl. Nathan Cirillo, killed in #Ottawa today. #RIP http://t.co/EzTZPDnyeU\u201d So sad!", "type": "direct_reply"}, {"index": 3, "attribution": -0.018610147746298447, "content_attribution": -0.0022251400101931723, "stance_attribution": -0.016385007736105274, "tweet_id": 525048414636343296, "text": "@News1130radio My thoughts and prayers are with his family and friends. RIP", "type": "direct_reply"}]}