{"thread_id": "525057374965739520", "gold_label": 0, "predicted_label": 2, "tweet_attributions": [{"index": 7, "attribution": 0.664137488278657, "content_attribution": -0.0015087631391541654, "stance_attribution": 0.6656462514178112, "tweet_id": 525073717182078976, "text": "@CBCNews Thanks for the warning. I shall prepare my vomit bag.\n#harper #cdnpoli", "type": "direct_reply"}, {"index": 1, "attribution": 0.5073990628527234, "content_attribution": 0.0170657119747651, "stance_attribution": 0.49033335087795826, "tweet_id": 525058670334574592, "text": "@CBCNews where is out leader Stephan Harper? Already heard from Obama!", "type": "direct_reply"}, {"index": 9, "attribution": 0.16135084311727793, "content_attribution": 0.023507394615591072, "stance_attribution": 0.13784344850168684, "tweet_id": 525077877076004864, "text": "@FluffyMcDeath @P_Wog @CBCNews Too late, I barfed already. #PMHarper #Lies #Dictator", "type": "lower_reply"}, {"index": 4, "attribution": 0.14246430006559027, "content_attribution": 0.009301092106609978, "stance_attribution": 0.1331632079589803, "tweet_id": 525059777936633856, "text": "@CBCNews Love the CBC ... keep up the good work!  You guys are the best network around. Always professional and ethical", "type": "direct_reply"}, {"index": 10, "attribution": 0.10642045761545979, "content_attribution": 0.028705325664339726, "stance_attribution": 0.07771513195112006, "tweet_id": 525060028676337664, "text": "@TracyBrooks15 @CBCNews 745 harper speaks", "type": "lower_reply"}, {"index": 2, "attribution": 0.050765745959604036, "content_attribution": 0.02305613010793022, "stance_attribution": 0.02770961585167381, "tweet_id": 525062734359298048, "text": "@karenjavorski Yes you can, Karen! Here's the link to the livestream: http://t.co/pGA98ONjKJ PM Harper is expected to speak at 7:45pm ET", "type": "lower_reply"}, {"index": 6, "attribution": 0.034250236184486, "content_attribution": 0.0004924395913229178, "stance_attribution": 0.03375779659316309, "tweet_id": 525064151065174016, "text": "\u201c@CBCNews: COMING UP LIVE Ottawa shooting: Stephen Harper to address nation http://t.co/I9uoc619Pq http://t.co/H1P4tvVSi0\u201d", "type": "direct_reply"}, {"index": 8, "attribution": 0.027259477476798064, "content_attribution": -0.0023325634898099692, "stance_attribution": 0.029592040966608037, "tweet_id": 525058109887111168, "text": "@CBCNews what time?", "type": "direct_reply"}, {"index": 3, "attribution": 0.007790841164794642, "content_attribution": 0.008618271871629514, "stance_attribution": -0.0008274307068348707, "tweet_id": 525059944497029120, "text": "@SwansonBryon Thanks, Bryon. We appreciate your feedback.", "type": "lower_reply"}, {"index": 11, "attribution": 0.0017808541367006474, "content_attribution": 0.0013324729756487718, "stance_attribution": 0.0004483811610518757, "tweet_id": 525071019502239745, "text": "@CBCNews Too little, too late sadly. Their policy / policies have come back to bite them really!? #nocommunication #nofulldisclosure", "type": "direct_reply"}, {"index": 5, "attribution": -0.017949957237858024, "content_attribution": 0.0032715559677911126, "stance_attribution": -0.021221513205649134, "tweet_id": 525062578117300224, "text": "@CBCNews can i stream this from outside canada? am in the uk but want to watch it live if possible", "type": "direct_reply"}, {"index": 0, "attribution": -0.7983540085501477, "content_attribution": 0.08032676622267795, "stance_attribution": -0.8786807747728257, "tweet_id": 525057374965739520, "text": "COMING UP LIVE Ottawa shooting: Stephen Harper to address nation http://t.co/pGA98ONjKJ http://t.co/Jscp7Q9fBM", "type": "source"}]}