{"thread_id": "525044262648676353", "gold_label": 0, "predicted_label": 0, "tweet_attributions": [{"index": 0, "attribution": 0.18860665989715691, "content_attribution": 0.02682854766729698, "stance_attribution": 0.1617781122298599, "tweet_id": 525044262648676353, "text": "UPDATED: Soldier killed in #ottawashooting identified as Cpl. Nathan Cirillo from Hamilton. http://t.co/USirz62qUN http://t.co/G8KfbRUjLT", "type": "source"}, {"index": 2, "attribution": 0.07276932109745031, "content_attribution": 0.0525770893215646, "stance_attribution": 0.0201922317758857, "tweet_id": 525049414977454081, "text": "@BTtoronto My heart breaks for him and his family. Crying as I type this...", "type": "direct_reply"}, {"index": 6, "attribution": 0.017348636178568723, "content_attribution": -0.0017406839821406846, "stance_attribution": 0.019089320160709407, "tweet_id": 525065698608156672, "text": "@BTtoronto great loss for Canada...", "type": "direct_reply"}, {"index": 1, "attribution": 0.014531511100517355, "content_attribution": 0.0033728135363272948, "stance_attribution": 0.011158697564190054, "tweet_id": 525050680936263681, "text": "@BTtoronto  R.I.P Nathan taken far too, too early...\n#CanadaStrongNFree", "type": "direct_reply"}, {"index": 8, "attribution": 0.013335298278194761, "content_attribution": -0.0012630924712038385, "stance_attribution": 0.014598390749398598, "tweet_id": 525047429507608576, "text": "@BTtoronto Nathan sorry sorry u have to die just not right", "type": "direct_reply"}, {"index": 12, "attribution": 0.0014308083346637793, "content_attribution": -0.0002148422242986861, "stance_attribution": 0.0016456505589624642, "tweet_id": 525062652402622465, "text": "@BTtoronto my heart goes him and his family", "type": "direct_reply"}, {"index": 3, "attribution": 0.0013698983670160278, "content_attribution": 0.004211579160910488, "stance_attribution": -0.0028416807938944602, "tweet_id": 525048986693304320, "text": "@BTtoronto  Another fallen Canadian hero. #TrueNorthStrong", "type": "direct_reply"}, {"index": 7, "attribution": 0.0008280774484235376, "content_attribution": -0.01309727245856845, "stance_attribution": 0.01392534990699199, "tweet_id": 525054846119190528, "text": "@BTtoronto there are no words, but Thank You RIP", "type": "direct_reply"}, {"index": 4, "attribution": -0.0007078550756150328, "content_attribution": -0.00393777926754301, "stance_attribution": 0.0032299241919279773, "tweet_id": 525081554754994178, "text": "@BTtoronto may his soul R.I.P. &amp; deepest condolences to his family \ud83d\ude2a", "type": "direct_reply"}, {"index": 10, "attribution": -0.001544869675878326, "content_attribution": 0.0006029030474988123, "stance_attribution": -0.0021477727233771386, "tweet_id": 525072079394471937, "text": "@BTtoronto What a tragedy, We have lost our innocence. May he rest in peace.Condolences to his family.", "type": "direct_reply"}, {"index": 11, "attribution": -0.0020100224418541845, "content_attribution": -0.0008150470953853246, "stance_attribution": -0.0011949753464688614, "tweet_id": 525054879824220164, "text": "@BTtoronto RIP,I, ASK OF GOD, IN THY NAME OF JESUS &amp; I,SAY TO HIS FAMILY TO STAY,STAND,STRONG-TALL&amp;TAKE HEART&amp;MY SYMPATHY&amp; CONDULENCE\"-JEBAG", "type": "direct_reply"}, {"index": 5, "attribution": -0.00595034689506935, "content_attribution": 0.00015731372950771212, "stance_attribution": -0.006107660624577059, "tweet_id": 525052387896332289, "text": "@BTtoronto thoughts and prayers go out to Cpl. Nathan Cirillo's family.", "type": "direct_reply"}, {"index": 9, "attribution": -0.00804672005572519, "content_attribution": 0.0010539140524941867, "stance_attribution": -0.009100634108219374, "tweet_id": 525065167311470592, "text": "@BTtoronto Please may I ask you to send my condolences to Cpl Nathan Cirillo family and friends. My thoughts are with you now.", "type": "direct_reply"}]}