{"thread_id": "525005886272843776", "gold_label": 0, "predicted_label": 0, "tweet_attributions": [{"index": 0, "attribution": 0.24884161971356303, "content_attribution": 0.0274481298955516, "stance_attribution": 0.22139348981801138, "tweet_id": 525005886272843776, "text": "Kevin Vickers hailed as hero who took down attacker at Parliament Hill: http://t.co/sG70iQtfSM #cbcOTT #OTTnews http://t.co/zuSOkiOzck", "type": "source"}, {"index": 4, "attribution": 0.018333187706586502, "content_attribution": 0.0017343383153733708, "stance_attribution": 0.01659884939121313, "tweet_id": 525010198357102592, "text": "@CBCOttawa @RobynBresnahan M.Vickers pour votre acte de courage. Excuse la faute de frappe pour votre nom", "type": "direct_reply"}, {"index": 6, "attribution": 0.017534233326670923, "content_attribution": -0.0020154115121181187, "stance_attribution": 0.019549644838789043, "tweet_id": 525012220959154176, "text": "@CBCOttawa @DamoSpin Clearly, this is a man who both speaks quietly and caries a big stick!  Sincere thanks.", "type": "direct_reply"}, {"index": 14, "attribution": 0.01581985472279026, "content_attribution": 0.0012311080668317791, "stance_attribution": 0.014588746655958478, "tweet_id": 525025980646445056, "text": "@CBCOttawa @spaikin \nThank you!!", "type": "direct_reply"}, {"index": 11, "attribution": 0.012432571238269121, "content_attribution": -0.0004342229300623103, "stance_attribution": 0.01286679416833143, "tweet_id": 525006447881367552, "text": "@CBCOttawa everyone who was involved in trying to protect citizens of Ottawa are heroes.", "type": "direct_reply"}, {"index": 1, "attribution": 0.006050616340601212, "content_attribution": -0.0007392061702282782, "stance_attribution": 0.006789822510829489, "tweet_id": 525040451611791360, "text": "@CBCOttawa @DamoSpin @MikeHallihan my bad. Meant to link u this. The Sgt at Arms", "type": "direct_reply"}, {"index": 5, "attribution": 0.002977515934093111, "content_attribution": 0.003312887565385965, "stance_attribution": -0.0003353716312928536, "tweet_id": 525051803977940995, "text": "@CBCOttawa Mr. Vickers saved many a life today. Thank you sir. Thanks to all our first responders. #heroes", "type": "direct_reply"}, {"index": 10, "attribution": 0.0007579968140486843, "content_attribution": -0.00116607504483703, "stance_attribution": 0.0019240718588857137, "tweet_id": 525009472956399616, "text": "@CBCOttawa @dexybailman \n\nBrave man with weapon stops evil in its tracks.  A hero indeed.", "type": "direct_reply"}, {"index": 2, "attribution": -0.0005321671528244203, "content_attribution": -0.007276295871844633, "stance_attribution": 0.006744128719020214, "tweet_id": 525028338222780416, "text": "@CBCOttawa A hero in all of Ottawa's hearts!", "type": "direct_reply"}, {"index": 9, "attribution": -0.0014570915705208072, "content_attribution": 0.002471419608695115, "stance_attribution": -0.003928511179215922, "tweet_id": 525035421479481344, "text": "@CBCOttawa @JODYMITIC this is the kind of hero we need in today's world!! Thank you Kevin for your bravery", "type": "direct_reply"}, {"index": 3, "attribution": -0.002223412532546604, "content_attribution": -0.0023426343712712235, "stance_attribution": 0.00011922183872461925, "tweet_id": 525007563642130433, "text": "@CBCOttawa  Well done Mr. Vickers. Tremendous presence of mind.", "type": "direct_reply"}, {"index": 13, "attribution": -0.0045796948560652894, "content_attribution": 0.012034909286043761, "stance_attribution": -0.016614604142109045, "tweet_id": 525012116869480448, "text": "@CBCOttawa Sgt at Arms is actually armed? Thought it a more ceremonial title than anything", "type": "direct_reply"}, {"index": 7, "attribution": -0.006591327264897073, "content_attribution": 0.009262331856025194, "stance_attribution": -0.015853659120922264, "tweet_id": 525065077452722176, "text": "@CBCOttawa A bit soon, but I'll bet many Americans are assuming he took the gunman down with that mace. #OttawaShooting", "type": "direct_reply"}, {"index": 8, "attribution": -0.024440796656507092, "content_attribution": 0.00039638474299147537, "stance_attribution": -0.024837181399498566, "tweet_id": 525019195462123520, "text": "@CBCOttawa @DamoSpin Bad-ass!", "type": "direct_reply"}, {"index": 12, "attribution": -0.09557078252743514, "content_attribution": -0.00034684774559564746, "stance_attribution": -0.0952239347818395, "tweet_id": 525017517853384705, "text": "@CBCOttawa LEGEND #CanadaStrong #TrueNorthStrong", "type": "direct_reply"}]}