{"thread_id": "525027317551079424", "gold_label": 0, "predicted_label": 2, "tweet_attributions": [{"index": 7, "attribution": 1.7535674203509677, "content_attribution": 0.04365086959887545, "stance_attribution": 1.7099165507520921, "tweet_id": 525048587970170880, "text": "@TrainerGloria @ABC @theviewtv @WorldNews \nISRAEL KILLS HUNDREDS EVERYDAY JUST TO TAKE OVER THEIR LANDS.\nPALESTINIANS BORN AND DIE IN CAMPS", "type": "lower_reply"}, {"index": 10, "attribution": 0.7565111505548231, "content_attribution": 0.026821509305096136, "stance_attribution": 0.7296896412497269, "tweet_id": 525028710223982593, "text": "@ABC @theviewtv @WorldNews in the photo of him he is wearing palestinian scarf. A palestinian terrorist killed infant in Jerusalem today", "type": "direct_reply"}, {"index": 1, "attribution": 0.2784041662016943, "content_attribution": 0.10869870540322527, "stance_attribution": 0.169705460798469, "tweet_id": 525049051692429313, "text": "@albanyly @ABC @theviewtv @WorldNews piss off jew-hating jihadist troll", "type": "lower_reply"}, {"index": 9, "attribution": 0.04550361320083106, "content_attribution": 0.005049241435391137, "stance_attribution": 0.04045437176543992, "tweet_id": 525028037709291520, "text": "@ABC @WorldNews Let me guess, he is Muslim....", "type": "direct_reply"}, {"index": 6, "attribution": 0.0268927641384449, "content_attribution": -0.0006975723660590694, "stance_attribution": 0.027590336504503973, "tweet_id": 525161942550577152, "text": "@ABC", "type": "direct_reply"}, {"index": 5, "attribution": 0.0100284404277298, "content_attribution": -0.0014439130452987116, "stance_attribution": 0.011472353473028512, "tweet_id": 525032398967570432, "text": "@ABC @WorldNews we've let the enemy in the front door.", "type": "direct_reply"}, {"index": 3, "attribution": 0.009036571337906427, "content_attribution": -0.0005775199775282901, "stance_attribution": 0.009614091315434718, "tweet_id": 525029610682335232, "text": "@ABC @WorldNews can I have more foreigners did we do they got to stop them now", "type": "direct_reply"}, {"index": 8, "attribution": 0.007250462236967282, "content_attribution": 0.009471859949285679, "stance_attribution": -0.0022213977123183965, "tweet_id": 525029024360566784, "text": "@bohratom @ABC @WorldNews probably just hit the nail on the head with that guess.", "type": "lower_reply"}, {"index": 11, "attribution": -0.0025802950611984684, "content_attribution": -0.0010759404261850348, "stance_attribution": -0.0015043546350134323, "tweet_id": 525034200991551488, "text": "@ABC @WorldNews Did he work nearby and go after co-workers prompted @BarackObama and the Admin to Canada ?", "type": "direct_reply"}, {"index": 4, "attribution": -0.050627462091727624, "content_attribution": 0.006424466889008193, "stance_attribution": -0.05705192898073583, "tweet_id": 525049750295281666, "text": "@ABC @WorldNews \nIT IS A SHAME TO ACT TWO FACES. ISRAEL TAKE OVER PALESTINIAN HOUSES BY USING FORCE AN NOBODY WANT TO SEE IT.SEE NAZI ISRAEL", "type": "lower_reply"}, {"index": 2, "attribution": -0.13626707851361572, "content_attribution": 0.0063914584241462685, "stance_attribution": -0.142658536937762, "tweet_id": 525047905946963968, "text": "@ABC @WorldNews \n\nCAN THIS CANADIAN COULD BE CALLED A CHRISTIAN TERRORIST?\nIF HE WAS A MUSLIM HE COULD BE NAMED AN ISLAMIST EXTREMIST?", "type": "direct_reply"}, {"index": 0, "attribution": -0.33027452474223096, "content_attribution": 0.05090986210645262, "stance_attribution": -0.38118438684868355, "tweet_id": 525027317551079424, "text": "NEW: Sources: Deceased gunman who killed soldier in Ottawa has been identified as Canadian national Michael Zehaf-Bibeau - @WorldNews", "type": "source"}]}