{"thread_id": "525040097272819712", "gold_label": 2, "predicted_label": 2, "tweet_attributions": [{"index": 29, "attribution": 3.2304004404987383, "content_attribution": 0.09007125663259294, "stance_attribution": 3.140329183866145, "tweet_id": 525048496806584320, "text": "@causticsodafizz @redlianak yea but the media doesn't care about what you do positive just what the trolls do negative.", "type": "lower_reply"}, {"index": 32, "attribution": 2.5102417275124003, "content_attribution": 0.043026298315603576, "stance_attribution": 2.4672154291967967, "tweet_id": 525049417297326081, "text": "@Tougakun @redlianak Exactly, but this is something people can come see for themselves. It isn't a battle taking place in the shadows.", "type": "lower_reply"}, {"index": 33, "attribution": 1.5119990565273864, "content_attribution": 0.05989558042129578, "stance_attribution": 1.4521034761060905, "tweet_id": 525047940906483712, "text": "@Tougakun @redlianak The trolls aren't doing us favors, which is why its important we keep representing ourselves in a positive light.", "type": "lower_reply"}, {"index": 26, "attribution": 0.6597416610452148, "content_attribution": 0.028257237533830335, "stance_attribution": 0.6314844235113845, "tweet_id": 525050164470222849, "text": "@causticsodafizz @redlianak honestly I think you guys need to focus on the game companies which are the ones bribing the journalist.", "type": "lower_reply"}, {"index": 25, "attribution": 0.2824734491050671, "content_attribution": 0.004507451054985984, "stance_attribution": 0.27796599805008115, "tweet_id": 525042045652852736, "text": "@MLDBanks This is what I'm trying to figure out", "type": "lower_reply"}, {"index": 1, "attribution": 0.24705985788907267, "content_attribution": 0.006290917343157476, "stance_attribution": 0.2407689405459152, "tweet_id": 525050150398734336, "text": "@redlianak I was one of the guys he completely disrespected. He is a horrible human being.", "type": "lower_reply"}, {"index": 8, "attribution": 0.19833374931533682, "content_attribution": 0.011528481785057009, "stance_attribution": 0.18680526753027982, "tweet_id": 525051418311655424, "text": "@redlianak Its all good. Everyone has been super great in their support. #GamerGate is freaking amazing.", "type": "lower_reply"}, {"index": 6, "attribution": 0.1439206852650127, "content_attribution": 0.04890029857249188, "stance_attribution": 0.09502038669252082, "tweet_id": 525051903869456384, "text": "@Tougakun @redlianak I agree. There are a lot of aspects we need to look in to as a movement.", "type": "lower_reply"}, {"index": 7, "attribution": 0.13351064682106792, "content_attribution": 0.005181933955129583, "stance_attribution": 0.12832871286593833, "tweet_id": 525063211523911681, "text": "@TyHopkinson @redlianak heres a virtual handshake and pat on back for you #GamerGate", "type": "lower_reply"}, {"index": 20, "attribution": 0.08297269306270535, "content_attribution": 0.03557335685117382, "stance_attribution": 0.04739933621153154, "tweet_id": 525055204840833024, "text": "@causticsodafizz @redlianak I also suggest forming your own game review site where you display ethical journalism to lead by example.", "type": "lower_reply"}, {"index": 15, "attribution": 0.0694382120387605, "content_attribution": 0.015487533534165225, "stance_attribution": 0.053950678504595284, "tweet_id": 525046787250192385, "text": "@causticsodafizz @redlianak it's because the trolls make you guys easy targets for the media.", "type": "lower_reply"}, {"index": 0, "attribution": 0.04345510208311577, "content_attribution": 0.001875016562299131, "stance_attribution": 0.041580085520816636, "tweet_id": 525040097272819712, "text": "NO, Michael Zehaf-Bibeau was NOT wearing a GamerGate t-shirt during the Ottawa Shooting.  The people spreading this are freaking sick.", "type": "source"}, {"index": 34, "attribution": 0.04068409352501692, "content_attribution": -0.007229849661153028, "stance_attribution": 0.047913943186169955, "tweet_id": 525051083161219073, "text": "@TyHopkinson Hmm.  men changed to people.  Typical SJW sign.  That sucks.  Sorry you went through that", "type": "lower_reply"}, {"index": 13, "attribution": 0.02445912429819948, "content_attribution": 0.024439437158726787, "stance_attribution": 1.9687139472691212e-05, "tweet_id": 525095099831971840, "text": "@TyHopkinson @redlianak Yeah, and I just figured some ass would try that but hoped they wouldn't.", "type": "lower_reply"}, {"index": 30, "attribution": 0.022535183767441846, "content_attribution": 0.021048930969503436, "stance_attribution": 0.0014862527979384067, "tweet_id": 525095573423419392, "text": "@voidraithe @redlianak Im really not surprised they did it either. Im appalled that they would tho.", "type": "lower_reply"}, {"index": 5, "attribution": 0.0191038069865975, "content_attribution": 0.0024148011951987394, "stance_attribution": 0.01668900579139876, "tweet_id": 525056963017981952, "text": "@Tougakun @redlianak I heard there were some forming or that have been formed. I'm new so I don't know them off the top of my head.", "type": "lower_reply"}, {"index": 18, "attribution": 0.018373220557620192, "content_attribution": 0.012884907992786142, "stance_attribution": 0.005488312564834049, "tweet_id": 525093602796777473, "text": "@voidraithe @redlianak No problem man. We all gotta stick together in times like this eh?", "type": "lower_reply"}, {"index": 21, "attribution": 0.014723182773794766, "content_attribution": 0.010281692017317857, "stance_attribution": 0.004441490756476909, "tweet_id": 525093143361093632, "text": "@redlianak @TyHopkinson As a fellow Canuck, thanks", "type": "lower_reply"}, {"index": 28, "attribution": 0.012843391722973205, "content_attribution": -0.0004392445264273207, "stance_attribution": 0.013282636249400525, "tweet_id": 525040668935462912, "text": "@redlianak but thanks for staying honest, regardless of backlash. people still emotionally high strung atm.", "type": "direct_reply"}, {"index": 14, "attribution": 0.010777962928218292, "content_attribution": 0.00020411744803739898, "stance_attribution": 0.010573845480180893, "tweet_id": 525040865627357184, "text": "@redlianak Jesus Christ, these people are truly disconnected with humanity, if not reality.", "type": "direct_reply"}, {"index": 11, "attribution": 0.0091589240595174, "content_attribution": -0.000529792950064986, "stance_attribution": 0.009688717009582386, "tweet_id": 525040524244180992, "text": "@redlianak @LordKaT \nJust the fact people are trying to use such recent tragedy to push their views out is fucking gross", "type": "direct_reply"}, {"index": 19, "attribution": 0.006830803798349548, "content_attribution": 0.0002459749431148793, "stance_attribution": 0.006584828855234669, "tweet_id": 525067144992931840, "text": "@BevinWarren @redlianak Cheers man.", "type": "lower_reply"}, {"index": 2, "attribution": 0.0020840998221174443, "content_attribution": -0.0004914446055110812, "stance_attribution": 0.0025755444276285245, "tweet_id": 525041502310117377, "text": "@redlianak What kind of pathetic pos uses a tragic event to bash a consumer revolt.", "type": "direct_reply"}, {"index": 17, "attribution": 0.0015056629570625094, "content_attribution": 0.0016279157693096635, "stance_attribution": -0.00012225281224715424, "tweet_id": 525052251719876608, "text": "@TyHopkinson @redlianak You called that idiot out - that deserves a pat on the back in my book. Trolls like them, on the other hand ...", "type": "lower_reply"}, {"index": 10, "attribution": 0.001413312923263326, "content_attribution": 0.0015499954286546816, "stance_attribution": -0.00013668250539135805, "tweet_id": 525041589576429569, "text": "@redlianak You have got to be fucking kidding me. What the actual fuck is wrong with people? Seriously?", "type": "direct_reply"}, {"index": 3, "attribution": 0.0006501959707723025, "content_attribution": 0.00026758496940361046, "stance_attribution": 0.00038261100136869193, "tweet_id": 525040329431740417, "text": "@redlianak I am really getting annoyed by the spreading of lies by people about GG. these last two months has been shocking..", "type": "direct_reply"}, {"index": 27, "attribution": 0.00045082639921475867, "content_attribution": 0.0006359578839536555, "stance_attribution": -0.00018513148473889684, "tweet_id": 525040555198513152, "text": "@redlianak all media outlets are looking to pull the photoshopped images. I haven't heard much but editors are pissed.", "type": "direct_reply"}, {"index": 35, "attribution": -0.0003440759560882005, "content_attribution": -0.0003472708042360765, "stance_attribution": 3.1948481478759707e-06, "tweet_id": 525040346057539584, "text": "@redlianak I'm not even sure if I want to refer to them as human.", "type": "direct_reply"}, {"index": 16, "attribution": -0.00038742451091913245, "content_attribution": -0.000199909290517683, "stance_attribution": -0.0001875152204014494, "tweet_id": 525042011590508544, "text": "@redlianak As a CAF member, this bothers me a pretty large amount. These people really need to sit down and give themselves a hard look.", "type": "direct_reply"}, {"index": 31, "attribution": -0.00041168015168444326, "content_attribution": -0.00043570135315756784, "stance_attribution": 2.402120147312458e-05, "tweet_id": 525040234027683840, "text": "@redlianak Look at these disgusting human beings. http://t.co/pvXe8WcGfC", "type": "direct_reply"}, {"index": 4, "attribution": -0.000629083092365852, "content_attribution": -0.000634203926077904, "stance_attribution": 5.120833712051959e-06, "tweet_id": 525040951538900992, "text": "@redlianak are you fucking kidding me? people are trying to say that? and we are the bad people?", "type": "direct_reply"}, {"index": 12, "attribution": -0.0009045121479108146, "content_attribution": -0.001209615943341155, "stance_attribution": 0.0003051037954303405, "tweet_id": 525040237752627202, "text": "@redlianak I heard that rumor too. What piece of shit tried to drag GG into the Ottawa shooting?", "type": "direct_reply"}, {"index": 9, "attribution": -0.0015913529309645423, "content_attribution": -0.0017411675033001776, "stance_attribution": 0.00014981457233563555, "tweet_id": 525040815442513923, "text": "@redlianak You know what's worse? I'm not even THAT surprised.", "type": "direct_reply"}, {"index": 22, "attribution": -0.013767288078020141, "content_attribution": 0.0021068173457703975, "stance_attribution": -0.015874105423790537, "tweet_id": 525041451449974784, "text": "@redlianak They are getting desperate to shut us down because we are making progress. Anything they can pin on GG they will.", "type": "direct_reply"}, {"index": 23, "attribution": -0.05105867403453651, "content_attribution": 0.013628906787750167, "stance_attribution": -0.06468758082228668, "tweet_id": 525050444490354688, "text": "@TyHopkinson Hmm?", "type": "lower_reply"}, {"index": 24, "attribution": -0.12168046180225653, "content_attribution": 0.01936521622317289, "stance_attribution": -0.14104567802542944, "tweet_id": 525050618768293889, "text": "@redlianak http://t.co/t5uO3XbMP0", "type": "lower_reply"}]}