{"thread_id": "525011494896148480", "gold_label": 0, "predicted_label": 2, "tweet_attributions": [{"index": 6, "attribution": 4.029680695468737, "content_attribution": 0.06989553678777069, "stance_attribution": 3.9597851586809663, "tweet_id": 525013810755956736, "text": "@zapata_36 @CBCToronto Pretty sure because Vickers was the one who actually hit the shooter, though many shots came from security and missed", "type": "lower_reply"}, {"index": 2, "attribution": 2.3309815074691236, "content_attribution": 0.04656613345128521, "stance_attribution": 2.2844153740178386, "tweet_id": 525014596143550466, "text": "We already know which bullets went where? After the first few shots by Vickers, he was shot at 30 odd more times? @SimonLiu20 @CBCToronto", "type": "lower_reply"}, {"index": 5, "attribution": 1.4636399943570155, "content_attribution": 0.021752970476626776, "stance_attribution": 1.441887023880389, "tweet_id": 525013000726786048, "text": "Why is Kevin Vickers being credited uncritically when the Globe's video clearly shows ~30 shots coming from many security staff @CBCToronto?", "type": "direct_reply"}, {"index": 4, "attribution": 0.2326174368993014, "content_attribution": 0.023856300471839613, "stance_attribution": 0.2087611364274618, "tweet_id": 525015450649133056, "text": "@zapata_36 The target probably wasn't shot that many times after the first bullet hit, and yes, the shooters know which shots went where.", "type": "lower_reply"}, {"index": 3, "attribution": 0.00026589288468343783, "content_attribution": -0.005381235246085966, "stance_attribution": 0.0056471281307694035, "tweet_id": 525049229048573952, "text": "\u201c@CBCToronto: Kevin Vickers hailed as hero who took down attacker http://t.co/hrKKlZE5yQ #OttawaShooting #cbcto http://t.co/Ic2umGZgnv\u201d\ud83d\udc4c\ud83d\udc4f", "type": "direct_reply"}, {"index": 7, "attribution": -0.0026095286808878876, "content_attribution": -0.0022381493906205776, "stance_attribution": -0.00037137929026731, "tweet_id": 525063003306090496, "text": "@CBCToronto Notice, he's an \"Old Guy.\"  From an \"Old Guy.\"", "type": "direct_reply"}, {"index": 1, "attribution": -0.0204969998743611, "content_attribution": -0.005761077633330003, "stance_attribution": -0.014735922241031096, "tweet_id": 525024327410802688, "text": ".@CBCToronto @murrjw As @stephenlautens points out about @josh_wingrove's video, how do we know which bullet felled the attacker?", "type": "direct_reply"}, {"index": 0, "attribution": -0.07756991983908416, "content_attribution": -0.034450860329277445, "stance_attribution": -0.043119059509806726, "tweet_id": 525011494896148480, "text": "Kevin Vickers hailed as hero who took down attacker http://t.co/qIDq2LcXkf #OttawaShooting #cbcto http://t.co/Qo5E24X9ZS", "type": "source"}]}