{"thread_id": "525020326816927744", "gold_label": 0, "predicted_label": 2, "tweet_attributions": [{"index": 2, "attribution": 0.19080621785269675, "content_attribution": 0.053619930948601104, "stance_attribution": 0.13718628690409568, "tweet_id": 525042324452433920, "text": "@Scrawnburke A Canadian soldier standing on guard at a war memorial in Ottawa was shot and killed", "type": "lower_reply"}, {"index": 23, "attribution": 0.12237216218969427, "content_attribution": 0.016056310122608993, "stance_attribution": 0.10631585206708527, "tweet_id": 525020758205288448, "text": "@globeandmail RIP to him and thank you for his bravery and service. Heartfelt condolences to his loved ones.", "type": "direct_reply"}, {"index": 10, "attribution": 0.09386055054660378, "content_attribution": 0.008080696128157469, "stance_attribution": 0.08577985441844632, "tweet_id": 525021011109228544, "text": "Hero. \u201c@globeandmail: Soldier killed at war memorial identified as Cpl. Nathan Cirillo http://t.co/Ra4FzmxBsQ http://t.co/Urxbuwd2RE\u201d", "type": "direct_reply"}, {"index": 17, "attribution": 0.06244100639801334, "content_attribution": 0.08716771704956344, "stance_attribution": -0.024726710651550125, "tweet_id": 525070633278119936, "text": "@beebsmn Sad to hear this", "type": "lower_reply"}, {"index": 1, "attribution": 0.05693976470693801, "content_attribution": -0.001162886231930161, "stance_attribution": 0.05810265093886817, "tweet_id": 525046159610372096, "text": "@curtharnett @jstines3 @globeandmail So sad... RIP  Cpl. Nathan Cirillo ....", "type": "lower_reply"}, {"index": 15, "attribution": 0.04931258010222359, "content_attribution": -0.0010083935323450884, "stance_attribution": 0.05032097363456869, "tweet_id": 525022114156642305, "text": "@globeandmail R.I.P. sir. We will bring these men to justice.", "type": "direct_reply"}, {"index": 16, "attribution": 0.025798449011679252, "content_attribution": -0.0002669063347501363, "stance_attribution": 0.02606535534642939, "tweet_id": 525024618994614272, "text": "RIP \u201c@globeandmail: Soldier killed at war memorial identified as Cpl. Nathan Cirillo http://t.co/WjGNI60ko2 http://t.co/4YZwbEhH3q\u201d", "type": "direct_reply"}, {"index": 7, "attribution": 0.024574935986722238, "content_attribution": -4.459865615437111e-05, "stance_attribution": 0.024619534642876608, "tweet_id": 525022294138449922, "text": "@globeandmail @popup82 @pmharper At least put the flag on the Peace Tower at half mast for Cpl Cirillo-deserved like all the fallen solders", "type": "direct_reply"}, {"index": 9, "attribution": 0.024094115590336567, "content_attribution": -0.00033494800170953085, "stance_attribution": 0.024429063592046097, "tweet_id": 525023197260173313, "text": "@globeandmail @SCalaisS This is so sad.", "type": "direct_reply"}, {"index": 18, "attribution": 0.019360329548903984, "content_attribution": -4.7369768883504296e-05, "stance_attribution": 0.01940769931778749, "tweet_id": 525021141640171520, "text": "@globeandmail rip \ud83d\ude4f\ud83d\ude4f", "type": "direct_reply"}, {"index": 3, "attribution": 0.01734982692311116, "content_attribution": -0.0001703267018091961, "stance_attribution": 0.017520153624920355, "tweet_id": 525024499272396800, "text": "@globeandmail Hero.", "type": "direct_reply"}, {"index": 20, "attribution": 0.01432687948946388, "content_attribution": 0.00019445683661399208, "stance_attribution": 0.014132422652849887, "tweet_id": 525020420685434882, "text": "@globeandmail bless his soul", "type": "direct_reply"}, {"index": 11, "attribution": 0.013136500586987173, "content_attribution": -3.624867075301629e-05, "stance_attribution": 0.013172749257740188, "tweet_id": 525023032914751488, "text": "@globeandmail Our prayers go out to this man's family, friends and community. Thank you for your service, Nathan.", "type": "direct_reply"}, {"index": 22, "attribution": 0.006306712098569063, "content_attribution": -0.00227972825079274, "stance_attribution": 0.008586440349361802, "tweet_id": 525021793883803648, "text": "@globeandmail killed by an #islamist", "type": "direct_reply"}, {"index": 8, "attribution": 0.00626341446379668, "content_attribution": -0.0005924820397349824, "stance_attribution": 0.006855896503531663, "tweet_id": 525021025260802048, "text": "Soldier killed in #OttawaShooting identified as Cpl. Nathan Cirillo via @globeandmail http://t.co/MsZee1uYsL http://t.co/5XOZi829FC\u201d", "type": "direct_reply"}, {"index": 24, "attribution": 0.00486231420755604, "content_attribution": -0.0002357265901097654, "stance_attribution": 0.005098040797665806, "tweet_id": 525021751181590528, "text": "@globeandmail \nPaix \u00e0 lui .", "type": "direct_reply"}, {"index": 4, "attribution": 0.004580354623836255, "content_attribution": 7.057345690186993e-05, "stance_attribution": 0.004509781166934385, "tweet_id": 525021583556247553, "text": "@globeandmail @freddoso God bless.", "type": "direct_reply"}, {"index": 12, "attribution": 0.00201622658342125, "content_attribution": -0.0008938144424951692, "stance_attribution": 0.002910041025916419, "tweet_id": 525023113897996288, "text": "@globeandmail RIP #Canada", "type": "direct_reply"}, {"index": 6, "attribution": 0.0013033286411902332, "content_attribution": -0.001938114768035445, "stance_attribution": 0.003241443409225678, "tweet_id": 525023615381946368, "text": "@globeandmail @SMontalbano What a terrible shame. RIP.", "type": "direct_reply"}, {"index": 21, "attribution": 0.0011013989913492487, "content_attribution": -3.319091583527521e-05, "stance_attribution": 0.0011345899071845242, "tweet_id": 525021008580059136, "text": "Tragic. \"@globeandmail: Soldier killed at war memorial identified as Cpl. Nathan Cirillo http://t.co/XriJVzEaGh http://t.co/yINZDXObak\u201d", "type": "direct_reply"}, {"index": 13, "attribution": 0.0007136752237375038, "content_attribution": 0.0006376328282348961, "stance_attribution": 7.604239550260746e-05, "tweet_id": 525024181851660288, "text": "@globeandmail So sad :(", "type": "direct_reply"}, {"index": 14, "attribution": -0.012691318746420445, "content_attribution": 0.00015023798106585183, "stance_attribution": -0.012841556727486297, "tweet_id": 525023066871824384, "text": "@globeandmail So awful. God bless his soul.", "type": "direct_reply"}, {"index": 5, "attribution": -0.026885865587617467, "content_attribution": 0.028059781918079535, "stance_attribution": -0.05494564750569701, "tweet_id": 525029693280772096, "text": "What happened? @beebsmn @globeandmail", "type": "lower_reply"}, {"index": 0, "attribution": -0.04592139553742157, "content_attribution": 0.03644374938266705, "stance_attribution": -0.08236514492008862, "tweet_id": 525020326816927744, "text": "#Breaking: Soldier killed at war memorial identified as Cpl. Nathan Cirillo #ottawashooting http://t.co/vlj96XOoSm http://t.co/LOzoL7IjVI", "type": "source"}, {"index": 19, "attribution": -0.0857272073620933, "content_attribution": 0.0026866075889080228, "stance_attribution": -0.08841381495100131, "tweet_id": 525046033521590273, "text": "@curtharnett @jstines3 @globeandmail God Bless", "type": "lower_reply"}]}