{"thread_id": "580319116302647297", "gold_label": 2, "predicted_label": 1, "tweet_attributions": [{"index": 3, "attribution": 0.836235727213325, "content_attribution": 0.009260466049389534, "stance_attribution": 0.8269752611639354, "tweet_id": 580332457137872897, "text": "@grillteam83 @airlivenet fuck I flew with them last year no lie", "type": "lower_reply"}, {"index": 8, "attribution": 0.6443844816632547, "content_attribution": 0.00040990976863644244, "stance_attribution": 0.6439745718946183, "tweet_id": 580329491588743168, "text": ". @airlivenet shit @dylweet", "type": "direct_reply"}, {"index": 15, "attribution": 0.09908090748670906, "content_attribution": 0.013601832176557693, "stance_attribution": 0.08547907531015138, "tweet_id": 580332610309623808, "text": "@dylweet @airlivenet you're touched", "type": "lower_reply"}, {"index": 10, "attribution": 0.027079328647367732, "content_attribution": 0.008184128874636803, "stance_attribution": 0.01889519977273093, "tweet_id": 580333907830145024, "text": "@lurchielurchie @dylweet @airlivenet air crash investigation", "type": "lower_reply"}, {"index": 19, "attribution": 0.019076892965066573, "content_attribution": 0.008775859080865646, "stance_attribution": 0.010301033884200927, "tweet_id": 580333347219628033, "text": "@dylweet @grillteam83 @airlivenet I need footage for this crash #wankbank", "type": "lower_reply"}, {"index": 9, "attribution": 0.011092556540106149, "content_attribution": 0.009633928393170567, "stance_attribution": 0.0014586281469355824, "tweet_id": 580334193374306304, "text": "@grillteam83 @dylweet @airlivenet love that show but too many episodes where the plane doesn't even crash", "type": "lower_reply"}, {"index": 20, "attribution": 0.00441469732962159, "content_attribution": 0.0006159748178988487, "stance_attribution": 0.0037987225117227415, "tweet_id": 580330438452903936, "text": "@airlivenet @SophatSoeung *could be being the operative word. Be respectful to families involved and don't speculate", "type": "direct_reply"}, {"index": 5, "attribution": 0.0024535892136397773, "content_attribution": -6.740425483200945e-05, "stance_attribution": 0.0025209934684717866, "tweet_id": 580320987834634240, "text": "@airlivenet @LamyaeA RTL-Z extra uitzending.", "type": "direct_reply"}, {"index": 14, "attribution": 0.0023468721176785634, "content_attribution": 0.0008207424491154364, "stance_attribution": 0.001526129668563127, "tweet_id": 580319787521196032, "text": "With 142 onboard. RT\u201c@airlivenet:  #A320 crash could be Germanwings flight #4U9525 from Barcelona to Dusseldorf. http://t.co/Rr5GOcD9J4\u201d", "type": "direct_reply"}, {"index": 12, "attribution": 0.0015131745219196914, "content_attribution": 0.0003710172595769301, "stance_attribution": 0.0011421572623427612, "tweet_id": 580328857238151168, "text": "@airlivenet ..Ba\u015fta #THY Kabin olmak \u00fczere ALLAH HEP\u0130N\u0130Z\u0130 KORUSUN.. Yolunuz A\u00e7\u0131k, U\u00e7u\u015flar\u0131n\u0131z, Kalk\u0131\u015f ve \u0130ni\u015fleriniz G\u00fcvenli olsun CANlar..!", "type": "direct_reply"}, {"index": 18, "attribution": 0.0011915443502564485, "content_attribution": 0.001069835637086665, "stance_attribution": 0.00012170871316978345, "tweet_id": 580319512387538944, "text": "FOK \u201c@airlivenet: BREAKING #A320 crashed could be Germanwings flight #4U9525 from Barcelona to Dusseldorf. http://t.co/n8fjRY357z\u201d", "type": "direct_reply"}, {"index": 16, "attribution": 0.0006873203005117468, "content_attribution": 0.0005162754758416864, "stance_attribution": 0.00017104482467006024, "tweet_id": 580320792291860480, "text": "RT@airlivenet: BREAKING #A320 crashed could be Germanwings flight #4U9525 from Barcelona to Dusseldorf. http://t.co/lH5esPhA2Y\u201d", "type": "direct_reply"}, {"index": 1, "attribution": -1.460849785173154e-05, "content_attribution": 1.0621346961259059e-05, "stance_attribution": -2.52298448129906e-05, "tweet_id": 580324210435735553, "text": ":( @airlivenet: BREAKING #A320 crashed could be Germanwings flight #4U9525 from Barcelona to Dusseldorf. http://t.co/3qD7bgW3Q0", "type": "direct_reply"}, {"index": 13, "attribution": -2.059296163533176e-05, "content_attribution": 3.2008281239556914e-05, "stance_attribution": -5.260124287488868e-05, "tweet_id": 580319240231731200, "text": "\u201c@airlivenet: BREAKING #A320 crashed could be Germanwings flight #4U9525 from Barcelona to Dusseldorf. http://t.co/zkUXGpCSgk\u201d", "type": "direct_reply"}, {"index": 4, "attribution": -0.00021858771494551556, "content_attribution": -1.976512574412692e-05, "stance_attribution": -0.0001988225892013886, "tweet_id": 580319402710667264, "text": "@neilmac1123 @airlivenet: BREAKING #A320 crashed could be Germanwings flight #4U9525 from Barcelona to Dusseldorf. http://t.co/JLnvDEnlml\u201d", "type": "direct_reply"}, {"index": 11, "attribution": -0.0009115472765127158, "content_attribution": 0.0003885230714122812, "stance_attribution": -0.0013000703479249967, "tweet_id": 580319481987231744, "text": "\u201c@airlivenet: BREAKING #A320 crashed could be Germanwings flight #4U9525 from Barcelona to Dusseldorf. http://t.co/DfyfN05u4C\u201d @OmarJuve83", "type": "direct_reply"}, {"index": 2, "attribution": -0.0014795948110862946, "content_attribution": 5.4921335423501465e-05, "stance_attribution": -0.0015345161465097961, "tweet_id": 580327721454043136, "text": "\u201c@airlivenet: #A320 crashed could be Germanwings flight #4U9525 from Barcelona to Dusseldorf. http://t.co/JUue4pwkIK\u201d\ud83d\ude14how unfortunate", "type": "direct_reply"}, {"index": 17, "attribution": -0.0018056350054385314, "content_attribution": -8.908769146173234e-05, "stance_attribution": -0.0017165473139767991, "tweet_id": 580321076619530240, "text": "\u30c9\u30a4\u30c4\u306a\u306e\u306b\u30de\u30b8\u304b\u2026 RT @airlivenet: BREAKING #A320 crashed could be Germanwings flight #4U9525 from Barcelona to Dusseldorf. http://t.co/5Q88Yuufgz", "type": "direct_reply"}, {"index": 6, "attribution": -0.00279042247718195, "content_attribution": -0.0003071781720010543, "stance_attribution": -0.002483244305180896, "tweet_id": 580320371766747136, "text": "\u30b8\u30e3\u30fc\u30de\u30f3\u30a6\u30a4\u30f3\u30b0\u30b9\u822a\u7a7a\u30a2\u30a8\u30d0\u30b9A320\uff08\u30d0\u30eb\u30bb\u30ed\u30ca\u767a\u30c7\u30e5\u30c3\u30bb\u30eb\u30c9\u30eb\u30d5\u884c\uff09\u304c\u5357\u30d5\u30e9\u30f3\u30b9\u3067\u589c\u843d\u3002RT @airlivenet BREAKING #A320 crashed could be Germanwings flight  http://t.co/AGjzEVfVOE", "type": "direct_reply"}, {"index": 7, "attribution": -0.003255588111515913, "content_attribution": 0.00012021127996905485, "stance_attribution": -0.003375799391484968, "tweet_id": 580319924662493184, "text": "L'area dove sarebbe caduto il volo Germanwings #4U9525 via @airlivenet http://t.co/oKE1rwHoAQ\u201d", "type": "direct_reply"}, {"index": 0, "attribution": -0.04893576791987577, "content_attribution": 0.00402850928857542, "stance_attribution": -0.05296427720845119, "tweet_id": 580319116302647297, "text": "BREAKING #A320 crashed could be Germanwings flight #4U9525 from Barcelona to Dusseldorf. http://t.co/FJvY7woj4t", "type": "source"}]}