{"thread_id": "580322453928431617", "gold_label": 1, "predicted_label": 0, "tweet_attributions": [{"index": 0, "attribution": 0.32824974803040313, "content_attribution": 0.0372317576814683, "stance_attribution": 0.29101799034893483, "tweet_id": 580322453928431617, "text": "German Wings airline tweeting now about reports of plane crashing in French Alps with 148 on board: @germanwings http://t.co/SqUrmcvNKt", "type": "source"}, {"index": 1, "attribution": 0.069292923852271, "content_attribution": -0.005385706675626295, "stance_attribution": 0.07467863052789728, "tweet_id": 580390811197665280, "text": "@AJENews @germanwings yes indeed :-(.", "type": "direct_reply"}, {"index": 2, "attribution": 0.010462156194010808, "content_attribution": -0.02387713736802619, "stance_attribution": 0.03433929356203699, "tweet_id": 581219554912800768, "text": "@AJENews @germanwings was the co-pilot Christian - since no ones calling this a terrorist act!", "type": "direct_reply"}]}