{"thread_id": "580327923128877056", "gold_label": 0, "predicted_label": 1, "tweet_attributions": [{"index": 12, "attribution": 0.3056706958394796, "content_attribution": 0.02136247266057239, "stance_attribution": 0.28430822317890725, "tweet_id": 580695526171140096, "text": "@Ker8Mel @HansTheGerman Vor allem erst schon einmal gelandet. Vielleicht dadurch Absturz vermeiden!?", "type": "lower_reply"}, {"index": 5, "attribution": 0.14966337096855362, "content_attribution": 0.006883663765841645, "stance_attribution": 0.14277970720271194, "tweet_id": 580690965565935617, "text": "@HansTheGerman Das habe ich gestern auch schon gefragt.\nSelbst wenn Absturz passiert, kann in flachem Gel\u00e4nde besser gerettet werden.", "type": "lower_reply"}, {"index": 11, "attribution": 0.13337139454038432, "content_attribution": 0.014837866108565835, "stance_attribution": 0.1185335284318185, "tweet_id": 580694269691891712, "text": "@Ker8Mel Das kann nicht der Grund sein! W\u00fcrde ich mit Privatflugzeug doch auch nicht machen. Luftlinie Barcelona - D\u00fcsseldorf \u00fcber Flachland", "type": "lower_reply"}, {"index": 9, "attribution": 0.09866150007883358, "content_attribution": 0.007538591681115282, "stance_attribution": 0.09112290839771828, "tweet_id": 580691143383494657, "text": "@HansTheGerman Ist wohl einfach viel zu viel Verkehr in der Luft.", "type": "lower_reply"}, {"index": 6, "attribution": 0.043752836974572495, "content_attribution": 0.0019182831878920429, "stance_attribution": 0.04183455378668045, "tweet_id": 580690224700874752, "text": "@SPIEGELONLINE Warum m\u00fcssen #Luftstrassen ausgerechnet \u00fcber die #Alpen gef\u00fchrt werden, wo es keine Notlandung geben kann!? #germanwings", "type": "direct_reply"}, {"index": 4, "attribution": 0.008515738562946388, "content_attribution": 0.007803616586542092, "stance_attribution": 0.0007121219764042971, "tweet_id": 580701783896547328, "text": "@HansTheGerman Mit dem Privatflugzeug?\nMit einem \u00e4hnlich gro\u00dfen oder einer kleinen Maschine? Da w\u00e4re die Flugh\u00f6he geringer.", "type": "lower_reply"}, {"index": 7, "attribution": 0.005245460842655784, "content_attribution": -9.022508327434335e-05, "stance_attribution": 0.0053356859259301274, "tweet_id": 580328503847067648, "text": "@SPIEGELONLINE ich frage mich warum Hollande dazu schon was sagt wenn es noch nicht von @germanwings best\u00e4tigt wurde..", "type": "direct_reply"}, {"index": 2, "attribution": 0.004847492116775472, "content_attribution": 0.011943461498221532, "stance_attribution": -0.00709596938144606, "tweet_id": 580703161192734720, "text": "@HansTheGerman Wei\u00df ja keiner, was nun passiert ist. Spekulationen, wieso 8 Minuten Sinkflug, ohne Notruf abzusetzen.", "type": "lower_reply"}, {"index": 8, "attribution": 0.002657386401753458, "content_attribution": 0.005079951543413652, "stance_attribution": -0.0024225651416601955, "tweet_id": 580702589324554240, "text": "@HansTheGerman Wenn man den Absturz aber nicht vermeiden kann, ist dennoch im Flachland die Rettung einfacher.", "type": "lower_reply"}, {"index": 3, "attribution": 0.001338975026663571, "content_attribution": 0.00020907156123820057, "stance_attribution": 0.0011299034654253704, "tweet_id": 580337853961494528, "text": "@SPIEGELONLINE  Die Nachricht hat uns sehr traurig gemacht. Herzliches Beileid :(", "type": "direct_reply"}, {"index": 10, "attribution": 0.0010558021493084833, "content_attribution": 0.00010441690196020425, "stance_attribution": 0.0009513852473482789, "tweet_id": 580331308955615232, "text": "@SPIEGELONLINE Hollande hat sogar weil es auf Franz\u00f6sichen Territorium passiert ist , Staatstrauer angeordnet", "type": "direct_reply"}, {"index": 1, "attribution": 0.00010502633595404478, "content_attribution": 0.0039017074848784784, "stance_attribution": -0.0037966811489244354, "tweet_id": 580702329567113216, "text": "@HansTheGerman Wie gesagt, ich habe mich auch gewundert \u00fcber die Route.\n\nAber es scheint doch zu viel Verkehr zu sein am Himmel.", "type": "lower_reply"}, {"index": 0, "attribution": -0.016472585089337036, "content_attribution": 0.0006897890932115931, "stance_attribution": -0.01716237418254863, "tweet_id": 580327923128877056, "text": "Laut Frankreichs Staatschef Hollande gibt es beim #Germanwings-Absturz wohl keine \u00dcberlebenden. Infos: http://t.co/cHEH3vaQP8", "type": "source"}]}