{"thread_id": "580320945740480512", "gold_label": 0, "predicted_label": 0, "tweet_attributions": [{"index": 0, "attribution": 0.24701732733215434, "content_attribution": 0.014326597632547957, "stance_attribution": 0.2326907296996064, "tweet_id": 580320945740480512, "text": "#BREAKING: A #Germanwings Airbus A320 plane has crashed in southern France, police and aviation officials say.", "type": "source"}, {"index": 5, "attribution": 0.06735906799453809, "content_attribution": -0.0037343310433708477, "stance_attribution": 0.07109339903790893, "tweet_id": 580321677080334336, "text": "@abcnews not good!!!!!", "type": "direct_reply"}, {"index": 3, "attribution": 0.04246218814053265, "content_attribution": 0.012363792748088298, "stance_attribution": 0.03009839539244435, "tweet_id": 580328190909935617, "text": "Shit... \u201c@abcnews: #BREAKING: A #Germanwings Airbus A320 plane has crashed in southern France, police and aviation officials say.\u201d", "type": "direct_reply"}, {"index": 1, "attribution": 0.023413936883254, "content_attribution": -0.0012553959642560447, "stance_attribution": 0.024669332847510043, "tweet_id": 580337682687139840, "text": "@abcnews @SimmoneJM \ud83d\ude22", "type": "direct_reply"}, {"index": 2, "attribution": 0.018127640490630648, "content_attribution": 0.01149197204862715, "stance_attribution": 0.006635668442003498, "tweet_id": 580321595660451841, "text": "No, no, no. :( ~ RT @abcnews: #BREAKING: A #Germanwings Airbus A320 plane has crashed in southern France, police and aviation officials say.", "type": "direct_reply"}, {"index": 8, "attribution": 0.014400868389135155, "content_attribution": 0.0010671093395929153, "stance_attribution": 0.013333759049542237, "tweet_id": 580344331913031680, "text": "@abcnews @SimmoneJM Mein Mitgef\u00fchl geh\u00f6rt den Opfern und deren Angeh\u00f6rigen. Ich bin geschockt und traurig. :(", "type": "direct_reply"}, {"index": 4, "attribution": 0.013578616436168377, "content_attribution": -0.012231496676410982, "stance_attribution": 0.02581011311257936, "tweet_id": 580334408571301889, "text": "@abcnews No indication of survivors?", "type": "direct_reply"}, {"index": 6, "attribution": 0.009026580835310782, "content_attribution": 0.0014536523443767733, "stance_attribution": 0.007572928490934008, "tweet_id": 580321916067524608, "text": "@abcnews oh no!", "type": "direct_reply"}, {"index": 7, "attribution": 0.004137748206380288, "content_attribution": -0.006664116214172724, "stance_attribution": 0.01080186442055301, "tweet_id": 580356125213749248, "text": "@abcnewsSydney @abcnews sad sad news!", "type": "direct_reply"}]}