{"thread_id": "580348878370828288", "gold_label": 1, "predicted_label": 1, "tweet_attributions": [{"index": 2, "attribution": 0.33096461669835, "content_attribution": 0.003106862108014615, "stance_attribution": 0.3278577545903353, "tweet_id": 580351226954555392, "text": "@airlivenet @wmiddelkoop btw, anyone know last words #MH17 ? Oh wait\u2026 Kiev refuses to release ATC tapes. Which seems to be OK w/ everyone\u2026", "type": "direct_reply"}, {"index": 4, "attribution": 0.1937312785028162, "content_attribution": 0.00757304381142195, "stance_attribution": 0.18615823469139428, "tweet_id": 580379506214588416, "text": "@tomaatman @airlivenet @wmiddelkoop\n\nNot liar, uninformed\n\n#MH17 under Kiev ATC on entry (not released)\nThen under Ukr's Dnipro ATC b4 crash", "type": "lower_reply"}, {"index": 5, "attribution": 0.18582639524354572, "content_attribution": 0.013472740802258992, "stance_attribution": 0.1723536544412867, "tweet_id": 580381154957725696, "text": "@CT4444 @airlivenet @wmiddelkoop troll blocked long ago ;)", "type": "lower_reply"}, {"index": 3, "attribution": 0.0658410575276619, "content_attribution": 0.0024732043827663318, "stance_attribution": 0.06336785314489557, "tweet_id": 580368792347279360, "text": "@tomaatman liar. #MH17 CVR with Dutch Safety Board. Normal flight ops indicated on CVR.  @airlivenet @wmiddelkoop", "type": "lower_reply"}, {"index": 10, "attribution": 0.02927840825057443, "content_attribution": 0.000339554434461134, "stance_attribution": 0.028938853816113295, "tweet_id": 580349735556554752, "text": "@airlivenet this is not a regular emergency message ... \"Mayday\" or \"pan pan\" but never \"emergency emergency\" ...", "type": "direct_reply"}, {"index": 7, "attribution": 0.029027882454657372, "content_attribution": 0.002953644335659725, "stance_attribution": 0.02607423811899765, "tweet_id": 580350657917505536, "text": "@iomguiM @airlivenet Very strange..", "type": "lower_reply"}, {"index": 9, "attribution": 0.0029686136403880635, "content_attribution": 0.002184800481020443, "stance_attribution": 0.0007838131593676206, "tweet_id": 580349946580328448, "text": "Se confirma que desde el #Airbus320 se mandaron varios mensajes de socorro antes de anticipar un aterrizaje de emergencia (v\u00eda @airlivenet)", "type": "direct_reply"}, {"index": 1, "attribution": 0.0029590164756112098, "content_attribution": 0.0009614045646950384, "stance_attribution": 0.001997611910916171, "tweet_id": 580349579721310208, "text": "@airlivenet @JulieB_LFC really sad", "type": "direct_reply"}, {"index": 6, "attribution": 0.0029398426552745124, "content_attribution": 0.00023568757773428266, "stance_attribution": 0.00270415507754023, "tweet_id": 580496044947070979, "text": "@airlivenet @nilsrompen", "type": "direct_reply"}, {"index": 11, "attribution": 0.0011240334496944544, "content_attribution": 0.0010616738553344855, "stance_attribution": 6.235959435996842e-05, "tweet_id": 580349974497611776, "text": "\u201c@airlivenet: BREAKING Authorities confirm last words from #germanwings #4U9525 A320 distress call were \"emergency, emergency\" @PIX11News", "type": "direct_reply"}, {"index": 8, "attribution": 0.0009676979524314522, "content_attribution": 0.00016987978284872107, "stance_attribution": 0.0007978181695827314, "tweet_id": 580349473747918848, "text": "@airlivenet @AhronYoung I broke that news over 50 mins ago :p", "type": "direct_reply"}, {"index": 0, "attribution": -0.06814089357306584, "content_attribution": 0.00608638691483732, "stance_attribution": -0.07422728048790316, "tweet_id": 580348878370828288, "text": "BREAKING Authorities confirm last words from #germanwings #4U9525 A320 distress call were \"emergency, emergency\" http://t.co/wFg8KTSve2", "type": "source"}]}