{"thread_id": "580333904126742528", "gold_label": 1, "predicted_label": 0, "tweet_attributions": [{"index": 0, "attribution": 0.3630163070549528, "content_attribution": 0.029124220224627413, "stance_attribution": 0.33389208683032534, "tweet_id": 580333904126742528, "text": "148 people feared dead after Germanwings Airbus crash in France: http://t.co/uuK7F3uSVP http://t.co/Y7e55cwW7B", "type": "source"}, {"index": 14, "attribution": 0.047761357633381296, "content_attribution": -0.004318646571645083, "stance_attribution": 0.05208000420502637, "tweet_id": 580335815273922560, "text": "@Reuters Not a very nice news at all to start the day with at this end of the planet. I am so sorry for the victims.", "type": "direct_reply"}, {"index": 5, "attribution": 0.01798323002780952, "content_attribution": 0.00026663407827407984, "stance_attribution": 0.017716595949535445, "tweet_id": 580343073940512769, "text": "\u201c@Reuters: 148 people feared dead after Germanwings Airbus crash in France: http://t.co/pAZlcFPGa4 http://t.co/3SkuOFdoxu\u201d terrible news.", "type": "direct_reply"}, {"index": 15, "attribution": 0.013740581545781208, "content_attribution": 0.00339612729605706, "stance_attribution": 0.010344454249724149, "tweet_id": 580347053508833280, "text": "Tragic news: \u201c@Reuters: 148 people feared dead after Germanwings Airbus crash in France: http://t.co/sHwRBwT3do http://t.co/dww80HWcJC\u201d", "type": "direct_reply"}, {"index": 17, "attribution": 0.009211962523229412, "content_attribution": -0.006313654382738412, "stance_attribution": 0.015525616905967826, "tweet_id": 580341618080944128, "text": "@dennismaingo95 @Reuters may God explain why he let it happen.", "type": "lower_reply"}, {"index": 6, "attribution": 0.006756501385070246, "content_attribution": -0.00039261150659294876, "stance_attribution": 0.0071491128916631955, "tweet_id": 580338785776332800, "text": "@Reuters terribly sad for their families.", "type": "direct_reply"}, {"index": 4, "attribution": 0.006445399634515908, "content_attribution": 0.00034248278492760926, "stance_attribution": 0.006102916849588299, "tweet_id": 580335056029265920, "text": "@Reuters very sad. may their souls RIP", "type": "direct_reply"}, {"index": 9, "attribution": 0.004661019826155199, "content_attribution": 0.0014816947766403397, "stance_attribution": 0.00317932504951486, "tweet_id": 580334387050340352, "text": "@Reuters Prayers sent .", "type": "direct_reply"}, {"index": 3, "attribution": 0.003711030932527989, "content_attribution": 0.00015492837889313646, "stance_attribution": 0.003556102553634853, "tweet_id": 580336359002390528, "text": "148 people feared dead after Germanwings Airbus crash in France | @Reuters\n\nhttp://t.co/LnvWSc11Qw", "type": "direct_reply"}, {"index": 1, "attribution": 0.0029138606619261613, "content_attribution": -0.0001769232988030271, "stance_attribution": 0.0030907839607291886, "tweet_id": 580336203259457536, "text": "\ud83d\ude22\ud83d\ude22 \u201c@Reuters: 148 people feared dead after Germanwings Airbus crash in France: http://t.co/x4lk7tfexU http://t.co/1tHUjK9vkC\u201d", "type": "direct_reply"}, {"index": 13, "attribution": 0.0028043854927558005, "content_attribution": 0.0007885038867929124, "stance_attribution": 0.002015881605962888, "tweet_id": 580336660488986624, "text": "148 people feared dead after Germanwings Airbus crash in France: http://t.co/Ot2Zc4MQH9 http://t.co/U3zy7T9wvD @Reuters", "type": "direct_reply"}, {"index": 12, "attribution": 0.0025926965243988037, "content_attribution": -0.00020234499980252113, "stance_attribution": 0.0027950415242013246, "tweet_id": 580334719176466432, "text": "\u201c@Reuters: 148 people feared dead after Germanwings Airbus crash in France: http://t.co/5vmgbwAqLD http://t.co/2BELm3NdS8\u201d", "type": "direct_reply"}, {"index": 11, "attribution": 0.0022770628273819423, "content_attribution": -0.0002353082026495065, "stance_attribution": 0.002512371030031449, "tweet_id": 580334797177815040, "text": "\u201c@Reuters: 148 people feared dead after Germanwings Airbus crash in France: http://t.co/qLDmYjqfnw http://t.co/dtWbLFe7Wd\u201d", "type": "direct_reply"}, {"index": 18, "attribution": 0.001970848563284562, "content_attribution": 0.00023550441735349702, "stance_attribution": 0.0017353441459310656, "tweet_id": 580341546035257345, "text": "\u201c@Reuters: 148 people feared dead after Germanwings Airbus crash in France: http://t.co/zkBKORnOk4 http://t.co/yRaz0mvk7q\u201d oh no!", "type": "direct_reply"}, {"index": 10, "attribution": 0.0015704130591517305, "content_attribution": 0.002179095298208596, "stance_attribution": -0.0006086822390568658, "tweet_id": 580339755050631168, "text": "@Reuters CC @biginberson", "type": "direct_reply"}, {"index": 8, "attribution": -0.0009424327659605269, "content_attribution": -0.0014448592253540717, "stance_attribution": 0.0005024264593935445, "tweet_id": 580342427573174273, "text": "Sad day in Travel News. RT: @Reuters 148 people feared dead after Germanwings Airbus crash in France: http://t.co/omvYdmzawV", "type": "direct_reply"}, {"index": 2, "attribution": -0.009270679367319262, "content_attribution": -0.0010989980515107814, "stance_attribution": -0.008171681315808482, "tweet_id": 580340240952463360, "text": "Lamentable: \u201c@Reuters: 148 people feared dead after Germanwings Airbus crash in France\"", "type": "direct_reply"}, {"index": 7, "attribution": -0.023447960545812618, "content_attribution": -0.03463467813602135, "stance_attribution": 0.011186717590208742, "tweet_id": 580336459619545089, "text": "@Reuters BRAHMINOLGY -  FATHER OF MODERN REFORM BRAHMANISM IS SRI RODDAM ANANDA VASISTA", "type": "direct_reply"}, {"index": 16, "attribution": -0.06784003159071288, "content_attribution": -0.021370466840699955, "stance_attribution": -0.046469564750012925, "tweet_id": 580335372854542336, "text": "@Reuters may God comfort all relatves of the loved ones!", "type": "direct_reply"}]}