{"thread_id": "580372127125131264", "gold_label": 1, "predicted_label": 0, "tweet_attributions": [{"index": 0, "attribution": 0.3453646706909801, "content_attribution": 0.06347114049429414, "stance_attribution": 0.28189353019668595, "tweet_id": 580372127125131264, "text": "#Germanwings says it cannot confirm that a very brief distress signal was made before flight #4U9525 crashed http://t.co/Pbr82b0Eul", "type": "source"}, {"index": 1, "attribution": 0.07893943165842102, "content_attribution": -0.00936270357707327, "stance_attribution": 0.0883021352354943, "tweet_id": 580376672609964032, "text": "@SkyNews This is why don't fly", "type": "direct_reply"}, {"index": 3, "attribution": -0.005647528464561629, "content_attribution": 0.01218481985714045, "stance_attribution": -0.01783234832170208, "tweet_id": 580375408249585665, "text": "@SkyNews Biafra freedom is now http://t.co/TzlCWSqyMR", "type": "direct_reply"}, {"index": 2, "attribution": -0.03555898059694135, "content_attribution": -0.0036803556559649574, "stance_attribution": -0.03187862494097639, "tweet_id": 580374844870565888, "text": "@SkyNews @sugincharles", "type": "direct_reply"}]}