{"thread_id": "580331000573476865", "gold_label": 1, "predicted_label": 0, "tweet_attributions": [{"index": 0, "attribution": 0.33094440230442246, "content_attribution": 0.052993472932377564, "stance_attribution": 0.2779509293720449, "tweet_id": 580331000573476865, "text": "My heart goes out to the victims of GermanWings crashed near Marseille, France. 142 passengers, 6crew all feared dead http://t.co/8HbQacJ3id", "type": "source"}, {"index": 1, "attribution": 0.05144276454861277, "content_attribution": 0.011884391280678527, "stance_attribution": 0.03955837326793425, "tweet_id": 580333314168397824, "text": "@Baekyeoliee BREAKING - Germanwings plane crashes in France, up to 150 believed dead\nhttp://t.co/HWyOPGobie", "type": "direct_reply"}, {"index": 2, "attribution": 0.03328834542991238, "content_attribution": 0.0014691857548558007, "stance_attribution": 0.03181915967505659, "tweet_id": 580363231312506880, "text": "@Baekyeoliee @precious_luhan when it happen?", "type": "direct_reply"}]}