{"thread_id": "580320890086383616", "gold_label": 0, "predicted_label": 1, "tweet_attributions": [{"index": 26, "attribution": 0.24785162253700377, "content_attribution": 0.000932136992086577, "stance_attribution": 0.24691948554491722, "tweet_id": 580331482767589376, "text": "@JulieB_LFC sky news are covering it.", "type": "lower_reply"}, {"index": 5, "attribution": 0.2298128201131336, "content_attribution": 0.01098192309859984, "stance_attribution": 0.2188308970145338, "tweet_id": 580343434222936065, "text": "@JulieB_LFC it all seems very odd, must of had a masive drop in pressure, they would have to get bellow 10000 ft to breathe.", "type": "lower_reply"}, {"index": 12, "attribution": 0.16506638276110652, "content_attribution": 0.00016163860782065898, "stance_attribution": 0.16490474415328588, "tweet_id": 580324033213890560, "text": "@JulieB_LFC  Think it was near a french village", "type": "lower_reply"}, {"index": 27, "attribution": 0.14766775183427966, "content_attribution": 0.006719319056858626, "stance_attribution": 0.14094843277742103, "tweet_id": 580327551991721984, "text": "@Steve_Gwen \ud83d\ude02\ud83d\ude02", "type": "lower_reply"}, {"index": 1, "attribution": 0.13299830360654835, "content_attribution": 0.007006701538669871, "stance_attribution": 0.1259916020678785, "tweet_id": 580335905191366656, "text": "@Steve_Gwen just home", "type": "lower_reply"}, {"index": 8, "attribution": 0.12550448148407797, "content_attribution": 0.0010405662808081679, "stance_attribution": 0.12446391520326981, "tweet_id": 580324186960347137, "text": "@Steve_Gwen 180 on board just checking accounts now", "type": "lower_reply"}, {"index": 20, "attribution": 0.12367000898726638, "content_attribution": 0.009659228830522419, "stance_attribution": 0.11401078015674397, "tweet_id": 580342571093893120, "text": "@Steve_Gwen apparently it happened that fast there wasn't time for a squawk to be sent ..", "type": "lower_reply"}, {"index": 9, "attribution": 0.10502197222450885, "content_attribution": 0.007859971942186123, "stance_attribution": 0.09716200028232272, "tweet_id": 580326213761282049, "text": "@Steve_Gwen \ud83d\ude02\ud83d\ude02 look at my RTs", "type": "lower_reply"}, {"index": 14, "attribution": 0.09731613801603392, "content_attribution": 0.003937078113650917, "stance_attribution": 0.09337905990238302, "tweet_id": 580342629910626304, "text": "@JulieB_LFC It went down fairly rapidly...", "type": "lower_reply"}, {"index": 19, "attribution": 0.09683496383290358, "content_attribution": 0.0037016340978628325, "stance_attribution": 0.09313332973504075, "tweet_id": 580342747346964480, "text": "@tuggysts11 yeah seen that.. Apparently there wasn't time for a sqwak to be sent it happened that fast", "type": "lower_reply"}, {"index": 6, "attribution": 0.07234003904253913, "content_attribution": 0.0015420653247442343, "stance_attribution": 0.0707979737177949, "tweet_id": 580323016162172928, "text": "\u201c@planefinder: Reports of a plane crash near the French Alps,GermanWings A320 http://t.co/ck9vxtZznK http://t.co/0vd82EaZPJ\u201d @cruevertonian", "type": "direct_reply"}, {"index": 21, "attribution": 0.06649905746083531, "content_attribution": 0.005036507147731218, "stance_attribution": 0.06146255031310409, "tweet_id": 580326584068018176, "text": "@JulieB_LFC ok but shouldn't we go for dinner first lol", "type": "lower_reply"}, {"index": 17, "attribution": 0.05531090135533088, "content_attribution": 0.0033470536951348885, "stance_attribution": 0.051963847660195996, "tweet_id": 580325983644983296, "text": "@JulieB_LFC Well you best hurry, how am o supposed to discuss planes with you lol.", "type": "lower_reply"}, {"index": 7, "attribution": 0.030442148456327908, "content_attribution": 0.009199430980672187, "stance_attribution": 0.021242717475655717, "tweet_id": 580344221091147776, "text": "@Steve_Gwen says there was a sudden loss of altitude and the plane might Id stalked even tho it's rare for that plane.. It's mad", "type": "lower_reply"}, {"index": 10, "attribution": 0.0243959964142366, "content_attribution": 0.0012435399781742492, "stance_attribution": 0.023152456436062348, "tweet_id": 580340089223528448, "text": "@tuggysts11 very.. No survivors", "type": "lower_reply"}, {"index": 4, "attribution": 0.02296082375563857, "content_attribution": 0.01668858350244765, "stance_attribution": 0.006272240253190918, "tweet_id": 580342295247060992, "text": "@JulieB_LFC those poor people.", "type": "lower_reply"}, {"index": 13, "attribution": 0.01952691720232476, "content_attribution": 0.0012948273178139838, "stance_attribution": 0.018232089884510777, "tweet_id": 580325572607393793, "text": "@JulieB_LFC French president recons they are all dead.", "type": "lower_reply"}, {"index": 11, "attribution": 0.014838102179954432, "content_attribution": 0.0013724001840472629, "stance_attribution": 0.013465701995907168, "tweet_id": 580325244185022464, "text": "@Steve_Gwen im not at home so not sure be hone soon I'll check sky", "type": "lower_reply"}, {"index": 3, "attribution": 0.011630529012067342, "content_attribution": 0.00012740741061681232, "stance_attribution": 0.01150312160145053, "tweet_id": 580327524229599232, "text": "@cruevertonian I'll be home soon I'll check sky news", "type": "lower_reply"}, {"index": 28, "attribution": 0.01153605372978997, "content_attribution": 0.0034969751323022545, "stance_attribution": 0.008039078597487715, "tweet_id": 580343159781232640, "text": "@JulieB_LFC They'll no doubt find the black box and hopefully find out the cause.....", "type": "lower_reply"}, {"index": 0, "attribution": 0.011423373383522558, "content_attribution": 5.350297840211679e-05, "stance_attribution": 0.011369870405120438, "tweet_id": 580320890086383616, "text": "Reports of a plane crash near the French Alps, a GermanWings A320 http://t.co/WDso9Euyhp http://t.co/mpNENahmaW", "type": "source"}, {"index": 16, "attribution": 0.007586220425698029, "content_attribution": 0.00428754645133093, "stance_attribution": 0.003298673974367099, "tweet_id": 580345407668109312, "text": "@Steve_Gwen it's crazy.. Too many air crashes these days", "type": "lower_reply"}, {"index": 25, "attribution": 0.00719007932269185, "content_attribution": 0.008771591247498323, "stance_attribution": -0.0015815119248064743, "tweet_id": 580345105707593728, "text": "@JulieB_LFC yeah I know, they did manage a mayday, but they said it plummeted.", "type": "lower_reply"}, {"index": 23, "attribution": 0.0010018125780409798, "content_attribution": 0.0007463679042088443, "stance_attribution": 0.00025544467383213556, "tweet_id": 580353809819521024, "text": "@JulieB_LFC it dropped 5000ft per minute airline press conference at two.", "type": "lower_reply"}, {"index": 22, "attribution": 0.0005797408654489789, "content_attribution": 0.0010007327127437684, "stance_attribution": -0.0004209918472947895, "tweet_id": 580328377246183424, "text": "@JulieB_LFC Came down fast from 38000 ft my god wonder what caused it...", "type": "lower_reply"}, {"index": 24, "attribution": 0.0005646791417349844, "content_attribution": 0.0004975734725182173, "stance_attribution": 6.710566921676688e-05, "tweet_id": 580326090163523584, "text": "@cruevertonian jesus..U see how fast it went down?", "type": "lower_reply"}, {"index": 2, "attribution": 0.00018680004368469292, "content_attribution": 0.00030422141493473005, "stance_attribution": -0.00011742137125003715, "tweet_id": 580353916606496768, "text": "@Steve_Gwen just tweeted that haha snap", "type": "lower_reply"}, {"index": 15, "attribution": -0.0004114950895821757, "content_attribution": 0.0007270304714260544, "stance_attribution": -0.00113852556100823, "tweet_id": 580346044174753793, "text": "@JulieB_LFC yes it's been a bad year, they are safe planes too.", "type": "lower_reply"}, {"index": 18, "attribution": -0.009763643150735416, "content_attribution": 0.0016894037832260965, "stance_attribution": -0.011453046933961512, "tweet_id": 580325037472890880, "text": "@JulieB_LFC is it on the news?", "type": "lower_reply"}, {"index": 29, "attribution": -0.011001808600143602, "content_attribution": 0.001328182331268516, "stance_attribution": -0.012329990931412117, "tweet_id": 580339630563790848, "text": "@JulieB_LFC Sad news....", "type": "lower_reply"}]}