{"thread_id": "580320825351471104", "gold_label": 2, "predicted_label": 0, "tweet_attributions": [{"index": 0, "attribution": 0.37136022617099046, "content_attribution": 0.03283419479264783, "stance_attribution": 0.3385260313783426, "tweet_id": 580320825351471104, "text": "BREAKING NEWS #A320 crashed could be Germanwings flight #4U9525 from Barcelona to Dusseldorf. (140 passengers)", "type": "source"}, {"index": 7, "attribution": 0.06718636764564044, "content_attribution": 0.0010848591357457992, "stance_attribution": 0.06610150850989466, "tweet_id": 580321227815911424, "text": "@SaraTimes are you sure", "type": "direct_reply"}, {"index": 4, "attribution": 0.025594855541765597, "content_attribution": -0.006758574609574249, "stance_attribution": 0.032353430151339846, "tweet_id": 580475159259308032, "text": "@salmanfariz4 @SaraTimes", "type": "lower_reply"}, {"index": 6, "attribution": 0.024203545550240665, "content_attribution": 0.00020932286138269392, "stance_attribution": 0.023994222688857973, "tweet_id": 580326480732925952, "text": "@SaraTimes important to check in #flightradar24", "type": "direct_reply"}, {"index": 3, "attribution": 0.01692233378695425, "content_attribution": 0.0076724842656995425, "stance_attribution": 0.009249849521254709, "tweet_id": 580385976683368448, "text": "@SaraTimes that's crazy", "type": "direct_reply"}, {"index": 2, "attribution": 0.011900449681977211, "content_attribution": 0.002115682050992076, "stance_attribution": 0.009784767630985135, "tweet_id": 580339010092068864, "text": "@SaraTimes It's true unfortunately and no survivors are expected", "type": "direct_reply"}, {"index": 9, "attribution": 0.00740345286250154, "content_attribution": -0.007181839313378955, "stance_attribution": 0.014585292175880497, "tweet_id": 580320959841730561, "text": "@SaraTimes", "type": "direct_reply"}, {"index": 1, "attribution": 0.006432466803885088, "content_attribution": -0.0031940545794701242, "stance_attribution": 0.009626521383355211, "tweet_id": 580325318717771776, "text": "\u201c@SaraTimes: BREAKING NEWS #A320 crashed could be Germanwings flight #4U9525 from Barcelona to Dusseldorf. (140 passengers)\u201d Heartbreaking", "type": "direct_reply"}, {"index": 10, "attribution": 0.004419589569386883, "content_attribution": -0.002979272336505625, "stance_attribution": 0.007398861905892508, "tweet_id": 580323560830296065, "text": "@SaraTimes good", "type": "direct_reply"}, {"index": 8, "attribution": -0.0018740275788528076, "content_attribution": -0.0015320005743991016, "stance_attribution": -0.00034202700445370516, "tweet_id": 580320921879089152, "text": "@SaraTimes", "type": "direct_reply"}, {"index": 5, "attribution": -0.008602020765339578, "content_attribution": -0.0012041239414840245, "stance_attribution": -0.0073978968238555525, "tweet_id": 580321951421476864, "text": "@SaraTimes really?", "type": "direct_reply"}]}