{"thread_id": "580323165068509184", "gold_label": 1, "predicted_label": 1, "tweet_attributions": [{"index": 7, "attribution": 0.4369367276087271, "content_attribution": 0.0007045223554160401, "stance_attribution": 0.4362322052533111, "tweet_id": 580323658897440769, "text": "@DailyMirror sairbonvoiralessairebonvoyages", "type": "direct_reply"}, {"index": 4, "attribution": 0.22857770026947172, "content_attribution": 0.0020323734752415983, "stance_attribution": 0.22654532679423015, "tweet_id": 580327535906414592, "text": "@regeantremblay5 @DailyMirror http://t.co/7h7DYxczTy", "type": "lower_reply"}, {"index": 9, "attribution": 0.13764883029402247, "content_attribution": 0.0038167561627298566, "stance_attribution": 0.1338320741312926, "tweet_id": 580323812622884864, "text": "@dailymirror PRAY FOR,THEIR SAFETY.", "type": "direct_reply"}, {"index": 2, "attribution": 0.0530236818138024, "content_attribution": 0.02643591035447992, "stance_attribution": 0.02658777145932249, "tweet_id": 580327828606099456, "text": "@punongolibo @DailyMirror plaisirebonnejourn\u00e9e http://t.co/egCy9AkQpV", "type": "lower_reply"}, {"index": 1, "attribution": 0.012839982992643786, "content_attribution": 0.0011777455592777593, "stance_attribution": 0.011662237433366026, "tweet_id": 580327564981329920, "text": "@hassan33035664 @DailyMirror http://t.co/7h7DYxczTy", "type": "lower_reply"}, {"index": 3, "attribution": 0.007439680871472713, "content_attribution": 0.00159920316697766, "stance_attribution": 0.005840477704495053, "tweet_id": 580340837512531968, "text": "@DailyMirror Numbers of people are dylng everyday via plane crash where are Engineers @DailyMirror", "type": "direct_reply"}, {"index": 8, "attribution": 0.001702453478145162, "content_attribution": 0.0008160627331705169, "stance_attribution": 0.000886390744974647, "tweet_id": 580323546586574848, "text": "@DailyMirror http://t.co/wzzW3hiWlQ", "type": "direct_reply"}, {"index": 6, "attribution": 0.0009898760145962372, "content_attribution": 0.00022140097194989103, "stance_attribution": 0.0007684750426463458, "tweet_id": 580327480193462272, "text": "@DailyMirror @PVincent20 http://t.co/7h7DYxczTy", "type": "direct_reply"}, {"index": 5, "attribution": -0.002408851940008564, "content_attribution": 0.0009601968226739527, "stance_attribution": -0.0033690487626825173, "tweet_id": 580327508664393729, "text": "@jsblake_uk @DailyMirror http://t.co/7h7DYxczTy", "type": "lower_reply"}, {"index": 0, "attribution": -0.12295250739196134, "content_attribution": 0.0033369776522962427, "stance_attribution": -0.12628948504425758, "tweet_id": 580323165068509184, "text": "Germanwings plane crash: Airbus A320 crashes in French Alps with 148 on board -latest updates http://t.co/5K1ZxWqXh0 http://t.co/vzStX3iozK", "type": "source"}]}