{"thread_id": "580368417556992000", "gold_label": 1, "predicted_label": 0, "tweet_attributions": [{"index": 0, "attribution": 0.5759062943997758, "content_attribution": 0.038943024367641806, "stance_attribution": 0.536963270032134, "tweet_id": 580368417556992000, "text": "#Germanwings crew didn't send distress signal; it was sent by air traffic control - civil aviation authorities to AFP http://t.co/cN6iVJDoo7", "type": "source"}, {"index": 7, "attribution": 0.04015985039592358, "content_attribution": -0.0004928024681371219, "stance_attribution": 0.0406526528640607, "tweet_id": 580376373132292096, "text": "@BBCBreaking crew didn't send distress signal, descended quickly, something wrong.", "type": "direct_reply"}, {"index": 5, "attribution": 0.02014963975976493, "content_attribution": 0.0049559316569249496, "stance_attribution": 0.015193708102839976, "tweet_id": 580368985105010688, "text": "@BBCBreaking Could some have taken over the cockpit?", "type": "direct_reply"}, {"index": 4, "attribution": 0.01861766949702586, "content_attribution": -0.00027048242286234443, "stance_attribution": 0.018888151919888206, "tweet_id": 580373562776780800, "text": "\u201c@BBCBreaking: #Germanwings crew didn't send distress signal; deeply shocking, thoughts with all involved including the rescue parties.", "type": "direct_reply"}, {"index": 9, "attribution": 0.011207768466070165, "content_attribution": -0.0009630018386000403, "stance_attribution": 0.012170770304670207, "tweet_id": 580447479004577792, "text": "@BBCBreaking No distress signal. Virtually unbelievable with a highly trained crew; which brings a lot of horror scenarios to mind.", "type": "direct_reply"}, {"index": 11, "attribution": 0.0006043467358146365, "content_attribution": 0.00013208673743984314, "stance_attribution": 0.0004722599983747934, "tweet_id": 580368598914482177, "text": "@bbcbreaking #plottwist", "type": "direct_reply"}, {"index": 2, "attribution": -0.00019014090724967935, "content_attribution": -0.0017911144661821254, "stance_attribution": 0.0016009735589324458, "tweet_id": 580370379350257664, "text": "#Germanwings crew didn't send distress signal; it was sent by air traffic control | @BBCBreaking\n\nhttp://t.co/EcNUkzH2k6", "type": "direct_reply"}, {"index": 3, "attribution": -0.001482940092720201, "content_attribution": 0.00014765309590906504, "stance_attribution": -0.001630593188629266, "tweet_id": 580561977568862211, "text": "@BBCBreaking @jszanto", "type": "direct_reply"}, {"index": 6, "attribution": -0.0020566672521700564, "content_attribution": -0.0018905863300623764, "stance_attribution": -0.00016608092210768023, "tweet_id": 580581884087943168, "text": "@BBCBreaking", "type": "direct_reply"}, {"index": 1, "attribution": -0.008898363158008096, "content_attribution": -0.006763013487150728, "stance_attribution": -0.002135349670857368, "tweet_id": 580446930670657537, "text": "@BBCBreaking It's highly \"insensitive\" because this is clearly what he/she wants it to be. Some people are like that.", "type": "direct_reply"}, {"index": 8, "attribution": -0.023174889102793285, "content_attribution": -0.014291975021617661, "stance_attribution": -0.008882914081175614, "tweet_id": 580373640329359360, "text": "@ThinkKu @BBCBreaking fuck off", "type": "lower_reply"}, {"index": 10, "attribution": -0.3706882207776615, "content_attribution": 0.009662707281672313, "stance_attribution": -0.38035092805933374, "tweet_id": 580368647102726144, "text": "@BBCBreaking \n\nhttp://t.co/CIsr3BHPoc\n\nI want to invite you to the religion of #Islam and I hope you know about Islam.\n\n#Favorite\n#RT\n\ud83c\udf39", "type": "direct_reply"}]}