{"thread_id": "580347961256837120", "gold_label": 0, "predicted_label": 0, "tweet_attributions": [{"index": 0, "attribution": 0.262080606345729, "content_attribution": 0.014056631395539235, "stance_attribution": 0.2480239749501898, "tweet_id": 580347961256837120, "text": "#BREAKING: Death toll on #Germanwings flight #4U9525 rises to 150 #A320\nhttp://t.co/NK5U1GpHxL", "type": "source"}, {"index": 1, "attribution": 0.03464535671238482, "content_attribution": -0.0065211069476086994, "stance_attribution": 0.04116646365999352, "tweet_id": 580353269072957440, "text": "@Independent", "type": "direct_reply"}, {"index": 2, "attribution": 0.022460878806289865, "content_attribution": 0.009809978092144359, "stance_attribution": 0.012650900714145508, "tweet_id": 580348993462489088, "text": "@Independent confirmed by who?", "type": "direct_reply"}, {"index": 3, "attribution": 0.02095059477479458, "content_attribution": -0.024757796739737284, "stance_attribution": 0.04570839151453186, "tweet_id": 580397235986395136, "text": "@Independent really sorry for hearing such a news and feel soo sad for those who lost their lives and loved ones.", "type": "direct_reply"}]}