{"thread_id": "580326653211074561", "gold_label": 1, "predicted_label": 0, "tweet_attributions": [{"index": 0, "attribution": 0.25196714954162786, "content_attribution": -0.019083412386563844, "stance_attribution": 0.2710505619281917, "tweet_id": 580326653211074561, "text": "Traurige Nachricht. Ein #Germanwings-Airbus A320 ist in S\u00fcdfrankreich mit 142 Passagieren  abgest\u00fcrzt. http://t.co/qi55sR2zVA", "type": "source"}, {"index": 1, "attribution": -0.003555355528866079, "content_attribution": -0.016223614590809936, "stance_attribution": 0.012668259061943852, "tweet_id": 580327769864818688, "text": "@sixxTV  Das ist ganz furchtbar was passiert ist und auch f\u00fcr die Angeh\u00f6rigen . Dem spreche ich mein herzliches Beileid aus \ud83d\ude22\ud83d\ude22\ud83d\ude22", "type": "direct_reply"}, {"index": 2, "attribution": -0.006516198894962851, "content_attribution": -0.03470848938590085, "stance_attribution": 0.02819229049093799, "tweet_id": 580402125978628096, "text": "@sixxTV Ach du Scheisse \ud83d\ude22Mein Beileid an die Angeh\u00f6rigen", "type": "direct_reply"}]}