{"thread_id": "580327336505176064", "gold_label": 0, "predicted_label": 0, "tweet_attributions": [{"index": 0, "attribution": 0.28353232203920115, "content_attribution": 0.030112567833589586, "stance_attribution": 0.2534197542056116, "tweet_id": 580327336505176064, "text": "Germanwings plane crashes in France, up to 150 feared dead http://t.co/n44I07mnoh", "type": "source"}, {"index": 10, "attribution": 0.03321366555112678, "content_attribution": -0.015014270956175572, "stance_attribution": 0.04822793650730235, "tweet_id": 580327849397129216, "text": "@Reuters @leahnavarro cheap fare flights. tough luck.", "type": "direct_reply"}, {"index": 14, "attribution": 0.031171956227717092, "content_attribution": 0.005238036692629372, "stance_attribution": 0.025933919535087717, "tweet_id": 580328297478823936, "text": "Breaking News RT: @Reuters: Germanwings plane crashes in France, up to 150 feared dead http://t.co/5yhGpEhzb3", "type": "direct_reply"}, {"index": 6, "attribution": 0.010511686205858892, "content_attribution": 0.003249273617580963, "stance_attribution": 0.0072624125882779274, "tweet_id": 580329405790191617, "text": "Today is a sad day... \u201c@Reuters: Germanwings plane crashes in France, up to 150 feared dead http://t.co/dXfXqfCUPa\u201d #germanwings", "type": "direct_reply"}, {"index": 9, "attribution": 0.00904115816923072, "content_attribution": 0.009305394562564708, "stance_attribution": -0.00026423639333398577, "tweet_id": 580329981026254848, "text": "\u201c@Reuters: Germanwings plane crashes in France, up to 150 feared dead http://t.co/L3rWHX3RKI\u201d.  Prayers to all involved.", "type": "direct_reply"}, {"index": 8, "attribution": 0.007190893736516513, "content_attribution": 0.001015030748105083, "stance_attribution": 0.00617586298841143, "tweet_id": 580379100818251776, "text": "\"@Reuters: Germanwings plane crashes in France, up to 150 feared dead http://t.co/b4KuldLhvR\"", "type": "direct_reply"}, {"index": 15, "attribution": 0.006245181554468347, "content_attribution": 0.0005197303495314832, "stance_attribution": 0.005725451204936864, "tweet_id": 580329243000737792, "text": "\u201c@Reuters: Germanwings plane crashes in France, up to 150 feared dead http://t.co/Br4FVq1w0k\u201d #Germanwings", "type": "direct_reply"}, {"index": 11, "attribution": 0.005293037753641928, "content_attribution": 0.0003979997306554851, "stance_attribution": 0.0048950380229864435, "tweet_id": 580334587462619136, "text": "\u201c@Reuters: Germanwings plane crashes in France, up to 150 feared dead http://t.co/mY4V2IvryF\u201d", "type": "direct_reply"}, {"index": 2, "attribution": 0.00263435883707688, "content_attribution": 0.0003953120971131689, "stance_attribution": 0.002239046739963711, "tweet_id": 580329203297492993, "text": "\u201c@Reuters: Germanwings plane crashes in France, up to 150 feared dead http://t.co/XKXCwAruqM\u201d", "type": "direct_reply"}, {"index": 3, "attribution": 0.0024641209562513257, "content_attribution": 0.00032241372976196203, "stance_attribution": 0.0021417072264893634, "tweet_id": 580333522537340928, "text": "\u201c@Reuters: Germanwings plane crashes in France, up to 150 feared dead http://t.co/shazcvgLtH\u201d", "type": "direct_reply"}, {"index": 7, "attribution": 0.0023689054078786537, "content_attribution": 0.0003277567269146511, "stance_attribution": 0.0020411486809640026, "tweet_id": 580328602522271746, "text": "\u201c@Reuters: Germanwings plane crashes in France, up to 150 feared dead http://t.co/VRlqEyViLk\u201d \ud83d\ude33", "type": "direct_reply"}, {"index": 4, "attribution": -0.0041096032334767725, "content_attribution": -0.00012530207993001255, "stance_attribution": -0.0039843011535467595, "tweet_id": 580327855202025473, "text": "\u201c@Reuters: Germanwings plane crashes in France, up to 150 feared dead http://t.co/jRqsj1a04C\u201d so sad", "type": "direct_reply"}, {"index": 1, "attribution": -0.00563350644001497, "content_attribution": 0.0025407432680746465, "stance_attribution": -0.008174249708089616, "tweet_id": 580328034550427649, "text": "@Reuters @radiobiobio @24HorasTVN", "type": "direct_reply"}, {"index": 13, "attribution": -0.007787751982506687, "content_attribution": -0.00013881241310309244, "stance_attribution": -0.007648939569403594, "tweet_id": 580332409700409344, "text": "\"@Reuters: Germanwings plane crashes in France, up to 150 feared dead http://t.co/GXrZtrmKwQ\" So sad, prayers for all.", "type": "direct_reply"}, {"index": 5, "attribution": -0.008836655351794202, "content_attribution": -0.0006515132465839909, "stance_attribution": -0.00818514210521021, "tweet_id": 580327450149797888, "text": "RT @Reuters Germanwings plane crashes in France, up to 150 feared dead http://t.co/iUOQCD85N7", "type": "direct_reply"}, {"index": 12, "attribution": -0.012561925592429087, "content_attribution": -0.0028732687761309017, "stance_attribution": -0.009688656816298182, "tweet_id": 580353034846408704, "text": "@Reuters SAD DAY.", "type": "direct_reply"}]}