{"thread_id": "580368395528470528", "gold_label": 0, "predicted_label": 0, "tweet_attributions": [{"index": 0, "attribution": 0.22211980574986395, "content_attribution": -0.05445280447262515, "stance_attribution": 0.2765726102224891, "tweet_id": 580368395528470528, "text": "#4U9525 An Bord der #germanwings-Maschine war offenbar eine Sch\u00fclergruppe aus Haltern, \"wir m\u00fcssen davon ausgehen\", so ein Stadtsprecher", "type": "source"}, {"index": 1, "attribution": 0.03543187057476355, "content_attribution": 0.007417172059303935, "stance_attribution": 0.02801469851545961, "tweet_id": 580368898199044096, "text": "@tagesschau shit.", "type": "direct_reply"}, {"index": 3, "attribution": 0.030265867649740853, "content_attribution": 0.0012725916343750798, "stance_attribution": 0.028993276015365763, "tweet_id": 580388998645989378, "text": "@tagesschau @DRadioWissen Es ist schlimmes.. Eine gro\u00dfe Katastrophe! !!", "type": "direct_reply"}, {"index": 5, "attribution": 0.014449996215365465, "content_attribution": 0.0013692195515727682, "stance_attribution": 0.013080776663792697, "tweet_id": 580369670001283072, "text": "@tagesschau @A3803 Der Tag wird immer mieser. ...", "type": "direct_reply"}, {"index": 2, "attribution": -0.0021457921078519397, "content_attribution": -0.010234603427770269, "stance_attribution": 0.008088811319918331, "tweet_id": 580371085989920768, "text": "@tagesschau Ich w\u00fcnsche allen Angeh\u00f6rigen und Freunden viel Kraft, um dieses grausame Schicksal zu verarbeiten. Unfassbar...", "type": "direct_reply"}, {"index": 4, "attribution": -0.016367013691197828, "content_attribution": -0.016121959945120293, "stance_attribution": -0.00024505374607753337, "tweet_id": 580376665643155458, "text": "@tagesschau @WDR2 grausam. Im Radio sagte man das auch zwei Babys an Board waren. Das treibt mir die Tr\u00e4nen in die Augen", "type": "direct_reply"}]}