{"thread_id": "580324027715063808", "gold_label": 0, "predicted_label": 0, "tweet_attributions": [{"index": 0, "attribution": 0.30047954624406276, "content_attribution": 0.03320550248890297, "stance_attribution": 0.26727404375515984, "tweet_id": 580324027715063808, "text": "JUST IN: Germanwings plane crashes in southern France, up to 150 feared dead http://t.co/GIZjXnqBU3", "type": "source"}, {"index": 3, "attribution": 0.07166476487110865, "content_attribution": 0.0035447857015568044, "stance_attribution": 0.06811997916955184, "tweet_id": 580327894674579456, "text": "\u201c@ChannelNewsAsia: JUST IN: Germanwings plane crashes in southern France, up to 150 feared dead http://t.co/LpjqHLW66c\u201d sigh airbus.", "type": "direct_reply"}, {"index": 1, "attribution": -0.0008538245931009117, "content_attribution": 0.00291002081824561, "stance_attribution": -0.0037638454113465176, "tweet_id": 580344945610870785, "text": "\u201c@ChannelNewsAsia: JUST IN: Germanwings plane crashes in southern France, up to 150 feared dead http://t.co/86ZxkpdwIr\u201d \ud83d\ude1f", "type": "direct_reply"}, {"index": 2, "attribution": -0.0025493948944382023, "content_attribution": 0.002940521113164091, "stance_attribution": -0.005489916007602293, "tweet_id": 580333435287265280, "text": "\ud83d\ude2b \u201c@ChannelNewsAsia: JUST IN: Germanwings plane crashes in southern France, up to 150 feared dead http://t.co/LpeMjw3zZM\u201d", "type": "direct_reply"}]}