{"thread_id": "580326871302316033", "gold_label": 0, "predicted_label": 0, "tweet_attributions": [{"index": 0, "attribution": 0.31169696303194544, "content_attribution": 0.02806399252797147, "stance_attribution": 0.283632970503974, "tweet_id": 580326871302316033, "text": "IMAGE: .@flightradar24 altitude &amp; speed chart of #4U9525. Aircraft entered a steep but constant descent. http://t.co/MoG0h2Dvaq", "type": "source"}, {"index": 1, "attribution": 0.020947856010496157, "content_attribution": 0.0036346971705452907, "stance_attribution": 0.017313158839950864, "tweet_id": 580332484786806784, "text": "Xoca contra muntanya. Rar. \u201c@rConflictNews: IMAGE: .@flightradar24 Aircraft entered a steep but constant descent. http://t.co/Ht5kXFUUuE\u201d", "type": "direct_reply"}, {"index": 2, "attribution": 0.007563103898817106, "content_attribution": -0.030244782959729336, "stance_attribution": 0.03780788685854644, "tweet_id": 580343636107374592, "text": "@rConflictNews @rinmor @flightradar24 \nWell it would seem the plane had enough air velocity over wings to manage a glide.", "type": "direct_reply"}]}