{"thread_id": "580340476949086208", "gold_label": 1, "predicted_label": 0, "tweet_attributions": [{"index": 0, "attribution": 0.4487573730775346, "content_attribution": 0.03493906685219031, "stance_attribution": 0.41381830622534427, "tweet_id": 580340476949086208, "text": "BREAKING: 148 feared dead in crashed #Germanwings flight http://t.co/bnEGQsxBFL", "type": "source"}, {"index": 1, "attribution": 0.15136985472731626, "content_attribution": 0.008635894563442107, "stance_attribution": 0.14273396016387416, "tweet_id": 580370888303890432, "text": "@foxandfriends funny watching Doocy struggle to pronounce \"Digny les bains\"", "type": "direct_reply"}, {"index": 19, "attribution": 0.06785139674889136, "content_attribution": -0.006527832230212014, "stance_attribution": 0.07437922897910337, "tweet_id": 580370713745346560, "text": "@GeorgeKrisand3 @foxandfriends BENGHAZI, BENGHAZI,BENGHAZI,BENGHAZI,BENGHAZI!  HAHAHAHA!!", "type": "lower_reply"}, {"index": 7, "attribution": 0.036125118648418136, "content_attribution": 0.0007134456949494383, "stance_attribution": 0.0354116729534687, "tweet_id": 580377249905512450, "text": "@madest @foxandfriends Douchey it's Douchey.", "type": "lower_reply"}, {"index": 11, "attribution": 0.020567112302476796, "content_attribution": -1.925157444055931e-05, "stance_attribution": 0.020586363876917355, "tweet_id": 580341360948948992, "text": "@foxandfriends As long as plane stayed in air w/only one emergency call &amp; the wide spread debris no mention of possible terrorists on board?", "type": "direct_reply"}, {"index": 6, "attribution": 0.01650319927392649, "content_attribution": 0.00022306031409241882, "stance_attribution": 0.016280138959834066, "tweet_id": 580343437536395264, "text": "@foxandfriends 144 Passengers and 6 Crewmembers. #Germanwings", "type": "direct_reply"}, {"index": 2, "attribution": 0.006674975212275856, "content_attribution": -0.0012768635192245113, "stance_attribution": 0.007951838731500368, "tweet_id": 580342824236916737, "text": "@foxandfriends 15:00 CET #Germanwings Press Conference.", "type": "direct_reply"}, {"index": 14, "attribution": 0.0034819897701258568, "content_attribution": 0.0021015709317465333, "stance_attribution": 0.0013804188383793239, "tweet_id": 580342548394352640, "text": "@foxandfriends @VLM_va  Nothing New just rumors at this moment.", "type": "direct_reply"}, {"index": 16, "attribution": 0.002669621765150808, "content_attribution": 0.0025940490755334607, "stance_attribution": 7.557268961734646e-05, "tweet_id": 580341529870348288, "text": "@foxandfriends ok so.. There is no other news ? For an hour this is what we hear about ??", "type": "direct_reply"}, {"index": 13, "attribution": 0.0017080767986980701, "content_attribution": 0.0007187200487375318, "stance_attribution": 0.0009893567499605386, "tweet_id": 580345116658966528, "text": "\u201c@foxandfriends: BREAKING: 148 feared dead in crashed #Germanwings flight http://t.co/Pmogqz71Pt\u201dVery tragic!! #Airbus320 #GermanWingsCrash", "type": "direct_reply"}, {"index": 12, "attribution": 0.0009021164439024674, "content_attribution": 0.00046817440438366617, "stance_attribution": 0.00043394203951880114, "tweet_id": 580360161211990016, "text": "@foxandfriends    \nWhat was the mayday call, terror in the sky?", "type": "direct_reply"}, {"index": 8, "attribution": 0.0008542734885563399, "content_attribution": 0.00039913095299031235, "stance_attribution": 0.00045514253556602595, "tweet_id": 580342470472400897, "text": "@foxandfriends please don't spend all day on this!!! We all know who what when where ... Quit speculating on How or Why", "type": "direct_reply"}, {"index": 5, "attribution": 0.0004856027569273974, "content_attribution": -0.000985642342735076, "stance_attribution": 0.001471245099662473, "tweet_id": 580674597298786304, "text": "@foxandfriends children may not understand. Its the parents that are disrespectful. They should know better. #Patriots", "type": "direct_reply"}, {"index": 17, "attribution": -0.00021513096571999248, "content_attribution": 0.004126405937247572, "stance_attribution": -0.004341536902967564, "tweet_id": 580675526307766272, "text": "@foxandfriends this may be the plain in control. Are in this case out of control.  They fly themselves #prayforfamily's", "type": "direct_reply"}, {"index": 3, "attribution": -0.0012738762168566095, "content_attribution": 0.006165571473655703, "stance_attribution": -0.007439447690512312, "tweet_id": 580344272576241664, "text": "@foxandfriends Thats should be the extent of the coverage until further infor is obtained. The coverage is ridiculous and speculative enough", "type": "direct_reply"}, {"index": 10, "attribution": -0.0015005658375956735, "content_attribution": -0.0003204514661930045, "stance_attribution": -0.0011801143714026692, "tweet_id": 580343913728352257, "text": "@foxandfriends This is a tragedy but why does a foreign airline in a foreign country have to totally co-opt all news?", "type": "direct_reply"}, {"index": 18, "attribution": -0.002452117296192614, "content_attribution": -0.00234547414525296, "stance_attribution": -0.00010664315093965467, "tweet_id": 580348081272676352, "text": "@foxandfriends another great tragedy", "type": "direct_reply"}, {"index": 15, "attribution": -0.004944078775534291, "content_attribution": 0.0010695470965705368, "stance_attribution": -0.006013625872104828, "tweet_id": 580342091018084352, "text": "@foxandfriends is there any other news in the world today. 2 hours of non stop plane crash. My condolences, but come on.", "type": "direct_reply"}, {"index": 4, "attribution": -0.016367893908913023, "content_attribution": -0.016179554505645722, "stance_attribution": -0.0001883394032673024, "tweet_id": 580352023033470976, "text": "@foxandfriends rest in peace to families and friends .@Airbus", "type": "direct_reply"}, {"index": 9, "attribution": -0.3658753858808205, "content_attribution": 0.0026699759337434426, "stance_attribution": -0.36854536181456393, "tweet_id": 580355750775656448, "text": "@foxandfriends ok ok ok ok ok ok enough", "type": "direct_reply"}]}