{"thread_id": "580320645906632704", "gold_label": 2, "predicted_label": 1, "tweet_attributions": [{"index": 0, "attribution": 0.2778823616296316, "content_attribution": 0.029784428334813557, "stance_attribution": 0.24809793329481805, "tweet_id": 580320645906632704, "text": "UPDATE CRASH Germanwings #4U9525 Crash of an A320 disappeared  at 09:39 UTC from radar http://t.co/GRUjOCXkr9 http://t.co/HWrvDD24ac", "type": "source"}, {"index": 1, "attribution": 0.10448707786716868, "content_attribution": 0.021590377307930946, "stance_attribution": 0.08289670055923774, "tweet_id": 580326010232680448, "text": "RT @airlivenet: UPDATE Germanwings Crash of an A320 disappeared  at 09:39 UTC from radar http://t.co/i4XqeDMdPs http://t.co/qpGi58r9UO", "type": "direct_reply"}, {"index": 16, "attribution": 0.0742642407661084, "content_attribution": 0.0025091343576622476, "stance_attribution": 0.07175510640844615, "tweet_id": 580323054741504000, "text": "@airlivenet @LolaM147 prayers for them xxx", "type": "direct_reply"}, {"index": 5, "attribution": 0.018362789445714674, "content_attribution": 0.001652771934560219, "stance_attribution": 0.016710017511154456, "tweet_id": 580325176094621697, "text": "RT @airlivenet UPDATE CRASH Germanwings #4U9525 An A320 disappeared at 09:39 UTC from radar http://t.co/hyySiMmRGu  http://t.co/JjavdBLn4B", "type": "direct_reply"}, {"index": 2, "attribution": 0.017324945014237855, "content_attribution": 0.003746893997842794, "stance_attribution": 0.013578051016395061, "tweet_id": 580323922727432192, "text": "@airlivenet thoughts and prayers with everyone", "type": "direct_reply"}, {"index": 20, "attribution": 0.014206957771819836, "content_attribution": 3.041466796414722e-05, "stance_attribution": 0.014176543103855691, "tweet_id": 580324631027933184, "text": "@airlivenet is the red dashed line supposed to represent the scheduled course?", "type": "direct_reply"}, {"index": 14, "attribution": 0.003266401845999935, "content_attribution": 0.0015150117821216087, "stance_attribution": 0.0017513900638783265, "tweet_id": 580330547429281792, "text": "@airlivenet @wahiA_ allahu", "type": "direct_reply"}, {"index": 4, "attribution": 0.002793380696233401, "content_attribution": 5.2579867207889496e-05, "stance_attribution": 0.0027408008290255113, "tweet_id": 580324526254395392, "text": "@airlivenet so sad...", "type": "direct_reply"}, {"index": 22, "attribution": 0.0024208746550999755, "content_attribution": -7.920647184414659e-05, "stance_attribution": 0.0025000811269441222, "tweet_id": 580321528325230593, "text": "@airlivenet Sad news.", "type": "direct_reply"}, {"index": 19, "attribution": 0.0010911988639324684, "content_attribution": 0.0012996528490221819, "stance_attribution": -0.0002084539850897134, "tweet_id": 580327289352794112, "text": "@airlivenet diooooos", "type": "direct_reply"}, {"index": 12, "attribution": 0.0008218651855528532, "content_attribution": 0.0009814021005437182, "stance_attribution": -0.0001595369149908652, "tweet_id": 580322107915157505, "text": "Info \u2013 Frankr\u00e4ich: MT @airlivenet: Germanwings #4U9525 Crash of an A320 disappeared  at 09:39 UTC from radar http://t.co/0xlYBer91r", "type": "direct_reply"}, {"index": 17, "attribution": -0.00026618017618907307, "content_attribution": 0.0008003909048619909, "stance_attribution": -0.0010665710810510635, "tweet_id": 580323803303120896, "text": "@airlivenet Valgame Dios", "type": "direct_reply"}, {"index": 11, "attribution": -0.0004175059162228832, "content_attribution": 0.0007388665899553603, "stance_attribution": -0.0011563725061782433, "tweet_id": 580327764005384193, "text": "@airlivenet Let's pray for the victims of the plane crash. May they rest in peace.", "type": "direct_reply"}, {"index": 21, "attribution": -0.0009445265672118604, "content_attribution": 0.0003516594329553029, "stance_attribution": -0.0012961860001671631, "tweet_id": 580329919990915072, "text": "@airlivenet que pena, tan solo a 2 horas dl destino y q ocurra esto. Ahora a ver las cajas negras.", "type": "direct_reply"}, {"index": 15, "attribution": -0.0025621695114642737, "content_attribution": -0.0004997647066425257, "stance_attribution": -0.0020624048048217486, "tweet_id": 580327709248761856, "text": "@airlivenet in thoughts with the families", "type": "direct_reply"}, {"index": 18, "attribution": -0.0027958243417358325, "content_attribution": -0.00115242682028354, "stance_attribution": -0.001643397521452293, "tweet_id": 580323143325237248, "text": "@airlivenet @flightradar24 that looks like a controlled decent?", "type": "direct_reply"}, {"index": 13, "attribution": -0.004529198015563986, "content_attribution": -0.0021615156862337557, "stance_attribution": -0.0023676823293302274, "tweet_id": 580360673961644032, "text": "@tancredipalmeri @airlivenet for once you are right about something.", "type": "lower_reply"}, {"index": 10, "attribution": -0.008637645989432056, "content_attribution": 0.005205552152208822, "stance_attribution": -0.01384319814164088, "tweet_id": 580323174635573248, "text": "\u201c@tweetforcetacea: @airlivenet @LolaM147 prayers for them xxx\u201dYes, God bless you", "type": "lower_reply"}, {"index": 7, "attribution": -0.013095210854938508, "content_attribution": -0.021035805506932424, "stance_attribution": 0.007940594651993909, "tweet_id": 580691762131410944, "text": "@69Dejavuee @airlivenet @Aodhgan2e \u044d\u0442\u043e \u0442\u0430\u043a \u0442\u0440\u0430\u0433\u0438\u0447\u043d\u043e RIP \ud83d\ude22", "type": "lower_reply"}, {"index": 3, "attribution": -0.04272115211753182, "content_attribution": -0.0738166454645094, "stance_attribution": 0.03109549334697759, "tweet_id": 580322350220120064, "text": "@Aodhgan2e awful", "type": "lower_reply"}, {"index": 6, "attribution": -0.09079552199188447, "content_attribution": 0.0003250887213921798, "stance_attribution": -0.09112061071327664, "tweet_id": 580664515156680704, "text": "@scottcossfield @airlivenet @Aodhgan2e \n\u0421\u043e\u0431\u043e\u043b\u0435\u0437\u043d\u0443\u044e \u0440\u043e\u0434\u0441\u0442\u0432\u0435\u043d\u043d\u0438\u043a\u0430\u043c \u0438 \u0434\u0440\u0443\u0437\u044c\u044f\u043c \u043f\u043e\u0433\u0438\u0431\u0448\u0438\u0445 \u043b\u044e\u0434\u0435\u0439 , \u043e\u0447\u0435\u043d\u044c \u0441\u0442\u0440\u0430\u0448\u043d\u0430\u044f \u043a\u0430\u0442\u0430\u0441\u0442\u0440\u043e\u0444\u0430 ..", "type": "lower_reply"}, {"index": 9, "attribution": -0.46853674462912054, "content_attribution": -0.02492961211191701, "stance_attribution": -0.4436071325172036, "tweet_id": 580321185910624256, "text": "@airlivenet @Aodhgan2e so sad", "type": "direct_reply"}, {"index": 8, "attribution": -0.5439109606108464, "content_attribution": -0.018709293502643193, "stance_attribution": -0.5252016671082034, "tweet_id": 580322012389867520, "text": "@scottcossfield terrible news! \ud83d\ude1e", "type": "lower_reply"}]}