{"thread_id": "580352532167311362", "gold_label": 1, "predicted_label": 0, "tweet_attributions": [{"index": 0, "attribution": 0.26563593384967826, "content_attribution": 0.01501639230039632, "stance_attribution": 0.25061954154928195, "tweet_id": 580352532167311362, "text": "148 people were on board the #Germanwings plane which crashed in the French Alps. Here's what we know so far http://t.co/5sZVPg9XFR", "type": "source"}, {"index": 1, "attribution": 0.035846174463190224, "content_attribution": -0.001711515537826534, "stance_attribution": 0.03755769000101676, "tweet_id": 580354402990587904, "text": "@LonWasBer @SkyNews It's not uncommon for planes to fly into their 20s.", "type": "lower_reply"}, {"index": 6, "attribution": 0.020622301689247342, "content_attribution": 0.005944640196707112, "stance_attribution": 0.014677661492540229, "tweet_id": 580355262894080001, "text": "@SkyNews G-d speed. Very sad news", "type": "direct_reply"}, {"index": 4, "attribution": 0.018453912408913767, "content_attribution": -0.013283118595303572, "stance_attribution": 0.03173703100421734, "tweet_id": 580456545529528321, "text": "@RobPortley @SkyNews fack bad buzz, will you DM the tunes soon pls?", "type": "lower_reply"}, {"index": 9, "attribution": 0.016613893115638316, "content_attribution": -0.00029158588513011603, "stance_attribution": 0.016905479000768435, "tweet_id": 580356393892495360, "text": "@SkyNews  reminds me of Lufhansa A321 2014     Auto pilot descends plane rapidly", "type": "direct_reply"}, {"index": 5, "attribution": 0.009447519051160334, "content_attribution": 0.003001614742473315, "stance_attribution": 0.006445904308687022, "tweet_id": 580358923330416642, "text": "@SkyNews R I P sad news", "type": "direct_reply"}, {"index": 7, "attribution": 0.008451687064125576, "content_attribution": 0.0024090864984031082, "stance_attribution": 0.006042600565722469, "tweet_id": 580352926645772288, "text": "@SkyNews 144 + 6 = 150. Why just 148?", "type": "direct_reply"}, {"index": 2, "attribution": 0.002824578266524125, "content_attribution": 0.02205528826833949, "stance_attribution": -0.019230710001815365, "tweet_id": 580410082019672066, "text": "@SkyNews get your numbers right for goodness sake!", "type": "direct_reply"}, {"index": 8, "attribution": 0.0021742186422842457, "content_attribution": -0.003363192020674015, "stance_attribution": 0.00553741066295826, "tweet_id": 580357309785907200, "text": "@SkyNews A Germanwings Airbus A320 plane carrying at least 148 people crashed in mountainous southeastern France...\nhttp://t.co/M63s9jKvOI", "type": "direct_reply"}, {"index": 3, "attribution": -0.005909944970513816, "content_attribution": 0.00014593357506063984, "stance_attribution": -0.006055878545574455, "tweet_id": 580365125653278720, "text": "@SkyNews @RobPortley", "type": "direct_reply"}]}