{"thread_id": "580325714567806976", "gold_label": 0, "predicted_label": 0, "tweet_attributions": [{"index": 0, "attribution": 0.25368345148905663, "content_attribution": -0.009655076493166308, "stance_attribution": 0.26333852798222285, "tweet_id": 580325714567806976, "text": "French President Hollande says that he expects there to be \"no survivors\" in the Germanwings plane crash. 148 passengers reportedly onboard.", "type": "source"}, {"index": 1, "attribution": 0.056277933328438876, "content_attribution": 0.005829067310929378, "stance_attribution": 0.0504488660175095, "tweet_id": 580326543643140096, "text": "@MichaelSkolnik Oh no. #prayers \ud83d\ude4f", "type": "direct_reply"}, {"index": 3, "attribution": 0.05439323548121208, "content_attribution": -0.02881847241942667, "stance_attribution": 0.08321170790063875, "tweet_id": 580327183052210176, "text": "@MichaelSkolnik //sorry to hear that. Our prayers to victims &amp; families", "type": "direct_reply"}, {"index": 2, "attribution": 0.023542189252236438, "content_attribution": -0.001091981970755193, "stance_attribution": 0.024634171222991632, "tweet_id": 580340788262998016, "text": "@MichaelSkolnik the last 10 minutes had a steady directional decent of about 3000 ft per minute. Strange! Pilots may have tried to land", "type": "direct_reply"}]}