{"thread_id": "580334678340558849", "gold_label": 0, "predicted_label": 1, "tweet_attributions": [{"index": 2, "attribution": 0.8402796939067434, "content_attribution": 0.017572155797054886, "stance_attribution": 0.8227075381096887, "tweet_id": 580357544025174016, "text": "@bjornmoerman Controlled, yes, but all the way down, rates varying up to 5,000...that's more telling.", "type": "lower_reply"}, {"index": 8, "attribution": 0.5217018112636127, "content_attribution": 0.006274419626394768, "stance_attribution": 0.5154273916372178, "tweet_id": 580357003668643840, "text": "@NYCAviation 3500ft is not abnormal for A320/IDLE/some speedbrake. Looks like EMERG DESC and lost consciousness", "type": "direct_reply"}, {"index": 19, "attribution": 0.26114656041609235, "content_attribution": 0.028588242474983372, "stance_attribution": 0.23255831794110898, "tweet_id": 580358306096525312, "text": "@NYCAviation 5000ft might just be a snapshot. Average 3500ft/' seems very normal for an emrg DESC. Yes, I'm an Airbus driver", "type": "lower_reply"}, {"index": 4, "attribution": 0.05771876167629163, "content_attribution": 0.0005826920340623657, "stance_attribution": 0.05713606964222927, "tweet_id": 580340661007855616, "text": "@AeroSavvy @NYCAviation that's because we normally give you a PD descent into RFD. Boxes don't care!  WHEEEEE, roller coaster descent!!!", "type": "lower_reply"}, {"index": 1, "attribution": 0.027205990286817024, "content_attribution": 0.02227163428416159, "stance_attribution": 0.004934356002655436, "tweet_id": 580358675153494016, "text": "@bjornmoerman We work with Airbus as well, and as we said, aggressive. Not saying it wasn't that abnormal, but that is vital data.", "type": "lower_reply"}, {"index": 21, "attribution": 0.024190845473808866, "content_attribution": 0.0002449310125713325, "stance_attribution": 0.023945914461237533, "tweet_id": 580340266512580608, "text": "@NYCAviation @atclew58 3k fpm isn't unusual. 4k fpm typical if over ORD, descending into RFD \ud83d\ude09.  Line 30 is very strange. Might be a bug", "type": "direct_reply"}, {"index": 5, "attribution": 0.017452603839390065, "content_attribution": 0.001537449881703904, "stance_attribution": 0.015915153957686164, "tweet_id": 580341463910871041, "text": "@atclew58 It's a quite fast descent, and uncommon for pax to be maintained.", "type": "lower_reply"}, {"index": 25, "attribution": 0.006187988522759818, "content_attribution": 0.00022085071997004013, "stance_attribution": 0.005967137802789778, "tweet_id": 580337906801213440, "text": "@NYCAviation @AvWeekRupa @planefinder Notice where the vertrate was -14,144 then decent. Something catastrophic might have happened there.", "type": "direct_reply"}, {"index": 11, "attribution": 0.00287343186839687, "content_attribution": 0.0007192338071412659, "stance_attribution": 0.0021541980612556043, "tweet_id": 580337634200911872, "text": "@NYCAviation @planefinder emphasis on \"very\" as a pax airliner.", "type": "direct_reply"}, {"index": 14, "attribution": 0.002559262752094108, "content_attribution": 0.002207120271456263, "stance_attribution": 0.0003521424806378448, "tweet_id": 580340896509665280, "text": "@atclew58 @NYCAviation oh yeah. That's right. \ud83d\ude1b", "type": "lower_reply"}, {"index": 17, "attribution": 0.0016290762203031485, "content_attribution": 0.00030002618251711785, "stance_attribution": 0.0013290500377860306, "tweet_id": 580344913818042368, "text": "@NYCAviation @Boeing737900 @planefinder That's not aggresive", "type": "direct_reply"}, {"index": 3, "attribution": 0.001382425752340048, "content_attribution": 0.000435738091791994, "stance_attribution": 0.0009466876605480538, "tweet_id": 580354156285669376, "text": "@NYCAviation altitude is 38000 all the way. Where's the descent? @planefinder", "type": "direct_reply"}, {"index": 18, "attribution": 0.0012581023901222634, "content_attribution": 0.00013622802562311725, "stance_attribution": 0.0011218743644991458, "tweet_id": 580341721088790528, "text": "@NYCAviation Speed slowly creeps up, heading is nailed for the duration. Strange.", "type": "direct_reply"}, {"index": 7, "attribution": 0.0011174838225378961, "content_attribution": 0.001857953056628659, "stance_attribution": -0.0007404692340907632, "tweet_id": 580360716424642560, "text": "@NYCAviation I saw that but alt is showing 380 all the way. @planefinder", "type": "lower_reply"}, {"index": 13, "attribution": 0.0008535848715089704, "content_attribution": 0.0007505975102644855, "stance_attribution": 0.0001029873612444849, "tweet_id": 580357793913405440, "text": "@dillidikudii @planefinder You looking at the whole image? Descent from line 1 to 27.", "type": "lower_reply"}, {"index": 20, "attribution": -0.00017170596168741815, "content_attribution": 0.0009393475372530653, "stance_attribution": -0.0011110534989404817, "tweet_id": 580342018376884224, "text": "@NYCAviation if not an emergency already, atc *should* be ascertaining the safety of that flights if a 5k/fpm rate is observed. Not normal", "type": "lower_reply"}, {"index": 6, "attribution": -0.0010393104885481601, "content_attribution": 4.445983956010625e-06, "stance_attribution": -0.001043756472504171, "tweet_id": 580598056883748864, "text": "@bogeyjimmy @NYCAviation @AvWeekRupa @planefinder Yaa! Even I got my eyes stuck there! Such vertrate but still no descent?", "type": "lower_reply"}, {"index": 12, "attribution": -0.002079053491068225, "content_attribution": 0.0032838723059998545, "stance_attribution": -0.005362925797068079, "tweet_id": 580343773403725825, "text": "@atclew58 @NYCAviation this is the best conversation about the aircraft accident I have seen all morning. Thanks for sharing it!", "type": "lower_reply"}, {"index": 24, "attribution": -0.0022406875930989986, "content_attribution": -0.00010560348981724027, "stance_attribution": -0.002135084103281758, "tweet_id": 580340593970249728, "text": "@NYCAviation @planefinder okay so it doesn't necessarily mean an instant drop of some sort?", "type": "direct_reply"}, {"index": 16, "attribution": -0.003093327645400068, "content_attribution": 1.5026625163525183e-05, "stance_attribution": -0.003108354270563594, "tweet_id": 580340867623464960, "text": "@timbialas @planefinder Correct. It's odd, but might just be an anomaly.", "type": "lower_reply"}, {"index": 9, "attribution": -0.0032883691014133926, "content_attribution": -6.717505800578657e-05, "stance_attribution": -0.0032211940434076053, "tweet_id": 580341589849018368, "text": "@NYCAviation @planefinder", "type": "direct_reply"}, {"index": 22, "attribution": -0.00638827103698917, "content_attribution": 0.0006330012652109491, "stance_attribution": -0.0070212723022001185, "tweet_id": 580339323519836160, "text": "@brandonsavage @planefinder @pilot_ngb 3000-5000fpm in an airliner? No, it isn't. At all. That's double or triple.", "type": "lower_reply"}, {"index": 23, "attribution": -0.006683915932246818, "content_attribution": 0.00013923772850601057, "stance_attribution": -0.006823153660752829, "tweet_id": 580338174259539968, "text": "@NYCAviation @planefinder how it the descent at position 30 possible?", "type": "direct_reply"}, {"index": 15, "attribution": -0.00868593524188601, "content_attribution": -0.00017487013347004975, "stance_attribution": -0.008511065108415962, "tweet_id": 580339072016769024, "text": "@timbialas @planefinder Could be poor data, or just poor timing of measurement of rate if momentary. It is odd, though.", "type": "lower_reply"}, {"index": 10, "attribution": -0.012801424355951205, "content_attribution": 0.0003623774023319871, "stance_attribution": -0.013163801758283189, "tweet_id": 580338986461368320, "text": "@NYCAviation @planefinder @pilot_ngb that's a pretty standard descent rate for a jet.", "type": "direct_reply"}, {"index": 0, "attribution": -0.023730402850051062, "content_attribution": 0.002188331281808067, "stance_attribution": -0.025918734131859127, "tweet_id": 580334678340558849, "text": "Tracking data shows descent of #4U9525 was very aggressive, but not full freefall. (image via @planefinder)http://t.co/vV6LPavase", "type": "source"}]}