{"thread_id": "580322732669288448", "gold_label": 2, "predicted_label": 0, "tweet_attributions": [{"index": 0, "attribution": 0.27361700676619743, "content_attribution": -0.0049671813468454284, "stance_attribution": 0.2785841881130428, "tweet_id": 580322732669288448, "text": "In diesen Minuten sollte Flug #4U9525 in D\u00fcsseldorf landen. Hier die ersten Infos zum Absturz: http://t.co/dxhq0UOiQg http://t.co/72dt0hc7IX", "type": "source"}, {"index": 1, "attribution": 0.026987429077659355, "content_attribution": -0.02306600572659569, "stance_attribution": 0.05005343480425505, "tweet_id": 580337496627757056, "text": "@BILD_News omggg mein Herzliches Beileid es ist soo schlimm", "type": "direct_reply"}, {"index": 2, "attribution": 0.015437413429630958, "content_attribution": 0.005785277473807315, "stance_attribution": 0.009652135955823645, "tweet_id": 580325118704033792, "text": "@BILD_News @BILD Jetzt geht los. Die Horror\u00fcbertreibungen der Bild Redaktion", "type": "direct_reply"}, {"index": 4, "attribution": 0.007441210409175096, "content_attribution": -0.0030154221703427783, "stance_attribution": 0.010456632579517877, "tweet_id": 580329779221626880, "text": "@BILD_News @BILD", "type": "direct_reply"}, {"index": 3, "attribution": 0.0031248558715733926, "content_attribution": 0.004153847089004782, "stance_attribution": -0.0010289912174313923, "tweet_id": 580326180773105664, "text": "@BILD_News zu verr\u00fcckt...", "type": "direct_reply"}]}