{"thread_id": "580320563891019776", "gold_label": 0, "predicted_label": 1, "tweet_attributions": [{"index": 6, "attribution": 0.797395215185563, "content_attribution": 0.021698575045047568, "stance_attribution": 0.7756966401405152, "tweet_id": 580321452576018433, "text": "@RxquelMallillin Ang scary :( I know plane crashes happen a lot in a year but with social media and easy info, we hear about it more often \ud83d\ude14", "type": "lower_reply"}, {"index": 3, "attribution": 0.16017092088647208, "content_attribution": 0.017489296730259625, "stance_attribution": 0.14268162415621244, "tweet_id": 580321996883369984, "text": "@camiejuan I've only experienced little turbulences and I really get so scared na. News like this make me don't want to travel at all :( :))", "type": "lower_reply"}, {"index": 2, "attribution": 0.0001859603693683449, "content_attribution": 0.002621448505855859, "stance_attribution": -0.0024354881364875135, "tweet_id": 580323223000088576, "text": "\u201c@ANCALERTS: BREAKING: Germanwings Airbus A320 crashes in French Alps | via @BBCBreaking\u201doh my", "type": "direct_reply"}, {"index": 4, "attribution": -0.0003068953673369861, "content_attribution": -4.466017091181813e-05, "stance_attribution": -0.0002622351964251678, "tweet_id": 580321143246094336, "text": "OMG \u201c@ANCALERTS: BREAKING: Germanwings Airbus A320 crashes in French Alps | via @BBCBreaking\u201d", "type": "direct_reply"}, {"index": 5, "attribution": -0.0006169335637206566, "content_attribution": 0.000661353274929016, "stance_attribution": -0.0012782868386496725, "tweet_id": 580329224826810368, "text": "\u201c@ANCALERTS: BREAKING: Germanwings Airbus A320 crashes in French Alps | via @BBCBreaking\u201d", "type": "direct_reply"}, {"index": 1, "attribution": -0.0010616112478217666, "content_attribution": 0.0006147242929871591, "stance_attribution": -0.001676335540808926, "tweet_id": 580336294066196480, "text": "\u201c@ANCALERTS: BREAKING: Germanwings Airbus A320 crashes in French Alps | via @BBCBreaking\u201d :(", "type": "direct_reply"}, {"index": 0, "attribution": -0.017275537817537275, "content_attribution": 0.0005844447676531066, "stance_attribution": -0.01785998258519038, "tweet_id": 580320563891019776, "text": "BREAKING: Germanwings Airbus A320 crashes in French Alps | via @BBCBreaking", "type": "source"}, {"index": 7, "attribution": -0.05328517363825767, "content_attribution": 0.0007968988775315939, "stance_attribution": -0.05408207251578927, "tweet_id": 580321128943468544, "text": "Things like this make me scared to travel \ud83d\ude29 RT @ANCALERTS: BREAKING: Germanwings Airbus A320 crashes in French Alps | via @BBCBreaking", "type": "direct_reply"}, {"index": 8, "attribution": -0.1350044807967239, "content_attribution": -0.0004558714295066009, "stance_attribution": -0.1345486093672173, "tweet_id": 580321260191784960, "text": "@camiejuan Same here :(", "type": "lower_reply"}]}