{"thread_id": "580360761396035585", "gold_label": 0, "predicted_label": 1, "tweet_attributions": [{"index": 2, "attribution": 0.393951031947039, "content_attribution": 0.01886802807332169, "stance_attribution": 0.3750830038737173, "tweet_id": 580368373479014400, "text": "@TanteGrit sind schon alle informiert. Garantiere ich dir", "type": "lower_reply"}, {"index": 6, "attribution": 0.288789254914227, "content_attribution": 0.006438660831370969, "stance_attribution": 0.282350594082856, "tweet_id": 580361336577769472, "text": "@BILD_Ruhrgebiet Seid ihr eigentlich v\u00f6llig meschugge? Sollen Angeh\u00f6rige und Freunde so etwas \u00fcber Twitter erfahren?", "type": "direct_reply"}, {"index": 3, "attribution": 0.050047915326941875, "content_attribution": 0.021822404176118863, "stance_attribution": 0.028225511150823012, "tweet_id": 580371302088904704, "text": "@MB4umi Alle? Wohl kaum. Es gibt Menschen, die nicht direkt am Gate warten und noch gar nichts wissen.", "type": "lower_reply"}, {"index": 4, "attribution": 0.03555168954090199, "content_attribution": 0.017299046976999508, "stance_attribution": 0.01825264256390248, "tweet_id": 580372608262258689, "text": "@TanteGrit Ich komme aus Haltern und war bis vor einer Stunde an der Schule. Glaub mir einfach.", "type": "lower_reply"}, {"index": 1, "attribution": 0.009079722613059081, "content_attribution": 0.005966808329570768, "stance_attribution": 0.0031129142834883136, "tweet_id": 580376290953465856, "text": "@MB4umi Ich meine Menschen, die in ganz Deutschland verstreut sind. Glaub mir einfach. Mein Beileid geht an alle Betroffenen.", "type": "lower_reply"}, {"index": 5, "attribution": 0.009045219980920016, "content_attribution": 0.0008410664192057264, "stance_attribution": 0.008204153561714287, "tweet_id": 580362160292769793, "text": "@BILD_Ruhrgebiet Ihr seid wirklich dumm wie Schifferscheisse!", "type": "direct_reply"}, {"index": 0, "attribution": -0.03132023078672795, "content_attribution": 0.00019552557690212513, "stance_attribution": -0.03151575636363008, "tweet_id": 580360761396035585, "text": "Unter Opfern wohl 16 Sch\u00fcler, 2 Lehrerinnen des Joseph-K\u00f6nig-Gymnasiums #Haltern. Sie kamen vom Sch\u00fcleraustausch. #4U9525 #germanwings", "type": "source"}]}