{"thread_id": "580320009316089856", "gold_label": 0, "predicted_label": 0, "tweet_attributions": [{"index": 0, "attribution": 0.2285091122249947, "content_attribution": -0.008911050607670796, "stance_attribution": 0.23742016283266548, "tweet_id": 580320009316089856, "text": "Germanwings-Airbus in Frankreich abgest\u00fcrzt http://t.co/YYwWEuBO43 #Germanwings", "type": "source"}, {"index": 4, "attribution": 0.03362381068973528, "content_attribution": 0.006596753715025403, "stance_attribution": 0.027027056974709883, "tweet_id": 580324780064243712, "text": "@tagesschau Oh nein!!! Ich hoffe es ist nur ein irrtum! Aber wie es aussieht ist es war...", "type": "direct_reply"}, {"index": 9, "attribution": 0.03255378240097939, "content_attribution": -0.0052841267795702505, "stance_attribution": 0.03783790918054964, "tweet_id": 580321361140297730, "text": "@tagesschau RIP.", "type": "direct_reply"}, {"index": 1, "attribution": 0.026875226988476972, "content_attribution": -0.008098434669812372, "stance_attribution": 0.03497366165828934, "tweet_id": 580354727818485760, "text": "@tagesschau Ewige Ruhe schenke ihnen, o Herr; und das ewige Licht leuchte ihnen; lasse sie ruhen in Frieden! \n#RIP #Germanwings", "type": "direct_reply"}, {"index": 7, "attribution": 0.009631093153405598, "content_attribution": -0.004940817383228272, "stance_attribution": 0.014571910536633868, "tweet_id": 580323964234391552, "text": "#Schock... @tagesschau: Germanwings-Airbus in Frankreich abgest\u00fcrzt http://t.co/yO2L6UhDru #Germanwings", "type": "direct_reply"}, {"index": 6, "attribution": 0.005585490179796459, "content_attribution": -0.0017956334555078984, "stance_attribution": 0.007381123635304358, "tweet_id": 580325227520983040, "text": "@tagesschau Was ist denn da jetzt schief gelaufen?", "type": "direct_reply"}, {"index": 8, "attribution": 0.0037340490585731504, "content_attribution": -0.0010692358746653638, "stance_attribution": 0.004803284933238514, "tweet_id": 580325374065692672, "text": "Fruktansv\u00e4rt! RT \u201c@tagesschau: Germanwings-Airbus in Frankreich abgest\u00fcrzt http://t.co/oCvM7HfRui #Germanwings\u201d", "type": "direct_reply"}, {"index": 3, "attribution": 0.0032778863498024286, "content_attribution": -0.0008552008232318927, "stance_attribution": 0.004133087173034321, "tweet_id": 580343120765816832, "text": "\u201c@tagesschau: Germanwings-Airbus in Frankreich abgest\u00fcrzt http://t.co/HNSs6nEdbh #Germanwings\u201d Furchtbar traurig :(", "type": "direct_reply"}, {"index": 10, "attribution": 0.0032745138158678066, "content_attribution": -0.0014839533983431743, "stance_attribution": 0.00475846721421098, "tweet_id": 580344119236673536, "text": "\u201c@tagesschau: Germanwings-Airbus in Frankreich abgest\u00fcrzt http://t.co/8Gxnoiq1PH #Germanwings\u201d \ud83d\ude31\ud83d\ude31\ud83d\ude30", "type": "direct_reply"}, {"index": 2, "attribution": 0.0029621106577869894, "content_attribution": -0.001266261617950064, "stance_attribution": 0.004228372275737053, "tweet_id": 580324822066077696, "text": "Fruktansv\u00e4rt! RT \u201c@tagesschau: Germanwings-Airbus in Frankreich abgest\u00fcrzt http://t.co/oCvM7HxsSS #Germanwings\u201d", "type": "direct_reply"}, {"index": 5, "attribution": 0.001483840399687998, "content_attribution": -0.001533200421009794, "stance_attribution": 0.003017040820697792, "tweet_id": 580322279269203968, "text": ":( \u201c@tagesschau: Germanwings-Airbus in Frankreich abgest\u00fcrzt http://t.co/8wbv5vpipX #Germanwings\u201d", "type": "direct_reply"}]}