{"thread_id": "580323815261016064", "gold_label": 1, "predicted_label": 0, "tweet_attributions": [{"index": 0, "attribution": 0.3141769293084612, "content_attribution": 0.03826494671619452, "stance_attribution": 0.2759119825922667, "tweet_id": 580323815261016064, "text": "\"The pilot did send an SOS message saying the plane was in distress.\" -@BillNeelyNBC reporting on #germanwings plane crash.", "type": "source"}, {"index": 1, "attribution": 0.02760048145520133, "content_attribution": 0.006912248014207678, "stance_attribution": 0.020688233440993655, "tweet_id": 580324161567920128, "text": "RT @TODAYshow: \"The pilot did send an SOS message saying the plane was in distress.\" -@BillNeelyNBC reporting on #germanwings plane crash.", "type": "direct_reply"}, {"index": 2, "attribution": 0.012802187248548974, "content_attribution": 0.004335728895400382, "stance_attribution": 0.008466458353148586, "tweet_id": 580334970448707584, "text": "@TODAYshow @BillNeelyNBC BREAKING - Germanwings plane crashes in France, up to 150 believed dead\nhttp://t.co/HWyOPGobie", "type": "direct_reply"}, {"index": 3, "attribution": 0.007364715094138485, "content_attribution": 0.003691268663996358, "stance_attribution": 0.003673446430142127, "tweet_id": 580366636814708736, "text": "\u201c@TODAYshow: \"The pilot did send an SOS message saying the plane was in distress.\" -@BillNeelyNBC reporting on #germanwings plane crash.\u201d", "type": "direct_reply"}]}