{"thread_id": "580345440245297153", "gold_label": 0, "predicted_label": 0, "tweet_attributions": [{"index": 17, "attribution": 0.1948128361165773, "content_attribution": 0.0024155748662716935, "stance_attribution": 0.19239726125030562, "tweet_id": 580349390554062848, "text": "@germanwings List of passengers, please!!", "type": "direct_reply"}, {"index": 6, "attribution": 0.16362790261853338, "content_attribution": 0.0030783848570465587, "stance_attribution": 0.16054951776148682, "tweet_id": 580350820367073280, "text": "@Celteverett @germanwings because the First have other Problems...", "type": "lower_reply"}, {"index": 5, "attribution": 0.061413977035425504, "content_attribution": 0.0006028942266945685, "stance_attribution": 0.060811082808730946, "tweet_id": 580350681699192832, "text": "@Celteverett @germanwings i think this List and a List of the Crew will come in 1 or 2 Days", "type": "lower_reply"}, {"index": 4, "attribution": 0.024329993430444116, "content_attribution": 0.02126505192276222, "stance_attribution": 0.003064941507681895, "tweet_id": 580347266239750144, "text": "@germanwings all my sad priests to all familles friends and your company RIP", "type": "direct_reply"}, {"index": 1, "attribution": 0.01678128535105846, "content_attribution": 0.0001259176435844675, "stance_attribution": 0.016655367707473993, "tweet_id": 580355513147396096, "text": "@germanwings RIP", "type": "direct_reply"}, {"index": 11, "attribution": 0.012223008113051641, "content_attribution": 0.0005029168920502984, "stance_attribution": 0.011720091221001344, "tweet_id": 580348665761439744, "text": "@germanwings confirma accidente. 150 pasajeros y tripulaci\u00f3n.", "type": "direct_reply"}, {"index": 14, "attribution": 0.008131444563092513, "content_attribution": 0.00014840562424893122, "stance_attribution": 0.00798303893884358, "tweet_id": 580373378302889984, "text": "@germanwings Schrecklich. \ud83d\ude1e", "type": "direct_reply"}, {"index": 15, "attribution": 0.0046218156744067705, "content_attribution": 0.0042090007895930984, "stance_attribution": 0.00041281488481367167, "tweet_id": 580352754427826176, "text": "@germanwings R.I.P", "type": "direct_reply"}, {"index": 2, "attribution": 0.002401824676482065, "content_attribution": -3.2921950679605045e-06, "stance_attribution": 0.0024051168715500267, "tweet_id": 580365173027966976, "text": "@germanwings :-( mein tiefes Beileid an alle Opfer.", "type": "direct_reply"}, {"index": 10, "attribution": 0.000327808170752281, "content_attribution": 0.0003210375256261611, "stance_attribution": 6.77064512611959e-06, "tweet_id": 580347134358208512, "text": "Datos de @germanwings: \"An Bord waren 144 Passagiere und 6 Crew-Mitglieder\". 150 personas en total #4U9525", "type": "direct_reply"}, {"index": 16, "attribution": 0.00021148805298901017, "content_attribution": 0.00021052046815198255, "stance_attribution": 9.675848370275809e-07, "tweet_id": 580356784906485760, "text": "\u201c@germanwings: Es handelt sich um ein Flugzeug vom Typ A320. An Bord waren 144 Passagiere und 6 Crew-Mitglieder. Lufthansa und Germanwings\"", "type": "direct_reply"}, {"index": 3, "attribution": 0.00016230427338561766, "content_attribution": 0.00012634369194651444, "stance_attribution": 3.596058143910315e-05, "tweet_id": 580353109932838912, "text": "\u201c@germanwings: Es handelt sich um ein Flugzeug vom Typ A320. An Bord waren 144 Passagiere und 6 Crewmiglieder\" So schrecklich! #meinbeileid", "type": "direct_reply"}, {"index": 12, "attribution": -0.000522990678800654, "content_attribution": -9.292095011854341e-05, "stance_attribution": -0.00043006972868211095, "tweet_id": 580354137931571201, "text": "@germanwings Es un avi\u00f3n modelo A320. En \u00e9l viajaban 144 pasajeros junto a seis miembros de la tripulaci\u00f3n.", "type": "direct_reply"}, {"index": 13, "attribution": -0.0010569792368226836, "content_attribution": -0.0005957127801248198, "stance_attribution": -0.000461266456697864, "tweet_id": 580366384250634240, "text": "@germanwings Man findet die richtigen W\u00f6rter nicht in so einem schw\u00e4ren Moment f\u00fcr die Familien der Verungl\u00fcckten! Wir f\u00fchlen alle mit Ihnen", "type": "direct_reply"}, {"index": 7, "attribution": -0.00271468270751242, "content_attribution": 0.0004148425276755671, "stance_attribution": -0.0031295252351879873, "tweet_id": 580376047721398272, "text": "Ruhe in Frieden \ud83d\ude22\ud83d\ude4f RT @germanwings: Es handelt sich um ein Flugzeug vom Typ A320. An Bord waren 144 Passagiere und 6 Crew-Mitglieder", "type": "direct_reply"}, {"index": 9, "attribution": -0.0027819972688587925, "content_attribution": 0.000467719541350447, "stance_attribution": -0.0032497168102092397, "tweet_id": 580347966738821120, "text": "Datos oficiales de \"@germanwings: Es handelt sich um ein Flugzeug vom Typ A320. An Bord waren 144 Passagiere und 6 Crew-Mitglieder.\"", "type": "direct_reply"}, {"index": 8, "attribution": -0.004493993676261342, "content_attribution": -0.0001258772803205187, "stance_attribution": -0.004368116395940823, "tweet_id": 580347748295286784, "text": "\"@germanwings: Se trata de un avi\u00f3n del tipo A320. Viajaban a bordo 144 pasajeros y 6 miembros de tripulaci\u00f3n. Lufthansa y Germanwings ...\u201d", "type": "direct_reply"}, {"index": 0, "attribution": -0.0789752318062005, "content_attribution": 0.002129492016053649, "stance_attribution": -0.08110472382225416, "tweet_id": 580345440245297153, "text": "Es handelt sich um ein Flugzeug vom Typ A320. An Bord waren 144 Passagiere und 6 Crew-Mitglieder. Lufthansa und Germanwings ...", "type": "source"}]}