{"thread_id": "580318938996740096", "gold_label": 1, "predicted_label": 0, "tweet_attributions": [{"index": 0, "attribution": 0.2984789325750534, "content_attribution": 0.013203373766910205, "stance_attribution": 0.28527555880814326, "tweet_id": 580318938996740096, "text": "142 passengers on board GermanWings plane which has crashed in French Alps, according to AFP", "type": "source"}, {"index": 4, "attribution": 0.027161682470464035, "content_attribution": -0.01888424900422407, "stance_attribution": 0.04604593147468811, "tweet_id": 580320765192482817, "text": "@hamishNews Oh No not another plane down \ud83d\ude01\ud83d\ude33", "type": "direct_reply"}, {"index": 1, "attribution": 0.01722429343406766, "content_attribution": 0.006132786763162531, "stance_attribution": 0.011091506670905122, "tweet_id": 580336266014666753, "text": "@hamishNews BREAKING - Germanwings plane crashes in France, up to 150 believed dead\nhttp://t.co/HWyOPGobie", "type": "direct_reply"}, {"index": 2, "attribution": 0.017146138635969893, "content_attribution": 0.00323488855759983, "stance_attribution": 0.013911250078370062, "tweet_id": 580320459801149440, "text": "@hamishNews geezuz.", "type": "direct_reply"}, {"index": 3, "attribution": 0.013014291248840338, "content_attribution": 0.006599094832502409, "stance_attribution": 0.006415196416337929, "tweet_id": 580319320464596992, "text": "Airbus A320. RT @hamishNews: 142 passengers on board GermanWings plane which has crashed in French Alps, according to AFP", "type": "direct_reply"}]}