{"thread_id": "580327692765151232", "gold_label": 2, "predicted_label": 0, "tweet_attributions": [{"index": 0, "attribution": 0.3805833639275333, "content_attribution": 0.08045775353090298, "stance_attribution": 0.3001256103966303, "tweet_id": 580327692765151232, "text": "Germanwings crash plane 'lost signal at 6,800 feet', flight radar shows http://t.co/AjQxaENYSb http://t.co/cgU1GqKYqK", "type": "source"}, {"index": 1, "attribution": 0.02966404264796245, "content_attribution": -0.019434182447070875, "stance_attribution": 0.04909822509503332, "tweet_id": 580328049440395264, "text": "@itvnews that's not high for that amount of airtime plans quickly climb pass 6,000 feet within a few minutes normally.", "type": "direct_reply"}, {"index": 3, "attribution": 0.026668531293172787, "content_attribution": 0.021371730193761714, "stance_attribution": 0.0052968010994110725, "tweet_id": 580335773943205889, "text": "\u201c@itvnews: Germanwings crash plane 'lost signal at 6,800 feet', flight radar shows http://t.co/AReLIUb7kq http://t.co/JDK05GKwug\u201d", "type": "direct_reply"}, {"index": 2, "attribution": 0.024787238344364516, "content_attribution": -0.002467576131084801, "stance_attribution": 0.02725481447544932, "tweet_id": 580420543373021185, "text": "@itvnews Possible explanation? #incapacitated #aerotoxic http://t.co/lc8B2vIsx0", "type": "direct_reply"}]}