{"thread_id": "580370249712697344", "gold_label": 0, "predicted_label": 0, "tweet_attributions": [{"index": 0, "attribution": 0.29828121805805957, "content_attribution": -0.009702986739386452, "stance_attribution": 0.30798420479744604, "tweet_id": 580370249712697344, "text": "A #Germanwings spokesman confirms two babies were among those on board a flight which crashed in the French Alps http://t.co/npoy1K5Huo", "type": "source"}, {"index": 3, "attribution": 0.03208157293049041, "content_attribution": 0.008232297241209661, "stance_attribution": 0.02384927568928076, "tweet_id": 580379181109899265, "text": "@SkyNews heart breaking", "type": "direct_reply"}, {"index": 2, "attribution": 0.017897245355646706, "content_attribution": -0.0058930946248737836, "stance_attribution": 0.023790339980520492, "tweet_id": 580370649883021312, "text": "@SkyNews so sad \ud83d\ude1f\ud83d\ude1f", "type": "direct_reply"}, {"index": 4, "attribution": 0.014369386714537694, "content_attribution": -0.0042058729066462245, "stance_attribution": 0.018575259621183924, "tweet_id": 580370623425331200, "text": "@SkyNews awwwww :(", "type": "direct_reply"}, {"index": 6, "attribution": 0.01384598403552084, "content_attribution": 0.0003594932901264008, "stance_attribution": 0.013486490745394441, "tweet_id": 580373168168140800, "text": "@SkyNews yet another Airbus crash? These planes are not fit to be in the air!", "type": "direct_reply"}, {"index": 1, "attribution": 0.0049676495249501105, "content_attribution": -0.001013550300448491, "stance_attribution": 0.0059811998253986014, "tweet_id": 580371861252489216, "text": "@SkyNews \ud83d\ude29", "type": "direct_reply"}, {"index": 5, "attribution": -0.009504858656071861, "content_attribution": -0.0248433264108853, "stance_attribution": 0.015338467754813435, "tweet_id": 580373657849069568, "text": "@SkyNews so sad rip", "type": "direct_reply"}]}