{"thread_id": "580324290060521472", "gold_label": 0, "predicted_label": 0, "tweet_attributions": [{"index": 0, "attribution": 0.42975361780342797, "content_attribution": 0.019330847936640888, "stance_attribution": 0.41042276986678705, "tweet_id": 580324290060521472, "text": "\u00dcber Nizza st\u00fcrzt eine Germanwings-Maschine ab, vermutlich 150 Tote, Das erste Arschloch macht Streik- und Piloten-Witze.\nIch m\u00f6chte kotzen.", "type": "source"}, {"index": 8, "attribution": 0.01611847492810705, "content_attribution": -0.005006182411426517, "stance_attribution": 0.02112465733953357, "tweet_id": 580325615619952640, "text": "@meg_gyver Word!", "type": "direct_reply"}, {"index": 6, "attribution": 0.002836564458948882, "content_attribution": 0.009600263523486214, "stance_attribution": -0.00676369906453733, "tweet_id": 580441248118497281, "text": "@meg_gyver Recht hast du! Einfach nicht hinh\u00f6ren, denen ist nicht mehr zu helfen. Die H\u00f6lle ist hei\u00df.", "type": "direct_reply"}, {"index": 5, "attribution": 0.00021451724303796996, "content_attribution": 0.0005097992914943674, "stance_attribution": -0.0002952820484563972, "tweet_id": 580622475639328769, "text": "@meg_gyver Wenn Arschl\u00f6cher fliegen k\u00f6nnten.W\u00e4re so manche Stadt ein Gro\u00dfflughafen. #Twitter", "type": "direct_reply"}, {"index": 7, "attribution": 4.763121821608433e-06, "content_attribution": 0.0015729912732173799, "stance_attribution": -0.0015682281513957714, "tweet_id": 580324839665364992, "text": "@meg_gyver Da reihen sich noch mehr Arschl\u00f6cher ein, wenn man die Tl so durchsieht.", "type": "direct_reply"}, {"index": 2, "attribution": -0.0006020788033232992, "content_attribution": -0.003950264274026223, "stance_attribution": 0.0033481854707029263, "tweet_id": 580334578562383872, "text": "@meg_gyver Unsicherheit und Selbstschutz", "type": "direct_reply"}, {"index": 1, "attribution": -0.0017036053860507191, "content_attribution": -8.83303060956805e-05, "stance_attribution": -0.001615275079955039, "tweet_id": 580324546504499200, "text": "@meg_gyver @n3rdprincess Durchladen.....!", "type": "direct_reply"}, {"index": 3, "attribution": -0.0020078728194913666, "content_attribution": 0.000868878608494018, "stance_attribution": -0.0028767514279853844, "tweet_id": 580393118878572545, "text": "@meg_gyver Gl\u00fcckwunsch zu deinem 250\u2605-Tweet! http://t.co/pAjwuRzI2N", "type": "direct_reply"}, {"index": 10, "attribution": -0.003964212652176833, "content_attribution": -0.00365818411108715, "stance_attribution": -0.00030602854108968377, "tweet_id": 580402097365131265, "text": "@meg_gyver @Spinnwebchen Man selber, die Familie und Freunde fliegen so viel. Man darf da gar nicht dr\u00fcber nachdenken.\n\nUnendlich traurig \ud83d\udc9b", "type": "direct_reply"}, {"index": 9, "attribution": -0.006990885276885882, "content_attribution": 0.0035882241739619535, "stance_attribution": -0.010579109450847834, "tweet_id": 580325022839005184, "text": "@meg_gyver Ja, manchen fehlt einfach die n\u00f6tige Portion Hirn...", "type": "direct_reply"}, {"index": 11, "attribution": -0.007444215081871463, "content_attribution": -0.0015852618214391816, "stance_attribution": -0.0058589532604322835, "tweet_id": 580411906256691200, "text": "@meg_gyver @Jettchen63 \nEs gibt halt immer Arschl\u00f6cher.", "type": "direct_reply"}, {"index": 4, "attribution": -0.015849390563073083, "content_attribution": -0.05269415904127342, "stance_attribution": 0.03684476847820034, "tweet_id": 580433198766784512, "text": "@MRubien 'den selben'? Nein, nein, nein. Man schreibt das so: 'denselben'.", "type": "lower_reply"}, {"index": 12, "attribution": -0.14597491807165253, "content_attribution": 0.02212471131207326, "stance_attribution": -0.16809962938372577, "tweet_id": 580430857921552384, "text": "@meg_gyver @gedankensprudel gegen Dummheit kann man leider keine Medikamente verabreichen. Nur Kopfsch\u00fctteln oder ein Schlag auf den selben", "type": "direct_reply"}]}