{"thread_id": "580330740086243328", "gold_label": 0, "predicted_label": 0, "tweet_attributions": [{"index": 0, "attribution": 0.27822718835348625, "content_attribution": 0.004329399415479593, "stance_attribution": 0.27389778893800665, "tweet_id": 580330740086243328, "text": "The French president has said he believed none of the 148 people on board #Germanwings flight #4U9525 plane survived http://t.co/KC9NBcEzSV", "type": "source"}, {"index": 1, "attribution": 0.07734226510856958, "content_attribution": 0.0031080844231441964, "stance_attribution": 0.0742341806854254, "tweet_id": 580335149423955968, "text": "@abcnews wow France is having a shocker of a year", "type": "direct_reply"}, {"index": 5, "attribution": 0.03944418519504315, "content_attribution": 0.00460548404713318, "stance_attribution": 0.03483870114790996, "tweet_id": 580350402664615937, "text": "@abcnews http://t.co/ezqDfe9ZOK", "type": "direct_reply"}, {"index": 3, "attribution": 0.0287344710165014, "content_attribution": 0.009244441524848244, "stance_attribution": 0.019490029491653158, "tweet_id": 580333363807956992, "text": "@abcnews BREAKING - Germanwings plane crashes in France, up to 150 believed dead\nhttp://t.co/HWyOPGobie", "type": "direct_reply"}, {"index": 2, "attribution": 0.0022549409842231765, "content_attribution": 0.0031451381232790038, "stance_attribution": -0.0008901971390558256, "tweet_id": 580351795156774913, "text": "@abcnews 20 000 people march all over Australia to stop closing aboriginal communities and where were all media and you ABC?? Sleeping......", "type": "direct_reply"}, {"index": 4, "attribution": -0.03370823216600331, "content_attribution": -0.061952074771888674, "stance_attribution": 0.02824384260588536, "tweet_id": 580333611653591040, "text": "@abcnews Sad news \ud83d\ude14 may they all rest in peace. Thoughts and prayers for the families of all the deceased. #Germanwings #4U925", "type": "direct_reply"}]}