{"thread_id": "580323743202934785", "gold_label": 2, "predicted_label": 1, "tweet_attributions": [{"index": 5, "attribution": 0.5971559596435562, "content_attribution": 0.03675728734789372, "stance_attribution": 0.5603986722956625, "tweet_id": 580347327715667968, "text": "@enbrug of course! just so we all feel great about flying this weekend \ud83d\ude1f", "type": "lower_reply"}, {"index": 1, "attribution": 0.3478049050310418, "content_attribution": 0.002278743199187529, "stance_attribution": 0.3455261618318542, "tweet_id": 580331315813314560, "text": "@carrienanderson @elpaisinenglish oh gee thanks for letting me know \ud83d\ude32", "type": "lower_reply"}, {"index": 6, "attribution": 0.1716002351639883, "content_attribution": 0.016236763265335512, "stance_attribution": 0.1553634718986528, "tweet_id": 580347690959110144, "text": "@carrienanderson yeah I'm only getting on 3 flights in the next 2 weeks, no reason to worry!", "type": "lower_reply"}, {"index": 2, "attribution": 0.008444046925518285, "content_attribution": 0.002656203518513422, "stance_attribution": 0.005787843407004862, "tweet_id": 580325938929504256, "text": "next #plane #crash, this time in #europe @elpaisinenglish", "type": "direct_reply"}, {"index": 3, "attribution": 0.0051524340978801875, "content_attribution": 0.004799078244938143, "stance_attribution": 0.0003533558529420404, "tweet_id": 580326754767765505, "text": "\u201c@elpaisinenglish: Airbus A320 flying from Barcelona to D\u00fcsseldorf crashes in French Alps http://t.co/bDwo3wmdpk\u201d @enbrug", "type": "direct_reply"}, {"index": 7, "attribution": 0.0014139594615249287, "content_attribution": 0.00020311778216431143, "stance_attribution": 0.0012108416793606175, "tweet_id": 580324774603276288, "text": "@elpaisinenglish", "type": "direct_reply"}, {"index": 4, "attribution": -0.003237334257823753, "content_attribution": 0.0004259596702811186, "stance_attribution": -0.003663293928104872, "tweet_id": 580334092929122306, "text": "@elpaisinenglish @ClaraEOspinaG  OMG!!", "type": "direct_reply"}, {"index": 0, "attribution": -0.029975625660928887, "content_attribution": 0.0012221391743076151, "stance_attribution": -0.0311977648352365, "tweet_id": 580323743202934785, "text": "FULL STORY Germanwings-operated Airbus A320 flying from Barcelona to D\u00fcsseldorf crashes in French Alps http://t.co/OPiH5bTTds", "type": "source"}]}