{"thread_id": "580319999887347712", "gold_label": 2, "predicted_label": 1, "tweet_attributions": [{"index": 15, "attribution": 0.534347542722798, "content_attribution": 0.002676047842602519, "stance_attribution": 0.5316714948801955, "tweet_id": 580429797857333249, "text": "@_RobertoMartin @flightradar24 have you seen the pictures, I've never seen anything like it", "type": "lower_reply"}, {"index": 32, "attribution": 0.49045484636382386, "content_attribution": 0.0035578579256165073, "stance_attribution": 0.4868969884382074, "tweet_id": 580321059540504576, "text": "@_RobertoMartin @flightradar24 look at that vertical speed.", "type": "lower_reply"}, {"index": 11, "attribution": 0.14950598633001566, "content_attribution": 0.003427420570199877, "stance_attribution": 0.1460785657598158, "tweet_id": 580383106751963137, "text": "@JakeLewisF1 @_RobertoMartin @flightradar24 was looking at the same thing..", "type": "lower_reply"}, {"index": 30, "attribution": 0.1283940377386414, "content_attribution": 0.008239622512628239, "stance_attribution": 0.12015441522601314, "tweet_id": 580449192595861504, "text": "@JakeLewisF1 Amazing. Im absolutly agree with you.  I've never seen before that level of disintegration. What a hard crash...", "type": "lower_reply"}, {"index": 26, "attribution": 0.059338162209025304, "content_attribution": 0.010078047009587063, "stance_attribution": 0.04926011519943824, "tweet_id": 580328362780073984, "text": "@JakeLewisF1 Yes of course, at least it will be a quick procedure, i hope.", "type": "lower_reply"}, {"index": 7, "attribution": 0.05279086209075201, "content_attribution": 0.00545950321901539, "stance_attribution": 0.04733135887173661, "tweet_id": 580320800600887296, "text": "RT \u201c@flightradar24: Germanwings flight #4U9525 was lost from Flightradar24 at 6800 feet at 09.39 UTC time. http://t.co/TIqurqkMlZ\u201d", "type": "direct_reply"}, {"index": 8, "attribution": 0.0468192471599003, "content_attribution": 0.015224085055825589, "stance_attribution": 0.031595162104074724, "tweet_id": 580474322629890048, "text": "@_RobertoMartin usually you would expect to see more", "type": "lower_reply"}, {"index": 13, "attribution": 0.044924559552363914, "content_attribution": 0.004861430825727974, "stance_attribution": 0.04006312872663594, "tweet_id": 580322233266098176, "text": "@JakeLewisF1 @flightradar24 , yes... \ud83d\ude30", "type": "lower_reply"}, {"index": 6, "attribution": 0.03044621760491715, "content_attribution": 0.016989649267456615, "stance_attribution": 0.013456568337460529, "tweet_id": 580324309434011648, "text": "@_RobertoMartin @flightradar24 at least it's not in the sea so they can recover everything, well almost", "type": "lower_reply"}, {"index": 23, "attribution": 0.02122864005840768, "content_attribution": 0.006806740199018587, "stance_attribution": 0.014421899859389095, "tweet_id": 580331042403446784, "text": "@_RobertoMartin yeah, and everything is already moving at a fast rate", "type": "lower_reply"}, {"index": 21, "attribution": 0.01809856330989681, "content_attribution": 0.0006815646260328498, "stance_attribution": 0.017416998683863965, "tweet_id": 580324142194384896, "text": "@ViolentVeggy sad :(", "type": "lower_reply"}, {"index": 31, "attribution": 0.015983191737073264, "content_attribution": 0.014733815275354747, "stance_attribution": 0.0012493764617185145, "tweet_id": 580475208965980160, "text": "@JakeLewisF1 yes you do...", "type": "lower_reply"}, {"index": 20, "attribution": 0.011522282382489583, "content_attribution": -2.9124386697566032e-05, "stance_attribution": 0.011551406769187148, "tweet_id": 580323678103056384, "text": "@flightradar24 @GhimirePrashant Crashed. :( http://t.co/g9fhwhlw6y", "type": "direct_reply"}, {"index": 22, "attribution": 0.0031944937713430832, "content_attribution": 0.0006256576654767931, "stance_attribution": 0.0025688361058662902, "tweet_id": 580491476448210944, "text": "@_RobertoMartin ive seen half a tail, but no high res images yet,", "type": "lower_reply"}, {"index": 9, "attribution": 0.0028483796453959865, "content_attribution": -0.0001686956595774995, "stance_attribution": 0.003017075304973486, "tweet_id": 580321665189548032, "text": "@flightradar24 strange descent started over sea. Hypoxia ?", "type": "direct_reply"}, {"index": 29, "attribution": 0.0013403983953146482, "content_attribution": 0.0023602804077232295, "stance_attribution": -0.0010198820124085817, "tweet_id": 580475513480880131, "text": "@_RobertoMartin makes me think it didn't come down nose, wing or tail first", "type": "lower_reply"}, {"index": 28, "attribution": 0.0009017674813167312, "content_attribution": 9.583749024485286e-05, "stance_attribution": 0.0008059299910718784, "tweet_id": 580478187047649281, "text": "@JakeLewisF1 by the other hand, i've heard the plane was ascending for a while BEFORE the crash...(i dont know if its true)", "type": "lower_reply"}, {"index": 19, "attribution": 0.0008506432231967641, "content_attribution": 0.000693630589599378, "stance_attribution": 0.0001570126335973864, "tweet_id": 580328169481244672, "text": "Oh no... \u201c@flightradar24: Germanwings flight #4U9525 [...] lost from Flightradar24 at 6800 feet at 09.39 UTC time. http://t.co/1kwHzvoGPY\u201d", "type": "direct_reply"}, {"index": 14, "attribution": 0.0006357884804111591, "content_attribution": 0.0003629669071216762, "stance_attribution": 0.0002728215732894829, "tweet_id": 580491545125736449, "text": "@_RobertoMartin maybe nose down but not fully vertical", "type": "lower_reply"}, {"index": 10, "attribution": 4.4614479514281814e-05, "content_attribution": -7.599210791278771e-05, "stance_attribution": 0.00012060658742706957, "tweet_id": 580320861808365568, "text": "@flightradar24", "type": "direct_reply"}, {"index": 1, "attribution": -0.00011400568596943919, "content_attribution": 8.284551554057388e-06, "stance_attribution": -0.00012229023752349655, "tweet_id": 580320902602162176, "text": "Airbus passenger plane crash - France RT @flightradar24: Germanwings flight #4U9525 lost from Flightradar24 @ 6800 ft http://t.co/6J4G2IJlbL", "type": "direct_reply"}, {"index": 16, "attribution": -0.00012648856690736238, "content_attribution": -0.00013676354706090467, "stance_attribution": 1.0274980153542236e-05, "tweet_id": 580320275700572160, "text": "\u201c@flightradar24: Germanwings flight #4U9525 was lost from Flightradar24 at 6800 feet at 09.39 UTC time. http://t.co/3MoIwuk4ZI\u201d", "type": "direct_reply"}, {"index": 27, "attribution": -0.0003833726359660297, "content_attribution": 0.0004695538915709586, "stance_attribution": -0.0008529265275369883, "tweet_id": 580477419112542208, "text": "@JakeLewisF1 Do you think so? I've seen a tail part... Im not absolutely sure but... Maybe a down nose crash was possible...", "type": "lower_reply"}, {"index": 18, "attribution": -0.0006164407055340728, "content_attribution": 0.002755323327192088, "stance_attribution": -0.0033717640327261622, "tweet_id": 580387149234761728, "text": "@Cpt_Fracassa @_RobertoMartin @flightradar24 it's major, what's the Live ATC coverage around there like, might be worth checking", "type": "lower_reply"}, {"index": 17, "attribution": -0.0006879915800136077, "content_attribution": 0.00024065394011974785, "stance_attribution": -0.0009286455201333555, "tweet_id": 580322103649521664, "text": "Shit :( @flightradar24: Germanwings flight #4U9525 was lost from Flightradar24 at 6800 feet at 09.39 UTC time. http://t.co/k8NzuiW9mC\u201d", "type": "direct_reply"}, {"index": 3, "attribution": -0.003862865840300108, "content_attribution": 0.0007146571161691467, "stance_attribution": -0.004577522956469255, "tweet_id": 580320945140854785, "text": "Germanwings flight #4U9525 (D-AIPX) lost from Flightradar24 at 6800 feet at 09.39 UTC time. Via @flightradar24 http://t.co/jLXXIPUpEd", "type": "direct_reply"}, {"index": 25, "attribution": -0.004064503491557916, "content_attribution": 0.0015345060748146893, "stance_attribution": -0.0055990095663726045, "tweet_id": 580323813251948544, "text": "Lufthansa &amp; Airbus http://t.co/cee7mDXzQV", "type": "lower_reply"}, {"index": 2, "attribution": -0.004668579864106088, "content_attribution": -0.00019761196833128263, "stance_attribution": -0.004470967895774806, "tweet_id": 580327515853553664, "text": "OMG @flightradar24: Germanwings flight #4U9525 (registration D-AIPX) was lost from Flightradar24 at 6800 feet at 09.39 UTC time.", "type": "direct_reply"}, {"index": 24, "attribution": -0.005830601609027204, "content_attribution": 0.00014649776084112206, "stance_attribution": -0.0059770993698683265, "tweet_id": 580322227687583744, "text": "@flightradar24 Any news on 142 passengers?", "type": "direct_reply"}, {"index": 4, "attribution": -0.006437782275354723, "content_attribution": 0.0008921539610465711, "stance_attribution": -0.007329936236401292, "tweet_id": 580337200090492928, "text": "@cbm1971 @flightradar24 There is higher terrain in the area.", "type": "lower_reply"}, {"index": 12, "attribution": -0.008401794124372811, "content_attribution": 0.00106514630860532, "stance_attribution": -0.00946694043297813, "tweet_id": 580323978440531968, "text": "@flightradar24 if signal lost at 6,800 feet does this imply destruction of plane in the air?", "type": "direct_reply"}, {"index": 0, "attribution": -0.010620277668275052, "content_attribution": 0.005984004467939176, "stance_attribution": -0.016604282136214222, "tweet_id": 580319999887347712, "text": "Germanwings flight #4U9525 (registration D-AIPX) was lost from Flightradar24 at 6800 feet at 09.39 UTC time. http://t.co/vZaQMUlLaZ", "type": "source"}, {"index": 5, "attribution": -0.01107705006302601, "content_attribution": 0.0005853105881163128, "stance_attribution": -0.01166236065114232, "tweet_id": 580321189706498048, "text": "\u201c@flightradar24: Germanwings flight #4U9525(registration D-AIPX)was lost from Flightradar24 @ 6800 feet @ 09.39 UTC. http://t.co/HHVBNnCm7m\u201d", "type": "direct_reply"}]}