{"thread_id": "580321117526724608", "gold_label": 0, "predicted_label": 1, "tweet_attributions": [{"index": 6, "attribution": 0.4149036316350341, "content_attribution": 0.009826945873921751, "stance_attribution": 0.4050766857611123, "tweet_id": 580323176439250944, "text": "@GillyBerlin @germanwings War klar, in so ner Situation reicht das @1und1 Hosting Paket nicht... \ud83d\ude10", "type": "lower_reply"}, {"index": 7, "attribution": 0.2990341793150241, "content_attribution": 0.0063282210513802475, "stance_attribution": 0.2927059582636438, "tweet_id": 580336665333538816, "text": "@Engel_CM @arnehess niemand hat hier einen Disput.", "type": "lower_reply"}, {"index": 21, "attribution": 0.1653053098011692, "content_attribution": 0.0035083968975290186, "stance_attribution": 0.16179691290364018, "tweet_id": 580336523452788736, "text": "@arnehess @GillyBerlin @germanwings @1und1 Alternatividee zu eurem Disput: W\u00fcnscht allen Betroffenen von #4U9525 Kraft f\u00fcr die schwere Zeit", "type": "lower_reply"}, {"index": 15, "attribution": 0.1066431695575609, "content_attribution": -0.00033699114008244133, "stance_attribution": 0.10698016069764335, "tweet_id": 580326555169255424, "text": ".@germanwings verweist f\u00fcr Updates auf Internetseite, aber der Server ist vollkommen \u00fcberlastet. Das w\u00e4re mal Chance, Twitter zu nutzen...", "type": "direct_reply"}, {"index": 2, "attribution": 0.10181420632592017, "content_attribution": 0.001052874095523236, "stance_attribution": 0.10076133223039695, "tweet_id": 580321548357234688, "text": "@germanwings @arnehess \"Diese Webseite ist nicht verf\u00fcgbar.\u201c Badum-Tss.", "type": "direct_reply"}, {"index": 13, "attribution": 0.0597864052734585, "content_attribution": 0.003958306192495642, "stance_attribution": 0.05582809908096286, "tweet_id": 580339654110633984, "text": "@GillyBerlin @arnehess So unterschiedlich sind die Wahrnehmungen", "type": "lower_reply"}, {"index": 19, "attribution": 0.03424208095376707, "content_attribution": 0.00758927765820468, "stance_attribution": 0.026652803295562393, "tweet_id": 580328009061822464, "text": "@arnehess ernsthaft? Geschmackloser geht's ja wohl momentan nicht!", "type": "lower_reply"}, {"index": 8, "attribution": 0.027015822451609713, "content_attribution": -0.0003424892786270512, "stance_attribution": 0.027358311730236763, "tweet_id": 580337935943376896, "text": "@glomse @mimimibe K\u00f6nnte man, ja. \nDas Problem: social media macht dort offenbar ein Praktikant?!\nhttp://t.co/kFhfQEKJGG", "type": "lower_reply"}, {"index": 24, "attribution": 0.00937595170318789, "content_attribution": 0.0038803604579126655, "stance_attribution": 0.0054955912452752265, "tweet_id": 580334914031235072, "text": "@GillyBerlin du warst ungewollt in der Antwort.", "type": "lower_reply"}, {"index": 5, "attribution": 0.007602302219004056, "content_attribution": 0.00014901858733043234, "stance_attribution": 0.007453283631673624, "tweet_id": 580325088261763072, "text": "@germanwings \u00e7ok ge\u00e7mi\u015f olsun", "type": "direct_reply"}, {"index": 16, "attribution": 0.007463521577511682, "content_attribution": 0.006030659696885977, "stance_attribution": 0.0014328618806257057, "tweet_id": 580335165152559104, "text": "@arnehess tut nichts zur Sache, Nichts. Aber das spielt in solch einer Situation auch keine Rolle", "type": "lower_reply"}, {"index": 4, "attribution": 0.005516150345901432, "content_attribution": 0.0007073678143661825, "stance_attribution": 0.004808782531535249, "tweet_id": 580326823340412928, "text": "@mimimibe \u2026 aber der Twitter-Crew erz\u00e4hlt dort offenbar keiner was. V\u00f6lliges Versagen bei der Krisenkommunikation.", "type": "lower_reply"}, {"index": 26, "attribution": 0.003473440129745752, "content_attribution": 0.003026789111227315, "stance_attribution": 0.0004466510185184375, "tweet_id": 580329560652251137, "text": "@DavidDomenic Spekulationen entstehen vor allem, wenn Prim\u00e4rquellen wie die Fluggesellschaft M\u00f6glichkeit verlieren, zu informieren. @emtiu", "type": "lower_reply"}, {"index": 17, "attribution": 0.002215511072839471, "content_attribution": 0.005798513237649568, "stance_attribution": -0.003583002164810098, "tweet_id": 580326122346405888, "text": "@lacultura99 Wer bist Du, und viel wichtiger, was willst Du (von mir)? @GillyBerlin", "type": "lower_reply"}, {"index": 29, "attribution": 0.0017875343611807586, "content_attribution": 0.0010778148314335384, "stance_attribution": 0.0007097195297472199, "tweet_id": 580329817863811072, "text": "@mimimibe @emtiu Das stimmt.. Trotzdem reden wir immer noch von einem Zeitraum von etwa 1 Stunde und nicht von Tagen", "type": "lower_reply"}, {"index": 18, "attribution": 0.0015156868004883646, "content_attribution": -0.00037921439862142765, "stance_attribution": 0.001894901199109792, "tweet_id": 580321196744536064, "text": "@germanwings Die ist leider momentan nicht erreichbar.", "type": "direct_reply"}, {"index": 11, "attribution": 0.0009413820349822547, "content_attribution": 2.711472952490288e-05, "stance_attribution": 0.0009142673054573519, "tweet_id": 580322053477277696, "text": "@germanwings Website ist down. Infos am besten wohl direkt \u00fcber Twitter.", "type": "direct_reply"}, {"index": 12, "attribution": 0.0005103202390747312, "content_attribution": 5.312197513868661e-05, "stance_attribution": 0.00045719826393604465, "tweet_id": 580325311914643456, "text": "@germanwings Bitte Updates auch via Twitter. Ihre Website ist down. Herzlichen Dank und alles Gute!", "type": "direct_reply"}, {"index": 3, "attribution": 0.0005018748632676793, "content_attribution": 0.0006522579654993485, "stance_attribution": -0.0001503831022316691, "tweet_id": 580329934712901632, "text": "@JournalistinHH wie wahr!", "type": "lower_reply"}, {"index": 25, "attribution": 0.00030552264286692215, "content_attribution": 0.00017918026480039207, "stance_attribution": 0.00012634237806653009, "tweet_id": 580326504330059776, "text": "@germanwings Die leider dem Ansturm der entsetzen Aufrufe nicht gewachsen ist", "type": "direct_reply"}, {"index": 30, "attribution": 0.00030080840194810876, "content_attribution": -2.2557639931252965e-05, "stance_attribution": 0.0003233660418793618, "tweet_id": 580321388575240192, "text": "@germanwings Da ist der Server wohl schon in die Knie gezwungen worden. http://t.co/2ns1BcrG4v ist bei mir down.", "type": "direct_reply"}, {"index": 14, "attribution": 0.000209089823046438, "content_attribution": 0.0001609026765283373, "stance_attribution": 4.81871465181007e-05, "tweet_id": 580321758101696512, "text": "@germanwings Die ist schon down... Bitte Infos hier.", "type": "direct_reply"}, {"index": 27, "attribution": -0.00013457708235350797, "content_attribution": -0.000266930644792509, "stance_attribution": 0.0001323535624390011, "tweet_id": 580323915542712320, "text": "@germanwings Internetseite \u00fcberlastet.", "type": "direct_reply"}, {"index": 10, "attribution": -0.0002016162426294976, "content_attribution": 0.0049672277120251665, "stance_attribution": -0.005168843954654662, "tweet_id": 580325203357646850, "text": "@lacultura99 @arnehess komm mal runter. (war das jetzt auch deplatziert?)", "type": "lower_reply"}, {"index": 1, "attribution": -0.00022985481157758168, "content_attribution": -0.0002177049844606827, "stance_attribution": -1.2149827116898977e-05, "tweet_id": 580322745189310464, "text": "Die Website von @germanwings funktioniert bei mir nicht.", "type": "direct_reply"}, {"index": 9, "attribution": -0.0003720572296932786, "content_attribution": -0.0001955409050173703, "stance_attribution": -0.0001765163246759085, "tweet_id": 580326590372044801, "text": "@germanwings warum die aktuellen news nicht \u00fcber twitter? website scheint grad sehr \u00fcberlastet &amp; ich will aktuell keinen flug buchen. #daipx", "type": "direct_reply"}, {"index": 22, "attribution": -0.0015069027114022367, "content_attribution": 0.0011877189968453937, "stance_attribution": -0.0026946217082476306, "tweet_id": 580328459026722816, "text": "@emtiu was erwartest du so kurz nach einem Absturz? Spekulationen streuen? Warte gef\u00e4lligst ab bis sich was tut!", "type": "lower_reply"}, {"index": 23, "attribution": -0.002537226115838625, "content_attribution": 0.0003193435331645091, "stance_attribution": -0.0028565696490031357, "tweet_id": 580328267762298880, "text": "\u201c@germanwings: Wir verweisen in dieser Situation auf unsere st\u00e4ndig aktualisierte Internetseite http://t.co/8yUv7AxJni.\u201d @JRuizMz", "type": "direct_reply"}, {"index": 20, "attribution": -0.005554941193311473, "content_attribution": -0.0005621353524133574, "stance_attribution": -0.004992805840898116, "tweet_id": 580328342190190592, "text": "@mimimibe @germanwings dann sollte vielleicht die, die es nicht unmittelbar betrifft,die Seite durch ihre Zugriffe nicht belasten", "type": "lower_reply"}, {"index": 0, "attribution": -0.00564339145763101, "content_attribution": 0.003752551018834937, "stance_attribution": -0.009395942476465951, "tweet_id": 580321117526724608, "text": "Wir verweisen in dieser Situation auf unsere st\u00e4ndig aktualisierte Internetseite http://t.co/9Sbi1YYWbV.", "type": "source"}, {"index": 28, "attribution": -0.020435813048891194, "content_attribution": 0.0016843274833825627, "stance_attribution": -0.022120140532273763, "tweet_id": 580325053369323520, "text": "@arnehess @GillyBerlin @germanwings @1und1 vollkommen deplatziert diese Aussage in solch einer Situation", "type": "lower_reply"}]}