{"thread_id": "580322927679279105", "gold_label": 0, "predicted_label": 0, "tweet_attributions": [{"index": 0, "attribution": 0.4640473676531778, "content_attribution": 0.04883570180729986, "stance_attribution": 0.41521166584587793, "tweet_id": 580322927679279105, "text": "BREAKING: German air traffic control confirms to NBC NEws that a Germanwings flight has crashed in France. http://t.co/QbF4sKLTCX", "type": "source"}, {"index": 11, "attribution": 0.23511667754143084, "content_attribution": -0.007956307460724364, "stance_attribution": 0.2430729850021552, "tweet_id": 580326215552253952, "text": "BREAKING: French President Hollande says no survivors expected from plane crash. http://t.co/QbF4sKLTCX", "type": "direct_reply"}, {"index": 20, "attribution": 0.03877817148193121, "content_attribution": 0.005997521857147645, "stance_attribution": 0.03278064962478357, "tweet_id": 580329894418116608, "text": "\ud83d\ude22 \u201c@CNBCnow: BREAKING: French President Hollande says no survivors expected from plane crash. http://t.co/jNpl7Uq1dT\u201d", "type": "lower_reply"}, {"index": 5, "attribution": 0.03128611194373139, "content_attribution": -4.057613225095754e-05, "stance_attribution": 0.03132668807598235, "tweet_id": 580420693743009792, "text": "@CNBCnow Possible explanation? #incapacitated #aerotoxic http://t.co/lc8B2vIsx0", "type": "direct_reply"}, {"index": 2, "attribution": 0.031069308062224885, "content_attribution": -0.0022238813532594096, "stance_attribution": 0.033293189415484294, "tweet_id": 580333472549617664, "text": "France's Interior Ministry says debris located in Alpine jet crash at 2,000 meters altitude. http://t.co/QbF4sKLTCX", "type": "lower_reply"}, {"index": 8, "attribution": 0.012677371179529462, "content_attribution": 0.004482801485466327, "stance_attribution": 0.008194569694063134, "tweet_id": 580493675681173505, "text": "@CNBCnow  Prayers for all....", "type": "direct_reply"}, {"index": 10, "attribution": 0.006119711932513583, "content_attribution": 0.0006133238414493335, "stance_attribution": 0.00550638809106425, "tweet_id": 580337694531842049, "text": "airport 2015///@CNBCnow @CNBC", "type": "lower_reply"}, {"index": 15, "attribution": 0.004742950989533463, "content_attribution": 0.0018392817297857805, "stance_attribution": 0.002903669259747682, "tweet_id": 580504915560275970, "text": "@CNBCnow i think is all fan of Real Madrid  and Barcelona", "type": "direct_reply"}, {"index": 12, "attribution": 0.004599775044187095, "content_attribution": 0.0010313310679040564, "stance_attribution": 0.0035684439762830385, "tweet_id": 580711206706634752, "text": "@CNBCnow So sad for the 83 humans who dies there!!!\nBUT...who cares about that there are 67 UKRA-NAZI-SUPPORTING human-imitates left today??", "type": "direct_reply"}, {"index": 18, "attribution": 0.004115455511306365, "content_attribution": -0.00013435913210008756, "stance_attribution": 0.004249814643406452, "tweet_id": 580391340976041985, "text": "@cnbcnow ,it's very sad for acountry to experince such situation at this time,lets join hand together for prayers.", "type": "direct_reply"}, {"index": 16, "attribution": 0.0025204652084606224, "content_attribution": 0.000995218357666508, "stance_attribution": 0.0015252468507941145, "tweet_id": 580522272169070592, "text": "@CNBCnow Here we go again I knew this happy was 2 good 2 be true.", "type": "direct_reply"}, {"index": 6, "attribution": 0.0019014001807240583, "content_attribution": 0.003921087776550482, "stance_attribution": -0.002019687595826424, "tweet_id": 580790566012616704, "text": "@CNBCnow @Siestoylista MSM is portraying their lack of communications normal in emergency situation which is \"SO\" wrong...and curious", "type": "direct_reply"}, {"index": 19, "attribution": 0.000534792222323897, "content_attribution": 0.00251779407700428, "stance_attribution": -0.001983001854680383, "tweet_id": 580508379489128448, "text": "@CNBCnow @HaroldWNelson has anyone else noticed that these crashes always coincide with news the rw wants to distract the media/public from", "type": "direct_reply"}, {"index": 9, "attribution": -0.00030803144874583417, "content_attribution": 0.0009527070819511877, "stance_attribution": -0.0012607385306970214, "tweet_id": 580341898402877440, "text": "@CNBCnow @CNBC \nWhy is Joe Keenan such an asshole.\nHis knowledge is dangerously biased. Get him off the air...", "type": "direct_reply"}, {"index": 14, "attribution": -0.0016455763783111105, "content_attribution": 0.0004578758211389654, "stance_attribution": -0.002103452199450076, "tweet_id": 580436587017859072, "text": "@CNBCnow terible http://t.co/DqKqs3e7OQ", "type": "direct_reply"}, {"index": 4, "attribution": -0.0019290732800535555, "content_attribution": 0.0011489042620131422, "stance_attribution": -0.0030779775420666975, "tweet_id": 580426664729034752, "text": "@CNBCnow damn", "type": "direct_reply"}, {"index": 3, "attribution": -0.002618730836962478, "content_attribution": -0.015940228227835668, "stance_attribution": 0.013321497390873193, "tweet_id": 580336741158014977, "text": "@CNBCnow @CNBC sad when debris field is found", "type": "lower_reply"}, {"index": 7, "attribution": -0.004259203796011887, "content_attribution": -0.003478606134239997, "stance_attribution": -0.0007805976617718907, "tweet_id": 580484174857003008, "text": "@CNBCnow So sad. Such a tragedy. 2 babies and 16 high school students....:( God help and strengthen all the families", "type": "direct_reply"}, {"index": 17, "attribution": -0.012716035242978522, "content_attribution": -0.012788222600385559, "stance_attribution": 7.218735740703624e-05, "tweet_id": 580471717413429248, "text": "@CNBCnow tragic may they rest in peace and my condolences to there love ones.\ud83d\ude22@wrosarion", "type": "direct_reply"}, {"index": 13, "attribution": -0.029375739279280305, "content_attribution": -0.016277150163270637, "stance_attribution": -0.013098589116009668, "tweet_id": 580790762662715392, "text": "@dreamcatcher5 @CNBCnow  the next 60 second it's just a test! Tune in", "type": "lower_reply"}, {"index": 1, "attribution": -0.40041301660661155, "content_attribution": -0.010925059763918674, "stance_attribution": -0.38948795684269283, "tweet_id": 580790365663338496, "text": "@CNBCnow @Siestoylista As someone that worked in communications in the AF I assure everyone 8 minutes is long enough to issue Mayday, so wth", "type": "direct_reply"}]}