{"thread_id": "580321495987146752", "gold_label": 0, "predicted_label": 0, "tweet_attributions": [{"index": 0, "attribution": 0.22621504546412974, "content_attribution": -0.005105377772615842, "stance_attribution": 0.23132042323674556, "tweet_id": 580321495987146752, "text": "Ungl\u00fcck: Germanwings-Airbus st\u00fcrzt in S\u00fcdfrankreich ab http://t.co/MFgSg6v3En http://t.co/lvb0IdDmPs", "type": "source"}, {"index": 5, "attribution": 0.0687012670621918, "content_attribution": -0.004248568862570591, "stance_attribution": 0.0729498359247624, "tweet_id": 580351750177230849, "text": "Bundeskanzlerin Merkel hat ihre Termine abgesagt. F\u00fcr 14:30 Uhr ist eine Pressekonferenz angek\u00fcndigt. #Germanwings #4U9525", "type": "lower_reply"}, {"index": 23, "attribution": 0.04114950242869302, "content_attribution": -0.006030748777117316, "stance_attribution": 0.047180251205810333, "tweet_id": 580348214508961792, "text": "Eine Form, auf Twitter Trauer zu tragen: #Germanwings und #Lufthansa \u00e4ndern ihre Profilbilder. #4U9525 http://t.co/EZxF9GW0u9", "type": "lower_reply"}, {"index": 14, "attribution": 0.03373261182131505, "content_attribution": -0.008364094974992785, "stance_attribution": 0.04209670679630785, "tweet_id": 580333484234932224, "text": "Die Kollegen von @n24 haben einen Livestream eingerichtet: http://t.co/qNiavfMIMe #Germanwings #4U9525", "type": "lower_reply"}, {"index": 9, "attribution": 0.03033768237009621, "content_attribution": 0.01765730502184668, "stance_attribution": 0.012680377348249528, "tweet_id": 580343382431686656, "text": "Laut franz\u00f6sischen Medien best\u00e4tigt Alain Vidal, Staatssekret\u00e4r f\u00fcr Verkehr: \"Keine \u00dcberlebenden.\" #Germanwings #4U9525", "type": "lower_reply"}, {"index": 25, "attribution": 0.018749973363818014, "content_attribution": -0.00173880151298292, "stance_attribution": 0.020488774876800935, "tweet_id": 580328175135227904, "text": "An Bord der abgest\u00fcrzten Maschine befanden sich 142 Passagiere, zwei Piloten sowie vier Stewardessen und Stewards. #Germanwings #4U9525", "type": "direct_reply"}, {"index": 19, "attribution": 0.01632902930136915, "content_attribution": -0.00490105977260003, "stance_attribution": 0.02123008907396918, "tweet_id": 580337649015222272, "text": "Sprecher des frz. Innenministerium sagte @AP: Die Unfallstelle liegt auf 2000m H\u00f6he. #4U9525 #germanwings", "type": "lower_reply"}, {"index": 12, "attribution": 0.012517622430169004, "content_attribution": -0.006538565013074477, "stance_attribution": 0.019056187443243486, "tweet_id": 580336850486849536, "text": "#Steinmeier zu Absturz der #germanwings-Maschine: Schreckliche Nachricht. Krisenstab+Krisenhotline unter 030 5000 3000 eingerichtet. #4U9525", "type": "lower_reply"}, {"index": 24, "attribution": 0.012184988954876146, "content_attribution": -0.000684719060333982, "stance_attribution": 0.012869708015210125, "tweet_id": 580353264916500480, "text": "Das Statement von Au\u00dfenminister Steinmeier: http://t.co/vUntNTAD40 #Germanwings #4U9525", "type": "lower_reply"}, {"index": 6, "attribution": 0.00445799295203553, "content_attribution": -0.0032921421964363365, "stance_attribution": 0.007750135148471866, "tweet_id": 580335619236302848, "text": "Das Flugzeug war eines der ersten #A320. http://t.co/yKH9LDkf6f #germanwings #4U9525", "type": "lower_reply"}, {"index": 10, "attribution": 0.004085506167826724, "content_attribution": 4.748890377938861e-06, "stance_attribution": 0.004080757277448786, "tweet_id": 580331358934941696, "text": "@welt DUS hat alle Websites auf Dark Sites umgestellt.", "type": "lower_reply"}, {"index": 11, "attribution": 0.0030227609617885197, "content_attribution": 0.00019240984403067981, "stance_attribution": 0.0028303511177578404, "tweet_id": 580331206539132928, "text": "@welt darum besonders intelligent, darauf zu verlinken, und den Traffic noch zu erh\u00f6hen. @CarFreiTag", "type": "lower_reply"}, {"index": 7, "attribution": 0.0030134722362763332, "content_attribution": -0.0037669352235643718, "stance_attribution": 0.006780407459840702, "tweet_id": 580330305325789184, "text": "Hollande: Der Unfallort ist besonders schwer zug\u00e4nglich. #germanwings #4U9525", "type": "lower_reply"}, {"index": 22, "attribution": 0.0019468937984524642, "content_attribution": -3.4853887849526375e-05, "stance_attribution": 0.001981747686301991, "tweet_id": 580336107247824896, "text": "@welt DUS hat eine Hotline f\u00fcr Angeh\u00f6rige. http://t.co/KWAsXbqdSh", "type": "lower_reply"}, {"index": 18, "attribution": 0.0015278349866344391, "content_attribution": 0.0018231337116140758, "stance_attribution": -0.0002952987249796367, "tweet_id": 580331405701455873, "text": "@welt Ich glaube, dass dort und bei Germanwings zu viel Anfragen auf einmal eintreffen. Vielleicht sind die Websites \u00fcberlastet.", "type": "lower_reply"}, {"index": 13, "attribution": 0.0010910325462919002, "content_attribution": -0.0010458534570955448, "stance_attribution": 0.0021368860033874446, "tweet_id": 580351474716151808, "text": "@welt mein tiefes mitgefuehl an die angehoerigen der Opfer :-(   @jjngm http://t.co/cjVOnQ2Oq5", "type": "lower_reply"}, {"index": 1, "attribution": -0.0011084231661791424, "content_attribution": 0.0008584613013850695, "stance_attribution": -0.0019668844675642108, "tweet_id": 580355245865304064, "text": "@welt same incident as occurs on #LH1829 blocked AOA probes, computer Nose Down maneuver.pilots #4U9525 enough time/room to shut it down?", "type": "lower_reply"}, {"index": 16, "attribution": -0.0012600753526430426, "content_attribution": -0.006355564336339181, "stance_attribution": 0.005095488983696137, "tweet_id": 580328442132074496, "text": "Die @Germanwings-Website ist im Moment nicht mehr erreichbar.", "type": "lower_reply"}, {"index": 8, "attribution": -0.0019662724879861964, "content_attribution": -0.0023037452364781325, "stance_attribution": 0.00033747274849193636, "tweet_id": 580352552421605376, "text": "#Germanwings y #Lufthansa cambian fotos de perfil tras accidente #4U9525 v\u00eda @welt  http://t.co/vo5Ti0Mtid\u201d", "type": "lower_reply"}, {"index": 3, "attribution": -0.0037361050937088735, "content_attribution": -0.007395466246804401, "stance_attribution": 0.003659361153095528, "tweet_id": 580336313397862400, "text": ".@Lufthansa_DE-Sprecher: Dies ist ein schwarzer Tag.\n#germanwings ist die Tochterairline der #Lufthansa. #4U9525", "type": "lower_reply"}, {"index": 21, "attribution": -0.00634451529467951, "content_attribution": -0.0062216694526228454, "stance_attribution": -0.000122845842056664, "tweet_id": 580345303922044928, "text": "Die Unfallstelle sei f\u00fcr Bodenfahrzeuge unzug\u00e4nglich, vermeldet @AFP. #Germanwings #4U9525", "type": "lower_reply"}, {"index": 15, "attribution": -0.008340860661038113, "content_attribution": 0.002933332047352973, "stance_attribution": -0.011274192708391084, "tweet_id": 580354234404773888, "text": "Laut #dpa haben deutsche Beh\u00f6rden bisher KEINE Hinweise auf einen m\u00f6glichen terroristischen Anschlag. #Germanwings #4U9525", "type": "lower_reply"}, {"index": 2, "attribution": -0.0111986548003472, "content_attribution": 0.012809370448158774, "stance_attribution": -0.024008025248505982, "tweet_id": 580330645429338112, "text": "Die Webseite des D\u00fcsseldorfer Flughafens ist ebenfalls zur Zeit nicht erreichbar. http://t.co/QsjX98KdjB", "type": "lower_reply"}, {"index": 17, "attribution": -0.017334367271442483, "content_attribution": -0.012998022378829832, "stance_attribution": -0.004336344892612652, "tweet_id": 580329755205042177, "text": "Frankreichs Pr\u00e4sident Hollande spricht von mehreren deutschen Opfern. #germanwings", "type": "lower_reply"}, {"index": 20, "attribution": -0.02312106444025057, "content_attribution": -0.012224381446002188, "stance_attribution": -0.010896682994248378, "tweet_id": 580345698912243712, "text": "Jetzt gibt es auch auf Twitter eine offizielle Best\u00e4tigung von @germanwings: https://t.co/6n2ilSoXYz #Germanwings #4U9525", "type": "lower_reply"}, {"index": 4, "attribution": -0.19920859959717155, "content_attribution": -0.015739040239975303, "stance_attribution": -0.18346955935719622, "tweet_id": 580332116837318656, "text": ".@fhollande: \"Ich m\u00f6chte meine uneingeschr\u00e4nkte Solidarit\u00e4t mit den Familien der Opfer des Ungl\u00fccks ausdr\u00fccken.\" #Germanwings #4U9525", "type": "lower_reply"}]}