{"thread_id": "580348118736236544", "gold_label": 0, "predicted_label": 0, "tweet_attributions": [{"index": 0, "attribution": 0.16952461243235137, "content_attribution": 0.019146691165279214, "stance_attribution": 0.15037792126707217, "tweet_id": 580348118736236544, "text": "Es handelt sich um ein Flugzeug vom Typ A320. An Bord waren 144 Passagiere und 6 Crew-Mitglieder. Lufthansa und Germanwings ...2/4", "type": "source"}, {"index": 1, "attribution": 0.06906455079162563, "content_attribution": 0.00199576980363368, "stance_attribution": 0.06706878098799195, "tweet_id": 580350307525251072, "text": "\u201c@Lufthansa_DE: Es handelt sich um ein Flugzeug vom Typ A320. An Bord waren 144 Passagiere und 6 Crew-Mitglieder. Lufthansa und Germanwings\"", "type": "direct_reply"}, {"index": 2, "attribution": -0.012698775274268662, "content_attribution": -0.012893200295727074, "stance_attribution": 0.00019442502145841645, "tweet_id": 580349226984542210, "text": "@Lufthansa_DE R.I.P. an alle Passagiere und Crew-Mitglieder...", "type": "direct_reply"}]}