{"thread_id": "580321268957884416", "gold_label": 0, "predicted_label": 0, "tweet_attributions": [{"index": 0, "attribution": 0.1367878641065957, "content_attribution": -0.01835895147307934, "stance_attribution": 0.15514681557967505, "tweet_id": 580321268957884416, "text": "EIL +++ Airbus von Germanwings auf der Strecke von Barcelona nach D\u00fcsseldorf abgest\u00fcrzt. Mehr als 140 Menschen an Bord. Mehr @welt + @N24", "type": "source"}, {"index": 4, "attribution": 0.042157593165036054, "content_attribution": 0.0054431073738462, "stance_attribution": 0.03671448579118985, "tweet_id": 580370222479200257, "text": "@jep_ @welt @N24 Pardon! Was ist genau passiert? Lieber guter Gott sei bei den  Angeh\u00f6rigen!", "type": "direct_reply"}, {"index": 2, "attribution": 0.006425747311062904, "content_attribution": 0.002215385840028915, "stance_attribution": 0.004210361471033989, "tweet_id": 580322385158619136, "text": "@jep_ @N24 @welt wann wird es von L\u00fcgenpresse dem Putin in die Schuld geschoben?", "type": "direct_reply"}, {"index": 6, "attribution": 0.0039811982667243406, "content_attribution": 0.0034027574749091577, "stance_attribution": 0.0005784407918151832, "tweet_id": 580326452731596800, "text": "@jep_ @NickHeidfeld @welt @N24 http://t.co/tGECQrhXvs", "type": "direct_reply"}, {"index": 1, "attribution": -0.0061477245772723595, "content_attribution": -0.005985432350140513, "stance_attribution": -0.0001622922271318477, "tweet_id": 580376730080272384, "text": "@jep_ @Fresse_Presse @welt @N24 vereiste Sonden wie schon \u00f6fter bei Airbus?", "type": "direct_reply"}, {"index": 3, "attribution": -0.009555030600456128, "content_attribution": 0.008719268340570917, "stance_attribution": -0.018274298941027053, "tweet_id": 580323428688883712, "text": "@jep_ @welt @N24 148 nicht 140", "type": "direct_reply"}, {"index": 5, "attribution": -0.012477520735632224, "content_attribution": -0.016166617752813365, "stance_attribution": 0.0036890970171811425, "tweet_id": 580368800576569344, "text": "@jep_ @welt @N24 Ich bin schockiert! Was war die Uhrsache?", "type": "direct_reply"}]}