{"thread_id": "580329455173967872", "gold_label": 1, "predicted_label": 0, "tweet_attributions": [{"index": 0, "attribution": 0.2538043805047027, "content_attribution": 0.02142334145652837, "stance_attribution": 0.23238103904817442, "tweet_id": 580329455173967872, "text": "Pilots of crashed Germanwings flight declared emergency at 10:47 a.m. as plane fell rapidly. http://t.co/9YonrFRes3", "type": "source"}, {"index": 2, "attribution": 0.025238389016225105, "content_attribution": 0.0015494474042919652, "stance_attribution": 0.02368894161193314, "tweet_id": 582126372744724480, "text": "Hey @magiorNYT where in this article does it say anything about the pilot declaring an emergency like you say in your tweet? Cc @Sulliview", "type": "direct_reply"}, {"index": 1, "attribution": 0.01588493251739927, "content_attribution": -0.008432568433195745, "stance_attribution": 0.02431750095059501, "tweet_id": 582126659802963968, "text": "Is @magiorNYT even an employee of @nyt? \nPlease answer @Sulliview.", "type": "direct_reply"}]}