{"thread_id": "580320612155060224", "gold_label": 2, "predicted_label": 1, "tweet_attributions": [{"index": 9, "attribution": 0.38459841659855243, "content_attribution": 0.0002424766059306504, "stance_attribution": 0.3843559399926218, "tweet_id": 580797356964253696, "text": "@JamesF85 @Danny_McMoomins The pilots could have been unconscious from hypoxia. Airbus jets do have a tendency to have windscreens crack.", "type": "lower_reply"}, {"index": 22, "attribution": 0.233204568273781, "content_attribution": 0.0032411254852343133, "stance_attribution": 0.2299634427885467, "tweet_id": 580788341496537089, "text": "@AlexSpeer98 @JamesF85 @flightradar24 Grow up, mate.", "type": "lower_reply"}, {"index": 7, "attribution": 0.16957025924790325, "content_attribution": 0.0009212240617180252, "stance_attribution": 0.16864903518618524, "tweet_id": 580788143923818496, "text": "@Danny_McMoomins @JamesF85 @flightradar24 The captain had 10 yrs 6000 hours with Germanwings &amp; Lufthansa, which is extremely experienced 2/2", "type": "lower_reply"}, {"index": 55, "attribution": 0.1567772054821735, "content_attribution": 0.0002510519566160984, "stance_attribution": 0.15652615352555738, "tweet_id": 581103882010550272, "text": "@AlexSpeer98 @Danny_McMoomins @JamesF85 please read the report from the voice recorder before digging yourself into a grave", "type": "lower_reply"}, {"index": 19, "attribution": 0.14618164091317026, "content_attribution": 0.0002630292664327038, "stance_attribution": 0.14591861164673756, "tweet_id": 580796024328974336, "text": "@AlexSpeer98 @Danny_McMoomins @flightradar24 But the FACTS are that he did shove it into a mountain.", "type": "lower_reply"}, {"index": 70, "attribution": 0.12809788128548139, "content_attribution": 0.006116935652997177, "stance_attribution": 0.12198094563248421, "tweet_id": 580792540758208512, "text": "@Danny_McMoomins @JamesF85 @flightradar24 Maybe you should. At leaat I have respect for the victims...", "type": "lower_reply"}, {"index": 74, "attribution": 0.1189444849123846, "content_attribution": 6.886125047735021e-05, "stance_attribution": 0.11887562366190724, "tweet_id": 581101293936250880, "text": "@AlexSpeer98 @Danny_McMoomins Told you it was a shithouse job.", "type": "lower_reply"}, {"index": 1, "attribution": 0.108703367170924, "content_attribution": -0.0001630339871685521, "stance_attribution": 0.10886640115809255, "tweet_id": 580320825607385089, "text": "@flightradar24 D-AIPX dropped considerable altitude in the 20 mins prior to losing signal.", "type": "direct_reply"}, {"index": 8, "attribution": 0.0831401266199811, "content_attribution": 0.007612749725714685, "stance_attribution": 0.0755273768942664, "tweet_id": 580323189592616960, "text": "@Danny_McMoomins @flightradar24 Pilot has binned it up the side of a mountain because he's ISIS.", "type": "lower_reply"}, {"index": 72, "attribution": 0.07997793019833953, "content_attribution": 0.006957949182592928, "stance_attribution": 0.07301998101574661, "tweet_id": 580321581462892544, "text": "@flightradar24 Descending to 6800ft and suddenly gone....Isn't this the serial that suffered from 'cracked windows'?", "type": "direct_reply"}, {"index": 52, "attribution": 0.07288435207067587, "content_attribution": 0.01866914013003903, "stance_attribution": 0.05421521194063683, "tweet_id": 580505337402421248, "text": "@JamesF85 @Danny_McMoomins @flightradar24 Seriously? This was an experienced pilot who also lost his life! you really have no shame! -_-", "type": "lower_reply"}, {"index": 26, "attribution": 0.06780822302426558, "content_attribution": 0.0007691852747635661, "stance_attribution": 0.06703903774950201, "tweet_id": 580322733294272512, "text": "@TakkieWeer2 @flightradar24 More likely that at this altitude the plane hit a mountain which go up to 10000 feet and more and this area.", "type": "lower_reply"}, {"index": 48, "attribution": 0.0508315441875954, "content_attribution": 0.014966028472794242, "stance_attribution": 0.035865515714801156, "tweet_id": 580606065349419008, "text": "@AlexSpeer98 @JamesF85 @flightradar24 obviously not that experienced.", "type": "lower_reply"}, {"index": 15, "attribution": 0.039903313341661195, "content_attribution": 0.029519574724862052, "stance_attribution": 0.010383738616799148, "tweet_id": 581106500254433280, "text": "@Baba_Jas You thought. And that is your problem.", "type": "lower_reply"}, {"index": 6, "attribution": 0.03619713970121062, "content_attribution": 0.0002861724498622185, "stance_attribution": 0.035910967251348395, "tweet_id": 580332015423225856, "text": "@drl @flightradar24 The last 10 minutes.", "type": "lower_reply"}, {"index": 69, "attribution": 0.0326999290085729, "content_attribution": 0.003678310534694732, "stance_attribution": 0.029021618473878165, "tweet_id": 580322822691651584, "text": "@JamesF85 @flightradar24 carked it in the mountains. Hairy.", "type": "lower_reply"}, {"index": 25, "attribution": 0.027427268028253706, "content_attribution": 0.0021682510029141285, "stance_attribution": 0.02525901702533958, "tweet_id": 581104172675788801, "text": "@Baba_Jas @AlexSpeer98 @Danny_McMoomins The report says the co pilot was an \"ISIS sympathiser and shithouse\".", "type": "lower_reply"}, {"index": 64, "attribution": 0.021705469279207208, "content_attribution": -3.71137264048258e-05, "stance_attribution": 0.02174258300561203, "tweet_id": 581101427755511810, "text": "@JamesF85 @AlexSpeer98 hahahaha!", "type": "lower_reply"}, {"index": 45, "attribution": 0.018503500756093066, "content_attribution": 0.016972224087337597, "stance_attribution": 0.0015312766687554649, "tweet_id": 581107050656239617, "text": "@JamesF85 no that is your problem. My problem is shithousery existing.", "type": "lower_reply"}, {"index": 20, "attribution": 0.01796249353020725, "content_attribution": 0.00020861176432014763, "stance_attribution": 0.017753881765887103, "tweet_id": 580323201319833600, "text": "@Tendar @flightradar24 Check, but there must a reason wich created an emergency. I've seen several A320 with cracked windshields in the past", "type": "lower_reply"}, {"index": 31, "attribution": 0.009167710524239247, "content_attribution": 0.0009444336301940178, "stance_attribution": 0.008223276894045228, "tweet_id": 580322103460798464, "text": "\u201c@flightradar24: Last position of Germanwings flight #4U9525 at 09:40 UTC\nhttp://t.co/3KLt9L5fx8 http://t.co/dX8wV70Os5\u201d @Danny_McMoomins", "type": "direct_reply"}, {"index": 56, "attribution": 0.00835151671419897, "content_attribution": 0.004664851660701738, "stance_attribution": 0.003686665053497233, "tweet_id": 581106176756183041, "text": "@JamesF85 @AlexSpeer98 @Danny_McMoomins thought after 9/11 crash axes werent allowed anymore", "type": "lower_reply"}, {"index": 16, "attribution": 0.008007589537920627, "content_attribution": 0.00254516256080721, "stance_attribution": 0.005462426977113417, "tweet_id": 580795453438107649, "text": "@Danny_McMoomins @JamesF85 @flightradar24 How do I not? I'm not the one who's accusing him of shoving his jet in the mountain...", "type": "lower_reply"}, {"index": 43, "attribution": 0.006974620566334526, "content_attribution": 0.00029988720440570106, "stance_attribution": 0.006674733361928825, "tweet_id": 581102758356455425, "text": "@AdrianoVBastos @AlexSpeer98 @Danny_McMoomins @flightradar24 that's a crash in a mountain. \nhttp://t.co/ZhPx0S3kvX http://t.co/pVFtRWc4i3", "type": "lower_reply"}, {"index": 24, "attribution": 0.006658672397012886, "content_attribution": 9.926024824747907e-05, "stance_attribution": 0.006559412148765407, "tweet_id": 580324490447622145, "text": "@drl @flightradar24 was about to say that... 6,800 feet above Alps..", "type": "lower_reply"}, {"index": 39, "attribution": 0.005604032569435032, "content_attribution": 0.0005435406449688, "stance_attribution": 0.005060491924466232, "tweet_id": 581103908891820033, "text": "@JamesF85 @AdrianoVBastos @AlexSpeer98 @Danny_McMoomins @flightradar24 everyone knows it was an inside job.", "type": "lower_reply"}, {"index": 60, "attribution": 0.004392127375683785, "content_attribution": 0.00012011505229048543, "stance_attribution": 0.004272012323393299, "tweet_id": 580793935741771776, "text": "@AlexSpeer98 @Danny_McMoomins @flightradar24 Mate. You're a plane spotter. Have you ever kissed a girl?", "type": "lower_reply"}, {"index": 46, "attribution": 0.0035869062371839565, "content_attribution": 0.0009490855720845295, "stance_attribution": 0.002637820665099427, "tweet_id": 580787851429875714, "text": "@Danny_McMoomins @JamesF85 @flightradar24 How do you know? It may have been that the windscreen craccked causign hypoxia. (1/2)", "type": "lower_reply"}, {"index": 27, "attribution": 0.003359671285933277, "content_attribution": 1.4307212100999164e-05, "stance_attribution": 0.003345364073832278, "tweet_id": 580799717719875585, "text": "@AlexSpeer98 @Danny_McMoomins Tell me more whilst I put this carrier bag over my head.", "type": "lower_reply"}, {"index": 11, "attribution": 0.003288145470367156, "content_attribution": 0.0019901733413143254, "stance_attribution": 0.001297972129052831, "tweet_id": 581105304986873857, "text": "@JamesF85 @AlexSpeer98 @Danny_McMoomins those exact words. I read the report", "type": "lower_reply"}, {"index": 66, "attribution": 0.0032862160702218897, "content_attribution": 0.003034762044020101, "stance_attribution": 0.0002514540262017881, "tweet_id": 581105630422949888, "text": "@Baba_Jas @AlexSpeer98 @Danny_McMoomins Where was the pilot? How come he didn't use the crash axe and go all Ken Bigley on the co-pilot?", "type": "lower_reply"}, {"index": 76, "attribution": 0.002952886893006668, "content_attribution": 0.0010220815836042329, "stance_attribution": 0.0019308053094024352, "tweet_id": 580320698901643264, "text": "\u201c@flightradar24: Last position of Germanwings flight #4U9525 at 09:40 UTC\nhttp://t.co/BEml4hghRs http://t.co/VRBpiRDsZB\u201d\n\nNot good :(", "type": "direct_reply"}, {"index": 3, "attribution": 0.0025076278799736245, "content_attribution": 0.0015456847869806394, "stance_attribution": 0.0009619430929929849, "tweet_id": 580619539525844992, "text": "@Danny_McMoomins @AlexSpeer98 @flightradar24 his next flight is up to heaven.", "type": "lower_reply"}, {"index": 2, "attribution": 0.0014048789390580009, "content_attribution": 0.00012346317603828798, "stance_attribution": 0.0012814157630197131, "tweet_id": 580321451716288514, "text": "@flightradar24 @raphaelcockx  blijkbaar een traag aan het dalen?", "type": "direct_reply"}, {"index": 29, "attribution": 0.0012588868281746338, "content_attribution": 0.00025413229736594525, "stance_attribution": 0.0010047545308086887, "tweet_id": 580328163009523712, "text": "@drl @flightradar24 why would it go at 10,000 in the Alps??", "type": "lower_reply"}, {"index": 35, "attribution": 0.0011424846004713248, "content_attribution": 0.00017207778449111947, "stance_attribution": 0.0009704068159802054, "tweet_id": 580327104551747584, "text": "@JackDarton1 @flightradar24 line 30 is interesting - 14,144 ??", "type": "lower_reply"}, {"index": 28, "attribution": 0.0010448391587960506, "content_attribution": 0.0009072055212174758, "stance_attribution": 0.00013763363757857497, "tweet_id": 580323150287794177, "text": "@flightradar24 What was the Squawk?", "type": "direct_reply"}, {"index": 51, "attribution": 0.0008999279185561909, "content_attribution": 0.0008335673844125053, "stance_attribution": 6.636053414368547e-05, "tweet_id": 580796693077209088, "text": "@Danny_McMoomins @JamesF85 @flightradar24 Wha???", "type": "lower_reply"}, {"index": 4, "attribution": 0.0008838591809638828, "content_attribution": 0.0006741311510215617, "stance_attribution": 0.00020972802994232082, "tweet_id": 580321568737366017, "text": "@MatthDardenne Ja, zit nu te kijken op de replay en je ziet hem inderdaad al een pak op voorhand dalen: http://t.co/ao11Mi407t", "type": "lower_reply"}, {"index": 12, "attribution": 0.0007704438899168437, "content_attribution": 0.00012809985076741497, "stance_attribution": 0.0006423440391494289, "tweet_id": 581133892687626240, "text": "@JamesF85 @AlexSpeer98 @Danny_McMoomins ahahhahaha", "type": "lower_reply"}, {"index": 10, "attribution": 0.0005621995196446076, "content_attribution": 0.0003451591626061572, "stance_attribution": 0.0002170403570384504, "tweet_id": 581104613560066049, "text": "@Steeeks @JamesF85 @AlexSpeer98 @Danny_McMoomins @flightradar24 ?", "type": "lower_reply"}, {"index": 18, "attribution": 0.00045815275315475495, "content_attribution": 0.0005325403061411706, "stance_attribution": -7.438755298641579e-05, "tweet_id": 580363890816602112, "text": "@alex__anderson @flightradar24   Muito estranha essa altera\u00e7\u00e3o da rota. Seria falha dos instrumentos?", "type": "lower_reply"}, {"index": 61, "attribution": 0.00035123054198747975, "content_attribution": 0.00035883731437655764, "stance_attribution": -7.606772389077938e-06, "tweet_id": 580327310454362112, "text": "@drl @flightradar24 but no altitude change\u2026 that is very weird", "type": "lower_reply"}, {"index": 73, "attribution": 0.0003305897896212863, "content_attribution": 0.0003318318385532031, "stance_attribution": -1.2420489319168347e-06, "tweet_id": 581104581268103171, "text": "@JamesF85 @AlexSpeer98 @Danny_McMoomins @flightradar24 My god!", "type": "lower_reply"}, {"index": 44, "attribution": 0.0002876547449708, "content_attribution": 0.00017785217756394035, "stance_attribution": 0.00010980256740685963, "tweet_id": 581106553207521280, "text": "@AdrianoVBastos @JamesF85 @AlexSpeer98 @Danny_McMoomins @flightradar24 the Germans will blame us. Putin will order them over the channel ffs", "type": "lower_reply"}, {"index": 47, "attribution": 0.00018425230336763286, "content_attribution": -0.00023869323196391327, "stance_attribution": 0.0004229455353315459, "tweet_id": 580323082663006208, "text": "@Matthiasgalante @Ideo_logiq @flightradar24 l'avion aurait d\u00e9croch\u00e9 \u00e0 mi parcours ?", "type": "lower_reply"}, {"index": 49, "attribution": 0.0001584896062980513, "content_attribution": -0.00019347499315960782, "stance_attribution": 0.00035196459945765904, "tweet_id": 580795118011191296, "text": "@JamesF85 @Danny_McMoomins Yeah Im an Aviation Enthusiast &amp;have flying hours myself. And no I havent kissed a girl, I've kissed a guy tho...", "type": "lower_reply"}, {"index": 68, "attribution": 2.895288303505397e-05, "content_attribution": -7.64031683563602e-06, "stance_attribution": 3.659319987069e-05, "tweet_id": 580322862659145728, "text": ":( \u201c@flightradar24: Last position of Germanwings flight #4U9525 at 09:40 UTC\nhttp://t.co/yxkPCc2TFg http://t.co/x34UkF3tY0\u201d", "type": "direct_reply"}, {"index": 41, "attribution": 1.7917134997110775e-05, "content_attribution": 3.267219786516678e-05, "stance_attribution": -1.4755062868056013e-05, "tweet_id": 580325441875124224, "text": "@Tendar @MeteomanTB @flightradar24 http://t.co/D4vsmb57Bz", "type": "lower_reply"}, {"index": 58, "attribution": 1.2935162281270952e-06, "content_attribution": 2.062551438028599e-05, "stance_attribution": -1.9331998152158896e-05, "tweet_id": 580325694883930112, "text": "@Tendar @MeteomanTB @flightradar24 http://t.co/mumlWdvEGO", "type": "lower_reply"}, {"index": 13, "attribution": -1.2697853469961686e-05, "content_attribution": 5.3311826318317026e-05, "stance_attribution": -6.600967978827874e-05, "tweet_id": 580323738434035712, "text": "@TakkieWeer2 @Tendar @flightradar24 very strange", "type": "lower_reply"}, {"index": 32, "attribution": -6.58326162111777e-05, "content_attribution": -0.0003852605769046212, "stance_attribution": 0.0003194279606934435, "tweet_id": 580322259556003840, "text": "@ande871 @flightradar24 i know! Terrible :(", "type": "lower_reply"}, {"index": 67, "attribution": -9.378075694286376e-05, "content_attribution": 2.6887981753302086e-05, "stance_attribution": -0.00012066873869616586, "tweet_id": 580340980076843008, "text": "@daxlucas @flightradar24 I think 5K feet is the tip of the alps already?", "type": "lower_reply"}, {"index": 63, "attribution": -0.00010041441722774861, "content_attribution": -0.00014876801884982808, "stance_attribution": 4.835360162207952e-05, "tweet_id": 581102699493588993, "text": "@AlexSpeer98 @Danny_McMoomins @JamesF85 I got a bad bout of hypoxia once but it didnt makeme crash a plane into a mountain", "type": "lower_reply"}, {"index": 33, "attribution": -0.00014213666066409435, "content_attribution": -0.0001363500890450273, "stance_attribution": -5.78657161906707e-06, "tweet_id": 581102064983515137, "text": "@JamesF85 @AlexSpeer98 @Danny_McMoomins @flightradar24 \"FACTS\"? Show me!", "type": "lower_reply"}, {"index": 5, "attribution": -0.00020957180534551033, "content_attribution": -3.300588242742352e-06, "stance_attribution": -0.00020627121710276795, "tweet_id": 580322777007190016, "text": ".\u201c@flightradar24: Last position of Germanwings flight #4U9525 at 09:40 UTC\nhttp://t.co/vbT4qabqD4 http://t.co/4wdeU1wCf7\u201d", "type": "direct_reply"}, {"index": 54, "attribution": -0.0002407531298366864, "content_attribution": 1.0949508302073304e-05, "stance_attribution": -0.00025170263813875963, "tweet_id": 580320966921818112, "text": "@flightradar24 http://t.co/izXlp7gMUy", "type": "direct_reply"}, {"index": 75, "attribution": -0.00024314337094571422, "content_attribution": -9.458738719990745e-06, "stance_attribution": -0.00023368463222572344, "tweet_id": 580331410801713152, "text": "@Tendar @MeteomanTB @flightradar24 http://t.co/T2rxHF7zQo", "type": "lower_reply"}, {"index": 14, "attribution": -0.000365168051458108, "content_attribution": 2.9409188205474523e-05, "stance_attribution": -0.00039457723966358256, "tweet_id": 580322184192724992, "text": "SPM: @flightradar24: Last position of Germanwings flight #4U9525 at 09:40 UTC\nhttp://t.co/svDeMf93aG http://t.co/N3V0UfXDkG\u201d", "type": "direct_reply"}, {"index": 17, "attribution": -0.00043979024667370416, "content_attribution": 0.00015579602686716643, "stance_attribution": -0.0005955862735408705, "tweet_id": 580343811223785473, "text": "@bjw170695 Don`t know. They said decent rate would be like a normal decetn for landing. my Point of view: don`t think so. pretty fast decend", "type": "lower_reply"}, {"index": 62, "attribution": -0.0005509254690899284, "content_attribution": -8.237030391111403e-06, "stance_attribution": -0.000542688438698817, "tweet_id": 580796135725486080, "text": "@Danny_McMoomins @AlexSpeer98 @flightradar24 CASE CLOSED!", "type": "lower_reply"}, {"index": 30, "attribution": -0.0008636122357724413, "content_attribution": -3.5621014701412955e-05, "stance_attribution": -0.0008279912210710284, "tweet_id": 580928382189207552, "text": "@DennisBorrh i think you're right.", "type": "lower_reply"}, {"index": 0, "attribution": -0.0009995302169341228, "content_attribution": 0.0006352404781892972, "stance_attribution": -0.0016347706951234237, "tweet_id": 580320612155060224, "text": "Last position of Germanwings flight #4U9525 at 09:40 UTC\nhttp://t.co/FHoX6q0GHt http://t.co/72pxGKolRM", "type": "source"}, {"index": 23, "attribution": -0.0017247201262414011, "content_attribution": 0.00021222529365524627, "stance_attribution": -0.0019369454198966472, "tweet_id": 580325387433078785, "text": "@drl @flightradar24 look at its decent rate at the top... It's final steps http://t.co/AVdswaoorP", "type": "lower_reply"}, {"index": 21, "attribution": -0.0026853881379667044, "content_attribution": 0.00043165368538722543, "stance_attribution": -0.00311704182335393, "tweet_id": 580712441895657473, "text": "@daxlucas @flightradar24 6800ft are also the surrd'g mountains. So, the radar contact interrupted at this height. The Crash site is lower.", "type": "lower_reply"}, {"index": 50, "attribution": -0.0028804041174302552, "content_attribution": 0.0007690056940608806, "stance_attribution": -0.003649409811491136, "tweet_id": 580796002866724864, "text": "@AlexSpeer98 @JamesF85 @flightradar24 IS THAT GAYCODE?", "type": "lower_reply"}, {"index": 34, "attribution": -0.0031876178827082687, "content_attribution": 0.00017305220063029285, "stance_attribution": -0.0033606700833385614, "tweet_id": 580322243135311872, "text": "@flightradar24 Is the red dotted line the route it should've taken?", "type": "direct_reply"}, {"index": 42, "attribution": -0.0037600848117033403, "content_attribution": -0.00033071628501072845, "stance_attribution": -0.0034293685266926113, "tweet_id": 580322092077477888, "text": "@alex__anderson @flightradar24 Geeeez. Look at that Vertical Speed!\n:(", "type": "lower_reply"}, {"index": 65, "attribution": -0.003948456156532126, "content_attribution": 0.00018197870265166454, "stance_attribution": -0.0041304348591837915, "tweet_id": 580323488940048385, "text": "@MeteomanTB @Tendar @flightradar24 totall madness on board?", "type": "lower_reply"}, {"index": 71, "attribution": -0.004567017111268715, "content_attribution": 9.039209456266108e-05, "stance_attribution": -0.004657409205831376, "tweet_id": 580323894852214784, "text": "@TakkieWeer2 @MeteomanTB @flightradar24 Could be a glitch, but look at the path colour. Whatever happened it started long before..", "type": "lower_reply"}, {"index": 57, "attribution": -0.005422004308398584, "content_attribution": 9.555560901598273e-05, "stance_attribution": -0.005517559917414566, "tweet_id": 580788175959920642, "text": "@bjw170695 @ande871 1800ft/min is the minimum unpowered rate (ie optimal glide path with engines off).", "type": "lower_reply"}, {"index": 40, "attribution": -0.005769376649133134, "content_attribution": 0.00028308334885575597, "stance_attribution": -0.00605245999798889, "tweet_id": 580325268583276544, "text": "@JackDarton1 @flightradar24 looks like it was having issues long before it lost signal.", "type": "lower_reply"}, {"index": 38, "attribution": -0.0070570859373596615, "content_attribution": 0.00021326797134883373, "stance_attribution": -0.007270353908708495, "tweet_id": 580323294538272768, "text": "@Tendar @TakkieWeer2 @flightradar24 vertical speed 4000'/min ??", "type": "lower_reply"}, {"index": 59, "attribution": -0.007703162718481933, "content_attribution": 0.0038684705794882267, "stance_attribution": -0.011571633297970159, "tweet_id": 580794275245502466, "text": "@AlexSpeer98 @JamesF85 @flightradar24 you clearly don't. Disgusting.", "type": "lower_reply"}, {"index": 53, "attribution": -0.008702153859219162, "content_attribution": -0.0009772253015705396, "stance_attribution": -0.007724928557648621, "tweet_id": 580321991816814592, "text": "Derni\u00e8re position de l'A320 via @flightradar24 #4U9525 at 09:40 UTC\nhttp://t.co/YauLkAsHtJ http://t.co/3Z90kMLnS0\u201d", "type": "direct_reply"}, {"index": 36, "attribution": -0.012844854319839992, "content_attribution": 9.564881342059289e-06, "stance_attribution": -0.012854419201182053, "tweet_id": 580343224746700801, "text": "@ande871 I worked it out at a minimum of 3100ft/min. I think an A320's maximum decent rate is 1800ft/min.", "type": "lower_reply"}, {"index": 37, "attribution": -0.024325242374311187, "content_attribution": 0.0007625500761194935, "stance_attribution": -0.025087792450430677, "tweet_id": 580321233574584321, "text": "6800 ft is low for the Alps, yes? \u2014 @flightradar24 Last position of Germanwings flight #4U9525\nhttp://t.co/lFIjgfEc3o http://t.co/BhEk7Avw1k", "type": "direct_reply"}]}