{"thread_id": "580697361799876608", "gold_label": 1, "predicted_label": 0, "tweet_attributions": [{"index": 0, "attribution": 0.4822402221303633, "content_attribution": 0.012598395312082011, "stance_attribution": 0.46964182681828137, "tweet_id": 580697361799876608, "text": "BREAKING: Germanwings CEO: Plane victims included 72 German citizens, 35 Spaniards, 2 Americans.", "type": "source"}, {"index": 8, "attribution": 0.06218390802292139, "content_attribution": 0.0003746758470413586, "stance_attribution": 0.06180923217588003, "tweet_id": 580699224720875520, "text": "@AP @FAANews @AirportKRAL Automated/GPS directed ground control would have aided in the Air China disaster", "type": "lower_reply"}, {"index": 18, "attribution": 0.05855070597064156, "content_attribution": -0.0005064591468170152, "stance_attribution": 0.05905716511745856, "tweet_id": 580698288845783041, "text": "@AP Were no British nationalities on board as previously stated?", "type": "direct_reply"}, {"index": 15, "attribution": 0.023487567223597527, "content_attribution": 0.0005083093794326041, "stance_attribution": 0.022979257844164925, "tweet_id": 580698174790176768, "text": "RT \u201c@AP: BREAKING: Germanwings CEO: Plane victims included 72 German citizens, 35 Spaniards, 2 Americans.\u201d", "type": "direct_reply"}, {"index": 17, "attribution": 0.01318831476329536, "content_attribution": -0.00013088398308705354, "stance_attribution": 0.013319198746382415, "tweet_id": 580698694099451904, "text": "@AP @FAANews @AirportKRAL An automated sys should be installed that takes command of the acft if it goes off course for x amount of time", "type": "direct_reply"}, {"index": 19, "attribution": 0.00566871625558198, "content_attribution": 0.008636818214947517, "stance_attribution": -0.002968101959365537, "tweet_id": 580701244957802496, "text": "@AP plus 1 Turkish citizen..", "type": "direct_reply"}, {"index": 11, "attribution": 0.005068926842873243, "content_attribution": -0.00011021738610082288, "stance_attribution": 0.0051791442289740655, "tweet_id": 580698278175502336, "text": "BREAKING: Germanwings CEO: Plane victims included 72 German citizens, 35 Spaniards, 2 Americans. | @AP", "type": "direct_reply"}, {"index": 1, "attribution": 0.0028351800415497763, "content_attribution": 0.0033451811003837486, "stance_attribution": -0.0005100010588339721, "tweet_id": 580697739777953792, "text": "Updated numbers @AP: BREAKING: #Germanwings CEO: Plane victims included 72 German citizens, 35 Spaniards, 2 Americans.", "type": "direct_reply"}, {"index": 12, "attribution": 0.0019285783312968676, "content_attribution": -0.006412541455571892, "stance_attribution": 0.008341119786868759, "tweet_id": 580698232503672832, "text": "@AP @FAANews @AirportKRAL The Airbus needs to be grounded or made to fly under 15,000 until the oxygen system &amp; bleed air is investigated", "type": "direct_reply"}, {"index": 13, "attribution": 0.00014400677577512154, "content_attribution": 0.0005113782866878315, "stance_attribution": -0.00036737151091271, "tweet_id": 580698071312400384, "text": "\u201c@AP: BREAKING: Germanwings CEO: Plane victims included 72 German citizens, 35 Spaniards, 2 Americans.\u201d", "type": "direct_reply"}, {"index": 5, "attribution": 0.00011521396566218855, "content_attribution": 0.0004392440513827068, "stance_attribution": -0.00032403008572051825, "tweet_id": 580697644227518464, "text": "\u201c@AP: BREAKING: Germanwings CEO: Plane victims included 72 German citizens, 35 Spaniards, 2 Americans.\u201d", "type": "direct_reply"}, {"index": 2, "attribution": 0.00011335946455811994, "content_attribution": -0.00022064744819297815, "stance_attribution": 0.0003340069127510979, "tweet_id": 580699223055839232, "text": "RT \"@AP BREAKING: Germanwings CEO: Plane victims included 72 German citizens, 35 Spaniards, 2 Americans.\"", "type": "direct_reply"}, {"index": 3, "attribution": 4.439443446461463e-05, "content_attribution": 0.0004457433867625069, "stance_attribution": -0.0004013489522978921, "tweet_id": 580697798976385024, "text": "\u201c@AP: BREAKING: Germanwings CEO: Plane victims included 72 German citizens, 35 Spaniards, 2 Americans.\u201d", "type": "direct_reply"}, {"index": 14, "attribution": -0.00029395254905140806, "content_attribution": 0.0005974828632718872, "stance_attribution": -0.0008914354123232947, "tweet_id": 580697657020149760, "text": "\u201c@AP: BREAKING: Germanwings CEO: Plane victims included 72 German citizens, 35 Spaniards, 2 Americans.\u201d", "type": "direct_reply"}, {"index": 16, "attribution": -0.00031424938183596753, "content_attribution": 0.00021727824418787335, "stance_attribution": -0.0005315276260238416, "tweet_id": 580698056561192960, "text": "Germanwings CEO says that plane victims included 72 German citizens, 35 Spaniards, 2 Americans -- via @AP.", "type": "direct_reply"}, {"index": 9, "attribution": -0.0014900820278865657, "content_attribution": 0.0019827292189334845, "stance_attribution": -0.00347281124682005, "tweet_id": 580699334074867713, "text": "@AP May their souls rest in perfect peace", "type": "direct_reply"}, {"index": 4, "attribution": -0.003812255338883225, "content_attribution": -0.0008065659798573973, "stance_attribution": -0.003005689359025828, "tweet_id": 580697684295700480, "text": "@AP gee. is it ok to profile in the deutschland?", "type": "direct_reply"}, {"index": 6, "attribution": -0.005011101375538149, "content_attribution": 0.0003707871608950199, "stance_attribution": -0.005381888536433168, "tweet_id": 580698223054032896, "text": "@AP what about The three people from Mexico?", "type": "direct_reply"}, {"index": 7, "attribution": -0.012330420166610912, "content_attribution": -0.022821468190754753, "stance_attribution": 0.010491048024143837, "tweet_id": 580699854478807040, "text": "@AP Sending love and strength to all the shocked families left behind. \ud83d\ude4f\ud83d\ude14", "type": "direct_reply"}, {"index": 10, "attribution": -0.26795557684579624, "content_attribution": -0.02279127490220073, "stance_attribution": -0.24516430194359548, "tweet_id": 580698989974020096, "text": "@AP @FAANews @AirportKRAL Command of the acft would go to ground control if no pilot inputs have been received for X amount of time", "type": "direct_reply"}]}