{"thread_id": "580883727624065024", "gold_label": 0, "predicted_label": 0, "tweet_attributions": [{"index": 1, "attribution": 0.5115709909671562, "content_attribution": 0.00012566221901241141, "stance_attribution": 0.5114453287481436, "tweet_id": 580904017313734656, "text": "@NYDailyNews @maggiebeauchamp @germanwings Name the pilots. Therein may lie a clue.", "type": "direct_reply"}, {"index": 3, "attribution": 0.01323712116327006, "content_attribution": 0.0005962293071229642, "stance_attribution": 0.012640891856147096, "tweet_id": 580885510060638208, "text": "@NYDailyNews @germanwings told you.  Terrorism", "type": "direct_reply"}, {"index": 5, "attribution": 0.0023348067917198997, "content_attribution": 0.0018726973049051016, "stance_attribution": 0.00046210948681479815, "tweet_id": 580886898073186304, "text": "Oops RT @NYDailyNews DEVELOPING Pilot locked out of cockpit in @Germanwings Alps crash report. http://t.co/OXpY9IgLaD http://t.co/lwkG5hWXUi", "type": "direct_reply"}, {"index": 6, "attribution": 0.001302345518184556, "content_attribution": 0.0006421605396452452, "stance_attribution": 0.0006601849785393107, "tweet_id": 580884195955879936, "text": "@NYDailyNews @germanwings WTF?", "type": "direct_reply"}, {"index": 2, "attribution": 0.0012574567470883561, "content_attribution": 0.0024739127603541364, "stance_attribution": -0.0012164560132657814, "tweet_id": 580889125571538944, "text": "@NYDailyNews @germanwings is it true that the crush was due to a terrorist related incident?", "type": "direct_reply"}, {"index": 7, "attribution": -0.0003086152994306148, "content_attribution": 0.0008428028354304735, "stance_attribution": -0.001151418134861088, "tweet_id": 580900853873160192, "text": "@NYDailyNews @germanwings could it be possible that instead of a decline by plane it was an incline in topography?", "type": "direct_reply"}, {"index": 4, "attribution": -0.001828136216198744, "content_attribution": 0.014336505274525194, "stance_attribution": -0.016164641490723938, "tweet_id": 580915955645198337, "text": "@Snigglewhip @NYDailyNews @germanwings Yes, all of this is very shocking! 150 wonderful people killed! Most students and working people", "type": "lower_reply"}, {"index": 0, "attribution": -0.19389357683827335, "content_attribution": 0.0013970586992237486, "stance_attribution": -0.1952906355374971, "tweet_id": 580883727624065024, "text": "DEVELOPING: Pilot locked out of cockpit in @Germanwings Alps crash: report. http://t.co/CcqpToOQTn http://t.co/XlNXG8Rz3v", "type": "source"}]}