{"thread_id": "580882701063979008", "gold_label": 0, "predicted_label": 1, "tweet_attributions": [{"index": 9, "attribution": 0.7090606972083354, "content_attribution": 0.004417679845940173, "stance_attribution": 0.7046430173623952, "tweet_id": 580892610941837312, "text": "\u201c@Thekingindeed: @ChrisCuomo scary times bc I fly quite often.\u201d Safest form of travel ?", "type": "lower_reply"}, {"index": 8, "attribution": 0.6388714303429237, "content_attribution": 0.0009699371154212662, "stance_attribution": 0.6379014932275024, "tweet_id": 580887053514063873, "text": "@ChrisCuomo scary times bc I fly quite often.", "type": "direct_reply"}, {"index": 1, "attribution": 0.11926257298739588, "content_attribution": 0.0017157623745128533, "stance_attribution": 0.11754681061288302, "tweet_id": 580893943350599680, "text": "@ChrisCuomo @Thekingindeed don't afraid Chris.Death is not accident it is about time !! But,make sure you Enjoy every single day.We love u.", "type": "lower_reply"}, {"index": 11, "attribution": 0.0603706140635541, "content_attribution": 0.0026013041614085758, "stance_attribution": 0.057769309902145516, "tweet_id": 580894195516325888, "text": "@ChrisCuomo @Thekingindeed and we all pray for you !! Relax you are in good hand.God be with you every step of your life brother!!Peace", "type": "lower_reply"}, {"index": 15, "attribution": 0.04442384249412834, "content_attribution": 0.000823316378202673, "stance_attribution": 0.04360052611592566, "tweet_id": 580900728182435841, "text": "@HommerGSimpson @Bitter_American @ChrisCuomo @nytimes Names of crew are nowhere to be found. Release them now.", "type": "lower_reply"}, {"index": 22, "attribution": 0.023306446811802665, "content_attribution": 0.0015006275780614356, "stance_attribution": 0.02180581923374123, "tweet_id": 580901249177927681, "text": "@germanwings @HommerGSimpson @Bitter_American @ChrisCuomo @nytimes Names of crew are nowhere to be found. Release them now.", "type": "lower_reply"}, {"index": 16, "attribution": 0.00976731294136958, "content_attribution": 0.001379149666478337, "stance_attribution": 0.008388163274891242, "tweet_id": 580894560714297345, "text": "@ChrisCuomo according to atatistics flying is the safest form of travel however the impact of mass corpses is a deterrent", "type": "lower_reply"}, {"index": 12, "attribution": 0.009473572817039502, "content_attribution": 0.007117279827072391, "stance_attribution": 0.00235629298996711, "tweet_id": 580885005166981120, "text": "@kadkins000 @MRyan1154 @ChrisCuomo @nytimes Good question. That procedure would make sense.", "type": "lower_reply"}, {"index": 6, "attribution": 0.0061309250714394695, "content_attribution": 0.015410770080302411, "stance_attribution": -0.009279845008862943, "tweet_id": 580903642737348608, "text": "@kadkins000 @ChrisCuomo @nytimes  and I'm no expert but wouldn't they also be able to hear if it was a heart attack, the guy making noise?", "type": "lower_reply"}, {"index": 5, "attribution": 0.005922653574077186, "content_attribution": 0.0020562499421493416, "stance_attribution": 0.0038664036319278425, "tweet_id": 580912447852273664, "text": "@ChrisCuomo @Thekingindeed NO, it is NOT.  I don't fly anymore.", "type": "lower_reply"}, {"index": 10, "attribution": 0.003854383464290836, "content_attribution": 0.0005725886887003324, "stance_attribution": 0.0032817947755905044, "tweet_id": 580897943080865792, "text": "@ChrisCuomo @GOPBlackChick @nytimes \" shocking \" chris ! Think it's a MUSLIM terrorist??? #DUHHH", "type": "direct_reply"}, {"index": 3, "attribution": 0.0025004775126212294, "content_attribution": 0.000171827592260313, "stance_attribution": 0.002328649920360916, "tweet_id": 580884884010467328, "text": "@ChrisCuomo @MZHemingway @nytimes Why? Don't they lock the door when they leave cockpit? Remaining pilot could have become incapacitated.", "type": "direct_reply"}, {"index": 13, "attribution": 0.0022748754626174374, "content_attribution": 0.0006123159087473878, "stance_attribution": 0.0016625595538700497, "tweet_id": 580884091379281921, "text": "@ChrisCuomo @RyanJCroft @nytimes trouble is we'll never get the real story.. Only what the WH thinks we should believe.. About done w/news", "type": "direct_reply"}, {"index": 20, "attribution": 0.0015880057880268467, "content_attribution": -0.00020780626121887059, "stance_attribution": 0.001795812049245717, "tweet_id": 580883210151788544, "text": "@ChrisCuomo @nytimes Troubling to say the least...", "type": "direct_reply"}, {"index": 2, "attribution": 0.0011518746452860477, "content_attribution": 0.0005035321933768244, "stance_attribution": 0.0006483424519092233, "tweet_id": 580884131653009409, "text": "@ChrisCuomo @nytimes holy cow", "type": "direct_reply"}, {"index": 17, "attribution": 0.00043865029087908954, "content_attribution": 0.0003715058462020811, "stance_attribution": 6.714444467700907e-05, "tweet_id": 580883891973685248, "text": "Uh oh. @ChrisCuomo: BREAKING @nytimes reporting one pilot on #4U9525 locked out of cockpit. Crash as an accident now called into doubt\u201d", "type": "direct_reply"}, {"index": 7, "attribution": -0.00028803335692341003, "content_attribution": -0.00019989494579625148, "stance_attribution": -8.813841112715863e-05, "tweet_id": 580884646763892736, "text": "@ChrisCuomo @alpipkin @nytimes CNN are you making up stories again?", "type": "direct_reply"}, {"index": 18, "attribution": -0.005534609623767703, "content_attribution": 0.0006492331952390304, "stance_attribution": -0.006183842819006732, "tweet_id": 580899270775160832, "text": "@HommerGSimpson @ChrisCuomo @nytimes don't expect @BarackObama @WhiteHouse @PressSec to admit that even if true", "type": "lower_reply"}, {"index": 4, "attribution": -0.006288401559057384, "content_attribution": 0.0016314519740002562, "stance_attribution": -0.00791985353305764, "tweet_id": 580894788205019136, "text": "@ChrisCuomo @Thekingindeed safe", "type": "lower_reply"}, {"index": 19, "attribution": -0.008329996554927383, "content_attribution": 0.0020189941930052295, "stance_attribution": -0.01034899074793261, "tweet_id": 580897134532169728, "text": "@ChrisCuomo @Bitter_American @nytimes was the pilot in cockpit a muslim ?", "type": "direct_reply"}, {"index": 21, "attribution": -0.026311308724863848, "content_attribution": 0.0014273618316221074, "stance_attribution": -0.02773867055648596, "tweet_id": 580882850507001856, "text": "@ChrisCuomo @nytimes could have had a heart attack??", "type": "direct_reply"}, {"index": 14, "attribution": -0.026952449154445123, "content_attribution": 0.0002552794707012837, "stance_attribution": -0.02720772862514641, "tweet_id": 580883199183605760, "text": "@MRyan1154 @ChrisCuomo @nytimes Doesn't someone from crew have to go in if 1 pilot goes out?", "type": "lower_reply"}, {"index": 0, "attribution": -0.08541257552387785, "content_attribution": 0.003381230545027824, "stance_attribution": -0.08879380606890568, "tweet_id": 580882701063979008, "text": "BREAKING @nytimes reporting one pilot on #4U9525 locked out of cockpit before deadly descent. Crash as an accident now called into doubt", "type": "source"}]}