{"thread_id": "581059817248333824", "gold_label": 0, "predicted_label": 1, "tweet_attributions": [{"index": 11, "attribution": 0.30178973189187897, "content_attribution": 0.0028446585224525126, "stance_attribution": 0.29894507336942644, "tweet_id": 581062529515950080, "text": "@GoldeCarlsson Wurde in der PK offiziell verk\u00fcndet.", "type": "lower_reply"}, {"index": 10, "attribution": 0.29573230772754844, "content_attribution": -0.0038326414138592645, "stance_attribution": 0.29956494914140774, "tweet_id": 581060525842423808, "text": "@SZ da passen aber Tweet und Inhalt des verlinkten Artikels nicht zusammen.", "type": "direct_reply"}, {"index": 7, "attribution": 0.23598271397764986, "content_attribution": 0.010013217524787352, "stance_attribution": 0.22596949645286246, "tweet_id": 581070952554954753, "text": "@Chrisl137 Doch, das ist unser Newsblog zum Ungl\u00fcck.", "type": "lower_reply"}, {"index": 1, "attribution": 0.17389113290049613, "content_attribution": 0.0013579587765427015, "stance_attribution": 0.17253317412395341, "tweet_id": 581068222285377537, "text": "@hinschauer Vor Obduktion des Leichnams des Co-Piloten &amp; Ausschluss von Schlaganfall o. \u00e4. bleibt Vorsatz eine Unterstellung.", "type": "lower_reply"}, {"index": 9, "attribution": 0.06796678200642738, "content_attribution": 0.0024161895420612787, "stance_attribution": 0.06555059246436609, "tweet_id": 581061656744202242, "text": "@SZ Eine solche Formulierung ist eine Unterstellung.", "type": "direct_reply"}, {"index": 6, "attribution": 0.01655990748251658, "content_attribution": 0.03838392770613009, "stance_attribution": -0.021824020223613506, "tweet_id": 581074301090185216, "text": "@SZ das ist mir schon klar. Dennoch stimmte die Aussage im Tweet nicht mit dem (damaligen) Inhalt des Artikels \u00fcberein.", "type": "lower_reply"}, {"index": 2, "attribution": 0.012494652868538703, "content_attribution": 0.006302328767677553, "stance_attribution": 0.00619232410086115, "tweet_id": 581096611750760448, "text": "@hinschauer Der Tweet steht im absoluten Indikativ, sollte jedoch, da Zitat, im Konjunktiv stehen. Journalismus soll auch kritisch pr\u00fcfen.", "type": "lower_reply"}, {"index": 3, "attribution": 0.005710674697533266, "content_attribution": 0.018556178273393325, "stance_attribution": -0.012845503575860059, "tweet_id": 581076050303684608, "text": "@Chrisl137 Da war wahrscheinlich der Eil-Tweet schneller als die Aktualisierung des Blogs.", "type": "lower_reply"}, {"index": 8, "attribution": 0.004643641553654906, "content_attribution": 0.004153636115678994, "stance_attribution": 0.0004900054379759123, "tweet_id": 581081677524533250, "text": "@GoldeCarlsson Ja, und warum halten dann Sie unsere Formulierung, die ein Zitat ist, f\u00fcr eine Unterstellung?", "type": "lower_reply"}, {"index": 5, "attribution": 0.0021780608087615064, "content_attribution": 1.9327003389072842e-05, "stance_attribution": 0.002158733805372433, "tweet_id": 581098514517778432, "text": "@SZ will nicht spekulieren,aber wie soll man 8 Min. lang NUR atmen u. sich gar nicht bewegen.Deutet auf Bewusstlosigkeit weg. Vergiftung hin", "type": "direct_reply"}, {"index": 14, "attribution": 0.002149926140331924, "content_attribution": 0.00438923682352214, "stance_attribution": -0.0022393106831902153, "tweet_id": 581080300782006273, "text": "@hinschauer Gutachter h\u00e4tten das sicher nicht so lapidar formuliert. Im Artikel wird nur die unpr\u00e4zise \u00c4u\u00dferung des Staatsanwalts zitiert.", "type": "lower_reply"}, {"index": 12, "attribution": 0.0010565392173586172, "content_attribution": 0.0009089618822294125, "stance_attribution": 0.00014757733512920496, "tweet_id": 581783620664328192, "text": "@SZ Aussperren ist eine Unterstellung, die von Piloten bestritten wird und das Andenken des verstorbenen Copiloten besch\u00e4digt: airbus-aktien", "type": "direct_reply"}, {"index": 13, "attribution": -0.0004969449772065618, "content_attribution": 0.0014323368416404745, "stance_attribution": -0.0019292818188470363, "tweet_id": 581160081993179137, "text": "@SZ Ob die Gewissheit des Massenselbstmordes bei #4U9525 tr\u00f6stlicher ist.\nMassenselbstm\u00f6rder http://t.co/UWEaYKDowp", "type": "direct_reply"}, {"index": 4, "attribution": -0.001025093013342892, "content_attribution": -0.0005060047066723245, "stance_attribution": -0.0005190883066705676, "tweet_id": 581119622436556800, "text": "@SZ Nanana! Wenn zu schnell ein Schuldiger gefunden wird, ist etwas faul.", "type": "direct_reply"}, {"index": 15, "attribution": -0.0019100373631191882, "content_attribution": 0.003715942261138269, "stance_attribution": -0.005625979624257456, "tweet_id": 581078929982799873, "text": "@GoldeCarlsson Wir geben wieder, was die Gutachter gesagt haben.", "type": "lower_reply"}, {"index": 0, "attribution": -0.027536380475332252, "content_attribution": -0.0026602214843453017, "stance_attribution": -0.02487615899098695, "tweet_id": 581059817248333824, "text": "Nach dem Absturz von Flug #4U9525: Copilot sperrte Piloten aus und leitete Sinkflug ein http://t.co/nhgEbOnWEx", "type": "source"}]}