{"thread_id": "581063730319925248", "gold_label": 0, "predicted_label": 0, "tweet_attributions": [{"index": 0, "attribution": 0.5695675769338965, "content_attribution": -0.00010408886262994795, "stance_attribution": 0.5696716657965264, "tweet_id": 581063730319925248, "text": "Andreas Lubitz, copilot who apparently deliberately crashed Germanwings 9525, was 24 yrs old. \"He had no reason to do it,\" prosecutor says.", "type": "source"}, {"index": 13, "attribution": 0.046489944426193926, "content_attribution": 0.002785047628769067, "stance_attribution": 0.043704896797424855, "tweet_id": 581067731274838017, "text": "@TerryMoran Is that proven? Seems like speculation at this point.", "type": "direct_reply"}, {"index": 5, "attribution": 0.014128238199625979, "content_attribution": -0.0006247489095648022, "stance_attribution": 0.01475298710919078, "tweet_id": 581067232429494273, "text": "@TerryMoran @ABC Don't know about y'all, but if my copilot looks younger than my kids, I'm taking another flight.", "type": "direct_reply"}, {"index": 10, "attribution": 0.012867700156262657, "content_attribution": -0.0005406107825724995, "stance_attribution": 0.013408310938835155, "tweet_id": 581071637606457346, "text": "@TerryMoran @ABC - Germanwings Co-pilot, Andreas Lubitz, was 28 yrs. old, not 24!", "type": "direct_reply"}, {"index": 6, "attribution": 0.011768879845279447, "content_attribution": 0.0011810848911410485, "stance_attribution": 0.010587794954138398, "tweet_id": 581067386415104000, "text": "@TerryMoran @ABC  I say 150 Innocent lives lost is Terrorism.Most people who commit suicide are not going to take others with them.", "type": "direct_reply"}, {"index": 12, "attribution": 0.007242292352686334, "content_attribution": 7.906517082633102e-05, "stance_attribution": 0.007163227181860002, "tweet_id": 581066159073533952, "text": "@TerryMoran @BiasedGirl Well obviously he had his own personal reason.", "type": "direct_reply"}, {"index": 8, "attribution": 0.0035507834417537456, "content_attribution": -0.0013747458423264193, "stance_attribution": 0.004925529284080165, "tweet_id": 581065026410135555, "text": "@TerryMoran @KNegandhiESPN I think he disagreed about having a reason.", "type": "direct_reply"}, {"index": 15, "attribution": 0.003367224917862975, "content_attribution": -0.001758763475514273, "stance_attribution": 0.005125988393377248, "tweet_id": 581066221069561856, "text": "@TerryMoran @WNTonight Must Be Highly Motivated Or Mentally Unstable Both danger To Aviation !!", "type": "direct_reply"}, {"index": 1, "attribution": 0.002933553343607437, "content_attribution": -0.001119493701009769, "stance_attribution": 0.004053047044617205, "tweet_id": 581070423804264448, "text": "@TerryMoran @WNTonight Sounds like he must have been a pretty good pilot - not much of a human being.", "type": "direct_reply"}, {"index": 2, "attribution": 0.0011584710777621083, "content_attribution": -7.123702180209149e-05, "stance_attribution": 0.0012297080995641997, "tweet_id": 581069566769500160, "text": "@TerryMoran @GStephanopoulos There's never a reason to do this, but unfortunatly it happens.", "type": "direct_reply"}, {"index": 3, "attribution": 0.0005734993686621389, "content_attribution": -0.0022193822521543415, "stance_attribution": 0.0027928816208164812, "tweet_id": 581067264541253633, "text": "@TerryMoran @GStephanopoulos Thanks, Terry", "type": "direct_reply"}, {"index": 7, "attribution": -0.0014953348665731484, "content_attribution": 0.0041222156514297, "stance_attribution": -0.005617550518002849, "tweet_id": 581066606517846016, "text": "@TerryMoran @GStephanopoulos prosecutor said he is 28 years old.", "type": "direct_reply"}, {"index": 11, "attribution": -0.001622911739338828, "content_attribution": -0.0007663155679901296, "stance_attribution": -0.0008565961713486979, "tweet_id": 581069457663135744, "text": "@TerryMoran @KNegandhiESPN another reason why I don't fly.", "type": "direct_reply"}, {"index": 14, "attribution": -0.0021350903751685786, "content_attribution": -0.00047881151465864095, "stance_attribution": -0.001656278860509938, "tweet_id": 581070340920508418, "text": "@TerryMoran 28 Yrs old", "type": "direct_reply"}, {"index": 16, "attribution": -0.0021925857600685293, "content_attribution": -0.001609273180934984, "stance_attribution": -0.0005833125791335455, "tweet_id": 581064172382867456, "text": "@TerryMoran 24 is a bit young no? His age has been confirmed as 28.", "type": "direct_reply"}, {"index": 4, "attribution": -0.0035033302321143133, "content_attribution": 0.006821070691431589, "stance_attribution": -0.010324400923545902, "tweet_id": 581064696117248001, "text": "@TerryMoran @ABC They don't know that for sure.  Smh.", "type": "direct_reply"}, {"index": 17, "attribution": -0.007843112959246348, "content_attribution": 4.209858357110633e-05, "stance_attribution": -0.007885211542817447, "tweet_id": 581091339464388608, "text": "@rladdi1 @TerryMoran @WNTonight or bus drivers, or train drivers.\nStay at home - NEVER go out!", "type": "lower_reply"}, {"index": 9, "attribution": -0.013885689869555639, "content_attribution": -0.013881203631741175, "stance_attribution": -4.4862378144630234e-06, "tweet_id": 581066447000084480, "text": "@TerryMoran @GStephanopoulos No he meant no reason to start making the plane descend", "type": "direct_reply"}, {"index": 18, "attribution": -0.3130541339512888, "content_attribution": 0.014420245219410209, "stance_attribution": -0.327474379170699, "tweet_id": 581065360926851072, "text": "@TerryMoran @WNTonight Can anyone trust any pilot on the planes now.  We don't know the background of our pilots.", "type": "direct_reply"}]}