{"thread_id": "581022047490351104", "gold_label": 0, "predicted_label": 0, "tweet_attributions": [{"index": 0, "attribution": 0.2883623664777568, "content_attribution": 0.022111912618093643, "stance_attribution": 0.26625045385966317, "tweet_id": 581022047490351104, "text": "Wie funktioniert die Verriegelung einer #Airbus-Cockpit-T\u00fcr? Ein Firmenvideo zeigts: \nhttps://t.co/qD8CKD13kZ #4U9525 http://t.co/4thqnI1HLj", "type": "source"}, {"index": 1, "attribution": 0.027497898694950625, "content_attribution": 0.002889804029214771, "stance_attribution": 0.024608094665735856, "tweet_id": 581032045645684737, "text": "@mephistophi @tagesschau \nDer manuelle Schalter stand auf Norm.\nDann funktionieren das so wie im Video.\n\nAber was, wenn er auf Locker ist?", "type": "lower_reply"}, {"index": 5, "attribution": 0.0170036885161172, "content_attribution": -0.0045985899091772345, "stance_attribution": 0.021602278425294438, "tweet_id": 581038553733402624, "text": "@mephistophi @tagesschau \nIch meinte ja bei dem Video von Airbus. \nWas in dem Flugzeug passiert ist, kann niemals zu 100% gekl\u00e4rt werden.", "type": "lower_reply"}, {"index": 4, "attribution": 0.01078029142346054, "content_attribution": -0.010557215183638925, "stance_attribution": 0.021337506607099467, "tweet_id": 581032855037317120, "text": "@tagesschau...warum hat man das nicht gemacht?", "type": "direct_reply"}, {"index": 2, "attribution": 0.007898613402813122, "content_attribution": -0.0001263903787067349, "stance_attribution": 0.008025003781519852, "tweet_id": 581050013385654272, "text": "@tagesschau Bleibt nur die Frage, ob das auf den Flug #4u9525 zutrifft...", "type": "direct_reply"}, {"index": 3, "attribution": -0.009658606072530029, "content_attribution": -0.009126993368008828, "stance_attribution": -0.0005316127045212017, "tweet_id": 581714562640146432, "text": "@tagesschau", "type": "direct_reply"}]}