{"thread_id": "581264214809022464", "gold_label": 1, "predicted_label": 1, "tweet_attributions": [{"index": 6, "attribution": 0.6682915095480654, "content_attribution": 0.031068529236895653, "stance_attribution": 0.6372229803111695, "tweet_id": 581277212269232128, "text": "How about \"clinging to a mortal coil out of coalesced spite?\" \n\n@ChurchHopJoshua", "type": "lower_reply"}, {"index": 18, "attribution": 0.5798509400474128, "content_attribution": 0.0072209111918340296, "stance_attribution": 0.5726300288555788, "tweet_id": 581276380140163074, "text": "@absurdistwords @KhaledBeydoun well, I wouldn't call it \"living.\"", "type": "lower_reply"}, {"index": 16, "attribution": 0.12431961101090559, "content_attribution": 0.0008182091633979874, "stance_attribution": 0.12350140184750762, "tweet_id": 581291617715355648, "text": "@KhaledBeydoun @yasminehajjaji first reaction \ud83d\ude02\ud83d\ude02\ud83d\ude02, but rip to the people #GermanWingsCrash", "type": "direct_reply"}, {"index": 11, "attribution": 0.029691798545399436, "content_attribution": 0.003453760222096474, "stance_attribution": 0.02623803832330296, "tweet_id": 581297122290466816, "text": "@dhtorch smh... Typical though", "type": "lower_reply"}, {"index": 19, "attribution": 0.02853971481863066, "content_attribution": 0.034434602640420885, "stance_attribution": -0.005894887821790228, "tweet_id": 581277287930204160, "text": "@absurdistwords lol exactly.", "type": "lower_reply"}, {"index": 15, "attribution": 0.0057318004203011025, "content_attribution": 0.000693342831843519, "stance_attribution": 0.005038457588457584, "tweet_id": 581269028569640961, "text": "@KhaledBeydoun why does it matter if he was or wasn't he is a murder that's all it is has nothing to do with his faith", "type": "direct_reply"}, {"index": 3, "attribution": 0.0056239529959338135, "content_attribution": 2.4166501712386424e-05, "stance_attribution": 0.0055997864942214275, "tweet_id": 581264655496015872, "text": "@KhaledBeydoun there is no evidence he was MUSLIM", "type": "direct_reply"}, {"index": 4, "attribution": 0.0025148378947842816, "content_attribution": 0.0006347300639133034, "stance_attribution": 0.0018801078308709784, "tweet_id": 581265398508568576, "text": "@KhaledBeydoun \n\nMaybe the pilot was so excited, he forgot to \nyell, \"ALLAHU AKBAR !\" http://t.co/77UZi2hUiq", "type": "direct_reply"}, {"index": 20, "attribution": 0.0024043582943705823, "content_attribution": 0.0022445075932816367, "stance_attribution": 0.00015985070108894532, "tweet_id": 581269626241318912, "text": "@KhaledBeydoun That picture speaks a 1000 words!  #craycray #ignorance #islamophobia", "type": "direct_reply"}, {"index": 14, "attribution": 0.0016140661217581105, "content_attribution": 0.00022596996687994359, "stance_attribution": 0.0013880961548781673, "tweet_id": 581271388125822976, "text": "@absurdistwords @KhaledBeydoun You can't expect nuance (or even curiosity) when there's something so EASY to fall back on, can you?", "type": "lower_reply"}, {"index": 12, "attribution": 0.000976797596448376, "content_attribution": 9.309523621934255e-05, "stance_attribution": 0.0008837023602290334, "tweet_id": 581270990216368128, "text": "@KhaledBeydoun lmao", "type": "direct_reply"}, {"index": 7, "attribution": 0.0004733798163837815, "content_attribution": -2.543994770263742e-05, "stance_attribution": 0.000498819764086419, "tweet_id": 581284040658919424, "text": "@KhaledBeydoun I can understand that feeling but honestly Pat Robertson is an idiotic old man! No one should care what he has to say.", "type": "direct_reply"}, {"index": 17, "attribution": 0.00027489160482144356, "content_attribution": -0.00042507850448875596, "stance_attribution": 0.0006999701093101996, "tweet_id": 581272299309010944, "text": "@KhaledBeydoun Pat Robertson is an old bat. No one listens to him", "type": "direct_reply"}, {"index": 10, "attribution": 5.583822564238531e-05, "content_attribution": 0.0001605458552628072, "stance_attribution": -0.00010470762962042185, "tweet_id": 581274066012749824, "text": "@KhaledBeydoun lol he wasn't", "type": "direct_reply"}, {"index": 8, "attribution": 1.4554527890031882e-05, "content_attribution": 0.0026951226781972712, "stance_attribution": -0.00268056815030724, "tweet_id": 581289957492322305, "text": "@KhaledBeydoun allah told him to do it.", "type": "direct_reply"}, {"index": 13, "attribution": -0.0005139646193542712, "content_attribution": 6.881907498729973e-05, "stance_attribution": -0.000582783694341571, "tweet_id": 581265773789843457, "text": "@KhaledBeydoun @MEastQuagmire This man (Robertson) is a buffoon.", "type": "direct_reply"}, {"index": 9, "attribution": -0.002162422982776319, "content_attribution": 9.063784424052912e-05, "stance_attribution": -0.0022530608270168477, "tweet_id": 581276869623963648, "text": "@KhaledBeydoun @StlGal_36 Robertson has been a caricature of himself for decades", "type": "direct_reply"}, {"index": 2, "attribution": -0.002392342206236909, "content_attribution": 1.1226835318484437e-05, "stance_attribution": -0.0024035690415553936, "tweet_id": 581288203312754688, "text": "@absurdistwords @KhaledBeydoun Alive, yes, but do not mistake for an intelligent life form", "type": "lower_reply"}, {"index": 1, "attribution": -0.006689358317332642, "content_attribution": 0.0027998971226345826, "stance_attribution": -0.009489255439967221, "tweet_id": 581270990547783684, "text": "Pat Robertson's still ALIVE?\n@KhaledBeydoun", "type": "direct_reply"}, {"index": 0, "attribution": -0.009969377539560979, "content_attribution": 0.0024646672013524883, "stance_attribution": -0.012434044740913464, "tweet_id": 581264214809022464, "text": "Islam &amp; Muslims blamed even when neither have anything to do with mass killing.  #Germanwings #GermanWingsCrash http://t.co/DKmNEqzPc7", "type": "source"}, {"index": 5, "attribution": -0.013638443953874927, "content_attribution": -9.948501622199977e-06, "stance_attribution": -0.013628495452252726, "tweet_id": 581282640935829504, "text": "@KhaledBeydoun disgraceful for a supposed journalist to try and veer the conversation on tragedy into something so insulting", "type": "direct_reply"}]}