{"thread_id": "581293286268129280", "gold_label": 1, "predicted_label": 1, "tweet_attributions": [{"index": 1, "attribution": 0.43930052844595024, "content_attribution": 0.02505323928909839, "stance_attribution": 0.41424728915685183, "tweet_id": 581298086246395904, "text": "@ShamNaarai @AnewTrackrecord Yup. I'm not trying tobe Islamophobic, but would anyone put their kid on a plane with a muslim pilot?", "type": "lower_reply"}, {"index": 2, "attribution": 0.3804642564460281, "content_attribution": 0.0016712599923493412, "stance_attribution": 0.3787929964536788, "tweet_id": 581300431436959744, "text": "@baj5252 @newsytweets @daxtonbrown  I'm retweeting I hope its the truth", "type": "lower_reply"}, {"index": 15, "attribution": 0.3563129975421613, "content_attribution": 0.003345934603947, "stance_attribution": 0.35296706293821434, "tweet_id": 581295807346900992, "text": "@daxtonbrown @AnewTrackrecord If TRUE, then we are late in taking conscience of the magnitude of evil brooding upon the civilised world.", "type": "direct_reply"}, {"index": 3, "attribution": 0.310820739104173, "content_attribution": 0.0048525965893272, "stance_attribution": 0.30596814251484583, "tweet_id": 581298293168295936, "text": "Wow @daxtonbrown: GERMAN NEWS: Co-Pilot of Germanwings Airbus Was MUSLIM CONVERT. Can any muslim be trusted near an airplane now?\u201d", "type": "direct_reply"}, {"index": 13, "attribution": 0.1082189553607226, "content_attribution": 0.006478827478420612, "stance_attribution": 0.101740127882302, "tweet_id": 581299394340880384, "text": "@daxtonbrown @ShamNaarai @AnewTrackrecord no, nor a two men one.", "type": "lower_reply"}, {"index": 6, "attribution": 0.07023910857893209, "content_attribution": 0.006563245943870515, "stance_attribution": 0.06367586263506156, "tweet_id": 581424557740916736, "text": "@fa07af174a71408 @baj5252 @newsytweets @daxtonbrown it's not true sir but yet again it is very easy to blame us", "type": "lower_reply"}, {"index": 17, "attribution": 0.029784230396299606, "content_attribution": 0.007428729992833352, "stance_attribution": 0.022355500403466257, "tweet_id": 581307953950527488, "text": "@daxtonbrown The question should be,\" Should any country other than muslim countries hire muslim pilots?\"   @AnewTrackrecord @ShamNaarai", "type": "lower_reply"}, {"index": 4, "attribution": 0.01622552947142706, "content_attribution": 0.003388058283212523, "stance_attribution": 0.012837471188214537, "tweet_id": 581407447031681024, "text": "@fa07af174a71408 @newsytweets @daxtonbrown me too.  We'll see - the whole thing is really really weird.", "type": "lower_reply"}, {"index": 11, "attribution": 0.01508860101838843, "content_attribution": 0.008488470845828181, "stance_attribution": 0.006600130172560248, "tweet_id": 581299530517192705, "text": "@daxtonbrown @AnewTrackrecord @ShamNaarai I wouldn't put anyone on a bus with a muslim driver much less a plane.", "type": "lower_reply"}, {"index": 9, "attribution": 0.01064462079430687, "content_attribution": 0.0027792567407391314, "stance_attribution": 0.00786536405356774, "tweet_id": 581420137724530688, "text": "@raterosie @daxtonbrown @ShamNaarai @AnewTrackrecord that pilot attended mosques in Germany - religion of peace strikes again", "type": "lower_reply"}, {"index": 18, "attribution": 0.009269719106438127, "content_attribution": 0.0060587283388279945, "stance_attribution": 0.0032109907676101334, "tweet_id": 581333436473868288, "text": "@daxtonbrown @Welsh58 @ShamNaarai @AnewTrackrecord \nHow would you know the pilot was Muslim?", "type": "lower_reply"}, {"index": 19, "attribution": 0.00319485110502597, "content_attribution": 0.003313026428402098, "stance_attribution": -0.00011817532337612756, "tweet_id": 581454776740773888, "text": "@Robs_tweeting @daxtonbrown @ShamNaarai @AnewTrackrecord how do you know?", "type": "lower_reply"}, {"index": 10, "attribution": 0.0028819441894168602, "content_attribution": 0.001615715457810391, "stance_attribution": 0.0012662287316064693, "tweet_id": 581314247738687488, "text": "@daxtonbrown \"recent Muslim convert\". Like ComDem \"true believer\". Headshake. God Help US all my friend.", "type": "direct_reply"}, {"index": 20, "attribution": 0.0018923574328147939, "content_attribution": 0.000252837015871907, "stance_attribution": 0.0016395204169428862, "tweet_id": 581294486472421376, "text": "@daxtonbrown Can any Muslim be trusted.  The Obama administration is full of them.", "type": "direct_reply"}, {"index": 16, "attribution": -0.00013435995065314073, "content_attribution": -0.0001222504595909502, "stance_attribution": -1.2109491062190479e-05, "tweet_id": 581295555281747968, "text": "@daxtonbrown @AnewTrackrecord NOOOO", "type": "direct_reply"}, {"index": 12, "attribution": -0.0001417450040396861, "content_attribution": 0.011988315904180025, "stance_attribution": -0.012130060908219713, "tweet_id": 581300449237667840, "text": "@daxtonbrown @ShamNaarai @AnewTrackrecord a muslim convert? You start these lies.I hope he rots in his hell and you in a prison one if lying", "type": "lower_reply"}, {"index": 5, "attribution": -0.0012264754609864455, "content_attribution": -0.0005802136190336136, "stance_attribution": -0.0006462618419528318, "tweet_id": 581338469496041472, "text": "@daxtonbrown Dont u have anything better to do? What a laughing stock", "type": "direct_reply"}, {"index": 14, "attribution": -0.0013044509756890467, "content_attribution": 0.00022285531106432585, "stance_attribution": -0.0015273062867533728, "tweet_id": 581438559401410560, "text": ".@daxtonbrown @ItsJustJill Maybe it will be referred to as \"workplace violence\" since he was at work when he did it.", "type": "direct_reply"}, {"index": 7, "attribution": -0.004784442667255324, "content_attribution": 0.0014470310259391704, "stance_attribution": -0.0062314736931944935, "tweet_id": 581313996940296192, "text": "@daxtonbrown GERMAN NEWS: Co-Pilot of Germanwings Airbus Was MUSLIM CONVERT \u2026\u2019Hero of Islamic State\u2019? http://t.co/tvzf1CgmWX", "type": "direct_reply"}, {"index": 8, "attribution": -0.006184976757128807, "content_attribution": -0.00024898245478476434, "stance_attribution": -0.005935994302344044, "tweet_id": 581440515834413056, "text": "@daxtonbrown @ItsJustJill. It took long enough to admit this. Who was holding it back?", "type": "direct_reply"}, {"index": 0, "attribution": -0.03398034079025021, "content_attribution": 0.0016343762683119294, "stance_attribution": -0.035614717058562145, "tweet_id": 581293286268129280, "text": "GERMAN NEWS: Co-Pilot of Germanwings Airbus Was MUSLIM CONVERT. Can any muslim be trusted near an airplane now?", "type": "source"}]}