{"thread_id": "581252958446329857", "gold_label": 1, "predicted_label": 1, "tweet_attributions": [{"index": 15, "attribution": 0.6181821688313274, "content_attribution": 0.008728601630495353, "stance_attribution": 0.6094535672008321, "tweet_id": 581257594448252928, "text": "We need to know the truth, whatever it is. He's a mass-murderer, regardless.\n@terrisanislo @RedNationRising", "type": "lower_reply"}, {"index": 8, "attribution": 0.568004170752485, "content_attribution": 0.0034333011099526, "stance_attribution": 0.5645708696425324, "tweet_id": 581257154667110400, "text": "@RedNationRising Nothing on AP and their last posting was at 08:43.  Nothing on Reuters, or Daily Caller.", "type": "lower_reply"}, {"index": 22, "attribution": 0.11478894355532267, "content_attribution": 0.00038601617999855977, "stance_attribution": 0.1144029273753241, "tweet_id": 581258711873769472, "text": "@RedNationRising Need to check on this-  #JADEHELM15 EXERCISE \u201cUNSETTLING\u201d.", "type": "direct_reply"}, {"index": 17, "attribution": 0.08687270161911603, "content_attribution": 0.0030510242927633746, "stance_attribution": 0.08382167732635265, "tweet_id": 581255750254628864, "text": "@terrisanislo do some research.", "type": "lower_reply"}, {"index": 20, "attribution": 0.06821981172326708, "content_attribution": 0.011417974922583873, "stance_attribution": 0.05680183680068321, "tweet_id": 581259094440435713, "text": "We know some things from the voice recorder which means it was deliberate. That's about it right now.\n@terrisanislo @RedNationRising", "type": "lower_reply"}, {"index": 13, "attribution": 0.042947314161786966, "content_attribution": 0.017737163419039872, "stance_attribution": 0.02521015074274709, "tweet_id": 581259397252284416, "text": "@emaleroland Muslims are praising the co-pilot for dying for the prophet @terrisanislo", "type": "lower_reply"}, {"index": 4, "attribution": 0.03701991159937999, "content_attribution": 0.00450129812551151, "stance_attribution": 0.03251861347386849, "tweet_id": 581258358885388288, "text": "@emaleroland @RedNationRising http://t.co/abBnbwk5Em", "type": "lower_reply"}, {"index": 18, "attribution": 0.034089209254791204, "content_attribution": 0.0001793099516324072, "stance_attribution": 0.033909899303158804, "tweet_id": 581259636809973761, "text": "@Capt_ST @RedNationRising http://t.co/egcctxrz5z", "type": "lower_reply"}, {"index": 16, "attribution": 0.022785447809820638, "content_attribution": 0.004116217980571188, "stance_attribution": 0.01866922982924945, "tweet_id": 581259963823198208, "text": "@JESUSR3IgNS @RedNationRising Even Stars and Strips is addressing it in a \"not to worry\" way...", "type": "lower_reply"}, {"index": 9, "attribution": 0.020809809673533915, "content_attribution": 0.0014646903308085774, "stance_attribution": 0.019345119342725335, "tweet_id": 581255864021082112, "text": "@RedNationRising Working on it now!", "type": "lower_reply"}, {"index": 5, "attribution": 0.01415288717337377, "content_attribution": 0.004540484514071518, "stance_attribution": 0.00961240265930225, "tweet_id": 581265578670878720, "text": "@RedNationRising @emaleroland Whoopee shit.  They have a great social media department all the way around.  I'm not swayed.", "type": "lower_reply"}, {"index": 14, "attribution": 0.014134887767847902, "content_attribution": 0.0008331018230251822, "stance_attribution": 0.013301785944822718, "tweet_id": 581258508349345793, "text": "@emaleroland @RedNationRising ...All speculation at this point.  Translation of Pi News says some posts on FB.  Not reliable.  I'll wait.", "type": "lower_reply"}, {"index": 26, "attribution": 0.010919057119731998, "content_attribution": 0.004490066615948586, "stance_attribution": 0.006428990503783415, "tweet_id": 581258811295559680, "text": "@emaleroland @RedNationRising Of course we need the truth. But I prefer to wait for concrete facts, not idle speculation from some crank sit", "type": "lower_reply"}, {"index": 10, "attribution": 0.007847119792954826, "content_attribution": 0.003177381225440011, "stance_attribution": 0.004669738567514814, "tweet_id": 581260389545041920, "text": "@RedNationRising @emaleroland The deliberateness is being determined from experts' reports of how the controls had to be set, not from DVR.", "type": "lower_reply"}, {"index": 24, "attribution": 0.00773502365100365, "content_attribution": 0.0013993408806088898, "stance_attribution": 0.006335682770394759, "tweet_id": 581257463284019202, "text": "@RedNationRising and this article supposedly quotes The Daily Mail....their site has nothing about conversion to islam.", "type": "lower_reply"}, {"index": 1, "attribution": 0.0066895273991986245, "content_attribution": 0.006418492353785861, "stance_attribution": 0.0002710350454127632, "tweet_id": 581260115334037504, "text": "@RedNationRising @emaleroland ..and at the last, the screams of the passengers.  Again, link?", "type": "lower_reply"}, {"index": 2, "attribution": 0.005837642984948726, "content_attribution": 6.780613263507814e-05, "stance_attribution": 0.005769836852313648, "tweet_id": 581257161738604544, "text": "@RedNationRising - there you go !", "type": "direct_reply"}, {"index": 19, "attribution": 0.00308414718823698, "content_attribution": 0.002180675537584683, "stance_attribution": 0.0009034716506522974, "tweet_id": 581260059734343680, "text": "@RedNationRising @emaleroland The voice recorder according to all reports, had nothing on it but the co-pilot's breathing, the knocking..", "type": "lower_reply"}, {"index": 6, "attribution": 0.0028168572074331933, "content_attribution": 0.002583049111320772, "stance_attribution": 0.00023380809611242142, "tweet_id": 581259909804724226, "text": "@RedNationRising @emaleroland Link?", "type": "lower_reply"}, {"index": 7, "attribution": 0.002631885037773838, "content_attribution": 0.002824983721499051, "stance_attribution": -0.00019309868372521317, "tweet_id": 581260641891139584, "text": "@RedNationRising @emaleroland Not to be argumentative, but why retweet something that is not reliable?", "type": "lower_reply"}, {"index": 21, "attribution": 0.0024846352842735815, "content_attribution": 0.0029678701055966526, "stance_attribution": -0.0004832348213230708, "tweet_id": 581259704745222144, "text": "How do we know that?\n@RedNationRising @terrisanislo", "type": "lower_reply"}, {"index": 12, "attribution": 0.0023291926756030586, "content_attribution": 0.0012854391345896968, "stance_attribution": 0.0010437535410133618, "tweet_id": 581257658629406720, "text": "\u201c@RedNationRising: The co-pilot of the Germanwings Airbus was a convert to Islam - http://t.co/hCM3n3qnmo #RedNationRising\u201d #avgeek", "type": "direct_reply"}, {"index": 23, "attribution": 4.8636618848252604e-05, "content_attribution": 0.0009778706069787037, "stance_attribution": -0.0009292339881304508, "tweet_id": 581258437515976704, "text": "@RedNationRising No matter the religion/where/why a person who outright murders innocents is a terrorist", "type": "direct_reply"}, {"index": 3, "attribution": -0.0006294137151228867, "content_attribution": -7.361591617842985e-05, "stance_attribution": -0.0005557977989444568, "tweet_id": 581254006992830464, "text": "@RedNationRising  why are we not suprised! But everyone hollered , It wasn't Terrorism!  Of course it was !", "type": "direct_reply"}, {"index": 11, "attribution": -0.003501465023179791, "content_attribution": 0.0013033264304927238, "stance_attribution": -0.0048047914536725154, "tweet_id": 581255582126084096, "text": "@RedNationRising I prefer a little bit more evidence than this article provides!  Speculation at this point.", "type": "direct_reply"}, {"index": 25, "attribution": -0.005352616572462925, "content_attribution": 2.8141927266538994e-06, "stance_attribution": -0.00535543076518958, "tweet_id": 581254570078281728, "text": "@RedNationRising I liked your tweet and posted it on my site. You can see it here... http://t.co/nJwwp2XUnN", "type": "direct_reply"}, {"index": 0, "attribution": -0.00783880872439344, "content_attribution": 0.0015170060500449922, "stance_attribution": -0.00935581477443843, "tweet_id": 581252958446329857, "text": "The co-pilot of the Germanwings Airbus was a convert to Islam - http://t.co/7MHPhG5aIR #RedNationRising", "type": "source"}]}