{"thread_id": "581315281630318593", "gold_label": 1, "predicted_label": 1, "tweet_attributions": [{"index": 5, "attribution": 0.5332536193501682, "content_attribution": 0.005672528994348603, "stance_attribution": 0.5275810903558197, "tweet_id": 581381601231122432, "text": "@AyatBak @ashwinkr88 bullshit indean or paki islam strong and clean i dont want to mention your cow religion its up to you", "type": "lower_reply"}, {"index": 1, "attribution": 0.4331755586374881, "content_attribution": 0.002541108591497922, "stance_attribution": 0.4306344500459901, "tweet_id": 581381990974300160, "text": "@AyatBak @ashwinkr88 Islam is strong and it makes you fear ha ha ha rubish cartoon doesnt make different", "type": "lower_reply"}, {"index": 3, "attribution": 0.21141830027037906, "content_attribution": 0.00449389049901035, "stance_attribution": 0.20692440977136872, "tweet_id": 581413616286613504, "text": "What is Paki islam? Killing Shia, Ahamadi, Balooch, Pashtoon, Hindus &amp; Christians?n get hit by Arab, Chinese, US? @twita_to @ashwinkr88", "type": "lower_reply"}, {"index": 4, "attribution": 0.15333298930323158, "content_attribution": 0.021957006091619314, "stance_attribution": 0.13137598321161226, "tweet_id": 581414657690202112, "text": "@AyatBak my dear why do you have to interact with these uncouth,foul mouthed brainless pisslamist folks.It ruins only our day.", "type": "lower_reply"}, {"index": 16, "attribution": 0.08513280870743384, "content_attribution": 0.00056553934109543, "stance_attribution": 0.0845672693663384, "tweet_id": 581413988342317056, "text": "Come out of MadRasa mindset the world living in 21st century not 7th! @twita_to @ashwinkr88", "type": "lower_reply"}, {"index": 9, "attribution": 0.08336259851004962, "content_attribution": 0.0012691480950671708, "stance_attribution": 0.08209345041498245, "tweet_id": 581381292794724352, "text": "More pedophile too ? @twita_to @ashwinkr88 http://t.co/IFvGB2RXTV", "type": "lower_reply"}, {"index": 8, "attribution": 0.07671003441135389, "content_attribution": 0.017586233126591043, "stance_attribution": 0.059123801284762856, "tweet_id": 581418824752332800, "text": "@krishnansram blocked all.", "type": "lower_reply"}, {"index": 13, "attribution": 0.06572236252173369, "content_attribution": 0.003959958293728536, "stance_attribution": 0.06176240422800515, "tweet_id": 581380327743995905, "text": "@AyatBak @ashwinkr88 and im sure youve never been a muslim if you are you know rules in islam is not as said", "type": "lower_reply"}, {"index": 18, "attribution": 0.057167229090286445, "content_attribution": 0.013237846156600099, "stance_attribution": 0.043929382933686346, "tweet_id": 581379762360229888, "text": "@AyatBak @ashwinkr88 bullshit ayat you are lier and your smelling disgusting you are not cleaning yourself daily\ud83d\ude37\ud83d\ude37\ud83d\ude37your drinking and loser", "type": "lower_reply"}, {"index": 17, "attribution": 0.056980198742220406, "content_attribution": 0.004550276956278047, "stance_attribution": 0.05242992178594236, "tweet_id": 581339095403626496, "text": "@ashwinkr88 @HDLindiaOrg bullshit indean", "type": "lower_reply"}, {"index": 10, "attribution": 0.04114974278633678, "content_attribution": 0.0018797119596086654, "stance_attribution": 0.039270030826728114, "tweet_id": 581380733089918978, "text": "@AyatBak @ashwinkr88 more you hate Islam more powerful it gets it shows how strong it is", "type": "lower_reply"}, {"index": 7, "attribution": 0.03054792295139916, "content_attribution": 0.02212416570844076, "stance_attribution": 0.008423757242958397, "tweet_id": 581420977164173312, "text": "@AyatBak great. We would be better off without these morons who hates everything unislamic. Have a http://t.co/xfTxD8r4nK Ayat. Be safe.", "type": "lower_reply"}, {"index": 19, "attribution": 0.02521562575405849, "content_attribution": 0.002231984761433519, "stance_attribution": 0.02298364099262497, "tweet_id": 581400641257410560, "text": "@twita_to @AyatBak ,  Zaza,  it actually shows that E slam preaches mental illness,  we need no example to mention....... Hari om", "type": "lower_reply"}, {"index": 14, "attribution": 0.02070575742151242, "content_attribution": 0.0029550382980541726, "stance_attribution": 0.01775071912345825, "tweet_id": 581319682222735360, "text": "@HDLindiaOrg,  look what E slam does to the CO PILOT..... HARI OM", "type": "direct_reply"}, {"index": 0, "attribution": 0.018690115149640144, "content_attribution": 0.0012416494055499125, "stance_attribution": 0.01744846574409023, "tweet_id": 581315281630318593, "text": "The co-pilot of the Germanwings Airbus was a convert to Islam and became Fidain! http://t.co/QR1iNWTXuh", "type": "source"}, {"index": 20, "attribution": 0.018288175690461372, "content_attribution": 0.005799771717060249, "stance_attribution": 0.012488403973401119, "tweet_id": 581373626735144960, "text": "@twita_to @ashwinkr88 http://t.co/yctOVHKMQf", "type": "lower_reply"}, {"index": 11, "attribution": 0.0037033394814521055, "content_attribution": 0.001191414940325465, "stance_attribution": 0.002511924541126641, "tweet_id": 581401348425453568, "text": "@twita_to    @AyatBak ,  Zaza.  On this important day,  please cool yourself with some CAMEL PISS..... HARI OM", "type": "lower_reply"}, {"index": 12, "attribution": 0.003418190699491584, "content_attribution": 0.00024947470223939073, "stance_attribution": 0.003168715997252194, "tweet_id": 581338997042999296, "text": "@HDLindiaOrg bullshit indean", "type": "direct_reply"}, {"index": 6, "attribution": 0.003168495759338235, "content_attribution": 0.0022519977669892373, "stance_attribution": 0.0009164979923489984, "tweet_id": 581380854875820032, "text": "@twita_to @ashwinkr88 http://t.co/TwaOXbqWhr", "type": "lower_reply"}, {"index": 15, "attribution": 0.0008659506604677995, "content_attribution": 0.0008374815658361905, "stance_attribution": 2.846909463160904e-05, "tweet_id": 581380901503897600, "text": "@twita_to @ashwinkr88 http://t.co/tX8d1hnA6v", "type": "lower_reply"}, {"index": 2, "attribution": -0.0031470036381337553, "content_attribution": 0.0004597851921203563, "stance_attribution": -0.0036067888302541108, "tweet_id": 581447003512672256, "text": "@twita_to @AyatBak  Zaza , E slam  and it's followers are the Cartoons...... Hari om", "type": "lower_reply"}]}