{"thread_id": "581387966125248512", "gold_label": 2, "predicted_label": 0, "tweet_attributions": [{"index": 0, "attribution": 0.263483183297736, "content_attribution": 0.011601879822253401, "stance_attribution": 0.25188130347548265, "tweet_id": 581387966125248512, "text": "NEWS #Germanwings co-pilot Andreas Lubitz had serious depressive episode (Bild newspaper) #4U9525 http://t.co/BV21WXdxdb", "type": "source"}, {"index": 2, "attribution": 0.07492382479445178, "content_attribution": -9.492203754455779e-05, "stance_attribution": 0.07501874683199633, "tweet_id": 581478582955962368, "text": "@airlivenet Never trust @BILD", "type": "direct_reply"}, {"index": 1, "attribution": 0.018948482100688235, "content_attribution": -0.01877850497163191, "stance_attribution": 0.03772698707232015, "tweet_id": 581394943262003200, "text": "@BlarryOfficial @airlivenet absolutely! Well said....", "type": "lower_reply"}, {"index": 4, "attribution": 0.004637871748679049, "content_attribution": 0.0015015607222048134, "stance_attribution": 0.0031363110264742327, "tweet_id": 581388999920586752, "text": "@airlivenet Bild newspaper is yellow press and not a source of reliable information.", "type": "direct_reply"}, {"index": 3, "attribution": 0.0019850904238059206, "content_attribution": -0.0038580487610711703, "stance_attribution": 0.005843139184877095, "tweet_id": 581389841021181952, "text": "@airlivenet Was he a gamer?", "type": "direct_reply"}, {"index": 6, "attribution": 0.00026937524570637243, "content_attribution": 0.010352462679121276, "stance_attribution": -0.010083087433414907, "tweet_id": 581389559709245440, "text": "@airlivenet If you want to be reliable never requote \"Bild\". NEVER EVER!", "type": "direct_reply"}, {"index": 5, "attribution": -0.016655827294677964, "content_attribution": 0.0015251783985735425, "stance_attribution": -0.018181005693251512, "tweet_id": 581388533472063488, "text": "@airlivenet Correction: \"@BILD\" is not a newspaper, it's barely comfortable toilet paper at best.", "type": "direct_reply"}]}