{"thread_id": "581303989406314496", "gold_label": 1, "predicted_label": 0, "tweet_attributions": [{"index": 0, "attribution": 0.2964787486585039, "content_attribution": 0.03616671885549909, "stance_attribution": 0.2603120298030048, "tweet_id": 581303989406314496, "text": "BREAKING: Co-pilot was Muslim convert http://t.co/owHYZXnVN9", "type": "source"}, {"index": 1, "attribution": 0.09935923947419023, "content_attribution": 0.005187530637258048, "stance_attribution": 0.09417170883693218, "tweet_id": 581969103579000832, "text": "@GR8_2B_alive Big Surprise, Huh? So far have heard nothing on the news, but haven't been watching today.#MuslimConvert", "type": "direct_reply"}, {"index": 10, "attribution": 0.09866873456602364, "content_attribution": 0.022656600807280523, "stance_attribution": 0.0760121337587431, "tweet_id": 581483833004032000, "text": "@GR8_2B_alive Nothing released up to this point suggests that. His family&amp;friends say he had a hard battle with depression though. We'll see", "type": "direct_reply"}, {"index": 13, "attribution": 0.025590772834394503, "content_attribution": 0.005682556455528439, "stance_attribution": 0.019908216378866066, "tweet_id": 582332595867901952, "text": "@GR8_2B_alive @nsroundtable Oh theyve been hiding that fact till now? Masking it w/stuff like eyesight prob./depression?/no1 can be trusted.", "type": "direct_reply"}, {"index": 8, "attribution": 0.010430125534127928, "content_attribution": 0.0007348401661048847, "stance_attribution": 0.009695285368023044, "tweet_id": 581306385247293440, "text": "@GR8_2B_alive Too early to make this an issue... Possibly Airbus distracting from a design flaw? Don't trust early reports.", "type": "direct_reply"}, {"index": 2, "attribution": 0.010233282110281936, "content_attribution": 0.004795792965963801, "stance_attribution": 0.005437489144318134, "tweet_id": 581322366069923840, "text": "@GR8_2B_alive #ReligionOfPeace", "type": "direct_reply"}, {"index": 4, "attribution": 0.007463320871067947, "content_attribution": -0.001902996700114758, "stance_attribution": 0.009366317571182703, "tweet_id": 581428022483542017, "text": "@GR8_2B_alive \nGood News- Muslim co-pilot is dead\nBad News -  Others are dead too", "type": "direct_reply"}, {"index": 3, "attribution": 0.006903242372518895, "content_attribution": -0.009901215202628185, "stance_attribution": 0.016804457575147078, "tweet_id": 581307187793956864, "text": "@GR8_2B_alive The common denominator for wholesale death &amp; destruction, Muslim. DBM=death by Muslim.", "type": "direct_reply"}, {"index": 11, "attribution": 0.000930557400885639, "content_attribution": -0.0016540073286227485, "stance_attribution": 0.002584564729508387, "tweet_id": 581332105390637056, "text": "@GR8_2B_alive it makes the most sense thus far", "type": "direct_reply"}, {"index": 7, "attribution": -0.0029526402595016895, "content_attribution": -0.00041670995792869, "stance_attribution": -0.0025359303015729997, "tweet_id": 581305382099779584, "text": "@GR8_2B_alive\r\r It makes sense because Obama is flying America into the side of a mountain.", "type": "direct_reply"}, {"index": 12, "attribution": -0.004428495792724939, "content_attribution": 0.0019896237371838854, "stance_attribution": -0.006418119529908824, "tweet_id": 581845397427064832, "text": "@GR8_2B_alive @nsroundtable May be true but evidence on that site thin.  Facebook page with 1 \"like\" looks fake.", "type": "direct_reply"}, {"index": 6, "attribution": -0.008382219875680393, "content_attribution": -0.0027556727857935117, "stance_attribution": -0.005626547089886877, "tweet_id": 581307433680670721, "text": "@GR8_2B_alive Read that story. Follow the links.There is no actual evidence at this point. I will wait for real confirmation.", "type": "direct_reply"}, {"index": 9, "attribution": -0.013857481981970628, "content_attribution": -0.016565599441365746, "stance_attribution": 0.002708117459395122, "tweet_id": 581491068991979520, "text": "@ANON_Activist_0 @GR8_2B_alive By this point in time, I believe there would be people who would have confirmed that he was a mosque member.", "type": "lower_reply"}, {"index": 5, "attribution": -0.01409743747814824, "content_attribution": -0.013427541451021426, "stance_attribution": -0.0006698960271268148, "tweet_id": 581338972854448129, "text": "@GR8_2B_alive #workplaceviolence", "type": "direct_reply"}]}