{"thread_id": "581303832895885312", "gold_label": 1, "predicted_label": 1, "tweet_attributions": [{"index": 3, "attribution": 0.7353830689601162, "content_attribution": 0.03145191894808836, "stance_attribution": 0.7039311500120279, "tweet_id": 581305134283534337, "text": "@phyzal25 might want to delete that tweet. He was a convert", "type": "direct_reply"}, {"index": 4, "attribution": 0.1720221921275023, "content_attribution": 0.022259980687226708, "stance_attribution": 0.14976221144027563, "tweet_id": 581470074386558976, "text": "\u201c@JeremyAEllis: @phyzal25 might want 2 delete that tweet.He was a convert\u201d no such evidence 2 support allegation.u might wanna delete this \ud83d\ude0c", "type": "lower_reply"}, {"index": 2, "attribution": 0.029137107615509077, "content_attribution": 0.005145059252587325, "stance_attribution": 0.023992048362921754, "tweet_id": 581312327640752128, "text": "@phyzal25 Unfortunately, today it is a common indicator. For me, if he had a Basque surname I'd also be suspicious.", "type": "direct_reply"}, {"index": 1, "attribution": 0.009499986582613733, "content_attribution": 0.009130535102114642, "stance_attribution": 0.0003694514804990943, "tweet_id": 581306428553437186, "text": "@JeremyAEllis says who? Can anyone with authority verify that info?", "type": "lower_reply"}, {"index": 0, "attribution": -0.22478787484299606, "content_attribution": 0.008869996014465635, "stance_attribution": -0.2336578708574617, "tweet_id": 581303832895885312, "text": "The #Germanwings co-pilot was not a Muslim, so he could not have been a terrorist. He was depressed. \ud83d\ude12 http://t.co/ySZzpYHuWB", "type": "source"}]}