{"thread_id": "581386094337474560", "gold_label": 2, "predicted_label": 1, "tweet_attributions": [{"index": 1, "attribution": 0.7203992642114067, "content_attribution": 0.002902519821034878, "stance_attribution": 0.7174967443903718, "tweet_id": 581573165492523008, "text": "@USATODAY @khjelmgaard #AndreasLubitz #GermanWings #A320 #DrEd #splitup with #girlfriend one day before crash http://t.co/D9MWIenFHP", "type": "direct_reply"}, {"index": 10, "attribution": 0.10315506167883262, "content_attribution": 0.008518720417151716, "stance_attribution": 0.09463634126168088, "tweet_id": 581576082362478595, "text": "@tinkalee_12 @USATODAY @khjelmgaard #F4Phantom #crash #500mph #hit #ConcreteWall #DrEd https://t.co/wOhFk6288U From https://t.co/5O1bfTYft3", "type": "lower_reply"}, {"index": 8, "attribution": 0.053526985179019, "content_attribution": 0.016303246445494725, "stance_attribution": 0.03722373873352428, "tweet_id": 581575879928590336, "text": "@tinkalee_12 @USATODAY @khjelmgaard My 2nd source is confirm 4 me French media is reporting 2fer Unverified #DrEd http://t.co/jOYHr0pPBd", "type": "lower_reply"}, {"index": 4, "attribution": 0.031687574071690455, "content_attribution": 0.0004007311548536521, "stance_attribution": 0.0312868429168368, "tweet_id": 581389448908300288, "text": "@USATODAY Col @OliverNorthFNC, military like you &amp; Gens J Keane have to say to Obama: \"You have to bomb the Iran's nuclear facilities.\"", "type": "direct_reply"}, {"index": 9, "attribution": 0.02581533766768941, "content_attribution": 0.0004898474404498091, "stance_attribution": 0.0253254902272396, "tweet_id": 582048059606994944, "text": "@USATODAY @khjelmgaard ers a link to prove @AndreasLubitz27 intentionally set out to kill http://t.co/jDawh1xh9q", "type": "direct_reply"}, {"index": 5, "attribution": 0.018279092226501766, "content_attribution": 0.00019060484852402002, "stance_attribution": 0.018088487377977747, "tweet_id": 582205500709867520, "text": "@USATODAY @khjelmgaard Sure #GermanWings CoPilot #AndreasLubitz #NewMotive #DeadVisitorWalking #DrEd https://t.co/LLiUd9Ftov", "type": "direct_reply"}, {"index": 3, "attribution": 0.010916014601460553, "content_attribution": 0.0012678914571176967, "stance_attribution": 0.009648123144342855, "tweet_id": 581387026777260032, "text": "@usatoday @khjelmgaard davvero?! Effettivamente viviamo in un mondo fantastico, chi di noi si deprime mai!", "type": "direct_reply"}, {"index": 11, "attribution": 0.00870289351643002, "content_attribution": 0.0024841433717786294, "stance_attribution": 0.006218750144651392, "tweet_id": 581501991005863936, "text": "@USATODAY best follow I ever did", "type": "direct_reply"}, {"index": 7, "attribution": 0.0014843989018806791, "content_attribution": -0.0009809303645623205, "stance_attribution": 0.0024653292664430053, "tweet_id": 581574401411457024, "text": "@EdWardMDBlog @USATODAY @khjelmgaard all rumors.not confirmed at all", "type": "lower_reply"}, {"index": 6, "attribution": -0.003042314277844274, "content_attribution": 0.0014476394122237082, "stance_attribution": -0.004489953690067983, "tweet_id": 581573267829342208, "text": "@USATODAY @khjelmgaard \n #A320 #PilotsNoFlyNoseDoors http://t.co/zmhXh54CLz #OffCourse #Barcelona2Dusseldorf #DrEd http://t.co/uBwbqAm0Jn", "type": "direct_reply"}, {"index": 2, "attribution": -0.014904925169734538, "content_attribution": 0.00011731153778047346, "stance_attribution": -0.01502223670751501, "tweet_id": 581389712063008768, "text": "@USATODAY @khjelmgaard Him and millions of others no doubt but WHAT tipped him six years later to commit such an atrocious act??", "type": "direct_reply"}, {"index": 0, "attribution": -0.11596323950013453, "content_attribution": 0.0016376876709968818, "stance_attribution": -0.11760092717113141, "tweet_id": 581386094337474560, "text": "RT @khjelmgaard: German media reporting #AndreasLubitz had a 'serious depressive episode' six years ago http://t.co/MUdmHPz2ro #Germanwings", "type": "source"}]}