{"thread_id": "581386155083620352", "gold_label": 2, "predicted_label": 0, "tweet_attributions": [{"index": 0, "attribution": 0.5948701688599336, "content_attribution": 0.024131991957242818, "stance_attribution": 0.5707381769026909, "tweet_id": 581386155083620352, "text": "Andreas Lubitiz was 'deemed unsuitable for flight duties' during  training #Germanwings http://t.co/nk5GGyuxaa http://t.co/HQpKZD4DSI", "type": "source"}, {"index": 6, "attribution": 0.03372603153848029, "content_attribution": -0.00034716071006265494, "stance_attribution": 0.03407319224854295, "tweet_id": 581388540015149056, "text": "@Independent http://t.co/aLgn6mKMil #Germanwings Why not have a pincode on each flight so that flight crew can access the cockpit?", "type": "direct_reply"}, {"index": 1, "attribution": 0.02417184832039797, "content_attribution": 0.001639495130414285, "stance_attribution": 0.022532353189983687, "tweet_id": 581403397183680512, "text": "@Independent SHAME ON OUR SOCIETY ! This was a mental ill man and Lufhansa knew that ! They are the murderers who didn't protect him !!!", "type": "direct_reply"}, {"index": 4, "attribution": 0.01335068703989707, "content_attribution": -0.005809419314301471, "stance_attribution": 0.019160106354198538, "tweet_id": 581388020814897152, "text": "@Independent BTW you messed the name up, which also goes to shows how unnecessary it is to print the real name.", "type": "lower_reply"}, {"index": 5, "attribution": 0.007868303175926005, "content_attribution": -0.00020387322486621498, "stance_attribution": 0.00807217640079222, "tweet_id": 581397453095583744, "text": "@Independent love stories,songs lyrics,heart touching status: Punjabian Da King  song Dil chandre http://t.co/ALjzBJzObT", "type": "direct_reply"}, {"index": 9, "attribution": 0.0013657791096462187, "content_attribution": 0.004565701739589978, "stance_attribution": -0.003199922629943759, "tweet_id": 581404016472621056, "text": "@Independent Feel so sorry for everyone concerned.So many issues arising from this.Seriously raises mental health to fore.Did airline 1 of 2", "type": "direct_reply"}, {"index": 2, "attribution": 0.001195963365384062, "content_attribution": 0.0014388679958181397, "stance_attribution": -0.00024290463043407772, "tweet_id": 581391773349597184, "text": "@Independent He was Directing his own18min horror movie with his\"audience\"behind and\"widescreen\"up front.He musthave weird DVD collectn !", "type": "direct_reply"}, {"index": 8, "attribution": -0.0011119412149345578, "content_attribution": -0.0008314721795941809, "stance_attribution": -0.00028046903534037796, "tweet_id": 581404643533709312, "text": "@Independent force him back to work too early?Could stigmatise sufferers.Will some professions be deemed off limits for sufferers? #kneejerk", "type": "direct_reply"}, {"index": 3, "attribution": -0.0022662967999135114, "content_attribution": -0.0022748602519865185, "stance_attribution": 8.56345207300561e-06, "tweet_id": 581387629138169857, "text": "@Independent he was a terrorist who killed innocents  but u won't call him that because he was white and not a Muslim .", "type": "direct_reply"}, {"index": 7, "attribution": -0.45992937875700735, "content_attribution": -0.0082278597825431, "stance_attribution": -0.4517015189744642, "tweet_id": 581386711357325312, "text": "@Independent By printing the full name you inflict serious harm on his family and his relatives. This is really disgusting!", "type": "direct_reply"}]}