{"thread_id": "581405344288608256", "gold_label": 1, "predicted_label": 0, "tweet_attributions": [{"index": 0, "attribution": 0.3214255424329102, "content_attribution": -0.00785032674772614, "stance_attribution": 0.32927586918063634, "tweet_id": 581405344288608256, "text": "Just had an emergency meeting at Ansar, Ansar &amp; Ansar Lawyers about how to discredit the news the Germanwings co-pilot was a Muslim convert", "type": "source"}, {"index": 3, "attribution": 0.022064610639133425, "content_attribution": 0.004028632074749922, "stance_attribution": 0.018035978564383503, "tweet_id": 581462839833030656, "text": "@BoringMoAnsar @JihadistJoe http://t.co/fCYUUE3VGX", "type": "direct_reply"}, {"index": 2, "attribution": 0.015719313667987282, "content_attribution": -0.004392070886719582, "stance_attribution": 0.020111384554706867, "tweet_id": 581581473435750402, "text": "@BoringMoAnsar @JihadistJoe You got a job on your hands: http://t.co/SJUaGH3ewv", "type": "direct_reply"}, {"index": 4, "attribution": -0.004299601423546397, "content_attribution": 0.0009311262790365924, "stance_attribution": -0.005230727702582991, "tweet_id": 581467762922385408, "text": "@BoringMoAnsar @JihadistJoe did Mohammed Mohammed &amp; Mohammed get the paralegal stuff outta the way? propaganda is key or is Ali Ali &amp; Ali on", "type": "direct_reply"}, {"index": 5, "attribution": -0.012524067095398259, "content_attribution": -0.002880148646668912, "stance_attribution": -0.00964391844872934, "tweet_id": 581462319835815936, "text": "@BoringMoAnsar @JihadistJoe hahaha", "type": "direct_reply"}, {"index": 1, "attribution": -0.02360155638321324, "content_attribution": -0.009190006791635584, "stance_attribution": -0.014411549591577658, "tweet_id": 581465191361032195, "text": "@BoringMoAnsar @JihadistJoe. He sure acted like a  Muslim Islamic jihadist.  No question. http://t.co/S6jEQTMWrg", "type": "direct_reply"}]}