{"thread_id": "581473088249958400", "gold_label": 1, "predicted_label": 0, "tweet_attributions": [{"index": 0, "attribution": 0.27234924331896276, "content_attribution": -0.004819568111683806, "stance_attribution": 0.27716881143064653, "tweet_id": 581473088249958400, "text": "GERMAN NEWS REPORT: Co-Pilot of Germanwings Airbus Was MUSLIM CONVERT \u2026\u2019Hero of Islamic State\u2019? http://t.co/Pw2kxje31m via @gatewaypundit", "type": "source"}, {"index": 6, "attribution": 0.06604809845516901, "content_attribution": 0.017289967689670754, "stance_attribution": 0.048758130765498266, "tweet_id": 581474582302949376, "text": "@jjauthor @gatewaypundit Hmmm.Doesn't pundit mean joke? I haven't seen this on news.", "type": "direct_reply"}, {"index": 7, "attribution": 0.051630091562179785, "content_attribution": 0.002577642641393252, "stance_attribution": 0.049052448920786536, "tweet_id": 581482916645076993, "text": "@jjauthor @DesireeAaron @gatewaypundit this is not a surprise.", "type": "direct_reply"}, {"index": 3, "attribution": 0.033343872102631004, "content_attribution": 0.0149929363537953, "stance_attribution": 0.018350935748835704, "tweet_id": 581473546200707073, "text": "@jjauthor @gatewaypundit i knew that scarf he was wearing in that photo meant trouble!", "type": "direct_reply"}, {"index": 4, "attribution": 0.015696414773029903, "content_attribution": -0.009030088679063955, "stance_attribution": 0.024726503452093863, "tweet_id": 581473907275915264, "text": "@jjauthor @gatewaypundit terrorism", "type": "direct_reply"}, {"index": 1, "attribution": 0.015541460305851549, "content_attribution": -0.00268361444566519, "stance_attribution": 0.01822507475151674, "tweet_id": 581506195304775681, "text": "@jjauthor @gatewaypundit MSM refuses to say muslim. Just a mental case. As are all muslim/jihads.", "type": "direct_reply"}, {"index": 2, "attribution": 0.003455693014701987, "content_attribution": -0.0008089033836349053, "stance_attribution": 0.004264596398336894, "tweet_id": 581478014531203072, "text": "@jjauthor @gatewaypundit Isn't Islam a wonderfully peaceful religion? I wonder how Iran will do with all of the peaceful centrifuges O gave?", "type": "direct_reply"}, {"index": 5, "attribution": -0.0026197701470295383, "content_attribution": 0.0037265954494365592, "stance_attribution": -0.006346365596466097, "tweet_id": 581473799398359040, "text": "@jjauthor @gatewaypundit. I knew it! Those crazy bastards are the only ones evil enough to do shit like that!", "type": "direct_reply"}]}