{"thread_id": "581479017770979329", "gold_label": 1, "predicted_label": 1, "tweet_attributions": [{"index": 7, "attribution": 0.6719673450684054, "content_attribution": 0.025929913292264146, "stance_attribution": 0.6460374317761413, "tweet_id": 581555902874038272, "text": "@zfnd Someone told me they read it, don't know where.", "type": "lower_reply"}, {"index": 4, "attribution": 0.4059980026659412, "content_attribution": 0.019694462573056473, "stance_attribution": 0.38630354009288476, "tweet_id": 581557144446599168, "text": "@suspensewriter7 wow lol, stating unconfirmed information like that is pretty irresponsible if not unethical.", "type": "lower_reply"}, {"index": 2, "attribution": 0.23366016877259815, "content_attribution": 0.013384788864194181, "stance_attribution": 0.22027537990840396, "tweet_id": 581555750209617921, "text": "@suspensewriter7 what are these \"reports\"", "type": "lower_reply"}, {"index": 8, "attribution": 0.15158815427012354, "content_attribution": 0.005362900784320517, "stance_attribution": 0.146225253485803, "tweet_id": 581547032063561728, "text": "@ImHaytham He doesn't have to be brown to be a Muslim terrorist. Reports are coming out he converted to Islam.", "type": "direct_reply"}, {"index": 20, "attribution": 0.08986616682645407, "content_attribution": 0.010262757335426585, "stance_attribution": 0.07960340949102748, "tweet_id": 581552633128845315, "text": "@zfnd Not yet", "type": "lower_reply"}, {"index": 15, "attribution": 0.015825080777422847, "content_attribution": 0.0017929099422563373, "stance_attribution": 0.014032170835166505, "tweet_id": 581559014640746496, "text": "@zfnd Premature on my part. I'm not a reporter. People say false things all the time without knowing it.", "type": "lower_reply"}, {"index": 1, "attribution": 0.007993300060467497, "content_attribution": -9.592299428197128e-05, "stance_attribution": 0.008089223054749467, "tweet_id": 581512091560865792, "text": "@ImHaytham @MuslimMatters Blame whitey is a great way to escape taking responsibility, Media Bigotry is a disgrace but so is reverse racism", "type": "direct_reply"}, {"index": 19, "attribution": 0.0052890405851810235, "content_attribution": 0.0004121517019237593, "stance_attribution": 0.0048768888832572636, "tweet_id": 581485094000586752, "text": "@ImHaytham All that whinning is annoying.. Killing in the name of religion or politics is terrorism. Which rel. or pol. belief doesnt matter", "type": "direct_reply"}, {"index": 18, "attribution": 0.004316894942069089, "content_attribution": 0.0009646635369806178, "stance_attribution": 0.003352231405088472, "tweet_id": 581495758685360128, "text": "@ImHaytham  they've evidently looked for a link to terrorism &amp; not found one", "type": "direct_reply"}, {"index": 6, "attribution": 0.0024970933995857843, "content_attribution": -0.0005544043645037789, "stance_attribution": 0.0030514977640895627, "tweet_id": 581479945412743168, "text": "@ImHaytham @MuslimMatters Lubitz is a jewish surname.", "type": "direct_reply"}, {"index": 14, "attribution": -7.754016770366136e-06, "content_attribution": 0.00021940808586354767, "stance_attribution": -0.00022716210263391346, "tweet_id": 581495813160996864, "text": "@ImHaytham  I don't think they'd keep it secret if he had been one", "type": "direct_reply"}, {"index": 10, "attribution": -0.0001744966223983657, "content_attribution": -4.8299162545990956e-05, "stance_attribution": -0.00012619745985237475, "tweet_id": 581487161301585921, "text": "@ImHaytham @MuslimMatters excuse me all muslims aren't \"brown\". Some of us are quite white", "type": "direct_reply"}, {"index": 3, "attribution": -0.00029851802935697, "content_attribution": 0.0003422553813793361, "stance_attribution": -0.0006407734107363062, "tweet_id": 581533600388018176, "text": "@ImHaytham You're implying that all muslims are mental cases or?", "type": "direct_reply"}, {"index": 12, "attribution": -0.0014801982949223344, "content_attribution": 0.0008331399370128685, "stance_attribution": -0.0023133382319352027, "tweet_id": 581553348555485184, "text": "@ImHaytham Not all Muslims are brown!! If he was white&amp;Muslim he would get the same treatment as if he was brown&amp;Muslim.", "type": "direct_reply"}, {"index": 17, "attribution": -0.0024730169780059633, "content_attribution": 0.0031313136860179488, "stance_attribution": -0.005604330664023913, "tweet_id": 581550790684209152, "text": ".@suspensewriter7 then clearly he's definitely a terrorist! Hurry, let's forget about his \"mental health issues.\"I rest my case!", "type": "lower_reply"}, {"index": 9, "attribution": -0.002850595503652401, "content_attribution": -6.948506041509337e-05, "stance_attribution": -0.0027811104432373074, "tweet_id": 581485327304540160, "text": "@ImHaytham I disagree with your assessment.", "type": "direct_reply"}, {"index": 11, "attribution": -0.0035929845474698702, "content_attribution": 0.0006136312099599276, "stance_attribution": -0.004206615757429798, "tweet_id": 581511194491621377, "text": "@ImHaytham @MuslimMatters does that mean that all the people that are blamed are mental?", "type": "direct_reply"}, {"index": 16, "attribution": -0.005917856062265055, "content_attribution": 0.0007874776583657515, "stance_attribution": -0.006705333720630807, "tweet_id": 581492212678062081, "text": "@ImHaytham @MuslimMatters true....", "type": "direct_reply"}, {"index": 13, "attribution": -0.007762736497608303, "content_attribution": -0.00022588973361309996, "stance_attribution": -0.0075368467639952, "tweet_id": 581483104327446528, "text": "@ImHaytham  well said..!!", "type": "direct_reply"}, {"index": 5, "attribution": -0.008623745542610087, "content_attribution": 0.0001315114124423725, "stance_attribution": -0.008755256955052457, "tweet_id": 581552451729240064, "text": "@suspensewriter7 I haven't seen any news reports on that? Do u have an links", "type": "lower_reply"}, {"index": 0, "attribution": -0.045381042433933684, "content_attribution": 0.005222207973863474, "stance_attribution": -0.05060325040779715, "tweet_id": 581479017770979329, "text": "If the #Germanwings copilot #Lubitz was Muslim,it wud hv been a classic terrorism case.But hes not brown,so clearly it a mental heath issue!", "type": "source"}]}